Price,Close,High,Low,Open,Volume
Ticker,AAPL,AAPL,AAPL,AAPL,AAPL
Date,,,,,
2000-01-03,0.8384958505630493,0.8427091688794565,0.7617155551606701,0.7855924924674266,535796800
2000-01-04,0.767802357673645,0.8286641530267459,0.7579705468501174,0.8108739120933899,512377600
2000-01-05,0.7790377140045166,0.8281959662979392,0.7715474418129616,0.7771651334550886,778321600
2000-01-06,0.7116212248802185,0.8015104122570126,0.7116212248802185,0.7949564038532123,767972800
2000-01-07,0.7453297972679138,0.7565660804117029,0.7153670589686022,0.7228573309926467,460734400
2000-01-10,0.7322211861610413,0.7659290947993335,0.7097487136697062,0.7640565137738123,505064000
2000-01-11,0.6947672367095947,0.7443936536403168,0.6779133093017801,0.7186441797712864,441548800
2000-01-12,0.6531001329421997,0.715367211015969,0.6479496978486348,0.7116211991000301,976068800
2000-01-13,0.7247297167778015,0.7397111079390053,0.6928944043279122,0.7077583310531427,1032684800
2000-01-14,0.7523519992828369,0.7659289212290572,0.7443935692324917,0.7490749957323325,390376000
2000-01-18,0.778569757938385,0.7940201131713306,0.7523521249578253,0.7565662446144601,459177600
2000-01-19,0.7982332706451416,0.8146190889326328,0.7743563296549217,0.7912103056067139,597643200
2000-01-20,0.8502005338668823,0.910126022971567,0.8502005338668823,0.8651818811399705,1831132800
2000-01-21,0.8338146805763245,0.8558182441758555,0.8253872912646885,0.8558182441758555,495924800
2000-01-24,0.7958927154541016,0.8445819707897041,0.7874652760132277,0.8122784864760584,440876800
2000-01-25,0.840836763381958,0.8473916715102114,0.7668661438418511,0.7865289679923391,497145600
2000-01-26,0.8253872394561768,0.8553500327508506,0.822110285530002,0.8239828163431979,367158400
2000-01-27,0.8239827156066895,0.8464552328826968,0.80151024833684,0.8150871702051794,340144000
2000-01-28,0.7612476348876953,0.8305368803500791,0.7537573611100963,0.8104059475964072,423348800
2000-01-31,0.7771652936935425,0.7781016091643873,0.7078760986228451,0.7565662533226218,701680000
2000-02-01,0.7509475946426392,0.7865289295850111,0.7490750638772812,0.7790378064003267,318035200
2000-02-02,0.7401794195175171,0.7649926241380232,0.7266024481294054,0.7546935062688737,464195200
2000-02-03,0.7738881707191467,0.7809111352922345,0.7509474965714127,0.7514156542046936,475193600
2000-02-04,0.8090014457702637,0.8239827919682607,0.7762289571143168,0.7785696955708141,425320000
2000-02-07,0.8544137477874756,0.8558182209566707,0.7935519436287158,0.8090014985330212,441067200
2000-02-08,0.8605002760887146,0.869863028083186,0.8333463350635588,0.8539453695719904,408643200
2000-02-09,0.8436455726623535,0.877354327000439,0.842241199584449,0.8548818574458239,299364800
2000-02-10,0.8502005338668823,0.8530093802113176,0.823982851098899,0.8455190566179356,302982400
2000-02-11,0.8146189451217651,0.8548816472854363,0.8108737844808376,0.8511364866445088,212251200
2000-02-14,0.8675223588943481,0.8679905165066835,0.8136826832850124,0.8188322670022398,367539200
2000-02-15,0.8913992643356323,0.8984222283353146,0.862840950951014,0.8633091085460712,485744000
2000-02-16,0.8548819422721863,0.8848455380218126,0.8399005944528836,0.8820358914762826,378246400
2000-02-17,0.8605002760887146,0.8651816520859503,0.8473914631783214,0.8628409640873325,289497600
2000-02-18,0.8333465456962585,0.864245555324167,0.8305368492806936,0.8586278627026608,233441600
2000-02-22,0.8525410890579224,0.8759498718117039,0.7991695164349704,0.8249190374468871,422296000
2000-02-23,0.8707996010780334,0.8913995417955967,0.8314731507046983,0.8482105150269251,473099200
2000-02-24,0.8629575967788696,0.8923356120788636,0.837091463656049,0.8787586412776894,376432000
2000-02-25,0.826791524887085,0.8764179837151168,0.8249189943857136,0.8600321666834613,249144000
2000-02-28,0.8483278751373291,0.8614366910882704,0.8118103235429753,0.8249191394939166,328328000
2000-02-29,0.8586277365684509,0.8782905579661907,0.8431774339255319,0.850668456414963,368961600
2000-03-01,0.9761382937431335,0.9892471105422413,0.8876543804231665,0.8881225381642296,1077003200
2000-03-02,0.9138720631599426,0.958348151088088,0.9040402500072884,0.9513259846192325,311259200
2000-03-03,0.9588159322738647,0.9605719484431777,0.8988904553206153,0.9354071506032167,323366400
2000-03-06,0.9414936304092407,0.9672430928532383,0.9363431978541126,0.9438343178829334,210560000
2000-03-07,0.9204256534576416,0.9546025550295664,0.9073168419126502,0.9471114341010465,273011200
2000-03-08,0.9138720631599426,0.9283853539626141,0.8881225859182502,0.9204260718625624,271230400
2000-03-09,0.9157446026802063,0.9363436423476871,0.8857818085500373,0.9054446327909782,276718400
2000-03-10,0.9419626593589783,0.9583484869569326,0.9063812564822086,0.9115316938022409,248606400
2000-03-13,0.908721387386322,0.9475796675814845,0.8951444172000225,0.9148080361422832,303956800
2000-03-14,0.8558183312416077,0.9307260768932727,0.8539457001080312,0.9080194742813876,428579200
2000-03-15,0.8707996010780334,0.9007631966728231,0.8548819378545915,0.8661182236949283,443609600
2000-03-16,0.9105939865112305,0.9138717899814498,0.857690574543254,0.8787586678495046,378100800
2000-03-17,0.9363436698913574,0.9363436698913575,0.8960809046875832,0.8998269666519045,305043200
2000-03-20,0.9213623404502869,0.9457073431528588,0.9166808630387977,0.9251083024756949,204489600
2000-03-21,1.010783076286316,1.024359946912574,0.9110629057756892,0.9180850698490101,524328000
2000-03-22,1.080072283744812,1.0814775567688513,0.9855017397601664,0.9946313638438206,567996800
2000-03-23,1.0585368871688843,1.1264216425816245,1.0487050770469495,1.0636864209854193,562564800
2000-03-24,1.0388737916946411,1.078200251949002,1.0149968408047332,1.0669639632854755,446913600
2000-03-27,1.0454281568527222,1.0842864427106087,1.0252963773857717,1.030914969381886,279182400
2000-03-28,1.0421512126922607,1.0636865662541393,1.0271689665968633,1.028105281968583,202966400
2000-03-29,1.0182743072509766,1.0444919387013107,1.0024732596951684,1.0440238810109284,239836800
2000-03-30,0.9419626593589783,1.0313836243945826,0.9396218697074316,1.0004838008209065,414400000
2000-03-31,1.0173383951187134,1.0281056254413474,0.9438350135620603,0.9546031439959058,404633600
2000-04-03,0.9986109137535095,1.0449603372252867,0.9695844294098114,1.0149967371615867,328563200
2000-04-04,0.9536663889884949,0.99626983314439,0.8745453497978654,0.9934609873971089,660329600
2000-04-05,0.9766071438789368,0.9953336514809014,0.9288533593472698,0.9473457380983558,457665600
2000-04-06,0.937748908996582,1.0075063089351515,0.9232348196483996,0.9784798304483946,259627200
2000-04-07,0.986906111240387,0.987842326415523,0.9400893517453585,0.953198164418731,242435200
2000-04-10,0.9363436698913574,0.9943975290926533,0.9344711389708644,0.9864382475541391,212262400
2000-04-11,0.8946764469146729,0.9354072659884961,0.8843764776962515,0.9251081968809913,541822400
2000-04-12,0.8183642029762268,0.891399399172687,0.7855926162973729,0.891399399172687,941136000
2000-04-13,0.8525410890579224,0.8988904969126268,0.8127464884171377,0.8352190058713601,529827200
2000-04-14,0.8380279541015625,0.8839083598008347,0.8164916993172673,0.8188324378612127,667620800
2000-04-17,0.9279170036315918,0.9283851613006738,0.8169597855848545,0.8202376393608268,409561600
2000-04-18,0.9503894448280334,0.9503894448280334,0.8942082258527129,0.9251081313180841,390924800
2000-04-19,0.9073172211647034,0.9756701527689291,0.8970172506226343,0.9452392990028625,520150400
2000-04-20,0.8904626965522766,0.9344705981394907,0.8768857300977135,0.9265121213056686,722120000
2000-04-24,0.9026357531547546,0.9026357531547546,0.8595641444215971,0.8614366752178598,443620800
2000-04-25,0.9611567258834839,0.9644345294066423,0.9143399623750416,0.9148081200088948,391641600
2000-04-26,0.908721387386322,0.9588158498131139,0.8988903780136167,0.9485158827510494,366912000
2000-04-27,0.9494524002075195,0.9513258310688028,0.8732577108010885,0.8778224733128701,326603200
2000-04-28,0.9293212890625,0.9550708585466685,0.9087214534530066,0.9522620128091561,249580800
2000-05-01,0.9311941266059875,0.9372807771577841,0.9129357751479199,0.9354073461428766,226195200
2000-05-02,0.8829720616340637,0.945707296261751,0.8801632153313758,0.9232348256306283,236432000
2000-05-03,0.8619047403335571,0.9082533479906176,0.8361552693828619,0.8909312148349392,489798400
2000-05-04,0.8291324377059937,0.8633093519535031,0.828196122251888,0.8623730364993974,399515200
2000-05-05,0.8473916053771973,0.8595641051258609,0.829366434532963,0.8300686210479196,284076800
2000-05-08,0.8249191045761108,0.851604843053027,0.8239827891941991,0.839666371878193,184900800
2000-05-09,0.7898058891296387,0.8333464525025545,0.7855926201346817,0.8263234874062427,327140800
2000-05-10,0.7439253926277161,0.7865288379944552,0.7397112737823824,0.7795058733220095,535091200
2000-05-11,0.7701429128646851,0.7809110371382454,0.7415846007379006,0.7593748385972744,499744000
2000-05-12,0.8061926960945129,0.8277281038821349,0.7847731026000866,0.7940201938278194,306913600
2000-05-15,0.7565662264823914,0.8094695988994819,0.7500113683388492,0.8094695988994819,678932800
2000-05-16,0.7916784286499023,0.8169597415151222,0.7696749193776785,0.7829003478127369,440451200
2000-05-17,0.7593750357627869,0.7766971205452606,0.7518839125529805,0.7762289628492699,398092800
2000-05-18,0.7546936273574829,0.7860607938332331,0.7537573119425044,0.7715475548579173,373777600
2000-05-19,0.7041307687759399,0.7434572065249079,0.6994484927848983,0.7434572065249079,740667200
2000-05-22,0.6736992001533508,0.7022583707802116,0.6442045642071632,0.7022583707802116,755507200
2000-05-23,0.6428001523017883,0.6994486866292225,0.6413957291472437,0.6779133314860045,517585600
2000-05-24,0.6568452715873718,0.6722947772773863,0.6217320903912725,0.6456090356023995,678462400
2000-05-25,0.6536848545074463,0.6940650337025924,0.6442045855153742,0.6629319447467358,406750400
2000-05-26,0.647013247013092,0.6732308723638525,0.6385867103617541,0.659185744500889,181148800
2000-05-30,0.6559086441993713,0.6601219115797274,0.6123689476163782,0.6563767516819838,713059200
2000-05-31,0.6292232275009155,0.6835310774803343,0.6278188042367011,0.6507594344306824,433507200
2000-06-01,0.6676133871078491,0.6708903412563164,0.6020693035217747,0.6123692738224935,903840000
2000-06-02,0.693362832069397,0.7472025197599489,0.6666770420797317,0.7022583787675541,792848000
2000-06-05,0.6839990615844727,0.7134936950171571,0.6718265620588818,0.6989804571368977,323668800
2000-06-06,0.695703387260437,0.7247298602596107,0.6765087245030268,0.6889153516905941,525481600
2000-06-07,0.7233254313468933,0.7266024347006393,0.6863397289189539,0.7013219230196345,337019200
2000-06-08,0.710216760635376,0.7378388160812333,0.6975761022039996,0.7312848580621041,238526400
2000-06-09,0.7172397971153259,0.7336255677423884,0.7069398269646017,0.7247300207794601,252358400
2000-06-12,0.6830629110336304,0.7223893622521275,0.6807222222917743,0.7219212045012888,290337600
2000-06-13,0.7078759670257568,0.709280389964769,0.6605902943228507,0.6830627615564077,351456000
2000-06-14,0.6774449944496155,0.7209847010363666,0.6751042564741786,0.7092803110730521,277446400
2000-06-15,0.6919586062431335,0.6994488818264263,0.666677232190196,0.683531214859198,248572800
2000-06-16,0.6830629110336304,0.7022584289475581,0.6671452474681032,0.700384997845505,303564800
2000-06-19,0.7237936854362488,0.7331573892263746,0.6727628474461214,0.678381389759632,394004800
2000-06-20,0.7584388852119446,0.7785698705395228,0.7369026763985371,0.7378389419878465,501390400
2000-06-21,0.8333465456962585,0.853009369982508,0.7537573329129401,0.7565662292298587,490000000
2000-06-22,0.8052554130554199,0.8633092656929628,0.8024465669860906,0.8352190547840308,467712000
2000-06-23,0.7743565440177917,0.8183644267740068,0.7612477257392126,0.8057237662893275,204965600
2000-06-26,0.8108739256858826,0.8202376290171995,0.7809111851624042,0.786528877095906,185354400
2000-06-27,0.7752927541732788,0.8314731319802857,0.773420173258506,0.8057236567187067,203470400
2000-06-28,0.8155553340911865,0.8296004137160798,0.7715474646056015,0.7987014085622522,286428800
2000-06-29,0.767802357673645,0.808065066173723,0.7649926616492846,0.7949562517751979,203660800
2000-06-30,0.7846561074256897,0.8230462767120956,0.7743561412554374,0.791210113106688,323097600
2000-07-03,0.7987013459205627,0.8136826896697721,0.7809111064814543,0.7809111064814543,70828800
2000-07-05,0.7734200954437256,0.8267916215118791,0.7603112802667134,0.7977651450713801,265216000
2000-07-06,0.7762290835380554,0.7930838633499019,0.7434574896555517,0.7865290545129298,309545600
2000-07-07,0.8155553340911865,0.8211738760039571,0.7809111677278655,0.7879332824879678,263603200
2000-07-10,0.8558183312416077,0.8726731115795826,0.8052555904251907,0.8104060261289358,397796000
2000-07-11,0.8530092239379883,0.8876541894847269,0.8305367070837147,0.8539454392063951,357896000
2000-07-12,0.8820358514785767,0.8829720669101799,0.8445819335608977,0.8707995660897088,225433600
2000-07-13,0.8464552760124207,0.9082533890086191,0.8202376462258427,0.8764180671706797,445659200
2000-07-14,0.8642452955245972,0.8839081139000342,0.8520727984010674,0.8558179590270211,190276800
2000-07-17,0.8736094832420349,0.8810997082202657,0.8558183861948809,0.8726731676151246,260002400
2000-07-18,0.857690691947937,0.8820357919583919,0.8520729996880776,0.8764180996985325,318404800
2000-07-19,0.7893376350402832,0.8511365399470444,0.775292556668047,0.8267914940718868,457872800
2000-07-20,0.8258550763130188,0.8548815429179784,0.81087368548604,0.8239824962211673,465572800
2000-07-21,0.8024466037750244,0.8333465122746606,0.7930837497772368,0.8143850752248241,196235200
2000-07-24,0.7294122576713562,0.7921466403385828,0.7116211647335215,0.7874652133038553,412171200
2000-07-25,0.7500114440917969,0.7584388339494507,0.735030045533439,0.7537574063069722,211607200
2000-07-26,0.7500114440917969,0.7678025393393023,0.737838892117692,0.7467344397414448,210470400
2000-07-27,0.7790377140045166,0.7977650696896528,0.7472023944856984,0.7490749750351263,294985600
2000-07-28,0.7237936854362488,0.7865289156347653,0.7022583318625276,0.7832519118442673,237893600
2000-07-31,0.7612476348876953,0.7734201861319083,0.730348624103892,0.7364344246674094,155299200
2000-08-01,0.7387748956680298,0.7663969422957345,0.7378385805312342,0.7537570879981884,137284000
2000-08-02,0.7078759670257568,0.7481386749289212,0.7069397017351347,0.7340935954341182,162355200
2000-08-03,0.7191122174263,0.7200485327449332,0.6629318481297054,0.6825946198394777,339897600
2000-08-04,0.7097488045692444,0.7678026242643895,0.6938311387242383,0.7411168285463643,263121600
2000-08-07,0.7181762456893921,0.7350301783451211,0.7069400072172234,0.7172399799941919,187348000
2000-08-08,0.7003849744796753,0.7191123340179932,0.6938310162174263,0.7181760685537196,176674400
2000-08-09,0.7116212248802185,0.725666357276289,0.7078761129395955,0.7209849298458842,379640800
2000-08-10,0.7125574350357056,0.7256662500041747,0.7097485889939159,0.7191122425692251,251714400
2000-08-11,0.7144306898117065,0.7191121157243149,0.6825945233020718,0.7017900347486205,238056000
2000-08-14,0.7050673365592957,0.7144309924494481,0.6938310995096317,0.71302576898259,156660000
2000-08-15,0.6994486451148987,0.7181760029423152,0.6966397989725226,0.7078760336467879,114200800
2000-08-16,0.7266024947166443,0.7340936173888147,0.7013219809475163,0.7022582962722987,143673600
2000-08-17,0.7706111669540405,0.7855925612554283,0.7237936034252493,0.7247298686852367,270900000
2000-08-18,0.7490751147270203,0.7762290129391642,0.7472025338283825,0.7696750548031813,190176000
2000-08-21,0.7565662264823914,0.7724838889590547,0.743457410306281,0.752820214639402,134467200
2000-08-22,0.7743565440177917,0.7912105246352223,0.7546937666554823,0.7584388789881606,276802400
2000-08-23,0.8136827349662781,0.8202375920353066,0.7649926399816059,0.7710793394085639,236863200
2000-08-24,0.840602457523346,0.8483276073806175,0.7996375206187014,0.8190662595081406,310766400
2000-08-25,0.8511367440223694,0.8614367139948935,0.8445819358232837,0.8464553668148197,334460000
2000-08-28,0.8698630928993225,0.8839082220606302,0.8548817484761908,0.8576905942862889,359004800
2000-08-29,0.8867182731628418,0.8904633355236998,0.8642456987260503,0.8670545455028675,267030400
2000-08-30,0.8913992643356323,0.8988903859303718,0.8794607956063052,0.8839081427408928,285392800
2000-08-31,0.912935733795166,0.9213622724995845,0.8829720402951506,0.8834401980030064,419596800
2000-09-01,0.9503894448280334,0.9531982907503179,0.9157444781411609,0.9185533240634454,256872000
2000-09-05,0.9354071021080017,0.9606885129927486,0.9325982564787539,0.9386850054549339,298642400
2000-09-06,0.8754818439483643,0.9344711171261028,0.8651818739969286,0.9194896699643712,355404000
2000-09-07,0.9288537502288818,0.9372810922467015,0.8726733036701321,0.8857821245400235,217464800
2000-09-08,0.8820358514785767,0.9232348311473308,0.8764181588396327,0.9232348311473308,195518400
2000-09-11,0.8754818439483643,0.9045083228149708,0.8707995666394188,0.8792270057141347,187381600
2000-09-12,0.8651818037033081,0.8998268725085699,0.8539455192202641,0.8590959538330136,187997600
2000-09-13,0.8689268231391907,0.891399288419844,0.8502003188063332,0.8502003188063332,305984000
2000-09-14,0.8518387675285339,0.8932717633667832,0.851136481154433,0.8773541056563314,426552000
2000-09-15,0.8274939656257629,0.8717367226621523,0.8127466466465286,0.8651819141721112,394514400
2000-09-18,0.908721387386322,0.910125760146821,0.8249189283323094,0.8277277738656105,424536000
2000-09-19,0.8979544043540955,0.906380944158896,0.8773544623951138,0.8951447576537659,271510400
2000-09-20,0.9145742058753967,0.9204259270015206,0.8773543191508986,0.8899949768991796,227388000
2000-09-21,0.8492640852928162,0.8932719047739486,0.8277278831495709,0.8764180292505193,510490400
2000-09-22,0.7818475961685181,0.7855927581594819,0.7490751534669136,0.7537573810512316,726700800
2000-09-25,0.8015104532241821,0.8314732005088525,0.7799750458399699,0.7902741667108066,435551200
2000-09-26,0.7706111669540405,0.82023757626895,0.7696749016940532,0.7987013750306853,290936800
2000-09-27,0.7331575155258179,0.7902741632440221,0.7228575445952655,0.7752928146704926,402259200
2000-09-28,0.8015104532241821,0.8061926809925953,0.7209849666971982,0.7387752119431951,979585600
2000-09-29,0.38577336072921753,0.43446351357806856,0.3801556681423695,0.4222909628643145,7421640800
2000-10-02,0.36330166459083557,0.4007555519330245,0.3520654308798654,0.3998192616314746,2424788800
2000-10-03,0.3342752456665039,0.37453798560781254,0.33240183965016146,0.3736016951505144,2038120000
2000-10-04,0.3539379835128784,0.35581053909720173,0.3277203551045171,0.33521147755264896,1466024000
2000-10-05,0.33052921295166016,0.3670468110085525,0.32959292262405415,0.35206544067754336,873006400
2000-10-06,0.33240190148353577,0.3436381391537737,0.31461165439611793,0.3398930016309943,612656800
2000-10-09,0.32584789395332336,0.34270182421054435,0.31648418820411817,0.3389567119565365,597564800
2000-10-10,0.31273889541625977,0.33614764621445103,0.3071203301675609,0.3239751258030776,691101600
2000-10-11,0.29401159286499023,0.31461152871975,0.2865213458146126,0.3015027150230938,1198422400
2000-10-12,0.2996302545070648,0.31180278180548915,0.2921391299739497,0.304311657272374,1191064000
2000-10-13,0.33052921295166016,0.33146550327926616,0.29963018196203584,0.3033752932663004,1247752800
2000-10-16,0.3221026659011841,0.3483202945173244,0.3202292351942537,0.3342751899081329,820176000
2000-10-17,0.3015027940273285,0.3286567187933666,0.2949488105139524,0.32491158178528246,601720000
2000-10-18,0.3015027940273285,0.3155479016617436,0.28090285277466653,0.2912028234009975,834265600
2000-10-19,0.2837124168872833,0.2968212278969138,0.27434874113670804,0.2869894196151089,1506724800
2000-10-20,0.29213908314704895,0.30524789889856063,0.2837125195152469,0.2855851003236837,791263200
2000-10-23,0.30524787306785583,0.3080575691444482,0.2912027681006515,0.30360937124989745,551292000
2000-10-24,0.2827761769294739,0.3127389368678606,0.2818398867808188,0.3099300664218953,804451200
2000-10-25,0.2771576941013336,0.28745766392252226,0.2762214286748132,0.2855851080663989,663969600
2000-10-26,0.2771576941013336,0.2827762617806728,0.26217632213829556,0.28183997135106986,721851200
2000-10-27,0.27809399366378784,0.287457673362885,0.2677940235043392,0.2827762710672942,744503200
2000-10-30,0.2893301546573639,0.2986938311322284,0.2809027433173796,0.2865213092465738,639189600
2000-10-31,0.293075293302536,0.3033752350211027,0.28839386756637553,0.2958849888475508,885880800
2000-11-01,0.30712056159973145,0.31273913108233026,0.29120289409837236,0.29120289409837236,575366400
2000-11-02,0.3342752456665039,0.33614780157801694,0.3155478863293821,0.31648415178359696,590693600
2000-11-03,0.3333379626274109,0.34457421840791186,0.3286565623480341,0.34457421840791186,515821600
2000-11-06,0.32116642594337463,0.33895666954261944,0.3127390368168264,0.3361477981989607,393478400
2000-11-07,0.3192930519580841,0.3267841513878013,0.3118027776301875,0.3221027486851801,301963200
2000-11-08,0.30056652426719666,0.32116646694149936,0.2968213870006536,0.3202293262691626,422088800
2000-11-09,0.3024391233921051,0.3071205265014349,0.28558516708674503,0.29775769527968765,476834400
2000-11-10,0.28558507561683655,0.29775759991104717,0.28558507561683655,0.2900324233982679,422251200
2000-11-13,0.2902664244174957,0.2996301260446409,0.2734125015796571,0.28090274779342567,431816000
2000-11-14,0.3033752739429474,0.30712041001174695,0.29307533090293886,0.2986938726092566,409001600
2000-11-15,0.29775765538215637,0.3024390828672939,0.2883939753100995,0.30009836912472515,282357600
2000-11-16,0.28464871644973755,0.2968212377999559,0.282776161259271,0.2921389872177507,239372000
2000-11-17,0.2771576941013336,0.2883939543521251,0.27341258238908706,0.28745766392252226,446180000
2000-11-20,0.2837124168872833,0.29213897747092565,0.2734124760742488,0.27856203393006557,408066400
2000-11-21,0.2818399667739868,0.29213908632311336,0.2809028262547988,0.2874576592542078,301952000
2000-11-22,0.2771576941013336,0.28652139849600183,0.27528513824521034,0.28183997135106986,280532000
2000-11-24,0.2893301546573639,0.2921390000681539,0.281839883559874,0.2825420949125715,160932800
2000-11-27,0.2799665331840515,0.29869388981291206,0.27715766221836274,0.2977575994910158,258792800
2000-11-28,0.2701355516910553,0.28464878950657224,0.26873112868698334,0.27996653772263885,269124800
2000-11-29,0.26311272382736206,0.27434896382641116,0.2584312947028478,0.2710719834417256,492150400
2000-11-30,0.24719490110874176,0.25468514804955406,0.24157633454465008,0.25000374683693105,809597600
2000-12-01,0.2556222677230835,0.2621762488931283,0.2518762819494803,0.2546851274504887,385705600
2000-12-04,0.25000378489494324,0.2574948830807591,0.24625864835287717,0.2574948830807591,371520800
2000-12-05,0.25468525290489197,0.2612400874083236,0.24532242162183865,0.2537489872787481,613978400
2000-12-06,0.21442243456840515,0.22472237697092967,0.209741008521379,0.2191046857169596,1374464000
2000-12-07,0.21442243456840515,0.22284982155396518,0.209741008521379,0.21629584008997457,408917600
2000-12-08,0.22565874457359314,0.2294047317999394,0.21629591427151132,0.22191360745214336,435624000
2000-12-11,0.22753125429153442,0.23034095010574335,0.22284982810685122,0.22753125429153442,332511200
2000-12-12,0.23034100234508514,0.23970383183478272,0.22472243454397745,0.22846757134047307,386260000
2000-12-13,0.22472238540649414,0.2331497977114766,0.22284982991923818,0.2331497977114766,344887200
2000-12-14,0.21629586815834045,0.2284675424557997,0.21629586815834045,0.22519056380009445,263317600
2000-12-15,0.2106773555278778,0.2200410352478115,0.20974106506544285,0.21816845432294157,513945600
2000-12-18,0.21348623931407928,0.21910478317170404,0.20880482368636322,0.21816849254523452,325808000
2000-12-19,0.2097410410642624,0.2284675482563756,0.2097410410642624,0.2153587331898592,374007200
2000-12-20,0.21535873413085938,0.2191047206700555,0.20412333732903293,0.20646405072595275,565331200
2000-12-21,0.2106773555278778,0.2247224375538196,0.2078684966421146,0.21348620191209935,366844800
2000-12-22,0.22472238540649414,0.22472238540649414,0.21161357188183305,0.21161357188183305,318052000
2000-12-26,0.22004100680351257,0.22472240850436442,0.21348617431513164,0.2228498528246397,216815200
2000-12-27,0.22191354632377625,0.22191354632377625,0.21254986849611923,0.21489058167763747,325466400
2000-12-28,0.22191354632377625,0.22378612687022215,0.21442244904256516,0.2153587143127098,305177600
2000-12-29,0.22284981608390808,0.22472237145490895,0.21723212496782948,0.22004097052586877,630336000
2001-01-02,0.22284981608390808,0.22846750719998668,0.2181683901517919,0.22284981608390808,452312000
2001-01-03,0.2453223615884781,0.25000378858594663,0.21629588400324684,0.21723217440335688,817073600
2001-01-04,0.2556222677230835,0.27715761667076516,0.2518762819494803,0.27177400446152417,739396000
2001-01-05,0.2453223615884781,0.2603037580826896,0.24064010948931372,0.2537489251833051,412356000
2001-01-08,0.24813121557235718,0.2544511447175742,0.2387675361818817,0.25374893314622593,373699200
2001-01-09,0.2574949860572815,0.2642830503171285,0.24813130335419972,0.2518764413940087,588929600
2001-01-10,0.24813121557235718,0.25468519857263533,0.24064011704086544,0.2500037964313409,580781600
2001-01-11,0.2696673274040222,0.2771575725465528,0.24344970668862334,0.24344970668862334,803734400
2001-01-12,0.2574949860572815,0.26966754104253854,0.25562242953892267,0.2677941094159834,423376800
2001-01-16,0.2565586268901825,0.27341257953659004,0.2546851959457178,0.2612400289831912,306118400
2001-01-17,0.2518763542175293,0.26311261455309903,0.24719495204035835,0.26311261455309903,840873600
2001-01-18,0.2799665331840515,0.2809027985028682,0.26404884761942704,0.2668577185851158,1227010400
2001-01-19,0.29213908314704895,0.29307537355126734,0.27996655779975566,0.2912027927428305,776664000
2001-01-22,0.2883939743041992,0.29401166726430267,0.27622144778475066,0.2855851278241475,519327200
2001-01-23,0.30712056159973145,0.31367539680934176,0.28558519972394125,0.2893303376412588,879530400
2001-01-24,0.30712056159973145,0.30993025889202414,0.29307547555857644,0.30899399316501264,717091200
2001-01-25,0.29869386553764343,0.3080575430910745,0.29588501980331305,0.3080575430910745,489708800
2001-01-26,0.293075293302536,0.29682125399232295,0.2855850221259092,0.29213900315468894,482820800
2001-01-29,0.32491153478622437,0.32584782515358035,0.2930753620126853,0.2930753620126853,855528800
2001-01-30,0.32584789395332336,0.32959300620733123,0.3127390759501103,0.3230390222581883,692423200
2001-01-31,0.3239752948284149,0.33708411210351447,0.32116644829237995,0.32210273880541984,730704800
2001-02-01,0.3164840638637543,0.32210263014844137,0.30712038679643966,0.30993008248954174,369695200
2001-02-02,0.3089938759803772,0.3286566739420199,0.30712044512558684,0.3164841239712767,427341600
2001-02-05,0.3024391233921051,0.3080576672295159,0.29588513903657326,0.3071205265014349,286115200
2001-02-06,0.3164840638637543,0.3204632784495259,0.2996301402281084,0.3019708282164815,462711200
2001-02-07,0.31086647510528564,0.31273905611661906,0.2968213674277494,0.3094620518483278,393887200
2001-02-08,0.31086647510528564,0.3155479026305348,0.30243908545866527,0.30805762859137,604128000
2001-02-09,0.286521315574646,0.3118026500422703,0.27996648436580235,0.30712037414761884,590083200
2001-02-12,0.2949486970901489,0.29963012280076257,0.28183988499957663,0.28558502056745255,274120000
2001-02-13,0.286521315574646,0.3061841089920604,0.2846487352573786,0.2986938377291413,237070400
2001-02-14,0.29213908314704895,0.29401163895240395,0.27715768658710044,0.28745765612903873,309120000
2001-02-15,0.30056652426719666,0.30805764890521226,0.2949488308689251,0.2949488308689251,311416000
2001-02-16,0.28464871644973755,0.2921389872177507,0.28090273096122886,0.28464871644973755,263911200
2001-02-20,0.2743487060070038,0.2912026501175817,0.2724761511187888,0.28745751533808217,314893600
2001-02-21,0.2827761769294739,0.29869383454578485,0.2734125003475986,0.2734125003475986,390258400
2001-02-22,0.2818399667739868,0.2902665054943183,0.2696674412943568,0.2855851034284948,431961600
2001-02-23,0.2818399667739868,0.28277625718838434,0.2734125779488648,0.27903027042908585,293865600
2001-02-26,0.29213908314704895,0.2949487794614036,0.2780939769913188,0.2855851003236837,206438400
2001-02-27,0.2902664244174957,0.29120271457037,0.2799664826436265,0.2888620016897219,348516000
2001-02-28,0.2734126150608063,0.291202835435431,0.2715400339778345,0.29026654489394516,508233600
2001-03-01,0.2809028625488281,0.2809028625488281,0.2574949240812535,0.26685777942879146,330461600
2001-03-02,0.2883939743041992,0.3061842187868355,0.2734126013046989,0.27434886679599335,406201600
2001-03-05,0.30524787306785583,0.3071204287147513,0.2883939221287684,0.2902664777756639,324172800
2001-03-06,0.3221026659011841,0.33052920360203897,0.3099301168911562,0.3103982745432564,731802400
2001-03-07,0.31835660338401794,0.32397514394425864,0.3108663327742938,0.3192928934610017,419540800
2001-03-08,0.3118026852607727,0.3164840865765608,0.3061841435759415,0.309930104731995,204859200
2001-03-09,0.3033752739429474,0.3099301059172346,0.29963016287722605,0.3089938406523433,299135200
2001-03-12,0.27903035283088684,0.29775771684039415,0.2715400773098814,0.2949488697707895,391020000
2001-03-13,0.293075293302536,0.293075293302536,0.2724762099638012,0.28277617668544286,443329600
2001-03-14,0.3061841130256653,0.30712037819355786,0.27622135237322465,0.27715761754111723,477775200
2001-03-15,0.2949486970901489,0.320229181024012,0.2949486970901489,0.31273893489133486,529317600
2001-03-16,0.29401159286499023,0.3043115607923701,0.2827762097878848,0.2846487652997097,470316000
2001-03-19,0.3080575168132782,0.3089938069792138,0.2921390087986204,0.29588499456385225,356008800
2001-03-20,0.2949486970901489,0.31367520003099775,0.2949486970901489,0.31039822203602807,499206400
2001-03-21,0.3015027940273285,0.3127390551564516,0.29026653289820536,0.2963532337665984,371375200
2001-03-22,0.3239752948284149,0.32584787585449465,0.3024390878403304,0.3052479343763654,723301600
2001-03-23,0.3445744216442108,0.3530018122240278,0.3295930218020611,0.3305293124114068,944888000
2001-03-26,0.3262975811958313,0.35581064956236225,0.31655887896022034,0.34652247794442387,734451200
2001-03-27,0.3426271378993988,0.3453235705031166,0.32809459531697543,0.32869446931115587,543821600
2001-03-28,0.3321400284767151,0.3370840373378399,0.32210266736263243,0.33079181244215605,584662400
2001-03-29,0.3375329077243805,0.35131623077547525,0.3221026817813381,0.32614730506299094,613065600
2001-03-30,0.3306416869163513,0.34037953741061144,0.31970493862048655,0.33783327350404585,400349600
2001-04-02,0.3234509825706482,0.3394810878523564,0.3206043809152417,0.3309412578830482,340911200
2001-04-03,0.30322593450546265,0.32060422276366196,0.3015773566612561,0.32000519905862673,368687200
2001-04-04,0.29213908314704895,0.3033753180901238,0.28090282320089227,0.29603438827014017,685484800
2001-04-05,0.31266430020332336,0.3370840321492536,0.29963017023386046,0.308618827060304,446762400
2001-04-06,0.30846941471099854,0.31521049327303197,0.2981316940771155,0.31161552640708584,324889600
2001-04-09,0.3077203333377838,0.3197049357051221,0.3005287218125866,0.3099670852996607,266582400
2001-04-10,0.33019185066223145,0.34007989075513617,0.31131518100058414,0.31311307693522566,457374400
2001-04-11,0.3265969753265381,0.3445742881267152,0.31880634138921815,0.34427477626025366,334096000
2001-04-12,0.3358851969242096,0.3448738547514977,0.31685915201664516,0.3209038005084173,298933600
2001-04-16,0.3212033212184906,0.335585694200105,0.31251417506727025,0.3309411716483361,285224800
2001-04-17,0.305622935295105,0.31775770659130703,0.29363748241083404,0.3176075380745525,685199200
2001-04-18,0.34142813086509705,0.3607545071719189,0.31581035598887436,0.3231513086079433,1100842400
2001-04-19,0.38532447814941406,0.38577330842337476,0.3535638167877058,0.3827773894725355,1873670400
2001-04-20,0.3751369118690491,0.38397625016867415,0.3685451752942231,0.3734891840007392,693403200
2001-04-23,0.36330166459083557,0.3745379233048847,0.35955567828302715,0.36464988061989456,541525600
2001-04-24,0.3600054085254669,0.37079196260448205,0.3522147735924495,0.3644997372999177,377137600
2001-04-25,0.3703431487083435,0.3724405573777213,0.3531141988950951,0.36270188132553166,330780800
2001-04-26,0.3698934018611908,0.3910168531850255,0.3697432333681484,0.3770841623934116,799696800
2001-04-27,0.39251527190208435,0.3938634880504719,0.3707919698153142,0.377533875658934,453012000
2001-04-30,0.3818788528442383,0.4062985850999591,0.372589833914607,0.40000633521822593,494776800
2001-05-01,0.3884706497192383,0.39700962760352576,0.3775339011818785,0.3806800391111174,427252000
2001-05-02,0.39835789799690247,0.40000645149309616,0.38592361311820444,0.394612760699994,368524800
2001-05-03,0.3739379644393921,0.39326434003669514,0.3704923409034871,0.38906952441012876,301543200
2001-05-04,0.38577336072921753,0.38727177046322686,0.35895672959493835,0.36315154676015404,281052800
2001-05-07,0.3739379644393921,0.385923412690204,0.3721400684420892,0.38382600487692087,276550400
2001-05-08,0.3680955469608307,0.38127902197400143,0.358807377088302,0.37978148738583883,315436800
2001-05-09,0.35925617814064026,0.3677959794782583,0.35461250645676445,0.36165309822622294,324889600
2001-05-10,0.3445744216442108,0.3670469214568318,0.34382522913697566,0.36270193495562003,288976800
2001-05-11,0.3423275053501129,0.35191518460852955,0.34097928952324086,0.3447244251647171,203044800
2001-05-14,0.3489193022251129,0.3547618468653123,0.34082918074549773,0.34292658908830054,309220800
2001-05-15,0.34727156162261963,0.3820281664110669,0.34517415335620605,0.3501173370399526,237025600
2001-05-16,0.36105409264564514,0.3670468057118976,0.3423275612744444,0.34846961773392165,322330400
2001-05-17,0.3528147041797638,0.3644997958499942,0.34832037468338295,0.36300223608573295,332119200
2001-05-18,0.3525151014328003,0.35416282929999665,0.3463721951221221,0.3499679878338105,159051200
2001-05-21,0.35296395421028137,0.3582075001267632,0.3453235130367013,0.35401265839296175,460997600
2001-05-22,0.35206538438796997,0.361503720446615,0.3505669750608712,0.3595556308020093,412916000
2001-05-23,0.3480199873447418,0.35581059796016806,0.3424769538651365,0.35581059796016806,281041600
2001-05-24,0.34757113456726074,0.349068694233802,0.33888198809434295,0.34891935081802017,271756800
2001-05-25,0.3409794569015503,0.34891941239148117,0.337084150877653,0.34757119590280333,158743200
2001-05-29,0.32165291905403137,0.33708399235165876,0.31176490265140566,0.33438673554089576,515989600
2001-05-30,0.29633376002311707,0.3110156377217344,0.28914300211361416,0.3110156377217344,777078400
2001-05-31,0.29888099431991577,0.30322600494768953,0.2919897448065425,0.2966334172516173,442892800
2001-06-01,0.3129638731479645,0.3159598176407997,0.29933071675713074,0.3015774438482334,456075200
2001-06-04,0.30951815843582153,0.3162592378652389,0.3065213897102837,0.3158103826376253,281920800
2001-06-05,0.313713014125824,0.3161099343475644,0.30487370041308537,0.31161560579409786,471794400
2001-06-06,0.31056690216064453,0.31356284616754976,0.3045741890452073,0.31356284616754976,223176800
2001-06-07,0.32449963688850403,0.32509863574706294,0.3063721267059835,0.3102666069083934,325180800
2001-06-08,0.3194054663181305,0.3243494764350388,0.3102666385386117,0.3243494764350388,342624800
2001-06-11,0.30022916197776794,0.3156602367367335,0.29888094599546017,0.3153607248630629,294000000
2001-06-12,0.30427470803260803,0.3099670847335555,0.29603439224646133,0.2961845607577778,303794400
2001-06-13,0.3066716492176056,0.32554835242933233,0.30052874156466836,0.3209038295839349,511487200
2001-06-14,0.29783231019973755,0.30637213851829387,0.29618458196582464,0.3002292308404571,297348800
2001-06-15,0.30622199177742004,0.310866489968917,0.289892376490462,0.3011286381913282,454624800
2001-06-18,0.30457431077957153,0.31236409835165196,0.2996302998557387,0.305772358820527,345912000
2001-06-19,0.30247679352760315,0.3206042770365334,0.2997795111922197,0.3123639867405076,321087200
2001-06-20,0.3246488869190216,0.3273461689348388,0.29933064542746096,0.2996301572951956,431620000
2001-06-21,0.33693400025367737,0.34457444416380734,0.3161100526367807,0.3228511354386988,341331200
2001-06-22,0.33348825573921204,0.34457432137582283,0.32599713294551064,0.33678453679147907,286025600
2001-06-25,0.35940638184547424,0.35955570024273853,0.3363348642432587,0.33708405654996115,439549600
2001-06-26,0.35581061244010925,0.3561101243833932,0.344724545029744,0.3496685548483588,272781600
2001-06-27,0.3496685326099396,0.3595557265165856,0.3370840811817358,0.35700948761280754,374130400
2001-06-28,0.35266444087028503,0.3582074986588695,0.3436757836560416,0.3453235116216047,348409600
2001-06-29,0.3483204245567322,0.3760355979363716,0.3475712070133427,0.35446248322413426,515390400
2001-07-02,0.35805830359458923,0.3630023146410537,0.346671871308253,0.35416299716095123,230048000
2001-07-03,0.35715869069099426,0.36225289206627026,0.35206536442332015,0.3522146827832793,112543200
2001-07-05,0.34742093086242676,0.35611007645529497,0.34472449863400656,0.35356383773227257,152292000
2001-07-06,0.3300427496433258,0.3439754209345921,0.3253982258425027,0.3409794758049825,302920800
2001-07-09,0.3400799036026001,0.3445742310582934,0.3247990002298848,0.330941055229,337467200
2001-07-10,0.31670892238616943,0.3456229803845534,0.31221459433989945,0.3438250841457389,395270400
2001-07-11,0.3376831114292145,0.33783327994503765,0.3146115917038924,0.31506127214962665,470506400
2001-07-12,0.36494946479797363,0.37169137138040365,0.3490687059811544,0.3490687059811544,614801600
2001-07-13,0.37229040265083313,0.3746873233472466,0.35715883594326464,0.3615038469660783,454742400
2001-07-16,0.3589567244052887,0.37603550474507397,0.3582075320506568,0.37274004850674836,278667200
2001-07-17,0.3760354816913605,0.3778333782119104,0.3447244988352152,0.3592562143017768,647830400
2001-07-18,0.31146544218063354,0.34127886468105084,0.3059224093744145,0.3262974942341144,1137012800
2001-07-19,0.29903122782707214,0.3209038520825191,0.29588511457172423,0.3180572507893246,861140000
2001-07-20,0.29933077096939087,0.3005287939397129,0.2919898142724801,0.29513592785554693,444584000
2001-07-23,0.2927389442920685,0.3071204675132598,0.2922892638471144,0.30097841020640104,241360000
2001-07-24,0.2859969735145569,0.2984312538391321,0.28060328469692264,0.2904913016451449,348376000
2001-07-25,0.2767079472541809,0.28914307732239325,0.26921767562115695,0.28644664554262655,443878400
2001-07-26,0.27850595116615295,0.28165208949600196,0.26741988280570556,0.2768582477890803,369140800
2001-07-27,0.28404900431632996,0.2883939905284582,0.27715772886818263,0.28090286605330417,334135200
2001-07-30,0.2836000919342041,0.29004166059004044,0.2773078666787401,0.28644669265953204,243359200
2001-07-31,0.28150269389152527,0.29094103212260575,0.27730787689993397,0.28869345511924327,235026400
2001-08-01,0.2855472266674042,0.2963337766889495,0.28389949926030356,0.2847980346365342,304136000
2001-08-02,0.2969337999820709,0.2976821422855522,0.2885441401684516,0.2943866858109969,252089600
2001-08-03,0.29213908314704895,0.2981317967901355,0.2846488099194653,0.2979824783856173,186054400
2001-08-06,0.28659602999687195,0.29453598309841583,0.2846487901216102,0.2852478139137458,99652000
2001-08-07,0.2883939743041992,0.2946862004700961,0.2843493253840279,0.28959284718894196,168548800
2001-08-08,0.28315043449401855,0.2951358621721884,0.27775671950524156,0.2885441244797129,276169600
2001-08-09,0.2853981554508209,0.2868957158391377,0.28045414341401975,0.28404911344812234,200664800
2001-08-10,0.2849484086036682,0.28944273892908995,0.2785059875695722,0.28524792061176957,186961600
2001-08-13,0.2859969735145569,0.2895927660596464,0.28105296504044575,0.28614631689469944,147996800
2001-08-14,0.2806033194065094,0.2900416571786958,0.27970478370986535,0.28764473688599523,228950400
2001-08-15,0.2762591540813446,0.28374942671899517,0.27266333615527716,0.2810529945775717,289279200
2001-08-16,0.27940526604652405,0.2809028005069546,0.26921771118341037,0.2737120397772068,288092000
2001-08-17,0.27071622014045715,0.27640857339183206,0.2695173220247814,0.2696675155801696,208426400
2001-08-20,0.27146443724632263,0.27311301515574143,0.26682076569632796,0.2717647992153201,252302400
2001-08-21,0.26846855878829956,0.27176486530411315,0.26517227727556947,0.27176486530411315,185701600
2001-08-22,0.2728135287761688,0.2734125525608571,0.2638240214946058,0.26876803047236364,173975200
2001-08-23,0.2668207585811615,0.27476071063055385,0.26337513458051076,0.27266330253437226,217078400
2001-08-24,0.27820634841918945,0.27895554058070027,0.26442382796911246,0.26966737300126464,290332000
2001-08-27,0.2834499478340149,0.2891431497747913,0.27206436905419273,0.2786561067795351,175644000
2001-08-28,0.2756592035293579,0.28674611611144696,0.2756592035293579,0.2831503241884468,171735200
2001-08-29,0.267120361328125,0.28210175995843373,0.267120361328125,0.2762592140172337,239971200
2001-08-30,0.267120361328125,0.27236388335274386,0.25888006951697334,0.26577214496491064,368692800
2001-08-31,0.27790695428848267,0.27865614676733047,0.2644239399716831,0.2656219878563604,216904800
2001-09-04,0.2734126150608063,0.2858468994944416,0.2723638856439749,0.27715772722057885,348213600
2001-09-05,0.27790695428848267,0.283899669017416,0.27146453404878457,0.27326243097764946,360057600
2001-09-06,0.2654726505279541,0.2836001635694595,0.2644239460538153,0.2756593581894159,282368800
2001-09-07,0.258880078792572,0.27116502013353266,0.25768203091648395,0.2621763606555002,241830400
2001-09-10,0.2602291405200958,0.2621763810209188,0.25348723283694996,0.25468525580301227,308845600
2001-09-17,0.2545359134674072,0.25573396132409587,0.23565920880500876,0.23970385797407734,458007200
2001-09-18,0.24389861524105072,0.265472572438895,0.24225088729547586,0.2531876343409162,327101600
2001-09-19,0.2549855709075928,0.2561836186559483,0.23371112225189283,0.24719496013626152,373318400
2001-09-20,0.2349100410938263,0.2539369162939006,0.23221360803035057,0.24404886992217908,411174400
2001-09-21,0.23565906286239624,0.24344969451657303,0.2199284812184293,0.2217264019949333,570516800
2001-09-24,0.24644578993320465,0.25228833657965566,0.23895468966443917,0.24135243582382154,294537600
2001-09-25,0.2328125685453415,0.2430000991320679,0.22996596770917027,0.24180122637410942,374404800
2001-09-26,0.22696998715400696,0.23805605170928007,0.22367368142018243,0.23685717914312857,493796800
2001-09-27,0.23236288130283356,0.23595867436946982,0.22771920911856805,0.2284675513278413,322240800
2001-09-28,0.23236288130283356,0.23835559471333823,0.2305649847695154,0.2353596505589196,365108800
2001-10-01,0.2328125685453415,0.23955447446776326,0.22816807112307835,0.2320633762093289,208208000
2001-10-02,0.22547170519828796,0.23715762389865067,0.22292459052295305,0.23116490854733143,235883200
2001-10-03,0.2244229018688202,0.23011610271223484,0.22217530018495074,0.22397319650926967,683043200
2001-10-04,0.2379058599472046,0.24344974178702972,0.22457304514960924,0.22996590841571996,401122400
2001-10-05,0.24180123209953308,0.24195140061096798,0.22457310837007846,0.23071516550810817,342686400
2001-10-08,0.24270057678222656,0.24494732859196564,0.23221353473236112,0.23326223893734765,207984000
2001-10-09,0.23970377445220947,0.24270054325340268,0.23416074229185266,0.24045296665250776,174025600
2001-10-10,0.2519887089729309,0.25243838926462253,0.2389545563224211,0.2412021326794265,307759200
2001-10-11,0.2657720744609833,0.2657720744609833,0.2524384326924088,0.2534871368191327,334163200
2001-10-12,0.26981663703918457,0.27086534083383235,0.25258767109509056,0.25932959909270664,287812000
2001-10-15,0.2695172429084778,0.27535978800017225,0.2689182190789946,0.2689182190789946,318752000
2001-10-16,0.26981663703918457,0.27266323663913333,0.2662208454285826,0.2710155092764963,202949600
2001-10-17,0.2545359134674072,0.27580953894501264,0.2540862329702342,0.2747608095164095,285538400
2001-10-18,0.2696673274040222,0.2731129506831624,0.2590300956685093,0.2590300956685093,612572800
2001-10-19,0.27416175603866577,0.2756592905584626,0.2678695057345027,0.26876804144822924,166790400
2001-10-22,0.2849484086036682,0.28569760117489695,0.2710157120611862,0.27281363421483446,391938400
2001-10-23,0.2717648446559906,0.29094103309573505,0.2677193460536634,0.2864467041756676,684980800
2001-10-24,0.2838994860649109,0.285996893613319,0.2659213284606355,0.270565823775344,374427200
2001-10-25,0.28749534487724304,0.28839388042196135,0.2720642964315848,0.2762591125099575,254951200
2001-10-26,0.2797047197818756,0.28839386327008415,0.2789555276550792,0.2825513198231176,278964000
2001-10-29,0.2641235291957855,0.27970477316656883,0.26367467391520777,0.278206388626993,239181600
2001-10-30,0.26367470622062683,0.2696674450146211,0.25558458385798183,0.2603784248500234,276763200
2001-10-31,0.26307475566864014,0.27565920223881957,0.26127768481695834,0.26562184369395775,273750400
2001-11-01,0.27850595116615295,0.28135257752704973,0.25843122332976676,0.2644239380143402,312995200
2001-11-02,0.27820634841918945,0.28255133291535256,0.27206429285719963,0.27745713125460286,197204000
2001-11-05,0.28569746017456055,0.2883938920186528,0.278805361978796,0.2822518361289886,235793600
2001-11-06,0.29318779706954956,0.2939369894373387,0.27760740116540555,0.2840489703452844,316019200
2001-11-07,0.29348722100257874,0.30157734100669353,0.28959274202048574,0.29153998151153226,382989600
2001-11-08,0.28030380606651306,0.2979824589275502,0.27820639768347716,0.2940871290557398,342143200
2001-11-09,0.28030380606651306,0.2883939277013151,0.2779068857861357,0.2786560780803122,134293600
2001-11-12,0.2809028625488281,0.2871951139932935,0.2690676021141106,0.27955467118616273,201499200
2001-11-13,0.2901918292045593,0.29049134110707947,0.2803038109130945,0.2858468438638673,224672000
2001-11-14,0.2937875986099243,0.29813175849957263,0.2868955249996238,0.29348726162989924,221149600
2001-11-15,0.2913898825645447,0.29813178836009385,0.2880944264701347,0.2913898825645447,213029600
2001-11-16,0.28419920802116394,0.2889930502195537,0.2756593780691365,0.28869353821989524,230664000
2001-11-19,0.2996302545070648,0.30037944697025093,0.28404900651410414,0.28464885554575203,332589600
2001-11-20,0.2925887107849121,0.30262607114776713,0.2921390304398438,0.29693372055336503,276584000
2001-11-21,0.29483622312545776,0.29663329391081383,0.28854400007259934,0.2937875192833147,201583200
2001-11-23,0.2972331643104553,0.29888089186802963,0.29318769199458805,0.29528509983202117,60004000
2001-11-26,0.32015460729599,0.32285103961645567,0.2978322811919665,0.2987308169315586,460689600
2001-11-27,0.31461161375045776,0.3224022248810172,0.3071204895677132,0.3176075583612459,268553600
2001-11-28,0.307570219039917,0.3177577516741394,0.3057723220924828,0.31236406083183665,250611200
2001-11-29,0.30592235922813416,0.3101171752697347,0.3024767353513199,0.3086187909401622,202764800
2001-11-30,0.31910577416419983,0.3212031818111414,0.30337519180906675,0.30667149672934174,303912000
2001-12-03,0.31536081433296204,0.3188064395100903,0.3086189074071203,0.3155101577613768,181165600
2001-12-04,0.33558565378189087,0.3379825739726735,0.3104167291231721,0.3153607379986177,380419200
2001-12-05,0.35596075654029846,0.36000540486568694,0.332140046683288,0.33498664740189066,568579200
2001-12-06,0.34127888083457947,0.3520654600659422,0.3316903742418418,0.3517659481570562,338934400
2001-12-07,0.3376831114292145,0.34023020048606134,0.32959296391159204,0.336484238607835,203515200
2001-12-10,0.3376831114292145,0.34442501770828665,0.33303861376125493,0.3339379746527234,170010400
2001-12-11,0.3262975811958313,0.3423276600972533,0.32434949070549657,0.3396304021227449,205475200
2001-12-12,0.3219524323940277,0.3283948499563606,0.3183566400306515,0.327645657788865,192460800
2001-12-13,0.31461161375045776,0.3228510802564699,0.3071204895677132,0.3219525444037714,197842400
2001-12-14,0.30547282099723816,0.3120645599713483,0.3009784660164341,0.3105670000467007,189884800
2001-12-17,0.30891844630241394,0.3146116493185224,0.30247687587534744,0.3056229893681622,173712000
2001-12-18,0.3147616684436798,0.3195555081279725,0.3029255624989211,0.31296377228669636,235239200
2001-12-19,0.3238997757434845,0.3247991366732859,0.3066716507762791,0.3083193790118878,289956800
2001-12-20,0.30966758728027344,0.3216530152873924,0.30891839489210987,0.3206043109643132,220864000
2001-12-21,0.31461161375045776,0.3227017368319167,0.31161566913966965,0.31476178227680407,256334400
2001-12-24,0.32000526785850525,0.3213534840354568,0.31311319336274235,0.31311319336274235,50629600
2001-12-26,0.3219524323940277,0.3340872252466159,0.3167089123230649,0.3198550243656426,146400800
2001-12-27,0.3306416869163513,0.3333380943327946,0.32330073191433384,0.32330073191433384,191508800
2001-12-28,0.3360353410243988,0.34457431780959313,0.32899392370051744,0.3291432420927532,299124000
2001-12-31,0.32809460163116455,0.33948103136112406,0.3270458972537835,0.33723345408025396,137782400
2002-01-02,0.34906867146492004,0.34906867146492004,0.32899394732698994,0.3303421634898086,529496800
2002-01-03,0.35326337814331055,0.35581046626749757,0.34112861136572115,0.3445742349506272,612007200
2002-01-04,0.3549121022224426,0.3588074076953628,0.3444250336775632,0.3496685554484609,409976000
2002-01-07,0.34307679533958435,0.3595557269022429,0.3408292182528288,0.35536090975500895,444584000
2002-01-08,0.3387318551540375,0.3453235936843873,0.3364842777655441,0.340829264009232,450038400
2002-01-09,0.32434940338134766,0.3435256155084487,0.31880637059019523,0.34157837564731147,327835200
2002-01-10,0.31805723905563354,0.32150286414601986,0.3033753527358981,0.3179078956309784,452737600
2002-01-11,0.31536081433296204,0.3271960747593815,0.3086189074071203,0.3204541678335398,348801600
2002-01-14,0.3168591260910034,0.3206042623623285,0.31311316471805434,0.31476171776280154,415996000
2002-01-15,0.32509857416152954,0.3259971097837769,0.3177576453909743,0.31940537324921847,290320800
2002-01-16,0.31131526827812195,0.3207536057549927,0.3071204266186554,0.3207536057549927,566893600
2002-01-17,0.3367845416069031,0.340679021403939,0.3276457157102991,0.32899393180952724,660576000
2002-01-18,0.3321400284767151,0.338581596764232,0.3289939160288732,0.32959291479635083,338811200
2002-01-22,0.3268965184688568,0.33513598344032286,0.3268965184688568,0.333638423964736,327314400
2002-01-23,0.34487384557724,0.34517418258495935,0.3234508808257338,0.32659701849484246,443279200
2002-01-24,0.3477204740047455,0.35221480315643855,0.3430768014389793,0.3432261448530524,344002400
2002-01-25,0.3483204245567322,0.3508666640683674,0.3394810827207746,0.34292670832462613,185914400
2002-01-28,0.34861981868743896,0.35281466071729894,0.34037952804101207,0.35056705869200167,186446400
2002-01-29,0.34562307596206665,0.35266449438566305,0.34232761953086865,0.34787065315750565,240324000
2002-01-30,0.3609047830104828,0.36165315024984707,0.34367580946807835,0.34562304947348044,471576000
2002-01-31,0.3703431487083435,0.3704924921265801,0.3612043216343748,0.36195351403083237,468445600
2002-02-01,0.3656986355781555,0.37393810139020317,0.3646499312874372,0.3646499312874372,398305600
2002-02-04,0.37978145480155945,0.38232769343598405,0.3625524826128905,0.36435037906983214,522373600
2002-02-05,0.3812790513038635,0.38921985570905143,0.37573601763560344,0.3758861861571312,456887200
2002-02-06,0.36959391832351685,0.3892198117302287,0.3618033083232191,0.3835266101837285,597576000
2002-02-07,0.36405083537101746,0.37888203591716246,0.3607545546376739,0.36929435578663644,347832800
2002-02-08,0.3600054085254669,0.3691442345775721,0.35011736515759473,0.3655484415173451,355331200
2002-02-11,0.3742375075817108,0.3745378695273283,0.35566117262459274,0.3585069226622519,398602400
2002-02-12,0.37019309401512146,0.37513710527051647,0.3662977874168705,0.36944390138830263,224280000
2002-02-13,0.3746873438358307,0.37813296909419986,0.369294478249456,0.37049252611227973,312872000
2002-02-14,0.3685453236103058,0.3779836894600978,0.3652490414455553,0.3752864062851522,260170400
2002-02-15,0.35805830359458923,0.3742377282625002,0.35730911099943075,0.3674966451100277,260187200
2002-02-19,0.3388820290565491,0.3576085655197886,0.3367846201681234,0.3559608371365525,390258400
2002-02-20,0.3465224504470825,0.3475711548256581,0.33483653375647215,0.3411287600279255,285443200
2002-02-21,0.3221026659011841,0.3445743082112305,0.32135344863750204,0.34337626067555255,446751200
2002-02-22,0.3406791090965271,0.34382522250510283,0.3221027657236781,0.32449968663946943,406476000
2002-02-25,0.35670995712280273,0.37034311212712206,0.334986655175237,0.3423275847929474,426848800
2002-02-26,0.35461264848709106,0.3650996937502988,0.3483204213291664,0.35820761750454155,260131200
2002-02-27,0.32899385690689087,0.36330160078566504,0.31371295278938727,0.3586571046444598,1030159200
2002-02-28,0.32509857416152954,0.33843224072155653,0.3198550536111329,0.3318405041869981,456937600
2002-03-01,0.35131633281707764,0.35206555033531123,0.32689661731238323,0.32854432078148366,348992000
2002-03-04,0.36390066146850586,0.3682456462202756,0.34097931546197924,0.3484695873147263,348258400
2002-03-05,0.3525151014328003,0.3659980864492528,0.3505670115852299,0.361803269986145,274702400
2002-03-06,0.360604465007782,0.364649938842497,0.34352565907368393,0.35176597516126606,226206400
2002-03-07,0.3652488589286804,0.36749643543178184,0.35371308976633087,0.36045501917720485,258249600
2002-03-08,0.36944371461868286,0.3758861078708099,0.36405085059512976,0.370642587235914,269774400
2002-03-11,0.3754364848136902,0.376635382617017,0.3610541367193616,0.36854523524201716,262785600
2002-03-12,0.3703431487083435,0.37064266064657486,0.36105415311438005,0.3671970357042768,254055200
2002-03-13,0.3668966293334961,0.3722903185077144,0.3618032771425141,0.3650995580436923,200765600
2002-03-14,0.36599811911582947,0.36854520793907725,0.35760848544081053,0.3640508791991256,217296800
2002-03-15,0.37378862500190735,0.3739379683607529,0.36330158582551747,0.36644769757843443,240900800
2002-03-18,0.37064263224601746,0.3752863045854188,0.364350406720027,0.3737887450090127,304556000
2002-03-19,0.37229040265083313,0.37903233437006023,0.3640509361880502,0.36989348195441973,242345600
2002-03-20,0.3733389973640442,0.376635303045096,0.36704677297099425,0.3694436929633638,294319200
2002-03-21,0.3636012673377991,0.36405094782706227,0.3484697001464618,0.3574583593208343,616352800
2002-03-22,0.3609047830104828,0.36794537579272696,0.3576085017301517,0.36285202301588493,202193600
2002-03-25,0.34981781244277954,0.3609047272378728,0.3481700846080951,0.3606043902665032,262830400
2002-03-26,0.35146641731262207,0.35416284944900056,0.34457431836977187,0.3475710875005328,257840800
2002-03-27,0.3516158163547516,0.355360953525587,0.3484697031068126,0.3498179194842404,127702400
2002-03-28,0.35461264848709106,0.3577587620660534,0.35146653490812874,0.3550614789224911,108455200
2002-04-01,0.366447776556015,0.3700427442616935,0.3487691245017846,0.35026750902175524,199046400
2002-04-02,0.360604465007782,0.3640509149787395,0.3576085205872537,0.3595557356922529,203795200
2002-04-03,0.35581061244010925,0.3668967048535585,0.3535638853176779,0.36030496679599616,214530400
2002-04-04,0.3730396330356598,0.3752863854351449,0.3546126329116417,0.3546126329116417,338497600
2002-04-05,0.37064263224601746,0.37738371309408225,0.3610541254485437,0.3737887450090127,278348000
2002-04-08,0.36794525384902954,0.3697431498513825,0.3562601674858709,0.36195336730975136,261514400
2002-04-09,0.36105409264564514,0.37453792832319754,0.3597058765985219,0.3683950217590209,191531200
2002-04-10,0.36944371461868286,0.3737886996168515,0.3597058655969611,0.36270180948764674,224980000
2002-04-11,0.372440367937088,0.37753371849982076,0.37079181546270923,0.3749866306677851,407254400
2002-04-12,0.3754364848136902,0.37708421295002054,0.3680955548042104,0.37468729245125254,320241600
2002-04-15,0.37453797459602356,0.3767847015818514,0.3715411801387647,0.3754364853681608,299370400
2002-04-16,0.3856239914894104,0.38936912772134,0.3763349725010781,0.37678465288142654,614577600
2002-04-17,0.39116695523262024,0.3920654907334146,0.3802302102451291,0.38847052362876716,396250400
2002-04-18,0.38067999482154846,0.3823276977971134,0.37274001671956974,0.38202818590114535,401710400
2002-04-19,0.3742375075817108,0.3818787974883073,0.3734891405298273,0.3818787974883073,375407200
2002-04-22,0.3674964904785156,0.3734892036162525,0.36300216190062046,0.37214016245141707,269427200
2002-04-23,0.36330166459083557,0.37124161737396566,0.36090474441677417,0.36764582456206907,233469600
2002-04-24,0.356110155582428,0.3670469055332969,0.35476193916864623,0.3640509607362091,140448000
2002-04-25,0.3613535463809967,0.3646498268225313,0.35281457108952197,0.3529638894556375,194202400
2002-04-26,0.34472447633743286,0.3650995604414562,0.3445743078448285,0.3637505193128402,304981600
2002-04-29,0.3589567244052887,0.3604551091145524,0.3459225676553787,0.3469712719315209,272288800
2002-04-30,0.3636012673377991,0.36524899566267716,0.3558106309959562,0.35790806481318277,280963200
2002-05-01,0.35925617814064026,0.36390067492609457,0.34996798466823203,0.36390067492609457,214704000
2002-05-02,0.3549121022224426,0.36464995335385636,0.35356388592446514,0.35670999898700373,239344000
2002-05-03,0.3522146940231323,0.35985598382835754,0.35101664667481985,0.3531140796389214,230781600
2002-05-06,0.33933091163635254,0.35206555952556806,0.3364843100452459,0.34981795691837136,249664800
2002-05-07,0.33663439750671387,0.3438251589243599,0.33169038805008333,0.3436758155145384,242748800
2002-05-08,0.36509954929351807,0.3673463009027271,0.3451741461741017,0.34757106627132983,436682400
2002-05-09,0.36240240931510925,0.3647993301868,0.35655986312149757,0.363301770330649,224616000
2002-05-10,0.34936901926994324,0.36390070965766874,0.3442748166349176,0.36390070965766874,235396000
2002-05-13,0.35865721106529236,0.3609047881202988,0.3436758143339605,0.35236496043024285,265608000
2002-05-14,0.3836759328842163,0.3847246371228702,0.36285201661738176,0.366297641244147,526506400
2002-05-15,0.378732830286026,0.3892198742392413,0.3721402418536577,0.3800810466368957,335826400
2002-05-16,0.377684086561203,0.38127902975214845,0.3707919868909838,0.37543648447284816,227052000
2002-05-17,0.3746873438358307,0.38622311757868166,0.3686946292162102,0.3818789564231947,236493600
2002-05-20,0.37064263224601746,0.3734892330937315,0.36749651948302225,0.3680955433135847,269914400
2002-05-21,0.35146641731262207,0.3745379341753762,0.35056703152966084,0.3719908204314762,280991200
2002-05-22,0.36435046792030334,0.3650996603851964,0.34936909392794285,0.3501174362879165,290875200
2002-05-23,0.37723439931869507,0.37813293513511786,0.36060447334991536,0.366297675492539,369398400
2002-05-24,0.361803263425827,0.3743877125869657,0.35895666300582124,0.3743877125869657,166174400
2002-05-28,0.35925617814064026,0.362552458946803,0.3510166887745231,0.354912018329765,149716000
2002-05-29,0.35925617814064026,0.3661482516259662,0.3513162006475236,0.3583576425216387,221793600
2002-05-30,0.3625524342060089,0.365248865980586,0.35221471223118345,0.35611001651752927,196375200
2002-05-31,0.34906867146492004,0.36330170063484474,0.34876915955114823,0.3609047802229793,365495200
2002-06-03,0.3432261049747467,0.35131622654852385,0.3382820959517919,0.35041771586635717,235110400
2002-06-04,0.34127888083457947,0.3451741858534518,0.33228937305653256,0.3427764403790093,347821600
2002-06-05,0.3403795063495636,0.34202805943480935,0.334836473503377,0.34202805943480935,277082400
2002-06-06,0.33198991417884827,0.34801999092016067,0.3301919924689851,0.34397534215621617,259996800
2002-06-07,0.3206041753292084,0.32869431955938544,0.31356275998151756,0.32599703807967795,612376800
2002-06-10,0.32180237770080566,0.3271960681529375,0.31970496893083183,0.32180237770080566,277575200
2002-06-11,0.306521475315094,0.325098641256456,0.30577228292447634,0.32420013045184926,349496000
2002-06-12,0.3009783923625946,0.310866435958041,0.29873081537280805,0.30577225815519876,528718400
2002-06-13,0.2927389442920685,0.300379411350701,0.2903411986534694,0.2999297059026641,352083200
2002-06-14,0.3011285960674286,0.30502305114913314,0.2713151458698236,0.288243782716035,424900000
2002-06-17,0.3077203333377838,0.30906854953525237,0.2973826089845893,0.30322600431231794,324609600
2002-06-18,0.3018769919872284,0.3084695808482758,0.2993307526516834,0.3059224914077846,353360000
2002-06-19,0.2564830780029297,0.26367466342549756,0.2528881103932316,0.26022903920284457,1709467200
2002-06-20,0.25633370876312256,0.26367463683235975,0.25243840456902694,0.257232244299528,396636800
2002-06-21,0.25243836641311646,0.2620260444249467,0.2515389809080741,0.25423626231567914,445177600
2002-06-24,0.2587306499481201,0.2656218982662512,0.2501908236887376,0.2512395277850432,431933600
2002-06-25,0.25678256154060364,0.2648726816973903,0.2525877205378234,0.2606778656976857,301201600
2002-06-26,0.24794408679008484,0.2590301510317951,0.23940426088631572,0.2516892226633449,558952800
2002-06-27,0.2555845081806183,0.25873062010666914,0.2459959789308511,0.25153901064320616,251658400
2002-06-28,0.2654726505279541,0.26697021041824676,0.25468524370355256,0.25618365369880003,269858400
2002-07-01,0.2555845081806183,0.2678694440492182,0.25543433971207874,0.2653223557943745,222689600
2002-07-02,0.253786563873291,0.2570828436419418,0.25213883653962504,0.25513477942822854,305188800
2002-07-03,0.26292556524276733,0.2648728056820473,0.25094011031553576,0.25183949636896846,199029600
2002-07-05,0.2807534337043762,0.28090275207108417,0.26532236062566394,0.26532236062566394,161649600
2002-07-08,0.26981663703918457,0.27880529096435613,0.2648726298499402,0.27745707538571374,211204000
2002-07-09,0.26262587308883667,0.27401144613453077,0.2615771693174708,0.27101550325976337,226749600
2002-07-10,0.25947967171669006,0.2722134558915592,0.2584309683092995,0.26532221210042933,206880800
2002-07-11,0.27416175603866577,0.2749109483509373,0.25423635091549096,0.25858051118433417,373676800
2002-07-12,0.26232653856277466,0.28150275618494375,0.2585805760615642,0.2779069622245307,443492000
2002-07-15,0.2731131315231323,0.2786561661295407,0.2518395040703528,0.2611276762293792,295993600
2002-07-16,0.2675699293613434,0.2782063373716022,0.26382396870254143,0.27191408858350025,446768000
2002-07-17,0.23416075110435486,0.24270055238729527,0.22756901463581272,0.24165184828771874,1215485600
2002-07-18,0.22457312047481537,0.23311209854408546,0.22097732702367234,0.23221356273217755,559462400
2002-07-19,0.22412338852882385,0.22726950080036054,0.2176809704976426,0.2202280590321912,385207200
2002-07-22,0.22352442145347595,0.22756907035578072,0.218879898557476,0.22097733227326077,430897600
2002-07-23,0.21678246557712555,0.22667050914796305,0.21633278515995039,0.22322403441544938,399890400
2002-07-24,0.22771918773651123,0.22801869961366322,0.21348616030678935,0.2146850329169872,406593600
2002-07-25,0.21513471007347107,0.22397319817313946,0.20989118954757555,0.22367368630045653,479354400
2002-07-26,0.21483445167541504,0.2176810531594206,0.2067451528495628,0.21663234867067535,207704000
2002-07-29,0.22502194344997406,0.22622084126472064,0.21528409284897107,0.2169318210009964,274960000
2002-07-30,0.2311648279428482,0.232362875534206,0.21813067222304658,0.22247568249891625,354838400
2002-07-31,0.22861769795417786,0.2310146178065352,0.22322398445717442,0.2307151059626778,310699200
2002-08-01,0.22172650694847107,0.23101467688953253,0.22067780267601045,0.22637015436506508,228956000
2002-08-02,0.21648292243480682,0.2247223866514623,0.21348615355488568,0.2208270821685031,179060000
2002-08-05,0.20959091186523438,0.22022812441335463,0.20929139990782145,0.21738152316521508,204024800
2002-08-06,0.22082708775997162,0.22816804156254392,0.21093989546994846,0.21288713520995134,272053600
2002-08-07,0.22517217695713043,0.2301161873929669,0.2149846191016947,0.22607068789607032,333474400
2002-08-08,0.22921675443649292,0.23041562708494637,0.22127677657996053,0.22127677657996053,227348800
2002-08-09,0.22472238540649414,0.22846752138408355,0.22097727443198226,0.22846752138408355,205716000
2002-08-12,0.22457312047481537,0.22502195082680798,0.22007794110692525,0.22322405410123647,179765600
2002-08-13,0.2185804396867752,0.22786863762919166,0.2179805905505142,0.22322411360545055,269869600
2002-08-14,0.22726961970329285,0.22996605303202555,0.21783125294763975,0.21977849366239163,399084000
2002-08-15,0.23386125266551971,0.2359586609851413,0.22487259561046175,0.22846753836843314,322078400
2002-08-16,0.23685729503631592,0.24120228197534274,0.22891733884295182,0.23146442860382835,245224000
2002-08-19,0.23940427601337433,0.2434497741045439,0.23550897141437815,0.23640833214577106,216557600
2002-08-20,0.2383556365966797,0.24105206931963455,0.23266243409105278,0.23925499757220625,186625600
2002-08-21,0.24150168895721436,0.24329958535344656,0.23146432793832283,0.2398539610530034,202428800
2002-08-22,0.2392549067735672,0.24344974779897657,0.23461041043412661,0.24270053063455566,258311200
2002-08-23,0.23565906286239624,0.2386550057505733,0.23146424775815713,0.23820615063320388,163245600
2002-08-26,0.23266242444515228,0.23895465060572058,0.22711939069919138,0.23895465060572058,189968800
2002-08-27,0.22247566282749176,0.2358084791615105,0.22037825462642266,0.2353596239052628,262231200
2002-08-28,0.22022804617881775,0.22652029535772855,0.21947885400052536,0.2217264555384788,247973600
2002-08-29,0.22022804617881775,0.2259212716557018,0.21738144594191386,0.21947885400052536,164169600
2002-08-30,0.2209773063659668,0.22681985135157662,0.21843019248129017,0.22067779445666352,193519200
2002-09-03,0.21049021184444427,0.217980483914706,0.21049021184444427,0.2170819483028405,276936800
2002-09-04,0.2169317901134491,0.22142696869393488,0.21228811824604005,0.2127369735224918,420660800
2002-09-05,0.2124374508857727,0.2151347079160254,0.2104902111820724,0.2130372997267007,226178400
2002-09-06,0.2154342234134674,0.21947887137460145,0.21318664670067078,0.2173814631499579,181591200
2002-09-09,0.2152840942144394,0.21768101475124138,0.21198863788948685,0.21393587798134664,158244800
2002-09-10,0.21468502283096313,0.2170819428371602,0.2115389106162886,0.21588307028328607,249468800
2002-09-11,0.21408604085445404,0.21872971329011073,0.21198863230231488,0.21483440810732196,202412000
2002-09-12,0.21183842420578003,0.21738145647182544,0.21153891234025837,0.212736959802345,269830400
2002-09-13,0.21228815615177155,0.21483442017835758,0.2104902594201024,0.2116883071733762,282951200
2002-09-16,0.21723215281963348,0.21887985573940594,0.21153892668101268,0.211838438566839,286641600
2002-09-17,0.22172650694847107,0.22517213168631176,0.21828088221063038,0.21828088221063038,427996800
2002-09-18,0.22502194344997406,0.22607064774703176,0.21753166995769266,0.22007793389216945,328641600
2002-09-19,0.21843013167381287,0.2217264369649479,0.2169317474427444,0.22097724484941367,205945600
2002-09-20,0.22277522087097168,0.22382392518885943,0.2175316742784498,0.21902923394561444,352788800
2002-09-23,0.22247566282749176,0.2241233906707392,0.21648292509256292,0.22112659675094878,263709600
2002-09-24,0.2193295657634735,0.222025997894586,0.21573374785115626,0.21573374785115626,250661600
2002-09-25,0.22367367148399353,0.2272694889242301,0.21947885534114775,0.22007787904683343,254682400
2002-09-26,0.22022804617881775,0.2275689993870343,0.21798046964394058,0.22622078350671518,208644800
2002-09-27,0.2205275595188141,0.2224756492189075,0.21693176707933934,0.21708193555661892,206152800
2002-09-30,0.21723215281963348,0.21828085697083252,0.211838438566839,0.21573374328580883,237697600
2002-10-01,0.2173815369606018,0.21872975340542558,0.2097410937053581,0.21858040996814704,342423200
2002-10-02,0.21228815615177155,0.2191794060383712,0.21123945181677775,0.2146850767600776,229348000
2002-10-03,0.21423538029193878,0.21872970923437177,0.21063958709731365,0.2124374836946262,217896000
2002-10-04,0.21019072830677032,0.21573376141438494,0.20959087938309726,0.21513473759239504,190825600
2002-10-07,0.206295445561409,0.21288718362092726,0.20614526453729443,0.20929139009690917,244697600
2002-10-08,0.20494717359542847,0.2091419898667518,0.20015249599698587,0.20824262917915495,453644800
2002-10-09,0.2035990059375763,0.20749347366714943,0.20090173583529022,0.20284981355413303,356686400
2002-10-10,0.2113887369632721,0.21303728982221828,0.2034487849304196,0.20419797712057133,321574400
2002-10-11,0.2173815369606018,0.2214270364000233,0.2112394786893238,0.21348623106340897,294677600
2002-10-14,0.22127678990364075,0.2244229275590295,0.21633278072120452,0.21798050874812794,194404000
2002-10-15,0.2271193116903305,0.22846750252382808,0.2214269365027433,0.22801867231570666,405518400
2002-10-16,0.2181306779384613,0.22667050521113596,0.20824265954244078,0.22262500672710647,307624800
2002-10-17,0.2113887369632721,0.21543420976978522,0.2094414973501024,0.21288712134357554,469296800
2002-10-18,0.21483445167541504,0.21498462021746984,0.20869239328499847,0.2097410977737437,288299200
2002-10-21,0.2181306779384613,0.2191793821592008,0.20974104417254535,0.2136363491498161,238520800
2002-10-22,0.22022804617881775,0.22292447793945597,0.21363631015196988,0.21678242223988714,218148000
2002-10-23,0.22292450070381165,0.22442291021648564,0.21723214975331298,0.21917936453142603,209036800
2002-10-24,0.22007790207862854,0.22786853647702354,0.21798049378770573,0.22502191092174792,174748000
2002-10-25,0.2310146540403366,0.23146433442740252,0.2185803475086635,0.2200779069628372,279070400
2002-10-28,0.23386125266551971,0.2389546049696204,0.22846753836843314,0.23296271700066218,349300000
2002-10-29,0.23131418228149414,0.23790591965067473,0.2241234210883024,0.23326224736205936,259179200
2002-10-30,0.23940427601337433,0.2452468203610744,0.2319140037935719,0.23206334718107843,270676000
2002-10-31,0.24075251817703247,0.24629555125062094,0.2385057663075205,0.2395544705404069,295836800
2002-11-01,0.24509753286838531,0.24719496658758514,0.23805611430688606,0.2388053067200383,189828800
2002-11-04,0.25303760170936584,0.26037853481058426,0.2449474509270837,0.24719505396408908,376818400
2002-11-05,0.2531876862049103,0.2540862220588403,0.2449473695827262,0.25094008391430916,210694400
2002-11-06,0.257981538772583,0.25947992369564776,0.2501909022917562,0.2558841299210243,216389600
2002-11-07,0.23970377445220947,0.2561835525572226,0.2368571741316928,0.25378663257719336,336179200
2002-11-08,0.23730695247650146,0.2427006434852399,0.23251311053665594,0.2398540419891182,190064000
2002-11-11,0.2271193116903305,0.2380560319557992,0.22652028800774052,0.23580845549385,152975200
2002-11-12,0.23431098461151123,0.24030369900085388,0.22891729413056214,0.22951631803895575,223792800
2002-11-13,0.23356187343597412,0.24075263814391515,0.22891737377550367,0.23221365662211577,231739200
2002-11-14,0.24419817328453064,0.24584675164639203,0.2364083873685073,0.23820628414967612,141713600
2002-11-15,0.2389545887708664,0.24329957361051582,0.23610881347425589,0.24314940512574254,160994400
2002-11-18,0.23446033895015717,0.2427006310322057,0.23251309860634675,0.24255046249721693,164578400
2002-11-19,0.22876787185668945,0.2359586315844351,0.22487256759109137,0.23296268797325387,210952000
2002-11-20,0.23266242444515228,0.2352095136344618,0.2284675820016892,0.2292167994193808,208740000
2002-11-21,0.24494728446006775,0.24629550032333575,0.2359586286372759,0.23820620514372762,418482400
2002-11-22,0.23985394835472107,0.24419810807249076,0.23820622053774368,0.24105199582104617,227858400
2002-11-25,0.2392549067735672,0.2418011700003417,0.2353596025954718,0.24015344230628188,199427200
2002-11-26,0.23086532950401306,0.23820625928480607,0.22876792099521506,0.2374570669457075,240262400
2002-11-27,0.23550903797149658,0.23760644680204332,0.23146438884193712,0.2337111411021963,286798400
2002-11-29,0.23221363127231598,0.2379060099647391,0.23086541460563684,0.23655779329805995,143432800
2002-12-02,0.227418914437294,0.24120226687534746,0.22487267494087296,0.23820632183396112,398742400
2002-12-03,0.2271193116903305,0.22981656846496779,0.22622077616644554,0.22771916047441168,227869600
2002-12-04,0.22427266836166382,0.2275689735547459,0.21723210291133468,0.227418780092453,325757600
2002-12-05,0.21917939186096191,0.2259213228962698,0.2176810071645328,0.22517213054805524,243398400
2002-12-06,0.22397322952747345,0.22756904770928585,0.21753166060908172,0.21947890060490655,245358400
2002-12-09,0.2209773063659668,0.22397322555759672,0.2197784086239941,0.2238239071568655,236084800
2002-12-10,0.2289172112941742,0.2314642996358564,0.2206777476790013,0.2209772595248162,308610400
2002-12-11,0.23206330835819244,0.23206330835819244,0.2259212531614222,0.22921670835431585,253500800
2002-12-12,0.22756905853748322,0.2329627485622221,0.22487262607597996,0.23236289960276282,149340800
2002-12-13,0.22157633304595947,0.22697004839982482,0.21947892431539726,0.2268198798754494,164780000
2002-12-16,0.22247566282749176,0.2262207988718083,0.21887984516498846,0.2218757889801269,251624800
2002-12-17,0.2259213775396347,0.22756910604321803,0.21962915041478423,0.222475751985822,222661600
2002-12-18,0.21828091144561768,0.2226250475235754,0.21723220703270107,0.2217265366449408,150701600
2002-12-19,0.21273697912693024,0.2235243828780402,0.21123941966328677,0.21768098811103584,347519200
2002-12-20,0.21183842420578003,0.21813064868640855,0.20644472282017773,0.2140860008495293,318096800
2002-12-23,0.21708200871944427,0.2179805445813834,0.21153897481631564,0.21213799872427508,125826400
2002-12-24,0.21513471007347107,0.21678243792401602,0.2142353493538446,0.2163327575642028,39340000
2002-12-26,0.21573378145694733,0.22187583895717441,0.21393588472226235,0.21603329339576818,85422400
2002-12-27,0.2106395959854126,0.21543426214779296,0.20989122871484314,0.21438555784691782,80035200
2002-12-30,0.2107897698879242,0.21198864273459295,0.2073441449686615,0.21093993840691505,155041600
2002-12-31,0.21468502283096313,0.21513470317635983,0.20899182212777556,0.209741014336253,200726400
2003-01-02,0.22172650694847107,0.22352440357293343,0.21498457587908237,0.21513474439016644,181428800
2003-01-03,0.22322407364845276,0.22367375414466203,0.2185804005609926,0.22172653883388738,147453600
2003-01-06,0.22322407364845276,0.2304156861835752,0.22292456168492253,0.2251721640672267,390532800
2003-01-07,0.22247566282749176,0.2247223894103741,0.21678243696391936,0.22157627710877045,342344800
2003-01-08,0.2179805487394333,0.22037831962369733,0.21633282041021312,0.21843022922988145,229644800
2003-01-09,0.2199285328388214,0.2235243502327492,0.21723212609951498,0.2190291721903523,215252800
2003-01-10,0.2205275595188141,0.22202596888859227,0.21708193555661892,0.21843015144604108,175100800
2003-01-13,0.21917939186096191,0.2232240404192744,0.21513474330264942,0.2232240404192744,178942400
2003-01-14,0.21887989342212677,0.22202603142044736,0.21708199669602615,0.22007794117168988,186860800
2003-01-15,0.21618340909481049,0.22022805693328135,0.21363632058453721,0.21858032912148487,371128800
2003-01-16,0.2190292477607727,0.22112665652884117,0.21288718998362804,0.21288718998362804,559070400
2003-01-17,0.21123941242694855,0.21813066102853654,0.21093990054448009,0.21813066102853654,266761600
2003-01-21,0.21004055440425873,0.2158830992727669,0.20974104250095857,0.21288715513810327,253456000
2003-01-22,0.20794323086738586,0.21198870596756228,0.2067451827651105,0.2094416160972289,215140800
2003-01-23,0.21228815615177155,0.21513475721843447,0.20899187462675173,0.2104902594201024,228256000
2003-01-24,0.20674510300159454,0.21333684032697323,0.20314930987804963,0.21333684032697323,305468800
2003-01-27,0.21168828010559082,0.21723216311484478,0.20449751920012832,0.20494719960098629,391406400
2003-01-28,0.21843013167381287,0.22007785926711887,0.21213790802506396,0.21333678043020848,286255200
2003-01-29,0.22367367148399353,0.22622078488851866,0.2142353351625905,0.21798047097541054,373044000
2003-01-30,0.21453486382961273,0.22577112225331453,0.21408600856593088,0.22442290625909375,407058400
2003-01-31,0.21513471007347107,0.2179804854147478,0.21049021329294143,0.21258762150329963,341224800
2003-02-03,0.21962912380695343,0.22337426089843426,0.21498460074527717,0.2158831366105829,264784800
2003-02-04,0.21872971951961517,0.21947891189553245,0.21438555888172475,0.2164829674935989,317413600
2003-02-05,0.21648292243480682,0.22367368256380266,0.21633275395018522,0.2203782519208437,221614400
2003-02-06,0.21618340909481049,0.21858032912148487,0.21303729685325817,0.21513470501429305,179149600
2003-02-07,0.2119886577129364,0.21872973950877114,0.21078978478155969,0.21798054706438708,269701600
2003-02-10,0.21498453617095947,0.21828084189367247,0.21063955137256135,0.2136363202270585,167888000
2003-02-11,0.21498453617095947,0.21917935248601,0.21273695953008662,0.21723213781490983,164780000
2003-02-12,0.21558357775211334,0.21872969024890748,0.21378568131085593,0.21378568131085593,228687200
2003-02-13,0.21783117949962616,0.21932958922544693,0.21333685043313066,0.21588311433972238,208493600
2003-02-14,0.21977834403514862,0.22052753613907214,0.2149845046917614,0.21887980857130204,243297600
2003-02-18,0.22876787185668945,0.22921672708238006,0.2205275579952086,0.2209772633254933,290897600
2003-02-19,0.22247566282749176,0.2269699911009864,0.219928549265523,0.22577111851398665,240368800
2003-02-20,0.22127678990364075,0.2241234156542858,0.2203782791924904,0.22247568762736236,224352800
2003-02-21,0.22472238540649414,0.2256217711091911,0.21947886499724523,0.22202597851383205,157444000
2003-02-24,0.22082708775997162,0.22517209770832758,0.20674507901309477,0.2226249841131353,180252800
2003-02-25,0.22502194344997406,0.22592132933723683,0.21843020574014413,0.21992859047929184,188641600
2003-02-26,0.21723215281963348,0.2250219121528801,0.2169317908291141,0.22457308187802674,217095200
2003-02-27,0.2226250171661377,0.2247224257059655,0.2173814958165681,0.21828088168055193,154341600
2003-02-28,0.22487258911132812,0.22607061162676756,0.22127677134950144,0.22262498735863276,195098400
2003-03-03,0.21947897970676422,0.22711944914206095,0.2179805944919817,0.22487269642187765,203761600
2003-03-04,0.2181306779384613,0.22187581441205417,0.2163327814026695,0.22082711019131468,126414400
2003-03-05,0.2190292477607727,0.22172653053837196,0.21753168799915026,0.218879904335509,126683200
2003-03-06,0.2181306779384613,0.2187297017498357,0.2157337575912951,0.2184301898441485,99859200
2003-03-07,0.21768097579479218,0.22037825788308554,0.21438552005959835,0.21678244016744463,200984000
2003-03-10,0.2152840942144394,0.21977842335865985,0.21423538991073016,0.21738150282185786,134573600
2003-03-11,0.21318668127059937,0.21708198647681856,0.21153895314163948,0.21513474642456748,161190400
2003-03-12,0.21303734183311462,0.21558360577943766,0.2106395961986315,0.2122881494600552,222560800
2003-03-13,0.2205275595188141,0.22172645703555663,0.2122880957050016,0.21678242370358328,335445600
2003-03-14,0.22142702341079712,0.22487264859030223,0.2193296145970275,0.2199286135116435,153098400
2003-03-17,0.22487258911132812,0.22577112475021674,0.22037826071369154,0.22307469273195413,399912800
2003-03-18,0.22472238540649414,0.22607060135436396,0.22202597851383205,0.22472238540649414,229980800
2003-03-19,0.22397322952747345,0.22697002388006177,0.22157630910888398,0.22577115111992047,141316000
2003-03-20,0.22337424755096436,0.2245731204015394,0.2187297247668162,0.2236737344850858,163178400
2003-03-21,0.22472238540649414,0.22696998705706092,0.22202597851383205,0.22607060135436396,297948000
2003-03-24,0.2152840942144394,0.22172651355533632,0.21498458228505588,0.21977842335865985,161100800
2003-03-25,0.2179805487394333,0.22217536637876995,0.21528411600037897,0.21588313991976496,167697600
2003-03-26,0.2158830612897873,0.21813063782158754,0.21423533356071056,0.21798046934552748,178343200
2003-03-27,0.21708200871944427,0.22022812188893362,0.21453491945791434,0.21453491945791434,122393600
2003-03-28,0.21828091144561768,0.2190292537930557,0.21528411663315922,0.21573379712492913,145303200
2003-03-31,0.21183842420578003,0.2176809683373471,0.21034003977661384,0.21468502458057262,256659200
2003-04-01,0.21213804185390472,0.21438561961840832,0.2107898252359903,0.21273706588365127,154341600
2003-04-02,0.21872971951961517,0.22007793575557205,0.21378570991994958,0.21513475125764203,171371200
2003-04-03,0.21663232147693634,0.22022811501607895,0.21498459323056926,0.21813070630187506,145712000
2003-04-04,0.2158830612897873,0.2197783655506643,0.21558354943918398,0.21753161412038088,146020000
2003-04-07,0.21708200871944427,0.2239732589663824,0.21588313580172383,0.22247572419956874,196862400
2003-04-08,0.21648292243480682,0.21947886621316412,0.21513470647946786,0.21738145803784487,128934400
2003-04-09,0.2125876545906067,0.21902922360980476,0.21183846224150565,0.21753166401330873,146725600
2003-04-10,0.2152840942144394,0.2155836061438229,0.21273700516207872,0.21273700516207872,107100000
2003-04-11,0.1977556347846985,0.21633281416747993,0.19371098579283377,0.21049026836752194,1392708800
2003-04-14,0.2034488320350647,0.2059959210510036,0.20224994673139865,0.20539605959753893,502958400
2003-04-15,0.2006022334098816,0.20374834650840817,0.19925401709648208,0.20359901558722984,303968000
2003-04-16,0.19835548102855682,0.2047970377334556,0.1935607898721984,0.1946095066726235,1016176000
2003-04-17,0.19655759632587433,0.19850483665117782,0.19056488171456962,0.19775564418703562,616257600
2003-04-21,0.19685707986354828,0.19760627221950156,0.19446015938552597,0.19670691135167218,152320000
2003-04-22,0.2024000883102417,0.20404781622988366,0.19610786341530445,0.19745607944970353,300568800
2003-04-23,0.2034488320350647,0.20419802439867743,0.2001525381539718,0.20269962716991072,209680800
2003-04-24,0.20135140419006348,0.20389850562195308,0.19475966675418507,0.20255028945344322,325108000
2003-04-25,0.20000319182872772,0.20344882907131548,0.19820529520259247,0.20165091994363918,205318400
2003-04-28,0.20764365792274475,0.20914204271298747,0.2012012509045646,0.20195044329968595,636798400
2003-04-29,0.2106395959854126,0.21213798073001466,0.20344883439443945,0.2094415482711162,458236800
2003-04-30,0.21303734183311462,0.21498458192168313,0.20749347079128005,0.208692356110063,458175200
2003-05-01,0.21513471007347107,0.21558356533170664,0.20974102106044526,0.21348615712134844,342759200
2003-05-02,0.21648292243480682,0.2185803306101261,0.21483436951022464,0.21663226581786457,321182400
2003-05-05,0.24105195701122284,0.2528880619987706,0.2209772392682979,0.22127672608358362,1555708000
2003-05-06,0.2621763050556183,0.26816901847070934,0.24120219565055265,0.241501707556057,1514492000
2003-05-07,0.2644238770008087,0.2732623659019448,0.25633375529845254,0.259629211298372,1054379200
2003-05-08,0.2696673274040222,0.2707160312325153,0.2590300956685093,0.2651721501919575,687736000
2003-05-09,0.27416175603866577,0.2756592905584626,0.2678695057345027,0.27461058634161556,588386400
2003-05-12,0.2780570983886719,0.2807535309940758,0.27161467871514894,0.27191419065999645,419372800
2003-05-13,0.2797047197818756,0.28419904744119306,0.26891814337614695,0.2761089026107626,446796000
2003-05-14,0.27790695428848267,0.28225194062506026,0.27610903235653145,0.2821017720885511,355488000
2003-05-15,0.2806033194065094,0.28240121590144723,0.276707989514672,0.27865607951295573,284995200
2003-05-16,0.28165191411972046,0.2847980254874932,0.27386213247189917,0.27850577774887714,341628000
2003-05-19,0.27116504311561584,0.2794053609234936,0.27056601912680267,0.2776074638551411,445888800
2003-05-20,0.26652127504348755,0.2720643327323636,0.26367467445313353,0.2711649469630564,416220000
2003-05-21,0.26741981506347656,0.2710156079837105,0.264723382924118,0.266521279384235,305009600
2003-05-22,0.2732623815536499,0.27565930199133093,0.2657721083236092,0.2680188602519415,178460800
2003-05-23,0.2744612693786621,0.27655867782332555,0.26906755476001665,0.27281354134404645,206718400
2003-05-27,0.2828509509563446,0.28315046291310114,0.26831840778699867,0.2690676002297946,290130400
2003-05-28,0.27386224269866943,0.27955461905909923,0.2719141526735603,0.27715767373031214,339679200
2003-05-29,0.27116504311561584,0.27715775830948647,0.268169098069637,0.2740116447153479,333765600
2003-05-30,0.2689182758331299,0.27236390123238385,0.26262604899052683,0.271464540196659,382748800
2003-06-02,0.261427104473114,0.2740115547163083,0.2587306723071844,0.2711649540515417,418588800
2003-06-03,0.25932982563972473,0.26472351776748393,0.25498566332480166,0.26127789158949366,360858400
2003-06-04,0.26367470622062683,0.26652130715393896,0.2567826315551323,0.2591803771528729,271202400
2003-06-05,0.26427388191223145,0.26577226749631216,0.2596293816628976,0.2614272793433557,205497600
2003-06-06,0.25693273544311523,0.2702663758813485,0.25678256696788265,0.26577204794403064,241388000
2003-06-09,0.25153911113739014,0.2552850983357847,0.24914219039347504,0.2537867134576609,259952000
2003-06-10,0.25738248229026794,0.2590302104361361,0.2509400630143068,0.25303749660366726,176646400
2003-06-11,0.261427104473114,0.26232646526285186,0.2518394233935233,0.2569327758293506,225114400
2003-06-12,0.2662208676338196,0.2678694202352942,0.2614270284873895,0.2629254126336747,252588000
2003-06-13,0.26097747683525085,0.26891825664272784,0.2566333158121455,0.26592148687332257,191245600
2003-06-16,0.2737119793891907,0.2737119793891907,0.2614270438889874,0.26367462024082794,238526400
2003-06-17,0.27251318097114563,0.277157678298437,0.26951723679004863,0.2758094871649407,177464000
2003-06-18,0.2864466607570648,0.2918395246030369,0.2743110418974146,0.2764084500823077,454983200
2003-06-19,0.28674620389938354,0.2937876214454177,0.2812031709635671,0.2900416599198734,381528000
2003-06-20,0.28764471411705017,0.2933379150500913,0.28315038578628565,0.2898922908332247,356546400
2003-06-23,0.2855472266674042,0.29498556107392576,0.2809027061337523,0.2891430183750378,307361600
2003-06-24,0.28135251998901367,0.29468616304256867,0.28045398426591206,0.2916902188638893,514382400
2003-06-25,0.2859969735145569,0.29064147012683517,0.2803037728350898,0.2825513494511577,329812000
2003-06-26,0.2889929413795471,0.2894426217606407,0.2801544528616132,0.2801544528616132,161705600
2003-06-27,0.2806033194065094,0.2892924648806675,0.2768581830180179,0.2891431214820518,365792000
2003-06-30,0.2855472266674042,0.28779480276001407,0.27850578669578174,0.2798540023108054,222152000
2003-07-01,0.2859969735145569,0.2873451894435785,0.27730782911521373,0.2827006928313002,180992000
2003-07-02,0.2886934280395508,0.2906414929467394,0.28494829182026693,0.28509763521213527,325298400
2003-07-03,0.28659602999687195,0.2928882551192219,0.2843492782255424,0.2846487901216102,137771200
2003-07-07,0.2976820766925812,0.30232657353981,0.28659601173621824,0.2886934199766971,286272000
2003-07-08,0.305622935295105,0.3071204699508651,0.2919897542352364,0.2924386095820191,256737600
2003-07-09,0.29798248410224915,0.306372118343181,0.29798248410224915,0.30277632506800584,213645600
2003-07-10,0.2933379113674164,0.29873077525599595,0.29019179906522025,0.29783223964175737,170934400
2003-07-11,0.2973825931549072,0.29963019510193845,0.29258875246314814,0.294535992399904,136858400
2003-07-14,0.2981317937374115,0.3056229169930709,0.2976821133158172,0.29977952181433604,188406400
2003-07-15,0.2937875986099243,0.30322596074076874,0.29109034150085306,0.29992965487175566,206645600
2003-07-16,0.2976820766925812,0.29963016654844116,0.290341147850905,0.29918046117909164,250930400
2003-07-17,0.31311318278312683,0.31386237510094134,0.3015774113093805,0.3024767971345074,751212000
2003-07-18,0.31251418590545654,0.31730802703064925,0.30562293615027414,0.31311320977067,298838400
2003-07-21,0.3087690770626068,0.31161567833282094,0.30412457893216177,0.3099671249015491,183808800
2003-07-22,0.31161561608314514,0.31401253638402804,0.3071204372765501,0.3126643202836347,198424800
2003-07-23,0.31146544218063354,0.31401253093812065,0.30652143316383323,0.3138623624399468,143035200
2003-07-24,0.3072706162929535,0.32210266790435194,0.30532337648456265,0.31521056912182843,229236000
2003-07-25,0.3227016031742096,0.3231513084682795,0.30562282823234144,0.30577217159503906,216686400
2003-07-28,0.3144613802433014,0.32210267137338344,0.3125141404139389,0.32210267137338344,170357600
2003-07-29,0.31041669845581055,0.3158103871784175,0.3074207547887177,0.3144613461716158,197120000
2003-07-30,0.3038249909877777,0.31311315982393984,0.3021772630704093,0.31116592002174187,173594400
2003-07-31,0.31581035256385803,0.31985499983634763,0.3081690881023064,0.310716176256157,301464800
2003-08-01,0.31056690216064453,0.31865619850977667,0.30921786100082904,0.3146115503352106,149604000
2003-08-04,0.3177577257156372,0.3221027367452221,0.3038250568885417,0.3075701939136623,230115200
2003-08-05,0.30532339215278625,0.320604274823138,0.3011285753333441,0.3198550825194296,249440800
2003-08-06,0.29408708214759827,0.30217722749506787,0.292139017473135,0.3005286496670964,245464800
2003-08-07,0.29858162999153137,0.3009785516548585,0.29094118434526317,0.29558485908578125,174378400
2003-08-08,0.2942363917827606,0.3015773191107233,0.29363736815231206,0.30127780729549897,137659200
2003-08-11,0.2945359945297241,0.2985814680377544,0.2922892426711953,0.29693376499769114,137228000
2003-08-12,0.2951359152793884,0.296633475182338,0.2915401213085596,0.2960344512211582,164438400
2003-08-13,0.30232661962509155,0.3047235401079302,0.29333796153901776,0.2975327786594142,284099200
2003-08-14,0.29918041825294495,0.30457413157262225,0.29873073795119365,0.3027762354670881,192780000
2003-08-15,0.2952852249145508,0.3006789402564096,0.29453603249790594,0.2999297228366805,125865600
2003-08-18,0.30472347140312195,0.3057722004498505,0.29543530348857455,0.2975327115758784,192774400
2003-08-19,0.30442407727241516,0.306372142576269,0.29963023592748045,0.30517326968914504,133688800
2003-08-20,0.3147616684436798,0.31865614749873344,0.3017275401316709,0.3023265388137582,273212800
2003-08-21,0.3247990310192108,0.32524873634091056,0.31386231060937564,0.3150611830918721,255326400
2003-08-22,0.3128136694431305,0.32959293695994885,0.30921787637476433,0.3267463362059646,250264000
2003-08-25,0.31251418590545654,0.3132633782878447,0.3069711523978757,0.31131531307328697,137782400
2003-08-26,0.31536081433296204,0.31566032629160606,0.304873770271348,0.3108664847496724,164959200
2003-08-27,0.32180237770080566,0.32180237770080566,0.309518262135357,0.3132633991955109,225702400
2003-08-28,0.332439661026001,0.33288934156794314,0.31955566966983595,0.31955566966983595,319625600
2003-08-29,0.3387318551540375,0.3423276489348942,0.3303422197332592,0.3325897971217525,263155200
2003-09-02,0.3423275053501129,0.3430766974987052,0.33558560111426755,0.3394809052260563,242132800
2003-09-03,0.3438252806663513,0.34936916603346935,0.34097950385499115,0.3415785279098034,268828000
2003-09-04,0.3420282006263733,0.3483204533661193,0.3411288394628597,0.34697138661775845,199780000
2003-09-05,0.3370841145515442,0.34682196601093584,0.33573589820815786,0.3405297396739319,240133600
2003-09-08,0.3406791090965271,0.3414283015893115,0.33663445975772877,0.3367846282970314,167244000
2003-09-09,0.3351359963417053,0.33963032514475844,0.3313908598561063,0.3375329166965556,180370400
2003-09-10,0.332289457321167,0.338731877854888,0.3312407528232885,0.3333381618190455,224890400
2003-09-11,0.33798256516456604,0.3414281894178711,0.3310913166579559,0.3333380432932273,213684800
2003-09-12,0.3460726737976074,0.3466716975326717,0.3342374169714887,0.3372333607483736,179989600
2003-09-15,0.33273908495903015,0.3430767840763083,0.3313908687919272,0.3417277428075119,226844800
2003-09-16,0.3349865972995758,0.3399306056922599,0.3325896773428423,0.33273902072052514,269007200
2003-09-17,0.3313908576965332,0.33528616266090705,0.3273462093306445,0.3351359941577264,289396800
2003-09-18,0.34277650713920593,0.3444250606116721,0.3288438124984505,0.33109141490844235,252907200
2003-09-19,0.3382820188999176,0.34532343468623533,0.33603526764773306,0.3427763465057382,205956800
2003-09-22,0.3307918310165405,0.3370840562655409,0.32839491069811066,0.33228936552394195,179821600
2003-09-23,0.3360353410243988,0.3364841963119769,0.32779502602675575,0.32989243437422544,132451200
2003-09-24,0.3194054663181305,0.33423752167194093,0.3158104976800515,0.3327391367633452,301285600
2003-09-25,0.30607178807258606,0.32015465061319276,0.30337535538729066,0.3197049701317099,574380800
2003-09-26,0.3099670708179474,0.32509861040804694,0.3018769239063148,0.3041245258679776,347250400
2003-09-29,0.31910577416419983,0.32464880507378024,0.3093679279607363,0.3219523738423857,365702400
2003-09-30,0.31041669845581055,0.3179077952758424,0.3062218822609607,0.31595973055592885,285426400
2003-10-01,0.31146544218063354,0.31610993930272446,0.30247678493279934,0.3102665695001578,236112800
2003-10-02,0.30816906690597534,0.3116155153954002,0.3038249081085557,0.3116155153954002,204058400
2003-10-03,0.3249485194683075,0.3274956089423528,0.3128137462597606,0.3144614746950274,299600000
2003-10-06,0.3339379131793976,0.3345369369289477,0.3233006785630952,0.32464889455037477,268329600
2003-10-07,0.34787070751190186,0.3507173340332862,0.32824483397155196,0.33034224297430864,418174400
2003-10-08,0.34547361731529236,0.35266437675914614,0.3405296092157431,0.3483202424424406,428668800
2003-10-09,0.35131633281707764,0.35461263986643005,0.3414283117801721,0.3490687552716395,347748800
2003-10-10,0.35476189851760864,0.3567099887521442,0.35011740076756853,0.3520654910021041,174837600
2003-10-13,0.3647993206977844,0.36569868168993036,0.35536095588813277,0.355511149423852,279865600
2003-10-14,0.36779600381851196,0.3706426044527689,0.36240231444281984,0.36435037939861137,275419200
2003-10-15,0.3718406558036804,0.374687256466872,0.3682456879516439,0.37229033619830054,610103200
2003-10-16,0.3483204245567322,0.3571588912845964,0.33573594512118593,0.35655989229621055,975682400
2003-10-17,0.34082916378974915,0.3519152287354403,0.3360353235594376,0.35026750086281855,359811200
2003-10-20,0.34787070751190186,0.3496686045288203,0.33528625349536206,0.3385817104414714,279132000
2003-10-21,0.34727156162261963,0.35056701741178403,0.34082916833223514,0.3492188013978895,176461600
2003-10-22,0.3409794569015503,0.34757119590280333,0.3397805838550087,0.343675889878906,161599200
2003-10-23,0.3444249927997589,0.3468219131674393,0.33843227932972003,0.3405296877891498,165211200
2003-10-24,0.33858156204223633,0.3423275229780941,0.33303852997900013,0.3379825383331102,219856000
2003-10-27,0.33858156204223633,0.3429265466872203,0.3369338342913756,0.340829138603751,162013600
2003-10-28,0.3553609549999237,0.35611014745756353,0.33558573954590076,0.33798266034925273,251714400
2003-10-29,0.3549121022224426,0.3580582152849812,0.3496685554484609,0.3522148195216301,267080800
2003-10-30,0.345922589302063,0.35955574574502897,0.34262713285751867,0.35940642732886824,260556800
2003-10-31,0.34292662143707275,0.3498178708987353,0.34127889332704636,0.34906867854825757,218153600
2003-11-03,0.3468219041824341,0.34906865598694553,0.3412788712692105,0.34202806357126575,302842400
2003-11-04,0.3432261049747467,0.34607270563048675,0.3384322644501526,0.34562302523704375,249233600
2003-11-05,0.3450239300727844,0.34652231433986846,0.3366342983394638,0.34187781817278917,322470400
2003-11-06,0.3463723063468933,0.34682198685564924,0.3393308871510707,0.34322619298930346,397073600
2003-11-07,0.3370841145515442,0.34817018235432223,0.33633492211592925,0.3474209899187073,210145600
2003-11-10,0.32809460163116455,0.33933086283501596,0.3271960657798916,0.336334918228981,234276000
2003-11-11,0.3227016031742096,0.32989236232288255,0.32180224259221835,0.32809446626035144,215073600
2003-11-12,0.33453693985939026,0.34037948422264175,0.3218022969065273,0.3218022969065273,300003200
2003-11-13,0.3358851969242096,0.3379826054240229,0.3283949237687,0.3306416756746763,212772000
2003-11-14,0.32150277495384216,0.33873174573094383,0.31880634304016414,0.3367845060380797,237048000
2003-11-17,0.3165588080883026,0.3201546011813738,0.31386237581933596,0.3198550892738968,228256000
2003-11-18,0.3057723045349121,0.3197049737001861,0.304873768663718,0.3177577334283605,267192800
2003-11-19,0.30592235922813416,0.30936798310494845,0.30352543936172005,0.30801976724893443,344584800
2003-11-20,0.30532339215278625,0.3158104342013916,0.3011285753333441,0.3011285753333441,239590400
2003-11-21,0.3038249909877777,0.308319319463444,0.29738257260522327,0.30472350163918743,241836000
2003-11-24,0.3168591260910034,0.31865619742807016,0.3063720844499941,0.30712042661988037,381824800
2003-11-25,0.30981770157814026,0.3183566780849708,0.3087689974385923,0.3180571662024721,268654400
2003-11-26,0.31041669845581055,0.3168590912271299,0.3033752569683025,0.312963786888836,245128800
2003-11-28,0.31326326727867126,0.31566018699188597,0.30742072390886976,0.3113152027544372,76098400
2003-12-01,0.3252488076686859,0.3273462161468944,0.3146115717682544,0.31521059559011877,361536000
2003-12-02,0.3227016031742096,0.32809446626035144,0.32075353864752953,0.32360013865474946,205296000
2003-12-03,0.31506121158599854,0.32719598047429627,0.31401250748203263,0.32270165218609626,191296000
2003-12-04,0.3168591260910034,0.3171586379805145,0.31116592488542005,0.31371301359870063,177940000
2003-12-05,0.31236395239830017,0.31685910575737397,0.3105668811765559,0.3131131446248125,186177600
2003-12-08,0.31536081433296204,0.3158104948218353,0.3057723061472801,0.31131534013673123,148237600
2003-12-09,0.3063720166683197,0.31835661510541485,0.305622824559481,0.3171585678124261,135144800
2003-12-10,0.30532339215278625,0.30876901666851997,0.299031166923623,0.3063720963576468,271336800
2003-12-11,0.3177577257156372,0.3197049659401987,0.30277635251336477,0.3033753514098699,183136800
2003-12-12,0.3129638731479645,0.31940544259317655,0.31011727207380263,0.31940544259317655,192673600
2003-12-15,0.3021772801876068,0.32195249162105133,0.30067889557696986,0.32195249162105133,388908800
2003-12-16,0.3014281392097473,0.3069711730909874,0.29977956081358154,0.3024768435954359,373956800
2003-12-17,0.29783231019973755,0.30157744713200124,0.2964840939081934,0.3008282547251946,274260000
2003-12-18,0.30022916197776794,0.30232657019504233,0.29813175376049356,0.29813175376049356,330915200
2003-12-19,0.2951359152793884,0.3059224970930871,0.2939370422551539,0.3024768716634907,453560800
2003-12-22,0.2973825931549072,0.2979824670707091,0.2883939355824419,0.29438664899797484,377064800
2003-12-23,0.29678356647491455,0.2988809748949925,0.2936374538447976,0.2984312944902157,308498400
2003-12-24,0.3057723045349121,0.30846956235211453,0.2943866996543181,0.29543540405494956,177475200
2003-12-26,0.31131526827812195,0.3132633332123725,0.30472350640095197,0.30487369989959845,103695200
2003-12-29,0.3168591260910034,0.317008469484947,0.3125141409390321,0.31326333321362193,233458400
2003-12-30,0.31880640983581543,0.3221027162807963,0.3168591697349696,0.3173080250802493,204853600
2003-12-31,0.32015460729599,0.3225515277032583,0.317308006468081,0.3198550953827926,174451200
2004-01-02,0.31880640983581543,0.3258478530679739,0.3173080250802493,0.3228510585537588,144642400
2004-01-05,0.3321400284767151,0.3354354843163901,0.32090376971682727,0.32090376971682727,395018400
2004-01-06,0.3309411406517029,0.3358851746626228,0.32524878946234487,0.33333806090667206,509348000
2004-01-07,0.338432252407074,0.34202804522338326,0.3285442097099493,0.3310913233830483,586874400
2004-01-08,0.3499680161476135,0.35551107405374177,0.3393308056406036,0.342177406342526,460303200
2004-01-09,0.3445744216442108,0.3615038870255479,0.3414283081749513,0.3480200470959883,427459200
2004-01-12,0.3555110692977905,0.35955569254229014,0.346072706615383,0.34832030849043505,487547200
2004-01-13,0.3613535463809967,0.37214009812372056,0.3574582172566485,0.3700426901431496,679016800
2004-01-14,0.3625524342060089,0.3676457859026014,0.3562602099976476,0.36554837783314764,620043200
2004-01-15,0.3423275053501129,0.35056696878165755,0.3370839854114521,0.3432260408675325,1018208800
2004-01-16,0.3403795063495636,0.3451741720043999,0.33873177836596213,0.34292659512541623,372820000
2004-01-20,0.3405296504497528,0.3415783545644763,0.3333380400305217,0.33963028972194115,315946400
2004-01-21,0.3387318551540375,0.3441255458253226,0.33603542236931055,0.3400800715464009,226660000
2004-01-22,0.332289457321167,0.34202815989188606,0.332289457321167,0.33798268534184817,205004800
2004-01-23,0.33798256516456604,0.34067899717122335,0.3333380432932273,0.33588515691458964,227169600
2004-01-26,0.34472447633743286,0.34547366859723916,0.3360353313065733,0.33648418658117096,271269600
2004-01-27,0.34562307596206665,0.3483203586200292,0.34157842713238895,0.3451742206043872,307070400
2004-01-28,0.3373836278915405,0.3502675925723667,0.3357358995874989,0.34217746937700966,275402400
2004-01-29,0.3397805094718933,0.34157840609717366,0.3324395795613292,0.3390313171195507,212699200
2004-01-30,0.33798256516456604,0.34262706203282617,0.33588515691458964,0.3393307811678947,185298400
2004-02-02,0.3343866765499115,0.34172760332012553,0.33079170993893897,0.3364840841985441,287431200
2004-02-03,0.33348825573921204,0.33558566410838925,0.3295929258931401,0.33408727952993694,180812800
2004-02-04,0.32644689083099365,0.3309412205315697,0.32509867443100443,0.3295930041315805,305552800
2004-02-05,0.3358851969242096,0.34322612667355623,0.3267463455859855,0.32689653909692146,352844800
2004-02-06,0.34023013710975647,0.34292656907841385,0.3355856403069497,0.3363348325430393,193340000
2004-02-09,0.33963027596473694,0.34247687631819307,0.3370840125761092,0.33888190885732106,188260800
2004-02-10,0.3442748486995697,0.3463722573076795,0.33618472619661266,0.33888198376542106,255343200
2004-02-11,0.35655996203422546,0.35760866677537523,0.3453236969328022,0.3459227210414369,348544000
2004-02-12,0.3555110692977905,0.35940637414822374,0.35356382942339476,0.35371314781746116,183988000
2004-02-13,0.3445744216442108,0.3610542065008308,0.3420281572418675,0.35730906906653526,315980000
2004-02-17,0.3469712436199188,0.35191525267570617,0.34607270792870515,0.34607270792870515,170956800
2004-02-18,0.34846970438957214,0.35116613715435374,0.3453235911300519,0.3472716565393693,141635200
2004-02-19,0.33663439750671387,0.35416288327359086,0.33573586174265,0.3495183607352328,323080800
2004-02-20,0.33558565378189087,0.3372333817065012,0.33273905321108194,0.33708403831423556,277603200
2004-02-23,0.332439661026001,0.336484310597745,0.3279453309123148,0.33468723863379995,194079200
2004-02-24,0.3349865972995758,0.34067897278374265,0.32959288356769795,0.33169031667060833,259056000
2004-02-25,0.34172767400741577,0.3430767150046095,0.3327390179686218,0.33378772200986534,276276000
2004-02-26,0.34517422318458557,0.34727163187530274,0.34157842968570856,0.3427764774508232,198408000
2004-02-27,0.35835766792297363,0.3598560524957642,0.34382512778742685,0.3439752962853607,468837600
2004-03-01,0.35985609889030457,0.3640509161536264,0.3576085217413493,0.361054146621686,321680800
2004-03-02,0.35670995712280273,0.3610541174506936,0.35611008320075166,0.35955570780270274,256687200
2004-03-03,0.35835766792297363,0.3624023161475437,0.3535638274120083,0.3535638274120083,225131200
2004-03-04,0.37693488597869873,0.37783339672909727,0.3582075276452731,0.358507014560018,660223200
2004-03-05,0.4006054103374481,0.41184167050720827,0.3730395621089628,0.3737887544669701,1540599200
2004-03-08,0.3895193040370941,0.40135456184487794,0.3865225349100814,0.3988074731072435,522872000
2004-03-09,0.4059990644454956,0.407946304203279,0.38577329910775227,0.38802090084820445,618363200
2004-03-10,0.4146881103515625,0.42157935720574913,0.40360119789881255,0.4050995820328167,1006964000
2004-03-11,0.4067475497722626,0.4200812212004003,0.4058490138219606,0.40854544677474924,595851200
2004-03-12,0.41289037466049194,0.41618583091264677,0.40704782941224255,0.40929458138385433,329224000
2004-03-15,0.39626041054725647,0.4097442473093954,0.3934146348308821,0.40495040651144387,481717600
2004-03-16,0.3868221044540405,0.3986581891274946,0.3803805350538554,0.39775882821469816,605432800
2004-03-17,0.392365962266922,0.395211738213063,0.3862230797157421,0.38891951224458776,411432000
2004-03-18,0.38457533717155457,0.39041788246672976,0.38337643936605864,0.3886199858139707,321081600
2004-03-19,0.3874218463897705,0.40360126223062265,0.38262715641391654,0.3829275183727823,408576000
2004-03-22,0.3874218463897705,0.3920655177831264,0.37828302187789953,0.38008091810500017,419031200
2004-03-23,0.37888211011886597,0.3895193465203902,0.37783340583035996,0.3877214498684196,385515200
2004-03-24,0.3820282518863678,0.3857733888853035,0.37858262683513283,0.37858262683513283,428215200
2004-03-25,0.40255263447761536,0.4031525084044254,0.38787077512571827,0.39161673676771064,566445600
2004-03-26,0.4050997197628021,0.4098935604998005,0.4031525048107513,0.4045007209491774,419893600
2004-03-29,0.41813376545906067,0.4193318127759192,0.4074965324608483,0.410043645664434,350728000
2004-03-30,0.41828322410583496,0.4187329045243221,0.4095940532548852,0.41558679179828256,359676800
2004-03-31,0.4050997197628021,0.4191825801702014,0.40375150362437606,0.41828321934346674,390773600
2004-04-01,0.40614837408065796,0.40854529415459584,0.3988074453722843,0.4028529433951618,318332000
2004-04-02,0.4119909405708313,0.41843335901543705,0.4079463174373376,0.41573692692438835,274478400
2004-04-05,0.42427608370780945,0.4250252762959773,0.4110926044415691,0.4116916284713157,385672000
2004-04-06,0.4169350266456604,0.42172969275389693,0.41094228783357395,0.41513712999278696,257992000
2004-04-07,0.40914520621299744,0.4149877510077131,0.40330181131354986,0.4136395349090596,255119200
2004-04-08,0.4124406576156616,0.4194820750316721,0.40749662357148303,0.41768417855294154,240917600
2004-04-12,0.42008110880851746,0.42098046962007996,0.41184164361194603,0.41199096200968444,230540800
2004-04-13,0.4034520089626312,0.41993181544608305,0.40210379276657215,0.41918259808925445,436396800
2004-04-14,0.3991069197654724,0.40554933725730896,0.3941629115953065,0.4006053040840674,639732800
2004-04-15,0.43895795941352844,0.44315277793332714,0.421879198314866,0.4317672205692459,1761446400
2004-04-16,0.43716001510620117,0.4391080555815592,0.42697330761070107,0.43671115969736013,402931200
2004-04-19,0.42472559213638306,0.4307182799549994,0.4169349579549429,0.42127996791176553,712353600
2004-04-20,0.4154374599456787,0.4256241656356329,0.41289037097233605,0.4226282463360887,354519200
2004-04-21,0.4154374599456787,0.42128003014482146,0.4100437700789016,0.4134893948125197,325875200
2004-04-22,0.41618573665618896,0.42217844905946883,0.4061483515559212,0.41289028115037874,344584800
2004-04-23,0.41498783230781555,0.41948216188436005,0.4052499807083336,0.41498783230781555,315828800
2004-04-26,0.4064478874206543,0.4140883530312555,0.4045006727008647,0.4131898174133729,231128800
2004-04-27,0.40360140800476074,0.4110925324761722,0.39985627082151026,0.4080965877499368,283864000
2004-04-28,0.39626041054725647,0.40465004449451486,0.39461268247952686,0.40180429378122196,231168000
2004-04-29,0.4010550081729889,0.40450065723188067,0.3892197515981314,0.3962603430895744,460790400
2004-04-30,0.38622310757637024,0.4039017640147741,0.3818789465333873,0.4001557767827919,466502400
2004-05-03,0.39056795835494995,0.39446326266184906,0.38562395000779054,0.38951925431468964,297634400
2004-05-04,0.3916167616844177,0.39775881900538185,0.3820282294101198,0.3890696726261404,279983200
2004-05-05,0.399257093667984,0.4007555030100336,0.38891939687117755,0.39251518924411094,238106400
2004-05-06,0.3982085585594177,0.4007556729988586,0.3880210259158588,0.3955121256867239,263558400
2004-05-07,0.39955660700798035,0.41303961580765863,0.3977587108147978,0.3977587108147978,419036800
2004-05-10,0.39371415972709656,0.3985080006831412,0.3886199817472997,0.39356399121522045,249978400
2004-05-11,0.40659815073013306,0.40734734309113874,0.39551205902829273,0.39551205902829273,305172000
2004-05-12,0.4089950621128082,0.4095940609444983,0.3931143046746638,0.40135459536043144,245420000
2004-05-13,0.4073474407196045,0.4152873964661296,0.40300242902201316,0.4059992241873565,229852000
2004-05-14,0.40539929270744324,0.40929462330893895,0.3962604651692102,0.4082458939178896,257801600
2004-05-17,0.3991069197654724,0.405399143781775,0.394912103754604,0.40000628039722824,300445600
2004-05-18,0.40539929270744324,0.40884491782478355,0.40150398710903246,0.4040510763660318,206063200
2004-05-19,0.3965608775615692,0.4119911092571649,0.39581168498472297,0.410493574208519,375592000
2004-05-20,0.4001556634902954,0.4045006734080123,0.3965606959109029,0.3989576159976909,196296800
2004-05-21,0.40614837408065796,0.4074965900533996,0.40045517321657137,0.40300226177706927,179894400
2004-05-24,0.40959399938583374,0.41798365722162806,0.40614837520119335,0.4088448071541159,235603200
2004-05-25,0.42562416195869446,0.42712254664791727,0.40884486876176085,0.4119909815481081,319978400
2004-05-26,0.42712247371673584,0.4311679716696101,0.41948203326902694,0.4244260418179116,322168000
2004-05-27,0.42202913761138916,0.4284706803489365,0.41678559230708656,0.4263732722284463,235972800
2004-05-28,0.42038071155548096,0.4235268500627059,0.4164862556407798,0.42068109864938386,145717600
2004-06-01,0.42038071155548096,0.42247812055823925,0.4136396541224808,0.4163360870969159,182134400
2004-06-02,0.4332655668258667,0.4370106794209907,0.41648626925233406,0.41993191985800776,318712800
2004-06-03,0.4254748523235321,0.4343141420266738,0.42382709918936323,0.43026869330581174,250930400
2004-06-04,0.4311680495738983,0.4382086174563477,0.42712255089007545,0.4278717432421278,399112000
2004-06-07,0.44659823179244995,0.44914534565898967,0.4316168857252945,0.4350625103102649,295876000
2004-06-08,0.45468857884407043,0.4560367955706425,0.44689881552674227,0.4492957119377823,415620800
2004-06-09,0.452441543340683,0.4600819829970718,0.44944472477816105,0.45079294058793856,349204800
2004-06-10,0.46053171157836914,0.4639773358852909,0.45244161533399413,0.45244161533399413,257577600
2004-06-14,0.45124271512031555,0.45963234820285853,0.4419545713969795,0.45918269283320073,243986400
2004-06-15,0.45978233218193054,0.4665234095597534,0.45333994146393286,0.45753475632180945,444634400
2004-06-16,0.4904944896697998,0.49918365948017834,0.4573856133057362,0.4593328530498468,909641600
2004-06-17,0.4915432035923004,0.4963370441492739,0.48255454627256394,0.48779809222909787,551320000
2004-06-18,0.4930417537689209,0.5005320282574239,0.48585011613972706,0.48929574141665905,406252000
2004-06-21,0.4843515455722809,0.5018800023082713,0.4812054584715006,0.49618765191021813,390213600
2004-06-22,0.4943898022174835,0.49573796815716636,0.48375254292507297,0.48390271140863633,360511200
2004-06-23,0.5048767328262329,0.5068239720782053,0.49274109175313535,0.49438969431243235,390868800
2004-06-24,0.4970862567424774,0.5048769167981021,0.4940903375505154,0.5020303160068879,252515200
2004-06-25,0.5048767328262329,0.5048767328262329,0.49438969431243235,0.49543837316074035,323428000
2004-06-28,0.4867492914199829,0.5122177251495799,0.48255447527440254,0.512067556672299,521096800
2004-06-29,0.48689866065979004,0.49423956392446,0.47056905137583555,0.48045706805119515,590553600
2004-06-30,0.4874977767467499,0.49394017067461365,0.47775992670363415,0.48779811375875587,373044000
2004-07-01,0.48390287160873413,0.48659930439308646,0.4779101820118349,0.480906101757826,341941600
2004-07-02,0.465625137090683,0.46712352176270816,0.44540024442510934,0.4566364792619151,910683200
2004-07-06,0.4636779725551605,0.4707185414326246,0.4614303951813626,0.46847181416373823,348980800
2004-07-07,0.45528820157051086,0.46981989059994206,0.4513928720075903,0.46217944996784277,397992000
2004-07-08,0.4515422582626343,0.4596323545729289,0.4486956076923617,0.4513928898676407,233380000
2004-07-09,0.44989439845085144,0.45693581394144156,0.44989439845085144,0.4534901904250712,208863200
2004-07-12,0.4365609884262085,0.45004480284780757,0.43341485007166225,0.4497444657746548,511621600
2004-07-13,0.43775978684425354,0.4434521888612737,0.43476301726683386,0.43820864219946176,316176000
2004-07-14,0.44315266609191895,0.4489960869202126,0.43056821370854553,0.4323661354952235,835800000
2004-07-15,0.49334120750427246,0.503828251163295,0.481056242057507,0.4892957084602607,1767724000
2004-07-16,0.4824046492576599,0.4931912341351551,0.48120580089599435,0.4913933116359758,488381600
2004-07-19,0.47895872592926025,0.48270388708456946,0.47431425403855054,0.47955774968923365,533170400
2004-07-20,0.4824046492576599,0.4824046492576599,0.47266679416413276,0.47865953578680737,323747200
2004-07-21,0.47371554374694824,0.490045115270778,0.46952067444194073,0.48570097748703783,301257600
2004-07-22,0.47461390495300293,0.47536309746270683,0.46532570805372947,0.46817235955602593,334118400
2004-07-23,0.45993199944496155,0.4756625403829008,0.4566365428297793,0.47236713377388856,273571200
2004-07-26,0.4683215022087097,0.4711681026363565,0.4611307169949239,0.46217944609757844,393932000
2004-07-27,0.4858500361442566,0.4906438770357371,0.4729660980629205,0.4764117227725285,425006400
2004-07-28,0.4834529757499695,0.48555038356208047,0.46682388171169875,0.4840519993815952,285051200
2004-07-29,0.48899605870246887,0.49169249043077456,0.48135561873793054,0.48644894534404404,222157600
2004-07-30,0.48450183868408203,0.49438990787500026,0.47940851068086676,0.489146361349963,243023200
2004-08-02,0.4731162488460541,0.4824043933599203,0.4663743180845139,0.4671235104023062,365092000
2004-08-03,0.4687711298465729,0.47521357255560154,0.4666737217714307,0.47116807477816547,211629600
2004-08-04,0.4762624204158783,0.4812056304041838,0.46697342416089455,0.4672729111173543,276488800
2004-08-05,0.4702695906162262,0.48390271886676856,0.4681721824233615,0.47656181519482016,244501600
2004-08-06,0.4461492896080017,0.46592447032611334,0.4449503922423932,0.46292855207497785,492290400
2004-08-09,0.453939288854599,0.4561868663182815,0.4465983326127522,0.44719820666726956,290847200
2004-08-10,0.47221681475639343,0.4725163516515018,0.45468835570885724,0.4552882295976251,351036000
2004-08-11,0.4645765423774719,0.4663744644873182,0.4533403042866859,0.46592475893205737,322392000
2004-08-12,0.454988032579422,0.4621796206070988,0.4536398160997038,0.456186880614909,226200800
2004-08-13,0.4620293080806732,0.4686210199808406,0.4554375461743465,0.45843431528594913,328048000
2004-08-16,0.4611307680606842,0.4752136532782891,0.4590333596292635,0.46442622410910844,435674400
2004-08-17,0.46247896552085876,0.46637429532536395,0.45468835591800777,0.45813398033036806,323019200
2004-08-18,0.4755130410194397,0.47716079370312225,0.4567856874401311,0.45708522428499954,364655200
2004-08-19,0.4600822925567627,0.47731127304682147,0.4548387441534662,0.4720677246435249,388920000
2004-08-20,0.46143022179603577,0.4642768220258214,0.4567857003600717,0.46008200591908804,316780800
2004-08-23,0.465625137090683,0.4684717379268542,0.4584343508449254,0.4623288308294843,254660000
2004-08-24,0.4786594808101654,0.4786594808101654,0.46727302300393797,0.46832175266745374,374136000
2004-08-25,0.49513915181159973,0.4966366866123551,0.47536306137652706,0.4774604702037245,505618400
2004-08-26,0.5192593336105347,0.5270490942220535,0.4904945864222621,0.4949888906473049,955858400
2004-08-27,0.5146145820617676,0.5207566367523556,0.5093710377735412,0.5195585895451104,388813600
2004-08-30,0.5111690163612366,0.5201576718352461,0.5087720715718573,0.5093710952430646,218142400
2004-08-31,0.5167121291160583,0.5236033777202086,0.5093711751341571,0.5104199042770677,376560800
2004-09-01,0.5372365117073059,0.539184551430834,0.5122177329251607,0.5138654856957218,515726400
2004-09-02,0.53424072265625,0.5364874998974214,0.521805588222318,0.5318438268911971,406324800
2004-09-03,0.5277981162071228,0.5381358376888661,0.5245026608846071,0.5245026608846071,293468000
2004-09-07,0.5357379913330078,0.5421803824912026,0.52779801626394,0.5303451290622649,301957600
2004-09-08,0.5445776581764221,0.5478739652875144,0.5345403185127089,0.5348398055009114,343526400
2004-09-09,0.5348396301269531,0.543828287325904,0.5285474050673606,0.5408323682965448,461339200
2004-09-10,0.5373866558074951,0.5427795192024373,0.531243750147237,0.5342405187902036,328014400
2004-09-13,0.5331918597221375,0.5403825945483127,0.529146361920114,0.5375359942716725,281976800
2004-09-14,0.5316935181617737,0.5325920287966368,0.5210562583811945,0.5279483570148771,254822400
2004-09-15,0.5273485779762268,0.5315434452502668,0.5213567391154974,0.5297463736512446,232668800
2004-09-16,0.5445776581764221,0.5507205668576306,0.5255516583663765,0.5273486803079435,501916800
2004-09-17,0.5564126968383789,0.5600084891730311,0.5453265830854656,0.5475742095761497,502308800
2004-09-20,0.564952552318573,0.5689972002624112,0.5523681030245257,0.5525174214073787,245000000
2004-09-21,0.5694470405578613,0.5823310309127232,0.5612075735067674,0.565551759737974,386652000
2004-09-22,0.5531173348426819,0.5713941362401874,0.5514687317622422,0.5707951124504341,401688000
2004-09-23,0.5583609342575073,0.5618065593397631,0.5532667557953792,0.5549153091752516,397404000
2004-09-24,0.5586603283882141,0.5692966878630845,0.5565629201698489,0.5610572234773274,369488000
2004-09-27,0.5622559785842896,0.568997056790937,0.5517689401502025,0.5535659609315837,397516000
2004-09-28,0.5698968172073364,0.57364192995844,0.5610574750064788,0.5612076435615049,353186400
2004-09-29,0.5794844031333923,0.582181685953693,0.5666004133656022,0.5682481666834562,273509600
2004-09-30,0.5805328488349915,0.5883235069959597,0.5760385460876648,0.5842788595510414,425012000
2004-10-01,0.5793350338935852,0.5871247943963863,0.5779868176541387,0.5860761150908178,465404800
2004-10-04,0.5811329483985901,0.5869755192370384,0.5805330743879769,0.5869755192370384,574084000
2004-10-05,0.5898217558860779,0.5943160576017357,0.5752892218877926,0.5776861161279585,406162400
2004-10-06,0.6088481545448303,0.6106460263215416,0.5913196423128798,0.5917693477863581,446303200
2004-10-07,0.5935671329498291,0.6131930510440996,0.5911702376302006,0.6073504811855619,426148800
2004-10-08,0.5851774215698242,0.5958146307599539,0.5818811158721636,0.5926685435506541,359228800
2004-10-11,0.5781363248825073,0.5851777454119713,0.572293752566417,0.5812824638390606,323870400
2004-10-12,0.5736417174339294,0.577986752702693,0.5640532362203914,0.5767878550094186,460191200
2004-10-13,0.5955144762992859,0.5956646448275135,0.5803837594276555,0.5823309996837929,1163008000
2004-10-14,0.6738680005073547,0.6854037256454675,0.6374628029630826,0.6470513375428043,2768427200
2004-10-15,0.6816583275794983,0.6833060304490416,0.6620324611908254,0.6723701339924927,1031128000
2004-10-18,0.7153673768043518,0.7153673768043518,0.6696731817231395,0.6696731817231395,1200752000
2004-10-19,0.7104229927062988,0.7243556566333803,0.7087743899033743,0.7206104959223203,801992800
2004-10-20,0.7111722230911255,0.7131194627355145,0.6988872611959692,0.7068271883530425,605108000
2004-10-21,0.7182125449180603,0.721059144276017,0.7095233785124869,0.7113212991680157,724505600
2004-10-22,0.7102728486061096,0.7141681279176628,0.7044302796818525,0.712220888311112,483067200
2004-10-25,0.7123703360557556,0.7167153211873276,0.7051795504332972,0.7071267902567894,392644000
2004-10-26,0.7186626195907593,0.7198614673394408,0.7036812232499218,0.7108719594523558,594361600
2004-10-27,0.7535692453384399,0.7583639354436749,0.7216592680263001,0.7267525948861757,1193494400
2004-10-28,0.7818841934204102,0.7823338987178644,0.7415845880293994,0.7487753222291148,864264800
2004-10-29,0.7850305438041687,0.7970159708368967,0.7760418860804636,0.7766409099015954,810219200
2004-11-01,0.7857797145843506,0.7979145096918505,0.7796376578319676,0.7865289068910626,602050400
2004-11-02,0.8015104532241821,0.8101995754275424,0.7850306696839839,0.7850306696839839,729988000
2004-11-03,0.8286272883415222,0.8406118648624601,0.8088512018928369,0.8145444533114401,1204173600
2004-11-04,0.815742552280426,0.83222233466636,0.8145445545361351,0.8244325739861966,928625600
2004-11-05,0.8197879791259766,0.8239827960873154,0.7796376810788929,0.821885387606646,1205047200
2004-11-08,0.8146940469741821,0.8307249774288689,0.8069042346239043,0.8130462934113711,526920800
2004-11-09,0.8097506761550903,0.8172409495568438,0.7997124386400323,0.8124471085715841,475764800
2004-11-10,0.8202377557754517,0.8298254381758485,0.8076533037986139,0.8082522776670328,508676000
2004-11-11,0.8284773230552673,0.8304245634362863,0.8124472441898282,0.8232337757549878,407299200
2004-11-12,0.8314729332923889,0.8343195336369085,0.8215857664321681,0.8241320298128021,395701600
2004-11-15,0.827578604221344,0.8308740604068597,0.8140947922574736,0.8269787802893056,376045600
2004-11-16,0.8230835199356079,0.8269788503895196,0.8161922699620188,0.8263798265053212,295103200
2004-11-17,0.8224842548370361,0.8307245687891279,0.8122967012814922,0.8268292394776203,397751200
2004-11-18,0.8298254013061523,0.8307247621798276,0.8133456196701192,0.8134957881829714,459149600
2004-11-19,0.826529860496521,0.8525973214405759,0.8164916240041807,0.8313237009933736,765279200
2004-11-22,0.9191156029701233,0.9588162013373754,0.8674295258020653,0.925856734709198,2568210400
2004-11-23,0.9179167747497559,0.9355953563602929,0.9146212680705179,0.9333477789998937,911450400
2004-11-24,0.9595649242401123,0.9767939415734219,0.9221111214132205,0.9242084791647419,1390788000
2004-11-26,0.9670562744140625,0.9851838064716121,0.9639101870338022,0.9790409500967838,550144000
2004-11-29,1.0253342390060425,1.0422628249021673,1.0099031376260472,1.0329746804412738,1712916800
2004-11-30,1.0045098066329956,1.030578027347298,1.0045098066329956,1.030578027347298,1028518400
2004-12-01,1.0155965089797974,1.017993404719845,0.9928244992642459,1.0155965089797974,800553600
2004-12-02,0.9769434928894043,1.0022626104799652,0.9687040783547985,0.9907267900527033,987442400
2004-12-03,0.9390406608581543,0.9737973381079231,0.9251080462732968,0.9667558715661959,1238848800
2004-12-06,0.9854839444160461,0.9923751971440834,0.9430859980669418,0.9625617080037945,1247920800
2004-12-07,0.942186713218689,0.9997152846079642,0.9372427055032131,0.9877298113583258,1056899200
2004-12-08,0.948029637336731,0.9652585624861381,0.9296026644108084,0.945033667790584,691902400
2004-12-09,0.9586665630340576,0.9648086188083408,0.9299018235594654,0.9409878876894048,741501600
2004-12-10,0.9760453701019287,0.9895283356418505,0.9693034372763728,0.9742474480060539,775773600
2004-12-13,0.9724491834640503,0.9872812104300235,0.9678047113714768,0.9830863937246938,395040800
2004-12-14,0.9781420230865479,0.986981408628575,0.9740965262695696,0.9797898254488849,415721600
2004-12-15,0.9776927828788757,0.9806895521762651,0.9687041751962276,0.9773932459663913,398361600
2004-12-16,0.997768223285675,1.011251183011226,0.9895279089193504,0.9910262933674986,1126115200
2004-12-17,0.9736483693122864,1.004360259825246,0.9723001029069887,1.0013634899588904,783496000
2004-12-20,0.9396401643753052,0.9887791340219969,0.9252577878638186,0.9808391532753875,1168126400
2004-12-21,0.9541715383529663,0.9553703860314244,0.9228605813543371,0.9522242984848108,1064414400
2004-12-22,0.9550706744194031,0.9642094975447246,0.9498271300084737,0.9537224087228661,565829600
2004-12-23,0.9589664936065674,0.9625614374368454,0.9528236352118113,0.9550712126967977,245929600
2004-12-27,0.9462316632270813,0.9760451390037751,0.9420368460377615,0.9708015925140426,559490400
2004-12-28,0.9615127444267273,0.9625614739422077,0.9296028036285954,0.9483293163062229,611755200
2004-12-29,0.9654077887535095,0.9734978850386797,0.9523744837184064,0.9559694264310746,449562400
2004-12-30,0.970801591873169,0.9742472166904457,0.9621124205696211,0.970950910282904,345340800
2004-12-31,0.9648092985153198,0.9737980108998242,0.9592663125514764,0.9721503069907192,278588800
2005-01-03,0.9481795430183411,0.9754457972545892,0.937841771287785,0.9705017890532802,691992000
2005-01-04,0.9579174518585205,0.9808387742442802,0.9433849624202606,0.9556698751062235,1096810400
2005-01-05,0.9663078784942627,0.9775441712866239,0.9595659427990106,0.9657080041369601,680433600
2005-01-06,0.9670562744140625,0.9724491384417321,0.9487786238723037,0.9688533956950461,705555200
2005-01-07,1.0374689102172852,1.0431621115870293,0.9700523048783085,0.9737974662607031,2227450400
2005-01-10,1.0331246852874756,1.0591921943905842,1.0169443933739073,1.0461579897836248,1725309600
2005-01-11,0.9672058820724487,1.0359707697118958,0.9609137054300587,1.0224878055117097,2611627200
2005-01-12,0.9806892275810242,0.9872809377080798,0.9483287504495133,0.9805391091313328,1919702400
2005-01-13,1.0457091331481934,1.114923653876254,1.0446605040555803,1.1042864443711304,3164716800
2005-01-14,1.051701545715332,1.074473559370609,1.0365707761938152,1.0524507382837651,1770742400
2005-01-18,1.0584429502487183,1.0591921424430777,1.0149963037758567,1.046457475335887,1006460000
2005-01-19,1.0469074249267578,1.0705779444342758,1.0449601847553363,1.0560462521041585,751895200
2005-01-20,1.0555962324142456,1.0677318250240508,1.0407650082568838,1.0434614399028481,914922400
2005-01-21,1.0560457706451416,1.0726749140931942,1.0487048685690907,1.0683307802706417,911332800
2005-01-24,1.0600910186767578,1.0753727044864487,1.0569449304392453,1.063387325451726,841629600
2005-01-25,1.07941734790802,1.091252607806825,1.0627881966748216,1.0692297912561246,969231200
2005-01-26,1.082413673400879,1.0899038942587609,1.0669825762809297,1.088555728513441,739496800
2005-01-27,1.0882563591003418,1.0924511754619703,1.0719267490042288,1.081064773850941,496227200
2005-01-28,1.108331561088562,1.108331561088562,1.085260012124031,1.0879572451888524,801612000
2005-01-31,1.152077317237854,1.166909344303001,1.1162720066043752,1.1173207357907997,1681097600
2005-02-01,1.161515712738037,1.1651114557769267,1.1472834591528238,1.154324926746517,678395200
2005-02-02,1.1929768323898315,1.1971716490423088,1.1639125527024836,1.1678078324626506,1020062400
2005-02-03,1.16571044921875,1.1899808379500798,1.1585196637230073,1.185036829129421,731651200
2005-02-04,1.1811416149139404,1.1824898811325097,1.1615157953801722,1.1666099234005585,563556000
2005-02-07,1.1826399564743042,1.188782012943156,1.1610667994780048,1.1824897379730712,524456800
2005-02-08,1.2120035886764526,1.2191943738089115,1.1803921975480374,1.1845871139112114,890019200
2005-02-09,1.1796425580978394,1.2283327330408929,1.1700548815602443,1.214100486551742,1191456000
2005-02-10,1.1739509105682373,1.1877334095091687,1.1484824711249175,1.1793437753358336,1093019200
2005-02-11,1.216647982597351,1.2248874962938587,1.1826397986153099,1.1964222942575788,1201054400
2005-02-14,1.267884612083435,1.2702815073973834,1.2292326498964943,1.2394194049746134,1271463200
2005-02-15,1.324514389038086,1.3345517234314286,1.2884087487593971,1.2982967647895385,2312217600
2005-02-16,1.3502824306488037,1.3513310596658263,1.3086337064396623,1.3206191810605488,1639243200
2005-02-17,1.315526008605957,1.3615188761789259,1.3101323439596855,1.358073251584204,1518473600
2005-02-18,1.3005446195602417,1.316275157471351,1.2921549860060073,1.3144773359901631,1163254400
2005-02-22,1.2777727842330933,1.3228671455977115,1.2777727842330933,1.2929035502692081,1219293600
2005-02-23,1.3218185901641846,1.3251139970112273,1.2816682332484732,1.2991958971931916,1345181600
2005-02-24,1.3323053121566772,1.3379977137687904,1.3143271962793148,1.3255634811980437,1519028000
2005-02-25,1.3332042694091797,1.3469875718401725,1.3212187890344036,1.3426426351796101,915510400
2005-02-28,1.344140648841858,1.3525302827612946,1.3171738255117755,1.3387468841265402,651610400
2005-03-01,1.3333536386489868,1.35163048582599,1.3231660860678573,1.3480355438202696,468188000
2005-03-02,1.3219677209854126,1.3450392660972557,1.3207696732458574,1.3258630013393815,458161200
2005-03-03,1.252153992652893,1.3306567659049178,1.2350752881844045,1.329458718279348,1411653600
2005-03-04,1.2827162742614746,1.288708110790993,1.2539515384378723,1.2812178900768467,756618800
2005-03-07,1.2809183597564697,1.2958998013837149,1.2689329864276262,1.2824159438503466,450632000
2005-03-08,1.2144007682800293,1.2632402915069425,1.2015167793376353,1.2554504308075844,1021451200
2005-03-09,1.1790441274642944,1.2069094597459662,1.163463708363299,1.1877332977432915,1322465200
2005-03-10,1.1934266090393066,1.2063105971982317,1.1715539128774355,1.1844379010363604,777109200
2005-03-11,1.206610083580017,1.2161986659202173,1.192528147177396,1.204812261895854,632830800
2005-03-14,1.2081085443496704,1.2221913805834668,1.1841384891480868,1.214101183165479,605385200
2005-03-15,1.2272847890853882,1.232678454409417,1.2060111649230638,1.2176971064173367,508608800
2005-03-16,1.2338758707046509,1.2677339298668544,1.2218912985062749,1.2347752811892498,697813200
2005-03-17,1.2659372091293335,1.284813932440318,1.2380709794071012,1.2443632538481992,801920000
2005-03-18,1.2872111797332764,1.3015935538240844,1.2734277795269364,1.2982972472189431,940150400
2005-03-21,1.3093831539154053,1.317473250849582,1.2842142523780153,1.2970982400583304,541128000
2005-03-22,1.2833160161972046,1.317174095735321,1.2788216614012022,1.3096829710094726,551415200
2005-03-23,1.274925947189331,1.3003943844276105,1.2590451909752205,1.2719291780430504,609823200
2005-03-24,1.2734272480010986,1.2884086897354896,1.2734272480010986,1.2857122582513318,352704800
2005-03-28,1.2743271589279175,1.2872111478714439,1.272529237195649,1.2809188718640077,275410800
2005-03-29,1.2509548664093018,1.2833154467337973,1.2434646451183058,1.2752252516465226,461356000
2005-03-30,1.2824161052703857,1.2824161052703857,1.2530523919745942,1.260543513780315,394959600
2005-03-31,1.2485582828521729,1.27402672179737,1.2461613874385684,1.271929263288895,636134800
2005-04-01,1.2251871824264526,1.2638399456888096,1.2155995009160359,1.261142713303117,641284000
2005-04-04,1.2311798334121704,1.2377716452666996,1.2033145014883797,1.2281839644377748,580014400
2005-04-05,1.255150318145752,1.2656374133611785,1.2311802577080506,1.2350756388095943,556239600
2005-04-06,1.2683345079421997,1.2827168826758046,1.2629408423831596,1.2704319667611166,414825600
2005-04-07,1.305188775062561,1.310881978540682,1.265937825036617,1.2683347212080116,506987600
2005-04-08,1.310581922531128,1.3318555427729966,1.304589184414007,1.3093830748707487,649950000
2005-04-11,1.256049394607544,1.3258628983726213,1.255749857692834,1.322867029163894,821662800
2005-04-12,1.2782214879989624,1.2941022446462336,1.2587457884234716,1.2731281604567326,981061200
2005-04-13,1.2296814918518066,1.2881094899479701,1.210205792523382,1.2869114423532884,1371946800
2005-04-14,1.1164214611053467,1.1853365587281928,1.1038370093709915,1.1628639877325868,2753192400
2005-04-15,1.059192419052124,1.116121939570657,1.0570949603946254,1.0972453117148364,1728087200
2005-04-18,1.0672823190689087,1.0876574279438234,1.0187423421324788,1.0487051315797982,1327177600
2005-04-19,1.111328125,1.1218151180296532,1.07477271777611,1.0966462147436882,1081642800
2005-04-20,1.0639859437942505,1.130803566979109,1.061888585674271,1.1284066719953967,945131600
2005-04-21,1.1140247583389282,1.1149240693846951,1.0756723226296807,1.0906536725074223,759592400
2005-04-22,1.0636863708496094,1.1086314006696762,1.045709059007718,1.1038367107541145,839129200
2005-04-25,1.1080318689346313,1.1092307168051627,1.0819644536788509,1.0933499580109742,746460400
2005-04-26,1.0843610763549805,1.123912344806332,1.0822636181743073,1.10203885235074,810507600
2005-04-27,1.0771700143814087,1.0894541233022395,1.0639856948830422,1.075372093533463,613888800
2005-04-28,1.0648852586746216,1.0888553064905173,1.0558957531529525,1.0873569222205066,575106000
2005-04-29,1.08046555519104,1.0855596810986914,1.0552965627144788,1.0831619864975324,671630400
2005-05-02,1.0915518999099731,1.0981444116285743,1.0792677873995595,1.0849600882775716,465920000
2005-05-03,1.0849603414535522,1.100841100514907,1.0795674761859857,1.0906535437709037,496739600
2005-05-04,1.1131260395050049,1.1146235241328384,1.0816648605942012,1.0819643975247002,448176400
2005-05-05,1.0990431308746338,1.1167210108605405,1.0927509549413845,1.116121936984453,387366000
2005-05-06,1.115822196006775,1.1185186277884132,1.10233913698783,1.1053351056258907,326247600
2005-05-09,1.1077324151992798,1.1221147902572677,1.1011407016567507,1.117021461643871,355695200
2005-05-10,1.091252326965332,1.1161216882424974,1.0885558950498735,1.1011403441241003,440263600
2005-05-11,1.0669829845428467,1.0687809062696332,0.9920752466256613,1.0546980695187547,2041981200
2005-05-12,1.0226380825042725,1.0663832844678296,1.018742701475373,1.0612899555079394,970242000
2005-05-13,1.0418137311935425,1.0555962262830703,1.0208396516212364,1.0247349306960865,702713200
2005-05-16,1.0651848316192627,1.0696791849052338,1.0346222691564624,1.0355215798678303,474294800
2005-05-17,1.059491515159607,1.062488283755648,1.034921693124759,1.0528998043934723,588344400
2005-05-18,1.0738742351531982,1.1254109909050358,1.0484057942669007,1.0621882939887137,636722800
2005-05-19,1.125110387802124,1.129005667265026,1.0720760599026506,1.0720760599026506,793161600
2005-05-20,1.125110387802124,1.1281071566689822,1.1143238601079446,1.1161216813985149,452650800
2005-05-23,1.1913292407989502,1.1955240581956517,1.1341001820587409,1.1341001820587409,1042574400
2005-05-24,1.1895312070846558,1.198220277262834,1.1694564346010639,1.1820408845486927,593460000
2005-05-25,1.1919282674789429,1.1970223955965797,1.178145768065272,1.1835386330178435,396006800
2005-05-26,1.220692753791809,1.2266853914192946,1.1967227033434193,1.1967227033434193,525520800
2005-05-27,1.2152990102767944,1.2221911587397902,1.1988200816261858,1.2176968054591304,316008000
2005-05-31,1.1913292407989502,1.220693062588197,1.185935575534088,1.218296066938226,404205200
2005-06-01,1.2075097560882568,1.2212922585541324,1.1943254275110409,1.195224838609639,453812800
2005-06-02,1.1997190713882446,1.2081088075632007,1.1865356431680156,1.2000186083825821,373973600
2005-06-03,1.1457847356796265,1.1559722878963785,1.1317028047800544,1.1433878410620846,956869200
2005-06-06,1.1361972093582153,1.1574708270823362,1.1254106820732646,1.1484822210320547,811966400
2005-06-07,1.0948479175567627,1.1305039016555827,1.0921514860157147,1.1266086227096705,745264800
2005-06-08,1.1062335968017578,1.1161216132965601,1.0957466066169106,1.0975444277977837,404006400
2005-06-09,1.1281074285507202,1.1367966001790288,1.1032380614323616,1.1086317266286034,390255600
2005-06-10,1.072975754737854,1.1206163313441055,1.0642857828040735,1.1206163313441055,678932800
2005-06-13,1.0756723880767822,1.0969460162111104,1.0732754919653285,1.075372851072117,435772400
2005-06-14,1.0786677598953247,1.0831621126330497,1.0711774386985828,1.0762707651010512,347846800
2005-06-15,1.1125260591506958,1.117620186728624,1.0876574954343954,1.1047362994807306,563343200
2005-06-16,1.1379951238632202,1.1409910925002151,1.1032377471646133,1.1143238112420928,547674400
2005-06-17,1.1478829383850098,1.1547749900027473,1.1335005612236975,1.1526776308421427,596125600
2005-06-20,1.126908302307129,1.1412906725203098,1.1221144122647912,1.1340998874629582,323716400
2005-06-21,1.1343994140625,1.1442874310114857,1.120017043979502,1.130204597793421,370526800
2005-06-22,1.1550740003585815,1.1565715847251536,1.1427890879715432,1.1463848306409279,424925200
2005-06-23,1.16526198387146,1.1919284765886888,1.1580703958707033,1.1634640618681835,674254000
2005-06-24,1.131402850151062,1.172153076389264,1.1290059545117603,1.1712536654535952,410709600
2005-06-27,1.1116278171539307,1.1415905156905757,1.09904326374138,1.1038371554899598,600171600
2005-06-28,1.117919921875,1.1263095569350035,1.1137251043449985,1.1233136873235974,350299600
2005-06-29,1.089754581451416,1.1173204705794801,1.0822634604447212,1.1155225495314793,448358400
2005-06-30,1.1029384136199951,1.113425405917977,1.0879569674764997,1.0969456751428779,418390000
2005-07-01,1.0936495065689087,1.1077323437500013,1.0873573304007738,1.1035375263004656,250000800
2005-07-05,1.1379951238632202,1.1430884505682621,1.0936491673441018,1.095147551711823,454269200
2005-07-06,1.120316743850708,1.143388288753341,1.114623541834199,1.1299053261981964,394626400
2005-07-07,1.127508282661438,1.1314026623579736,1.1026388193249554,1.1029383562208983,383723200
2005-07-08,1.1460844278335571,1.1469838385077236,1.1227134519912447,1.1346988268140452,290735200
2005-07-11,1.1415908336639404,1.158070672492521,1.1320031475086172,1.1496810345555737,388788400
2005-07-12,1.1457847356796265,1.1505794250253487,1.1358976203914857,1.1454852988739468,387038400
2005-07-13,1.1490819454193115,1.153576301386722,1.135598177430477,1.147284023010078,684835200
2005-07-14,1.2209922075271606,1.2587456550812635,1.2054118895468053,1.2221911551209348,2096060400
2005-07-15,1.2449630498886108,1.2455620235717235,1.2123030321966224,1.2275839119833656,687682800
2005-07-18,1.2431652545928955,1.2614421047811586,1.2395694118840601,1.2407683594947159,586297600
2005-07-19,1.2941023111343384,1.295301158904392,1.2305809814911495,1.2440639434019043,671062000
2005-07-20,1.307285189628601,1.31237941541388,1.2779214825298175,1.2842137554856998,453395600
2005-07-21,1.297098994255066,1.319571476580528,1.2854138475131869,1.3093839152551943,404264000
2005-07-22,1.3183728456497192,1.3183728456497192,1.3000951907632778,1.301593575616735,301106400
2005-07-25,1.3126792907714844,1.326762124367772,1.3102823957137926,1.3180721546328236,294627200
2005-07-26,1.307285189628601,1.3216675563884135,1.299195095824671,1.3186716883697622,268592800
2005-07-27,1.3180723190307617,1.3204700144860007,1.2785218454365783,1.3132784283051437,283749200
2005-07-28,1.3123801946640015,1.318372934382462,1.297398845429576,1.313877779519546,251311200
2005-07-29,1.2779221534729004,1.3297584483631444,1.266237111923917,1.3051885172434792,562080400
2005-08-01,1.2809183597564697,1.2908055751645544,1.2608427919223584,1.2755246967283693,314249600
2005-08-02,1.2941023111343384,1.3033904559916725,1.2767239690787757,1.2851136031856167,296875600
2005-08-03,1.295000672340393,1.2976979044899684,1.2815177119866272,1.2941021616936583,258322400
2005-08-04,1.2797199487686157,1.288409119867056,1.2671354975060192,1.28511361363595,269304000
2005-08-05,1.2881096601486206,1.2991957273725,1.2590453757049285,1.2731283125271151,241931200
2005-08-08,1.2779221534729004,1.2959003713924222,1.27672410567329,1.2884092472346118,176383200
2005-08-09,1.312978982925415,1.3150763413581754,1.2857126232132665,1.286311597017749,380839200
2005-08-10,1.299795389175415,1.3300576164197537,1.297697930842159,1.3183725772330144,360945200
2005-08-11,1.3183728456497192,1.321967789152423,1.2959003732550318,1.3000951907632778,271983600
2005-08-12,1.38129460811615,1.384889650329452,1.2991953093746473,1.302192077996452,916036800
2005-08-15,1.428635835647583,1.4481115327047747,1.39178179967479,1.3926803102629381,1086727600
2005-08-16,1.385789394378662,1.4232433131643196,1.384590546537758,1.4199470066665842,537622400
2005-08-17,1.4127558469772339,1.4214450162248409,1.3893839709459586,1.3902833816231346,499724400
2005-08-18,1.38728666305542,1.4082607447844713,1.3708077346410763,1.405564312876897,442559600
2005-08-19,1.3732051849365234,1.399272704163076,1.371407262900882,1.3866881500247448,376569200
2005-08-22,1.3744027614593506,1.4007706087318639,1.3561259106151782,1.3827923946656273,387732800
2005-08-23,1.3705075979232788,1.3812949273267325,1.3579231470470765,1.3738039041518013,295604400
2005-08-24,1.371407151222229,1.4118570433164221,1.366013485566881,1.3663130225340194,572070800
2005-08-25,1.3800957202911377,1.3929797047273167,1.3726045990541116,1.3818936413944196,276253600
2005-08-26,1.3705075979232788,1.3884857135012079,1.3591219947900692,1.3818940011550904,261058000
2005-08-29,1.3735042810440063,1.379197482302638,1.3561259404712818,1.3564254773666633,256295200
2005-08-30,1.3953766822814941,1.401968493314939,1.3759009860597402,1.3779984441236668,518761600
2005-08-31,1.4049656391143799,1.4091604563558011,1.3863884484561833,1.40406622821263,402956400
2005-09-01,1.3860890865325928,1.4133554520507101,1.3809948577462128,1.40826122326433,356367200
2005-09-02,1.3848897218704224,1.402268860513859,1.3818937531922686,1.3872866168277143,222378800
2005-09-06,1.462194800376892,1.464591696097333,1.394778182755174,1.3992725372525945,818619200
2005-09-07,1.4585987329483032,1.4801726898774519,1.4358275285727846,1.4696855983452928,963074000
2005-09-08,1.4915581941604614,1.50174574881771,1.4723820325034171,1.478674307434067,702640400
2005-09-09,1.537401795387268,1.538600643075545,1.4918577847358685,1.5002474182704313,615641600
2005-09-12,1.5400983095169067,1.5469904589403134,1.5155292815054422,1.5311097017153503,452796400
2005-09-13,1.5227199792861938,1.536802814108183,1.5077385337670604,1.5287126175012393,492884000
2005-09-14,1.4864649772644043,1.533806111118229,1.4819706234246206,1.5299107310900628,474426400
2005-09-15,1.4942549467086792,1.5035439927012417,1.4780755506514347,1.4981503272830212,415156000
2005-09-16,1.5344058275222778,1.5344058275222778,1.4966524765868752,1.5050421101280758,591004400
2005-09-19,1.5772525072097778,1.5847436295921924,1.5296111411250926,1.5296111411250926,783731200
2005-09-20,1.5937323570251465,1.6123095458420331,1.5856422602785325,1.587739718697516,819828800
2005-09-21,1.56137216091156,1.5895378363319865,1.553881936677438,1.586841403613626,434747600
2005-09-22,1.5550798177719116,1.5721594234284213,1.5377014752856784,1.5544807439151849,463727600
2005-09-23,1.5940322875976562,1.6030209972781801,1.5532829569825677,1.5610727186497162,558457200
2005-09-26,1.6132084131240845,1.6347814744803615,1.5976279910485196,1.6189016154648204,546562800
2005-09-27,1.6012227535247803,1.6251936079748137,1.6009232166063276,1.615605126177543,341703600
2005-09-28,1.530510425567627,1.5913353138956496,1.5158285180355027,1.5901364663020532,1125544000
2005-09-29,1.5682637691497803,1.5757540912842798,1.5224203253576516,1.5350047746307838,636846000
2005-09-30,1.6063170433044434,1.6075150910121003,1.5544807523927706,1.5679646148221666,531633200
2005-10-03,1.6311863660812378,1.6341823353755245,1.6084143591192028,1.6227967319438186,507553200
2005-10-04,1.6105117797851562,1.6584526880320183,1.607215473547734,1.646467210939489,539459200
2005-10-05,1.581447958946228,1.6287899071773169,1.5805494479516424,1.6278904960715388,610769600
2005-10-06,1.5490878820419312,1.6027211943197839,1.524218515978109,1.5940320230599223,757537200
2005-10-07,1.5371018648147583,1.5559785854391084,1.5146294021450597,1.549686411905855,677882800
2005-10-10,1.509236454963684,1.5553795250237692,1.5065392235279067,1.5508842726471928,507505600
2005-10-11,1.5457912683486938,1.5541809010117615,1.5101352795245018,1.5350047406566218,1225884800
2005-10-12,1.4756782054901123,1.5071393772837742,1.4343290168199359,1.4576999929873589,2697486400
2005-10-13,1.6102120876312256,1.6165042624735302,1.476277294392171,1.4813707216161416,1865575600
2005-10-14,1.6180018186569214,1.628488909894179,1.581746854715571,1.6189012293980825,1035552000
2005-10-17,1.6012227535247803,1.6248941710686877,1.5784515469334586,1.6174030477745467,616834400
2005-10-18,1.564368724822998,1.6165044510970796,1.5640691879019366,1.5955303658214879,609588000
2005-10-19,1.6461677551269531,1.6467668289864434,1.5344059760780169,1.5601739529978726,1008683200
2005-10-20,1.6821231842041016,1.6929097127621735,1.6284889781716814,1.6320847210531149,1357762000
2005-10-21,1.6677409410476685,1.7072923179361468,1.6587523327059646,1.7030974006812436,796726000
2005-10-24,1.7015992403030396,1.7015992403030396,1.650662352806529,1.6554562445501375,609753200
2005-10-25,1.6809241771697998,1.703396544258882,1.6686400645906545,1.6899136840743956,465127600
2005-10-26,1.7087904214859009,1.7246701769285895,1.6755313259407618,1.686317854200375,631593200
2005-10-27,1.6602506637573242,1.7081907734691493,1.6602506637573242,1.7075916996196352,411541200
2005-10-28,1.6320853233337402,1.6908128783744298,1.6230967129055205,1.679127834836277,769787200
2005-10-31,1.7255700826644897,1.7372551242418623,1.640474684490419,1.653958547987496,940844800
2005-11-01,1.7228726148605347,1.7420495792095716,1.7039958875280499,1.7150828544524022,749686000
2005-11-02,1.7962815761566162,1.797779960485852,1.725868914085119,1.7294647564408354,857060400
2005-11-03,1.8532119989395142,1.8672939314265018,1.799877237213646,1.8055705376550761,884382800
2005-11-04,1.8322381973266602,1.8349347296359568,1.7863947477728144,1.8082672432471323,878035200
2005-11-07,1.804671287536621,1.8478183973320352,1.8019747556944077,1.8232483736810994,638831200
2005-11-08,1.7947843074798584,1.8091666793083596,1.7708133543912867,1.7962818919739685,473765600
2005-11-09,1.8010766506195068,1.8340353140177097,1.7977804442377634,1.7977804442377634,552930000
2005-11-10,1.8331371545791626,1.833736228552426,1.7681175259978708,1.8169569566588861,665344400
2005-11-11,1.843922734260559,1.8610016343332505,1.837929997375688,1.843922734260559,425448800
2005-11-14,1.8412268161773682,1.8571067723898962,1.8250466229793885,1.843923148331857,369933200
2005-11-15,1.8660963773727417,1.89006633142545,1.8415263493670302,1.8457212663478237,536841200
2005-11-16,1.9460980892181396,1.9493934964483366,1.8903664021707096,1.8921644243614375,784515200
2005-11-17,1.9332138299942017,1.973963259979033,1.9251236313648612,1.9652739874018395,676205600
2005-11-18,1.9344117641448975,1.960480181765653,1.9287194615448677,1.9568843379312044,524960800
2005-11-21,1.9463969469070435,1.9532881964429072,1.909242566608739,1.942202229792896,511711200
2005-11-22,1.993139624595642,2.000331113003711,1.9332140216233773,1.9428016060356814,540282400
2005-11-23,2.010817050933838,2.036884456193257,1.9982327035570444,2.0039250034847043,485853200
2005-11-25,2.077634572982788,2.083626509483189,2.022501996348087,2.0272967857008415,395012800
2005-11-28,2.087223529815674,2.1294711465403395,2.0695455469429715,2.1189840515965983,1018519600
2005-11-29,2.0404810905456543,2.106399421481422,2.018008518584706,2.0971112758013835,891433200
2005-11-30,2.032090663909912,2.062952858695644,2.023101958667377,2.050368311311824,595674800
2005-12-01,2.1453516483306885,2.1492469288484104,2.0617547359031936,2.065949653383817,812893200
2005-12-02,2.1762137413024902,2.179509147647517,2.1183848106193746,2.165426211129887,895762000
2005-12-05,2.151942491531372,2.1732161062345776,2.1420544762125036,2.1558377702933504,583671200
2005-12-06,2.2187609672546387,2.2421318488214244,2.1977867811939573,2.215165123896832,857029600
2005-12-07,2.215764045715332,2.2310457288572274,2.1908953811822154,2.2241536795589756,679464800
2005-12-08,2.219660520553589,2.2223578543942994,2.175315232073667,2.1932934571832767,790479200
2005-12-09,2.2271504402160645,2.234941000206431,2.1977866218647817,2.2235545971189397,555402400
2005-12-12,2.2445287704467773,2.257712194906058,2.2340416782290884,2.2433306228112326,524994400
2005-12-13,2.246626377105713,2.2610087515284456,2.2235549306703586,2.2427310965262057,493816400
2005-12-14,2.1576356887817383,2.196287641173171,2.1055000785278657,2.17321620446011,1450716400
2005-12-15,2.1627299785614014,2.1831050918864463,2.1378605108456505,2.177711426563318,561162000
2005-12-16,2.1306700706481934,2.166326073041502,2.1291716856448373,2.1615320811344882,671171200
2005-12-19,2.138758659362793,2.1753131485924713,2.1285712082494865,2.1306686658366956,529295200
2005-12-20,2.1606316566467285,2.1687218513623217,2.1309684094545958,2.146249288288046,479108000
2005-12-21,2.2022809982299805,2.205577204438149,2.173516253404939,2.1753140749595854,475736800
2005-12-22,2.2178611755371094,2.2319441101421726,2.205276825513774,2.214565769639623,370610800
2005-12-23,2.197786331176758,2.2250526874627385,2.19628794673676,2.2223563555643047,229857600
2005-12-27,2.224153518676758,2.252618624335882,2.215763885439971,2.2172622699755737,590590000
2005-12-28,2.204379081726074,2.2400350859043043,2.1968879564330783,2.2313458126177954,398115200
2005-12-29,2.1408565044403076,2.2118690382883917,2.1399571938338866,2.2106700908295642,490025200
2005-12-30,2.1540398597717285,2.1702200477780527,2.107597153509617,2.1246760519375263,624262800
2006-01-03,2.239734172821045,2.239734172821045,2.164826563013881,2.168721841934084,807234400
2006-01-04,2.2463266849517822,2.276589015123305,2.2322437490720244,2.2511204758402616,619603600
2006-01-05,2.2286484241485596,2.244228741229396,2.2097717014613423,2.2421312831475695,449422400
2006-01-06,2.286177158355713,2.298162634449081,2.2337419005950347,2.2547160837091598,704457600
2006-01-09,2.278686285018921,2.313144332531793,2.2693981401045127,2.299061396581673,675040800
2006-01-10,2.4228086471557617,2.4536708513808803,2.2720946694192006,2.2846790206274235,2279869200
2006-01-11,2.5138964653015137,2.540862387001667,2.4746446302052725,2.5120986438433386,1493794400
2006-01-12,2.5255813598632812,2.5888033440114615,2.505506688187944,2.5459564685296443,1280809600
2006-01-13,2.5645334720611572,2.5771178201049865,2.5348702230831277,2.546555260499671,776305600
2006-01-17,2.5381662845611572,2.588204652885514,2.5129973819429012,2.567829541206939,835623600
2006-01-18,2.4716482162475586,2.5183911808280395,2.452472051345228,2.489326996484786,1200637200
2006-01-19,2.3682758808135986,2.4467795560869883,2.359287373014887,2.434494642018994,1695848000
2006-01-20,2.279885768890381,2.3982393857176874,2.272095206745712,2.3754681734430285,1134758800
2006-01-23,2.3272271156311035,2.383857092474679,2.2771887508776794,2.28018451995804,1059730000
2006-01-24,2.278385639190674,2.379661269323114,2.2702954462354112,2.359885042074589,1142254400
2006-01-25,2.2232556343078613,2.322133439589898,2.194790320605459,2.3188378327866683,1275786400
2006-01-26,2.1672251224517822,2.260111014009684,2.1552404397435585,2.233144277767702,1181387200
2006-01-27,2.158235788345337,2.205277394631994,2.130370348948987,2.1858015907578685,953864800
2006-01-30,2.247225522994995,2.295166439231856,2.123478251735597,2.132467761102519,1398401200
2006-01-31,2.2625062465667725,2.2873757050517827,2.209771561172452,2.2622068097415617,913542000
2006-02-01,2.2598094940185547,2.2909711315532486,2.2364384158860093,2.2457273598132033,521186400
2006-02-02,2.1603331565856934,2.258012808964999,2.158834771704784,2.25022224771261,707322000
2006-02-03,2.152841567993164,2.1810072371913107,2.1285719786796964,2.164527407351553,692123600
2006-02-06,2.016509771347046,2.172617598980844,1.9997305046627538,2.157935790638248,1651767600
2006-02-07,2.0254993438720703,2.081830083884676,1.9979335477339646,2.0455742171197744,1388830800
2006-02-08,2.0617547035217285,2.069844901393011,1.9775587185154686,2.052166120834796,953114400
2006-02-09,1.9460980892181396,2.074339736689397,1.9335135340807894,2.070444255304991,1149764000
2006-02-10,2.0168113708496094,2.027597905632172,1.8846744195280716,1.952989673216974,1760477600
2006-02-13,1.938904881477356,2.000030187159156,1.936807623951484,1.996434345619566,883498000
2006-02-14,2.0266966819763184,2.040479974589296,1.9475949681444245,1.9505909360546407,1160938800
2006-02-15,2.074039936065674,2.0860254162270153,2.000031596316414,2.0123157133582774,1159771200
2006-02-16,2.1144895553588867,2.1276731823889725,2.081830524812122,2.094714514863129,948175200
2006-02-17,2.1060986518859863,2.12407685980601,2.085723749625757,2.1063982886846535,575999200
2006-02-21,2.0698442459106445,2.1213799861778107,2.0578587713784025,2.115087812072992,779606800
2006-02-22,2.1369619369506836,2.147449030252423,2.037484269047916,2.0674479642662225,978238800
2006-02-23,2.1498451232910156,2.187298928233426,2.1402565443759825,2.1510440707015066,856917600
2006-02-24,2.141155958175659,2.1840026242331967,2.1333652006547794,2.1615308623475715,534744000
2006-02-27,2.1270744800567627,2.1609326645089455,2.1168870210130213,2.157037183075695,791240800
2006-02-28,2.052165985107422,2.16932162771735,2.0404809446093104,2.1447523988936394,1266980400
2006-03-01,2.070443630218506,2.0821296707941612,2.0380840411483043,2.0626530698511742,763817600
2006-03-02,2.085724115371704,2.0971105157423007,2.0575592514809258,2.067147630719659,625273600
2006-03-03,2.0290944576263428,2.094714144338639,2.0234021561294777,2.0794322610594036,737668400
2006-03-06,1.961977243423462,2.029094309777081,1.9457978507174527,2.0281957991136195,912665600
2006-03-07,1.9868465662002563,2.004525344107382,1.9499926260414688,1.970366936020106,872877600
2006-03-08,1.9673713445663452,2.013514437942546,1.9580831985463099,1.986248073675913,653251200
2006-03-09,1.9155349731445312,1.9916415565968753,1.9119399298988167,1.976959746424091,799304800
2006-03-10,1.8933629989624023,1.9323144047011696,1.8711898632896922,1.9191307781343208,1043142800
2006-03-13,1.9679697751998901,1.985947787545216,1.9413032936655001,1.9490930522606822,861187600
2006-03-14,2.0171096324920654,2.0171096324920654,1.9625771161248826,1.9706671125099726,642020400
2006-03-15,1.984450340270996,2.038683639741101,1.9631767123277246,2.028795618268225,891996000
2006-03-16,1.926921010017395,2.0045251633319636,1.926621373131155,2.00302677887614,749638400
2006-03-17,1.9374083280563354,1.9637751769876557,1.9209284974064809,1.9401046602992325,812042000
2006-03-20,1.9173327684402466,1.9613783983776154,1.9137369251453293,1.954187711911076,605441200
2006-03-21,1.8520135879516602,1.9278199362937747,1.839429236065449,1.8520135879516604,1345366400
2006-03-22,1.8478180170059204,1.8951598332699053,1.83583254450914,1.8624998207653276,1345895600
2006-03-23,1.8025741577148438,1.854709983179115,1.7860951267615852,1.8523128877498032,1427826400
2006-03-24,1.796582579612732,1.8259464044378704,1.7687163396573544,1.8052718522622972,1071980000
2006-03-27,1.783098578453064,1.8391296909354113,1.7798031719032277,1.8082674835067418,1108072000
2006-03-28,1.7591283321380615,1.8019750110322479,1.7453450339767476,1.786694128362114,1370322800
2006-03-29,1.8675931692123413,1.8732864690469628,1.7279662059176188,1.7717121832823106,2346834000
2006-03-30,1.8801790475845337,1.8966588849960264,1.8436245283289259,1.8822765068945984,1390650800
2006-03-31,1.8792803287506104,1.9059476226953884,1.8648979522391238,1.8951610903426575,815357200
2006-04-03,1.877182126045227,1.9212277491155452,1.8759833784507092,1.9077448890527942,815791200
2006-04-04,1.8328371047973633,1.8642981790725923,1.829241261987159,1.860702336262388,931924000
2006-04-05,2.0138132572174072,2.0138132572174072,1.9221261725038878,1.9389054376715291,2233408800
2006-04-06,2.1345646381378174,2.1588342265567726,2.0434766220780687,2.046473391083144,2663768800
2006-04-07,2.091118574142456,2.1336658230509524,2.051567294836477,2.125276188050393,1545238800
2006-04-10,2.0575599670410156,2.1252761187428963,2.0509681540465436,2.1060997536456423,903515200
2006-04-11,2.037184238433838,2.0764358676322394,2.0096182469404202,2.0671477248953654,939316000
2006-04-12,1.9988322257995605,2.0425784190439304,1.9865473112552932,2.037784628041962,739894400
2006-04-13,1.9916412830352783,2.0207046623715574,1.9718652474932634,1.9877460033073058,734678000
2006-04-17,1.9419033527374268,2.002728274878802,1.9281200481735425,1.9928402520394937,721938000
2006-04-18,1.9841505289077759,1.9916416528772833,1.9413038441160133,1.9487939679621638,794844400
2006-04-19,1.967071294784546,2.0075210730892925,1.9616774309416498,2.002128209369485,1086033200
2006-04-20,2.0263986587524414,2.0974110287282017,1.9835517671926677,2.082729215535009,1666982800
2006-04-21,2.008720636367798,2.0566615561016746,1.9916419274927064,2.043177891141789,788986800
2006-04-24,1.9700666666030884,2.005123774150179,1.96257654627485,2.0030263164307454,707028000
2006-04-25,1.9826526641845703,1.9952370196636864,1.9643758050881326,1.9763604864450122,529062800
2006-04-26,2.0419793128967285,2.045873792965676,1.989544049250393,1.9970343725756048,710886400
2006-04-27,2.0782344341278076,2.0932156812277887,2.01800840861177,2.029395012513309,845947200
2006-04-28,2.1090962886810303,2.1363626485173413,2.0734404950754746,2.0788333595991646,760037600
2006-05-01,2.0854251384735107,2.143553705880681,2.07224171292203,2.1204820610854327,750380400
2006-05-02,2.1459505558013916,2.156737085579947,2.100706778084869,2.1019049257942033,771663200
2006-05-03,2.1315677165985107,2.1558381033792053,2.1028037768287997,2.1522422608649143,686991200
2006-05-04,2.1312694549560547,2.1840041737108655,2.111194573417636,2.1339657882608702,860420400
2006-05-05,2.1540398597717285,2.1648263850765095,2.1318667354330865,2.1531411493501436,563911600
2006-05-08,2.1540398597717285,2.2112688913140444,2.1489464339593014,2.186999309390575,594851600
2006-05-09,2.128272771835327,2.1741162233808806,2.115987657335832,2.1519432899186457,531666800
2006-05-10,2.1153881549835205,2.1372606449093587,2.0857241068351,2.136061897484823,459888800
2006-05-11,2.0419793128967285,2.1225794484007054,2.024001096738691,2.1210810636962125,812688800
2006-05-12,2.028494358062744,2.0581575986461558,2.003325469073209,2.0329887096566206,641774000
2006-05-15,2.0311923027038574,2.0488708847071577,2.0111174249344557,2.0186077494380603,529177600
2006-05-16,1.946995735168457,2.0449749994349573,1.9401044866434212,2.0404806460415688,936740000
2006-05-17,1.9553855657577515,1.9685699904986484,1.9197295718040719,1.938905734917903,754194000
2006-05-18,1.8930630683898926,1.9853492401434563,1.8912652468574243,1.9679700986382818,658442400
2006-05-19,1.9329133033752441,1.9439992655436498,1.8822750812913875,1.8954593012795895,985866000
2006-05-22,1.8990548849105835,1.9173325359602058,1.8807780339595004,1.9137366931012911,718975600
2006-05-23,1.892163872718811,1.9532882083451713,1.8876695186387915,1.9434009894135158,694414000
2006-05-24,1.8978577852249146,1.9071461342926381,1.8445231871669892,1.887370887884002,916031200
2006-05-25,1.9275203943252563,1.9311162379372708,1.89635874997569,1.9254231355906524,463372000
2006-05-26,1.904148817062378,1.934410939410828,1.8918639059747147,1.926920818099324,432950000
2006-05-30,1.8343353271484375,1.896657796342312,1.8343353271484375,1.896358159470004,563402000
2006-05-31,1.790888786315918,1.8514140345374812,1.75852820403094,1.8505147238685402,1280977600
2006-06-01,1.8627995252609253,1.8660959307204237,1.783397558779862,1.7932855750107384,942508000
2006-06-02,1.8475192785263062,1.8906656003220463,1.8241481958674153,1.8873701938568053,685787200
2006-06-05,1.797780156135559,1.8322379988428086,1.7968816455042116,1.8322379988428086,605785600
2006-06-06,1.7893904447555542,1.8166568007989148,1.7651208575655233,1.8043716887021453,726037200
2006-06-07,1.7546336650848389,1.8097654477125582,1.7483414909855366,1.800776741870474,750506400
2006-06-08,1.8205524682998657,1.8256456962785947,1.7123855316623386,1.7510382974248018,1397482800
2006-06-09,1.7750083208084106,1.8445222864869997,1.770813403900627,1.8331366835255292,775838000
2006-06-12,1.7078914642333984,1.7896905635311158,1.7066935163291717,1.779803342808803,717785600
2006-06-13,1.7477421760559082,1.770813621813909,1.7186779911207604,1.7261689150921944,1080643200
2006-06-14,1.7261688709259033,1.7612259941658883,1.6986030715150213,1.7462445466556842,878136000
2006-06-15,1.7792030572891235,1.789989586550084,1.7004009462349658,1.7168805770763413,1190383600
2006-06-16,1.7246702909469604,1.773510708413958,1.7234723433517822,1.7666186592672792,838101600
2006-06-19,1.713883876800537,1.74324769658714,1.707891138053481,1.7327606038044492,704575200
2006-06-20,1.7219743728637695,1.7483422279008625,1.7165807070309844,1.7261690906898155,672974400
2006-06-21,1.7336596250534058,1.7591281603998359,1.716880359413984,1.7300639824058335,863296000
2006-06-22,1.7851959466934204,1.7902901749031683,1.7399523673482455,1.7438468476075433,965633200
2006-06-23,1.762723445892334,1.8028747988795988,1.7597276763404426,1.7893909355383055,660203600
2006-06-26,1.7675175666809082,1.7738097404830817,1.7489402820740836,1.7729104298872025,466536000
2006-06-27,1.72077476978302,1.7744089703580737,1.7198762592064396,1.77051369097955,550611600
2006-06-28,1.6785274744033813,1.7168806013324143,1.66025062182603,1.7165803643289383,850704400
2006-06-29,1.766918420791626,1.7705142644842602,1.6896144822268098,1.7007006501536361,873398400
2006-06-30,1.715980887413025,1.7303632566268505,1.6929094493335248,1.725569466929918,739695600
2006-07-03,1.7363561391830444,1.7432473874708732,1.7180784892702112,1.7234721532108042,194770800
2006-07-05,1.7078914642333984,1.7258696839081196,1.694708036546024,1.7123858191273826,518240800
2006-07-06,1.671037197113037,1.7198766177926963,1.6662425060474886,1.7105884727966076,633208800
2006-07-07,1.6599504947662354,1.6944084459822122,1.6380777962434812,1.6623481905796076,799360800
2006-07-10,1.647965431213379,1.692610028769445,1.6329840864037595,1.6689395139714776,529345600
2006-07-11,1.667441487312317,1.6776290439987853,1.6338829476973011,1.6512612914035942,825022800
2006-07-12,1.5868412256240845,1.6551564475176561,1.585642377830251,1.6530589889431775,927329200
2006-07-13,1.5655664205551147,1.6215975143797743,1.5403975238823802,1.5589747095393582,1249906000
2006-07-14,1.5182254314422607,1.5847435170974487,1.5029445509909953,1.5730575790365278,993036800
2006-07-17,1.5691624879837036,1.5913354192248628,1.5475893306221362,1.5499862258694757,1024542400
2006-07-18,1.5850434303283691,1.6135077398784896,1.5535822512746877,1.592833190778672,1000448400
2006-07-19,1.620998740196228,1.6503625584191595,1.5688630160087678,1.586841131280244,1390743200
2006-07-20,1.8127615451812744,1.845421569129702,1.7893906657218532,1.82654504340679,1972146400
2006-07-21,1.819353699684143,1.83223848960658,1.7869941066626578,1.792387772215603,891892400
2006-07-24,1.8403282165527344,1.8607031343609866,1.810664950947031,1.8355342241403492,722856400
2006-07-25,1.855609655380249,1.860403447123123,1.8211516018981009,1.8511153005997,589069600
2006-07-26,1.9137365818023682,1.9368082219312641,1.8481179041147149,1.8577064844731113,898427600
2006-07-27,1.8996541500091553,1.9481941125685545,1.883473762440214,1.9326127985887072,735044800
2006-07-28,1.9652739763259888,1.9679705091625481,1.9026512467209291,1.9158346739685213,691507600
2006-07-31,2.0362865924835205,2.056361270829773,1.9859485779366395,2.002428412476644,892841600
2006-08-01,2.0129153728485107,2.035386945607173,1.9757609883833969,2.014113320662828,711765600
2006-08-02,2.04227876663208,2.0578590858061347,2.0228021675166783,2.0269968842192805,550768400
2006-08-03,2.085125207901001,2.097410119755269,2.031791444331067,2.0347874130327823,841044400
2006-08-04,2.0464742183685303,2.055762365812394,1.9463974550346526,2.009020391378681,1852866400
2006-08-07,2.0138132572174072,2.0854246710464466,1.9868463381680894,2.029094137966066,1245512800
2006-08-08,1.941003441810608,2.010817854103057,1.9329142439287157,2.010217980102716,997864000
2006-08-09,1.9053475856781006,1.96557341962543,1.899655283051418,1.9604801909451566,955838800
2006-08-10,1.9197298288345337,1.9419027642144635,1.8786809648122536,1.895160797858568,697760000
2006-08-11,1.9071462154388428,1.921528595304313,1.8750858478659,1.8945616580596507,777529200
2006-08-14,1.9158339500427246,1.9541872695523215,1.9056472965395188,1.9191301556523097,717620400
2006-08-15,1.9910413026809692,1.9925396871362324,1.9416028166668577,1.9577822083946452,861352800
2006-08-16,2.0368857383728027,2.0395822716369048,1.9874472282754854,2.0105188796970834,781284000
2006-08-17,2.0251998901367188,2.0572600397177654,2.0129149767232812,2.0374840034515898,581148400
2006-08-18,2.03478741645813,2.0494692233132548,2.015311619618035,2.028794678946147,536354000
2006-08-21,1.9943379163742065,2.016810487405706,1.9820530015548345,2.0165100503596327,526226400
2006-08-22,2.0260977745056152,2.0470719518913225,1.9925392507081476,1.9979329135016932,576968000
2006-08-23,2.0168113708496094,2.056961739267431,2.00572439888937,2.037485129129225,536258800
2006-08-24,2.0317914485931396,2.0431770497967743,1.9856483698548373,2.0341883435743093,655191600
2006-08-25,2.059957265853882,2.068945776201654,2.016810936001729,2.017709446994501,543958800
2006-08-28,2.006922721862793,2.0557621502933134,1.997934012353274,2.05246674352912,738161200
2006-08-29,1.9919416904449463,2.0153127801259565,1.951191651971604,2.007222579826078,947332400
2006-08-30,2.0063228607177734,2.0320908312442247,1.9979332284459068,2.017708461617731,680142400
2006-08-31,2.032989501953125,2.046473362087879,1.9973335119826299,2.015910799220845,574697200
2006-09-01,2.04887056350708,2.0569607607826685,2.0320912951329513,2.0518665328190955,408494800
2006-09-05,2.1417558193206787,2.1423548932258827,2.0539641888400246,2.0665485413181517,1012457600
2006-09-06,2.098308563232422,2.1480474828091514,2.08842134676893,2.1297696340128542,974103200
2006-09-07,2.1813063621520996,2.2016814688643986,2.10490116215939,2.1153882523670133,1267957600
2006-09-08,2.172917604446411,2.204378887730365,2.154639948425012,2.198386148043123,895921600
2006-09-11,2.1723179817199707,2.20917191791998,2.1399573985883804,2.1702205235524383,949124400
2006-09-12,2.1762137413024902,2.2007827708235603,2.140857181608817,2.181606606277802,1684687200
2006-09-13,2.2232556343078613,2.2268512781470733,2.1663260070265093,2.182805641240182,1146138000
2006-09-14,2.2223563194274902,2.237337563263783,2.201081701025844,2.208872459883739,801729600
2006-09-15,2.2202584743499756,2.2466253148891093,2.195988091469816,2.2352397155754495,981853600
2006-09-18,2.2139668464660645,2.2430304282250173,2.19628826778045,2.211269714074889,705278000
2006-09-19,2.210371732711792,2.228049515532506,2.1813073438935224,2.2202597536667716,710049200
2006-09-20,2.2550153732299805,2.267599922281029,2.2238537374974245,2.228648527695353,822791200
2006-09-21,2.236737012863159,2.2789855998857638,2.2178602952954574,2.254715220117271,794124800
2006-09-22,2.1872997283935547,2.227450079562149,2.174715376545418,2.2262511317130573,665112000
2006-09-25,2.269697427749634,2.2729936335532264,2.2088725394556215,2.2115688714073434,858992400
2006-09-26,2.325429677963257,2.3305231067550785,2.280185092447779,2.2825821883730537,1102948000
2006-09-27,2.289473533630371,2.3212342447533687,2.2717947566050793,2.312244737754617,810373200
2006-09-28,2.3074512481689453,2.321534185446087,2.275690730177916,2.3077508851322888,723609600
2006-09-29,2.306551933288574,2.3227313235457796,2.2975624274725677,2.3104472124541857,405812400
2006-10-02,2.243030309677124,2.2732932376427333,2.2262508426836076,2.2502217955666883,712639200
2006-10-03,2.219660520553589,2.2457287469377665,2.192994020122873,2.230747492754028,790708800
2006-10-04,2.2586119174957275,2.261008813277745,2.1920939090325575,2.2202595847366116,829082800
2006-10-05,2.2421319484710693,2.281982863752572,2.2211579615028794,2.2331434398127104,683883200
2006-10-06,2.223853588104248,2.2484236108149025,2.211568676761225,2.229846325356751,466958800
2006-10-09,2.2361395359039307,2.2496231997656513,2.203179868735756,2.211270067052789,438222400
2006-10-10,2.211569309234619,2.2346407541809956,2.189696612106174,2.233442806461725,531588400
2006-10-11,2.1941912174224854,2.2166637910934535,2.17531448756751,2.1998845201167394,571855200
2006-10-12,2.2550153732299805,2.2589108527304043,2.2052766508159167,2.205576887772535,592855200
2006-10-13,2.2478246688842773,2.3035553283780783,2.239435036263571,2.2661015184527815,684196800
2006-10-16,2.2592103481292725,2.2735927188495215,2.240932697832286,2.252918173453016,508692800
2006-10-17,2.2259511947631836,2.2553150091871648,2.2184608727712707,2.248423760935893,480925200
2006-10-18,2.2331433296203613,2.258312232755056,2.2145660391814737,2.2397349423161685,1133907600
2006-10-19,2.3667776584625244,2.3955424055785106,2.3419091918151715,2.37486785610277,1512977200
2006-10-20,2.3955419063568115,2.3967408539548423,2.357189584943526,2.366178291510144,639413600
2006-10-23,2.4407870769500732,2.45397050315737,2.3895497567035204,2.396741443815404,832507200
2006-10-24,2.428502082824707,2.4473788107023835,2.403033542044805,2.4332958739949313,463212400
2006-10-25,2.447377920150757,2.456965499002478,2.427302251723989,2.4374897043338737,485214800
2006-10-26,2.4626591205596924,2.4749440326688603,2.4308984112391108,2.453969851026267,432756800
2006-10-27,2.4093260765075684,2.4704504183804,2.3973405976702598,2.449476230464471,594966400
2006-10-30,2.409625768661499,2.424008144764852,2.382059964514868,2.3967417775961866,499917600
2006-10-31,2.4294004440307617,2.4473786599970375,2.403931904819168,2.440487410592608,501474400
2006-11-01,2.3718721866607666,2.4383903977460912,2.347901427682405,2.4300007621197137,611192400
2006-11-02,2.3664777278900146,2.376665182027961,2.352095357332186,2.364679906567208,465483200
2006-11-03,2.3458030223846436,2.382957393775834,2.3308215791011944,2.3778639670919475,431888800
2006-11-06,2.3883514404296875,2.398838532419803,2.349998115371786,2.3655794349612123,434576800
2006-11-07,2.412321090698242,2.4270030976514345,2.4009354894423645,2.4105232694356533,525932400
2006-11-08,2.4704504013061523,2.4776410884847992,2.393744737450282,2.3976400180454855,690916800
2006-11-09,2.497117519378662,2.5375673072390446,2.460562211746352,2.4839332936327496,923053600
2006-11-10,2.4905245304107666,2.504906901728659,2.471948242574478,2.503409317287717,373864400
2006-11-13,2.5273804664611816,2.530376436623495,2.476143936013408,2.4935222831673642,450674000
2006-11-14,2.5468544960021973,2.5468544960021973,2.5138958442504706,2.540861759288769,588954800
2006-11-15,2.5183916091918945,2.5738228546828035,2.5168932241485837,2.54835430944056,655323200
2006-11-16,2.565133571624756,2.585808324776459,2.535470308470459,2.54296063346027,693940800
2006-11-17,2.5723230838775635,2.575020415532059,2.5468545523557276,2.5510494681479474,466424000
2006-11-20,2.590900421142578,2.6067811753358603,2.5528475385760854,2.5588402760075124,570794000
2006-11-21,2.654721975326538,2.654721975326538,2.6100766832068407,2.6193656259025815,622666800
2006-11-22,2.705958366394043,2.7191417876309405,2.632249502014741,2.6664071025603606,671941200
2006-11-24,2.7455103397369385,2.788956893821921,2.681689474847732,2.6825879855746444,518677600
2006-11-27,2.682886838912964,2.7913531820452424,2.6816888915458663,2.771877586228774,1074836000
2006-11-28,2.750903606414795,2.7556973964783884,2.693973198898742,2.707457058615711,1036173600
2006-11-29,2.7506043910980225,2.7910551881164154,2.7041618539004957,2.786560832914114,1157083200
2006-11-30,2.7464094161987305,2.7769719888362467,2.728431997069907,2.7628892504659945,870486400
2006-12-01,2.736222743988037,2.7664848793762893,2.69966723178065,2.750604119144321,795079600
2006-12-04,2.730229139328003,2.758094370029034,2.7116518521365203,2.7530011429630123,709536800
2006-12-05,2.734722852706909,2.7664833555532047,2.7227373798883456,2.7461084518108057,662838400
2006-12-06,2.6915769577026367,2.73831972258363,2.6867831664745396,2.7158473510199874,638184400
2006-12-07,2.6079795360565186,2.7116519018525156,2.6037846195114542,2.697569167761573,1004827600
2006-12-08,2.6445350646972656,2.6783932367663517,2.606781612644287,2.6136728617972627,784277200
2006-12-11,2.65921688079834,2.6756967115180323,2.6382428962885776,2.6637112346130576,499780400
2006-12-12,2.5810139179229736,2.6619136953388014,2.562736263729426,2.655022445437009,1026620000
2006-12-13,2.668205499649048,2.668804573449716,2.6112758864171615,2.635246039330965,857052000
2006-12-14,2.653223752975464,2.6966705003060834,2.6445346835438057,2.6682051968588043,832330800
2006-12-15,2.628354549407959,2.6732994821114406,2.6166693109597166,2.667306744407794,739939200
2006-12-18,2.5609376430511475,2.6367439686417864,2.534569799315024,2.6256578048370565,721576800
2006-12-19,2.5861074924468994,2.597193660337619,2.505507347424285,2.5387656510717633,911405600
2006-12-20,2.5396640300750732,2.5968930704052724,2.539064956376884,2.5909003331773084,567691600
2006-12-21,2.483933448791504,2.561237986036565,2.462959261155971,2.5378671027149715,903599200
2006-12-22,2.462959051132202,2.5180916482714135,2.4449816347482813,2.5007125056469426,613303600
2006-12-26,2.442284345626831,2.474045859376138,2.4237078565759465,2.461461308669928,490688800
2006-12-27,2.4425852298736572,2.4569668058251715,2.3002608545265093,2.3416091605445786,1935754800
2006-12-28,2.4231083393096924,2.43449474311255,2.3865538325908116,2.4036325381841257,1119876800
2006-12-29,2.5420618057250977,2.5588410757279294,2.4977167350209544,2.515394515870086,1076429200
2007-01-03,2.5109004974365234,2.594197984716844,2.4539708665993385,2.585508711587373,1238319600
2007-01-04,2.566632032394409,2.575321104998368,2.51149942666797,2.5183914774424174,847260400
2007-01-05,2.548353672027588,2.5828109187133794,2.5288780717558623,2.569926930825386,834741600
2007-01-08,2.5609376430511475,2.5926983502099636,2.5552443426691105,2.575619449186886,797106800
2007-01-09,2.7736752033233643,2.7859601172080426,2.551349605873228,2.5903020060242365,3349298400
2007-01-10,2.906411647796631,2.9303815990627577,2.8000427512776715,2.8389949472113445,2952880000
2007-01-11,2.8704564571380615,2.899820276979507,2.8494824715581646,2.8746513742688355,1440252800
2007-01-12,2.835099935531616,2.848283359967682,2.7934512036554136,2.8342004246956307,1312690400
2007-01-16,2.9094080924987793,2.9139024469036725,2.8599697939956057,2.866861044071594,1244076400
2007-01-17,2.844987154006958,2.9243891377711937,2.8410926741364175,2.9231911901623255,1646260000
2007-01-18,2.668804883956909,2.7598929158045906,2.668205810086541,2.759593278857074,2364605600
2007-01-19,2.6517257690429688,2.686183815267416,2.640340166008518,2.655621249078385,1364473600
2007-01-22,2.600489377975464,2.67150192665822,2.5663317697885546,2.6709020527542897,1454026000
2007-01-23,2.567828893661499,2.6220619654002775,2.562136593396159,2.568728204294466,1207424400
2007-01-24,2.5977931022644043,2.6112759636339917,2.5792158131551197,2.597193228347433,927813600
2007-01-25,2.584308624267578,2.6517251153039836,2.577716813591415,2.610076593272162,905973600
2007-01-26,2.5582408905029297,2.6178670204817736,2.54655505393586,2.610076462770394,986874000
2007-01-29,2.5750203132629395,2.596293928147656,2.5627352032164956,2.585806839108205,901664400
2007-01-30,2.5633351802825928,2.591500852242504,2.554346472251725,2.5897030306264677,577970400
2007-01-31,2.5687289237976074,2.576819121317454,2.5273798254614883,2.5426607095916536,856069200
2007-02-01,2.539064884185791,2.584907522454847,2.539064884185791,2.583709575117135,664342000
2007-02-02,2.539364814758301,2.5543460590612694,2.5079035416408053,2.5204880908927283,621530000
2007-02-05,2.51509428024292,2.553747036432169,2.51509428024292,2.5258808075160593,578852400
2007-02-06,2.5213871002197266,2.5309756825420884,2.482735134230118,2.53037580857449,864393600
2007-02-07,2.5813138484954834,2.5882050991811387,2.5034100317129195,2.5312754715427888,1066825200
2007-02-08,2.582211971282959,2.5920999904165436,2.559140526711913,2.559739400549473,679030800
2007-02-09,2.4950194358825684,2.5828104394009133,2.493221614643558,2.5732226595333696,860540800
2007-02-12,2.5432605743408203,2.55224928261431,2.5058065564030816,2.529776711831937,724071600
2007-02-13,2.5378670692443848,2.555544849961223,2.5258815907253758,2.5516503695412447,580986000
2007-02-14,2.555845022201538,2.5660318785857354,2.533971524458892,2.535769546215834,507981600
2007-02-15,2.553147792816162,2.5654327074965497,2.5402638042723855,2.5600398425780755,363661200
2007-02-16,2.541761875152588,2.5591402156861554,2.536667647683879,2.5543462251983846,399868000
2007-02-20,2.573821783065796,2.5816123419189436,2.5216859662485955,2.5363679732933697,617702400
2007-02-21,2.6727004051208496,2.6813894773324995,2.575620425673287,2.5762194995976397,1155313600
2007-02-22,2.6819891929626465,2.7209405971767846,2.6526255712927935,2.7206411602446336,838224800
2007-02-23,2.668804883956909,2.7068585762668325,2.662213071136212,2.671502216558551,517893600
2007-02-26,2.6520256996154785,2.6966712061714784,2.6250595736260496,2.69187641478414,615848800
2007-02-27,2.5147955417633057,2.609178989280984,2.499215219052396,2.5858081051652513,1145813200
2007-02-28,2.5351693630218506,2.56483260852599,2.486929034462299,2.486929034462299,919475200
2007-03-01,2.6085803508758545,2.6460341762969803,2.5094021026966846,2.517791738788448,1415528800
2007-03-02,2.5591392517089844,2.622960888741883,2.5531465158258193,2.5998892556408215,860000400
2007-03-05,2.5864062309265137,2.6562198261763834,2.56962696511137,2.57352244471166,838899600
2007-03-06,2.642437696456909,2.646033539666372,2.6187671789222007,2.63075185610628,723186800
2007-03-07,2.628354549407959,2.6658083599572593,2.620264353508036,2.638242566618976,626284400
2007-03-08,2.636744976043701,2.6583180381735887,2.620564579372236,2.6544235575921538,511011200
2007-03-09,2.635845899581909,2.662212747611141,2.618766995698313,2.660715163129546,451836000
2007-03-12,2.6927754878997803,2.696371331091888,2.6364449450909087,2.6388418405112253,729408400
2007-03-13,2.6487293243408203,2.714647430541591,2.6487293243408203,2.678991445789241,867890800
2007-03-14,2.6966710090637207,2.6966710090637207,2.6343477266939135,2.6547226382369407,796586000
2007-03-15,2.683786630630493,2.7074571449690947,2.675995871424032,2.695471669304735,559498800
2007-03-16,2.6843857765197754,2.6963712533992776,2.6762957796507587,2.68288739188519,571704000
2007-03-19,2.730529546737671,2.7431141005905793,2.6843864493099385,2.7038622540464257,712961200
2007-03-20,2.741016149520874,2.751802679430081,2.72843159792725,2.7371208692580713,488916400
2007-03-21,2.812627077102661,2.8165223566707254,2.7461090877280996,2.756296541958411,686896000
2007-03-22,2.815324544906616,2.8273098244599666,2.7865605940674683,2.8084332941986268,561492400
2007-03-23,2.8021399974823,2.818619826467116,2.795548385927776,2.797046770407807,450884000
2007-03-26,2.8719539642333984,2.873452348907174,2.7955487473993053,2.816223295507897,864987200
2007-03-27,2.860269069671631,2.9013179309746353,2.8464857701980564,2.8677593932245844,932052800
2007-03-28,2.793750762939453,2.858471140494127,2.7910544305844884,2.842889819911437,942337200
2007-03-29,2.8090317249298096,2.822216150434854,2.7634887099410825,2.822216150434854,725723600
2007-03-30,2.7838616371154785,2.83689675323607,2.7790678481301154,2.824911280649783,600558000
2007-04-02,2.806035280227661,2.8240124923081447,2.787158557463161,2.820717086811333,501992400
2007-04-03,2.8315038681030273,2.8533765614811273,2.809330937754095,2.8207173398624477,583934400
2007-04-04,2.8246140480041504,2.85068147109776,2.820419129325509,2.844688730128273,476784000
2007-04-05,2.8368983268737793,2.8368983268737793,2.802140837142595,2.8201190559946077,355516000
2007-04-09,2.806035280227661,2.8554735635659023,2.787757431154054,2.8527772317845956,413341600
2007-04-10,2.8240132331848145,2.824313670232144,2.7988443295706524,2.8066348902360345,352466800
2007-04-11,2.774275541305542,2.815024769697221,2.7664847799376537,2.8135263847988448,549018400
2007-04-12,2.7622902393341064,2.7658860832860888,2.718244601348324,2.7577958844496937,656675600
2007-04-13,2.7038614749908447,2.7386189565888377,2.6984686106712226,2.7236375111005002,719941600
2007-04-16,2.7395176887512207,2.7416151472960584,2.704161130497922,2.713749712441837,609033600
2007-04-17,2.707158327102661,2.765586338495495,2.687681923255674,2.7565968289782794,751920400
2007-04-18,2.7086548805236816,2.722138739615673,2.6846849311936203,2.701464195761581,464044000
2007-04-19,2.7047619819641113,2.7341258121301926,2.6915777520355895,2.7023642855437817,425913600
2007-04-20,2.7257351875305176,2.7320273631350416,2.713150636296813,2.7233374919787665,522779600
2007-04-23,2.8018405437469482,2.8105296134867235,2.739217834060481,2.7443110611043093,780290000
2007-04-24,2.793750762939453,2.8881343968425335,2.7356223979285628,2.815324022099689,1055252800
2007-04-25,2.8569722175598145,2.858470802100761,2.8105296984654395,2.8234136850446476,1187144000
2007-04-26,2.9615447521209717,3.071209110530784,2.9453645516735003,3.0436433024178053,1737778000
2007-04-27,2.9939026832580566,2.9948019938832444,2.927085864047723,2.941767670072811,699403600
2007-04-30,2.990307331085205,3.0262627502745296,2.9864120523263784,2.998996399036496,616509600
2007-05-01,2.9804203510284424,3.006788200991757,2.9528545534123642,2.984016194233274,532523600
2007-05-02,3.007986068725586,3.012480422556744,2.9804202718419015,2.9858139364935177,505145200
2007-05-03,3.0082859992980957,3.0397470792611663,2.9966007582063097,3.0181740187460724,576077600
2007-05-04,3.0205702781677246,3.044240792368236,3.011282134655913,3.0202706412778637,381987200
2007-05-07,3.1137564182281494,3.126640207180251,3.0265636647836955,3.0286609234376956,861557200
2007-05-08,3.147914409637451,3.15061094269544,3.098774740229405,3.1002731253000517,783997200
2007-05-09,3.202446460723877,3.204843356260404,3.1428197087625778,3.1434195827268643,717757600
2007-05-10,3.216228485107422,3.2611734201679794,3.173681245327936,3.194954865217679,1197257600
2007-05-11,3.258176565170288,3.269862604021643,3.199449134316058,3.2282138759941295,653696400
2007-05-14,3.276754140853882,3.295930303618983,3.2434950428788616,3.284544700757241,651946400
2007-05-15,3.2216224670410156,3.301923164153579,3.190460826348759,3.2830464375848893,954514400
2007-05-16,3.216228485107422,3.260873983291716,3.098773620300907,3.251884476215558,1126767600
2007-05-17,3.279151201248169,3.2920359894785265,3.210536543531952,3.210536543531952,735291200
2007-05-18,3.2965304851531982,3.315107575837779,3.289039361445506,3.3028226610222777,621345200
2007-05-21,3.355257749557495,3.36933968521499,3.29742882190018,3.305219382119326,639892400
2007-05-22,3.402000665664673,3.408293042992604,3.3561574024237184,3.370539579123856,572409600
2007-05-23,3.3825244903564453,3.4457462898113507,3.3735349813517868,3.416382667322724,911374800
2007-05-24,3.3166050910949707,3.4295656175505127,3.3070175090799885,3.3801275225237446,887362000
2007-05-25,3.4043962955474854,3.409190085683276,3.34087487579271,3.355856320071709,632959600
2007-05-29,3.4262702465057373,3.441550929665735,3.3765313167822293,3.429266215722828,645694000
2007-05-30,3.5587069988250732,3.562002605368068,3.401700830688454,3.424772076736165,1478444800
2007-05-31,3.6312167644500732,3.660580383653479,3.5817782709245134,3.5976582282035214,1297066400
2007-06-01,3.547619581222534,3.6312166830833608,3.5443243751468017,3.6285199507589083,885262000
2007-06-04,3.6354119777679443,3.6473974573297654,3.5326388908216377,3.554512391021961,886673200
2007-06-05,3.6755614280700684,3.676161101917077,3.610541821211866,3.637807978910704,920785600
2007-06-06,3.7046263217926025,3.7169114376794177,3.6539892735785475,3.664476167578905,1112241200
2007-06-07,3.7175092697143555,3.823578728129335,3.691142423641236,3.745076263539972,1915079600
2007-06-08,3.7300941944122314,3.7702451393596763,3.6641756759579884,3.7699447023581762,1241682400
2007-06-11,3.601252794265747,3.7798319515765373,3.5817771996319574,3.775337798995226,1874258400
2007-06-12,3.606947183609009,3.6467980977462306,3.544923535284611,3.5760849778967154,1426566400
2007-06-13,3.520653009414673,3.631216220280719,3.4577308633941466,3.630018072782967,1721353200
2007-06-14,3.55810546875,3.5790792451160747,3.4882916930009205,3.5116625638200643,973266000
2007-06-15,3.610542058944702,3.6156358865609275,3.591365696203498,3.61413770196792,811218800
2007-06-18,3.7480738162994385,3.750770149389508,3.6716683775943273,3.6938403165929836,910604800
2007-06-19,3.705225944519043,3.7456757307785713,3.6827535743419846,3.736087348815319,943026000
2007-06-20,3.6420037746429443,3.7351892724892983,3.6405059898362953,3.711518751863068,897512000
2007-06-21,3.712416648864746,3.7241024888093217,3.617134508073973,3.6464981262976512,867045200
2007-06-22,3.6854500770568848,3.728896634737291,3.6668729861937868,3.7109184177252614,631876000
2007-06-25,3.6656742095947266,3.7480723565177705,3.6273210865978864,3.7211054356752427,965403600
2007-06-26,3.5850744247436523,3.7154137241212375,3.5572089828326323,3.7148144500995204,1345005200
2007-06-27,3.652191162109375,3.656685716837997,3.5733890361637886,3.61383882857326,974696800
2007-06-28,3.612339735031128,3.67016845784528,3.5955604683142335,3.666273178060276,838143600
2007-06-29,3.6566836833953857,3.7154112990434554,3.6282193860909295,3.6545862256884023,1137841600
2007-07-02,3.633314847946167,3.658183917452557,3.574587199388175,3.6270224712990826,994862400
2007-07-03,3.8103976249694824,3.8172888771981577,3.6405070149055936,3.655488467634705,1162481600
2007-07-05,3.977588176727295,3.9841805878149237,3.8559380096774194,3.8592344152458433,1453051600
2007-07-06,3.9641048908233643,3.9952667245615654,3.9071754869855253,3.9889743504314135,874694800
2007-07-09,3.9050779342651367,3.9820830060798365,3.8706200958656054,3.9665018895638853,995820000
2007-07-10,3.9656052589416504,4.030025213290257,3.8595357618544988,3.8616332208413318,1255007600
2007-07-11,3.9668009281158447,4.0060529542508325,3.934441349424544,3.9572133492990003,821772000
2007-07-12,4.017139911651611,4.022233738957549,3.9668017124914643,4.010547899843927,704608800
2007-07-13,4.126805305480957,4.130400148437968,4.030623853990123,4.04590493692713,907606000
2007-07-16,4.137892723083496,4.194223281177984,4.11991450236773,4.146581796380034,936112800
2007-07-17,4.162160873413086,4.182835420990199,4.119913267541791,4.143884221311539,709959600
2007-07-18,4.138490676879883,4.148079059129683,4.076167392404158,4.140588135497027,756856800
2007-07-19,4.194820880889893,4.219091471483488,4.184333988707385,4.203809588467856,732891600
2007-07-20,4.307182312011719,4.320066299519847,4.19482086732997,4.244260159021486,1167773600
2007-07-23,4.3056840896606445,4.3512281009936205,4.22268626376214,4.293998249885443,1036490000
2007-07-24,4.0417094230651855,4.22478315439712,4.019536294163974,4.161261736660859,1795292800
2007-07-25,4.112725257873535,4.145684942309433,4.045008866310773,4.115421592009135,1496182800
2007-07-26,4.374599456787109,4.4495066940253825,4.103734054830903,4.371902324188319,2186629200
2007-07-27,4.310178279876709,4.462090597797369,4.308081221487046,4.3802913188753045,1161098400
2007-07-30,4.237668991088867,4.358120667978604,4.181938107812296,4.324562123189727,1106988400
2007-07-31,3.9479238986968994,4.299090612508854,3.94073301585021,4.283808736306153,1762392800
2007-08-01,4.045007705688477,4.056393513376078,3.828374522182667,4.004257867570547,1750156800
2007-08-02,4.089650630950928,4.103733565920283,4.019536793166249,4.094444421529508,852644800
2007-08-03,3.9506232738494873,4.073471226039513,3.9401359803361538,4.052796676019712,679187600
2007-08-06,4.052496433258057,4.053095307034236,3.844253579501154,3.9820837590126006,925170400
2007-08-07,4.045904636383057,4.112123190923529,3.9739933808100516,4.043207904291679,949936400
2007-08-08,4.0153422355651855,4.10073716356603,3.9551172106615304,4.09774119420489,808096800
2007-08-09,3.7870242595672607,3.9850794441812325,3.74807226378581,3.9284492718573625,1125395600
2007-08-10,3.745375633239746,3.8277737803566354,3.604549890916911,3.689045096281053,1410749200
2007-08-13,3.8289740085601807,3.875716180367172,3.790321235646636,3.8448539694461585,752911600
2007-08-14,3.7163121700286865,3.844253943484557,3.706723387864111,3.8439547065927755,739006800
2007-08-15,3.592564105987549,3.741180794966147,3.5850727840949492,3.677658577832838,992852000
2007-08-16,3.507169485092163,3.5506160352519998,3.3444708498143156,3.5059713375480923,1866690000
2007-08-17,3.657283306121826,3.700429806774047,3.5901662606300517,3.6557851220662827,1195062400
2007-08-20,3.6620795726776123,3.730395611683067,3.610543206446753,3.714215612985554,803317200
2007-08-21,3.8223798274993896,3.8640285554661484,3.625523589730486,3.6617788536312386,1303047200
2007-08-22,3.970398187637329,3.9775890739793813,3.905078936446365,3.9317462234316887,1061765600
2007-08-23,3.927251100540161,3.9952678882307304,3.8880002602071424,3.987776564416063,866838000
2007-08-24,4.053994655609131,4.056092114017801,3.889497589429876,3.9110714473476245,911834000
2007-08-27,3.962606430053711,4.034817708933284,3.958111877417167,3.996764630042256,707439600
2007-08-28,3.7999095916748047,3.967403072837093,3.794216488722157,3.9248550192403835,1179365600
2007-08-29,4.0174407958984375,4.020437566180055,3.8814095878514334,3.89159604649258,1166860800
2007-08-30,4.082459926605225,4.142386117842905,3.9641061289638486,3.9751922963208624,1435582400
2007-08-31,4.1492791175842285,4.184336256279376,4.117218749771468,4.179542062946774,876887200
2007-09-04,4.319466590881348,4.366508786834898,4.190027042952212,4.193023012078218,1316842800
2007-09-05,4.09774112701416,4.369804664184502,4.077965089229389,4.343737050839567,2328222400
2007-09-06,4.04530668258667,4.12201175352429,3.976391773516841,4.0617867174114854,1901261600
2007-09-07,3.9482247829437256,3.9641055392986573,3.895190649653631,3.9554164688895805,1430576000
2007-09-10,4.096242427825928,4.136092935178249,4.013544644087051,4.104631860934583,1487838800
2007-09-11,4.059687614440918,4.143883576203289,4.007551598206696,4.131898101184281,971885600
2007-09-12,4.100437641143799,4.1768430629978255,4.067478376806873,4.07466966359282,1022770000
2007-09-13,4.110923767089844,4.164857202522225,4.094443739551499,4.159762975779338,656163200
2007-09-14,4.159165382385254,4.164258810597579,4.08096213696756,4.092048304311257,607320000
2007-09-17,4.14717960357666,4.2124988551775635,4.12291021200143,4.164558945847499,793371600
2007-09-18,4.222385883331299,4.28021499809106,4.129800492480581,4.166655426771044,1064089600
2007-09-19,4.217894077301025,4.289505327527834,4.176844204066199,4.285310809139467,1026880400
2007-09-20,4.2041096687316895,4.248455537653347,4.174446410532197,4.199315477491582,691840800
2007-09-21,4.319166660308838,4.334148105117452,4.20410889214518,4.228977954510731,1138880400
2007-09-24,4.4429144859313965,4.48995708495583,4.394075265434254,4.396471960879143,1052161600
2007-09-25,4.589734077453613,4.590933025431031,4.399168957388586,4.399769031451357,1192550800
2007-09-26,4.577450275421143,4.644268141445446,4.5319070412771225,4.628388176938341,975268000
2007-09-27,4.629283428192139,4.629882301857006,4.563964193554756,4.607410737726804,658198800
2007-09-28,4.5984206199646,4.632279580303584,4.576847569227451,4.597522109562277,615101200
2007-10-01,4.684415817260742,4.716476966490961,4.582242431741153,4.633179506071239,837068400
2007-10-02,4.747639179229736,4.7518340966356325,4.670933718290723,4.690708957391262,792069600
2007-10-03,4.731756687164307,4.769510129889024,4.704490534112675,4.727562171344268,692518400
2007-10-04,4.681419372558594,4.7365509579593645,4.599320868164697,4.734154262982614,656958400
2007-10-05,4.837526321411133,4.841421600937694,4.725165689308165,4.745240560615791,943471200
2007-10-08,5.031087398529053,5.031087398529053,4.883069598965851,4.898651114794777,835928800
2007-10-09,5.029591083526611,5.126970700790691,4.994234720326535,5.0997041359231785,1104286400
2007-10-10,4.997529983520508,5.030189206403705,4.9618739915026175,5.020301988520388,667590000
2007-10-11,4.860897541046143,5.150039484724661,4.590631117700046,5.078428281693366,1643992000
2007-10-12,5.011312961578369,5.012212272439475,4.848014431213605,4.884270100573172,988176000
2007-10-15,5.003223419189453,5.080827395852407,4.898952551718008,5.033187116838022,1077930000
2007-10-16,5.081126689910889,5.099104104357214,4.948389939483519,4.96007617898697,1067830400
2007-10-17,5.1761088371276855,5.1847979068497505,5.069140868169413,5.1743110157956895,1127613200
2007-10-18,5.198582649230957,5.219256400149645,5.125173591342124,5.138656454982599,823676000
2007-10-19,5.106296539306641,5.232440496140699,5.093711787279069,5.22075465497224,1291780000
2007-10-22,5.2243499755859375,5.2405303700501396,5.092512924790636,5.104198765237005,1649499600
2007-10-23,5.577913284301758,5.651023097792732,5.476039524589596,5.649824950076671,1795164000
2007-10-24,5.571021556854248,5.609373881908874,5.370569660928858,5.567425913866515,1288481600
2007-10-25,5.4766387939453125,5.570123926199256,5.443080254189684,5.539261719061143,973602000
2007-10-26,5.534167766571045,5.554242641090954,5.479635044620879,5.551845545614114,706876800
2007-10-29,5.545853614807129,5.590798761495887,5.534168572753956,5.556640145974909,540554000
2007-10-30,5.603082656860352,5.67409501517794,5.535066668100356,5.578513226586771,939414000
2007-10-31,5.691471099853516,5.696564525493716,5.541655897618997,5.621956161132573,833310800
2007-11-01,5.616265773773193,5.695967590905963,5.393340715366664,5.651022454866965,805036400
2007-11-02,5.629150390625,5.676192190180103,5.497912210906917,5.669300940591395,1002114400
2007-11-05,5.578512191772461,5.661808849725966,5.520383833285995,5.551844907706008,804176800
2007-11-06,5.7466044425964355,5.752896416958467,5.551245599512072,5.604579363372523,954727200
2007-11-07,5.582106590270996,5.773271303227968,5.577013163787604,5.7112472743706375,994327600
2007-11-08,5.257608890533447,5.600085880644777,5.026893668475367,5.593194631704356,1890378000
2007-11-09,4.954982757568359,5.24712239066,4.95018856624313,5.128169318748162,1526380800
2007-11-12,4.607112407684326,5.024796703690666,4.5133280450754905,4.952285763867329,1769065200
2007-11-13,5.0925116539001465,5.123074213544894,4.607111142491677,4.8195488754601215,1739446800
2007-11-14,4.9771552085876465,5.320531541739414,4.90614285382938,5.308246827218365,1449168000
2007-11-15,4.9229230880737305,5.081427860421098,4.803071088614186,4.985546020823822,1487410400
2007-11-16,4.985543251037598,5.0044199714703215,4.7740044474972185,4.952883236284757,1383494000
2007-11-19,4.912435531616211,5.039778438915195,4.857004294368382,4.976856277688284,1154428800
2007-11-20,5.05925178527832,5.147343011746361,4.8998485945242845,4.963970075095234,1543642800
2007-11-21,5.047567844390869,5.164123394429349,4.934007463110349,4.969064179208766,1217809600
2007-11-23,5.139854907989502,5.155135591990454,5.086220695267992,5.153637407274807,465757600
2007-11-26,5.169816017150879,5.311540241822782,5.1641225171479705,5.201277085217824,1305754800
2007-11-27,5.237832546234131,5.267196161842905,5.094010437090729,5.250117258878739,1317030400
2007-11-28,5.399932861328125,5.411318263144327,5.254012495029094,5.298058318126972,1150912000
2007-11-29,5.521883487701416,5.5482503398777405,5.367872891515932,5.376262726346409,1050926800
2007-11-30,5.4598588943481445,5.624055930632605,5.384352388631289,5.613269401258569,1187802000
2007-12-03,5.359184265136719,5.517389391835295,5.32442757524156,5.4490733598293755,961469600
2007-12-04,5.387650012969971,5.4203092478293735,5.303153973973501,5.307948566317629,773799600
2007-12-05,5.558137893676758,5.573119340283398,5.4655524816388485,5.47993465437925,892402000
2007-12-06,5.691471099853516,5.695965651932345,5.576712603735585,5.578810061372371,899810800
2007-12-07,5.821814060211182,5.842488613043213,5.634244899731489,5.709152549104295,1066066400
2007-12-10,5.819116115570068,5.862562677149338,5.773572895249907,5.800539823138612,722377600
2007-12-11,5.649227142333984,5.897621048123564,5.614770082844546,5.835297743883559,1110925200
2007-12-12,5.718738555908203,5.827203896216944,5.565926961389658,5.7960420635781755,1225660800
2007-12-13,5.747802734375,5.756493004721599,5.627651535821956,5.698663882134822,864617600
2007-12-14,5.704658031463623,5.788854022380377,5.6791896883278215,5.704059157554535,674312800
2007-12-17,5.525176525115967,5.772371317924328,5.482629293897987,5.714543407933999,1024693600
2007-12-18,5.482629776000977,5.612969012779805,5.351391628621298,5.588699226655274,1222603200
2007-12-19,5.486825942993164,5.532369957054027,5.420307743513427,5.4826310258995266,827478400
2007-12-20,5.609375,5.627952092423555,5.493119053951491,5.556041218581661,774057200
2007-12-21,5.810126781463623,5.810126781463623,5.689675930022253,5.696567179704837,993960800
2007-12-24,5.95664644241333,5.972527201545113,5.8364952199431475,5.843685706998458,480202800
2007-12-26,5.961141586303711,6.021367422025473,5.897320506698806,5.962939408269977,703732400
2007-12-27,5.9497551918029785,6.081292218873933,5.926683945617709,5.96114099641325,795527600
2007-12-28,5.987507343292236,6.039342926686447,5.899116458223966,6.010279347595206,699647200
2007-12-31,5.93507194519043,6.007582072871096,5.925183927745847,5.977619183743597,539333200
2008-01-02,5.837991714477539,6.000391724214426,5.769377260308251,5.970728469325941,1079178800
2008-01-03,5.840688705444336,5.91439778555237,5.773571637396114,5.855071277211197,842066400
2008-01-04,5.394839286804199,5.782860308443237,5.360082603217785,5.736417784635799,1455832000
2008-01-07,5.322629928588867,5.5012095759213375,5.100603717370573,5.43079608271515,2072193200
2008-01-08,5.131164073944092,5.467049823289581,5.1176808140821555,5.397534865623747,1523816000
2008-01-09,5.3753662109375,5.378362181582618,5.042776264726571,5.1326653853174316,1813882000
2008-01-10,5.334013938903809,5.4233037325160955,5.255810710300806,5.320830315698779,1482975200
2008-01-11,5.174309253692627,5.328918635198312,5.0937089583360216,5.27348662977088,1232285600
2008-01-14,5.356785297393799,5.3759612560825465,5.2486183926060015,5.319031853629989,1100450400
2008-01-15,5.064947605133057,5.369970432339298,4.933709015716953,5.325026488114709,2343278000
2008-01-16,4.783294200897217,5.0640467719499895,4.6952029535979465,4.950786825450505,2213845200
2008-01-17,4.820747375488281,4.954682272361607,4.74673905982211,4.839324863693049,1757859600
2008-01-18,4.834830284118652,4.966368085033027,4.782395025905708,4.845317175741532,1724343600
2008-01-22,4.6634416580200195,4.793481276726238,4.374598877420109,4.436322480735761,2434754000
2008-01-23,4.166956424713135,4.19482186479495,3.7795345961921027,4.0806629714976,3372969600
2008-01-24,4.062983989715576,4.215795639808917,3.9554171207958424,4.194521815574624,2005866800
2008-01-25,3.8954904079437256,4.167554732101951,3.883505731174577,4.164558762934311,1554739200
2008-01-28,3.8954904079437256,3.99107258571746,3.7888216640673336,3.840059177627617,1474844000
2008-01-29,3.941333293914795,3.9787871055793085,3.8667261075783883,3.929648255143246,1099982800
2008-01-30,3.9605093002319336,4.058488555578919,3.8951900633667575,3.936239514082547,1243051600
2008-01-31,4.055793762207031,4.094445332547066,3.8772141220777656,3.878711506883574,1345674400
2008-02-01,4.007552623748779,4.092647117864224,3.9605104223594267,4.082160224588203,1010744000
2008-02-04,3.944629669189453,4.071971747752276,3.9377376206292793,4.021334313189373,899234000
2008-02-05,3.8760147094726562,4.01504305155457,3.8622314100030013,3.9080750624882024,1141042000
2008-02-06,3.655487298965454,3.95272076227465,3.64859604893993,3.920060733708309,1573272400
2008-02-07,3.6327145099639893,3.7387839707003976,3.513761062773291,3.5946618243919835,2083331600
2008-02-08,3.759758472442627,3.7663500846523235,3.6435013473941726,3.6578839195956063,1355972800
2008-02-11,3.878709077835083,3.894589827878022,3.8112927995965236,3.8355629798017032,1201432400
2008-02-12,3.7411820888519287,3.9251543923610277,3.7040275037081556,3.916165683089475,1225980000
2008-02-13,3.8772130012512207,3.8885988031850554,3.764252292398721,3.795713366200855,968534000
2008-02-14,3.819084644317627,3.91916136677561,3.8056005840237814,3.8772130016687423,954097200
2008-02-15,3.7342898845672607,3.8076993486656656,3.717211375829842,3.7834299520466073,901300400
2008-02-19,3.660879373550415,3.7978106267691722,3.6387070446254914,3.7750386240376224,1005046000
2008-02-20,3.71001935005188,3.7333902285608955,3.645898252481518,3.6614793715532254,967439200
2008-02-21,3.6417043209075928,3.7894225547971994,3.6213302059888015,3.7768382014228856,938114800
2008-02-22,3.579380750656128,3.670767603668376,3.4718131052056957,3.6698690930293627,1529878000
2008-02-25,3.5877697467803955,3.6006537302574393,3.495483604559417,3.5533115117684355,1256774400
2008-02-26,3.57009220123291,3.6282209686542664,3.4589296946198296,3.524848622587324,1504888000
2008-02-27,3.6842517852783203,3.6869481176753856,3.5383317966297376,3.542526313719237,1475138000
2008-02-28,3.89249324798584,3.96110848186571,3.7684464006981884,3.8112932672447672,1618254400
2008-02-29,3.745973825454712,3.901481330903853,3.739381815568982,3.8739155442072803,1255480800
2008-03-03,3.647397518157959,3.774740840329722,3.535635719725803,3.728597543345942,1593043200
2008-03-04,3.7339892387390137,3.7417797977248273,3.607545674055531,3.6551867384748893,1785383600
2008-03-05,3.7300941944122314,3.749570593104668,3.6629771283461463,3.702827636292091,1221836000
2008-03-06,3.6234259605407715,3.820282167288443,3.619829918347521,3.7336891192316757,1473698800
2008-03-07,3.662977933883667,3.6848510325607027,3.567096904195665,3.607845931762474,1230462800
2008-03-10,3.5862717628479004,3.6992324649335395,3.576683382804947,3.6548874073825828,999588800
2008-03-11,3.815788507461548,3.8196837873623974,3.6554867581886823,3.718409310285315,1163943200
2008-03-12,3.7762372493743896,3.8556394320796037,3.750469274644273,3.806500577952272,1059629200
2008-03-13,3.833466053009033,3.8802081990823467,3.685448657036439,3.718408308809654,1262102800
2008-03-14,3.7936158180236816,3.9041786173435353,3.7214041359243852,3.891593869408665,1156640800
2008-03-17,3.7972123622894287,3.8529440423128323,3.671967700953958,3.671967700953958,1072598800
2008-03-18,3.979687452316284,3.98508131894798,3.855341284287639,3.8706223728879157,1205120000
2008-03-19,3.8853020668029785,4.02373109979658,3.8853020668029785,3.988674786294198,1010536800
2008-03-20,3.993170738220215,3.993769612118397,3.870621616243167,3.9287499890070725,908787600
2008-03-24,4.1807379722595215,4.22028924597301,4.004256225261511,4.015341991307214,1066920400
2008-03-25,4.224183082580566,4.287704488315915,4.114818443466308,4.193620526945468,1052391200
2008-03-26,4.346433639526367,4.366808550460283,4.213997318529859,4.220888567783706,1182084400
2008-03-27,4.202311992645264,4.353924680990543,4.1945214323517535,4.343138151402687,999829600
2008-03-28,4.285009384155273,4.33414823658256,4.242761780522376,4.248754518647301,714610400
2008-03-31,4.299690246582031,4.365908788146576,4.27032663632843,4.292798999303713,768065200
2008-04-01,4.480368614196777,4.484263894645478,4.3029883358942405,4.383588277190516,1032567200
2008-04-02,4.419244766235352,4.530407689561575,4.370105899925898,4.45789673791282,1044968400
2008-04-03,4.542692184448242,4.603217653507404,4.404562738781061,4.406360560638702,1051568000
2008-04-04,4.5867390632629395,4.635578301308118,4.516925232107265,4.560071766357624,854417200
2008-04-07,4.670931816101074,4.784791013261992,4.647560542978139,4.678122300055674,1158326400
2008-04-08,4.5795464515686035,4.687713402571672,4.56396612849562,4.600821077487087,1014294400
2008-04-09,4.537596225738525,4.611005656739037,4.508232613358007,4.593627518839722,873398400
2008-04-10,4.630782127380371,4.6568497367427275,4.512427955985769,4.52830871117457,955763200
2008-04-11,4.408758163452148,4.5933301615192486,4.386585024658013,4.575952014995645,1210076000
2008-04-14,4.4279327392578125,4.471978565882149,4.3308531786625295,4.397670610840954,845087600
2008-04-15,4.445910930633545,4.486061477130362,4.366209511518977,4.476472695804566,698037200
2008-04-16,4.605313777923584,4.617298453403159,4.513027616218636,4.545986473910598,795774000
2008-04-17,4.628984451293945,4.674228823058755,4.594827044869419,4.619396070501715,704267200
2008-04-18,4.82524299621582,4.861797500687418,4.745541174865599,4.767713507077187,1026765600
2008-04-21,5.038578510284424,5.048766164912978,4.846815694338137,4.860298554777395,1039152800
2008-04-22,4.800073623657227,5.033784809795323,4.736851036549758,5.0158065954239435,1439572400
2008-04-23,4.880674362182617,4.9391023636620615,4.826441277743085,4.915431846178308,1504190800
2008-04-24,5.061951160430908,5.093113008977457,4.769812280733154,4.9540850387632425,1696066400
2008-04-25,5.085619926452637,5.126668572168725,4.986441735429393,5.114683899007866,992474000
2008-04-28,5.160828113555908,5.206071683176222,5.067642642142426,5.086219729038031,787214400
2008-04-29,5.245025634765625,5.263302290100023,5.101202687052203,5.12697066681404,923476400
2008-04-30,5.21206521987915,5.393341163281379,5.181203015918052,5.279182292481248,1139524400
2008-05-01,5.393341064453125,5.393341064453125,5.239331284599102,5.242327253816293,903576800
2008-05-02,5.421506404876709,5.450870022882215,5.34989518137952,5.399034035968789,1006082000
2008-05-05,5.535065174102783,5.552443712796752,5.424801204441318,5.450869212506886,854557200
2008-05-06,5.592894554138184,5.606677050933127,5.458660428265586,5.532967976439093,918870400
2008-05-07,5.470944404602051,5.639037500897765,5.409520441837574,5.574616769159083,1157133600
2008-05-08,5.544954299926758,5.5881008183911876,5.485327750047882,5.506301535385825,899085600
2008-05-09,5.4967145919799805,5.52068474944999,5.4343913024493675,5.488025519910676,673072400
2008-05-12,5.637838363647461,5.659112182249805,5.478734779527371,5.549447883629987,818563200
2008-05-13,5.6917724609375,5.7364171582978845,5.6288503129686696,5.651321880022985,823236400
2008-05-14,5.580910682678223,5.760089193251847,5.560236131444898,5.729826658864322,916823600
2008-05-15,5.684881210327148,5.689975438324016,5.519185584006563,5.597389624700417,873208000
2008-05-16,5.6216583251953125,5.70195980886603,5.6030812386895406,5.69626630809832,765769200
2008-05-19,5.5012102127075195,5.653721859352426,5.432294896489107,5.628852786153742,945820400
2008-05-20,5.570123195648193,5.577912955565438,5.3969366542012995,5.447873331030748,969850000
2008-05-21,5.339106559753418,5.631545299573922,5.280978215958982,5.563229303748427,1157657200
2008-05-22,5.304948806762695,5.433190177987054,5.153635798170288,5.3711673503710955,1206735600
2008-05-23,5.4283976554870605,5.452967482837834,5.327422413906934,5.416412178706541,906917200
2008-05-27,5.586002826690674,5.586002826690674,5.448473087184111,5.475739245550602,789905200
2008-05-28,5.603381633758545,5.631546702172671,5.504803494259836,5.615366309622848,743979600
2008-05-29,5.593794345855713,5.639038726356334,5.5581383479986535,5.595891804558993,647186400
2008-05-30,5.655517101287842,5.679188417349466,5.614468044468061,5.616565502853268,610184400
2008-06-02,5.576115608215332,5.682483509512649,5.529073013995403,5.6510224344630045,679840000
2008-06-03,5.554242134094238,5.639037778649964,5.463454551491988,5.59888683312723,750520400
2008-06-04,5.548850059509277,5.605779881893713,5.490122815410005,5.513793335206393,726983600
2008-06-05,5.675890922546387,5.6881760335889915,5.564129176088589,5.5833055347400355,755445600
2008-06-06,5.562333583831787,5.691474319609771,5.5596372511082714,5.633046309678771,966422800
2008-06-09,5.441580295562744,5.541357371465322,5.265997493031714,5.536863218534871,1888392800
2008-06-10,5.562333583831787,5.596490998806855,5.363977907031278,5.408623416221838,1140941200
2008-06-11,5.417611122131348,5.573119082791462,5.381056618127669,5.523380154290391,961550800
2008-06-12,5.191390037536621,5.47124489723428,5.129666437251935,5.437985601878339,1308333600
2008-06-13,5.1647233963012695,5.21835720712686,4.953185322425657,5.1428507003045425,1345957200
2008-06-16,5.29865837097168,5.330419088545071,5.0658460543869674,5.132663496084628,1051730400
2008-06-17,5.436188220977783,5.4529674884384525,5.315736579505599,5.336411126923938,899656800
2008-06-18,5.355887413024902,5.459259747873059,5.313939445288289,5.426899361268613,811468000
2008-06-19,5.4203081130981445,5.4634554346682505,5.297460561709061,5.349895828806895,791949200
2008-06-20,5.25161600112915,5.423303946612174,5.2435258047219175,5.3738646575554005,888367200
2008-06-23,5.188397407531738,5.269896695320383,5.140456273491814,5.235738467295891,645780800
2008-06-24,5.191092014312744,5.266898172203307,5.142552022293812,5.164724359357786,621947200
2008-06-25,5.315138339996338,5.35828526150087,5.209968168884548,5.2318408665430525,644450800
2008-06-26,5.041574478149414,5.238731127028512,5.034083556818854,5.215659489379591,869610000
2008-06-27,5.096406936645508,5.110789105874112,4.9184266423246505,4.989139341077066,1042249600
2008-06-30,5.0170063972473145,5.153637649337186,4.992436566806004,5.099404560231453,684196800
2008-07-01,5.233935356140137,5.23513390328254,4.913930870051674,4.9208221160713785,1111280800
2008-07-02,5.03917932510376,5.316935972183777,5.03917932510376,5.249519259779489,837519200
2008-07-03,5.0973076820373535,5.158732465160657,4.9663695172224624,5.081427721595786,523362000
2008-07-07,5.248319625854492,5.307346496085299,5.150640794932931,5.1883942449557825,820391600
2008-07-08,5.379858493804932,5.384353048281962,5.175810521139977,5.255512353668575,888350400
2008-07-09,5.2210540771484375,5.420607479070351,5.217758470849933,5.399333656329166,895776000
2008-07-10,5.292365074157715,5.313638492851311,5.13475967340885,5.241128367073808,840688800
2008-07-11,5.17101526260376,5.306747989955519,5.123674228416627,5.257609134209487,930011600
2008-07-14,5.209968090057373,5.372367317030063,5.185997934072494,5.370570295422465,886054400
2008-07-15,5.082925796508789,5.205774579334502,4.985546561453008,5.168021113400659,1040043200
2008-07-16,5.1779069900512695,5.18150223289625,5.051763052238652,5.099702957249022,747790400
2008-07-17,5.14794397354126,5.242927278193766,5.135359222740984,5.216559228897951,757526000
2008-07-18,4.948390960693359,5.083225197310322,4.943896806178949,5.049366219596582,868414400
2008-07-21,4.982548236846924,5.01880310044028,4.827639164892546,5.000824887014934,1360469600
2008-07-22,4.854607582092285,4.87677991872276,4.390479896927052,4.4644890315372905,1879592400
2008-07-23,4.981649398803711,5.044871188484551,4.840823247337082,4.943596310207949,1061768400
2008-07-24,4.765015602111816,4.951684943056694,4.747637066356535,4.9235190815805225,839619200
2008-07-25,4.857603073120117,4.883970724960833,4.753631050573068,4.806066317251868,633637200
2008-07-28,4.626289367675781,4.868090410292257,4.614902762363002,4.86419512954425,780712800
2008-07-29,4.7065911293029785,4.777603509369847,4.6038180222968075,4.6565525424643175,684070800
2008-07-30,4.790485858917236,4.808763312496781,4.676626620262995,4.727563700720067,725183200
2008-07-31,4.762619495391846,4.859999083165302,4.703592628974739,4.720371894561986,637498400
2008-08-01,4.694005012512207,4.793782520216448,4.666738849190335,4.7910849874717645,544639200
2008-08-04,4.591232776641846,4.731160462568931,4.58164439214348,4.69220805059374,592527600
2008-08-05,4.813257217407227,4.8180510078270355,4.638872539587136,4.6568499537476455,688371600
2008-08-06,4.919626235961914,5.015806888116403,4.734154980700264,4.793181854466986,791408800
2008-08-07,4.901049613952637,4.97835434743285,4.839025964987256,4.875280836060118,672372400
2008-08-08,5.080229759216309,5.083226529760384,4.9064442710236005,4.909740278567671,713997200
2008-08-11,5.20037841796875,5.288469659483142,5.08382247326285,5.095807948332315,891304400
2008-08-12,5.295362949371338,5.372067607506462,5.198881852685118,5.199181489632115,836278800
2008-08-13,5.3723673820495605,5.393341568827172,5.270493617806889,5.3328169042303815,842346400
2008-08-14,5.37296724319458,5.406825420153263,5.328622172506413,5.3433039837474325,711300800
2008-08-15,5.265700817108154,5.385852058137952,5.245026263396141,5.364578630453281,708251600
2008-08-18,5.255214214324951,5.3277243803047645,5.208171997491397,5.260607281184942,552014400
2008-08-19,5.199481010437012,5.305550087008498,5.147944256803466,5.229743141259696,616204400
2008-08-20,5.268694877624512,5.301654136794058,5.201877048528839,5.236634529162277,506951200
2008-08-21,5.22225284576416,5.257009129496768,5.150341582658282,5.22764551041328,539744800
2008-08-22,5.2971601486206055,5.318433569259005,5.260604845431727,5.2680957682264316,439611200
2008-08-25,5.1701178550720215,5.280382267299506,5.143450562974063,5.277984371277377,484425200
2008-08-26,5.2027764320373535,5.239930208311282,5.171914230704043,5.176408784303448,445550000
2008-08-27,5.233638286590576,5.26629831219254,5.1593303275571625,5.192888863907558,477780800
2008-08-28,5.205773830413818,5.280981114429918,5.176110568611591,5.251917126605488,431384800
2008-08-29,5.079630374908447,5.198583471249133,5.064948561009141,5.182403472253017,599289600
2008-09-02,4.979551315307617,5.198581074903769,4.943895326538441,5.165621818065761,780763200
2008-09-03,5.002622604370117,5.054159348352999,4.913932486944155,4.999026961759789,734834800
2008-09-04,4.830635070800781,5.031088147388813,4.8183503585027925,4.9696633857511285,743386000
2008-09-05,4.799472808837891,4.865990986051097,4.723666289790156,4.751832152276236,786884000
2008-09-08,4.731756687164307,4.940599169541464,4.53819608407427,4.9310107904117855,1045979200
2008-09-09,4.544788360595703,4.792881706189741,4.488158588260221,4.6999966700563,1245025600
2008-09-10,4.542692184448242,4.643967082132508,4.45849659441157,4.563966009714299,973142800
2008-09-11,4.573853015899658,4.584040670834338,4.37459887139578,4.439918117544554,971135200
2008-09-12,4.4626898765563965,4.521717144392782,4.3895800747832,4.521717144392782,793027200
2008-09-15,4.205607891082764,4.425236978641134,4.205607891082764,4.255646462499943,920634400
2008-09-16,4.191225051879883,4.2697283214776744,3.959611322984042,4.01084763398895,1199836400
2008-09-17,3.8301706314086914,4.150175618792834,3.8301706314086914,4.1495759449827885,1200455200
2008-09-18,4.017740249633789,4.057890400769612,3.615935900931023,3.912270043522954,1676253600
2008-09-19,4.222087860107422,4.320666425974126,4.084258050130848,4.272725309421896,1430875600
2008-09-22,3.926652193069458,4.202312184533644,3.914967152194247,4.193023439144158,856713200
2008-09-23,3.8005077838897705,4.068976056449353,3.795113919420549,3.950622676517161,1280364400
2008-09-24,3.8565385341644287,3.9236555996561737,3.7498701979188818,3.813391620605869,1047015200
2008-09-25,3.9530205726623535,4.038715155393162,3.8508467548518093,3.8891990911191163,1006045600
2008-09-26,3.8424556255340576,3.8891977821605974,3.6854494891200567,3.7426785372813156,1126451200
2008-09-29,3.1539065837860107,3.5859730722566834,3.013979125978635,3.5841752505242113,2622057200
2008-09-30,3.4055960178375244,3.4457461696227156,3.185068219776342,3.243495425701107,1626682400
2008-10-01,3.2695629596710205,3.366642912483781,3.217726777424607,3.353459489296044,1296484000
2008-10-02,2.999297857284546,3.259676217831778,2.9963018872382947,3.2363053311844303,1609364400
2008-10-03,2.9085097312927246,3.191060400103967,2.8359989829380523,3.1161535560536273,2294398400
2008-10-06,2.940568447113037,2.959744602892554,2.6229610292276,2.755397298945839,2107417200
2008-10-07,2.671501874923706,3.041245019790558,2.6652094998305373,3.0106824551015876,1878772000
2008-10-08,2.6903789043426514,2.886336679092279,2.5672307119027336,2.5741219620565348,2207741200
2008-10-09,2.65891695022583,2.870455777731196,2.5947956608126947,2.7970465455397666,1617383600
2008-10-10,2.900418758392334,2.9963005586929596,2.546854844811471,2.567829026131849,2219299600
2008-10-13,3.3037214279174805,3.3118116261222985,3.026863267920138,3.132633118277069,1539076000
2008-10-14,3.1185503005981445,3.4876946377976874,3.090384626114562,3.483499720317734,1980994400
2008-10-15,2.934875726699829,3.206041492745726,2.9330779054839065,3.111357642212738,1584175600
2008-10-16,3.052931070327759,3.09907415741145,2.748806587326583,2.9894090413089804,1980521200
2008-10-17,2.918396472930908,3.057425407321241,2.5735227695435716,2.9843155970239796,1762227600
2008-10-20,2.9495580196380615,2.997199489617788,2.8057360991152054,2.9897083666248547,1549170000
2008-10-21,2.7413148880004883,2.9333781192234136,2.7314268713911285,2.904913016912357,2193660000
2008-10-22,2.9025166034698486,3.033754181589474,2.784462650542249,2.917498050285694,2248808800
2008-10-23,2.9432666301727295,2.9738292039937515,2.7536012105696597,2.891730666588827,1675430400
2008-10-24,2.8878352642059326,2.9333792859994485,2.699966874394095,2.7065584880396494,1590058400
2008-10-27,2.7592933177948,2.925288154694196,2.752401269261766,2.8485825108732,1208771200
2008-10-28,2.9936044216156006,3.0112832044224587,2.7676839271157223,2.859370247664852,1634133200
2008-10-29,3.1326329708099365,3.282148211631198,2.9945035342841884,3.0220693341783127,1950978400
2008-10-30,3.3270933628082275,3.3615512231882847,3.224320255910869,3.242897352788626,1638089600
2008-10-31,3.2237188816070557,3.319301231244202,3.1503096576424006,3.218025781772227,1659756000
2008-11-03,3.204843282699585,3.268964587366339,3.1419209258352327,3.173981278131622,1057938000
2008-11-04,3.325594425201416,3.349564579131423,3.196154073792042,3.2956309326903086,1398681200
2008-11-05,3.0951786041259766,3.2875404955364136,3.08588966009384,3.2632709064786987,1256455200
2008-11-06,2.969334840774536,3.079598255629712,2.9363753710800946,3.027762855216025,1319074400
2008-11-07,2.9435648918151855,2.9918054292252667,2.868058198506567,2.97352857972399,1095253600
2008-11-10,2.872852087020874,3.0082845228751998,2.8315030079033616,3.001393276388374,1123822000
2008-11-11,2.8395941257476807,2.911504982322588,2.7643868631858615,2.8407920732874627,1224538000
2008-11-12,2.700265645980835,2.793750562396548,2.6969702400194624,2.76948017252492,1178976400
2008-11-13,2.8896336555480957,2.8896336555480957,2.5774188769488044,2.692776331011394,1854087200
2008-11-14,2.7038614749908447,2.8162231162519378,2.696670789206708,2.8093310672553535,1405266800
2008-11-17,2.6409389972686768,2.7131502891495236,2.614572150534636,2.6511266517457446,1162526400
2008-11-18,2.6939735412597656,2.726334128609295,2.6025868809401347,2.685884144514807,1209695200
2008-11-19,2.585508108139038,2.7440120464630735,2.5831112126806373,2.6798917425378552,1171900800
2008-11-20,2.411722183227539,2.590301558960843,2.397040176479905,2.554046497462649,1716814400
2008-11-21,2.4743456840515137,2.5204887771729347,2.3712729669696304,2.454869081033893,1569271200
2008-11-24,2.7850615978240967,2.8401931915851515,2.5420614533801773,2.553147619507266,1442257600
2008-11-25,2.720640182495117,2.8377955901881577,2.6415376545195657,2.8353986954196553,1235292800
2008-11-26,2.8464858531951904,2.8539769770652206,2.692176822474128,2.694274281150829,899836000
2008-11-28,2.77667236328125,2.8392950891644846,2.7524019689971517,2.8374972673638346,297774400
2008-12-01,2.6646101474761963,2.7646868944899,2.6643107105330284,2.7356227086828953,923767600
2008-12-02,2.770679473876953,2.7760731390114426,2.591800614943824,2.6975696581411306,1148722400
2008-12-03,2.8734519481658936,2.883339965471089,2.6607149583004146,2.678692371484089,1338680000
2008-12-04,2.738917827606201,2.8527770298234785,2.6685043682748724,2.8294059556872497,1091370000
2008-12-05,2.8165223598480225,2.831204367442663,2.6625121986848375,2.707157495249137,1043795200
2008-12-08,2.9879109859466553,3.02027056913089,2.870455928247015,2.914801186764006,1185142000
2008-12-09,2.998098373413086,3.104167855597046,2.9127044412684353,2.9375739085686567,1203496000
2008-12-10,2.94266676902771,2.9810192944821887,2.891430456148406,2.932479313820777,938047600
2008-12-11,2.8464858531951904,3.03345491183269,2.8413924250296825,2.9168991371689033,1040617200
2008-12-12,2.944465160369873,2.9663376580497283,2.7724773479750366,2.7805675457926613,1041174400
2008-12-15,2.8389956951141357,2.882740892702096,2.786560425284378,2.8761492793828136,891758000
2008-12-16,2.8593688011169434,2.8908298697143957,2.7790681269773403,2.815923058828985,1093506400
2008-12-17,2.671501874923706,2.729629435061828,2.6373432672750754,2.7275319766974384,1293860400
2008-12-18,2.6795923709869385,2.7215405459716693,2.649928311446202,2.675996527381567,857416000
2008-12-19,2.6966710090637207,2.7248358808474973,2.66071537694057,2.6948729874279755,801920000
2008-12-22,2.5690290927886963,2.6975701684969504,2.5375678071032057,2.6972705314897163,844740400
2008-12-23,2.5882046222686768,2.632849325177637,2.573822249496481,2.602886431949485,635031600
2008-12-24,2.5480542182922363,2.584309286311191,2.5333724089285776,2.581013680165746,271334000
2008-12-26,2.5711257457733154,2.6193662924437167,2.5540470404607025,2.5959952114623617,308324800
2008-12-29,2.59509539604187,2.625358520730471,2.548952316899261,2.59239886416135,686000000
2008-12-30,2.585508108139038,2.63824300861836,2.5384657093580074,2.6193662817385968,967601600
2008-12-31,2.5573418140411377,2.62895322395264,2.557042377203264,2.5759190994903554,607541200
2009-01-02,2.7191412448883057,2.7278313118186936,2.551648880870286,2.573221929519756,746015200
2009-01-05,2.8339006900787354,2.8818415922280884,2.7778695919209007,2.791653088848865,1181608400
2009-01-06,2.787158966064453,2.9115050849744977,2.7682822405326,2.874950581616021,1289310400
2009-01-07,2.726933717727661,2.771578430390511,2.7044613428721713,2.7509046776262074,753048800
2009-01-08,2.7775700092315674,2.7910538685624147,2.6978684011095986,2.709554439199615,673500800
2009-01-09,2.7140488624572754,2.797945395160406,2.7008654387858475,2.792851967853525,546845600
2009-01-12,2.6565194129943848,2.726332985901684,2.623260328873874,2.710452235790941,617716400
2009-01-13,2.6280553340911865,2.6888802313678095,2.5873061113421345,2.6439360915532952,798397600
2009-01-14,2.5567431449890137,2.6142718314934106,2.5384654935095265,2.584009503716333,1021664000
2009-01-15,2.4983153343200684,2.520488265509286,2.398538844178015,2.414119363335458,1831634000
2009-01-16,2.4668545722961426,2.528278551079939,2.4090264371847083,2.5258816553394974,1047625600
2009-01-20,2.3431077003479004,2.4569669681167983,2.3431077003479004,2.454869508967313,919914800
2009-01-21,2.481835126876831,2.483333511215027,2.37636555152013,2.3787624463972628,1089270000
2009-01-22,2.647531270980835,2.696671130489294,2.5714254862644177,2.6379434886972786,1409528400
2009-01-23,2.647531270980835,2.692775650131873,2.591800598749551,2.6013881810084416,763770000
2009-01-26,2.6858835220336914,2.725734423076707,2.6457323840661884,2.6625118476800793,692238400
2009-01-27,2.7185428142547607,2.743112836670186,2.6888795653097315,2.702362623892029,618038400
2009-01-28,2.8225157260894775,2.8464858825430954,2.741615347922827,2.760192439201519,861406000
2009-01-29,2.786560535430908,2.8267108910490206,2.7745750561050713,2.789256868229845,592729200
2009-01-30,2.700565814971924,2.8051358865920966,2.6969699723565594,2.7745741247185074,651478800
2009-02-02,2.741915464401245,2.7565972788788744,2.663712199514462,2.6697049401377564,558247200
2009-02-03,2.7859606742858887,2.7979461536672026,2.7050610887582898,2.7541999540241635,599309200
2009-02-04,2.8030388355255127,2.883939405394825,2.7895559739504696,2.793151817088092,808421600
2009-02-05,2.890230894088745,2.9139014055263437,2.775172942132281,2.7796672949309715,749246400
2009-02-06,2.9879109859466553,2.996300618637728,2.906411554072933,2.907010427789097,687209600
2009-02-09,3.071507453918457,3.086189262928604,2.981318741371222,2.996300987399533,715010800
2009-02-10,2.9312808513641357,3.0715071137284835,2.908209411185701,3.0361513613064064,849060800
2009-02-11,2.9010183811187744,2.9456630871276186,2.869557301039799,2.8875355182841713,674973600
2009-02-12,2.9744269847869873,2.988809354448345,2.8713543023328794,2.8713543023328794,817188400
2009-02-13,2.971132516860962,2.9945035999016696,2.9399708727820104,2.9660382884404526,608977600
2009-02-17,2.8324029445648193,2.907610220523645,2.824912620718892,2.9025167923074275,678238400
2009-02-18,2.8276093006134033,2.8719543723816345,2.778170800363606,2.847984414712436,684779200
2009-02-19,2.7158474922180176,2.8240134381687185,2.6999667327858634,2.7976463848953337,922804400
2009-02-20,2.732626438140869,2.7685818701996094,2.666707312597112,2.6786927899911186,750316000
2009-02-23,2.605283498764038,2.756596559573675,2.5921000729070305,2.746109666268797,786982000
2009-02-24,2.704160690307617,2.723337050975245,2.606781302612344,2.6202643624175255,807105600
2009-02-25,2.731426239013672,2.7841611152401264,2.674197210872667,2.6924748555003997,833053200
2009-02-26,2.67240047454834,2.784162245054241,2.6655092254566886,2.7565962485644073,629868400
2009-02-27,2.6759963035583496,2.735622454420275,2.6268566454976456,2.6346472059375414,706658400
2009-03-02,2.63494610786438,2.732625930248631,2.6268561121517067,2.64033977171386,770929600
2009-03-03,2.6478302478790283,2.7188427922044927,2.633148439994129,2.664609514040236,724340400
2009-03-04,2.731726884841919,2.7796677900398348,2.680190936818835,2.702063631023037,741403600
2009-03-05,2.6619136333465576,2.7527012281185006,2.6502285924958797,2.710453618680427,706899200
2009-03-06,2.555845022201538,2.6487302780975726,2.4668544466514177,2.6469322563406306,1011147200
2009-03-09,2.490225315093994,2.624759096102866,2.474045921017304,2.522286266539619,698297600
2009-03-10,2.655621290206909,2.6718014843237285,2.5276791220629953,2.5429600053448738,844258800
2009-03-11,2.7769711017608643,2.818619829568412,2.6840860657191423,2.690977314172329,846372800
2009-03-12,2.886934995651245,2.89382704409572,2.756595950284799,2.7835628700429593,768457200
2009-03-13,2.8743503093719482,2.912404192174508,2.846784517203985,2.885437273702238,601168400
2009-03-16,2.8590691089630127,2.918096166059235,2.82191474101,2.8923281980099915,797244000
2009-03-17,2.986114263534546,2.9870127744640635,2.8485834840827278,2.8536777130125937,786646000
2009-03-18,3.0418429374694824,3.1005703491793604,2.987910114533777,2.9936024135465176,796037200
2009-03-19,3.0448412895202637,3.0921823276122993,3.0037916272800627,3.0517325393484964,500180800
2009-03-20,3.043941020965576,3.0894850261133326,3.0133792596980493,3.0589224647473365,695587200
2009-03-23,3.2258167266845703,3.240798170104445,3.0487357374212847,3.0774996767342815,666397200
2009-03-24,3.1910598278045654,3.279151083110575,3.157801529452184,3.1868651108981427,640612000
2009-03-25,3.190760850906372,3.246791763558426,3.1119585288974427,3.2234208802431827,646618000
2009-03-26,3.2920355796813965,3.295330985476084,3.223420130407902,3.230910252737971,616252000
2009-03-27,3.2015469074249268,3.2518847102504806,3.188063845988127,3.2428960026259475,492872800
2009-03-30,3.1308345794677734,3.146414898269575,3.074504042052818,3.1314336532469986,502796000
2009-03-31,3.1497116088867188,3.21952521356712,3.1461157656911323,3.159598827508171,570080000
2009-04-01,3.256679058074951,3.2659672013338232,3.112856155203114,3.118848892837136,589372000
2009-04-02,3.3771300315856934,3.4382547615943437,3.2893384164602733,3.300125145286779,812366800
2009-04-03,3.4754090309143066,3.4796039478011185,3.4014007118005916,3.421475585374605,636241200
2009-04-06,3.5491180419921875,3.5581067493772554,3.3942089576011174,3.4439478853059673,658064400
2009-04-07,3.4457459449768066,3.4957845130550043,3.421475753275684,3.491589595962336,536580800
2009-04-08,3.485297441482544,3.4993795782314554,3.433161811599064,3.458630152607727,455630000
2009-04-09,3.582676649093628,3.595560636628641,3.5344359049812084,3.5482196033765034,530756800
2009-04-13,3.6021525859832764,3.6249245940283394,3.5655980784007943,3.5958602100624573,389236400
2009-04-14,3.54492449760437,3.60065618517527,3.5131637724720854,3.582677963346309,454622000
2009-04-15,3.5248494148254395,3.543126472539446,3.468518856468543,3.5116649861897113,412882400
2009-04-16,3.639007806777954,3.6899444917100004,3.559305972596314,3.5712914514503113,593446000
2009-04-17,3.69803524017334,3.7229047124463945,3.6030527064189632,3.630918148801932,497495600
2009-04-20,3.610542058944702,3.685150051479309,3.570391511950685,3.6473965998341034,466466000
2009-04-21,3.6482954025268555,3.659682006394313,3.553612528966719,3.562301600252289,470685600
2009-04-22,3.6408045291900635,3.7558626911480912,3.631515385833903,3.674363059748845,938767200
2009-04-23,3.7573611736297607,3.8112950278510116,3.7007309867418687,3.793916483730602,945156800
2009-04-24,3.712416648864746,3.7495708270514743,3.684551215249347,3.7345893810179795,540764000
2009-04-27,3.7372868061065674,3.7453770053569784,3.6752631453349838,3.682454833606983,480690000
2009-04-28,3.712416648864746,3.7816311775700546,3.6932402859280704,3.6959366181736777,455856800
2009-04-29,3.7495710849761963,3.8008074019065905,3.7103194456378437,3.740882013699771,458110800
2009-04-30,3.77024507522583,3.80530139212808,3.7429789176187707,3.781930114143984,498489600
2009-05-01,3.8124921321868896,3.8337659488420908,3.7693452251665036,3.7693452251665036,397516000
2009-05-04,3.9572136402130127,3.9626067037001063,3.8256758576441885,3.842455121930159,609358400
2009-05-05,3.976391553878784,3.9808857085333744,3.9287500741155195,3.9476268038227924,398255200
2009-05-06,3.9700989723205566,4.000061868701275,3.9017829444955296,3.9949684403491252,473538800
2009-05-07,3.8670265674591064,3.96680288440756,3.8322690767994194,3.9650050624743325,531776000
2009-05-08,3.8709208965301514,3.9320456270823603,3.783129280624035,3.8664259427529193,467964000
2009-05-11,3.8823070526123047,3.923955787516755,3.8088976019048584,3.8163889255158887,404658800
2009-05-12,3.7279977798461914,3.886502545495901,3.6929414525326405,3.8820079906931193,609481600
2009-05-13,3.5802791118621826,3.716011819781481,3.5769827060935038,3.6917412322110956,595971600
2009-05-14,3.683950185775757,3.701329522773288,3.5865710118405993,3.588967706542904,447826400
2009-05-15,3.668071985244751,3.7339905222008984,3.643801789342098,3.6650752153247477,367567200
2009-05-18,3.794814348220825,3.7963129328571514,3.6426027946707116,3.7073231686828616,458841600
2009-05-19,3.8187849521636963,3.874515813504508,3.767547844074204,3.7999082281436865,372422400
2009-05-20,3.771444082260132,3.8715208287072107,3.7543651752389784,3.8241789881543378,388584000
2009-05-21,3.7208051681518555,3.7987087483893633,3.682153214905713,3.749869542359961,407946000
2009-05-22,3.67046856880188,3.720806375453815,3.6479961979583875,3.7169110951657265,297998400
2009-05-26,3.918562650680542,3.9200612357206843,3.731893201376975,3.7381855783381073,636927200
2009-05-27,3.986579418182373,4.0444073581288045,3.9224579011755254,3.9485263198119283,646422000
2009-05-28,4.047102928161621,4.056690908275642,3.9560149168076113,3.9985621536343583,487552800
2009-05-29,4.069274425506592,4.07197075682719,4.010546809157177,4.056690079163559,456534400
2009-06-01,4.175343990325928,4.1945199472372625,4.074967653099262,4.089050584028242,452499600
2009-06-02,4.179540157318115,4.234971392254855,4.145381945447001,4.1645591100832435,456223600
2009-06-03,4.223286151885986,4.228079942756883,4.166955608721486,4.194821043346569,565199600
2009-06-04,4.306882858276367,4.320066884539096,4.196020383280014,4.1987167158753165,550634000
2009-06-05,4.334750652313232,4.3865858648510825,4.291004440466236,4.353926624574132,632716000
2009-06-08,4.310178279876709,4.321564082781742,4.17774196169705,4.309279769166449,931652400
2009-06-09,4.276320934295654,4.331452532845889,4.211300916355492,4.308980161666595,676964400
2009-06-10,4.202311992645264,4.265234548714142,4.143884390641183,4.263137090173582,688623600
2009-06-11,4.19332218170166,4.241562924551733,4.151374214068085,4.18133790534053,524823600
2009-06-12,4.104032516479492,4.167853168293216,4.076166288115349,4.159164099282647,563085600
2009-06-15,4.077665328979492,4.102834430804196,4.041710097878817,4.075268633612222,539750400
2009-06-16,4.085456848144531,4.148977885128747,4.077965523893406,4.0947447940560115,514805200
2009-06-17,4.062385082244873,4.118415993479091,4.0309240016209085,4.095044310656547,571412800
2009-06-18,4.071372985839844,4.134894408444634,4.062683915788856,4.078264234490779,427680400
2009-06-19,4.17924165725708,4.17984053120668,4.1019369115838975,4.136992840327702,721856800
2009-06-22,4.116018295288086,4.241563374698447,4.084857253205546,4.214896886783769,634914000
2009-06-23,4.0153422355651855,4.103433495986124,3.9814844613749423,4.086954664376552,706532400
2009-06-24,4.0815629959106445,4.119915744905704,4.040813950196273,4.05759322787542,485525600
2009-06-25,4.190625190734863,4.20081284416591,4.051297648664997,4.0674772393099845,589447600
2009-06-26,4.26793098449707,4.301489521860624,4.187030610455132,4.188528795163266,439384400
2009-06-29,4.253847599029541,4.313174107009407,4.240963611949475,4.298492298469433,567616000
2009-06-30,4.2676310539245605,4.308680111955114,4.248754727999487,4.272125607739717,434224000
2009-07-01,4.279616355895996,4.334449520402458,4.270328410086338,4.299692032536649,414178800
2009-07-02,4.195420265197754,4.279616249971902,4.188529015227595,4.232275210904874,370479200
2009-07-06,4.153171539306641,4.164558140678936,4.08245883654984,4.1558678711497095,498688400
2009-07-07,4.056988716125488,4.185230455294207,4.050397107134229,4.149274842444999,461596800
2009-07-08,4.111523628234863,4.1360934569619365,4.02762728631816,4.0725724267134575,575929200
2009-07-09,4.085756778717041,4.134596412656185,4.072872786951994,4.127705161269962,343025200
2009-07-10,4.150475025177002,4.163957883947891,4.084555715247633,4.0851557890735934,445275600
2009-07-13,4.264936447143555,4.264936447143555,4.1208150032863955,4.181040059826363,483501200
2009-07-14,4.262835502624512,4.290102056243391,4.229577412083334,4.255645018239028,347247600
2009-07-15,4.400966167449951,4.404561810407361,4.324261117938296,4.345834175584187,485587200
2009-07-16,4.420141696929932,4.435123941167888,4.361714504840171,4.367407205582637,393570800
2009-07-17,4.5468854904174805,4.554975685909199,4.453400787203745,4.46688444635661,602154000
2009-07-20,4.581643104553223,4.645464970835616,4.521118444663781,4.592430434131715,735526400
2009-07-21,4.5396952629089355,4.597224760331959,4.486960757044765,4.593030242853686,874781600
2009-07-22,4.696401119232178,4.756028061749722,4.677524394734645,4.7278621933783125,874104000
2009-07-23,4.728762626647949,4.747338918559085,4.661045871870523,4.6931066274717335,526962800
2009-07-24,4.793781280517578,4.794080517351513,4.689210008534756,4.702693268228512,438362400
2009-07-27,4.797076225280762,4.820447500848511,4.711981755380966,4.799173683348951,433311200
2009-07-28,4.794081687927246,4.797077657441309,4.722170018553569,4.7605231489158015,363554800
2009-07-29,4.794979095458984,4.807563844729628,4.741645329699445,4.761121327330954,382158000
2009-07-30,4.877677917480469,4.935505839361848,4.83902515714385,4.845017895188174,469604800
2009-07-31,4.895656585693359,4.943896939160662,4.881274010702428,4.88367110653425,422536800
2009-08-03,4.9867424964904785,4.993034470311358,4.939999547790518,4.950186800673827,394240000
2009-08-04,4.96037483215332,4.960974105900966,4.92022469120877,4.941797746025544,395810800
2009-08-05,4.947193145751953,5.0155079738977575,4.920226218784755,4.966369111531681,423183600
2009-08-06,4.911238193511963,4.989141815491144,4.886668358859254,4.961275573694837,341616800
2009-08-07,4.959177494049072,4.991837523845929,4.937904069202093,4.958578620156301,387354800
2009-08-10,4.93550443649292,4.9918349579503545,4.903743733984212,4.96367029729537,300294400
2009-08-11,4.878875732421875,4.92531824895135,4.850411028750462,4.904643304107952,355342400
2009-08-12,4.95318603515625,4.995134011638171,4.867791097214032,4.870487429948024,445071200
2009-08-13,5.046370983123779,5.053862308534505,4.9888422765466105,4.993336831763395,439980800
2009-08-14,4.997231483459473,5.040677244884602,4.959777661469759,5.03198817260945,305816000
2009-08-17,4.781795501708984,4.901647447028861,4.77670127496903,4.900448499522999,524381200
2009-08-18,4.913934707641602,4.921125596062708,4.836330719810905,4.8429223341928,431152400
2009-08-19,4.931910037994385,4.9528842204260135,4.867490106335088,4.876478813063355,413271600
2009-08-20,4.98374605178833,4.995431889734996,4.932210110271734,4.943295874379093,342031200
2009-08-21,5.070337772369385,5.074833124695564,4.997827663338772,5.023296392580908,416074400
2009-08-24,5.065545558929443,5.114984848715029,5.041875043265288,5.097306271120094,406929600
2009-08-25,5.0757341384887695,5.121877030638903,5.067643940488439,5.0775319602666205,324354800
2009-08-26,5.016107082366943,5.080227380683515,4.996630683270717,5.061350655454912,303998800
2009-08-27,5.077232360839844,5.080827204323423,4.938803283316679,5.0562581733258645,449181600
2009-08-28,5.095210075378418,5.168319898945118,5.049666854214616,5.16172828537641,453700800
2009-08-31,5.040077209472656,5.059253171464022,4.988840498411485,5.038578624885106,311337600
2009-09-01,4.952884197235107,5.093710735745437,4.942097669201843,5.033484920765802,469028000
2009-09-02,4.949289321899414,5.02209909161369,4.9172285722129185,4.932510054797262,364249200
2009-09-03,4.990338325500488,5.006817955512914,4.943895804565341,4.987042719537427,293955200
2009-09-04,5.102999687194824,5.1146855273429095,5.00651899703721,5.012212098647815,374628800
2009-09-08,5.181502819061279,5.187794794788741,5.153637383577027,5.183001003770038,315047600
2009-09-09,5.127867221832275,5.227643480578189,5.084719920653331,5.177006059145446,811087200
2009-09-10,5.170416355133057,5.1910909028764705,5.117981093487839,5.155434908955751,491134000
2009-09-11,5.158430576324463,5.188993140789175,5.119778615469304,5.180902944300178,348961200
2009-09-14,5.205172061920166,5.210564724622751,5.101200084837351,5.118578220430843,322011200
2009-09-15,5.248319625854492,5.263001434185762,5.201278231852701,5.214761092511796,426470800
2009-09-16,5.449371337890625,5.47573898432989,5.329819018361324,5.333115024172389,754023200
2009-09-17,5.529672622680664,5.59678969353094,5.452368696502137,5.452668333426455,810572000
2009-09-18,5.543755531311035,5.589598780362233,5.535964571267123,5.568025722014197,601582800
2009-09-21,5.5137939453125,5.547951362463493,5.441883067034895,5.521884144146513,437715600
2009-09-22,5.527573585510254,5.554540500947797,5.478733980942955,5.548847801060894,356753600
2009-09-23,5.558137893676758,5.660012450690666,5.544054957820165,5.555141924394878,593563600
2009-09-24,5.5077996253967285,5.624055545265628,5.476338550166346,5.609074099920173,550880400
2009-09-25,5.464354038238525,5.558138406714888,5.436488600984989,5.453567507699912,445239200
2009-09-28,5.577610492706299,5.5934912416155695,5.49311532333267,5.509295308964719,337444800
2009-09-29,5.554542064666748,5.615067122934838,5.5224817139941305,5.594992649235334,345385600
2009-09-30,5.553644180297852,5.5866034454569675,5.471545654356951,5.577015062836517,539585200
2009-10-01,5.419108867645264,5.579709830965922,5.414313877580769,5.553642623173293,524711600
2009-10-02,5.540160179138184,5.571322022953756,5.433792258647894,5.435590080409331,553308000
2009-10-05,5.573718070983887,5.598887172670305,5.521282809182374,5.57911193569084,423133200
2009-10-06,5.693269729614258,5.693269729614258,5.612070932785715,5.6252541558445,605085600
2009-10-07,5.700462341308594,5.709451049418099,5.66390703484537,5.685780531365169,465668000
2009-10-08,5.671098709106445,5.736417961388099,5.659712105414014,5.712747443386573,438211200
2009-10-09,5.707053184509277,5.713944433119343,5.651622358582737,5.662109249971582,293272000
2009-10-12,5.717243671417236,5.738217864634971,5.682186937055273,5.723536049397395,288024800
2009-10-13,5.6935715675354,5.728028618208897,5.6839831846981,5.711848622220303,348020400
2009-10-14,5.731625556945801,5.762486568825606,5.699864833935786,5.760389509801794,375510800
2009-10-15,5.709749221801758,5.720535748776274,5.6788878251870605,5.681883793755548,373556400
2009-10-16,5.6345438957214355,5.703758434252768,5.628251519473369,5.67349590096791,431426800
2009-10-19,5.688776016235352,5.692970933018888,5.559636107128599,5.628550996946708,942230800
2009-10-20,5.955445766448975,6.0450355927162605,5.928179610667029,6.010578551916188,1141039200
2009-10-21,6.140018463134766,6.253578846613811,5.969529069591163,5.978218139536717,1193726800
2009-10-22,6.148406505584717,6.227808664967937,6.067806598985423,6.133425064203717,791392000
2009-10-23,6.110656261444092,6.166387940616315,6.089382835584574,6.163391970812415,420786800
2009-10-26,6.066910266876221,6.194852038234075,5.995598276260683,6.10256626218399,484338400
2009-10-27,5.913798809051514,6.076796885702453,5.886231813594607,6.042339841590736,756551600
2009-10-28,5.764882564544678,5.933274508417048,5.725930166075322,5.92398536410563,818386800
2009-10-29,5.883235931396484,5.897019629352981,5.7570919922486,5.842786148555757,570270400
2009-10-30,5.648027420043945,5.896720093461087,5.638139400469018,5.874547758755388,717525200
2009-11-02,5.672296524047852,5.779264104285142,5.560235116163783,5.686978333098096,678983200
2009-11-03,5.655517101287842,5.678588343426558,5.570721855389445,5.628550979340166,522541600
2009-11-04,5.717243671417236,5.808330933309436,5.699865522809053,5.7148469750933035,487530400
2009-11-05,5.813722133636475,5.842786113734264,5.74750357684212,5.764882517578079,384801200
2009-11-06,5.823009014129639,5.848477346664652,5.764881464600556,5.76817706995097,295097600
2009-11-09,6.036346912384033,6.049530135758789,5.880539326324993,5.9009134351813675,528855600
2009-11-10,6.081892490386963,6.141817885031424,6.0228652065671415,6.023164843541598,401195200
2009-11-11,6.089982032775879,6.142417300954579,6.047433984240096,6.129233274632425,443870000
2009-11-12,6.0522284507751465,6.138521488011967,6.035449182415324,6.086685498253111,363731200
2009-11-13,6.125938415527344,6.137324221418129,6.054626410099583,6.078596569874855,343240800
2009-11-16,6.191255569458008,6.232304624094371,6.142715592415779,6.156797726440286,485206400
2009-11-17,6.202342987060547,6.215526213058548,6.142417195909345,6.174777187138888,396513600
2009-11-18,6.171180248260498,6.202342087191284,6.112453013456732,6.188559589279436,374320800
2009-11-19,6.007883548736572,6.13073232005105,5.986610121556419,6.13073232005105,542326400
2009-11-20,5.990204334259033,6.004287270078615,5.925484357072658,5.967133090568123,406666400
2009-11-23,6.168782711029053,6.172378353497524,6.0809907076208,6.082489292031892,474896800
2009-11-24,6.12563943862915,6.168785970903761,6.079496536047393,6.152305934214446,318438400
2009-11-25,6.118147373199463,6.161893571436091,6.105263383328141,6.154402247014232,286454000
2009-11-27,6.010279655456543,6.081291203949387,5.943761460536637,5.969229798189237,295257200
2009-11-30,5.98990535736084,6.04293949648817,5.955747545691083,6.025860590653291,424858000
2009-12-01,5.901813507080078,6.075598917550304,5.897618590263728,6.059718161031262,465763200
2009-12-02,5.879640102386475,6.035148053844184,5.865257931161651,5.961438976261534,715260000
2009-12-03,5.8871307373046875,5.96203875888309,5.880838762728939,5.915295804575223,448719600
2009-12-04,5.792448997497559,5.989005632541654,5.701360966523612,5.983612967636744,826884800
2009-12-07,5.661508083343506,5.805930240071263,5.653418288701934,5.792446982302518,714758800
2009-12-08,5.689077377319336,5.763386154143232,5.654021048008933,5.673796290168831,690398800
2009-12-09,5.926684379577637,5.937470911048258,5.702261077156809,5.731325464814103,684782000
2009-12-10,5.8856329917907715,5.983612260869127,5.8763446476533,5.977619522684127,489669600
2009-12-11,5.832899570465088,5.932676686222554,5.795745384424084,5.926084272503218,429774800
2009-12-14,5.9021124839782715,5.915595744530505,5.76967617357544,5.853872142862923,495790400
2009-12-15,5.817915916442871,5.917992631259159,5.790949398111332,5.867654837004184,419459600
2009-12-16,5.84368371963501,5.8877295383752175,5.829301550267528,5.8457811776749455,352984800
2009-12-17,5.748701095581055,5.84278506799716,5.722933126096844,5.820612340731086,388838800
2009-12-18,5.85567045211792,5.857767910608451,5.7708748019122496,5.787954506813015,608770400
2009-12-21,5.9395670890808105,5.985111104201318,5.862861632066895,5.874248235921005,611906400
2009-12-22,6.003387451171875,6.018069259564305,5.952450377134192,5.975821655828856,349515600
2009-12-23,6.055523872375488,6.0639137068784965,6.01687190642033,6.028556947236578,345525600
2009-12-24,6.263466835021973,6.272755980002131,6.092977420494019,6.098970159159082,500889200
2009-12-28,6.34047269821167,6.410585748878073,6.280546504416843,6.343769104927888,644565600
2009-12-29,6.265264987945557,6.373731563272659,6.254178820878233,6.371034830730769,445205600
2009-12-30,6.341369152069092,6.352156479528999,6.241592873864926,6.257173191137447,412084400
2009-12-31,6.314104080200195,6.392607754122821,6.309010652542627,6.386015741796289,352410800
2010-01-04,6.412384986877441,6.427066800670632,6.363545353222731,6.395006439929485,493729600
2010-01-05,6.423469066619873,6.459724331548339,6.389610496850538,6.430061078442964,601904800
2010-01-06,6.321296215057373,6.44893875336688,6.314704202262994,6.423470013074288,552160000
2010-01-07,6.309608459472656,6.352156495427593,6.2637652180102235,6.344665573595873,477131200
2010-01-08,6.351558208465576,6.352157882392279,6.264067022712402,6.301220402913081,447610800
2010-01-11,6.29552698135376,6.382119640937421,6.245788058476692,6.3761269032295225,462229600
2010-01-12,6.2239155769348145,6.285340348320906,6.184963975653417,6.267961006095432,594459600
2010-01-13,6.311706066131592,6.320095898780572,6.115449110161623,6.228409813747104,605892000
2010-01-14,6.275153636932373,6.306015845737017,6.262868920835972,6.295528951515607,432894000
2010-01-15,6.170282363891602,6.340172910517019,6.168484542229492,6.320097235290131,594067600
2010-01-19,6.443244934082031,6.447739488038697,6.2095341290750055,6.242193354345524,730007600
2010-01-20,6.344067096710205,6.458525189064216,6.277249269939606,6.439348828024793,612152800
2010-01-21,6.234402179718018,6.3914087254773335,6.208634204684514,6.354554584447921,608154400
2010-01-22,5.925183296203613,6.2173224341818925,5.9075055215429835,6.195749380337064,881767600
2010-01-25,6.084586143493652,6.133425348624106,5.998292733100109,6.067806880362941,1065699600
2010-01-26,6.170580863952637,6.403393525660621,6.06990526971917,6.170880500841116,1867110000
2010-01-27,6.228710651397705,6.309610229580589,5.978518992669106,6.197848444842119,1722568400
2010-01-28,5.971327781677246,6.157398321587291,5.953650002252873,6.140319816045054,1173502400
2010-01-29,5.754695415496826,6.058520469816524,5.700462329862121,6.024961932856277,1245952400
2010-02-01,5.8346967697143555,5.872749862649446,5.7319236951239105,5.763984048998566,749876400
2010-02-02,5.868554592132568,5.882337891142079,5.79424663250177,5.870053176856827,698342400
2010-02-03,5.969529151916504,5.998593531216245,5.825407003167622,5.847879370656247,615328000
2010-02-04,5.754395961761475,5.943761698865939,5.740013389278229,5.8946220429801155,757652000
2010-02-05,5.856569290161133,5.872749685135227,5.718439859387999,5.771774435315068,850306800
2010-02-08,5.816417694091797,5.929078756723599,5.812822051657951,5.863459882502823,478270800
2010-02-09,5.878442287445068,5.917693523620398,5.835295371279979,5.885333536521226,632886800
2010-02-10,5.846381187438965,5.89072704867422,5.820613214088383,5.869452428684406,370361600
2010-02-11,5.952753067016602,5.985113469517081,5.814623582453819,5.839193421377456,550345600
2010-02-12,6.003987789154053,6.041741243510195,5.857768162771362,5.935971403895382,655468800
2010-02-16,6.094477653503418,6.10316672686847,6.038147094964761,6.05073144951561,543737600
2010-02-17,6.069005012512207,6.121739489511138,6.018366792981599,6.118143847884174,436396800
2010-02-18,6.080391883850098,6.109156623784818,6.0201660721563925,6.04143949017106,422825200
2010-02-19,6.04263973236084,6.088483383933846,6.025860463824459,6.048333234251734,415469600
2010-02-22,6.005184173583984,6.067507438680664,5.968330040918864,6.06271364909569,390563600
2010-02-23,5.904509544372559,6.032451700536245,5.864059762954422,5.992600792869819,575094800
2010-02-24,6.01237678527832,6.035747663250644,5.927880380093033,5.939566219128458,460566400
2010-02-25,6.052528381347656,6.078296360687781,5.8994174900099265,5.914099301501303,665126000
2010-02-26,6.1310319900512695,6.147511625306653,6.052529094846394,6.0639149010075695,507460800
2010-03-01,6.26196813583374,6.2772488161230475,6.1558986839766,6.164887390037821,550093600
2010-03-02,6.257771015167236,6.317097494399804,6.224511734324358,6.290130585617567,566546400
2010-03-03,6.272154331207275,6.2883347215403305,6.2305064081394,6.260469293842934,372052800
2010-03-04,6.313504695892334,6.319797071184843,6.2511814169525035,6.270658216716701,366041200
2010-03-05,6.56040096282959,6.582873333896936,6.430960601542845,6.440249346937738,899620400
2010-03-08,6.564294815063477,6.594556940102277,6.539425353820819,6.592160245087241,429889600
2010-03-09,6.68234920501709,6.741675709954981,6.528639078519928,6.541223428044745,920259200
2010-03-10,6.736880779266357,6.756057538414589,6.687741934145872,6.706618656383197,596218000
2010-03-11,6.756659507751465,6.756659507751465,6.691340638354665,6.709019222340861,405700400
2010-03-12,6.78961706161499,6.823474831799158,6.7641483246888745,6.8126879031978165,416323600
2010-03-15,6.706921100616455,6.756658840230246,6.59935342248992,6.753063996483658,493502800
2010-03-16,6.725197792053223,6.741078151459689,6.667069819902923,6.717107993889238,446908000
2010-03-17,6.715307712554932,6.785121100950151,6.689839379458039,6.738678587623974,450956800
2010-03-18,6.731188774108887,6.741675665301898,6.670064048158868,6.714708344964639,342109600
2010-03-19,6.659278869628906,6.748868318436865,6.628716300435522,6.7353850555850014,559445600
2010-03-22,6.734185695648193,6.771639910251987,6.596355914119157,6.605944295470346,456419600
2010-03-23,6.842350959777832,6.854935708714656,6.714708049428325,6.760851328764873,602431200
2010-03-24,6.872614860534668,6.89748432501135,6.81688319314131,6.820778873176601,597780400
2010-03-25,6.791116714477539,6.920557493009965,6.779131234956361,6.9190589080204346,542284400
2010-03-26,6.918458938598633,6.9499196153928064,6.84804546178095,6.860030938711261,640875200
2010-03-29,6.963103294372559,7.0074487618103705,6.940032449923856,6.9813815479335295,540744400
2010-03-30,7.066773891448975,7.115614303507301,7.01883279009218,7.089246257706895,527310000
2010-03-31,7.041305065155029,7.089546202820372,7.02512547372191,7.055987672334794,430659600
2010-04-01,7.070369720458984,7.153067102354089,6.973889041532107,7.1135166328077615,603145200
2010-04-05,7.145877838134766,7.14647711202116,7.034415295561379,7.040708071417842,684507600
2010-04-06,7.177338600158691,7.198312383988719,7.101232424386355,7.137188053879664,447017200
2010-04-07,7.209099769592285,7.248651044550517,7.1509710048346244,7.177638291755464,628502000
2010-04-08,7.189622402191162,7.237263465213529,7.132392959159726,7.204304209030817,572989200
2010-04-09,7.244756698608398,7.247753868581477,7.204906179428179,7.233970567159636,334182800
2010-04-12,7.25973653793335,7.283107416383394,7.2453539665188345,7.257039405743856,333026400
2010-04-13,7.263931751251221,7.275018718439828,7.224380473988147,7.246853645265739,306210800
2010-04-14,7.361610412597656,7.365206055318159,7.313070836067905,7.3493257000185315,404076400
2010-04-15,7.4583940505981445,7.461689657667008,7.35621983017865,7.364309629419551,376784800
2010-04-16,7.412846088409424,7.5249078706229975,7.327451585941518,7.447902399902268,750545600
2010-04-19,7.402958869934082,7.427528292988668,7.244154530436323,7.401760322463203,566924400
2010-04-20,7.328653812408447,7.468281454967902,7.279814181222724,7.447007627871849,738326400
2010-04-21,7.7670111656188965,7.797873370504159,7.66243987341725,7.754426414092173,982391200
2010-04-22,7.9842400550842285,7.992629886606417,7.67651982116014,7.737644936437708,793424800
2010-04-23,8.114884376525879,8.155334178996691,8.000126184256148,8.029789052695163,796955600
2010-04-26,8.075027465820312,8.163717564130383,8.035775442500357,8.14633942869123,479068800
2010-04-27,7.851505279541016,8.025290680475322,7.805962071088252,8.008211777280904,709343600
2010-04-28,7.838320732116699,7.910231175437636,7.682812808239615,7.88775961195519,758402400
2010-04-29,8.049263954162598,8.090012983985005,7.850609033358632,7.880871168739997,558840800
2010-04-30,7.823042392730713,8.107091023610067,7.82034606019998,8.069337567587755,542463600
2010-05-03,7.98064661026001,8.026490659364706,7.876674598372924,7.905439742940135,454342000
2010-05-04,7.750829219818115,7.888959021685233,7.693001302001676,7.876974346537571,723819600
2010-05-05,7.670227527618408,7.73464824540046,7.452695991385833,7.581537426949937,883103200
2010-05-06,7.378391742706299,7.737947294764935,5.970129630122985,7.605510958418238,1285860800
2010-05-07,7.067073822021484,7.387978155552136,6.747968110070456,7.302284398584175,1676018400
2010-05-10,7.610302925109863,7.63007896083089,7.446705175546818,7.498241923084889,984306400
2010-05-11,7.686111927032471,7.78708678024599,7.505734481109088,7.545884232771946,848906800
2010-05-12,7.853003025054932,7.8841644591243,7.7514289274870976,7.767607718108113,654379600
2010-05-13,7.741246223449707,7.940200429749136,7.682518160068152,7.886865833421913,599712400
2010-05-14,7.605209827423096,7.684911647374505,7.475769879305452,7.645360374316652,759362800
2010-05-17,7.617196559906006,7.675924605388261,7.422137294769281,7.631579134333998,762834800
2010-05-18,7.561464309692383,7.746935158162723,7.498541358106595,7.699893363003698,782678400
2010-05-19,7.441009521484375,7.5782399690588615,7.3364390835298705,7.4757665885569295,1025726800
2010-05-20,7.124005317687988,7.306479809821557,7.077561993000389,7.247451733914924,1282915200
2010-05-21,7.260634422302246,7.3259536544470745,6.9319396035113,6.975985019667461,1223891200
2010-05-24,7.39367151260376,7.51771880550266,7.3786904656981935,7.409252633488133,754238800
2010-05-25,7.347528457641602,7.393670942660368,7.106026703240528,7.171645187814128,1048006400
2010-05-26,7.314270496368408,7.554574547108452,7.303483565385907,7.4931501680506285,850654000
2010-05-27,7.591129302978516,7.607309700828176,7.464086416554126,7.508731128991113,666282400
2010-05-28,7.696893692016602,7.772400561449308,7.591123907424497,7.772101324714176,815614800
2010-06-01,7.815251350402832,7.968362223682122,7.759220443728421,7.7810935399252665,876472800
2010-06-02,7.908738136291504,7.93420608096159,7.8002711432630205,7.926415519017176,688548000
2010-06-03,7.883870601654053,7.956680409768323,7.802670155440264,7.94559343807527,650106800
2010-06-04,7.669331073760986,7.847310596479342,7.629480565154292,7.7367473777985705,758304400
2010-06-07,7.518918037414551,7.764913986867145,7.507231795638613,7.739146007773905,886942000
2010-06-08,7.470675945281982,7.604610838136669,7.360411967283542,7.5878311718745355,1000770400
2010-06-09,7.287001609802246,7.547680891548296,7.26572859173625,7.534796105820344,854630000
2010-06-10,7.506032943725586,7.5201146789714555,7.257039861127843,7.336142408674326,776356000
2010-06-11,7.595919609069824,7.60640649745357,7.411946606767116,7.4377145725325,545759200
2010-06-14,7.618988513946533,7.7649080041731215,7.610898722110495,7.669326685577856,602960400
2010-06-15,7.781092166900635,7.78588635701273,7.655547113684823,7.659742030032906,585074000
2010-06-16,8.007612228393555,8.02259327123411,7.809256628373615,7.823339160687042,783678000
2010-06-17,8.14604377746582,8.176905983420895,8.075031020108534,8.107990284674768,872855200
2010-06-18,8.21196460723877,8.239831254299633,8.132562785357003,8.157432261672511,784621600
2010-06-21,8.095104217529297,8.359976813863627,8.05195730768933,8.320425546518527,776490400
2010-06-22,8.20536994934082,8.268891380195724,8.134957268939951,8.154732506810388,717262000
2010-06-23,8.119072914123535,8.229636900804211,8.027086410341076,8.2272398062367,768457200
2010-06-24,8.060049057006836,8.185893361945814,8.033081734435417,8.119974040203145,714277200
2010-06-25,7.9911346435546875,8.098103039941538,7.964467353686977,8.091811063718326,549942400
2010-06-28,8.039073944091797,8.082520894216932,7.92581359703618,7.998024089148696,584948000
2010-06-29,7.675624370574951,7.921920350616414,7.619593459291187,7.913829752659804,1133344800
2010-06-30,7.536594390869141,7.729555750457425,7.491051183073524,7.691802301825192,739452000
2010-07-01,7.4452104568481445,7.6345770582065615,7.287605380484024,7.619595206794157,1022896000
2010-07-02,7.3990678787231445,7.518620251420523,7.287005231506753,7.505435422214114,693842800
2010-07-06,7.449702262878418,7.574647250391078,7.375693148337613,7.520714208304954,615235600
2010-07-07,7.750528335571289,7.753525504153645,7.483259467687444,7.505430994271974,654556000
2010-07-08,7.733151912689209,7.877274468371387,7.637270500243349,7.864689717949056,738144400
2010-07-09,7.779000282287598,7.787389320464507,7.6453645443324305,7.697200559245864,433322400
2010-07-12,7.709182262420654,7.845813504094652,7.636372487617557,7.746336442182761,562878400
2010-07-13,7.544685363769531,7.682515156430367,7.3837839266683085,7.68011886099761,1190924000
2010-07-14,7.572550296783447,7.664536836310477,7.460788519488411,7.472175523207228,812047600
2010-07-15,7.53419828414917,7.69959387122345,7.409851756884805,7.437717591697392,824866000
2010-07-16,7.48775577545166,7.639668100868376,7.4431110723388105,7.586034289716443,1039858400
2010-07-19,7.358314037322998,7.48715550171461,7.179135974930558,7.48715550171461,1024478000
2010-07-20,7.547377586364746,7.577640500920044,7.1914178948704715,7.2780109235425,1074950800
2010-07-21,7.617794036865234,7.9446902900848855,7.610603551446126,7.9428924687054785,1185671200
2010-07-22,7.761019229888916,7.790382853057776,7.649855913479874,7.720868675723802,645318800
2010-07-23,7.788585186004639,7.801769213039841,7.678920452326224,7.703190647500748,533388800
2010-07-26,7.7688069343566895,7.793376356936795,7.721765147180797,7.790379988317461,420551600
2010-07-27,7.912631034851074,7.93420409319362,7.799370678330877,7.816449582880815,584771600
2010-07-28,7.819144248962402,7.969858788666879,7.797871232124994,7.900344637588659,519985200
2010-07-29,7.733754634857178,7.869786654444165,7.673529588372069,7.811658667248533,643806800
2010-07-30,7.70798397064209,7.781393021751602,7.637570488877035,7.667234946413125,448210000
2010-08-02,7.845811367034912,7.8679836940396335,7.778994349118798,7.8035637709454795,428055600
2010-08-03,7.84821081161499,7.888061324813726,7.773003939305044,7.8206450130076455,417653600
2010-08-04,7.8796706199646,7.91862181402865,7.799669573536271,7.875475703659569,420375200
2010-08-05,7.841320037841797,7.8856655079178255,7.806862187417542,7.84221854867437,289097200
2010-08-06,7.793079853057861,7.835028228340862,7.719369959271565,7.783790707031127,444897600
2010-08-09,7.842814922332764,7.8548003963261515,7.777495689265597,7.834724327338028,303128000
2010-08-10,7.772704601287842,7.80386684610563,7.7169729250778225,7.785888627941522,451920000
2010-08-11,7.496443748474121,7.661240837991046,7.485058346724235,7.652551768208631,620054400
2010-08-12,7.544384479522705,7.583635710130684,7.374493971275196,7.3915728731578225,534920400
2010-08-13,7.4637837409973145,7.547080387551715,7.463483704088932,7.540189139839983,354869200
2010-08-16,7.42003870010376,7.4910514464943,7.389475735770795,7.418240878672409,318430000
2010-08-17,7.549779415130615,7.629481239487011,7.466781184446374,7.493149234674647,422640400
2010-08-18,7.582739353179932,7.630680471915716,7.538094641413412,7.561466326845262,339696000
2010-08-19,7.487155914306641,7.595022802018943,7.4512002850692065,7.575846039706412,426706000
2010-08-20,7.479965686798096,7.6082071025140925,7.460788921772198,7.472475163009191,384230000
2010-08-23,7.364907264709473,7.550678169546787,7.348428432932962,7.544386193770399,414041600
2010-08-24,7.189021110534668,7.2810068050823356,7.150668401362181,7.2711199911208375,602565600
2010-08-25,7.277715682983398,7.310675750313986,7.107226644334578,7.132395350197384,596867600
2010-08-26,7.199512958526611,7.363410795781654,7.199512958526611,7.354421685852973,466505200
2010-08-27,7.2396626472473145,7.269326306402505,7.058086648973618,7.243558327798269,548391200
2010-08-30,7.266027927398682,7.363407913258123,7.2114948152780025,7.213891910320603,383289200
2010-08-31,7.284007549285889,7.327753742177426,7.201609391503042,7.246553332049101,420786800
2010-09-01,7.50063943862915,7.534497210628222,7.379289285704149,7.414944879233148,697037600
2010-09-02,7.55577278137207,7.55577278137207,7.447905864898261,7.528506215237896,415427600
2010-09-03,7.753530025482178,7.753829262455872,7.6255878169542415,7.643266001269128,520788800
2010-09-07,7.724761962890625,7.776297905929079,7.678019409822106,7.689704848064617,342557600
2010-09-08,7.8778767585754395,7.921922201770383,7.763417013486631,7.783792331495758,526551200
2010-09-09,7.882368087768555,7.985740025552132,7.877873933986169,7.941395361276736,438575200
2010-09-10,7.892554759979248,7.925214780371846,7.832328946284687,7.885962748513922,387542400
2010-09-13,8.001320838928223,8.038475015747945,7.962968914564534,7.964765935929763,388780000
2010-09-14,8.031881332397461,8.065139822409092,7.955775173130803,7.976449715613015,408150400
2010-09-15,8.096603393554688,8.101398384470507,8.025291405345762,8.035179823955575,429368800
2010-09-16,8.286870956420898,8.289867326591162,8.075032786025792,8.097205925285737,652103200
2010-09-17,8.250917434692383,8.328521434271444,8.200279970861393,8.320430833467846,634477200
2010-09-20,8.486421585083008,8.502901213932295,8.265294361544525,8.272185609943755,658677600
2010-09-21,8.502602577209473,8.609870200863925,8.473238957344043,8.505299709704468,668074400
2010-09-22,8.621855735778809,8.628746985358756,8.461852809998218,8.470841918210304,585289600
2010-09-23,8.656909942626953,8.771968099335075,8.56941837770091,8.579305994269172,786116800
2010-09-24,8.758783340454102,8.795038998286097,8.70574961966724,8.752192130028627,649488000
2010-09-27,8.724031448364258,8.830999064143038,8.719537293114325,8.808527487794517,482834800
2010-09-28,8.595186233520508,8.742304332908414,8.239825714848905,8.742304332908414,1035042400
2010-09-29,8.61047077178955,8.683580595577022,8.569421705192019,8.606275854019922,469644000
2010-09-30,8.502006530761719,8.68927527019013,8.42709887497058,8.659312367893449,673391600
2010-10-01,8.465147018432617,8.58679638425561,8.430089905557312,8.573912399212908,448142800
2010-10-04,8.348895072937012,8.476536436406832,8.322826253486534,8.43758522600515,435302000
2010-10-05,8.657510757446289,8.672791038833466,8.444173290235296,8.449567554404965,501967200
2010-10-06,8.665000915527344,8.748897649546668,8.54724641106136,8.676986391843977,670868800
2010-10-07,8.665899276733398,8.7036527228954,8.59668515883537,8.699457806644238,408399600
2010-10-08,8.811223983764648,8.824107975811497,8.689275314833125,8.740511245945585,658403200
2010-10-11,8.849871635437012,8.906202568605213,8.82710083282403,8.831295749131122,427753200
2010-10-12,8.94515609741211,8.973921242738534,8.763879354913298,8.85137173841728,558544000
2010-10-13,8.993096351623535,9.047628667592399,8.982908696955173,8.994894173035599,630092400
2010-10-14,9.05811882019043,9.062912211826369,9.000888556406913,9.039541327218496,435296400
2010-10-15,9.430559158325195,9.438349720529242,9.136022780450624,9.211828943189106,922194000
2010-10-18,9.528238296508789,9.558200394183528,9.417074977649701,9.542320834459362,1093010800
2010-10-19,9.273250579833984,9.401491980769949,8.98950121838271,9.090776096707614,1232784000
2010-10-20,9.304411888122559,9.415874420121751,9.194747977710565,9.258568640310413,721624400
2010-10-21,9.274148941040039,9.43055539624825,9.192649307615213,9.359243417026152,551460000
2010-10-22,9.212724685668945,9.289729366610688,9.177668369478196,9.260664988157073,372778000
2010-10-25,9.25377368927002,9.336471070655737,9.241788213664044,9.261265011573007,392462000
2010-10-26,9.230104446411133,9.28074188547876,9.158192386085338,9.194748090134395,392929600
2010-10-27,9.22351360321045,9.285536452940912,9.156695762078723,9.218120137995044,399002800
2010-10-28,9.145907402038574,9.228604781551043,9.015868195053386,9.22710619708499,551051200
2010-10-29,9.018263816833496,9.165082678327341,9.014967411313338,9.115643796410806,430511200
2010-11-01,9.114144325256348,9.156691955279355,9.054817832748618,9.0554171064123,423889200
2010-11-02,9.269354820251465,9.294224284265315,9.198642908271282,9.198642908271282,433930000
2010-11-03,9.372431755065918,9.374828851276035,9.244489545196892,9.329584060359487,508348400
2010-11-04,9.536327362060547,9.593556820450548,9.439246588612258,9.451831340751509,642488000
2010-11-05,9.502164840698242,9.575274627619434,9.490779441163479,9.527933608288976,361253200
2010-11-08,9.546813011169434,9.58127005643552,9.491081344772404,9.504265369104697,281758400
2010-11-09,9.470709800720215,9.627117119799603,9.423368753260776,9.619625794487991,383544000
2010-11-10,9.529134750366211,9.55130708190663,9.394899813171827,9.487485619363882,384227200
2010-11-11,9.487783432006836,9.540218675101276,9.4158713956591,9.438343756999332,361284000
2010-11-12,9.229498863220215,9.48328518090556,9.097662698297162,9.468304144024847,795846800
2010-11-15,9.199840545654297,9.304711055730277,9.176768905421822,9.242388183477939,403606000
2010-11-16,9.03654670715332,9.216624168513412,8.968530298895313,9.160294004920932,657650000
2010-11-17,9.003884315490723,9.108454805972562,8.921785395095977,9.024858100944796,479449600
2010-11-18,9.241491317749023,9.278645501440423,9.129430292841432,9.144710577961883,494491200
2010-11-19,9.1905517578125,9.240589915336734,9.145907063989432,9.227705929877624,384843200
2010-11-22,9.389211654663086,9.389211654663086,9.164788717228483,9.189058116792122,393075200
2010-11-23,9.250472068786621,9.340961558502826,9.185452900522835,9.302008784741721,519447600
2010-11-24,9.432353973388672,9.45033218812819,9.340967515474425,9.34845723813471,413725200
2010-11-26,9.438343048095703,9.519243382824547,9.376619468312128,9.40058961189546,237585600
2010-11-29,9.494379043579102,9.512655697834857,9.32988195438913,9.45332918045929,445785200
2010-11-30,9.322993278503418,9.419174768150437,9.314603441378683,9.39460453085657,501858000
2010-12-01,9.480297088623047,9.520746880212503,9.438348712105055,9.4464385104032,461750800
2010-12-02,9.532732963562012,9.558200907974289,9.435052903445365,9.51415546988262,462837200
2010-12-03,9.511454582214355,9.547709441079055,9.47849532866521,9.49857059765588,342092800
2010-12-06,9.592658042907715,9.65797729723597,9.540821251062898,9.547413263904927,448481600
2010-12-07,9.534528732299805,9.707714077423264,9.531832399976384,9.702022175895424,391454000
2010-12-08,9.618420600891113,9.618720637743714,9.501565447933642,9.577071522111494,321935600
2010-12-09,9.580971717834473,9.663069840396068,9.55879858392404,9.651984473588827,294151200
2010-12-10,9.604937553405762,9.619619357045202,9.546209538749704,9.57767100374753,262511200
2010-12-13,9.638199806213379,9.739775524346593,9.618125332246725,9.719100976427171,439815600
2010-12-14,9.59684944152832,9.664266535439909,9.558196686316908,9.639996349627799,351008000
2010-12-15,9.598946571350098,9.678048296749585,9.563889461148268,9.588158845020645,417312000
2010-12-16,9.625616073608398,9.666365896516965,9.591159026360547,9.620821882666377,322030800
2010-12-17,9.606437683105469,9.641794032272335,9.595051482494613,9.63699984254145,386929200
2010-12-20,9.654379844665527,9.68554208393432,9.535127552473478,9.636102392836003,385610400
2010-12-21,9.714007377624512,9.719700079558404,9.649587434376828,9.678051744144941,256354000
2010-12-22,9.742766380310059,9.759546040109292,9.694526058534585,9.71879623783794,265921600
2010-12-23,9.696027755737305,9.74247027173197,9.683143770018011,9.737976118606138,223157200
2010-12-27,9.728388786315918,9.751161193395236,9.633705915071477,9.673557227410969,249816000
2010-12-28,9.752062797546387,9.78771840107847,9.739778080361404,9.765246025699113,175924000
2010-12-29,9.74666690826416,9.781423992187326,9.740973406521631,9.774531942719907,163139200
2010-12-30,9.697829246520996,9.753260089741527,9.679551790075704,9.752361578815767,157494400
2010-12-31,9.664868354797363,9.692434153308161,9.627414137170817,9.676553795462913,193508000
2011-01-03,9.874907493591309,9.895582040077786,9.73318283734767,9.75715298975434,445138400
2011-01-04,9.926444053649902,9.962698918480571,9.832359667043342,9.96090109707668,309080800
2011-01-05,10.007640838623047,10.017828491194098,9.872807460870273,9.874306045121084,255519600
2011-01-06,9.999553680419922,10.045096888316227,9.974684218155053,10.029216532911887,300428800
2011-01-07,10.07116985321045,10.07806110514478,9.94472542145684,10.007348363248099,311931200
2011-01-10,10.260830879211426,10.284201757466935,10.10262659546134,10.152364720992107,448560000
2011-01-11,10.236557960510254,10.336034177270214,10.171537975349809,10.333637882979247,444108000
2011-01-12,10.31985855102539,10.320158588011592,10.247348812594923,10.28480302965633,302590400
2011-01-13,10.357608795166016,10.386373932192775,10.302777252954712,10.342028479374903,296780400
2011-01-14,10.441511154174805,10.441511154174805,10.320461004161919,10.363907169878006,308840000
2011-01-18,10.206899642944336,10.330047640752875,9.76794147070949,9.873411286837243,1880998000
2011-01-19,10.152666091918945,10.445104545783632,10.093938851612661,10.437613222200692,1135612800
2011-01-20,9.96809196472168,10.136483895332653,9.891386521569055,10.080452997408607,764789200
2011-01-21,9.789510726928711,10.034008785631936,9.78681359534212,10.000749496719738,754401200
2011-01-24,10.111016273498535,10.111016273498535,9.789512683452507,9.794007636962396,574683200
2011-01-25,10.229368209838867,10.230567557405228,10.024721430331697,10.07745671882166,546868000
2011-01-26,10.302781105041504,10.35521637220388,10.232368420614243,10.276113816001557,506875600
2011-01-27,10.28360366821289,10.327949134714721,10.272218264724916,10.300682573543483,285026000
2011-01-28,10.07056713104248,10.319261010558597,9.993563231643552,10.312369760436273,592057200
2011-01-31,10.167046546936035,10.188620403915994,10.016632822374012,10.061576757551851,377246800
2011-02-01,10.338135719299316,10.356712407338092,10.216785572940752,10.226373953914855,426633200
2011-02-02,10.316862106323242,10.3447271389412,10.293790464190083,10.320757786221506,258955200
2011-02-03,10.290497779846191,10.314468741432512,10.14397887759464,10.301284712560037,393797600
2011-02-04,10.382184028625488,10.388176768399202,10.292594569255384,10.296489450058914,321840400
2011-02-07,10.54338264465332,10.584430900630132,10.416338996491817,10.423829519111006,485021600
2011-02-08,10.642858505249023,10.652446885911454,10.551472052405055,10.597315297299518,381040800
2011-02-09,10.731548309326172,10.756717805945613,10.632970581244559,10.64255816081067,482745200
2011-02-10,10.623088836669922,10.78668746705332,10.427130204692885,10.7084841965436,928550000
2011-02-11,10.692296028137207,10.720760327317894,10.593118235986873,10.6293738929768,367572800
2011-02-14,10.762113571166992,10.7711018795946,10.68810524454734,10.690502340154348,310416400
2011-02-15,10.783685684204102,10.785783542725273,10.713273007180586,10.76241186261012,284174800
2011-02-16,10.880465507507324,10.933499234605089,10.801662208833239,10.81065051506425,481157600
2011-02-17,10.735742568969727,10.794769827522604,10.682408010445366,10.70428190026681,530583200
2011-02-18,10.50383186340332,10.771700869743892,10.47266962364779,10.748029953055811,816057200
2011-02-22,10.145772933959961,10.349221994367046,10.119106449241118,10.251841999313772,872555600
2011-02-23,10.265925407409668,10.326449663086496,10.145773006443314,10.150567997113953,671854400
2011-02-24,10.273714065551758,10.341730436853307,10.138581433732266,10.307872669715703,499900800
2011-02-25,10.431920051574707,10.44000984795769,10.331244451824494,10.345026949351274,380018800
2011-02-28,10.583232879638672,10.638364468856908,10.520609967896265,10.52420561068422,403074000
2011-03-01,10.466377258300781,10.658440116786279,10.417537642190437,10.650949594096572,456136800
2011-03-02,10.550569534301758,10.617387341582715,10.439107043281098,10.48584958470222,602590800
2011-03-03,10.773499488830566,10.780390738468135,10.664434041907855,10.702487533607895,500788400
2011-03-04,10.786683082580566,10.795372153527806,10.719265973272528,10.788780141047667,453266800
2011-03-07,10.647655487060547,10.836722003066221,10.526305321950923,10.828631405319888,546123200
2011-03-08,10.659640312194824,10.708779972860029,10.554469740928578,10.63417157099459,356316800
2011-03-09,10.561062812805176,10.629678482432443,10.50503269668526,10.62758062348163,453306000
2011-03-10,10.387273788452148,10.480159621938594,10.334239260335474,10.460682824504119,507539200
2011-03-11,10.546677589416504,10.556566007518418,10.337237389586301,10.347124207491095,471080400
2011-03-14,10.593724250793457,10.681216662100956,10.526307920257482,10.58233804381675,435957200
2011-03-15,10.350123405456543,10.422333914839639,10.190420501200645,10.250346294886935,721081200
2011-03-16,9.88808822631836,10.277308068533054,9.775727215101563,10.247345185548465,1162011200
2011-03-17,10.026816368103027,10.17573224717659,9.907563330073366,10.092434822613832,659422400
2011-03-18,9.907869338989258,10.133490787687801,9.887794061076072,10.10143003039398,753214000
2011-03-21,10.166448593139648,10.179631818462791,10.045397669108278,10.067271565880105,409402000
2011-03-22,10.22337818145752,10.265926627842973,10.161654570701288,10.264128806164713,325922800
2011-03-23,10.163154602050781,10.194016011772215,10.06607381780418,10.165850934902622,372996400
2011-03-24,10.336336135864258,10.367198331814393,10.153262418390003,10.242851837598376,404712000
2011-03-25,10.533196449279785,10.548776770490415,10.397762948964246,10.429224428481751,448910000
2011-03-28,10.500234603881836,10.616492119887635,10.500234603881836,10.581435002937585,309355200
2011-03-29,10.515816688537598,10.515816688537598,10.368998595802708,10.41693890359829,352900800
2011-03-30,10.446002960205078,10.513420871336464,10.410347364661902,10.506228784711888,329406000
2011-03-31,10.442407608032227,10.481059571077147,10.368998561904768,10.377986869525431,274019200
2011-04-01,10.324053764343262,10.534694136474858,10.286300309311121,10.520312363190351,418661600
2011-04-04,10.223078727722168,10.325252924022708,10.139482021702927,10.31656385281142,460084800
2011-04-05,10.154165267944336,10.254840893735254,10.06757218027695,10.097235841485402,482731200
2011-04-06,10.128694534301758,10.30427777099539,10.101728011282955,10.223977475786036,402539200
2011-04-07,10.129895210266113,10.20030709618178,10.068470032938748,10.130493684093041,373447200
2011-04-08,10.039405822753906,10.191917426888052,10.006147322099983,10.185026177221667,377535200
2011-04-11,9.911764144897461,10.057682942932864,9.888393262266993,10.009442592832254,398946800
2011-04-12,9.959701538085938,9.999552038476315,9.893782232031311,9.90247130052047,425639200
2011-04-13,10.071465492248535,10.07176472911118,9.963298567289476,10.038206195073975,346220000
2011-04-14,9.960301399230957,10.067569004800767,9.949515271365348,10.031613378352235,301800800
2011-04-15,9.811681747436523,9.996853287877839,9.791906518891494,9.986665636758568,453605600
2011-04-18,9.943221092224121,9.954607292355751,9.592954020786744,9.770934306562935,609898800
2011-04-19,10.12330150604248,10.126896348897041,9.939028405138288,9.980677535962721,419378400
2011-04-20,10.259632110595703,10.35970843340393,10.232366353251134,10.29259136900442,700666400
2011-04-21,10.508026123046875,10.640762480388041,10.44270687363774,10.636866800316346,753810400
2011-04-25,10.577240943908691,10.599414076116169,10.496040538269732,10.497239886055212,266546000
2011-04-26,10.499634742736816,10.636565186324637,10.467573998997656,10.595516136948836,338800000
2011-04-27,10.491544723510742,10.55746403575504,10.400158277198353,10.554167630088669,356213200
2011-04-28,10.389673233032227,10.479561110898242,10.352818290994751,10.37289356509028,360959200
2011-04-29,10.490948677062988,10.60540678912732,10.387275894771312,10.390572301200343,1006345200
2011-05-02,10.375591278076172,10.501136367074505,10.352220394717085,10.479263268503098,442713600
2011-05-03,10.433119773864746,10.483757220229348,10.355815037965908,10.426827797720215,313348000
2011-05-04,10.47417163848877,10.54188800455217,10.393570480565202,10.434919589068265,389250400
2011-05-05,10.389673233032227,10.515517542202415,10.368698648104793,10.439111325828954,335969200
2011-05-06,10.386977195739746,10.487053539791653,10.373493932628437,10.4777651941081,280134400
2011-05-09,10.415141105651855,10.46308221365468,10.383080354658327,10.422930865619737,204747200
2011-05-10,10.470571517944336,10.477762803322465,10.38697482566985,10.453791852062034,282091600
2011-05-11,10.404052734375,10.487050951419487,10.344426994472302,10.45768733677127,336000000
2011-05-12,10.384278297424316,10.400758727423412,10.255438427400307,10.370795836704112,322000000
2011-05-13,10.202404975891113,10.374691829319163,10.19791082148905,10.357014448624982,326116000
2011-05-16,9.986671447753906,10.22397912896724,9.965696859715527,10.16345406082536,449775200
2011-05-17,10.071763038635254,10.071763038635254,9.909663096933908,9.947716578312278,452334400
2011-05-18,10.183528900146484,10.218885263999068,10.06757218821104,10.08165472634567,334776400
2011-05-19,10.203300476074219,10.259630603962886,10.147568821790186,10.249742987911977,261170000
2011-05-20,10.044200897216797,10.215889280876722,10.03820815780653,10.174240142024722,337968400
2011-05-23,10.019627571105957,10.066969397726984,9.870412406368503,9.886892034607701,383600000
2011-05-24,9.953411102294922,10.064574398082561,9.927942364438827,10.052588921421204,321927200
2011-05-25,10.0909423828125,10.144276961976757,9.973187857032427,9.990566000738513,294224000
2011-05-26,10.037609100341797,10.094239288842061,10.02053019270356,10.066673487059052,222560800
2011-05-27,10.109816551208496,10.116408562706493,10.016931516759485,10.031613324137592,203599200
2011-05-31,10.422033309936523,10.422033309936523,10.217385671517558,10.22038284114715,417754400
2011-06-01,10.352520942687988,10.550875839639458,10.32675376042517,10.453197376289307,554682800
2011-06-02,10.370196342468262,10.426527284256094,10.31626329617845,10.382181819465375,338783200
2011-06-03,10.290497779846191,10.347127976445597,10.24765088615892,10.282708017429488,313250000
2011-06-06,10.128694534301758,10.39866140165979,10.121803285109943,10.358211617131587,461941200
2011-06-07,9.948914527893066,10.134086111655058,9.944719611744912,10.132588327365655,529785200
2011-06-08,9.954911231994629,10.03161670050034,9.907270951289135,9.94112873068578,333723600
2011-06-09,9.9324369430542,9.997756188194108,9.910263812068244,9.985171438175053,275088800
2011-06-10,9.764944076538086,9.937530943401066,9.753257836511565,9.904271645053644,433955200
2011-06-13,9.785916328430176,9.837153034004343,9.740073086616206,9.803893740865698,329473200
2011-06-14,9.960902214050293,9.985172405675112,9.867117853877064,9.8877924022909,334569200
2011-06-15,9.790412902832031,9.89678121092729,9.734381197871905,9.880301580091464,399196000
2011-06-16,9.742766380310059,9.84823612732488,9.538119658754235,9.79490238030232,510591200
2011-06-17,9.595952987670898,9.865321406598325,9.568986462117522,9.8575308458544,615020000
2011-06-20,9.4479341506958,9.519246128520974,9.303512373750777,9.509058474517811,640645600
2011-06-21,9.746966361999512,9.761947408795312,9.444340255619661,9.48868572232855,493382400
2011-06-22,9.666370391845703,9.854838510456918,9.659478339112098,9.742775845269849,390583200
2011-06-23,9.92464828491211,9.938430785093974,9.5318334280511,9.556402058788619,559759200
2011-06-24,9.778427124023438,9.982175426268547,9.740673672714061,9.928841655429068,439807200
2011-06-27,9.948914527893066,10.004646185191522,9.805392068695664,9.815579722198322,339813600
2011-06-28,10.045395851135254,10.088542762790272,9.990863537866,9.997155512447472,294299600
2011-06-29,10.008842468261719,10.078655867730111,9.944121696092497,10.068768249794033,352545200
2011-06-30,10.05767822265625,10.071462316356817,9.97288380366473,10.028614651512006,322954800
2011-07-01,10.285104751586914,10.292295239710878,10.013639221868472,10.066074498344724,435313200
2011-07-05,10.469971656799316,10.48195713175715,10.262328503794869,10.277309547393697,355054000
2011-07-06,10.539785385131836,10.609899615778197,10.38847235939491,10.455589421107533,444626000
2011-07-07,10.702788352966309,10.72675851184445,10.606906117256218,10.626982195448758,399663600
2011-07-08,10.777997016906738,10.786686891020713,10.552974802982007,10.5871326250678,489633200
2011-07-11,10.606904029846191,10.77979173709761,10.571547672412056,10.677018270956582,442674400
2011-07-12,10.59941291809082,10.71716741511765,10.445701994385646,10.592820106434623,451609200
2011-07-13,10.727356910705566,10.786683424711295,10.678216452476812,10.736644455710604,391638800
2011-07-14,10.719861030578613,10.834919166497249,10.677014166459042,10.816940957713886,430533600
2011-07-15,10.934099197387695,10.936496292559946,10.761812382423992,10.821738161533235,484467200
2011-07-18,11.200173377990723,11.225641319089714,10.944888292299668,10.949382446588036,572653200
2011-07-19,11.291556358337402,11.345489389697276,11.18578655336396,11.326013395017682,819145600
2011-07-20,11.59268569946289,11.873439466060368,11.565719179326322,11.868945312737111,941340400
2011-07-21,11.604372024536133,11.687368643754002,11.50279711780861,11.59418437014938,526534400
2011-07-22,11.78445053100586,11.836885792305734,11.618155639429478,11.635234543966025,516728800
2011-07-25,11.94025707244873,11.985201005147735,11.674185118393916,11.696057410922226,589806000
2011-07-26,12.08737564086914,12.12003566262809,11.975613878512476,11.98520145912829,476582400
2011-07-27,11.763176918029785,12.064305229700022,11.749992893203547,12.002880859634777,659324400
2011-07-28,11.740103721618652,11.895012392391457,11.629540510205715,11.734111783952509,594034000
2011-07-29,11.699951171875,11.839878774333794,11.505791302194547,11.614856710508269,632584400
2011-08-01,11.887822151184082,11.970219496794494,11.756583591740045,11.918683551157716,612836000
2011-08-02,11.652917861938477,11.922285573385533,11.636138986973359,11.914795047067122,639539600
2011-08-03,11.762579917907715,11.791943542416332,11.453062512525328,11.714938037216557,732508000
2011-08-04,11.307136535644531,11.725119923863375,11.306537261967902,11.667891287991262,871407600
2011-08-05,11.194778442382812,11.49081413634351,10.863688027032326,11.399126833541539,1204590800
2011-08-08,10.583232879638672,11.019493803296218,10.57753937850848,10.83731856919919,1143833600
2011-08-09,11.206463813781738,11.224442028661619,10.63686644053203,10.825633696277924,1082583600
2011-08-10,10.897248268127441,11.225642402441466,10.861592667088633,11.120771858070256,878656800
2011-08-11,11.197174072265625,11.249609325641089,10.928105757161742,11.101891145489036,741969200
2011-08-12,11.29574966430664,11.375150615771497,11.213051507902328,11.328108838432183,528976000
2011-08-15,11.488116264343262,11.534858823549065,11.328712624032887,11.374855909401456,460544000
2011-08-16,11.400325775146484,11.486919659122314,11.267889435116555,11.431488019952319,498750000
2011-08-17,11.399126052856445,11.521374714755192,11.326016245211674,11.455156956259563,442061200
2011-08-18,10.967961311340332,11.165718540995533,10.82773438860893,11.111484641288664,851435200
2011-08-19,10.667728424072266,10.996423311885401,10.66682991339597,10.85170148541324,775888400
2011-08-22,10.680015563964844,10.932904371628693,10.639565772271009,10.921817403444868,535315200
2011-08-23,11.194177627563477,11.195376175064448,10.696791616038881,10.795669384573623,656835200
2011-08-24,11.271484375,11.354781041052119,11.104290168839922,11.19028396730513,626267600
2011-08-25,11.197774887084961,11.249610873839668,10.936497094832555,10.938894190180651,871346000
2011-08-26,11.493208885192871,11.499800096382394,11.110280957720574,11.121367122110236,641477200
2011-08-29,11.684674263000488,11.730518315347188,11.62564778532543,11.63104045021455,405269200
2011-08-30,11.685272216796875,11.740703844983262,11.57201186514478,11.63313619457027,417922400
2011-08-31,11.530664443969727,11.747896019448987,11.441674275240103,11.70265204277738,522586400
2011-09-01,11.416803359985352,11.605869839889861,11.407515016304282,11.560326632118835,343725200
2011-09-02,11.207662582397461,11.326016365678335,11.141144786227656,11.228336329769046,438939200
2011-09-06,11.378155708312988,11.39583309163464,10.980845036740766,11.007512330400163,509698000
2011-09-07,11.50369644165039,11.553734602812234,11.445866921144223,11.552536055235956,350576800
2011-09-08,11.509987831115723,11.64392271560968,11.455155482436885,11.45785181429715,416158400
2011-09-09,11.31043815612793,11.565722459295676,11.236728260013546,11.503699605411963,564813200
2011-09-12,11.38414478302002,11.412309052502712,11.143241506775514,11.17620156703913,467832400
2011-09-13,11.524373054504395,11.572013328960756,11.39343370855472,11.450063891544271,440560400
2011-09-14,11.66459846496582,11.751790811446481,11.558529391923424,11.596282845046895,534724400
2011-09-15,11.774261474609375,11.795236056692696,11.68257498751206,11.728418231060719,417818800
2011-09-16,12.0001859664917,12.0001859664917,11.836288936906175,11.851570023029673,698513200
2011-09-19,12.333673477172852,12.381614591170067,11.84138234833028,11.895314601392084,823860800
2011-09-20,12.388206481933594,12.670158860683587,12.320490129139712,12.442139534561113,775754000
2011-09-21,12.34894847869873,12.63209845015324,12.344753563553699,12.573670475066244,605976000
2011-09-22,12.0397367477417,12.279441524209757,11.886326618916659,12.016066627155068,968480800
2011-09-23,12.11404800415039,12.187157837555413,11.980712329278285,11.993596321216224,546277200
2011-09-26,12.080183982849121,12.104454170734671,11.724523397727713,11.981006173139582,812876400
2011-09-27,11.963030815124512,12.262360516807544,11.92707518247599,12.24678019604908,632497600
2011-09-28,11.895612716674805,12.097263146059674,11.880630071849303,11.990894048744368,429637600
2011-09-29,11.702651023864746,12.05142038203509,11.572011732930202,12.042731311796118,651086800
2011-09-30,11.425498008728027,11.652318848095149,11.421303090156355,11.599283491917038,547640800
2011-10-03,11.224139213562012,11.465042449906461,11.181293142562179,11.397026882510431,669099200
2011-10-04,11.161219596862793,11.439875540622335,10.614096165049466,11.223243241146625,1233677200
2011-10-05,11.333505630493164,11.380546618233504,10.795669057171102,11.022189727394155,786469600
2011-10-06,11.307136535644531,11.529162232196033,11.140242417146125,11.18608565326066,812582400
2011-10-07,11.080320358276367,11.318226486836805,11.04106911946731,11.259499247067863,535458000
2011-10-10,11.649918556213379,11.649918556213379,11.332310559126375,11.358678613297942,442514800
2011-10-11,11.993889808654785,12.080483666631858,11.730515792565576,11.762575738505586,605687600
2011-10-12,12.050822257995605,12.262360333471525,11.989397886452197,12.205131679117857,622286000
2011-10-13,12.237794876098633,12.237794876098633,12.070600623394595,12.134421306857488,426185200
2011-10-14,12.644391059875488,12.644391059875488,12.442738983313102,12.489482349751471,573367200
2011-10-17,12.584166526794434,12.78521855004474,12.462815543976689,12.636601800810018,686044800
2011-10-18,12.651583671569824,12.72858918419129,12.464314937945822,12.637201094865752,881602400
2011-10-19,11.943851470947266,12.237488387727899,11.919281248856818,12.025650332051145,1104059600
2011-10-20,11.844674110412598,11.995687900605784,11.811715653140167,11.985201009642033,549270400
2011-10-21,11.771566390991211,11.959435151328881,11.708044960110835,11.928273709766785,621244400
2011-10-24,12.158088684082031,12.179960978042644,11.847372813916243,11.870743692454104,502138000
2011-10-25,11.91838550567627,12.181461142212326,11.906700864990718,12.135917126754661,430427200
2011-10-26,12.003180503845215,12.061608502719894,11.77995540042946,12.03793678614352,456304800
2011-10-27,12.125730514526367,12.254872048455018,12.04183456315402,12.211724324739787,494664800
2011-10-28,12.133517265319824,12.175465627881813,12.060407467737104,12.07508927461903,322842800
2011-10-31,12.128426551818848,12.264758560620587,12.01666397225924,12.057713833425607,385501200
2011-11-01,11.880633354187012,11.97022281015954,11.78205558899355,11.90760068214602,531790000
2011-11-02,11.90759563446045,11.998383599856822,11.838679958988731,11.987896710145353,327350800
2011-11-03,12.077188491821289,12.08707610979751,11.846173634957063,11.957336128171514,441386400
2011-11-04,11.992395401000977,12.088276829086688,11.960035409020815,12.046029217354002,302229200
2011-11-07,11.97711181640625,11.985202413327366,11.869245725176315,11.982506081086052,270275600
2011-11-08,12.171871185302734,12.224906517559726,12.031944350791248,12.051420349611506,400442000
2011-11-09,11.84377670288086,12.011869411187094,11.8123160270595,11.894414141197739,558684000
2011-11-10,11.542348861694336,11.90160511099352,11.45036233178848,11.896211646684922,744752400
2011-11-11,11.524373054504395,11.646621728819367,11.393733745551867,11.583998806873463,653786000
2011-11-14,11.363768577575684,11.543247472970204,11.33200786755932,11.491410691416894,432905200
2011-11-15,11.650517463684082,11.670591939133773,11.369464406105791,11.409914194102388,430810800
2011-11-16,11.5288667678833,11.719731095803118,11.51538270569772,11.663100914978738,349210400
2011-11-17,11.308340072631836,11.523174579856272,11.251110611409723,11.505196361624797,479900400
2011-11-18,11.234331130981445,11.385644203210125,11.232533309127906,11.353584246970089,371938000
2011-11-21,11.056652069091797,11.136653144684761,10.963766202958382,11.098299610199724,447980400
2011-11-22,11.281373977661133,11.323921629007236,11.114479779128164,11.116876874984213,409021200
2011-11-23,10.996121406555176,11.261294024803778,10.992825001072234,11.221442722790574,428271200
2011-11-25,10.89365005493164,11.12076923512325,10.886158732030061,11.038970357822608,254760800
2011-11-28,11.269686698913574,11.287664916180594,11.09620130282955,11.156726367431165,346413200
2011-11-29,11.182188987731934,11.350880900306787,11.092300350895071,11.261291500211245,375855200
2011-11-30,11.451859474182129,11.454256569295994,11.335003487676708,11.424593717409666,405938400
2011-12-01,11.623553276062012,11.655613238135137,11.408418689038488,11.462052517279316,387181200
2011-12-02,11.676582336425781,11.794336833508401,11.643023804941926,11.680477215935197,379055600
2011-12-05,11.775760650634766,11.877635604024746,11.697258177283958,11.790143222905893,357210000
2011-12-06,11.714035987854004,11.824300765119398,11.6669949955416,11.760778543418908,283598000
2011-12-07,11.658305168151855,11.71373679383323,11.58849097144454,11.683473867348734,304746400
2011-12-08,11.70534610748291,11.850367154362557,11.692462121927266,11.72901702052171,376356400
2011-12-09,11.794037818908691,11.806622569342956,11.716433858143828,11.770966976593732,296993200
2011-12-12,11.740702629089355,11.802426225942437,11.66909141528235,11.735908439027217,301067200
2011-12-13,11.649918556213379,11.847375725076564,11.598681832914473,11.775463650161942,338928800
2011-12-14,11.391634941101074,11.60706948815335,11.31642807368938,11.586694177393367,406887600
2011-12-15,11.354181289672852,11.498003809298098,11.335304563969574,11.485719095762382,256200000
2011-12-16,11.416504859924316,11.510289220290076,11.373058704517025,11.39672962232194,421478400
2011-12-19,11.452160835266113,11.531263382972819,11.40032404748445,11.459951395286952,235530400
2011-12-20,11.863851547241211,11.868346500837909,11.603473079132568,11.618454124192123,337215200
2011-12-21,11.878835678100586,11.904304419720722,11.745799267793727,11.88602616506151,262948000
2011-12-22,11.941756248474121,11.959135189885844,11.868347203102104,11.89531292578519,202358800
2011-12-23,12.084975242614746,12.092765799815824,11.969917105786056,11.975909842094577,269399200
2011-12-27,12.180863380432129,12.257568847535953,12.075692800121331,12.078090696073247,265076000
2011-12-28,12.06430435180664,12.232396255567156,12.025352354116725,12.191647236539396,228662000
2011-12-29,12.138612747192383,12.15449390436599,12.000484524445937,12.087076795967318,215978000
2011-12-30,12.13502025604248,12.173372990016807,12.089776271463778,12.09037474533491,179662000
2012-01-03,12.321688652038574,12.35974214584977,12.254871610309705,12.266857088690978,302220800
2012-01-04,12.387904167175293,12.425059143400807,12.26325841507097,12.284831472135627,260022000
2012-01-05,12.525436401367188,12.541016722439506,12.364834198922539,12.43315062241969,271269600
2012-01-06,12.656373977661133,12.666860869905097,12.561091836549576,12.577571467246832,318292800
2012-01-09,12.636297225952148,12.81667463180634,12.624911024222623,12.749258332338293,394024400
2012-01-10,12.68154239654541,12.764240585161286,12.629406373261858,12.761543452868096,258196400
2012-01-11,12.660868644714355,12.669857752758704,12.563788678131258,12.664763524817594,215084800
2012-01-12,12.62611198425293,12.67135596278046,12.547009431004312,12.652779272297115,212587200
2012-01-13,12.578768730163574,12.597945492475203,12.544311685532708,12.575473924289104,226021600
2012-01-17,12.725292205810547,12.763944978918408,12.673156167697229,12.710310355749593,242897200
2012-01-18,12.857425689697266,12.86821181859436,12.773229716394157,12.793004952787646,276791200
2012-01-19,12.816675186157227,12.925140543772716,12.779521010583956,12.888586442099136,261738400
2012-01-20,12.593453407287598,12.809187231841758,12.576973773471602,12.808887994911759,413974400
2012-01-23,12.806488037109375,12.837650275999815,12.653377175312393,12.66446334102221,306062400
2012-01-24,12.596746444702148,12.737273350092748,12.570978471467525,12.737273350092748,547638000
2012-01-25,13.383275985717773,13.616687141381203,13.29548437001299,13.616387904515978,958314000
2012-01-26,13.322452545166016,13.447097509088257,13.277807842194026,13.434214321087486,323985200
2012-01-27,13.401854515075684,13.43781014751019,13.296684750261466,13.313762855566758,299709200
2012-01-30,13.573542594909668,13.600209883334287,13.34522484035144,13.354812422625432,379341200
2012-01-31,13.677515029907227,13.73024953744012,13.575340821426487,13.650847739115672,391683600
2012-02-01,13.668825149536133,13.75272189758594,13.649649984419865,13.735343754119139,270046000
2012-02-02,13.636763572692871,13.698187141533325,13.602605763640682,13.660134452539552,186796400
2012-02-03,13.773395538330078,13.78298392035388,13.64994832016816,13.702084347323952,286599600
2012-02-06,13.901934623718262,13.93219755103416,13.72904933040134,13.7344419945857,249412800
2012-02-07,14.047554969787598,14.075121563462465,13.92021129273147,13.940287364261328,316223600
2012-02-08,14.28276538848877,14.286060194259308,14.07362283161746,14.097593783750868,407890000
2012-02-09,14.77685546875,14.884123082378935,14.3990217257655,14.405014463973579,884214800
2012-02-10,14.784344673156738,14.910188963910757,14.638424311146537,14.710636400065534,631302000
2012-02-13,15.059405326843262,15.096259462398102,14.894308208715545,14.96741800617243,517216000
2012-02-14,15.2649507522583,15.267946320941535,15.041427241832174,15.121128251130195,460398400
2012-02-15,14.911688804626465,15.76922798930779,14.888316326885532,15.408774008340258,1506120000
2012-02-16,15.047724723815918,15.128025836359624,14.580900698044472,14.726821110777085,944552000
2012-02-17,15.045026779174805,15.214318058723736,14.990493653328839,15.074689637645024,535805200
2012-02-21,15.426451683044434,15.426451683044432,15.104948124987608,15.187646300237722,605595200
2012-02-22,15.372222900390625,15.445631957005627,15.253269024824641,15.373421448257755,483302400
2012-02-23,15.472597122192383,15.515744841611722,15.266152470889622,15.43334588314636,568027600
2012-02-24,15.652971267700195,15.667653074643194,15.540011765366321,15.570873163590047,415072000
2012-02-27,15.75335693359375,15.835455082064527,15.469307421131038,15.620020451353664,547582000
2012-02-28,16.042497634887695,16.042497634887695,15.75605106612095,15.819273272433582,600387200
2012-02-29,16.253128051757812,16.408038299208577,16.051178420439534,16.226761609793428,952011200
2012-03-01,16.313962936401367,16.426026382845002,16.143173833876354,16.42482623455592,683270000
2012-03-02,16.335235595703125,16.383774387254956,16.255532957335227,16.307070519050512,431712400
2012-03-05,15.975072860717773,16.40414161272012,15.760536084421494,16.34241882419108,809124400
2012-03-06,15.888182640075684,15.990955299183216,15.467502022391653,15.690427081370705,810238800
2012-03-07,15.90106201171875,16.11349930651754,15.679634812642377,16.084135699630085,798520800
2012-03-08,16.23964500427246,16.269607085785537,15.943909466535068,16.020914128283216,516457200
2012-03-09,16.334936141967773,16.411940846285066,16.27321172362209,16.306170991624736,418919200
2012-03-12,16.539579391479492,16.539579391479492,16.389762540245503,16.449089846913665,407282400
2012-03-13,17.021991729736328,17.02438882621623,16.65194756159102,16.705582995378382,690855200
2012-03-14,17.66559410095215,17.819603517628593,17.240717638327503,17.320121042850403,1418844000
2012-03-15,17.545135498046875,17.978100788470257,17.33509524578061,17.966115313268755,1159718000
2012-03-16,17.54543685913086,17.654202259408237,17.318616914121048,17.519968121293363,825487600
2012-03-19,18.01076316833496,18.030837641780167,17.64970908161394,17.9289642896126,901236000
2012-03-20,18.15638542175293,18.18454889359459,17.722520737243094,17.963123197423116,816662000
2012-03-21,18.05270767211914,18.266943632506425,18.020049253706194,18.059898956961504,644042000
2012-03-22,17.958032608032227,18.112642091894656,17.843872916995995,17.911289238372994,623870800
2012-03-23,17.859447479248047,18.0317342817846,17.810007794935736,17.99248305131798,430488800
2012-03-26,18.186946868896484,18.192041897230677,17.83578196218577,17.971512300858684,595742000
2012-03-27,18.41166877746582,18.465601823364175,18.159380089197956,18.16297573227099,607129600
2012-03-28,18.505752563476562,18.62051070574,18.286722371207265,18.528523369645548,655460400
2012-03-29,18.273235321044922,18.473988019263807,18.19443362622376,18.360727685062425,608238400
2012-03-30,17.964313507080078,18.294205223096927,17.916072382292853,18.2405714360039,731038000
2012-04-02,18.536006927490234,18.540201042415735,17.98918139189255,18.03262832601779,598351600
2012-04-03,18.85631561279297,18.94291026892283,18.652268103197787,18.79578976462784,834559600
2012-04-04,18.706207275390625,18.75264980572707,18.487177050229132,18.707405823274094,572980800
2012-04-05,18.98695945739746,19.016323076640834,18.678939092027587,18.78620671340961,641298000
2012-04-09,19.0633602142334,19.171527124556185,18.735865514846587,18.760734175023618,597536800
2012-04-10,18.829954147338867,19.296178042995532,18.75684433129117,19.174228603948535,889725200
2012-04-11,18.762840270996094,19.082545352191914,18.677144888254727,19.0624708731433,696614800
2012-04-12,18.660058975219727,18.916543352871987,18.592042601230535,18.72687680164703,614336800
2012-04-13,18.134511947631836,18.71789270300217,18.082975991082012,18.700213722440708,859644800
2012-04-16,17.382436752319336,18.28581992627264,17.32610662010755,18.279228715131786,1050786800
2012-04-17,18.268436431884766,18.27742473538663,17.136135818350212,17.346776078838833,1025528000
2012-04-18,18.22769546508789,18.584555434406333,18.059002680165463,18.388896126893194,954531200
2012-04-19,17.601470947265625,18.119531667886623,17.513978552067282,17.984398194521532,834719200
2012-04-20,17.168203353881836,17.816603245481407,17.091497902737153,17.719522483824043,1030985200
2012-04-23,17.129850387573242,17.27876794108371,16.678009099888293,17.097191962549118,966529200
2012-04-24,16.787673950195312,17.00969971578852,16.62946885076297,16.85748735498598,1076149200
2012-04-25,18.27743148803711,18.517136205343196,18.15757992948259,18.44642349776056,905777600
2012-04-26,18.208518981933594,18.41796079082818,18.041624816059205,18.405375239947972,536068400
2012-04-27,18.06768798828125,18.162971708509282,17.992781174483376,18.12971321759956,406722400
2012-04-30,17.497791290283203,17.92985881142544,17.46842768013332,17.911880601069367,506144800
2012-05-01,17.44236946105957,17.880727581409698,17.415402931731467,17.525366908048692,610999200
2012-05-02,17.557720184326172,17.60026782298002,17.344383517370215,17.38573260845357,427389200
2012-05-03,17.43307876586914,17.7201253795828,17.387535547079604,17.69315885264976,390549600
2012-05-04,16.936586380004883,17.32940111430517,16.934189285051826,17.291049195253134,529992400
2012-05-07,17.06333351135254,17.161912061479462,16.81613824373182,16.82422884092424,460118400
2012-05-08,17.02437973022461,17.12385598059548,16.741229660661762,17.066327296012787,497252000
2012-05-09,17.054344177246094,17.198168308877605,16.80475340597333,16.89014793400007,480704000
2012-05-10,17.094497680664062,17.255099908558563,17.03217638649903,17.21614789955725,333200000
2012-05-11,16.980335235595703,17.21284868205054,16.90962252354682,16.92909852305682,399546000
2012-05-14,16.725942611694336,17.004298404868443,16.707365929738163,16.856281822538868,352626400
2012-05-15,16.57463264465332,16.87576089005589,16.53208501035775,16.822727165740428,476336000
2012-05-16,16.362201690673828,16.686102463889107,16.211187853766752,16.601007162114804,560896000
2012-05-17,15.883992195129395,16.40474926017372,15.883992195129395,16.3391299622959,717220000
2012-05-18,15.891776084899902,16.282193720922074,15.646080255091514,15.999043682840357,732292400
2012-05-21,16.817626953125,16.825418309231086,16.001734831989044,16.015219686765384,631106000
2012-05-22,16.688499450683594,17.19517317694936,16.556961618206863,17.06543236623479,694870400
2012-05-23,17.09569549560547,17.162812572697135,16.576436258902948,16.704376836942426,584897600
2012-05-24,16.93868637084961,17.27367323183092,16.81613687619069,17.25479570664953,496230000
2012-05-25,16.847898483276367,16.954567627587917,16.7334395790712,16.91681417541656,328507200
2012-05-29,17.146928787231445,17.198765574387032,16.938387891519568,17.105880529402366,380508800
2012-05-30,17.35367202758789,17.378241451787485,16.975838320818603,17.05494085738618,529429600
2012-05-31,17.31053352355957,17.423493077148834,17.122665516730933,17.40072066413402,491674400
2012-06-01,16.808942794799805,17.158312169204,16.7948610626673,17.053740906348676,520987600
2012-06-04,16.907821655273438,17.004003092377868,16.43470742883522,16.824225767079707,556995600
2012-06-05,16.86407470703125,16.97314092493013,16.72924211921823,16.81733295661565,388214400
2012-06-06,17.122657775878906,17.194268189350506,16.944077397049,17.012093768182837,401455600
2012-06-07,17.130451202392578,17.298243089347203,17.09389629556145,17.297345378669025,379766800
2012-06-08,17.38812828063965,17.395919639308733,17.048947346933222,17.126851332442715,347516400
2012-06-11,17.113964080810547,17.633221448225253,17.097782893679433,17.60985057816494,591264800
2012-06-12,17.263486862182617,17.277269361464388,16.98003751494275,17.212550982159627,435380400
2012-06-13,17.143627166748047,17.332992824488564,17.090292616240678,17.21433985162415,293580000
2012-06-14,17.124755859375,17.18378393056293,16.996815299418138,17.116066789039106,345573200
2012-06-15,17.202661514282227,17.2173433242303,17.065430196643348,17.108877152708754,335255200
2012-06-18,17.55173110961914,17.614953307009493,17.09000216315126,17.10768114355493,440412000
2012-06-19,17.600568771362305,17.678171926697594,17.471428070169964,17.48041637690698,361404400
2012-06-20,17.5505313873291,17.655701141617335,17.40251315517808,17.624538903207508,358943200
2012-06-21,17.308731079101562,17.624840457443586,17.301839029266997,17.541543786422366,326351200
2012-06-22,17.441465377807617,17.44416170996316,17.241312721418584,17.349778883139226,284471600
2012-06-25,17.101993560791016,17.372559824208583,17.09000807843621,17.297651359590002,304382400
2012-06-26,17.139734268188477,17.21344252949189,16.998907355673428,17.11875888958648,276536400
2012-06-27,17.213748931884766,17.28086601083866,17.136444996372674,17.22872997981091,202997200
2012-06-28,17.050447463989258,17.19876493364706,16.9473755676543,17.128951534073973,282836400
2012-06-29,17.498397827148438,17.498397827148438,17.206257801697177,17.318618857579253,421500800
2012-07-02,17.753681182861328,17.782145491474807,17.48641143822734,17.520270011757397,400092000
2012-07-03,17.960128784179688,17.97780776626247,17.798030376684775,17.824396831045565,241712800
2012-07-05,18.275636672973633,18.40747372333829,17.967317069195648,17.994582830000173,484383200
2012-07-06,18.15398597717285,18.230691429845557,18.02514609979843,18.190241645081592,418930400
2012-07-09,18.39398956298828,18.3942887998579,18.100951857182725,18.136607450384997,379405600
2012-07-10,18.223796844482422,18.573164618970708,18.13690295597402,18.516234416188794,511957600
2012-07-11,18.11053466796875,18.207314562662727,17.89450171652587,18.161171291442564,469322000
2012-07-12,17.944849014282227,18.08177951928913,17.758478805605936,17.984999571142943,428041600
2012-07-13,18.126720428466797,18.193237426357165,17.977804475313516,18.06619616915176,311427200
2012-07-16,18.184850692749023,18.325975297298157,18.128219708589533,18.131216878223068,301260400
2012-07-17,18.185741424560547,18.32237261049983,18.072180272909733,18.301097996789263,293624800
2012-07-18,18.165369033813477,18.227691900532776,18.084467881664978,18.175256650149997,252700000
2012-07-19,18.406871795654297,18.43773319387043,18.15757871431586,18.315783785146316,436861600
2012-07-20,18.106643676757812,18.410468283421697,18.08866546329329,18.36821988182932,397471200
2012-07-23,18.092557907104492,18.154581535059364,17.609554505094735,17.810006357597903,487975600
2012-07-24,18.00537872314453,18.267854383479673,17.933166592678546,18.198938660680053,565132400
2012-07-25,17.22783660888672,17.402520600317622,17.078920602450978,17.212556320200214,877312800
2012-07-26,17.22513198852539,17.390526752219394,17.089699313816443,17.371349991142868,406632800
2012-07-27,17.533153533935547,17.55322960896763,17.12655620753259,17.229029640730776,403936400
2012-07-30,17.828887939453125,17.961024220276823,17.612853321316845,17.70573996610005,379142400
2012-07-31,18.300203323364258,18.32836999094013,18.05930166615431,18.074581947297478,462327600
2012-08-01,18.181854248046875,18.469200097156566,18.06769456446377,18.454518285899713,384501600
2012-08-02,18.21121597290039,18.298108283525337,17.985295325196624,18.062900091009006,332158400
2012-08-03,18.448225021362305,18.516540644512805,18.324177726631987,18.386201373997146,344920800
2012-08-06,18.653474807739258,18.72298899238182,18.435044632741473,18.4958681441308,302103200
2012-08-07,18.604324340820312,18.72687219845665,18.518329774540895,18.66005438845361,290446800
2012-08-08,18.572866439819336,18.69331806300385,18.490168262701697,18.55878310667668,244706000
2012-08-09,18.67879295349121,18.70888529772347,18.59062439372543,18.592128609170096,221642400
2012-08-10,18.70798110961914,18.70978584664117,18.617707295960614,18.61800781761967,194938800
2012-08-13,18.95773696899414,18.95773696899414,18.754618129031023,18.75883185942625,278832400
2012-08-14,19.008596420288086,19.21683222176927,18.96406135927596,19.014013845615448,340169200
2012-08-15,18.982717514038086,19.07810823197541,18.890036312256267,18.99686131693524,257342400
2012-08-16,19.148523330688477,19.161161311024554,18.97278726434684,18.994153229322446,254534000
2012-08-17,19.502702713012695,19.505110100533464,19.222851145528036,19.258659829598678,442761200
2012-08-20,20.015460968017578,20.015460968017578,19.55656285861141,19.55987341755162,613384800
2012-08-21,19.74193000793457,20.308255845852656,19.569504499766488,20.186083344809205,812719600
2012-08-22,20.127403259277344,20.13131486183291,19.502700724928705,19.692578976837165,565322800
2012-08-23,19.93962860107422,20.158393857321883,19.89509194378807,20.04434671623399,420128800
2012-08-24,19.957387924194336,20.14576198701849,19.72658566357619,19.845748136142635,437340400
2012-08-27,20.332326889038086,20.48850170683122,20.26793008801124,20.462020448881074,427008400
2012-08-28,20.30585479736328,20.34497405164201,20.181575391762397,20.311270617218646,267416800
2012-08-29,20.26582908630371,20.392213730771953,20.239649949465242,20.31939266094006,202806800
2012-08-30,19.976947784423828,20.20805217654354,19.946254395563255,20.18066934745326,302699600
2012-08-31,20.01816749572754,20.11927453009465,19.777734151612346,20.078651081979256,338321200
2012-09-04,20.310962677001953,20.3160779732344,19.995903498495387,20.03381904483913,367892000
2012-09-05,20.1683292388916,20.3524895478695,20.149370661959022,20.329018325007723,336375200
2012-09-06,20.350088119506836,20.410873863668723,20.18548738255959,20.256804244040975,391196400
2012-09-07,20.475566864013672,20.536953638614087,20.33503843011246,20.4036457601943,329666400
2012-09-10,19.942943572998047,20.56132554581927,19.92368447369352,20.47586650679083,487998000
2012-09-11,19.87824249267578,20.16441298386267,19.755166843228615,20.01425664172729,503983200
2012-09-12,20.15508460998535,20.158395168928045,19.740122117193092,20.06661554697791,712233200
2012-09-13,20.552003860473633,20.627834978080184,20.304950881231118,20.38318938692258,598360000
2012-09-14,20.8017578125,20.973280138679662,20.699745981722277,20.762037529413178,600474000
2012-09-17,21.057533264160156,21.058134307337774,20.90195950519688,21.044593158100902,398031200
2012-09-18,21.121633529663086,21.13427151041669,20.956430179522105,21.06054727757444,373503200
2012-09-19,21.127357482910156,21.18423001953716,21.051225840941438,21.071989162120925,326874800
2012-09-20,21.025039672851562,21.06596526115259,20.872173777745058,21.038881347713605,336568400
2012-09-21,21.066862106323242,21.216717929887977,21.04489510164425,21.13667472248097,571589200
2012-09-24,20.787010192871094,20.917308013363094,20.552596895944124,20.668750915181157,639766400
2012-09-25,20.26793670654297,20.846900633338514,20.251686034869497,20.710884825609487,518789600
2012-09-26,20.01637077331543,20.24235827963021,19.89660563922733,20.12349631774647,576503200
2012-09-27,20.502044677734375,20.527622766031254,19.871023147065674,19.9895845609952,594090000
2012-09-28,20.074134826660156,20.495718332118862,20.063602109235315,20.424702039319993,535110800
2012-10-01,19.842126846313477,20.36451843947881,19.75516202247365,20.19630512913143,543594800
2012-10-02,19.899911880493164,20.051574079167505,19.579134727267704,19.914957248865026,627992400
2012-10-03,20.205036163330078,20.217375226630768,19.939628986446962,20.006733691732652,424281200
2012-10-04,20.06511116027832,20.289293853209962,20.027497746981606,20.19901844716298,370725600
2012-10-05,19.63751220703125,20.041040475621724,19.59809244367279,20.016968208699048,594006000
2012-10-08,19.20358657836914,19.486147581674324,19.14159717089069,19.465684793573242,637994000
2012-10-09,19.13378143310547,19.27340670990631,18.76365440160809,19.218038398154516,838597200
2012-10-10,19.28604507446289,19.408518117563037,19.16838680700772,19.25083742932599,510356000
2012-10-11,18.90056610107422,19.47531775580585,18.90056610107422,19.454253920836138,546081200
2012-10-12,18.949010848999023,19.11962996975727,18.81630726697231,18.944496596962534,460014800
2012-10-15,19.100971221923828,19.112104982812774,18.772671518806327,19.028450711838016,432502000
2012-10-16,19.553253173828125,19.568600668630275,18.98783057343917,19.119332087279542,549771600
2012-10-17,19.397388458251953,19.64353829048831,19.379032523985412,19.5255794763433,389037600
2012-10-18,19.037185668945312,19.320648327688197,18.957743485031504,19.246323047736958,476624400
2012-10-19,18.351091384887695,19.010999864057887,18.34447026720195,18.989334988445854,744086000
2012-10-22,19.07900619506836,19.119629641497415,18.37877323749602,18.42872570942237,546730800
2012-10-23,18.457015991210938,19.075099027808434,18.407065114739552,18.987832040672824,707145600
2012-10-24,18.561429977416992,18.85392105244574,18.375162838681877,18.700153636299298,558527200
2012-10-25,18.342065811157227,18.717009158969358,18.2220001794911,18.65682447524278,656325600
2012-10-26,18.17536163330078,18.47627867959686,17.78417075877024,18.338758660554273,1018432800
2012-10-31,17.914159774780273,18.11396806583882,17.684861797795257,17.90091914685939,510003200
2012-11-01,17.95087432861328,18.145265224941706,17.87955748993631,18.001427853958877,361298000
2012-11-02,17.356863021850586,17.963209550068207,17.29517573988495,17.931312476407822,599373600
2012-11-05,17.592185974121094,17.686974058258656,17.380941708147912,17.55908519474804,529135600
2012-11-06,17.538911819458008,17.776335072710758,17.455860205408385,17.760989190194458,374917200
2012-11-07,16.867834091186523,17.367822624201747,16.799817478922993,17.34666258202525,793648800
2012-11-08,16.25569725036621,16.995706374705193,16.18133438765181,16.947338710102624,1056146000
2012-11-09,16.53713607788086,16.773527467291686,16.133879418576004,16.33641504584531,929913600
2012-11-12,16.409257888793945,16.7620317994969,16.282899813335813,16.751450971499192,515802000
2012-11-13,16.411378860473633,16.640515035270006,16.213680055204993,16.290764814626243,532949200
2012-11-14,16.229389190673828,16.54891102958246,16.20822915680858,16.489964183124712,477170400
2012-11-15,15.889016151428223,16.308595896854968,15.798330021769717,16.249045236133387,789910800
2012-11-16,15.951288223266602,16.021419710633126,15.288363966059894,15.876319970260468,1266893600
2012-11-19,17.10150146484375,17.155006154667596,16.32007985433638,16.345169359633356,823317600
2012-11-20,16.95580291748047,17.289533342970053,16.764453592734057,17.288324151364538,642754000
2012-11-21,16.97968101501465,17.151079446709097,16.825511541792086,17.056765751625928,373002000
2012-11-23,17.275922775268555,17.291038472334314,17.006885000557997,17.145031461480162,272826400
2012-11-26,17.820955276489258,17.83516206252869,17.342730642289453,17.408932650825697,630579600
2012-11-27,17.677366256713867,17.847858986302136,17.535894115789976,17.821558674223176,533330000
2012-11-28,17.621747970581055,17.708202733566136,17.298900326291523,17.450347915842432,520864400
2012-11-29,17.815820693969727,17.96364073552121,17.69158069596095,17.84181912072666,514698800
2012-11-30,17.69247817993164,17.78679346717146,17.61388237629967,17.738123931141285,391319600
2012-12-03,17.71999168395996,17.973917041069956,17.699133535391667,17.945501849665114,364280000
2012-12-04,17.407419204711914,17.587281951482634,17.29496765480827,17.587281951482634,557068400
2012-12-05,16.28713607788086,17.207913689510622,16.286530674875056,17.197636368084066,1044638000
2012-12-06,16.542570114135742,16.726058858851776,15.677714109485159,15.989377145252204,1177212400
2012-12-07,16.11966323852539,16.783191232526608,16.02141846213649,16.72877923772895,787040800
2012-12-10,16.01597785949707,16.278667810792204,15.766889292452174,15.870272728014982,630484400
2012-12-11,16.36572265625,16.612694654695456,16.24420139047026,16.316751231221602,592345600
2012-12-12,16.293479919433594,16.56554150564049,16.21095463081245,16.558588252029406,487144000
2012-12-13,16.01204490661621,16.25236721217995,15.894453083271229,16.056179577144434,625259600
2012-12-14,15.41048812866211,15.662598871805233,15.28322437295831,15.560424625519076,1009579200
2012-12-17,15.683756828308105,15.719125266584996,15.15172562641721,15.384489277244477,757607200
2012-12-18,16.139312744140625,16.169540913655577,15.726684669236956,15.87027331765604,625685200
2012-12-19,15.909873962402344,16.133267637744645,15.88538823973628,16.065856426849663,449369200
2012-12-20,15.7714262008667,16.027466440225684,15.685273326768247,16.021420482884754,481689600
2012-12-21,15.698872566223145,15.709149884036682,15.424089117732905,15.491500315128773,596268400
2012-12-24,15.724267959594727,15.847602262306564,15.680133277575559,15.729710128483694,175753200
2012-12-26,15.507524490356445,15.702804864871174,15.450694109128879,15.688898356607602,302436400
2012-12-27,15.569795608520508,15.605767838453017,15.25541233196825,15.523846339678432,455120400
2012-12-28,15.404443740844727,15.55226537872419,15.360007165524381,15.425605398584931,354278400
2012-12-31,16.08701515197754,16.184656140391766,15.386607626613625,15.432857176655634,659492400
2013-01-02,16.5966796875,16.777147887033934,16.37298571691673,16.74147754487389,560518000
2013-01-03,16.38719367980957,16.616027941477572,16.353941718276,16.561917828610618,352965200
2013-01-04,15.930736541748047,16.282301376646398,15.895368086458895,16.232120725936486,594333600
2013-01-07,15.837027549743652,16.00026360347579,15.574033977297454,15.779591745055503,484156400
2013-01-08,15.879644393920898,16.078552349315704,15.756915499067736,15.99753813743318,458707200
2013-01-09,15.631464958190918,15.870576514617458,15.597909491680491,15.79470096154921,407604400
2013-01-10,15.825239181518555,15.98273117087044,15.583707552605995,15.977592509184532,601146000
2013-01-11,15.728195190429688,15.879944648680437,15.689501072368962,15.749355229040415,350506800
2013-01-14,15.167450904846191,15.341267763069803,15.069507996642022,15.195562592400737,734207600
2013-01-15,14.688924789428711,15.084018889573402,14.612141924651276,15.063160736613531,876772400
2013-01-16,15.298636436462402,15.399904974135621,14.88782468242029,14.9525139807331,690804800
2013-01-17,15.195560455322266,15.439510394194066,15.175913111991205,15.426209288055643,453678400
2013-01-18,15.114543914794922,15.18165160211084,15.00571832553687,15.069803842176897,472922800
2013-01-22,15.258740425109863,15.35275223720007,15.012675610053707,15.25239257345979,461546400
2013-01-23,15.538061141967773,15.567685533458375,15.25874429762191,15.380869438934694,861509600
2013-01-24,13.618208885192871,14.078597664747994,13.610650227295519,13.905384609830739,1460852400
2013-01-25,13.297173500061035,13.791418779987687,13.149655378186122,13.65417959220901,1208026400
2013-01-28,13.597952842712402,13.700127093147874,13.175652841489256,13.2352043064032,785517600
2013-01-29,13.853087425231934,13.91143051294682,13.667178667134161,13.860040680130743,571158000
2013-01-30,13.809555053710938,13.98397726043962,13.739121680869525,13.814693712960828,417155200
2013-01-31,13.769051551818848,13.883619628357419,13.753635570040718,13.81409353439397,319334400
2013-02-01,13.712519645690918,13.889662131379733,13.553213134902219,13.878477515692913,539484400
2013-02-04,13.370931625366211,13.782651581503712,13.361258094850305,13.721286333099151,477117200
2013-02-05,13.840089797973633,13.89752558831829,13.367911000199106,13.42323030176894,573347600
2013-02-06,13.825277328491211,14.101872216393188,13.681083259753631,13.798675115422503,593706400
2013-02-07,14.236357688903809,14.290477879743513,13.807642443174084,14.085243671689561,704580800
2013-02-08,14.44189453125,14.558346533281146,14.237266044323153,14.412097498031406,633158400
2013-02-11,14.592402458190918,14.744734340085687,14.389297071237193,14.488112821424531,517490400
2013-02-12,14.226624488830566,14.666893089439318,14.221759534758661,14.579629193636851,609053200
2013-02-13,14.199568748474121,14.401155890598629,14.084332948693158,14.205649943274162,475207600
2013-02-14,14.186792373657227,14.34033881649646,14.10865108702867,14.123853254964677,355275200
2013-02-15,13.991284370422363,14.29533742536209,13.983986941217472,14.255505218331384,391745200
2013-02-19,13.98612117767334,14.06943272444146,13.799434203268058,14.019872210682644,435783600
2013-02-20,13.647407531738281,13.916189812768234,13.64588601536719,13.916189812768234,476302400
2013-02-21,13.56257152557373,13.657132843093931,13.464058651124837,13.560747167977928,447182400
2013-02-22,13.707001686096191,13.731021184801678,13.578995392646828,13.659569996183581,330654800
2013-02-25,13.46345329284668,13.838045842422376,13.456459515096258,13.799431485583506,372579200
2013-02-26,13.651047706604004,13.729188971274732,13.307164112288653,13.494459899889247,501499600
2013-02-27,13.5172700881958,13.756559754831343,13.398081953283262,13.634633865212232,587350400
2013-02-28,13.420886039733887,13.617607355734425,13.420886039733887,13.501459817153533,322515200
2013-03-01,13.088556289672852,13.322980997481492,13.073657773090789,13.317507111988506,552448400
2013-03-04,12.771737098693848,13.019539689740455,12.739811232945232,13.007377300520318,582755600
2013-03-05,13.108927726745605,13.232069046911679,12.793017454301406,12.815213403445266,638433600
2013-03-06,12.942309379577637,13.23389655463933,12.904910440883134,13.211396135907576,460250000
2013-03-07,13.09190559387207,13.135385733737456,12.802447196690819,12.907041318741092,468473600
2013-03-08,13.126564025878906,13.239367324852426,13.032003495695594,13.068186191460226,391482000
2013-03-11,13.313555717468262,13.348218519376381,12.926496287864952,13.066664952147615,474236000
2013-03-12,13.026528358459473,13.34426377075157,13.000380042174363,13.244534647785395,465911600
2013-03-13,13.02409553527832,13.211087737358758,12.933184549956882,13.027136943407264,405549200
2013-03-14,13.150278091430664,13.215344414051907,13.087946275604882,13.160310840976841,303875600
2013-03-15,13.489604949951172,13.506935947956832,13.294706323920133,13.315382384784563,643960800
2013-03-18,13.856287956237793,13.909191892857562,13.4148031437111,13.422404228036367,606197200
2013-03-19,13.818891525268555,14.01591730586094,13.636762637667923,13.971220131619493,526775200
2013-03-20,13.745612144470215,13.914362390220557,13.669903329610378,13.907977544217879,308660800
2013-03-21,13.765378952026367,13.925006636072053,13.68541409504364,13.689062811332406,383255600
2013-03-22,14.044499397277832,14.050275313264622,13.776933377418597,13.82162893196917,395105200
2013-03-25,14.095277786254883,14.288960169004921,14.040548661969968,14.129027196388327,501135600
2013-03-26,14.021086692810059,14.163990675867243,14.002539459192887,14.151828289263094,294294000
2013-03-27,13.745612144470215,13.88912503605636,13.704565314038957,13.878787820986915,331237200
2013-03-28,13.459198951721191,13.737711141339554,13.427577554865293,13.676900825225012,442839600
2013-04-01,13.041122436523438,13.490816453629105,13.005548679796743,13.43608653540042,389732000
2013-04-02,13.067882537841797,13.32176629569329,12.964808330260983,13.001295493925346,529519200
2013-04-03,13.134770393371582,13.295614274858067,13.083689190360454,13.115918697389457,363216000
2013-04-04,13.004942893981934,13.226293473510147,12.929842181456605,13.188591696336056,358447600
2013-04-05,12.867511749267578,12.920720975415351,12.760484365703556,12.90703788385852,383695200
2013-04-08,12.959030151367188,12.998252630053306,12.845923204302185,12.91767884908474,300829200
2013-04-09,12.982442855834961,13.028658302657925,12.853828454878814,12.96359196787713,306614000
2013-04-10,13.247272491455078,13.288928260218547,12.952949226673027,13.016496479730137,375928000
2013-04-11,13.205921173095703,13.317203757519083,13.110751720374287,13.187373128465481,328364400
2013-04-12,13.068181037902832,13.200443292220955,13.046593215210404,13.200443292220955,238613200
2013-04-15,12.765657424926758,13.010115794015743,12.756535631924924,12.983054880731268,317520000
2013-04-16,12.959943771362305,12.971192761935432,12.787545582165171,12.817950739001914,305771200
2013-04-17,12.24724006652832,12.78845480101612,12.104639764236529,12.77842042801728,945056000
2013-04-18,11.920388221740723,12.338156509391386,11.85015164844073,12.313832545139588,666299200
2013-04-19,11.874171257019043,12.149947301120205,11.70906969027081,11.796333601724463,609274400
2013-04-22,12.121667861938477,12.228999699410153,11.896670218543951,11.938324360390187,429920400
2013-04-23,12.348491668701172,12.416903055977665,12.12592407811587,12.283423719506862,664238400
2013-04-24,12.328121185302734,12.625788709452719,11.934068772800442,11.965690979377136,969651200
2013-04-25,12.41690731048584,12.585960463882861,12.374947878894961,12.503562305332869,384837600
2013-04-26,12.685076713562012,12.732812856153728,12.412949442323551,12.46038193124864,764097600
2013-04-29,13.07791519165039,13.18433363593262,12.770213313867606,12.783895592485802,640326400
2013-04-30,13.462848663330078,13.537950201363595,13.137208394416753,13.229336466008116,691538400
2013-05-01,13.356733322143555,13.528218939106592,13.207748123729075,13.513928538685375,506909200
2013-05-02,13.546158790588379,13.639501467472783,13.397476434870562,13.432442083471496,421828400
2013-05-03,13.681761741638184,13.780579085085282,13.65652438806239,13.722199639984467,361300800
2013-05-06,14.008012771606445,14.053315630081483,13.813417841539717,13.855984569094993,496641600
2013-05-07,13.9456787109375,14.161251692674318,13.7948683950534,14.137535855481053,483753200
2013-05-08,14.103182792663574,14.149703523472693,13.85902892889878,13.957237375941803,472598000
2013-05-09,13.98013687133789,14.17081532654122,13.943715511257306,14.07318117076645,398487600
2013-05-10,13.863838195800781,14.070126820794618,13.78762824325005,14.016871062728914,334852000
2013-05-13,13.918015480041504,14.014732714981195,13.818851300692407,13.819156964422907,316948800
2013-05-14,13.585012435913086,13.932090197520155,13.532674489362316,13.890771669344813,447118000
2013-05-15,13.125606536865234,13.497476535585413,12.926970970086305,13.441160879307255,741613600
2013-05-16,13.300984382629395,13.401067975620924,12.821074486486095,12.953906587722594,603204000
2013-05-17,13.260584831237793,13.469627723240416,13.191720604915979,13.437797020385494,427904400
2013-05-20,13.556547164916992,13.64438785198146,13.163865074127852,13.219262921998514,451578400
2013-05-21,13.456465721130371,13.634595701335721,13.289354342983845,13.410250032862884,456022000
2013-05-22,13.508194923400879,13.722441499396632,13.412396313273208,13.590832830050475,443038400
2013-05-23,13.532371520996094,13.655410139193567,13.338020096948986,13.342917253965707,353021200
2013-05-24,13.624495506286621,13.640104783645096,13.477890564570274,13.49288769737974,276166800
2013-05-28,13.510940551757812,13.806905402651683,13.492883519077418,13.76987271211063,386145200
2013-05-29,13.618374824523926,13.69642203297568,13.448508380419064,13.466872717919179,330576400
2013-05-30,13.821300506591797,13.910672008660878,13.604911824932364,13.63980325962339,353519600
2013-05-31,13.764673233032227,13.990243171877799,13.75763316254956,13.849451569613128,384302800
2013-06-03,13.794974327087402,13.845168546420496,13.5427764894551,13.795279990726039,372352400
2013-06-04,13.751816749572754,13.908522467283227,13.693052514072502,13.871488134893886,292728800
2013-06-05,13.623270988464355,13.794973853807258,13.580421688035667,13.639798073727643,290589600
2013-06-06,13.419734954833984,13.681114903794562,13.284760786653408,13.634287081122793,416934000
2013-06-07,13.522270202636719,13.56603731321059,13.245586579601367,13.359749498028725,404535600
2013-06-10,13.43289852142334,13.744778408966072,13.368931458436398,13.611640645617555,450153200
2013-06-11,13.393417358398438,13.55134740560336,13.262421675219667,13.336490359009023,286112400
2013-06-12,13.227835655212402,13.505131432263335,13.20671707559321,13.451570006801902,265227200
2013-06-13,13.343219757080078,13.379335464241258,13.122546983620566,13.237322030807267,285832400
2013-06-14,13.162338256835938,13.353323288002164,13.114897458386302,13.326083261604136,271866000
2013-06-17,13.22201919555664,13.335263486549982,13.171824976538101,13.204879965274014,259414400
2013-06-18,13.214977264404297,13.310775824786715,13.167231633282771,13.208550156510773,195025600
2013-06-19,12.946560859680176,13.211612900994897,12.946560859680176,13.203655022162422,310940000
2013-06-20,12.758025169372559,13.037767878182178,12.706912324457361,12.833317315803844,357310800
2013-06-21,12.655797004699707,12.854739874538431,12.490522081303371,12.808523374881418,481118400
2013-06-24,12.32034969329834,12.507661813308157,12.182926121297543,12.46909752926842,480746000
2013-06-25,12.323107719421387,12.481036943119722,12.206802694830657,12.41706987428497,314162800
2013-06-26,12.183542251586914,12.389217941766823,12.109780050242998,12.361977914612128,367724000
2013-06-27,12.052237510681152,12.285153193961701,12.044892593542036,12.219656180550249,337246000
2013-06-28,12.136404991149902,12.250872739080549,11.901958560437606,11.978169321808064,578516400
2013-07-01,12.524801254272461,12.618152060916131,12.279949184908705,12.324941395242538,391053600
2013-07-02,12.80852222442627,12.904627264710461,12.532452443936293,12.547449573726965,469865200
2013-07-03,12.87922477722168,12.945947708036302,12.776693437652625,12.881061210655542,240928800
2013-07-05,12.775774955749512,12.955435684275756,12.712420044775765,12.86667718582285,274024800
2013-07-08,12.703237533569336,12.885346846820651,12.568569011018706,12.858107642154376,298138400
2013-07-09,12.926669120788574,12.961866212027505,12.560309131439416,12.65886196764751,352584400
2013-07-10,12.877083778381348,13.001653154968855,12.801180303671424,12.842498836155945,281405600
2013-07-11,13.077864646911621,13.107247589675863,12.89055329048497,12.945032528961873,326292400
2013-07-12,13.053990364074707,13.154379622117055,12.959110407184845,13.088881787424652,279563200
2013-07-15,13.082453727722168,13.205492333695648,13.001653096821524,13.008081023408623,241917200
2013-07-16,13.166926383972168,13.182534841552583,12.982368509726083,13.054293439528388,216538000
2013-07-17,13.170295715332031,13.228755118476107,13.106328645118822,13.151626530162098,198990400
2013-07-18,13.21467399597168,13.309859611892206,13.179476910682983,13.26425606937551,218878800
2013-07-19,13.006248474121094,13.282624881434243,12.987884131648258,13.255691329756793,268721600
2013-07-22,13.047868728637695,13.1531551417292,13.022159474249033,13.144279454198259,207796400
2013-07-23,12.823831558227539,13.067765075606054,12.815261532987963,13.038382949210098,369395600
2013-07-24,13.482483863830566,13.607358106999747,13.321799566216773,13.434125252330483,591936800
2013-07-25,13.42095947265625,13.509718781387708,13.338628089149445,13.488294543391644,229493600
2013-07-26,13.497173309326172,13.498703262125494,13.293639732785163,13.323021855161459,200152400
2013-07-29,13.70529842376709,13.77263269682292,13.472994854811466,13.491358375970997,248057600
2013-07-30,13.874552726745605,13.991775559934432,13.749371196285686,13.771714066073848,309422400
2013-07-31,13.850371360778809,13.997588449562047,13.755491405907197,13.925664324312061,322957600
2013-08-01,13.977385520935059,13.981058387510059,13.87271127539442,13.948922848184518,206250800
2013-08-02,14.156744956970215,14.166233607751922,13.976779332324908,14.018097870560911,274783600
2013-08-05,14.368230819702148,14.405570811721178,14.144803829285008,14.22254371811468,318855600
2013-08-06,14.2396879196167,14.442915020969396,14.145419286780054,14.324467902612575,334857600
2013-08-07,14.231423377990723,14.293249163867255,14.133176215186817,14.19530766471497,298858000
2013-08-08,14.203080177307129,14.29827892015341,14.108804480049896,14.290884683295683,255777200
2013-08-09,14.000975608825684,14.186135938365423,13.976329795734861,14.130063793073871,266865200
2013-08-12,14.398714065551758,14.438456029838294,14.068137069831401,14.075223624446874,364434000
2013-08-13,15.082971572875977,15.239787279174704,14.419968298062768,14.50900680423597,881941200
2013-08-14,15.358095169067383,15.535244239327488,15.200971746032359,15.33899421280775,756372400
2013-08-15,15.339919090270996,15.478250900792508,15.067878924607346,15.294015253392297,490294000
2013-08-16,15.476081848144531,15.494875110220871,15.369176454155033,15.408918395338004,362306000
2013-08-19,15.642760276794434,15.827611189881804,15.527535932187917,15.538010274295086,510518400
2013-08-20,15.437268257141113,15.729950955447139,15.429566340663126,15.703455770434312,358688400
2013-08-21,15.47701644897461,15.624588569002189,15.441277637299741,15.51491067905996,335879600
2013-08-22,15.495500564575195,15.576527844115876,15.348851488545032,15.557734569800933,244207600
2013-08-23,15.435729026794434,15.507512669186362,15.384278708246814,15.505047924153283,222731600
2013-08-26,15.495813369750977,15.71856028399697,15.419715564449731,15.427417485025193,330965600
2013-08-27,15.052781105041504,15.481638628607936,14.982229816313819,15.342689824256988,424188800
2013-08-28,15.123946189880371,15.274909363388906,14.972984661729091,14.972984661729091,307608000
2013-08-29,15.148595809936523,15.296477250474142,15.131034909439649,15.147055755325347,239657600
2013-08-30,15.010576248168945,15.187108332756413,14.988393534200315,15.15784070806616,272297200
2013-09-03,15.052468299865723,15.42278716453281,15.014574081771949,15.191723093333945,331928800
2013-09-04,15.363941192626953,15.47331300132462,15.289692817507868,15.390745701758384,345032800
2013-09-05,15.258577346801758,15.425253661933224,15.208359404095095,15.412005246918184,236367600
2013-09-06,15.349465370178223,15.385202529603164,15.09467850962246,15.356244242039676,359525600
2013-09-09,15.594393730163574,15.648308798123322,15.511518728391582,15.558347242466363,340687200
2013-09-10,15.239171981811523,15.633830700585152,15.08081620336538,15.595319465076336,743195600
2013-09-11,14.409500122070312,14.593734118974565,14.320153906052964,14.387932772809597,898696400
2013-09-12,14.562920570373535,14.646410924538205,14.357117661809372,14.433832435530434,404051200
2013-09-13,14.322924613952637,14.536427854062847,14.316764395312424,14.459714703987721,298835600
2013-09-16,13.867573738098145,14.221564191205095,13.778229177015337,14.202772562466643,543706800
2013-09-17,14.027777671813965,14.163027696961635,13.786854566471298,13.801026029915743,399380800
2013-09-18,14.316146850585938,14.367597179023992,14.192295856901335,14.26993369501064,456862000
2013-09-19,14.550909996032715,14.659664848987957,14.456943618044367,14.501616724834099,404541200
2013-09-20,14.40025520324707,14.74346198870727,14.356814472104691,14.72651809622548,699302800
2013-09-23,15.11594295501709,15.309112914162498,14.868240897407793,15.284157770168235,762106800
2013-09-24,15.068492889404297,15.264742899710233,15.029058607308281,15.24656663591774,364344400
2013-09-25,14.835270881652832,15.085128269428065,14.832190772668563,15.071573815468442,316957200
2013-09-26,14.97976016998291,15.051851489843775,14.90828421366485,14.972982944226732,237221600
2013-09-27,14.872856140136719,14.932008377596826,14.810314466800898,14.904588499505182,228040400
2013-09-30,14.688010215759277,14.839279474341305,14.615917219098192,14.703414055332516,260156400
2013-10-01,15.033370971679688,15.06972514433795,14.738223463203362,14.740380526808474,353883600
2013-10-02,15.08266544342041,15.151676676095079,14.903668638436397,14.961588515713025,289184000
2013-10-03,14.89318561553955,15.168615052472848,14.810927647881375,15.111925929424187,322753200
2013-10-04,14.881485939025879,14.929854515629588,14.745003528260234,14.907056441083853,258868400
2013-10-07,15.026902198791504,15.177863751761928,14.952961476950218,14.990240342406905,312292400
2013-10-08,14.817092895507812,15.115935827948018,14.80476917028936,15.09436848613714,290917200
2013-10-09,14.991165161132812,15.028134703747448,14.735145854515705,14.931088214696027,301725200
2013-10-10,15.085124969482422,15.169540010545033,15.005022409125884,15.136884610097324,278602800
2013-10-11,15.1827974319458,15.21452980593899,14.947111418884171,15.003491255410703,267738800
2013-10-14,15.282301902770996,15.329747424420152,15.076192936186697,15.090981407146005,261898000
2013-10-15,15.363641738891602,15.465927050233336,15.266287564796773,15.32759524079176,320073600
2013-10-16,15.43850040435791,15.482248803043147,15.380580545374208,15.428641424895655,251101200
2013-10-17,15.542946815490723,15.551573425698688,15.394449996019175,15.403691969991737,253593200
2013-10-18,15.678199768066406,15.689598808044398,15.580228573428776,15.5888551852366,290542000
2013-10-21,16.062376022338867,16.15295293176734,15.759218973070997,15.766920889747375,398106800
2013-10-22,16.016469955444336,16.28080808423555,15.651695941147526,16.21795873535211,534063600
2013-10-23,16.17327880859375,16.19515382142587,15.989658683956542,15.989658683956542,313723200
2013-10-24,16.387413024902344,16.40466624658059,16.095964219947675,16.174525117856437,384764800
2013-10-25,16.2041015625,16.42807917397609,16.17791404889687,16.369234600182274,337792000
2013-10-28,16.324867248535156,16.359373683263804,16.119373630732124,16.29898742248867,550440800
2013-10-29,15.918190956115723,16.61354194777088,15.852261492738688,16.521732660848613,635807200
2013-10-30,16.17144775390625,16.252165729569658,15.9286751722858,16.008470102078054,354163600
2013-10-31,16.103666305541992,16.251240106761422,16.05961020067694,16.17452693701134,275696400
2013-11-01,16.02140235900879,16.168359096686018,15.89231420222608,16.144328652490398,274890000
2013-11-04,16.22843360900879,16.230590672181737,15.983813431196532,16.054364698773103,244627600
2013-11-05,16.188385009765625,16.294367414946286,16.112904239771016,16.161582137978982,265213200
2013-11-06,16.14252471923828,16.264619682615557,16.058235751704995,16.24261693726685,223375600
2013-11-07,15.881287574768066,16.212864504222367,15.87788000464061,16.100997237216315,262620400
2013-11-08,16.131366729736328,16.14903015762439,15.88438821752093,15.946055476020412,279316800
2013-11-11,16.08457374572754,16.16576295366037,15.940787191778739,16.113702761358542,227452400
2013-11-12,16.114322662353516,16.23548751249716,16.021047258819365,16.041808777197957,204276800
2013-11-13,16.133535385131836,16.183737051793297,16.019806284684297,16.052035046356522,197220800
2013-11-14,16.366880416870117,16.401586662866876,16.171962089608353,16.201091107575497,282419200
2013-11-15,16.268651962280273,16.395703574604873,16.25315818613617,16.31792356058857,317920400
2013-11-18,16.07155418395996,16.33681667255218,16.05823007413137,16.268642112835504,244944000
2013-11-19,16.10007095336914,16.21875669861218,16.051108842611065,16.083956568631898,208938800
2013-11-20,15.959071159362793,16.127030129407387,15.93830963800845,16.090152570193453,193916800
2013-11-21,16.149343490600586,16.151513148568228,15.917860348533482,16.03964419358676,262026800
2013-11-22,16.10781478881836,16.180947635347362,16.068459751695485,16.099137814064985,223725600
2013-11-25,16.22991180419922,16.295916730419023,16.14500388002834,16.14562283653628,229311600
2013-11-26,16.529264450073242,16.61417405194453,16.237974171638637,16.241691221609457,401382800
2013-11-27,16.918468475341797,16.919708042763347,16.529252579791226,16.619429868486552,363448400
2013-11-29,17.231769561767578,17.301802665572644,16.97580458315353,17.02755530168236,318127600
2013-12-02,17.081787109375,17.48773488520681,17.069081950706067,17.29157862151087,472544800
2013-12-03,17.549396514892578,17.551256693836844,17.281656524141894,17.30086899510632,450968000
2013-12-04,17.50849151611328,17.638333323559724,17.3789591868201,17.523985283337122,377809600
2013-12-05,17.59836196899414,17.822718790081606,17.55219013423086,17.745557758359922,447580000
2013-12-06,17.354169845581055,17.56272339080855,17.340226777435156,17.53297376552776,344352400
2013-12-09,17.552812576293945,17.650425669910113,17.381446006752842,17.381446006752842,320493600
2013-12-10,17.52553367614746,17.5977380710444,17.390733603417264,17.464487043986203,278269600
2013-12-11,17.39569854736328,17.69349938212866,17.343949479307227,17.57047432625598,359718800
2013-12-12,17.370283126831055,17.519027933895977,17.354479880623273,17.419865832495013,262290000
2013-12-13,17.180952072143555,17.442805485083266,17.15740193046926,17.441875395159098,332822000
2013-12-16,17.276086807250977,17.435368851261913,17.198927404290597,17.199236882624326,282592800
2013-12-17,17.19830894470215,17.336207211582604,17.148416728154153,17.223719270534833,229902400
2013-12-18,17.067535400390625,17.088608062195547,16.696603262770036,17.034378188479714,565863200
2013-12-19,16.871992111206055,17.043668128703622,16.849370410672247,17.028174357367202,320308800
2013-12-20,17.013294219970703,17.09355497551759,16.883142940541585,16.902045931445283,436413600
2013-12-23,17.666223526000977,17.68574547494664,17.439078136484113,17.601456531088427,501306400
2013-12-24,17.591232299804688,17.721693070152078,17.540410026601617,17.66002582132949,167554800
2013-12-26,17.47440528869629,17.647941449933207,17.45829090923107,17.604556582142234,204008000
2013-12-27,17.356342315673828,17.490212341205773,17.338059930063107,17.471929955595048,225884400
2013-12-30,17.183732986450195,17.356339063426923,17.115558418537915,17.274840384084293,253629600
2013-12-31,17.385164260864258,17.393220625982714,17.167624198061148,17.172893603676833,223084400
2014-01-02,17.140657424926758,17.26151277925325,17.106260666452766,17.21967861543947,234684800
2014-01-03,16.764156341552734,17.158329083963448,16.747111865727767,17.13229980774487,392467600
2014-01-06,16.85556411743164,16.944500196656193,16.53545281792832,16.654759130872325,412610800
2014-01-07,16.73501968383789,16.918470721695392,16.669324256736235,16.867650105627337,317209200
2014-01-08,16.84101104736328,16.9060859049892,16.693196241439818,16.696913291622362,258529600
2014-01-09,16.62594985961914,16.94637083504978,16.589692898636688,16.944510655017634,279148800
2014-01-10,16.515003204345703,16.75857248143182,16.45829421947305,16.728513376422715,304976000
2014-01-13,16.60146141052246,16.81125287412468,16.420178350280885,16.421108439836715,378492800
2014-01-14,16.931800842285156,16.942336341995592,16.661270525655244,16.678624476324995,332561600
2014-01-15,17.27174186706543,17.359749524261954,17.095107596265763,17.152746670409964,391638800
2014-01-16,17.17536735534668,17.255937601128583,17.09572554411994,17.195509916792155,229278000
2014-01-17,16.754549026489258,17.107817669630506,16.730687753666196,17.08953528088891,426739600
2014-01-21,17.01485252380371,17.04584007062926,16.746801306956854,16.76446473823591,328526800
2014-01-22,17.09046173095703,17.269573495684313,16.97580418550099,17.071868212918915,379985200
2014-01-23,17.235177993774414,17.24509453745605,16.882839489646738,17.041810356874198,403239200
2014-01-24,16.9218807220459,17.217819635725725,16.880974989828267,17.167617973667642,429354800
2014-01-27,17.059162139892578,17.19241320915802,16.911968000199376,17.04583802594434,554878800
2014-01-28,15.695667266845703,15.959067948463096,15.558386389096269,15.765700357510346,1065523200
2014-01-29,15.517485618591309,15.72262997357541,15.45148069503047,15.616649398017177,502810000
2014-01-30,15.487428665161133,15.695672796429719,15.391985231207459,15.57295720926,678501600
2014-01-31,15.51283073425293,15.54165026356596,15.294362351023656,15.344873483110655,464797200
2014-02-03,15.541658401489258,15.733788145858039,15.472555376534107,15.57512673997969,401464000
2014-02-04,15.766631126403809,15.787394301618665,15.57977082428885,15.675525371934027,376681200
2014-02-05,15.884385108947754,15.967743960740288,15.687917783177959,15.697524845749294,328344800
2014-02-06,15.976978302001953,16.007841668631613,15.83045972159362,15.90060237449437,257765200
2014-02-07,16.200498580932617,16.301814285795345,16.128799260488638,16.25349474422553,370280400
2014-02-10,16.490718841552734,16.58424123016659,16.148116967089013,16.168691426420555,345559200
2014-02-11,16.708011627197266,16.763811428913307,16.506625554420804,16.5412298890272,282256800
2014-02-12,16.706756591796875,16.82023079612989,16.62321175410159,16.738866938036068,308100800
2014-02-13,16.972043991088867,16.985136524606727,16.653133249361122,16.667472770112568,307398000
2014-02-14,16.95833396911621,17.020372031308483,16.87167247510622,16.91095009535258,272924400
2014-02-18,17.02067756652832,17.182780938363756,17.00883035346865,17.020988897169435,260251600
2014-02-19,16.7519588470459,17.048735218969984,16.65781378606932,16.982022218715468,313768000
2014-02-20,16.558059692382812,16.740427907960093,16.49103534833448,16.615419464986946,305858000
2014-02-21,16.37413787841797,16.664679453375648,16.35387473751265,16.609189313997266,278784800
2014-02-24,16.44582748413086,16.519711071011148,16.28590676166989,16.308663865393957,288909600
2014-02-25,16.27469253540039,16.50880829995312,16.241648184308854,16.502886355332375,231952000
2014-02-26,16.12785530090332,16.366336248085997,16.073300846743034,16.323004681361454,276217200
2014-02-27,16.449575424194336,16.484178086903313,16.0873329611353,16.121312962380976,301882000
2014-02-28,16.404991149902344,16.60793376481364,16.276553116399082,16.49352392292496,371968800
2014-03-03,16.452381134033203,16.542473923475008,16.29806930391544,16.317085452065722,238781200
2014-03-04,16.560863494873047,16.604508062901317,16.452690229068402,16.553383233795383,259140000
2014-03-05,16.595783233642578,16.670287851018706,16.495090204134286,16.550893331778653,200062800
2014-03-06,16.545591354370117,16.660623905878516,16.46298048792952,16.609186071748148,185488800
2014-03-07,16.535924911499023,16.58393310245774,16.399070933658916,16.55618804411653,220729600
2014-03-10,16.550891876220703,16.626020813407308,16.470461991996867,16.471086318359603,178584000
2014-03-11,16.712047576904297,16.794658381563764,16.602938715675702,16.692097450498927,279224400
2014-03-12,16.72826385498047,16.751332288719404,16.584552307611464,16.66279951584589,199326400
2014-03-13,16.542465209960938,16.82334199443617,16.49601535407468,16.754136703773803,257742800
2014-03-14,16.356679916381836,16.54995806083201,16.30399508985524,16.484492023585087,237199200
2014-03-17,16.42058563232422,16.521276997241475,16.392840566247067,16.450513343563514,199544800
2014-03-18,16.565853118896484,16.583622278599712,16.37257500700036,16.394396460783764,209647200
2014-03-19,16.561494827270508,16.716740694185084,16.491040827226634,16.59266953190734,224756000
2014-03-20,16.481678009033203,16.605439420957236,16.43959343512498,16.518774633600934,208398400
2014-03-21,16.61168098449707,16.639114719563363,16.40780428048273,16.582377599929654,374046400
2014-03-24,16.80869483947754,16.849532429640313,16.67994546689579,16.78469074738382,355700800
2014-03-25,16.9895076751709,17.013200443106683,16.821167653788645,16.88071173679218,282293200
2014-03-26,16.82709312438965,17.11451801385034,16.798414067005538,17.037206427425993,299768000
2014-03-27,16.7547664642334,16.880710556956114,16.681820181150623,16.834572012095382,222031600
2014-03-28,16.736064910888672,16.800906619002124,16.654701028761355,16.781579138336372,200564000
2014-03-31,16.73232650756836,16.85920462393481,16.70707375173839,16.809949430024623,168669200
2014-04-01,16.885387420654297,16.89224668620878,16.73325823392948,16.764119934313804,200760000
2014-04-02,16.9134464263916,16.9424384819282,16.842058442622577,16.908147143471364,180420800
2014-04-03,16.79623031616211,16.911885524985994,16.760380664356894,16.877282861022795,162344000
2014-04-04,16.578948974609375,16.83395220038445,16.540294010445777,16.828030255878897,275251200
2014-04-07,16.318639755249023,16.550263108801797,16.269386245491503,16.460481672191,289850400
2014-04-08,16.317707061767578,16.401253567423893,16.169941526126784,16.372261521481143,243888400
2014-04-09,16.532188415527344,16.537487698129297,16.273444241383523,16.292771722290233,206169600
2014-04-10,16.31895637512207,16.592040043296514,16.30929180347379,16.54340751919351,239652000
2014-04-11,16.198314666748047,16.298694696112655,16.1213144120234,16.179296852483837,271717600
2014-04-14,16.262849807739258,16.277812002160477,16.12350178160578,16.269707410812696,205674000
2014-04-15,16.146873474121094,16.26159300814848,15.940189849584831,16.218885762235633,266490000
2014-04-16,16.179603576660156,16.24444525792139,16.027785771115937,16.149675878445866,214765600
2014-04-17,16.364463806152344,16.452375585902963,16.18552527543844,16.210465023576162,284334400
2014-04-21,16.558691024780273,16.588928409937285,16.33392512988311,16.376945393755875,182548800
2014-04-22,16.575206756591797,16.579259050768997,16.413101670541845,16.46952578802725,202563200
2014-04-23,16.358545303344727,16.55743567437747,16.34919206339209,16.492905311158488,394940000
2014-04-24,17.69964599609375,17.769164295278973,17.480181207395237,17.713362857550475,759911600
2014-04-25,17.82964324951172,17.831199902759398,17.58087507670425,17.598642567035,390275200
2014-04-28,18.520145416259766,18.571894561197993,17.84865684920877,17.856451769152173,669485600
2014-04-29,18.465286254882812,18.57907182569641,18.37737610058227,18.509242164468304,337377600
2014-04-30,18.395456314086914,18.68662217268695,18.38641606768809,18.474950547061358,456640800
2014-05-01,18.43878746032715,18.542284118401465,18.27917635102795,18.45499663692188,244048000
2014-05-02,18.47307777404785,18.523581614352533,18.38360930943162,18.46559751182636,191514400
2014-05-05,18.734317779541016,18.735566432385124,18.392651399113177,18.39701668945618,287067200
2014-05-06,18.530120849609375,18.841859369067883,18.530120849609375,18.76049552392138,374564400
2014-05-07,18.465286254882812,18.619909432931564,18.321885968528466,18.55631471153369,282864400
2014-05-08,18.43236541748047,18.633620593323847,18.38252206494321,18.440515271039228,230297200
2014-05-09,18.35556411743164,18.377820518468376,18.19223889857053,18.324215305229682,291597600
2014-05-12,18.584091186523438,18.61010944456126,18.413870069092404,18.416692717766992,213208800
2014-05-13,18.613248825073242,18.63770006808127,18.517325619363692,18.558076574930855,159737200
2014-05-14,18.61669921875,18.727358472407538,18.5499283177602,18.571558587318364,166404000
2014-05-15,18.458383560180664,18.702271442173213,18.433932325486776,18.642711214479295,230846000
2014-05-16,18.730806350708008,18.731432490059508,18.351180070896827,18.45243383554581,276256400
2014-05-19,18.952743530273438,19.03863675698611,18.72515535889545,18.74145673982326,317755200
2014-05-20,18.956506729125977,19.009484128180112,18.83174096983162,18.9502369667869,234836000
2014-05-21,19.006662368774414,19.018887149204144,18.873433691450728,18.928918993149185,196859600
2014-05-22,19.036762237548828,19.117641359700077,18.937390240562497,19.015759782831637,200760000
2014-05-23,19.251802444458008,19.270611728976938,19.011676438356552,19.036127671146843,232209600
2014-05-27,19.612314224243164,19.61952319729944,19.29883271730044,19.306669503848607,348866000
2014-05-28,19.561532974243164,19.743978951324767,19.554322325911034,19.624542020128473,315481600
2014-05-29,19.91795539855957,19.96466471796683,19.679396339075048,19.68190424446831,376474000
2014-05-30,19.84334945678711,20.19350698850409,19.714821805414935,19.999462395724372,564020800
2014-06-02,19.706979751586914,19.900711222926386,19.514189163142866,19.873439012309888,369350800
2014-06-03,19.98566246032715,20.023281032361183,19.69443913038088,19.701021961944644,292709200
2014-06-04,20.213886260986328,20.31012589731106,19.94084427563647,19.982537793998322,335482000
2014-06-05,20.29319190979004,20.356515683748558,20.144602700983075,20.257142025466624,303805600
2014-06-06,20.23739242553711,20.415765108591383,20.20291123673074,20.373130715789724,349938400
2014-06-09,20.561216354370117,20.60071502394442,20.13331549578934,20.3417796732171,301660000
2014-06-10,20.68190574645996,20.857455748723467,20.53268874678665,20.787236082651845,251108000
2014-06-11,20.596330642700195,20.79382402524224,20.510750455960196,20.655577820378156,182724000
2014-06-12,20.25181007385254,20.65337957379483,20.16622990818207,20.635824238742195,218996000
2014-06-13,20.030174255371094,20.28472153626117,19.94239927319629,20.232055542455164,218100000
2014-06-16,20.23206329345703,20.352754149455706,20.067485766642026,20.08065310722227,142244000
2014-06-17,20.205734252929688,20.341783952396348,20.144292237148697,20.256203762677202,118904000
2014-06-18,20.22767448425293,20.251812654483935,20.045541626753195,20.247422983076966,134056000
2014-06-19,20.157451629638672,20.254004295332535,20.043343629424317,20.251809459975263,142112000
2014-06-20,19.948984146118164,20.308860072923082,19.94678931112695,20.155253432740917,403592000
2014-06-23,19.93143653869629,20.104791738475242,19.880965359350327,20.03896005657516,174776000
2014-06-24,19.810739517211914,20.13111680951299,19.79099102328678,19.91387500549303,156144000
2014-06-25,19.828298568725586,19.902906236437314,19.672498726590206,19.795382731841997,147476000
2014-06-26,19.946794509887695,19.97971034666053,19.70541449716859,19.830493337570154,130516000
2014-06-27,20.183786392211914,20.188174389140414,19.918266538390373,19.929239041965115,256116000
2014-06-30,20.39224624633789,20.56779622132652,20.207918605182964,20.210113440266696,197929200
2014-07-01,20.521717071533203,20.642407912228293,20.43613690237449,20.521717071533203,152892000
2014-07-02,20.512939453125,20.640211441941588,20.427357616575687,20.598519615505477,113860000
2014-07-03,20.633630752563477,20.648991253196737,20.451497906362643,20.554633413829837,91567200
2014-07-07,21.059341430664062,21.06372942825129,20.64899417823478,20.657771847578477,225872000
2014-07-08,20.92328643798828,21.241470618374205,20.609491928597446,21.125167775369654,260888000
2014-07-09,20.932064056396484,21.05494805726568,20.79381955541864,20.943036559689354,145744000
2014-07-10,20.855260848999023,20.967174016951187,20.521716180560507,20.57438218557852,158744000
2014-07-11,20.89476203918457,21.04178422073604,20.815764696285758,20.925483042070873,136072000
2014-07-14,21.16466522216797,21.261217888460923,20.989116898380342,21.035198396155927,171240000
2014-07-15,20.91670036315918,21.252438152972555,20.85306353694697,21.241467325523434,181911600
2014-07-16,20.7982120513916,21.307305174767517,20.78943438169227,21.27877900387168,213585200
2014-07-17,20.42736053466797,20.907927418353616,20.313254193249936,20.853068246213027,229192000
2014-07-18,20.72140884399414,20.789433689186364,20.41200227553418,20.54366564246904,199952000
2014-07-21,20.6138858795166,20.84648826548148,20.56560953356103,20.844293429528236,156316000
2014-07-22,20.78505516052246,20.82235901686937,20.6533934077763,20.776277487116715,220788000
2014-07-23,21.327058792114258,21.478469014898227,20.883795608690956,20.938654797538522,371672000
2014-07-24,21.29193878173828,21.355575613828748,21.158082285646067,21.294133617098325,182916000
2014-07-25,21.432376861572266,21.469680689676274,21.206357383547243,21.252438878411386,173876000
2014-07-28,21.728620529174805,21.776896869335115,21.406049997881016,21.46529716815197,221272000
2014-07-29,21.588186264038086,21.82079035102735,21.559660090029652,21.796652175262718,172572000
2014-07-30,21.537717819213867,21.658407029856377,21.432387440271537,21.60135467900846,132040000
2014-07-31,20.97814178466797,21.384099220975227,20.918894630378897,21.320464070659373,227372000
2014-08-01,21.09445571899414,21.20198093976747,20.804799254756958,20.824549434270907,194044000
2014-08-04,20.975955963134766,21.193199528606474,20.883792939451272,21.14711801676473,159832000
2014-08-05,20.87281608581543,20.995700081941607,20.706043752380697,20.925480416416807,223732000
2014-08-06,20.837705612182617,20.951813616090444,20.782846445657018,20.791624113201383,154232000
2014-08-07,20.835494995117188,21.159669878969126,20.751693242866523,20.934731964103072,186844000
2014-08-08,20.892837524414062,20.910480181112078,20.57086661090884,20.786984949218663,167460000
2014-08-11,21.168500900268555,21.188349312654267,20.914893140318117,21.00972033116927,146340000
2014-08-12,21.164094924926758,21.364774743335772,21.084704625941658,21.179531834035142,135180000
2014-08-13,21.44415855407715,21.44415855407715,21.179525425860042,21.203783658904523,127664000
2014-08-14,21.501497268676758,21.516934173774924,21.3471282176951,21.46400788236642,112464000
2014-08-15,21.60735321044922,21.653663929336844,21.360361027218612,21.589710551112045,195804000
2014-08-18,21.86757469177246,21.913885406731264,21.607351377363635,21.719819535479385,190288000
2014-08-19,22.169692993164062,22.20277254969069,21.90285415350924,21.92270256042367,277596000
2014-08-20,22.178516387939453,22.293190287759654,22.0417883267148,22.149848333608478,210796000
2014-08-21,22.180727005004883,22.260117292482267,22.077078480659598,22.17852125188144,133912000
2014-08-22,22.34391212463379,22.37699168368328,22.09471592045399,22.116768398988228,176736000
2014-08-25,22.392433166503906,22.53136532393001,22.33509536459141,22.447565215362985,161080000
2014-08-26,22.249095916748047,22.383618289342877,22.24248033817733,22.365975624822912,132608000
2014-08-27,22.52254867553711,22.619581640096364,22.2071932232165,22.277762193124058,209476000
2014-08-28,22.54901123046875,22.665890921681463,22.39684621530669,22.40346179292298,273840000
2014-08-29,22.60413932800293,22.692350939928595,22.537980198434543,22.68352961048637,178380000
2014-09-02,22.780559539794922,22.87759078583672,22.652652803539443,22.727631570139756,214256000
2014-09-03,21.819053649902344,22.758502269261218,21.73966338875989,22.73644979283189,501684000
2014-09-04,21.638225555419922,22.07266465527973,21.565450852462508,21.79921018408712,342872000
2014-09-05,21.825674057006836,21.918295488014987,21.680124651854186,21.788184670526842,233828000
2014-09-08,21.691152572631836,21.900653676942394,21.622789373171944,21.89844960647349,185426800
2014-09-09,21.60955810546875,22.73204753179808,21.201581267086457,21.849934721243216,759385200
2014-09-10,22.273351669311523,22.297609909689733,21.55884066111789,21.613972719705295,403478400
2014-09-11,22.368173599243164,22.370379352165312,21.969018127656664,22.143235593583015,249412400
2014-09-12,22.41889762878418,22.535777305632607,22.290990868932575,22.31965892924553,250504400
2014-09-15,22.412282943725586,22.725434302519442,22.370383724993655,22.672506317020943,245266000
2014-09-16,22.242469787597656,22.330681385857766,21.808029054226072,22.008710482330223,267632400
2014-09-17,22.401248931884766,22.44976539202902,22.18292486123564,22.332884064183236,243706000
2014-09-18,22.44756317138672,22.571058411187213,22.3968409507564,22.47843698133684,149197600
2014-09-19,22.26451873779297,22.57105268922907,22.1630760047454,22.557821540460786,283609600
2014-09-22,22.286579132080078,22.524749989511935,22.180726539330337,22.449771209855587,211153600
2014-09-23,22.635007858276367,22.701166972407556,22.17189910684653,22.185130256674302,253608800
2014-09-24,22.438745498657227,22.681326194575796,22.317454309449577,22.529162872884154,240687200
2014-09-25,21.583087921142578,22.209386980468565,21.55000836631991,22.165282029035712,400368000
2014-09-26,22.218219757080078,22.218219757080078,21.699978739444095,21.7286468043995,249482000
2014-09-29,22.07707977294922,22.149854487812824,21.750697273937657,21.755108780442775,199065200
2014-09-30,22.218219757080078,22.39243726526351,22.169703276004068,22.2314509128292,221056400
2014-10-01,21.871990203857422,22.20498830659803,21.766135911778715,22.182934137313,205965200
2014-10-02,22.03076171875,22.101330656878783,21.620579240096387,21.891827912514813,191031200
2014-10-03,21.969018936157227,22.099129760911516,21.841112181909686,21.929323794580284,173878400
2014-10-06,21.969018936157227,22.19616270309883,21.92491228857364,22.041791960301143,148204800
2014-10-07,21.777158737182617,22.079282962830142,21.772748913686232,21.927117973508143,168376800
2014-10-08,22.2292423248291,22.297605525637216,21.68012591786552,21.779364613309134,229618800
2014-10-09,22.277753829956055,22.577672260096705,22.18733815987489,22.39242941456671,309506000
2014-10-10,22.21380043029785,22.500486004707604,22.11897326216707,22.204979102739618,265326400
2014-10-13,22.01091957092285,22.445360403346083,22.01091957092285,22.346123384237803,214333600
2014-10-14,21.777158737182617,22.167492892730337,21.7374635957289,22.13882483376243,254754400
2014-10-15,21.51032257080078,21.865373136135922,20.989875842079584,21.605149771775324,403734400
2014-10-16,21.228038787841797,21.550009663673865,21.04059020922331,21.071464013584183,288618000
2014-10-17,21.538986206054688,21.832289079303052,21.34933184308931,21.501496820525734,272718800
2014-10-20,21.99990463256836,22.044009621480892,21.66029083394991,21.68234332840618,310069200
2014-10-21,22.597522735595703,22.718812224356014,22.332887911716284,22.718812224356014,378495600
2014-10-22,22.712194442749023,22.95918658455324,22.626188596026264,22.679114882664198,273052400
2014-10-23,23.117969512939453,23.166485981738347,22.85333468744453,22.95257337794131,284298800
2014-10-24,23.2039737701416,23.26351563434096,23.05180879802626,23.195152441649775,188215600
2014-10-27,23.179710388183594,23.261306396734653,23.089293053100313,23.12237260697215,136750800
2014-10-28,23.5391845703125,23.5391845703125,23.232650442147015,23.243677527475498,192243600
2014-10-29,23.67149543762207,23.678112696711608,23.45537875060164,23.519332128494465,210751600
2014-10-30,23.592105865478516,23.673700216763716,23.353935022950665,23.587694359600302,162619200
2014-10-31,23.817041397094727,23.82586272543766,23.64282394793864,23.819247149804546,178557200
2014-11-03,24.12578582763672,24.324261547518354,23.81925175901268,23.86556247990228,209130400
2014-11-04,23.94936180114746,24.145631761414265,23.7552975939445,24.116963701570743,166297600
2014-11-05,24.006698608398438,24.103731549226797,23.845712291341986,24.059624902260932,149743600
2014-11-06,24.075355529785156,24.095290006071416,23.876020905674586,24.053207425971983,139874000
2014-11-07,24.144018173217773,24.212677805743855,24.04213553825285,24.086431748309913,134766000
2014-11-10,24.104148864746094,24.214891070292342,24.06871054787116,24.14622975379514,108782000
2014-11-11,24.296844482421875,24.307919381291555,24.008915699525705,24.075360023366827,109769200
2014-11-12,24.64014434814453,24.68001161558041,24.223754202541528,24.22596783032693,187769600
2014-11-13,24.987873077392578,25.127407658584712,24.717661805103482,24.761959704539777,238091600
2014-11-14,25.289091110229492,25.29130642756837,24.631282113320164,25.06096242829356,176254400
2014-11-17,25.247011184692383,25.975695204945072,25.09418806807948,25.30902655836628,186986800
2014-11-18,25.574810028076172,25.623536878045396,25.224864187199266,25.2359390857531,176896000
2014-11-19,25.397619247436523,25.634607520550304,25.204928874311175,25.56816320525581,167476800
2014-11-20,25.760848999023438,25.882666090096777,25.43748199065543,25.45077220318549,173582000
2014-11-21,25.796293258666992,26.039925807178292,25.698839563345597,26.02663728137708,228717200
2014-11-24,26.274700164794922,26.305707853165757,25.829517628988384,25.880458107115206,189803200
2014-11-25,26.046566009521484,26.522757824070702,26.0133430104056,26.37214835923169,275361600
2014-11-26,26.356647491455078,26.378795596766786,26.097511110744662,26.121874533525176,163073200
2014-11-28,26.341140747070312,26.445238689339444,26.14623507608875,26.416444634793212,99257600
2014-12-01,25.48621368408203,26.41201868329791,24.644572161234095,26.314564991867147,335256000
2014-12-02,25.38875389099121,25.636817005110824,24.972363864589592,25.1384771497199,237395600
2014-12-03,25.676685333251953,25.769708371259046,25.495068201517814,25.63681807556437,172253600
2014-12-04,25.579238891601562,25.95797710179481,25.53494267711282,25.64125426780271,168178000
2014-12-05,25.470706939697266,25.709910506072312,25.39097241757225,25.68997603064509,153275600
2014-12-08,24.894845962524414,25.393185843799092,24.72208840738255,25.27136875245967,230659600
2014-12-09,25.275806427001953,25.31567369620039,24.21932463813952,24.40537245766298,240832000
2014-12-10,24.795181274414062,25.437486459678954,24.704373536762624,25.340034459491083,178261200
2014-12-11,24.722097396850586,25.204933613868775,24.660080325205033,24.863847323884144,165606800
2014-12-12,24.30348777770996,24.77746433306875,24.270264774526616,24.465170468854296,224112400
2014-12-15,23.971256256103516,24.717657568404167,23.554864521733887,24.518321279588047,268872400
2014-12-16,23.64346694946289,24.398729796138586,23.534940033328535,23.5593034599821,243162800
2014-12-17,24.23261260986328,24.327849293790877,23.65896705007462,23.725413055848236,213647200
2014-12-18,24.950218200683594,24.950218200683594,24.509464714244114,24.777460637646605,236024800
2014-12-19,24.757530212402344,25.080897289148155,24.730953161305965,24.86384348616433,353719200
2014-12-22,25.014455795288086,25.136271236078912,24.79961559578267,24.841698184491833,180670000
2014-12-23,24.925861358642578,25.10083428501047,24.908142196272895,25.07868617694453,104113600
2014-12-24,24.8084774017334,24.963515863839913,24.8084774017334,24.93472348938942,57918400
2014-12-26,25.247011184692383,25.36439766911686,24.808472933831425,24.828405722601378,134884000
2014-12-29,25.229291915893555,25.419766968695274,25.182778699160025,25.202713176301835,110395600
2014-12-30,24.921424865722656,25.231503375143216,24.830617137057683,25.169488011217492,119526000
2014-12-31,24.44745635986328,25.056538681502335,24.409804403712155,24.987879033251165,165613600
2015-01-02,24.214895248413086,24.68222757163672,23.776355295274307,24.67115267325441,212818400
2015-01-05,23.532716751098633,24.064279632140636,23.34667067211943,23.984545115494743,257142000
2015-01-06,23.534934997558594,23.794071364016485,23.173914310644687,23.59695036493737,263188400
2015-01-07,23.864944458007812,23.964611763586213,23.632385158602347,23.743127360263635,160423600
2015-01-08,24.781892776489258,24.83947920152161,24.07535690294467,24.19274507045464,237458000
2015-01-09,24.8084774017334,25.08311768737601,24.40980465661307,24.954656281749184,214798000
2015-01-12,24.197172164916992,24.9457888739138,24.097504854799798,24.93914461187825,198603200
2015-01-13,24.412010192871094,24.983440335311546,24.1218661772764,24.680006107009795,268367600
2015-01-14,24.31899070739746,24.47181381263504,24.03106027700955,24.150662070103355,195826400
2015-01-15,23.658973693847656,24.376582984673746,23.62353705333151,24.363294455704267,240056000
2015-01-16,23.475135803222656,23.82729694872675,23.300162889264197,23.7054798283151,314053200
2015-01-20,24.079788208007812,24.135159317135944,23.58809248858328,23.884880822409823,199599600
2015-01-21,24.26361846923828,24.59805872103091,23.98011699709323,24.13072646769229,194303600
2015-01-22,24.894845962524414,24.910349802350176,24.301267725236684,24.42086949951762,215185600
2015-01-23,25.0233154296875,25.193857723073517,24.702161943737746,24.872705926916115,185859200
2015-01-26,25.04988670349121,25.328957536245927,24.983442393649014,25.191636592238247,222460000
2015-01-27,24.172807693481445,24.91256648080197,24.148444273882177,24.899276267516615,382274800
2015-01-28,25.53936767578125,26.161740038857733,25.53936767578125,26.053211457485503,585908400
2015-01-29,26.334501266479492,26.398731959324124,25.594742329744967,25.763070983758755,337745600
2015-01-30,25.949119567871094,26.57813460918825,25.8804582377386,26.2237598190242,334982000
2015-02-02,26.274700164794922,26.39430197270769,25.709915821075615,26.146240465741013,250956400
2015-02-03,26.279123306274414,26.376575289167604,26.04877933706831,26.245900309696186,207662800
2015-02-04,26.48067283630371,26.691084018363664,26.20381735184991,26.245899926220257,280598800
2015-02-05,26.669681549072266,26.734165723731444,26.51625362672937,26.687468941440304,168984800
2015-02-06,26.445100784301758,26.73861398429588,26.33836794045799,26.687470774515095,174826400
2015-02-09,26.620759963989258,26.647441898327116,26.333917294632176,26.360600925430763,155559200
2015-02-10,27.13218879699707,27.161096493457006,26.718603465831738,26.720825829820146,248034000
2015-02-11,27.76813507080078,27.77702961636251,27.238922333336244,27.29895839530153,294247200
2015-02-12,28.119468688964844,28.34627541369775,27.92156966831326,28.030524908608047,297898000
2015-02-13,28.257326126098633,28.301797159379046,27.93935331840626,28.301797159379046,217088800
2015-02-17,28.424095153808594,28.65757232057261,28.22174804975162,28.34849236119064,252609600
2015-02-18,28.62198257446289,28.635323539816333,28.339586367104683,28.379610959625513,179566800
2015-02-19,28.561952590942383,28.690920945904033,28.535270652992356,28.56862307542989,149449600
2015-02-20,28.795434951782227,28.795434951782227,28.473015702335196,28.59975832351753,195793600
2015-02-23,29.57368278503418,29.57368278503418,28.831006151951826,28.911055353853747,283896400
2015-02-24,29.389131546020508,29.707106062803202,29.16677297786456,29.56034859351888,276912400
2015-02-25,28.637557983398438,29.26238839870181,28.495248638062286,29.253492156099437,298846800
2015-02-26,29.0000057220459,29.10006640489472,28.152820071444435,28.63756014934092,365150000
2015-02-27,28.564178466796875,29.0333551042649,28.515259318403285,28.906609112630072,248059200
2015-03-02,28.704267501831055,28.968874747744586,28.528605721266338,28.73984568797058,192386800
2015-03-03,28.764299392700195,28.799877571574093,28.4819031113867,28.675357338437337,151265200
2015-03-04,28.581968307495117,28.80877499266501,28.533052544931437,28.706491953319468,126665200
2015-03-05,28.10833740234375,28.628655452183295,27.963804045234774,28.590854916212518,226068400
2015-03-06,28.150592803955078,28.76652525661798,28.074991709340917,28.550837186219347,291368400
2015-03-09,28.270666122436523,28.810999167291815,27.8081599278314,28.45300006693993,354114000
2015-03-10,27.685861587524414,28.288453012050585,27.52798723170783,28.108343142090717,275426400
2015-03-11,27.18111228942871,27.743679224261488,27.15220628481303,27.739232799113434,275756000
2015-03-12,27.672515869140625,27.77257821643837,27.045464939292476,27.196668793831925,193450800
2015-03-13,27.481298446655273,27.88376866459354,27.25671748303135,27.661410065508203,207309200
2015-03-16,27.783693313598633,27.783693313598633,27.321188932610713,27.54576979144797,143497200
2015-03-17,28.248428344726562,28.310688462772674,27.93935011838267,27.99493975184684,204092400
2015-03-18,28.5664005279541,28.71982845602437,28.09944795575962,28.23953321847968,261083600
2015-03-19,28.350709915161133,28.73983730615354,28.32847440353944,28.62865805158428,183238000
2015-03-20,27.994945526123047,28.550840278963356,27.830400652138934,28.517487849174326,274780400
2015-03-23,28.286231994628906,28.428541336208223,28.13280404655136,28.266220538685488,150838800
2015-03-24,28.17060089111328,28.4707828514936,28.14169319834328,28.290674693141913,131369200
2015-03-25,27.434595108032227,28.199509002111668,27.434595108032227,28.13724888449329,206620800
2015-03-26,27.625822067260742,27.768131384433865,27.261154229947007,27.296732407470724,190291600
2015-03-27,27.40569496154785,27.72811422368741,27.330093858713987,27.699208219038226,158184800
2015-03-30,28.099451065063477,28.10612155024622,27.57246068163208,27.58357928791074,188398800
2015-03-31,27.66807746887207,28.12613558907677,27.652512436529037,28.037191820061732,168362400
2015-04-01,27.628047943115234,27.821500479076686,27.372335288856576,27.754792240066255,162485600
2015-04-02,27.86597442626953,27.919340005191067,27.614709866405345,27.801490240861305,128880400
2015-04-06,28.317363739013672,28.35294192475229,27.645841599579253,27.67697166386991,148776000
2015-04-07,28.01940155029297,28.488576533226613,28.012731065181562,28.38184537852191,140049200
2015-04-08,27.928234100341797,28.1061216224908,27.78814882176073,27.98382373895572,149316800
2015-04-09,28.141698837280273,28.14614695850273,27.719218930050666,27.983824463106682,129936000
2015-04-10,28.261770248413086,28.286229823662996,27.852631346889225,28.006057586730154,160752000
2015-04-13,28.2061767578125,28.588635364311845,28.152811190225506,28.544160947811203,145460400
2015-04-14,28.083881378173828,28.304015835014305,27.99716169225301,28.239531661503285,102098400
2015-04-15,28.19061279296875,28.268437935397202,28.019397479626157,28.108341226599048,115881600
2015-04-16,28.054981231689453,28.261774776001275,28.04164025994718,28.079440810857832,113476000
2015-04-17,27.739227294921875,28.048305523453024,27.674743116071788,27.917114801850463,207828000
2015-04-20,28.372949600219727,28.488575295536634,27.832618275676225,27.921562031706713,188217200
2015-04-21,28.219520568847656,28.50636156657248,28.166153302631102,28.484127750340228,129740400
2015-04-22,28.599746704101562,28.655336324280842,28.088323216328526,28.23730299125846,150618000
2015-04-23,28.83323860168457,29.000007547906723,28.49303022282521,28.528608412320764,183083600
2015-04-24,28.968868255615234,29.046695096238576,28.73539112666703,29.0155650385736,178103600
2015-04-27,29.49585723876953,29.60259177459487,29.16231944838953,29.42025615391798,387816800
2015-04-28,29.03113555908203,29.91612175432839,28.811002737132416,29.898336053763348,475696000
2015-04-29,28.604206085205078,29.26016318298656,28.52860498629819,28.942192058978048,253544400
2015-04-30,27.828170776367188,28.60420158242397,27.701426480269312,28.60420158242397,332781600
2015-05-01,28.673128128051758,28.935512924490588,27.861520953663764,28.039406737224382,234050400
2015-05-04,28.61754608154297,29.033358897210668,28.5197077719741,28.795433608675246,203953200
2015-05-05,27.972705841064453,28.561954632389803,27.968257720114217,28.495246389824892,197085600
2015-05-06,27.797042846679688,28.18394624917403,27.430150899410055,28.141697581751504,288564000
2015-05-07,27.968978881835938,28.152074473058324,27.692101292340553,27.859566834442038,175763600
2015-05-08,28.495925903320312,28.495925903320312,28.158761602569417,28.28603529571358,222201600
2015-05-11,28.20565414428711,28.482529943603403,28.051585348625007,28.444571508121946,168143200
2015-05-12,28.105180740356445,28.330699748396363,27.8707283299041,28.044892198904186,192640000
2015-05-13,28.13644027709961,28.399919425982123,28.105180183465016,28.167700370734202,138776800
2015-05-14,28.792903900146484,28.792903900146484,28.39322103167603,28.449042870725208,180814000
2015-05-15,28.75271224975586,28.91347941005312,28.62767188221232,28.819699134395467,152832000
2015-05-18,29.069780349731445,29.18812237147555,28.661164094483212,28.66563079542484,203531600
2015-05-19,29.042984008789062,29.223846196970214,28.94696868731493,29.18142106006961,178532800
2015-05-20,29.040752410888672,29.246176365558323,28.87998524513075,29.02735571492461,145819600
2015-05-21,29.337724685668945,29.391314876050284,28.989396965926638,29.04298715630798,158921600
2015-05-22,29.594497680664062,29.69051299277318,29.33995029118235,29.38461047751805,182384000
2015-05-26,28.94249725341797,29.677114340766533,28.830853609135882,29.60789582644662,282790400
2015-05-27,29.48285484313965,29.5319783237903,29.038515277836858,29.10326709846147,183332800
2015-05-28,29.424814224243164,29.46277267458474,29.272980422876845,29.442677625656042,122933200
2015-05-29,29.089872360229492,29.35111812101568,29.005022086658286,29.30199463706332,203538000
2015-06-01,29.147933959960938,29.337729601489205,29.038525321021584,29.08988046597465,128451200
2015-06-02,29.0184326171875,29.174733119075942,28.875528814447293,28.99610251387683,134670400
2015-06-03,29.05414390563965,29.237241136623044,29.005020424502348,29.17472096191993,123934000
2015-06-04,28.88445281982422,29.156863669648438,28.78397418995997,28.933576311241353,153800400
2015-06-05,28.725919723510742,28.95814050384929,28.661167883222966,28.91571535703196,142507200
2015-06-08,28.536123275756836,28.850959248843054,28.319534279272943,28.781737310168158,210699200
2015-06-09,28.451271057128906,28.59864151199639,28.049354886989374,28.29050390765424,224301600
2015-06-10,28.77727699279785,28.879987273800243,28.54728957345983,28.562919621031597,156349200
2015-06-11,28.712514877319336,29.067540888725446,28.687953136506042,28.84425357482062,141563600
2015-06-12,28.39545249938965,28.654466648645087,28.382055803237584,28.623206555258715,147544800
2015-06-15,28.339628219604492,28.41108009883974,28.069450748010365,28.156532672592473,175955600
2015-06-16,28.49146842956543,28.54729027276738,28.216825914998417,28.364194695206884,125976400
2015-06-17,28.424484252929688,28.553989639077844,28.299442161288418,28.518264543999997,131672400
2015-06-18,28.553985595703125,28.649999223978433,28.406616831110373,28.408850181595085,141628800
2015-06-19,28.268178939819336,28.540589786812227,28.223522150021005,28.516028041358947,218867600
2015-06-22,28.493701934814453,28.594180571703895,28.37535989915212,28.466906836655117,136157200
2015-06-23,28.364187240600586,28.493694291643774,28.330693802772586,28.46466755408458,121075600
2015-06-24,28.605348587036133,28.982704833379493,28.384294540836557,28.404389588878498,221123600
2015-06-25,28.469135284423828,28.84872307346394,28.469135284423828,28.77280619707479,127752400
2015-06-26,28.30167007446289,28.578545896423,28.248081590368365,28.5070940164479,176267200
2015-06-29,27.80597686767578,28.239154925475177,27.79481352092118,28.0136341970433,196645600
2015-06-30,28.006938934326172,28.16100778702475,27.87966518317664,28.03819903435955,177482800
2015-07-01,28.268178939819336,28.3440975267333,28.13197351632289,28.33516582806417,120955200
2015-07-02,28.232452392578125,28.28827422872065,28.082848577020254,28.230219042139197,108844000
2015-07-06,28.134206771850586,28.185563613137802,27.87742597250915,27.897522720333654,112241600
2015-07-07,28.064987182617188,28.167699157786085,27.6362741817874,28.109643970587225,187787200
2015-07-08,27.368331909179688,27.830536680664583,27.361633560883114,27.794811588567054,243046400
2015-07-09,26.810115814208984,27.70103198892368,26.620321880745106,27.65414184325949,314380000
2015-07-10,27.5268611907959,27.65413489807677,27.06465649556041,27.22765699259238,245418000
2015-07-13,28.058290481567383,28.080618876862893,27.759084533255947,27.91761835446566,165762000
2015-07-14,28.047122955322266,28.216821810967417,27.9198492394752,28.143136579806693,127072400
2015-07-15,28.31729507446289,28.3909802916808,28.04041930183585,28.071679387283407,134596800
2015-07-16,28.694652557373047,28.70805265866787,28.43564014939327,28.522722068791797,144889600
2015-07-17,28.94249725341797,28.94249725341797,28.649991450533886,28.821923616714518,184658800
2015-07-20,29.48956871032715,29.690526008558358,29.183662653874517,29.24395120618202,235600800
2015-07-21,29.1948184967041,29.679351595599233,29.0988065798831,29.66372325413515,307025600
2015-07-22,27.96003532409668,28.02255549406574,27.23881661241787,27.23881661241787,461802400
2015-07-23,27.946643829345703,28.377586753004575,27.92431373287769,28.17886115997897,203998000
2015-07-24,27.799274444580078,28.076150275307967,27.665302378327695,27.982369999286025,168649200
2015-07-27,27.412994384765625,27.600556693701055,27.26785893211703,27.4844462873249,177822000
2015-07-28,27.549190521240234,27.667534238662494,27.363863329620226,27.549190521240234,134472400
2015-07-29,27.46211051940918,27.57598754415561,27.30134335589593,27.49783731287758,148046800
2015-07-30,27.323671340942383,27.36832812577778,27.176300884600714,27.31250629295996,134513200
2015-07-31,27.084758758544922,27.38396301770405,26.997676820219656,27.37503131844666,171540000
2015-08-03,26.446155548095703,27.368331734567274,26.240729881542865,27.129414326745238,279904000
2015-08-04,25.5976619720459,26.280920726034005,25.28729268813971,26.218400539858273,496554400
2015-08-05,25.767366409301758,26.222872911647134,25.030517304777366,25.220311254867685,397250400
2015-08-06,25.823429107666016,26.13071799542475,25.596889351141915,26.011840324697488,211612000
2015-08-07,25.91090965270996,26.07464798007613,25.68212639758036,25.700070652053586,154681600
2015-08-10,26.852956771850586,26.91351647875738,26.137445605898755,26.137445605898755,219806400
2015-08-11,25.455583572387695,26.507541906594625,25.419696776558233,26.42455101739805,388331200
2015-08-12,25.848112106323242,25.888485832057395,24.589799650743977,25.240264471457007,404870000
2015-08-13,25.82791519165039,26.108287693272175,25.691093273958323,26.027540275904467,194143200
2015-08-14,26.00960350036621,26.08810748113109,25.57222295663443,25.641754809417833,171718000
2015-08-17,26.27876091003418,26.38866647768475,25.90642531782848,26.027546472717383,163538800
2015-08-18,26.13072395324707,26.341564676953208,26.020818383154,26.115023157519488,138242800
2015-08-19,25.796524047851562,26.135212934767477,25.72250526676717,26.041008146801143,193146000
2015-08-20,25.267173767089844,25.648479738798063,25.03838881505836,25.58792002282396,274006400
2015-08-21,23.72176170349121,25.098951562027775,23.697088781656007,24.769233162283008,513102000
2015-08-24,23.129615783691406,24.40362879000235,20.635420824502845,21.27915685105936,648825200
2015-08-25,23.268674850463867,24.921751784034296,23.214843807743076,24.921751784034296,414406400
2015-08-26,24.603256225585938,24.64811515577482,23.562513301625625,24.020079865579447,387098400
2015-08-27,25.327739715576172,25.39951503536891,24.677274917371502,25.172975198332875,338464400
2015-08-28,25.410724639892578,25.415209847647688,25.018203077879622,25.159510224151333,212657600
2015-08-31,25.291847229003906,25.688854003074386,25.121380241072895,25.128108908407583,224917200
2015-09-01,24.161388397216797,25.094467479451218,24.080640955039204,24.70643277628633,307383600
2015-09-02,25.19764518737793,25.19764518737793,24.47764856445594,24.724377818540738,247555200
2015-09-03,24.755769729614258,25.296326994726947,24.68175098234016,25.2312803723883,212935600
2015-09-04,24.509044647216797,24.773716387417842,24.338579378873042,24.441756265899464,199985200
2015-09-08,25.190908432006836,25.246982933341556,24.7445558805347,25.065302096619618,219374400
2015-09-09,24.70643424987793,25.574466738172337,24.621199882907593,25.516150468544666,340043200
2015-09-10,25.249235153198242,25.408486586892877,24.650359681855335,24.733348877420127,251571200
2015-09-11,25.617076873779297,25.617076873779297,25.067547404671917,25.074276071527077,199662000
2015-09-14,25.863807678222656,26.218199009025287,25.762874239912513,26.148667160912005,233453600
2015-09-15,26.081377029418945,26.137451542024767,25.664182518730957,26.002873054022455,173364800
2015-09-16,26.110536575317383,26.139694705489024,25.892967195070767,26.074648066252323,148694000
2015-09-17,25.55203628540039,26.128482269521882,25.50717735491766,25.94231616788589,256450400
2015-09-18,25.446609497070312,25.637264181672517,25.092219928636705,25.168480433471128,297141200
2015-09-21,25.84137725830078,25.877265766487003,25.493716319352583,25.49595806767053,200888000
2015-09-22,25.435400009155273,25.61035221983528,25.238016623765834,25.43091308971004,201384800
2015-09-23,25.641754150390625,25.731473716641045,25.41297088214752,25.486987941390105,143026800
2015-09-24,25.794269561767578,25.906418559862217,25.20436644784261,25.401748068436333,200878000
2015-09-25,25.72923469543457,26.173345683795556,25.574468459735357,26.117271159122936,224607600
2015-09-28,25.220069885253906,25.697824051210933,25.220069885253906,25.536329203209096,208436000
2015-09-29,24.461938858032227,25.460065965431337,24.192781947754884,25.307543259938733,293461600
2015-09-30,24.740074157714844,25.01820324435386,24.387926308187456,24.710914317708884,265892000
2015-10-01,24.57857894897461,24.587551075675574,24.069421454058606,24.46418647261006,255716400
2015-10-02,24.758020401000977,24.899329280594365,24.12325816216384,24.226435069223086,232079200
2015-10-05,24.847732543945312,24.98006925581128,24.46418316346537,24.645863998624826,208258800
2015-10-06,24.966617584228516,25.06306582262484,24.621198351629094,24.814094828421737,192787200
2015-10-07,24.847732543945312,25.069787088168866,24.54044537447887,25.06305842186784,187062400
2015-10-08,24.560638427734375,24.715404642141984,24.271293714878546,24.715404642141984,247918400
2015-10-09,25.148296356201172,25.184183152026744,24.55839142763354,24.67278390489033,211064400
2015-10-12,25.03166389465332,25.289607013539783,24.995777093845483,25.28512180516072,121868800
2015-10-13,25.074275970458984,25.222311774450123,24.825305030272983,24.856706616309225,132197200
2015-10-14,24.71988868713379,25.01371859456382,24.574094607652142,24.96213099969483,177849600
2015-10-15,25.089981079101562,25.143812134243223,24.782692121453554,24.881383815261927,150694000
2015-10-16,24.90606117248535,25.121387142642675,24.7916686625941,25.072041286953947,156930400
2015-10-19,25.06081771850586,25.065302925807504,24.697454321783546,24.85222049818976,119036800
2015-10-20,25.518388748168945,25.608108311660388,24.85671017602895,24.973344410686988,195871200
2015-10-21,25.516143798828125,25.92436613580862,25.50268475367488,25.569974845666728,167180800
2015-10-22,25.90642547607422,25.90642547607422,25.592407855324677,25.643997161174436,166616400
2015-10-23,26.709415435791016,26.743060489612784,26.092595723673156,26.175584917007193,237467600
2015-10-26,25.85707664489746,26.496325688647662,25.77632921713342,26.485111813893756,265335200
2015-10-27,25.693342208862305,26.13969484741818,25.56773413771088,25.883995208345304,279537600
2015-10-28,26.752025604248047,26.758755982685184,26.032029124710814,26.22716902919141,342205600
2015-10-29,27.034645080566406,27.070533591812794,26.527730982390814,26.624179217292475,204909200
2015-10-30,26.803621292114258,27.189414274053178,26.792405703304496,27.137824961290306,197461200
2015-11-02,27.180437088012695,27.22081080445379,26.828289226765772,27.095204447196274,128813200
2015-11-03,27.492212295532227,27.698566093648566,27.072774320250645,27.092962034880685,182076000
2015-11-04,27.364355087280273,27.772577365213973,27.279122466176005,27.617811202773556,179544400
2015-11-05,27.238218307495117,27.63692624256414,27.071527737980944,27.447708480518628,158210800
2015-11-06,27.269758224487305,27.438701881193282,27.17064578119008,27.28102182236787,132169200
2015-11-09,27.159378051757812,27.43869770715078,27.04224455710382,27.247228602394177,135485600
2015-11-10,26.303396224975586,26.596232538644294,26.143463127646314,26.332680887492543,236511600
2015-11-11,26.154727935791016,26.449815607494255,25.95199522605524,26.21329554495548,180872000
2015-11-12,26.066869735717773,26.314653322236378,26.0511017361734,26.18850932588139,130102400
2015-11-13,25.30550193786621,26.03308658156117,25.289733934743825,25.949740440152322,183249600
2015-11-16,25.719972610473633,25.733487547937305,25.003651708986375,25.089249177228126,152426800
2015-11-17,25.609603881835938,25.91595515426298,25.526257733787073,25.88667049000019,110467600
2015-11-18,26.420534133911133,26.465585085880317,26.017321755027425,26.075889367454284,186698800
2015-11-19,26.75617027282715,26.97467101447311,26.301149438613734,26.499376047420327,173183200
2015-11-20,26.873300552368164,27.012959518830655,26.771933344024283,26.850773360347215,137148400
2015-11-23,26.52414894104004,26.9701608641234,26.431792268427206,26.866540595821984,129930000
2015-11-24,26.778684616088867,26.88455620718216,26.382231563317173,26.429535562162098,171212800
2015-11-25,26.587217330932617,26.85752812338971,26.56243879865947,26.85302199829468,85553200
2015-11-27,26.537662506103516,26.672818773030528,26.490358500112393,26.64578717592846,52185600
2015-11-30,26.648046493530273,26.89808324001754,26.52415379262803,26.578215280938224,156721200
2015-12-01,26.431795120239258,26.762924933642704,26.323672151730133,26.74940999222496,139409600
2015-12-02,26.193017959594727,26.605240795250975,26.14796701607765,26.43179105368523,133546400
2015-12-03,25.949743270874023,26.307904693128734,25.72899120307998,26.253843207752347,166278000
2015-12-04,26.812480926513672,26.862038001153735,25.92946927218527,25.97001581338318,231108000
2015-12-07,26.643535614013672,26.999443928947482,26.537664000962682,26.80121736144958,128336800
2015-12-08,26.632266998291016,26.715611398774985,26.32366277009681,26.472332228457642,137238000
2015-12-09,26.044343948364258,26.510628178984593,25.9227043596916,26.499364585769648,185445600
2015-12-10,26.168243408203125,26.341693176169983,26.019573897100837,26.138960462318146,116850800
2015-12-11,25.49471664428711,25.992536933126495,25.420381044780573,25.947485992046726,187544800
2015-12-14,25.337038040161133,25.38208898374484,24.73109305303525,25.269459906202233,257274800
2015-12-15,24.88877296447754,25.40912046906789,24.857236960391255,25.215398319061666,213292400
2015-12-16,25.080238342285156,25.2266564645062,24.5080842278671,25.019419405852176,224954000
2015-12-17,24.54863739013672,25.28523088788774,24.54863739013672,25.233420749936244,179091200
2015-12-18,23.884122848510742,24.670273359488462,23.834565777468676,24.53286746057647,385813200
2015-12-21,24.17696189880371,24.185972432616467,23.780507003960455,24.165698301891865,190362400
2015-12-22,24.15443229675293,24.26480830958003,23.978729495298605,24.19272576997696,131157600
2015-12-23,24.465288162231445,24.519349637808695,24.147673341225545,24.163441343209882,130629600
2015-12-24,24.33464241027832,24.553143133318848,24.316621342307553,24.553143133318848,54281600
2015-12-28,24.06207847595215,24.258053709263866,23.917913379694166,24.235526516624457,106816800
2015-12-29,24.494569778442383,24.649998445725377,24.07108509192604,24.093610562316112,123724800
2015-12-30,24.174707412719727,24.485563077335843,24.14317140552317,24.458533196072224,100855200
2015-12-31,23.710674285888672,24.10938047094601,23.611560146030712,24.104876063944907,163649200
2016-01-04,23.73094367980957,23.735449804821453,22.976329287135002,23.11373688408393,270597600
2016-01-05,23.136260986328125,23.843571336083546,23.068684582391132,23.821045868104548,223164000
2016-01-06,22.683488845825195,23.05967116009652,22.496525938317514,22.651952850892197,273829600
2016-01-07,21.72615623474121,22.555106614252878,21.721651826185717,22.22848285858482,324377600
2016-01-08,21.841032028198242,22.325337438994353,21.7959810814847,22.199193413329677,283192000
2016-01-11,22.194677352905273,22.314063854982443,21.92661969977019,22.293791453610556,198957600
2016-01-12,22.51680564880371,22.6812448631054,22.26451588888082,22.64970885793796,196616800
2016-01-13,21.93789291381836,22.793874642374632,21.91762050355392,22.597899416901196,249758400
2016-01-14,22.417692184448242,22.63394153867265,21.566216582054608,22.0662899913546,252680400
2016-01-15,21.879322052001953,22.00997218287025,21.480615908897953,21.66983191753492,319335600
2016-01-19,21.773448944091797,22.221712085453778,21.512148721093784,22.167650622227026,212350800
2016-01-20,21.802736282348633,22.118098032270122,21.043615707294155,21.42204946348329,289337600
2016-01-21,21.69236183166504,22.04826842385823,21.386010591829923,21.863556798538532,208646000
2016-01-22,22.845680236816406,22.85469076868208,22.15864393824545,22.217209817497473,263202000
2016-01-25,22.399673461914062,22.870462222533124,22.34786332551053,22.868209159580758,207178000
2016-01-26,22.523563385009766,22.72404301390903,22.09106812167091,22.51004844508774,300308000
2016-01-27,21.043615341186523,21.76669377517496,21.02559427725693,21.633792295506485,533478800
2016-01-28,21.19454002380371,21.29140110397176,20.811601828860308,21.12696360512257,222715200
2016-01-29,21.926624298095703,21.926624298095703,21.253103009031683,21.352217130522604,257666000
2016-02-01,21.72165298461914,21.7847250192635,21.48963726349851,21.73066352079463,163774000
2016-02-02,21.282394409179688,21.633796633351107,21.237341740322073,21.494135937767894,149428800
2016-02-03,21.703624725341797,21.81400074941957,21.192289426440556,21.39952653410023,183857200
2016-02-04,21.878013610839844,22.04334511840949,21.558677038559985,21.710418542607215,185886800
2016-02-05,21.293691635131836,21.95048530071671,21.21895439813523,21.859892773065564,185672400
2016-02-08,21.517906188964844,21.67417651105632,21.071739464345107,21.092121873697167,216085600
2016-02-09,21.513381958007812,21.72853946722121,21.27331318376394,21.354846301037156,177324800
2016-02-10,21.35031509399414,21.821394929259718,21.311813825280545,21.724008249160672,169374400
2016-02-11,21.221216201782227,21.45222721456371,20.9698227791187,21.241600339572877,200298800
2016-02-12,21.28689956665039,21.402405093828406,21.06494966663968,21.332196698832412,161405600
2016-02-16,21.887073516845703,21.93463421044413,21.427318417485296,21.52017451606062,196231600
2016-02-17,22.222259521484375,22.24264192996997,21.776092815831376,21.893861874423507,179452800
2016-02-18,21.801013946533203,22.39665705404077,21.762510947381458,22.38533233760041,156084000
2016-02-19,21.75118064880371,21.914246834451163,21.696825829557408,21.742121224277902,141496800
2016-02-22,21.941429138183594,21.945959715589726,21.724008076232284,21.812335328652846,137123200
2016-02-23,21.4454345703125,21.855363635836255,21.41372744523932,21.832715936199516,127770400
2016-02-24,21.76477813720703,21.828192407829796,21.13516255329631,21.284640529400786,145022800
2016-02-25,21.914255142211914,21.914255142211914,21.572269080326027,21.75345418371292,110330800
2016-02-26,21.948219299316406,22.199610986924736,21.873480342723052,22.013897103452752,115964400
2016-02-29,21.898393630981445,22.247173705330145,21.889334206307748,21.93689488991322,140865200
2016-03-01,22.768081665039062,22.82243649472265,22.063727256060517,22.115818525109407,201628400
2016-03-02,22.817913055419922,22.849620190911832,22.566519532656002,22.763558212849404,132678400
2016-03-03,22.98776626586914,23.03532695424258,22.7499610960932,22.779404661211583,147822800
2016-03-04,23.329748153686523,23.497343177839397,22.958320409397206,23.184800825569155,184220400
2016-03-07,23.071569442749023,23.28899051809232,22.86547135580049,23.18933854392739,143315600
2016-03-08,22.881315231323242,23.0466466886304,22.73863319703148,22.824695129601505,126247600
2016-03-09,22.901704788208008,23.005885592690777,22.70919501445261,22.944734900725788,108806800
2016-03-10,22.91302490234375,23.155358895590112,22.68201562186655,22.967381450145442,134054400
2016-03-11,23.159893035888672,23.16442188494813,22.987767397179063,23.15536245892038,109632800
2016-03-14,23.218782424926758,23.30711141844868,23.051187321957766,23.080630895768163,100304400
2016-03-15,23.68532371520996,23.821211627233023,23.51999224151106,23.544905226971284,160270800
2016-03-16,24.00013542175293,24.077137951320523,23.68759127068511,23.692121847664875,153214000
2016-03-17,23.961627960205078,24.113369419517063,23.77138351815779,23.898211994250385,137682800
2016-03-18,23.98880958557129,24.120168665301076,23.82347981962583,24.08393096279268,176820800
2016-03-21,23.986549377441406,24.380624943797773,23.81215843358732,23.991078226933524,142010800
2016-03-22,24.169992446899414,24.299086226519456,23.828006504151766,23.837065928955983,129777600
2016-03-23,24.03636932373047,24.249261497777155,23.98427978832034,24.1156388628559,102814000
2016-03-24,23.93218994140625,24.063549023716174,23.755535457979903,23.88689454028983,104532000
2016-03-28,23.8234806060791,24.04996107050679,23.79403703984186,24.006929229334705,77645600
2016-03-29,24.387418746948242,24.412331738585134,23.753272696405663,23.7555379850751,124760400
2016-03-30,24.813196182250977,25.00796949675472,24.595775169576513,24.607099882616183,182404400
2016-03-31,24.684104919433594,24.890202967996302,24.659191930532415,24.849436415967897,103553600
2016-04-01,24.910587310791016,24.91285259938728,24.50518704750646,24.636546139546827,103496000
2016-04-04,25.166505813598633,25.408839802752272,24.973996067225556,25.007968477050717,149424800
2016-04-05,24.869815826416016,25.078179138251425,24.781488595666413,24.801872733174786,106314800
2016-04-06,25.130273818969727,25.134804396192514,24.73166769090215,24.964944036425578,105616400
2016-04-07,24.582185745239258,25.007968325801674,24.48706438063093,24.901522248683936,127207600
2016-04-08,24.6093692779541,24.86076101588604,24.4983926009516,24.66598939678476,94326800
2016-04-11,24.690895080566406,25.050999853477524,24.64786497495567,24.679572096104007,117630000
2016-04-12,25.01250457763672,25.026092853404545,24.609369602707936,24.763374669167092,108929200
2016-04-13,25.37487030029297,25.442813399819443,25.094035020850985,25.094035020850985,133029200
2016-04-14,25.38846206665039,25.4541416147626,25.21407285317995,25.27975240129216,101895600
2016-04-15,24.878877639770508,25.433755791346098,24.851701091028172,25.390723951959068,187756000
2016-04-18,24.342124938964844,24.675049823050298,24.219825261421395,24.66146154595961,243286000
2016-04-19,24.213035583496094,24.45989854497011,24.05902874576324,24.432720257872756,129539600
2016-04-20,24.262847900390625,24.480268906348236,24.020513908842275,24.151872973246423,122444000
2016-04-21,24.00013542175293,24.217556463242936,23.89821817461431,24.217556463242936,126210000
2016-04-22,23.934457778930664,24.115642858510714,23.69438901720973,23.782716268330034,134732400
2016-04-25,23.798564910888672,23.92765869181828,23.669471129959064,23.780446061096434,112126400
2016-04-26,23.633241653442383,23.848399181793788,23.53359140072951,23.53359140072951,224064800
2016-04-27,22.154319763183594,22.35588724558825,21.669651689996126,21.74212537212017,458408400
2016-04-28,21.47713851928711,22.16790275955349,21.345779461747554,22.106753806786298,328970800
2016-04-29,21.23027801513672,21.45222962808324,20.951708014622803,21.286898130612904,274126000
2016-05-02,21.2076358795166,21.307287861834677,20.926800516876586,21.28237486625516,192640400
2016-05-03,21.556411743164062,21.683240256607103,21.216691029662577,21.33446011672984,227325200
2016-05-04,21.332195281982422,21.71947666489431,21.24839688894312,21.5609393046504,164102000
2016-05-05,21.2456111907959,21.434734920892943,21.11801047575662,21.418784831513033,143562000
2016-05-06,21.127119064331055,21.293455415162843,20.92888080536488,21.275227988494596,174799600
2016-05-09,21.14307403564453,21.3663752751912,21.0975011123692,21.190924301261674,131745600
2016-05-10,21.2866153717041,21.320794614362388,20.98812024524063,21.266108869166228,134747200
2016-05-11,21.079267501831055,21.320797839880143,21.067873839745104,21.30029133423994,114876400
2016-05-12,20.584815979003906,21.14079343395983,20.38657942691291,21.127122427175387,305258800
2016-05-13,20.625831604003906,20.88787025509507,20.507345483894703,20.507345483894703,177571200
2016-05-16,21.39143943786621,21.507648216408324,20.883313959085207,21.051929425106646,245039200
2016-05-17,21.30257225036621,21.57828188250692,21.19320072507569,21.54410436737179,187667600
2016-05-18,21.5463809967041,21.694489931630287,21.39371563938697,21.455238641453214,168249600
2016-05-19,21.46435546875,21.564614164242855,21.320804668009217,21.564614164242855,121768400
2016-05-20,21.69676971435547,21.744619973939777,21.537267110645395,21.564610861163164,128104000
2016-05-23,21.972490310668945,22.145664006837805,21.799316614500086,21.844889554770795,152074400
2016-05-24,22.30742835998535,22.350720449787822,22.06589629232741,22.15248394878974,140560800
2016-05-25,22.699350357055664,22.726692368008063,22.35528223232984,22.48288291925164,152675200
2016-05-26,22.87936019897461,22.9522751279102,22.476048140151935,22.713022093799868,225324800
2016-05-27,22.865684509277344,22.893028256016905,22.615039581998886,22.658333413062653,145364800
2016-05-31,22.754039764404297,22.877084048698546,22.51706578040381,22.694795833796864,169228800
2016-06-01,22.435035705566406,22.681124268100326,22.40541461020609,22.56263640980064,116693200
2016-06-02,22.266420364379883,22.29376237919357,22.01805271977049,22.239076611136976,160766400
2016-06-03,22.31199073791504,22.39174117560807,22.2048965479719,22.28236964346596,114019600
2016-06-06,22.473773956298828,23.21659615184701,22.227687104041692,22.327944066654076,93170000
2016-06-07,22.564908981323242,22.75631172089091,22.548958897894998,22.615038311648792,89638000
2016-06-08,22.54440689086914,22.685678589346253,22.48516296720797,22.562634319478764,83392400
2016-06-09,22.70619010925293,22.783661472688777,22.43503686036885,22.44415144520177,106405600
2016-06-10,22.519338607788086,22.63782469767143,22.439588187825375,22.450980111575035,126851600
2016-06-13,22.179834365844727,22.58542558014755,22.125148593635664,22.487445963290416,152082000
2016-06-14,22.207181930541992,22.43959954455035,22.045401928617956,22.175281746412164,127727600
2016-06-15,22.13425636291504,22.423638701038083,22.10919169619796,22.28920078515296,117780800
2016-06-16,22.22768211364746,22.273253292019113,21.890449483038555,21.977035417316305,125307200
2016-06-17,21.721830368041992,22.022604614408348,21.71499486628369,22.015769112650048,244032800
2016-06-20,21.669424057006836,22.00437758305134,21.653473971882285,21.874497821771726,137647600
2016-06-21,21.853994369506836,21.954251316406683,21.573726562077685,21.63297048872019,142185600
2016-06-22,21.77195930480957,22.077289967345976,21.726386396531133,21.931460137712364,116876400
2016-06-23,21.897289276123047,21.94058312095867,21.70360912245369,21.86083267396886,128960800
2016-06-24,21.28207015991211,21.569173515659553,21.111175595038773,21.170419530955098,301245600
2016-06-27,20.972179412841797,21.202317893911776,20.84913512806466,21.190924228524736,181958400
2016-06-28,21.32535743713379,21.341309261800948,20.994962048588413,21.16813565519468,161779600
2016-06-29,21.509929656982422,21.544108917765705,21.334476929561966,21.411950036566033,146124000
2016-06-30,21.783353805541992,21.822089478340487,21.487137689611927,21.51903785996703,143345600
2016-07-01,21.84943962097168,21.98159850165106,21.721838902207814,21.758295505384886,104106000
2016-07-05,21.644363403320312,21.737786589539503,21.52359820234758,21.735507508833635,110820800
2016-07-06,21.76740074157715,21.797023566016613,21.503084832172828,21.555491502686447,123796400
2016-07-07,21.86082649230957,21.988427171411196,21.787911570190232,21.806138996898415,100558400
2016-07-08,22.02944564819336,22.07729591094634,21.88589485993442,21.986151808280546,115648400
2016-07-11,22.097808837890625,22.250474242578218,22.04084397896873,22.04540040277349,95179600
2016-07-12,22.19805908203125,22.261859426545215,22.129702315093002,22.141094240368208,96670000
2016-07-13,22.072738647460938,22.255025107420934,22.06590140581734,22.19578292060921,103568800
2016-07-14,22.510223388671875,22.555794559238354,22.175269895879197,22.19121997942034,155676000
2016-07-15,22.507949829101562,22.626437683121686,22.444149479288797,22.539850004007945,120548000
2016-07-18,22.747203826904297,22.81556060236729,22.46693600606127,22.48972159788227,145975600
2016-07-19,22.75632095336914,22.78594205220241,22.635554000211755,22.68568335087531,95119600
2016-07-20,22.776824951171875,22.890754648849864,22.726695606044885,22.78593953559762,105104000
2016-07-21,22.65605926513672,23.013798438655886,22.58770075262052,22.747203369015253,130808000
2016-07-22,22.480607986450195,22.62643785525426,22.400855810148364,22.61732327115036,113254800
2016-07-25,22.179834365844727,22.52162348440273,22.08413382987153,22.38718726554934,161531600
2016-07-26,22.02716636657715,22.32338426293091,21.970201520234436,22.061345622068604,224959200
2016-07-27,23.45812225341797,23.777125730081984,23.41255107322129,23.758896562631676,369379200
2016-07-28,23.774850845336914,23.799915520397235,23.42850529480335,23.430784375744125,159479200
2016-07-29,23.745229721069336,23.822702827107044,23.62446450778026,23.740673297622127,110934800
2016-08-01,24.16448402404785,24.187269610665414,23.790794840547626,23.790794840547626,152671600
2016-08-02,23.80675506591797,24.169050741221053,23.697381769763897,24.164494317328185,135266400
2016-08-03,24.10524559020996,24.116637516895125,23.872828033938575,23.88194261834424,120810400
2016-08-04,24.254161834716797,24.283943400227997,24.11899558049545,24.18772442133302,109634800
2016-08-05,24.623001098632812,24.661946623102185,24.325178475150416,24.345796077100005,162213600
2016-08-08,24.826889038085938,24.826889038085938,24.549685824604097,24.63215796233773,112148800
2016-08-09,24.92768669128418,24.957469993000934,24.74441276709909,24.79481366430005,105260800
2016-08-10,24.74211883544922,24.948303508647196,24.687136838545147,24.904775147681466,96034000
2016-08-11,24.726089477539062,24.95518323652753,24.707761557336784,24.861253956375855,109938000
2016-08-12,24.78335952758789,24.84292438617509,24.691721686956768,24.691721686956768,74641600
2016-08-15,25.081178665161133,25.09492372764215,24.760447140449838,24.774192202930855,103472800
2016-08-16,25.058279037475586,25.253010164375354,25.01933351123442,25.115552487070346,135177600
2016-08-17,25.02161979675293,25.055984209017407,24.820016176986197,24.994127917372026,101424000
2016-08-18,24.989545822143555,25.108673799051683,24.975799009073988,25.023910233047655,87938800
2016-08-19,25.053693771362305,25.129295131759978,24.824600011015427,24.91852754387737,101472400
2016-08-22,24.85896873474121,24.99413323781459,24.70776598772999,24.9391512151955,103280800
2016-08-23,24.936859130859375,25.044533493710123,24.863549186682878,24.877294255013805,85030800
2016-08-24,24.748994827270508,24.913942588893782,24.66881237310542,24.872705648487965,94700400
2016-08-25,24.64361572265625,24.71463422902995,24.439722415840986,24.602378775893236,100344800
2016-08-26,24.49928855895996,24.73067201043777,24.354958363848603,24.606962911552,111065200
2016-08-29,24.471790313720703,24.613829044778868,24.350370925679744,24.4259722703323,99881200
2016-08-30,24.2839298248291,24.398476663625463,24.169382986032737,24.238111788448975,99455600
2016-08-31,24.306842803955078,24.41451712962516,24.201459904831218,24.20604275792366,118649600
2016-09-01,24.451171875,24.467208364417324,24.196877722920807,24.31600568032861,106806000
2016-09-02,24.680269241333008,24.742123781734875,24.47179310013169,24.67339496098034,107210000
2016-09-06,24.673397064208984,24.810854717435326,24.62987043867753,24.719216864566654,107521600
2016-09-07,24.824594497680664,24.916232331036756,24.52906340272657,24.703175111318515,169457200
2016-09-08,24.17397117614746,24.574885229446362,24.109825207275087,24.570304123604007,212008000
2016-09-09,23.62643814086914,24.21979187060213,23.62643814086914,23.972370197635943,186228000
2016-09-12,24.155649185180664,24.219795165153805,23.48898543364512,23.51647731699655,181171200
2016-09-13,24.73067283630371,24.923112520263004,24.568016462347654,24.62987276170297,248704800
2016-09-14,25.605802536010742,25.894461092548962,24.879575913559066,24.909359213711117,443554800
2016-09-15,26.476360321044922,26.513016154062843,25.999844978889882,26.08461028185908,359934400
2016-09-16,26.32745361328125,26.604656844016898,26.125851740340764,26.37327341248133,319547600
2016-09-19,26.02046775817871,26.616111140609824,25.9448664034801,26.389308824360544,188092000
2016-09-20,26.018171310424805,26.144173543940205,25.775332548936447,25.899043356066237,138057200
2016-09-21,26.013591766357422,26.114391811371693,25.759297605529163,26.082318831433565,144012800
2016-09-22,26.25872802734375,26.332037962380134,26.116689263527814,26.196871731872807,124296000
2016-09-23,25.82115364074707,26.297669010181558,25.555405827538955,26.212903702359732,209924800
2016-09-26,25.860097885131836,25.976936169021382,25.555404572955588,25.576022168311567,119477600
2016-09-27,25.90821075439453,25.928830100301912,25.736390445834793,25.887593156333715,98429600
2016-09-28,26.10523223876953,26.26330748633983,25.98610425724975,26.045669121932946,118564400
2016-09-29,25.69973373413086,26.070866191988394,25.612678749231804,25.924246350133995,143548000
2016-09-30,25.899049758911133,25.972359690758676,25.61268256453063,25.76388353428328,145516400
2016-10-03,25.77762794494629,25.899049100467856,25.722645934420125,25.82115631669641,86807200
2016-10-04,25.887588500976562,26.18770069331425,25.80282320143898,25.90133356387867,118947200
2016-10-05,25.899049758911133,26.03879708959655,25.816575867101815,25.979232223768342,85812400
2016-10-06,26.09148597717285,26.1945774613045,25.91737424491938,26.04795760714785,115117200
2016-10-07,26.130434036254883,26.24498091770134,26.0044335153718,26.18770747697811,97433600
2016-10-10,26.586334228515625,26.746699177550635,26.281639077502252,26.350366163725745,144944000
2016-10-11,26.64360237121582,27.1911362640301,26.620691599187904,26.96433220544857,256164000
2016-10-12,26.88186264038086,27.02848426396819,26.74669815249531,26.884154067521216,150347200
2016-10-13,26.799386978149414,26.904769890789296,26.510728370924866,26.75585860742008,140769600
2016-10-14,26.948299407958984,27.072010252913373,26.833752523502707,27.00557285018712,142608800
2016-10-17,26.929967880249023,26.996403521918943,26.753564734466906,26.879566981454133,94499600
2016-10-18,26.91164779663086,27.081176711869475,26.90706494203562,27.07430417782353,98214000
2016-10-19,26.83146095275879,26.978080814699002,26.070869763501435,26.861242511393115,80138400
2016-10-20,26.817716598510742,26.891026536204105,26.65047912245094,26.771898542894935,96503200
2016-10-21,26.712331771850586,26.783352025203126,26.639021839372905,26.76044125117844,92770800
2016-10-24,26.952877044677734,26.973494640922336,26.803965774141002,26.826874797028253,94154800
2016-10-25,27.090335845947266,27.115536298189827,26.874987162364132,27.021607022040897,192516000
2016-10-26,26.48094367980957,26.5061441301924,25.958610249777237,26.187703982096433,264536800
2016-10-27,26.226652145385742,26.542800877615743,26.139595405493818,26.435126540073536,138248000
2016-10-28,26.052539825439453,26.39388900121319,25.990683538191657,26.08690423526084,151446800
2016-10-31,26.011301040649414,26.16937626592226,25.933408267382227,26.036501489543532,105677600
2016-11-01,25.541664123535156,26.063997643480405,25.321734312392252,25.99297913354741,175303200
2016-11-02,25.564571380615234,25.738683124487448,25.482099236514344,25.521044755532166,113326800
2016-11-03,25.290555953979492,25.665895442781576,25.22608063141921,25.555366820341316,107730400
2016-11-04,25.062580108642578,25.387261576155574,24.89448403168557,24.99119698748168,123348000
2016-11-07,25.424108505249023,25.447135151133345,25.2053509772968,25.348118992692342,130240000
2016-11-08,25.57378387451172,25.72576290730673,25.26061655555887,25.40108138641951,97016800
2016-11-09,25.532333374023438,25.63365272194597,24.880670700924725,25.30206340643254,236705600
2016-11-10,24.820798873901367,25.580688677849547,24.369469969035215,25.580688677849547,228538000
2016-11-11,24.968170166015625,25.069489503833324,24.53526330257498,24.6665171007387,136575600
2016-11-14,24.341835021972656,24.825401542133175,23.966495654149348,24.802374899615096,204702000
2016-11-15,24.664220809936523,24.795474644822434,24.44546500406692,24.539874794230805,129058000
2016-11-16,25.327392578125,25.382658633805825,24.54677754904232,24.56980419383247,235362000
2016-11-17,25.31818199157715,25.410290329096046,25.060280754708725,25.285944336968594,110528000
2016-11-18,25.343509674072266,25.454040021063754,25.251403101203,25.265218735769338,113715600
2016-11-21,25.728069305419922,25.787938243842255,25.33200460227758,25.35733444423348,117058400
2016-11-22,25.744178771972656,25.886945003626835,25.652070448983423,25.778717855876,103862000
2016-11-23,25.612926483154297,25.677401785977857,25.405683183492684,25.64286094323088,109705600
2016-11-25,25.74187469482422,25.76029671015207,25.548447047521943,25.589895703599566,45903600
2016-11-28,25.691219329833984,25.89846264489884,25.649770666821013,25.65898167602616,108776000
2016-11-29,25.6658878326416,25.797141630884603,25.345812749964455,25.509304199928877,114115200
2016-11-30,25.449440002441406,25.836293678421285,25.391872501592143,25.698132027747196,144649200
2016-12-01,25.21225929260254,25.546151813381687,25.10633531398931,25.414897996750025,148347600
2016-12-02,25.30666732788086,25.350417422829416,25.064883182701955,25.13856949489034,106112000
2016-12-05,25.124755859375,25.33660380416944,24.92672355020877,25.329695986355333,137298000
2016-12-06,25.31818199157715,25.412593520659634,25.143178082793696,25.214561209881143,104782000
2016-12-07,25.566875457763672,25.603719497634987,25.136271721895906,25.159298368405217,119994800
2016-12-08,25.817867279052734,25.88925040096269,25.467855973231696,25.527726651799558,108273200
2016-12-09,26.239261627197266,26.411964099750527,25.86161902775977,25.86161902775977,137610400
2016-12-12,26.089590072631836,26.481048345444968,25.90307018964767,26.087286880865953,105497600
2016-12-13,26.524799346923828,26.69289544716425,26.19321001618473,26.213933470945666,174935200
2016-12-14,26.524799346923828,26.757370759958963,26.476442862327794,26.490258498835086,136127200
2016-12-15,26.669864654541016,26.879411145367662,26.534006231818875,26.56854531771756,186098000
2016-12-16,26.704408645629883,26.826451448381032,26.630722325658223,26.819543630386885,177404400
2016-12-19,26.858686447143555,27.02908571582107,26.653746335091068,26.66526053515615,111117600
2016-12-20,26.93007469177246,27.05672388930169,26.86790256732577,26.88171820457601,85700000
2016-12-21,26.95540428161621,27.03369699122384,26.890928965951453,26.895535349539273,95132800
2016-12-22,26.778091430664062,26.828751098360904,26.628415618874364,26.791907064828578,104343600
2016-12-23,26.831056594848633,26.831056594848633,26.61690544877681,26.61690544877681,56998000
2016-12-27,27.001461029052734,27.125807041423812,26.82415214301926,26.8310599620142,73187600
2016-12-28,26.88631820678711,27.17645706110187,26.75736584804925,27.061322093155326,83623600
2016-12-29,26.879411697387695,26.966913644828455,26.803422193209514,26.814934636472096,60158000
2016-12-30,26.669864654541016,26.987636542550618,26.58005951756395,26.860989128341537,122345200
2017-01-03,26.745853424072266,26.78730208283485,26.425778353502388,26.665259297817293,115127600
2017-01-04,26.71592140197754,26.828754953267687,26.653749282483766,26.67677592833996,84472400
2017-01-05,26.851787567138672,26.90935507298421,26.667570845704606,26.69290068882231,88774400
2017-01-06,27.1511287689209,27.20869625243724,26.819539501684314,26.890922619062124,127007600
2017-01-09,27.399822235107422,27.50114158038002,27.158039829552894,27.1603412642579,134247600
2017-01-10,27.427457809448242,27.489629931843083,27.240939685443166,27.349165101699334,97848400
2017-01-11,27.574832916259766,27.616281587158287,27.31002206089814,27.342259720839134,110354400
2017-01-12,27.459699630737305,27.47121383435902,27.220218601336274,27.37910547584773,108344800
2017-01-13,27.411338806152344,27.54489581704745,27.358375937410994,27.427457634583096,104447600
2017-01-17,27.632396697998047,27.687660999484315,27.222516428069017,27.250147700401918,137759200
2017-01-18,27.630084991455078,27.747523133139772,27.565609700120714,27.632388182379856,94852000
2017-01-19,27.581735610961914,27.65311873659486,27.48732584062354,27.49423365835313,102389200
2017-01-20,27.632396697998047,27.736017482887355,27.570224578428558,27.736017482887355,130391600
2017-01-23,27.65081787109375,27.818913962042,27.57943298717096,27.632395852222036,88200800
2017-01-24,27.625490188598633,27.655424653984163,27.517263015313226,27.528777217211033,92844000
2017-01-25,28.065303802490234,28.11596347786842,27.69687219540411,27.729109851222866,129510400
2017-01-26,28.079118728637695,28.194253705538035,28.00082603079889,28.016944857292128,105350400
2017-01-27,28.0814151763916,28.17352349291877,28.000821058237836,28.12516702202651,82251600
2017-01-30,28.007732391357422,28.007732391357422,27.784372023519055,27.8465441348101,121510000
2017-01-31,27.94325828552246,27.952469294408267,27.775162204612315,27.89720499791373,196804000
2017-02-01,29.647254943847656,30.047925906640124,29.246585737875417,29.251190363700744,447940000
2017-02-02,29.59659194946289,29.794624217280543,29.42388951288843,29.469944550066973,134841600
2017-02-03,29.723247528076172,29.748577364792464,29.51139958174031,29.545938671062146,98029200
2017-02-06,30.001869201660156,30.050227435489187,29.68179412277796,29.73475873926701,107383600
2017-02-07,30.287405014038086,30.416355618625722,30.03871305648745,30.059436507873222,152735200
2017-02-08,30.404834747314453,30.446285154631237,30.216015264497067,30.245951474579204,92016400
2017-02-09,30.624544143676758,30.631481909524343,30.32389468441096,30.446466586216637,113399600
2017-02-10,30.5551700592041,30.74481178011904,30.5389831114215,30.633803971878972,80262000
2017-02-13,30.825754165649414,30.948329627164423,30.700870820103,30.77718979249929,92141600
2017-02-14,31.225858688354492,31.242045640474586,30.816512654131902,30.867391981724566,132904800
2017-02-15,31.33916664123535,31.514932810960097,31.133337991590007,31.341481582757584,142492400
2017-02-16,31.302162170410156,31.42935689749489,31.184213092669612,31.37616618277543,90338400
2017-02-17,31.387733459472656,31.41317311322332,31.244348244991187,31.244348244991187,88792800
2017-02-21,31.614370346069336,31.625934464811078,31.4478569170343,31.50567398186942,98028800
2017-02-22,31.70920753479004,31.71151894818117,31.477939156162403,31.551943202308035,83347600
2017-02-23,31.57505226135254,31.794756381744143,31.52186155468101,31.771631675261126,83152800
2017-02-24,31.605133056640625,31.605133056640625,31.2859816094627,31.431681796891738,87106400
2017-02-27,31.667573928833008,31.785523047515852,31.517250910712743,31.716141835739183,81029600
2017-02-28,31.68145179748535,31.785521846781478,31.614382001380704,31.7022651015696,93931600
2017-03-01,32.32899856567383,32.412255306318166,31.82252388303502,31.889590146585466,145658400
2017-03-02,32.137046813964844,32.442319156734115,32.09079032756467,32.377564310423224,104844000
2017-03-03,32.32667922973633,32.33824334927274,32.05146941758944,32.09541095450349,84432400
2017-03-06,32.22492980957031,32.324377031281756,32.053793495595706,32.23186757749497,87000000
2017-03-07,32.266563415527344,32.37294488772751,32.09773496754085,32.160178414451956,69785200
2017-03-08,32.14628219604492,32.331297475609695,32.104655610801146,32.134718079408444,74828800
2017-03-09,32.072288513183594,32.09772816921292,31.695323556043782,32.08616757646052,88623600
2017-03-10,32.17868423461914,32.22956356366392,32.063050037494754,32.20412389914153,78451200
2017-03-13,32.19255065917969,32.24574138671217,32.10467109388138,32.11160886143455,69686800
2017-03-14,32.14398956298828,32.296623993591744,32.109297192811354,32.21568218759559,61236400
2017-03-15,32.48395538330078,32.55102165496475,32.15323979363848,32.24112289963792,102767200
2017-03-16,32.537132263183594,32.613451212915585,32.43768507576059,32.54407002871617,76928000
2017-03-17,32.375244140625,32.60882380671838,32.35211590368076,32.60882380671838,175540000
2017-03-20,32.715213775634766,32.72446295450743,32.43075123884514,32.47006642458355,86168000
2017-03-21,32.34055709838867,33.025112795244745,32.31511744511997,32.865537109184174,158119600
2017-03-22,32.705970764160156,32.74760090361427,32.322064442958755,32.34288127712336,103440800
2017-03-23,32.590328216552734,32.742966140564654,32.51863560860373,32.66895859115008,81385200
2017-03-24,32.525569915771484,32.77996642873326,32.45850366901273,32.724460772576016,89582400
2017-03-27,32.58107376098633,32.65970412284992,32.05840523229322,32.23648278146844,94300400
2017-03-28,33.256378173828125,33.31188030055289,32.52094323486099,32.58801300981845,133499200
2017-03-29,33.33039474487305,33.41596643727402,33.115316865024205,33.22863610236925,116760000
2017-03-30,33.28644943237305,33.41827407587476,33.18700574316975,33.346581457356166,84829200
2017-03-31,33.224021911621094,33.36509578832856,33.07369532198552,33.23789745213723,78646800
2017-04-03,33.23325729370117,33.33038956585056,33.082934295371665,33.2355722354098,79942800
2017-04-04,33.480712890625,33.50846395747771,33.11068219784257,33.12918408536911,79565600
2017-04-05,33.30725860595703,33.640285493099675,33.25869071455128,33.3535115560882,110871600
2017-04-06,33.224021911621094,33.422912893063156,33.17545399093858,33.36971861591659,84596000
2017-04-07,33.150001525878906,33.344266075859544,33.13381457781785,33.240196033289536,66688800
2017-04-10,33.110679626464844,33.274881659964585,33.04823620202139,33.210126823087656,75733600
2017-04-11,32.75452423095703,33.1523059136408,32.39143137512854,33.05748508173831,121517600
2017-04-12,32.793846130371094,32.87478791924265,32.61114219450171,32.74759317546245,81400000
2017-04-13,32.62040710449219,32.92799448655558,32.62040710449219,32.81929806098147,71291600
2017-04-17,32.80078887939453,32.81235300209678,32.5787697216858,32.71984354935364,66328400
2017-04-18,32.65507507324219,32.84933954964385,32.63426177838629,32.70364295677926,58790000
2017-04-19,32.53481674194336,32.84009253542777,32.481626030850855,32.812341473792294,69313600
2017-04-20,32.94186019897461,33.052868004939796,32.645837030484415,32.65971256512075,93278400
2017-04-21,32.90255355834961,32.99737091262982,32.80542126177874,32.941868759661006,69283600
2017-04-24,33.21937561035156,33.2910682125583,33.11299064880763,33.186998192294524,68537200
2017-04-25,33.42521286010742,33.51078101657076,33.272574908950006,33.28182761870944,75486000
2017-04-26,33.2286262512207,33.441396183672424,33.15924858724086,33.411330176698456,80164800
2017-04-27,33.25407409667969,33.339645784792786,33.14306627809032,33.28414011106064,56985200
2017-04-28,33.22168731689453,33.37201381760551,33.13380776931816,33.323445925653,83441600
2017-05-01,33.89931106567383,34.042696296088565,33.52465751323557,33.55703493716388,134411600
2017-05-02,34.11439514160156,34.2485312163374,33.95944576101237,34.121332910219344,181408800
2017-05-03,34.010318756103516,34.10976596924904,33.36508169256447,33.67035404157906,182788000
2017-05-04,33.88774871826172,34.0288225432381,33.72123523537567,33.885437305315286,93487600
2017-05-05,34.44972229003906,34.45434511454773,33.940929284192165,33.940929284192165,109310800
2017-05-08,35.38636016845703,35.54593585491734,34.46591335230264,34.46591335230264,195009600
2017-05-09,35.61301803588867,35.81884674674541,35.48813113827316,35.585263431487824,156521600
2017-05-10,35.444183349609375,35.60144765064016,35.178226178926415,35.529755032223434,103222800
2017-05-11,35.7507209777832,35.77859014018026,35.36987549713816,35.402386567067346,109020400
2017-05-12,36.250003814697266,36.32431331590771,35.917923154502766,35.92488955950871,130108000
2017-05-15,36.1570930480957,36.37770402257387,36.00614962962093,36.22908155670488,104038800
2017-05-16,36.10368728637695,36.24069791939979,35.92952014640026,36.212832310904176,80194000
2017-05-17,34.891483306884766,35.89468772244948,34.76608452665892,35.66943127386498,203070800
2017-05-18,35.42327880859375,35.60905783309512,35.09584721998728,35.128358283517,134272800
2017-05-19,35.544029235839844,35.75767383492193,35.44417511011823,35.61834224948902,107843200
2017-05-22,35.760005950927734,35.897016612667926,35.509204791580785,35.76232690430899,91865600
2017-05-23,35.71588134765625,35.971324401714845,35.60209085541772,35.971324401714845,79675600
2017-05-24,35.60905456542969,35.80179997561155,35.45346566542646,35.725166002158055,76712000
2017-05-25,35.732139587402344,35.84360914034475,35.537073184913964,35.69962852032095,76942400
2017-05-26,35.671756744384766,35.81805829270953,35.60208917168536,35.762323525862016,87710400
2017-05-30,35.68568801879883,35.862176124415456,35.6067330933998,35.62763230128075,80507600
2017-05-31,35.4743766784668,35.8018118894274,35.38613436672782,35.755368007968826,97804800
2017-06-01,35.571895599365234,35.6067311540426,35.34896364056432,35.56957464642925,65616400
2017-06-02,36.09904861450195,36.09904861450195,35.504558565386986,35.6647929311988,111082800
2017-06-05,35.746070861816406,35.866827767268795,35.63692935400107,35.84128310541234,101326800
2017-06-06,35.866825103759766,36.18264837987697,35.71123619071204,35.73910180396234,106499600
2017-06-07,36.080474853515625,36.2221309800143,35.87379659125762,35.999198955536784,84278400
2017-06-08,35.99222183227539,36.11994156869703,35.855207653820855,36.05259849937361,85003200
2017-06-09,34.59656524658203,36.03867095620318,33.909187474788965,36.03867095620318,259530800
2017-06-12,33.76985168457031,33.92544059310496,33.094082235331136,33.8441647090024,289229200
2017-06-13,34.04154586791992,34.24125765559363,33.70714440544866,34.173914589914546,136661600
2017-06-14,33.7094841003418,34.25288495014194,33.402948107054954,34.25288495014194,126124800
2017-06-15,33.507442474365234,33.551565394676025,33.02442193475349,33.282189509280364,128661600
2017-06-16,33.038352966308594,33.55620904100653,33.02209566246163,33.389008269576124,201444400
2017-06-19,33.98350143432617,34.07639272886052,33.3611457064286,33.3611457064286,130165600
2017-06-20,33.67464065551758,34.10657538102148,33.6583868954916,34.10657538102148,99600400
2017-06-21,33.87434768676758,33.920795093838045,33.581748156797836,33.79307181127359,85063200
2017-06-22,33.81863021850586,34.06710693885357,33.700194243135414,33.85114129061045,76425200
2017-06-23,33.96957015991211,34.17392747367492,33.6978697550815,33.70251520587812,141757600
2017-06-26,33.86273956298828,34.43400582129584,33.76056093637986,34.17623830178447,102769600
2017-06-27,33.37739562988281,33.94169910603165,33.3518509697536,33.67464065132807,99047600
2017-06-28,33.86505889892578,33.9300810139464,33.2450243099109,33.5538811279786,88329600
2017-06-29,33.36579513549805,33.702521281865195,33.040684389936885,33.60498805819685,125997600
2017-06-30,33.444740295410156,33.66303037038063,33.38900552836239,33.544594433334126,92096400
2017-07-03,33.32399368286133,33.741995706038395,33.23110591924023,33.64446249120392,57111200
2017-07-05,33.460994720458984,33.62355003161704,33.142850501232495,33.36810698363725,86278400
2017-07-06,33.145172119140625,33.323984736720405,33.07086263688104,33.21251874161098,96515200
2017-07-07,33.481895446777344,33.614264198357915,33.184650423351705,33.184650423351705,76806800
2017-07-10,33.68625259399414,33.89293082888166,33.29379533435106,33.46564155235199,84362400
2017-07-11,33.79539489746094,33.869707918712685,33.52834000714723,33.609615887771454,79127200
2017-07-12,33.84416580200195,33.94634089873578,33.63052116502008,33.874352368642334,99538000
2017-07-13,34.315582275390625,34.48278306318964,33.774502440352215,33.788435248762035,100797600
2017-07-14,34.61049270629883,34.67783931848978,34.21339360907738,34.36201609435176,80528400
2017-07-17,34.73126220703125,35.04244009501903,34.50136376510992,34.55941949988858,95174000
2017-07-18,34.852020263671875,34.86363211969431,34.524585058420435,34.64766293668812,71475200
2017-07-19,35.0703010559082,35.16318879245551,34.821820868312145,34.94489871378533,83692000
2017-07-20,34.91239547729492,35.23750971496516,34.877563454142056,35.18177493447977,68974800
2017-07-21,34.89612579345703,34.935603249499536,34.573336200225555,34.831103684276535,105010400
2017-07-24,35.318782806396484,35.400062245206634,34.81021404818792,34.96812747527722,85972800
2017-07-25,35.4697380065918,35.72518114963822,35.251447846037046,35.251447846037046,75415600
2017-07-26,35.636932373046875,35.74607389010833,35.54404107504466,35.61138770902635,63124000
2017-07-27,34.963478088378906,35.76000445134357,34.20643273532199,35.704269681568036,129905200
2017-07-28,34.717323303222656,34.886845026854395,34.6453347716848,34.80789009184128,68854800
2017-07-31,34.53850173950195,34.910059698064146,34.39917016262061,34.81020203503184,79383600
2017-08-01,34.845054626464844,34.884532103058135,34.464209127248445,34.62444353094187,141474400
2017-08-02,36.49150466918945,37.09760655177292,36.26392722992396,36.988461510367614,279747200
2017-08-03,36.12691116333008,36.50775650284509,35.9991878847099,36.47059999571203,108389200
2017-08-04,36.31733322143555,36.55187703625577,36.15477792683541,36.24302374823534,82239600
2017-08-07,36.87932205200195,36.904866715420106,36.38236513559111,36.47293193435718,87481200
2017-08-08,37.17424774169922,37.580637876655814,36.753924797637495,36.83055879115649,144823600
2017-08-09,37.40180969238281,37.450578047438356,36.94897586732114,36.98380787561846,104526000
2017-08-10,36.21049118041992,37.30156010599023,36.04962763328621,37.27824520798239,163217200
2017-08-11,36.714080810546875,36.96820053959595,36.38536332524164,36.50892453009627,105028400
2017-08-14,37.266605377197266,37.35053406139659,37.0101556317673,37.14304419731428,88490800
2017-08-15,37.674598693847656,37.814477489895324,37.334220197821885,37.45545133361468,117862000
2017-08-16,37.52305603027344,37.886745852628806,37.33654742570881,37.75386082862469,110686400
2017-08-17,36.80266571044922,37.46710142244014,36.798002017624476,37.422805233993365,111762400
2017-08-18,36.7187385559082,37.185008251856246,36.5368936590769,36.80266724347307,109712400
2017-08-21,36.6511344909668,36.80966449509237,36.16154984085042,36.71874203805428,105474000
2017-08-22,37.25028610229492,37.301576053957554,36.83997004634937,36.88892637280111,86418400
2017-08-23,37.296905517578125,37.41114285393085,37.04045936367374,37.084755546287134,77596400
2017-08-24,37.13138961791992,37.47409814181354,36.96353223652894,37.40182334806708,79275600
2017-08-25,37.26894760131836,37.43214133011553,37.13139885542906,37.219987704000964,101920400
2017-08-28,37.64427947998047,37.767840649368395,37.28524986687383,37.334209744062925,103864000
2017-08-29,37.9799919128418,38.028948229742845,37.30156877694594,37.32488368037345,118067600
2017-08-30,38.08257293701172,38.20846417016917,37.91005189560232,38.18748289086875,109078400
2017-08-31,38.234107971191406,38.35533906569599,38.11287687668682,38.15017929920435,107140400
2017-09-01,38.24576950073242,38.45325935674631,38.14785329919999,38.42062062290216,66364400
2017-09-05,37.786495208740234,38.29239738351499,37.43212925668109,38.17582996377826,117874000
2017-09-06,37.746856689453125,37.99864270278832,37.42279945659071,37.933365242740834,86606800
2017-09-07,37.5953254699707,37.8238001893692,37.38550552322698,37.78882782667486,87714000
2017-09-08,36.9821662902832,37.569663295166656,36.95885139249328,37.50205578334219,114446000
2017-09-11,37.651268005371094,37.77949284936803,37.27592085695525,37.41813321896013,126323200
2017-09-12,37.5020751953125,38.224794712649675,37.01482417253426,37.91006121634185,286856000
2017-09-13,37.219966888427734,37.29224165973439,36.81431464047578,37.27125682555916,179629600
2017-09-14,36.90058898925781,37.16169891981157,36.85629279231973,37.066116321391284,95042800
2017-09-15,37.273597717285156,37.5277138279372,36.835303099019114,36.944876753585625,196458400
2017-09-18,36.991512298583984,37.418149571043095,36.83531235031033,37.327227106903024,113077600
2017-09-19,37.005489349365234,37.24795155668751,36.93788181613128,37.1873342261794,83242400
2017-09-20,36.3853645324707,36.895926961005934,35.863141090434226,36.811998257060004,211805600
2017-09-21,35.76054763793945,36.322403372403244,35.61134150486139,36.322403372403244,150046800
2017-09-22,35.410850524902344,35.499442902004716,35.100780762399374,35.329251908375916,186581600
2017-09-25,35.09843826293945,35.396850466334385,34.77438109406429,34.967883368623426,177549200
2017-09-26,35.70226287841797,35.88410773654969,35.36421813226822,35.38519941035541,146640000
2017-09-27,35.956382751464844,36.070620095370714,35.79551915443488,35.85613648511578,102016800
2017-09-28,35.734901428222656,35.96803622540958,35.59968281897168,35.87711379680086,88022000
2017-09-29,35.93074035644531,35.93307398154975,35.43649563463179,35.71859035590698,105199200
2017-10-02,35.85846710205078,36.00767324874679,35.604350994879546,35.963377062526,74795200
2017-10-03,36.01466751098633,36.156879899456726,35.88178250782671,35.90509385639331,64921200
2017-10-04,35.78153610229492,35.87012848444186,35.54374111446189,35.816508464521334,80655200
2017-10-05,36.226810455322266,36.23846790487071,35.91441072860714,35.94471582860812,85135200
2017-10-06,36.205841064453125,36.25013725286414,36.033320003630024,36.12890614100588,69630400
2017-10-09,36.331722259521484,36.5392120657054,36.25012722318427,36.3247285009027,65051600
2017-10-10,36.34571838378906,36.83530294716818,36.15921336664957,36.38302081015903,62468000
2017-10-11,36.49726104736328,36.59750732414715,36.31075245809779,36.362042409079685,67622400
2017-10-12,36.3690299987793,36.68842354695349,36.30608260464513,36.45062860441081,64500400
2017-10-13,36.5998420715332,36.66744961407022,36.464623429103604,36.53922473268391,65576800
2017-10-16,37.273597717285156,37.30157275850037,36.753704485667825,36.81198819310298,96486000
2017-10-17,37.411136627197266,37.50438911175879,37.12204823328972,37.25027306757751,75989200
2017-10-18,37.24562072753906,37.467101671243675,37.20832185675938,37.39949057557953,65496800
2017-10-19,36.36437225341797,36.62082200675138,36.14056479355921,36.543887080751354,170336800
2017-10-20,36.42732238769531,36.77702468261719,36.35971484258026,36.51125108077079,95896400
2017-10-23,36.40866470336914,36.763030628659415,36.25246479960394,36.576522059698476,87937200
2017-10-24,36.62548065185547,36.70008194240806,36.41565718513173,36.43663846459762,71028800
2017-10-25,36.4646110534668,36.730384554978386,36.1988375519552,36.5811784411009,84828400
2017-10-26,36.69775390625,36.79567010653239,36.550877827148845,36.65578778764032,68002000
2017-10-27,38.01264190673828,38.140866798874264,36.998503782174275,37.13605250403111,177816800
2017-10-30,38.868228912353516,39.18296227296006,38.168824606431635,38.20845709021803,178803200
2017-10-31,39.409114837646484,39.551327243344396,38.919533770178326,39.14334124177645,144187200
2017-11-01,38.907867431640625,39.61892929776736,38.60945516607839,39.60260815390069,134551200
2017-11-02,39.19230270385742,39.28322515985603,38.53253060218308,38.840270334705004,165573600
2017-11-03,40.21574401855469,40.62605989427049,39.894016928052984,40.56544614045516,237594400
2017-11-06,40.62374496459961,40.796266023002474,40.033914117133875,40.18545033681438,140105200
2017-11-07,40.75430679321289,40.856886707046606,40.47221558752603,40.54448682935728,97446000
2017-11-08,41.08769607543945,41.08769607543945,40.6424075624703,40.71934250638824,97638000
2017-11-09,41.003761291503906,41.055051246513635,40.36497047924547,40.82424644896985,117930400
2017-11-10,40.868045806884766,41.03416813590348,40.77445807541765,40.97099445358447,100582000
2017-11-13,40.70425796508789,40.8282632929163,40.57089172375784,40.5942904373695,67928400
2017-11-14,40.08891677856445,40.58961865361651,40.05148025684352,40.48667000395555,99130000
2017-11-15,39.56014633178711,39.85027407149938,39.39636598281399,39.768382111940895,116632400
2017-11-16,40.032772064208984,40.21292866021531,39.84559299536479,40.05148675796399,94550000
2017-11-17,39.810489654541016,40.10061735144364,39.6911647543555,40.01872540396868,87598000
2017-11-20,39.77070999145508,39.90641469316812,39.67244180817521,39.843241014580016,65049600
2017-11-21,40.510066986083984,40.64109123634763,39.95789080987073,39.95789080987073,100525200
2017-11-22,40.9359016418457,40.945258987322624,40.48901252977826,40.56154356019002,102355600
2017-11-24,40.938232421875,41.0622377545537,40.863359391503096,40.968650036731404,56106800
2017-11-27,40.73234939575195,40.96398389801827,40.55686968589246,40.956964995235396,82867200
2017-11-28,40.49369430541992,40.91484269830939,40.21058550605959,40.781479992599294,105715200
2017-11-29,39.653724670410156,40.45859198877118,39.110909418349486,40.39074142106722,166665600
2017-11-30,40.208255767822266,40.27610635732272,39.41040709429522,39.876011013279204,166108800
2017-12-01,40.02105712890625,40.16611915499166,39.424425641080994,39.76368556313304,159037200
2017-12-04,39.728599548339844,40.38840127674619,39.688824583342225,40.355645213210316,130169600
2017-12-05,39.691162109375,40.131032298237315,39.40103443180621,39.55545740068039,109400800
2017-12-06,39.54376983642578,39.822198238160624,38.94714162715871,39.19047194178457,114240000
2017-12-07,39.616294860839844,39.87834337776579,39.52036511084257,39.54844071761512,102693200
2017-12-08,39.627994537353516,40.00937156075876,39.49931228026131,39.8900466501275,93420800
2017-12-11,40.40011215209961,40.45158649092082,39.4922958894102,39.588225663590094,141095200
2017-12-12,40.17315673828125,40.334598652789644,40.117005512465504,40.27844385682984,77636800
2017-12-13,40.3065185546875,40.6036616119481,40.24334486253051,40.360331330154146,95273600
2017-12-14,40.294822692871094,40.50773893926903,40.16145639453041,40.336936111203535,81906000
2017-12-15,40.70425796508789,40.75105182216876,40.35096023846351,40.62470805103617,160677200
2017-12-18,41.27750778198242,41.46000639901297,40.912510547921336,40.91719100660374,117684400
2017-12-19,40.83763122558594,41.03650963242742,40.732344127317134,40.9522792397837,109745600
2017-12-20,40.79318618774414,41.04353539345949,40.53581450883679,40.91484955400582,93902400
2017-12-21,40.947593688964844,41.18390858984374,40.734681074997674,40.75105732062149,83799600
2017-12-22,40.947593688964844,41.04352342951681,40.828268801787004,40.870382207799324,65397600
2017-12-26,39.90876007080078,40.11933425698644,39.70052075826751,39.96257283924499,132742000
2017-12-27,39.91577911376953,39.95789252309861,39.70754337064159,39.798792660997805,85992800
2017-12-28,40.02809143066406,40.20825159602638,39.887706237108844,40.00937316684711,65920800
2017-12-29,39.59524154663086,39.913444903186715,39.592903102369796,39.897068653071464,103999600
2018-01-02,40.304168701171875,40.3135296160415,39.60225003195517,39.81282777480597,102223600
2018-01-03,40.29717254638672,40.83999167065135,40.2340024010029,40.36736516695818,118071600
2018-01-04,40.48433303833008,40.587281691749936,40.262059483979016,40.369685025177354,89738400
2018-01-05,40.94526290893555,41.031831750925626,40.48901640769327,40.58026570794173,94640000
2018-01-08,40.79318618774414,41.08799082619294,40.6949144047839,40.79318618774414,82271200
2018-01-09,40.78850173950195,40.959300980537996,40.57324707008062,40.83997607024875,86336000
2018-01-10,40.77914047241211,40.78148248660823,40.477316963030724,40.51475348873273,95839600
2018-01-11,41.01076889038086,41.05990476936201,40.825931873561046,40.84932702105531,74670800
2018-01-12,41.434261322021484,41.497435006670855,41.09733976408248,41.22134511941513,101672400
2018-01-16,41.223690032958984,41.97240267540656,41.21199067273534,41.623781733545634,118263600
2018-01-17,41.9045524597168,41.939646970546875,40.961641853884466,41.21432947214807,137547200
2018-01-18,41.941986083984375,42.13852605820033,41.70567471028857,41.96772324905173,124773600
2018-01-19,41.75481414794922,42.01686270900164,41.50914183689063,41.78990866232449,129700400
2018-01-22,41.413204193115234,41.59570277343954,41.319616459154176,41.48339677865763,108434400
2018-01-23,41.42256546020508,41.98410262756551,41.37109470075366,41.48340070616833,130756400
2018-01-24,40.76277160644531,41.48340879107987,40.52411817455116,41.471709428411124,204420400
2018-01-25,40.03511428833008,40.933569619437826,39.89940953985899,40.83062094334637,166116000
2018-01-26,40.128700256347656,40.24334828963391,39.78944018537663,40.24334828963391,156572000
2018-01-29,39.29808807373047,39.81282771637196,39.08985234497419,39.81282771637196,202561600
2018-01-30,39.066463470458984,39.16005122173868,38.535343878079864,38.729541853621896,184192800
2018-01-31,39.17407989501953,39.41039480264759,38.95648681745555,39.043055645715235,129915600
2018-02-01,39.255985260009766,39.45252170117444,39.01733182708451,39.113261603180696,188923200
2018-02-02,37.552650451660156,39.026680435753946,37.45906271971327,38.839501401717044,346375200
2018-02-05,36.61442184448242,38.34348150059493,36.499773833727474,37.225091280275514,290954000
2018-02-06,38.14460754394531,38.30604944131928,36.03183221340703,36.22603017907835,272975200
2018-02-07,37.32803726196289,38.231172856032934,37.218073276522176,38.15864182365693,206434400
2018-02-08,36.30089569091797,37.66963864747033,36.272820084061365,37.503516309901045,217562000
2018-02-09,36.74489974975586,37.092590392075465,35.295401898813765,36.89995229007209,282690400
2018-02-12,38.22494888305664,38.50216084208162,37.00332640992512,37.23590527913192,243278000
2018-02-13,38.60788345336914,38.70420433662891,37.975929558630334,38.04640834113016,130196800
2018-02-14,39.319705963134766,39.359643097700136,38.264886694786455,38.30247226663081,162579600
2018-02-15,40.63999557495117,40.663486108266305,39.7026361874886,39.8882268148844,204588800
2018-02-16,40.50843811035156,41.06991676593039,40.35338910191299,40.491995093642714,160704400
2018-02-20,40.372188568115234,40.938359663897515,40.27116813864954,40.41917323044115,135722000
2018-02-21,40.18893814086914,40.90546216900995,40.17483951865487,40.6024081083395,149886400
2018-02-22,40.524871826171875,40.865514959365235,40.339281236814955,40.36042378787491,123967600
2018-02-23,41.22966003417969,41.2648976259703,40.76920185482098,40.799743490838885,135249600
2018-02-26,42.044864654541016,42.14353351551222,41.39646774614467,41.42935736646841,152648800
2018-02-27,41.90858840942383,42.39958452244329,41.854556253393,42.07538800156013,155712400
2018-02-28,41.84517288208008,42.43249005630509,41.82872986524554,42.112989370138706,151128400
2018-03-01,41.11220169067383,42.23515182722027,40.5624736826807,41.943841221891674,195208000
2018-03-02,41.396461486816406,41.417604042820585,40.51313424362813,40.59536007435443,153816000
2018-03-05,41.53976821899414,41.75590049541586,40.9994357355902,41.16153583908132,113605600
2018-03-06,41.50453567504883,41.87572061331402,41.37767672423165,41.795846326329126,95154000
2018-03-07,41.11924362182617,41.31188534708122,40.940700517810946,41.098101067014966,126814000
2018-03-08,41.567962646484375,41.610247764152966,41.12865052877318,41.22496782502932,95096400
2018-03-09,42.28212356567383,42.28682310528997,41.67366402687533,41.80757402069732,128740800
2018-03-12,42.6909065246582,42.848307080513344,42.336168279495034,42.35495927254413,128828400
2018-03-13,42.27979278564453,43.10908442263921,42.108297159232286,42.89530009187744,126774000
2018-03-14,41.920345306396484,42.40899355680424,41.77234025219969,42.36200890641291,117473600
2018-03-15,41.96967697143555,42.34321335751653,41.83342256383751,41.93443938062553,90975200
2018-03-16,41.82168960571289,42.080107056410576,41.727716690704504,41.969691121713325,157618800
2018-03-19,41.182674407958984,41.69246520374782,40.79739454647945,41.65722761279198,133787200
2018-03-20,41.1685791015625,41.53506438389557,41.098100335414074,41.1685791015625,78597600
2018-03-21,40.23592758178711,41.133346395785146,40.23357601878862,41.121599334891776,148219600
2018-03-22,39.667388916015625,40.56715534428592,39.60865722001009,39.93755328376177,165963200
2018-03-23,38.74884796142578,39.918783055633824,38.74884796142578,39.55934514365003,164115200
2018-03-26,40.58831024169922,40.66583652732721,39.101222947632834,39.48415483536228,150164800
2018-03-27,39.547584533691406,41.147435786997505,39.21398884136804,40.8020930353932,163690400
2018-03-28,39.11062240600586,39.94226549266874,38.80756833575712,39.291517090797406,166674000
2018-03-29,39.41603469848633,40.348694771240936,39.20929788093871,39.42308221865727,153594000
2018-04-02,39.15761184692383,39.68854890632688,38.63842543352329,39.14821634870157,150347200
2018-04-03,39.559329986572266,39.643903791381845,38.734738078203186,39.38313485861057,121112000
2018-04-04,40.315792083740234,40.409761378700175,38.70889348091307,38.73473557473187,138422000
2018-04-05,40.59537124633789,40.931315010965584,40.42622358235605,40.543687038748985,107732800
2018-04-06,39.556983947753906,40.52018187700721,39.51469525092662,40.165443625813566,140021200
2018-04-09,39.949317932128906,40.66349409278615,39.902333271573795,39.90938079142207,116070800
2018-04-10,40.701080322265625,40.877275475175864,40.29700581814884,40.64234860462888,113634400
2018-04-11,40.51078796386719,40.858478709963855,40.336940798469165,40.461451746423364,89726400
2018-04-12,40.910152435302734,41.11218962484706,40.65173152378146,40.73865687658323,91557200
2018-04-13,41.048770904541016,41.30953987307731,40.84203769697408,41.06051796495608,100497200
2018-04-16,41.30483627319336,41.3917580517207,41.07225742493238,41.11924207319854,86313600
2018-04-17,41.87336730957031,42.03781540441986,41.44345070001389,41.46224528009664,106421600
2018-04-18,41.779396057128906,42.009626983699256,41.55386825663928,41.77234853740734,83018000
2018-04-19,40.59537124633789,41.20383109012524,40.56248162193588,40.82089907518021,139235200
2018-04-20,38.932090759277344,40.22418886209388,38.863959942787496,40.07853531397143,261964400
2018-04-23,38.81930923461914,39.21398457367162,38.54914123935694,39.19284202008641,146062000
2018-04-24,38.278968811035156,39.07537042488959,37.87489447633694,38.92031789501045,134768000
2018-04-25,38.44577407836914,38.8615955688351,38.1544671050226,38.20379973161242,113528400
2018-04-26,38.579689025878906,38.93442729205529,38.37999976208661,38.55619490612709,111852000
2018-04-27,38.133331298828125,38.605533017528785,37.736304314562105,38.52800672018398,142623200
2018-04-30,38.82401657104492,39.29387035128862,38.020567036992176,38.08869784255944,169709600
2018-05-01,39.726131439208984,39.7496219731945,38.8263611810119,39.09417764440143,214277600
2018-05-02,41.48103713989258,41.758249112359714,40.83028873791382,41.166232425025626,266157600
2018-05-03,41.55621337890625,41.699518911228594,40.98064327143764,41.318938533621505,136272800
2018-05-04,43.18661117553711,43.28528004044497,41.85692410066955,41.875718682275796,224805200
2018-05-07,43.49906539916992,44.08873062408348,43.40274451042906,43.503761356157284,169805600
2018-05-08,43.7081413269043,43.748078461393405,43.149014274658285,43.45911943850207,113611200
2018-05-09,44.01590347290039,44.02529897149268,43.513160057763855,43.825613260281884,92844800
2018-05-10,44.64549255371094,44.7230188366596,44.08401758147566,44.10516372024267,111957200
2018-05-11,44.475704193115234,44.82237867598851,44.20685496134849,44.6879558593665,104848800
2018-05-14,44.371944427490234,44.69739487636726,44.30355449183225,44.57476080021423,83115200
2018-05-15,43.96866226196289,44.11723805875026,43.65264721346762,44.04884454020393,94780800
2018-05-16,44.37900161743164,44.4450380927892,43.86488799085089,43.88139800932075,76732400
2018-05-17,44.098365783691406,44.55116421714171,43.949790004496656,44.33655555797642,69176000
2018-05-18,43.93799591064453,44.29174501015402,43.895547745993916,44.145529867217114,73190800
2018-05-21,44.24929428100586,44.6360597967801,44.07949443520042,44.33655123563415,73603200
2018-05-22,44.13846206665039,44.5440947186547,44.0488444625845,44.426178333735365,60962800
2018-05-23,44.42145538330078,44.45447182320738,43.808288815295995,43.94743286781569,80233600
2018-05-24,44.371944427490234,44.534669651928745,43.91443177136709,44.51816322546923,92936000
2018-05-25,44.47334671020508,44.72568591712509,44.254020350486186,44.39080379663419,69844000
2018-05-29,44.3129768371582,44.51343613465707,44.07006936758996,44.24222988370924,90056400
2018-05-30,44.21863555908203,44.336551920572916,44.048835710653414,44.270519046019764,74762000
2018-05-31,44.07006072998047,44.390793384002414,43.89790384612601,44.15260362418949,109931200
2018-06-01,44.86482620239258,44.869540266724215,44.27760132608851,44.334202484769676,93770000
2018-06-04,45.239803314208984,45.61477657652399,45.12660458565633,45.19499450955699,105064800
2018-06-05,45.588836669921875,45.73741248113974,45.36479623612481,45.532239102618185,86264000
2018-06-06,45.74683380126953,45.77041851462867,45.2610189336562,45.66429450155658,83734400
2018-06-07,45.62420654296875,45.798720479292754,45.36007140934705,45.78457108970132,85388800
2018-06-08,45.20914840698242,45.27989896882582,44.753992816513936,45.08415730708573,106627200
2018-06-11,45.09830093383789,45.27281848426944,44.85775409225702,45.126603314070564,73234000
2018-06-12,45.345924377441406,45.42374962276294,45.07943219787274,45.13603335770362,67644400
2018-06-13,44.97329330444336,45.4874104403448,44.91197810045492,45.37892581949619,86553600
2018-06-14,44.99688720703125,45.178479423187866,44.860103786934765,45.173761760833635,86440400
2018-06-15,44.53466796875,44.84596901217522,44.39788450408042,44.815309594664896,246876800
2018-06-18,44.511077880859375,44.62427660179374,44.147893403349705,44.308261556652305,73939600
2018-06-19,43.791778564453125,43.94271136204255,43.26351197362925,43.66206984812118,134314000
2018-06-20,43.98280334472656,44.14788553301849,43.801211138344534,43.94742987527894,82514800
2018-06-21,43.73754119873047,44.419097668013194,43.614907167311685,44.15968021665077,102847600
2018-06-22,43.61020278930664,43.900276137993096,43.558319283229636,43.893201441575606,108801600
2018-06-25,42.96165466308594,43.61019477128706,42.62205490339157,43.25172795844052,126652400
2018-06-26,43.494625091552734,43.989875223254224,43.048901412430034,43.15502901102434,98276800
2018-06-27,43.43095779418945,44.1667547835361,43.40029838679268,43.6832969520397,101141200
2018-06-28,43.746986389160156,43.91442926812382,43.346071330635276,43.41682189355687,69460800
2018-06-29,43.65500259399414,44.145535169386115,43.13617123876956,43.93328352507445,90950800
2018-07-02,44.14317321777344,44.171475595281485,43.25644335717007,43.35077861799314,70925200
2018-07-03,43.374359130859375,44.32476482948047,43.28474153395483,44.287030725676225,55819200
2018-07-05,43.72339630126953,43.96158971391458,43.45926473721124,43.690379855762245,66416800
2018-07-06,44.32948684692383,44.43796790786526,43.67622905491156,43.72811255310879,69940800
2018-07-09,44.94501495361328,44.96859607423602,44.64314926086812,44.69031510063651,79026400
2018-07-10,44.89075469970703,45.11007737762865,44.85065997506631,44.975654613407315,63756400
2018-07-11,44.308250427246094,44.75633113401517,44.24457458836112,44.45446555499824,75326000
2018-07-12,45.0511360168457,45.14075362545193,44.64550334429064,44.69738684416554,72164400
2018-07-13,45.12187957763672,45.24215298223861,45.02046962595416,45.06292139132797,50055600
2018-07-16,45.022830963134766,45.43317764323029,44.907271620687844,45.16668908392699,60172400
2018-07-17,45.15017318725586,45.24922249709386,44.619549571216886,44.749258285952976,62138000
2018-07-18,44.90255355834961,45.232721563034644,44.79171187945447,45.22800390051171,65573600
2018-07-19,45.2515869140625,45.40959441668274,44.73511264213496,44.73511264213496,81147200
2018-07-20,45.14781951904297,45.38129162443984,44.84831093697936,45.228001785572765,82704800
2018-07-23,45.18790817260742,45.2704510650198,44.70445037102443,44.9685818691092,63957600
2018-07-24,45.51572799682617,45.671378500253525,45.29168756835982,45.38601924397004,74791600
2018-07-25,45.944942474365234,45.95201716965976,45.381298693402805,45.5298744916329,66839600
2018-07-26,45.80107498168945,46.21378224932292,45.65957390766355,45.89540663202553,76304000
2018-07-27,45.039337158203125,46.032194609591265,44.83180678717591,45.98502877974518,96096000
2018-07-30,44.787010192871094,45.32706574902872,44.58891149442645,45.256315185720446,84118000
2018-07-31,44.87661361694336,45.31290565554583,44.65257321814302,44.87897424756083,157492000
2018-08-01,47.52030944824219,47.58162468109423,46.532169435316554,46.961386860849764,271742800
2018-08-02,48.90934753417969,49.14282322186188,47.24908677289368,47.30332729077155,249616000
2018-08-03,49.05084991455078,49.22772445882845,48.458907469980886,48.82444891452577,133789600
2018-08-06,49.3055534362793,49.3480016028406,48.8338879490359,49.05321067331347,101701600
2018-08-07,48.84332275390625,49.40696290274609,48.760779849027344,49.36451473350938,102349600
2018-08-08,48.8763427734375,49.00840855209186,48.2325203032362,48.59334416224635,90102000
2018-08-09,49.2607421875,49.472990206787024,48.86454132670314,49.41403202381597,93970400
2018-08-10,49.11402893066406,49.48558670831836,48.91050127150326,49.073797180859934,98444800
2018-08-13,49.4311408996582,49.92339381288648,49.15424931305655,49.5352718097257,103563600
2018-08-14,49.639404296875,49.831098200524664,49.28677981496923,49.73643570353363,82992000
2018-08-15,49.75537872314453,49.87370867325662,49.3033574470419,49.513984613795685,115230400
2018-08-16,50.48427963256836,50.60024064494456,50.04645747690956,50.11272194430814,114001600
2018-08-17,51.49245071411133,51.58001370324593,50.44641460805595,50.51267907731609,141708000
2018-08-20,50.9907341003418,51.87110544133441,50.90790170638591,51.615515974972475,121150800
2018-08-21,50.89133071899414,51.40015154482209,50.65230557912929,51.30785435109778,104639200
2018-08-22,50.89369583129883,51.20371962269942,50.60733585559325,50.668869720913406,76072400
2018-08-23,50.99783706665039,51.36702588882089,50.78720992522527,50.79904002989907,75532800
2018-08-24,51.156394958496094,51.33152093949992,50.907901389318916,51.26052587214312,73905600
2018-08-27,51.5776481628418,51.766976764615386,51.196625660811684,51.39068485955114,82100400
2018-08-28,51.99415969848633,52.19295307283816,51.80956533499646,51.830863851289415,91107200
2018-08-29,52.770416259765625,52.89111510335813,51.92554241033305,52.10066840120375,109019200
2018-08-30,53.25557327270508,54.019983684968324,52.63315662379613,52.83431896914379,195175200
2018-08-31,53.870887756347656,54.164343686155206,53.48513100986998,53.605826244438276,173360400
2018-09-04,54.043636322021484,54.23769549548698,53.63421584694756,54.05547003518039,109560400
2018-09-05,53.69102096557617,54.353669291891656,53.27213561587266,54.19274232139055,133332000
2018-09-06,52.79882049560547,53.80462498223648,52.3728319908037,53.53956346194695,137160000
2018-09-07,52.37282943725586,53.336033220872075,52.23320098200579,52.502993086702105,150479200
2018-09-10,51.669944763183594,52.50298843468489,51.229757303877285,52.28999240596996,158066000
2018-09-11,52.976318359375,53.082814588728695,51.25106572150036,51.59422184325931,142996000
2018-09-12,52.31840133666992,53.24847293050739,52.02730708462673,53.23427391550883,197114800
2018-09-13,53.582157135009766,54.041277818620834,52.67338418396215,52.89821031768042,166825600
2018-09-14,52.97394561767578,53.683925243538226,52.66155646009072,53.425966846149215,127997200
2018-09-17,51.56345748901367,52.763321241890075,51.419094813067105,52.57399260949638,148780400
2018-09-18,51.64864730834961,52.502989516991164,51.383585819005404,51.542147486225396,126286800
2018-09-19,51.679420471191406,51.975245341976986,50.95287646633662,51.71018741331901,108495200
2018-09-20,52.07227325439453,52.60475798589657,51.864011403841246,52.12197341823773,106435200
2018-09-21,51.511383056640625,52.38702376647529,51.423816457857285,52.24976062216609,384986800
2018-09-24,52.25211715698242,52.36334755507514,51.26761510511505,51.312581046191944,110773600
2018-09-25,52.58345031738281,52.73254717183654,51.99416601700422,52.00599973120798,98217600
2018-09-26,52.164573669433594,52.95265155382891,52.00837727191883,52.30183684199414,95938800
2018-09-27,53.236629486083984,53.58925394239841,52.90293825002227,52.969206326478,120724800
2018-09-28,53.4235954284668,53.44725924659931,53.016540200703474,53.198765683780366,91717600
2018-10-01,53.7833137512207,54.29449987051598,53.56795604203852,53.94660961803524,94403200
2018-10-02,54.26137161254883,54.43176699813006,53.634224437244896,53.78095239271763,99152800
2018-10-03,54.92164611816406,55.252968421450255,54.3796931085446,54.44359227101489,114619200
2018-10-04,53.95608901977539,54.98792627312138,53.657895250567,54.61636851661356,128168000
2018-10-05,53.08043670654297,54.05547775401999,52.202430676368174,53.948981542667234,134322000
2018-10-08,52.95738220214844,53.201141588936295,52.11250469969764,52.588193368222875,118655600
2018-10-09,53.69102096557617,53.785687075702874,52.597653574398485,52.9266106334102,107564000
2018-10-10,51.203739166259766,53.567973008460086,51.13037517066153,53.35734582932747,167962400
2018-10-11,50.751708984375,51.946842063881995,50.24762591104082,50.76827690881467,212497600
2018-10-12,52.56452178955078,52.74675089335789,51.31732331289701,52.16456604729884,161351600
2018-10-15,51.44038009643555,52.49824981109706,51.41908157869824,52.33968816048203,123164000
2018-10-16,52.57398223876953,52.772779249697095,51.298385840102064,51.811937261784536,116736000
2018-10-17,52.34678649902344,52.68994251799394,51.90896438476094,52.60947904535247,91541600
2018-10-18,51.12326431274414,52.00363928676678,50.408550519609015,51.55871759140356,130325200
2018-10-19,51.901878356933594,52.363364406501475,51.456956621379305,51.606053503217865,132314800
2018-10-22,52.218994140625,52.8603439191293,51.81430782182485,52.015466526416446,115168400
2018-10-23,52.711246490478516,52.83431062152317,50.810868215917154,51.07829499747305,155071200
2018-10-24,50.90316390991211,53.066234694184615,50.77300027621806,52.68048161214551,163702000
2018-10-25,52.0178337097168,52.39175669137161,51.296020473330685,51.523215509312536,119423200
2018-10-26,51.18952941894531,52.11013614750111,50.3304529551545,51.09486330644962,189033600
2018-10-29,50.22869110107422,51.99180637497226,48.77323076308927,51.873476442346316,183742000
2018-10-30,50.47954559326172,50.924463645690075,49.52580670807782,49.97072476050618,146640000
2018-10-31,51.79536437988281,52.17165259816873,51.26524512370163,51.32677898331654,153435600
2018-11-01,52.590553283691406,52.623685518956215,51.310222601060566,51.840341976440314,233292800
2018-11-02,49.10219192504883,50.562382982053656,48.61703843860605,49.59207962031137,365314800
2018-11-05,47.708251953125,48.3709001672699,46.89887580704983,48.349601650275304,264654800
2018-11-06,48.22418212890625,48.44900828041715,47.73192917201314,47.78635993032477,127531600
2018-11-07,49.68674087524414,49.712773606380615,48.30938225721915,48.74483556791726,133697600
2018-11-08,49.51336669921875,49.900465705616156,49.100140512007044,49.867217871500884,101450400
2018-11-09,48.558685302734375,48.92441156528244,48.03146693327073,48.815170208722876,137463200
2018-11-12,46.11258316040039,47.461503388574435,46.02233746371556,47.2596391587509,204542000
2018-11-13,45.651859283447266,46.82741236651,45.46662079150977,45.509370087049234,187531600
2018-11-14,44.3623046875,46.18619210460232,44.155689779845716,46.04845004074686,243204000
2018-11-15,45.45711135864258,45.59010269083282,44.38604917682222,44.73990396148286,185915200
2018-11-16,45.96059036254883,46.30257022483374,44.99402580264635,45.24100924555052,147713200
2018-11-19,44.13907241821289,45.28850181754832,43.93246111209579,45.122262627353955,167701200
2018-11-20,42.030189514160156,43.0965008846714,41.68108548328812,42.36029426713705,271300800
2018-11-21,41.982704162597656,42.81153021281317,41.92808348913567,42.68328595925916,124496800
2018-11-23,40.9163932800293,41.93995928124868,40.87127405903531,41.545732307356154,94496000
2018-11-26,41.46974182128906,41.54811251832869,40.434304272853666,41.37949974109404,179994000
2018-11-27,41.37950134277344,41.50536844853661,40.58154940645296,40.73116290318941,165549600
2018-11-28,42.97064971923828,43.05376751403634,41.543358788745984,41.9708336400061,184250000
2018-11-29,42.640541076660156,43.41236929244246,42.201191258179286,43.37912145271232,167080000
2018-11-30,42.410179138183594,42.82577894068575,42.04207573121886,42.81627748733265,158126000
2018-12-03,43.89208984375,43.92058695583574,43.034766692325256,43.80659488375015,163210000
2018-12-04,41.961326599121094,43.314993644535846,41.86158309301077,42.97301383859059,165377200
2018-12-06,41.49348831176758,41.50773686933884,40.4722994088251,40.790529273726726,172393600
2018-12-07,40.01395034790039,41.438863958560475,39.96882750376399,41.2013783567838,169126400
2018-12-10,40.277565002441406,40.39393064398245,38.78852906163199,39.18512963582418,248104000
2018-12-11,40.04719924926758,40.79765101673973,39.6600965485078,40.766780351835095,189126800
2018-12-12,40.158817291259766,40.828524813618266,40.13981800799348,40.46754567904434,142510800
2018-12-13,40.59815979003906,40.98288889960045,40.2656814225094,40.48891845088322,127594400
2018-12-14,39.299110412597656,40.1540598989454,39.2516140241877,40.13506061883299,162814800
2018-12-17,38.93339538574219,39.9807079005193,38.64603617439149,39.29199738823974,177151600
2018-12-18,39.43922805786133,39.78595494062072,39.040250439096134,39.27536244428323,135366000
2018-12-19,38.209049224853516,39.76695382167182,37.78157451871634,39.42260050585698,196189200
2018-12-20,37.244869232177734,38.498792982639806,36.88151653310877,38.09269098875768,259092000
2018-12-21,35.796207427978516,37.56072751526206,35.53497541336422,37.251995476406,382978400
2018-12-24,34.87001037597656,35.99094267515283,34.813012528584636,35.183489477275636,148676800
2018-12-26,37.32561492919922,37.339863486779244,34.843890893788085,35.219118612948485,234330000
2018-12-27,37.0833740234375,37.23061755574268,35.63946480198552,37.009754069156195,212468400
2018-12-28,37.102378845214844,37.64622296552479,36.70340472744858,37.403986609027776,169165600
2018-12-31,37.460975646972656,37.84570111622469,37.16174150533906,37.64858765548356,140014000
2019-01-02,37.503719329833984,37.7245827857424,36.62739703060972,36.78413837044897,148158800
2019-01-03,33.76808547973633,34.606409542440964,33.72296262600118,34.19318320289865,365248800
2019-01-04,35.20961380004883,35.278486653439785,34.15043005188284,34.32379352547417,234428400
2019-01-07,35.1312370300293,35.34497620753609,34.64914163479425,35.314101925245296,219111200
2019-01-08,35.800960540771484,36.05507191717408,35.27136857362246,35.51835204691937,164101200
2019-01-09,36.408905029296875,36.698637657876624,35.53496004218134,35.92918325716199,180396400
2019-01-10,36.52528381347656,36.56565592820539,35.82707561156554,36.21655182724987,143122800
2019-01-11,36.166683197021484,36.50153878834281,35.98144470474648,36.30680246578782,108092800
2019-01-14,35.62282943725586,35.92443707447227,35.437591014081455,35.82469358689695,129756800
2019-01-15,36.3519172668457,36.427910763494,35.634709844065036,35.68695695839793,114843600
2019-01-16,36.7960205078125,37.01925755806657,36.33529785069117,36.354297134089684,122278800
2019-01-17,37.014503479003906,37.4419782573986,36.39703950757352,36.62027653760977,119284800
2019-01-18,37.24249267578125,37.49422682619904,37.043002022319946,37.4039811406747,135004000
2019-01-22,36.406551361083984,37.221125412180456,36.245059232557935,37.145131887501456,121576000
2019-01-23,36.553775787353516,36.843508451155465,36.02655757117239,36.60839644975298,92522400
2019-01-24,36.264060974121094,36.68678517553782,36.03607676090995,36.59891663750267,101766000
2019-01-25,37.46572494506836,37.5535970765076,36.6487775687618,36.92425809596469,134142000
2019-01-28,37.11899948120117,37.12612375920128,36.49203765099391,36.99787950771421,104768400
2019-01-29,36.73427963256836,37.55360804703565,36.59891469261955,37.1071338529194,166348800
2019-01-30,39.24449157714844,39.45822714683114,38.052312966631995,38.76952042341593,244439200
2019-01-31,39.5271110534668,40.13507372055917,39.08063688443312,39.448740356323015,162958400
2019-02-01,39.546112060546875,40.13032473923101,39.40599277084796,39.6506063279521,130672400
2019-02-04,40.66940689086914,40.76677685151774,39.72658881786463,39.757463103861134,125982000
2019-02-05,41.3652458190918,41.57898506305087,40.93065029956902,41.051766667858935,144406400
2019-02-06,41.37950134277344,41.695357695040244,41.04939643117397,41.476867706127805,112958400
2019-02-07,40.595794677734375,41.30825157661004,40.45330184846197,40.94252167255768,126966800
2019-02-08,40.64349365234375,40.70311969069085,40.16886907695841,40.30481819124638,95280000
2019-02-11,40.40974044799805,40.83428101567953,40.36681146478798,40.79611949330408,83973600
2019-02-12,40.757965087890625,40.784200684194495,40.474144629498845,40.569548452096434,89134000
2019-02-13,40.588623046875,41.1371831649396,40.52661329551529,40.877214588225634,89960800
2019-02-14,40.73650360107422,40.84621345605926,40.39782819422876,40.476534988953155,87342800
2019-02-15,40.6458740234375,40.95115902339319,40.48607669059228,40.84383289109825,98507200
2019-02-19,40.76751708984375,40.88915654884462,40.4240741331249,40.47654534303019,75891200
2019-02-20,41.029869079589844,41.337541474435355,40.78182636217737,40.82952646483924,104457600
2019-02-21,40.79852294921875,41.11096283125137,40.61726108922249,40.97501734607539,68998800
2019-02-22,41.25405502319336,41.26120985514692,40.87483437251925,40.92253446530428,75652800
2019-02-25,41.5545768737793,41.94572353268566,41.487796003181955,41.53788347577221,87493600
2019-02-26,41.578433990478516,41.80978333541097,41.30176826921919,41.43056256396765,68280800
2019-02-27,41.707218170166016,41.738224873214264,41.19681945157351,41.31130406008195,111341600
2019-02-28,41.296993255615234,41.71676290033313,41.24213831860219,41.57604632138093,112861600
2019-03-01,41.7310676574707,41.773996653747055,41.234978633444705,41.56649922650965,103544800
2019-03-04,41.940956115722656,42.394112543739396,41.4925671504077,41.90279457840128,109744800
2019-03-05,41.864627838134766,41.97672506553204,41.62850744949889,41.962415400636054,78949600
2019-03-06,41.62373733520508,41.855086607706475,41.48540451788479,41.659511495165575,83241600
2019-03-07,41.141963958740234,41.60466257047475,41.027482991072056,41.46871346445025,99185600
2019-03-08,41.239749908447266,41.27791144259841,40.42644995336146,40.62202508642293,95997600
2019-03-11,42.668392181396484,42.72086338701754,41.82170533647012,41.855095772839455,128044000
2019-03-12,43.14778518676758,43.5675511663907,42.780486770223504,42.930745544199205,129870400
2019-03-13,43.33857727050781,43.717797878088355,43.150157012385364,43.467367870320366,124130000
2019-03-14,43.820369720458984,43.908618737237624,43.54132028091361,43.86091499226116,94318000
2019-03-15,44.390377044677734,44.678968575218754,43.82273982382835,44.08747949127947,156171600
2019-03-18,44.84354019165039,44.93178554071585,44.31167344863982,44.31406081869042,104879200
2019-03-19,44.48816680908203,45.07488846111762,44.34267917125134,44.92224599185948,126585600
2019-03-20,44.87693786621094,45.19414879506152,44.05886680985221,44.416623003991106,124140800
2019-03-21,46.5297737121582,46.82552016805965,45.270472092327076,45.32055956507145,204136800
2019-03-22,45.56620788574219,47.14987492430253,45.50181076136391,46.58938884769909,169630800
2019-03-25,45.0152702331543,45.78802127537282,44.50487154702467,45.67592404455743,175381200
2019-03-26,44.55017852783203,46.00267123954299,44.023086513229856,45.71169595103682,199202000
2019-03-27,44.950870513916016,45.25853921871362,44.492943053204904,45.01765137448114,119393600
2019-03-28,45.01049041748047,45.21083297191448,44.72666997905723,45.065345337062375,83121600
2019-03-29,45.30384826660156,45.334854960886794,44.967556647808,45.275228942204954,94256000
2019-04-01,45.611541748046875,45.71648053267406,44.929419631902334,45.706941966538885,111448000
2019-04-02,46.274566650390625,46.37950903701482,45.56620917996109,45.57574774270704,91062800
2019-04-03,46.59178161621094,46.86605990037226,46.06706963719681,46.09092150507348,93087200
2019-04-04,46.672874450683594,46.835055514550795,46.06468818261306,46.45821854703762,76457200
2019-04-05,46.98530960083008,47.00916146750853,46.730108456649496,46.85413161266641,74106400
2019-04-08,47.72467803955078,47.755681101848495,46.82790017839874,46.84698094558115,103526800
2019-04-09,47.581573486328125,48.380563770007704,47.51717635283578,47.77714861794036,143072800
2019-04-10,47.848690032958984,47.87731299886768,47.266739463025445,47.38599150967466,86781200
2019-04-11,47.45038986206055,47.93932399383451,47.32875408147207,47.90354983462724,83603200
2019-04-12,47.43132019042969,47.734221486599644,46.79690190331519,47.51002699837706,111042800
2019-04-15,47.51718521118164,47.66506027266798,47.22620982993786,47.36215895495653,70146400
2019-04-16,47.52194595336914,48.02757352365968,47.357377528133505,47.57203341989984,102785600
2019-04-17,48.447349548339844,48.50697558632508,47.369309762567,47.591116877015516,115627200
2019-04-18,48.6214485168457,48.69061310818153,48.30185387954341,48.44495416346428,96783200
2019-04-22,48.78125762939453,48.879045212583904,48.25893291448305,48.375801267998504,77758000
2019-04-23,49.48483657836914,49.54923371338613,48.63099134409102,48.7573982436491,93292000
2019-04-24,49.40851974487305,49.72334332507646,49.38228414324906,49.45621984620272,70162400
2019-04-25,48.96011734008789,49.55160644056169,48.921955813790625,49.329799392615314,74172800
2019-04-26,48.72639465332031,48.89334681703382,48.206453755716254,48.86949494823866,74596400
2019-04-29,48.80033493041992,49.12470072433398,48.621456815525065,48.75024745696415,88818800
2019-04-30,47.860618591308594,48.51173378273669,47.4885527676354,48.43064325999435,186139600
2019-05-01,50.20988464355469,51.352317692477015,49.90221231353754,50.05724216362862,259309200
2019-05-02,49.883140563964844,50.71790507301995,49.63986895589644,50.04770900660693,127985200
2019-05-03,50.50325393676758,50.52471843691336,50.140726608516964,50.298140221488424,83569600
2019-05-06,49.72334671020508,49.809208354157676,48.53559700159812,48.72401368842716,129772400
2019-05-07,48.3829460144043,49.47052422124375,47.898782941090104,49.10322947707866,155054800
2019-05-08,48.39249038696289,48.9744410929356,48.11821207126675,48.153986237910765,105358000
2019-05-09,47.872562408447266,48.101524398111025,46.9042359570728,47.79623931903588,139634400
2019-05-10,47.20934295654297,47.60918188331269,46.15349214662306,47.26680569139999,164834800
2019-05-13,44.4655647277832,45.36579237166061,43.77842304776529,44.94201700800786,229722400
2019-05-14,45.16948699951172,45.41848499752771,44.39136323242363,44.630785929989194,146118800
2019-05-15,45.7105598449707,45.90928103046059,44.53739063067478,44.59724627738985,106178800
2019-05-16,45.50944900512695,46.08166888253502,45.21256366098968,45.46874760084426,132125600
2019-05-17,45.25086212158203,45.70576350698765,44.714554292361115,44.75525568761966,131516400
2019-05-20,43.83588790893555,44.13756275712424,43.1631109114661,43.938841538280705,154449200
2019-05-21,44.6762580871582,45.011448261831,44.2213529606178,44.345853734052945,113459200
2019-05-22,43.761661529541016,44.46317163112691,43.70659535573083,44.21177717624734,118994400
2019-05-23,43.01467514038086,43.22536459286169,42.57174176662835,43.04819416600052,146118800
2019-05-24,42.84946823120117,43.608437527210064,42.76566884967899,43.143957042131575,94858800
2019-05-28,42.67229080200195,43.23732830832482,42.595677466437365,42.83749298760257,111792800
2019-05-29,42.468780517578125,42.94044331585505,42.138376171721504,42.23893322191725,113924800
2019-05-30,42.68904495239258,42.91170618886097,42.29878499432178,42.60524559159138,84873600
2019-05-31,41.91571807861328,42.61483166128946,41.89656383142089,42.19344552965514,108174400
2019-06-03,41.491939544677734,42.59807084717863,40.766489319881806,42.042612284986966,161584400
2019-06-04,43.00987243652344,43.05536331158064,41.78402998710208,42.00429832390132,123872000
2019-06-05,43.70420455932617,44.2907929158903,43.36901434411754,44.12080124391348,119093600
2019-06-06,44.345855712890625,44.4057113648459,43.61082655329625,43.8334914782854,90105200
2019-06-07,45.52621078491211,45.94998985503987,44.47754216929505,44.654712574082296,122737600
2019-06-10,46.108001708984375,46.77598911152849,45.878154420674264,45.923645296205336,104883600
2019-06-11,46.64191818237305,46.92683167348995,46.35221886941992,46.65389004356182,107731600
2019-06-12,46.493473052978516,46.91964496831461,46.3019342514873,46.43601031654152,73012800
2019-06-13,46.48390579223633,47.11598143878726,46.35222625806714,46.61558897970521,86698400
2019-06-14,46.14632034301758,46.34982739236637,45.56212852455843,45.86140682062975,75046000
2019-06-17,46.42166519165039,46.67784922338931,46.00985787281983,46.18463541349665,58676400
2019-06-18,47.51340866088867,47.95394531637442,46.737681866076485,46.93879594967235,106204000
2019-06-19,47.37455749511719,47.855799348643046,47.240481398733735,47.80791189710642,84496800
2019-06-20,47.75524139404297,48.03057596879343,47.41286511903979,47.97311321999092,86056000
2019-06-21,47.59241485595703,48.088021294905,47.441577478312304,47.59720432994686,191202400
2019-06-24,47.54453659057617,47.92282470708887,47.446372455538985,47.53495764148546,72881600
2019-06-25,46.823883056640625,47.707349446417524,46.75684136270738,47.50862823550264,84281200
2019-06-26,47.83664321899414,48.12155673926339,47.250058493716004,47.3506155620523,104270000
2019-06-27,47.82227325439453,48.26041706742118,47.78157184924549,47.953952766753574,83598800
2019-06-28,47.38652038574219,47.764808530798014,47.17822389353572,47.568480245909996,124442400
2019-07-01,48.2556266784668,48.95952972038265,48.04014414238902,48.64349012878817,109012000
2019-07-02,48.538150787353516,48.633922035339324,48.21014293958858,48.22211480224925,67740800
2019-07-03,48.94037628173828,48.94755866772957,48.528569102842056,48.6698275650695,45448000
2019-07-05,48.89728546142578,49.10079616973039,48.57885290715956,48.686596019379415,69062000
2019-07-08,47.889305114746094,48.21970578842082,47.50383461771007,48.07844734407372,101354400
2019-07-09,48.181400299072266,48.24604176393507,47.59960154221708,47.69297620031747,82312000
2019-07-10,48.657867431640625,48.77757876474736,48.25803201746012,48.32746663651,71588400
2019-07-11,48.30351257324219,48.93558813067086,48.29393727609442,48.67701126809106,80767200
2019-07-12,48.67462158203125,48.842216692964875,48.41125522677883,48.4711108844908,70380800
2019-07-15,49.13190460205078,49.28992071339767,48.84220170020128,48.86374885357154,67789600
2019-07-16,48.96192169189453,49.34739222396268,48.72249909193417,48.98346884909922,67467200
2019-07-17,48.68658447265625,49.10317743545347,48.667430227322086,48.85417955270678,56430000
2019-07-18,49.23965835571289,49.292331625927645,48.77038839924491,48.84221591801951,74162400
2019-07-19,48.50461959838867,49.44076276284486,48.44955342792026,49.27077112361806,83717200
2019-07-22,49.613155364990234,49.61554827599075,48.74883956490333,48.758414862204624,89111600
2019-07-23,50.001007080078125,50.01776841303781,49.62990137751102,49.91002899056307,73420800
2019-07-24,49.96031188964844,50.07523371101221,49.60117800125017,49.720889297382925,59966400
2019-07-25,49.56526565551758,50.09678409812618,49.4958310584991,50.01298473022078,55638400
2019-07-26,49.73765182495117,50.214100456871776,49.59399680482801,49.67539961135831,70475600
2019-07-29,50.202117919921875,50.43196517257796,49.905236299643015,49.91002577350826,86693600
2019-07-30,49.986656188964844,50.31706058603145,49.634704632080684,49.981866713461145,135742800
2019-07-31,51.006595611572266,53.0009865627098,50.590002572472564,51.81584527199262,277125600
2019-08-01,49.90285873413086,52.2013175225248,49.49823754428213,51.2125008575506,216071600
2019-08-02,48.84701156616211,49.42401739375778,48.27479156133665,49.20853846350378,163448400
2019-08-05,46.28996658325195,47.56130005899529,46.108006714672,47.40328391275704,209572000
2019-08-06,47.1662483215332,47.42243223605077,46.45755587635723,47.001046156589894,143299200
2019-08-07,47.6546745300293,47.77917530974308,46.4048918709798,46.7855729428345,133457600
2019-08-08,48.70573806762695,48.72968178909559,47.73847236505692,47.93240408773638,108038000
2019-08-09,48.30439376831055,48.729779329509,47.895825895207196,48.37889619991547,98478800
2019-08-12,48.181819915771484,48.5591433982837,47.86217750716622,47.97513398491319,89927600
2019-08-13,50.22224044799805,50.984093390193046,48.18181792423024,48.311599418361524,188874000
2019-08-14,48.72737503051758,49.6142018262065,48.688920981443054,48.82591215607856,146189600
2019-08-15,48.484642028808594,49.30177042418164,47.98715238184237,48.89801389955404,108909600
2019-08-16,49.62862014770508,49.78724034646014,48.989335347035194,49.095082146205236,110481600
2019-08-19,50.55390167236328,51.125890062869516,50.47699357474702,50.61878875414958,97654400
2019-08-20,50.55629348754883,51.27488825272847,50.54668181087362,50.68126728740163,107537200
2019-08-21,51.104270935058594,51.34700528921782,50.85432690374874,51.18838872472342,86141600
2019-08-22,51.06100082397461,51.536857739537524,50.65003098745678,51.236442371877644,89014800
2019-08-23,48.70093536376953,50.96246310509183,48.30679055271319,50.332790008185185,187272000
2019-08-26,49.626216888427734,49.79444876140259,49.282539799826424,49.47480636916046,104174400
2019-08-27,49.06623458862305,50.121293052732874,48.91482409284731,49.95546320825073,103493200
2019-08-28,49.3954963684082,49.44116009127208,48.86436404932155,49.051822946314466,63755200
2019-08-29,50.231849670410156,50.306355759343454,49.667070999812736,50.109281524994124,83962000
2019-08-30,50.16695785522461,50.577923970977196,49.79684411690572,50.508229228326634,84573600
2019-09-03,49.43635177612305,49.743976816789676,49.08066101044846,49.61179332263298,80092000
2019-09-04,50.275115966796875,50.344810722376806,49.82569572550079,50.08284938745984,76752400
2019-09-05,51.2580680847168,51.42389794369397,50.83267892479877,50.950443061493466,95654800
2019-09-06,51.253265380859375,51.53205173117485,51.07301615444194,51.44312995297315,77449200
2019-09-09,51.47197723388672,52.01753267690804,50.726949174171494,51.63299946292692,109237600
2019-09-10,52.08000564575195,52.09923266869462,50.88074988553813,51.39746283359591,127111600
2019-09-11,53.73590087890625,53.76474325009253,52.32755338078154,52.40926915409926,177158400
2019-09-12,53.61573028564453,54.4160372602079,53.56045488514693,54.02670011962347,128906800
2019-09-13,52.57269287109375,53.06296917048097,52.156919001140764,52.873108258928575,159053200
2019-09-16,52.84906768798828,52.90434675357643,52.28669102458082,52.32754707272448,84632400
2019-09-17,53.041343688964844,53.07018606180777,52.661618173292,52.86350011447142,73274800
2019-09-18,53.538822174072266,53.55804919622197,52.73851525459077,53.12785236837871,101360000
2019-09-19,53.103824615478516,53.77675209631372,52.96202577677849,53.35617058720185,88242400
2019-09-20,52.327552795410156,53.48835829201576,52.26506771503566,53.204767926646866,221652400
2019-09-23,52.56547546386719,52.8346464382801,52.308318169456676,52.62075086028852,76662000
2019-09-24,52.315521240234375,53.47152241710132,52.19776078738406,53.12063572645369,124763200
2019-09-25,53.120643615722656,53.233600080826086,52.1857511921416,52.5246205874519,87613600
2019-09-26,52.8466682434082,53.09901788679732,52.591916597251874,52.87310494256668,75334000
2019-09-27,52.589515686035156,53.10382666173709,52.21940189013441,53.002883868542426,101408000
2019-09-30,53.82722473144531,53.9738275789729,53.062966121770074,53.089402821067836,103909600
2019-10-01,53.97623062133789,54.84863804778662,53.88250117060058,54.09159276622988,139223200
2019-10-02,52.62315368652344,53.733487563158945,52.37560808292696,53.60851376014331,138449200
2019-10-03,53.07018280029297,53.10382917722504,51.70269136073253,52.49578505515693,114426000
2019-10-04,54.55782699584961,54.67318912519149,53.80799149102436,54.22857296123739,138478800
2019-10-07,54.569854736328125,55.25960730535331,54.2766490193029,54.37999382145774,122306000
2019-10-08,53.930572509765625,54.81018970341159,53.913751153872425,54.27184763994498,111820000
2019-10-09,54.5626335144043,54.74528471456468,54.22857181467111,54.5626335144043,74770400
2019-10-10,55.29806137084961,55.38217914780831,54.62753582686087,54.7789426913344,113013600
2019-10-11,56.76888656616211,57.11255994872208,55.83158852183792,55.98540102647654,166795600
2019-10-14,56.687164306640625,57.230317516335425,56.39876635191698,56.45404174033743,96427600
2019-10-15,56.554996490478516,57.11496750151027,56.449249695667106,56.812150134970125,87360000
2019-10-16,56.3266716003418,56.53576316392705,56.04548329122299,56.08633933608511,73903200
2019-10-17,56.545372009277344,56.754459895212634,56.122388565552164,56.49970829460661,67585200
2019-10-18,56.81696701049805,57.098155396512034,56.30745997725959,56.379560409689404,97433600
2019-10-21,57.80232238769531,57.9176845365252,57.03566540148423,57.083731129906674,87247200
2019-10-22,57.67013931274414,58.20848130833189,57.58842354511688,57.95853733426326,82293600
2019-10-23,58.444000244140625,58.45842326091589,57.97295104383975,58.18444461705697,75828800
2019-10-24,58.540138244628906,58.8333439248231,58.11474907464559,58.763645508761726,69275200
2019-10-25,59.26113510131836,59.297183477090634,58.37190638286585,58.43919912909384,73477200
2019-10-28,59.85475540161133,59.90282112444377,59.294780746023385,59.46301260952673,96572800
2019-10-29,58.470428466796875,60.02297633510959,58.29739262954531,59.83551748317305,142839600
2019-10-30,58.463226318359375,58.953506199746954,57.970548101650635,58.82372472112932,124522000
2019-10-31,59.785057067871094,59.883594183478614,57.021235828674115,59.41975464010306,139162000
2019-11-01,61.4818115234375,61.50824455627897,59.88119750508098,59.97252128655309,151125200
2019-11-04,61.885555267333984,61.969673022918535,61.37605206348472,61.84469555712721,103272000
2019-11-05,61.7966423034668,62.05139394165395,61.60197373719849,61.77741161321152,79897600
2019-11-06,61.82307815551758,61.883161230177926,61.37365793055572,61.710121681781736,75864400
2019-11-07,62.536590576171875,62.758363326737026,62.218397769161385,62.3702628523427,94940400
2019-11-08,62.70772933959961,62.780042525835455,61.914660400787014,62.358198441246614,69986400
2019-11-11,63.204315185546875,63.269397069308496,62.259380964786935,62.26419939293928,81821200
2019-11-12,63.14645004272461,63.34652881203322,62.89575939265847,63.047617104065104,87388800
2019-11-13,63.751487731933594,63.826213808473085,62.93190642524509,62.94636906222842,102734400
2019-11-14,63.31037521362305,63.850333385659255,63.180204098443475,63.57794140753723,89182800
2019-11-15,64.06246185302734,64.06728028085237,63.39956388635737,63.5610658168469,100206400
2019-11-18,64.38546752929688,64.46501204164511,63.69364434245913,64.07209319455887,86703200
2019-11-19,64.19023132324219,64.60243134404664,63.9732843310493,64.57832448794083,76167200
2019-11-20,63.4429817199707,64.13962372264683,62.77043922416125,64.00945990259223,106234400
2019-11-21,63.158512115478516,63.640619743137286,62.95843333042811,63.56348075718102,121395200
2019-11-22,63.103065490722656,63.44053935025517,62.87647432295545,63.298318486465696,65325200
2019-11-25,64.20951843261719,64.2263939691162,63.28145955811588,63.32726038211015,84020400
2019-11-26,63.70811080932617,64.39993403773599,63.27662244789559,64.34690190752454,105207600
2019-11-27,64.56385040283203,64.59760146667433,63.95398456897874,64.01906644818817,65235600
2019-11-29,64.421630859375,64.60242121725912,64.09620674390789,64.2649473538178,46617600
2019-12-02,63.676761627197266,64.66267061513436,63.50561551871907,64.42643528388311,94487200
2019-12-03,62.541419982910156,62.560701052764436,61.77968898703024,62.26661508192712,114430400
2019-12-04,63.09342575073242,63.4718820212091,62.837909284948175,62.93192380768448,67181600
2019-12-05,64.0190658569336,64.09379930384016,63.332068402488204,63.58758484552913,74424400
2019-12-06,65.25569152832031,65.32559921087861,64.43369694330708,64.477092231049,106075600
2019-12-09,64.34208679199219,65.27736940401036,63.85756627540826,65.08452929679349,128042400
2019-12-10,64.7181396484375,65.10141438333517,64.08657238840084,64.74706493312719,90420400
2019-12-11,65.2701416015625,65.34969348345126,64.7229520666511,64.79767816395331,78756800
2019-12-12,65.43648529052734,65.70164603420217,64.4385260360903,64.54940876294314,137310400
2019-12-13,66.32595825195312,66.3621148543044,65.3087108196568,65.43646905221725,133587600
2019-12-16,67.46133422851562,67.68551992411864,66.7671052447666,66.77192367399121,128186000
2019-12-17,67.59390258789062,67.9217322522176,67.20580211215017,67.39141826173947,114158400
2019-12-18,67.43240356445312,67.95308077804,67.28295135021965,67.44686620735443,116028400
2019-12-19,67.4998779296875,67.77950120181951,67.24195597172216,67.37453261033633,98369200
2019-12-20,67.36007690429688,68.13385757058333,67.14794837558046,68.03261909048223,275978000
2019-12-23,68.45928192138672,68.51954537378231,67.58425541558223,67.62282490788083,98572000
2019-12-24,68.52436065673828,68.67382019117778,68.19894391383995,68.6256064889227,48478800
2019-12-26,69.88392639160156,69.90080192756368,68.62803782360339,68.65696311017838,93121200
2019-12-27,69.85738372802734,70.86258124508305,69.45241513604739,70.1755764887449,146266000
2019-12-30,70.27200317382812,70.55403936484663,68.75336713216096,69.77543291987965,144114400
2019-12-31,70.78544616699219,70.79267748666231,69.78989280626304,69.88872574600676,100805600
2020-01-02,72.40052032470703,72.46078378305016,71.15668166173941,71.40978524422886,135480400
2020-01-03,71.6966323852539,72.45595040957373,71.47245410922795,71.6291376132339,146322800
2020-01-06,72.2679443359375,72.30651383633005,70.56851756430221,70.81921563866376,118387200
2020-01-07,71.92806243896484,72.53310260522755,71.70870255084994,72.27758611058375,108872000
2020-01-08,73.08511352539062,73.38643082203993,71.63155918060959,71.63155918060959,132079200
2020-01-09,74.63750457763672,74.83034471463299,73.81069163960515,74.06138234642438,170108400
2020-01-10,74.80622863769531,75.37030104945943,74.30483992947904,74.87131787710281,140644800
2020-01-13,76.4044189453125,76.4309386915993,75.00389679896787,75.12201817653433,121532000
2020-01-14,75.3727035522461,76.55146021431688,75.24977111147209,76.34174457661803,161954400
2020-01-15,75.04969024658203,76.05247495120804,74.61820187883205,75.17263004032235,121923600
2020-01-16,75.98980712890625,76.10069718746519,75.23048903454546,75.5920697800867,108829200
2020-01-17,76.83106994628906,76.83347548162705,75.93193674542053,76.23807238178088,137816400
2020-01-21,76.31040954589844,76.90098699093934,76.1730071029982,76.45986173724447,110843200
2020-01-22,76.58281707763672,77.1348251407198,76.48880253772091,76.79493830286927,101832400
2020-01-23,76.95161437988281,77.03115890447519,76.08863757604202,76.63583446102108,104472000
2020-01-24,76.72984313964844,77.93993070377184,76.53940855639385,77.19748815287878,146537600
2020-01-27,74.47357940673828,75.15334557711078,73.49248860994267,74.74114561147599,161940000
2020-01-28,76.58037567138672,76.75152179476333,75.25457988632637,75.35341281852345,162234000
2020-01-29,78.18338775634766,79.02948893915872,77.46987057591716,78.209907499375,216229200
2020-01-30,78.0700912475586,78.12312337660362,76.83589699674123,77.26738534868132,126743200
2020-01-31,74.60855865478516,77.78323285410741,74.31447274556798,77.36138873428479,199588400
2020-02-03,74.40367126464844,75.56795795185045,72.85128411079334,73.35267280813538,173788400
2020-02-04,76.86000061035156,77.05043515977154,75.60169956180454,76.00666815397705,136616400
2020-02-05,77.48674774169922,78.28463523931488,76.88411323556181,77.98572352193352,118826800
2020-02-06,78.39311218261719,78.39552507490272,77.1999001655233,77.7567339114429,105425600
2020-02-07,77.32754516601562,78.141823360646,76.83704482888538,77.89294895065062,117684000
2020-02-10,77.69481658935547,77.69481658935547,75.83430131081457,75.914034625019,109348800
2020-02-11,77.22604370117188,78.26262078747321,77.00858188468877,78.19013597325772,94323200
2020-02-12,79.05998992919922,79.0648197921596,77.67547099896561,77.67547099896561,113730400
2020-02-13,78.49700927734375,78.82320573508036,78.12974054369347,78.3327054260137,94747600
2020-02-14,78.51632690429688,78.76520124751363,78.00891111869721,78.46558016405162,80113600
2020-02-18,77.07865905761719,77.25987847546425,76.01791785904396,76.19913727689102,152531200
2020-02-19,78.19499206542969,78.42453967717096,77.32030726926044,77.32030726926044,93984000
2020-02-20,77.39277648925781,78.44385067885128,76.88777921917897,77.95576899229526,100566000
2020-02-21,75.64097595214844,77.42901329626612,75.0248329307541,76.98683382307465,129554000
2020-02-24,72.04801940917969,73.49777501677713,69.8854717188165,71.82572767869755,222195200
2020-02-25,69.60758209228516,73.0990790994302,69.13641603822464,72.71731344350151,230673600
2020-02-26,70.71180725097656,71.97551316759632,69.22580967000033,69.23305815092856,198054800
2020-02-27,66.08950805664062,69.10500169424336,65.95419815371966,67.92103635676665,320605600
2020-02-28,66.05085754394531,67.27107285671417,61.94563554811998,62.1606861550344,426510000
2020-03-02,72.20024871826172,72.83572613943491,67.10435837488609,68.20617210459764,341397200
2020-03-03,69.90721893310547,73.45428597286327,69.05669090258408,73.37455265692115,319475600
2020-03-04,73.14984130859375,73.30931532822694,70.82781935536424,71.62760069893737,219178400
2020-03-05,70.77706909179688,72.37904277817594,70.41221158595323,71.40529059680607,187572800
2020-03-06,69.8371353149414,70.26964775134793,67.95245619771107,68.13850549074616,226176800
2020-03-09,64.31356811523438,67.19374467213605,63.54761077884886,63.72883020122201,286744800
2020-03-10,68.94554901123047,69.21133903609883,65.08678222072572,66.96422060751131,285290000
2020-03-11,66.55101776123047,67.95003374263217,65.68841155580724,67.0246098194062,255598800
2020-03-12,59.97879409790039,65.23899079548863,59.923221175115486,61.84173134619349,418474000
2020-03-13,67.16476440429688,67.6359379478289,61.119282212065336,64.00430027982446,370732000
2020-03-16,58.52421569824219,62.60044010140755,57.99022079286357,58.4613905994218,322423600
2020-03-17,61.097530364990234,62.245249799692694,57.60361793460999,59.80483021639644,324056000
2020-03-18,59.60186767578125,60.406482464640554,57.29433930824816,57.93465023452481,300233600
2020-03-19,59.14519500732422,61.09269941838276,58.62086718026377,59.77583883377371,271857200
2020-03-20,55.39032745361328,60.848656123776394,55.09070998430256,59.72509337905043,401693200
2020-03-23,54.21360778808594,55.211524041383235,51.37208822817037,55.11004159498472,336752800
2020-03-24,59.6525993347168,59.84831571056435,56.61294527600062,57.1106940064076,287531200
2020-03-25,59.32399368286133,62.399890444761496,59.02920978154729,60.587696143364745,303602000
2020-03-26,62.44579315185547,62.50378100355287,59.52695207272685,59.56561309847068,252087200
2020-03-27,59.86040115356445,61.82481719246613,59.69367869443923,61.07094557233669,204216800
2020-03-30,61.56869888305664,61.74025490515105,60.2615017965214,60.5852833250574,167976400
2020-03-31,61.44304656982422,63.4243781505614,60.88972489834924,61.75957958595021,197002000
2020-04-01,58.210105895996094,60.0972038911912,57.78001201918498,59.56079401122782,176218400
2020-04-02,59.181427001953125,59.234584992288006,57.241171415485205,58.072365060446906,165934000
2020-04-03,58.33091354370117,59.3674871060243,57.741345715951596,58.66677342106095,129880000
2020-04-06,63.4195556640625,63.574192418824516,60.25667324880632,60.62394199347429,201820400
2020-04-07,62.68501281738281,65.64976767726971,62.58111543792132,65.43229844270063,202887200
2020-04-08,64.28941345214844,64.60352421399418,63.1199448269442,63.484794969799864,168895200
2020-04-09,64.75332641601562,65.25591244712727,63.95838246710248,64.9248861243381,161834800
2020-04-13,66.02428436279297,66.13301897916537,64.23141674512242,64.8306516969401,131022800
2020-04-14,69.35871887207031,69.64867293181604,67.1840855454915,67.6552590491188,194994800
2020-04-15,68.72563934326172,69.18472698748576,67.80746405481365,68.23513915845088,131154400
2020-04-16,69.27173614501953,69.63659364674618,68.22308052874929,69.43845862105105,157125200
2020-04-17,68.33182525634766,69.33457898800233,66.89656632293641,68.78850190508753,215250000
2020-04-20,66.91346740722656,68.06119058127958,66.89414057720502,67.15993057649021,130015200
2020-04-21,64.84514617919922,66.99078550242736,64.13476539316186,66.75640806793423,180991600
2020-04-22,66.71290588378906,67.14782951135057,65.77056644151477,66.11125243793057,116862400
2020-04-23,66.45436096191406,68.07808706003861,66.41569993888298,66.6573258024501,124814400
2020-04-24,68.37288665771484,68.3825537591584,66.93037962499518,66.9787077583751,126161200
2020-04-27,68.42121124267578,68.75223755503086,67.64317552817161,68.09017755648323,117087600
2020-04-28,67.3121566772461,69.06394488685403,67.2203450064915,68.88272541689459,112004800
2020-04-29,69.52301025390625,69.99176500480674,68.59516785102663,68.79813268535943,137280800
2020-04-30,70.98970031738281,71.16608991336996,69.67284332982524,70.06185756526263,183064000
2020-05-01,69.84680938720703,72.24615310349837,69.06877359729275,69.16542249456992,240616800
2020-05-04,70.83504486083984,70.96310628408554,69.18232470328076,69.8709599457229,133568000
2020-05-05,71.89820098876953,72.72939466051092,71.1491592367676,71.2941362490643,147751200
2020-05-06,72.63998413085938,73.27062409174145,72.21472025377234,72.59890448979868,142333600
2020-05-07,73.39146423339844,73.7369949485584,72.9637889533335,73.2658213930559,115215200
2020-05-08,75.13831329345703,75.19161520035372,73.72339868487255,74.05047823202041,133838400
2020-05-11,76.32061767578125,76.81486350373997,74.4380975285037,74.64646215282984,145946400
2020-05-12,75.44841766357422,77.45449582037008,75.32727766040104,77.00385116379037,162301200
2020-05-13,74.53742980957031,76.54835795686193,73.46170617265714,75.6276896528906,200622400
2020-05-14,74.99535369873047,75.05592369907653,73.05468852162736,73.77668558751988,158929200
2020-05-15,74.55197143554688,74.59800522378177,72.73487156458532,72.7687943111998,166348400
2020-05-18,76.30850219726562,76.68161544536761,75.18432690881329,75.87482634655969,135178400
2020-05-19,75.86756896972656,77.17102926581177,75.83607138413613,76.32547436249678,101729600
2020-05-20,77.34303283691406,77.41328870045753,76.68644883413718,76.7252145142633,111504800
2020-05-21,76.76644134521484,77.74525489428761,76.52900421581474,77.2049676786225,102688800
2020-05-22,77.26065826416016,77.34303256146072,76.40298515469343,76.50473859508931,81803200
2020-05-26,76.73734283447266,78.55686050645615,76.68161577577496,78.37757568234818,125522000
2020-05-27,77.07169342041016,77.21706291080646,75.85545038481993,76.59440888025136,112945200
2020-05-28,77.1055908203125,78.36302429903517,76.47081856121721,76.74701384773941,133560800
2020-05-29,77.03052520751953,77.80824215347661,76.67437321275025,77.34791150425532,153532400
2020-06-01,77.97779846191406,78.098938429264,76.85361601588416,76.9844492508852,80791200
2020-06-02,78.33882904052734,78.36305852384227,77.27037315240064,77.7113246098117,87642800
2020-06-03,78.77007293701172,79.03173947926652,78.08684155798949,78.65862620653965,104491200
2020-06-04,78.09169006347656,78.89121109253435,77.71857679947686,78.59321142956854,87560400
2020-06-05,80.31582641601562,80.37639642085425,78.31217331772173,78.34124573703636,137250400
2020-06-08,80.79069519042969,80.82461794300563,79.30309967941871,80.01297837924804,95654400
2020-06-09,83.3418960571289,83.7343884798814,80.43938634656227,80.47088393003234,147712400
2020-06-10,85.4860610961914,85.95365964938672,83.85067134903046,84.28919748972832,166651600
2020-06-11,81.38186645507812,85.05483286146779,81.28011297568305,84.63084277845434,201662400
2020-06-12,82.0844497680664,84.26496946856898,80.97481077374836,83.5187504243347,200146000
2020-06-15,83.09961700439453,83.75135081292053,80.5774812512651,80.73981210877636,138808800
2020-06-16,85.30195617675781,85.57331604172421,83.51877856978042,85.1517437297766,165428800
2020-06-17,85.18324279785156,86.10632920666113,85.06210277156369,86.04575919351718,114406400
2020-06-18,85.21714782714844,85.6338697266432,84.60902265567091,85.13961645194037,96820400
2020-06-19,84.73017120361328,86.38736569840516,83.62294970746999,85.92219218783181,264476000
2020-06-22,86.94701385498047,87.08995815364833,85.07661214341427,85.12264593038505,135445200
2020-06-23,88.80288696289062,90.22022642343374,87.77077181014047,88.18991886652088,212155600
2020-06-24,87.23530578613281,89.35041211028009,86.86219264598829,88.43216916024365,192623200
2020-06-25,88.39344024658203,88.43220593644023,86.63206719010891,87.39040482402382,137522400
2020-06-26,85.67747497558594,88.50972868089589,85.52968033530838,88.28925300034977,205256800
2020-06-29,87.65206909179688,87.74656185266537,85.10812877290344,85.58542072848591,130646000
2020-06-30,88.38373565673828,88.66963165860406,87.22079468512266,87.24017383067029,140223200
2020-07-01,88.21656799316406,89.00397799978875,88.16811642903573,88.46127316123845,110737200
2020-07-02,88.21656799316406,89.75747265090347,88.10270349025298,89.12270022857078,114041600
2020-07-06,90.57636260986328,91.04396114826625,89.61208572768216,89.64358330482388,118655600
2020-07-07,90.29532623291016,91.73204473813118,90.183879512503,90.95432807349727,112424400
2020-07-08,92.39832305908203,92.42982064230873,91.18449788463136,91.27172253001288,117092000
2020-07-09,92.7956771850586,93.34322502819465,91.74902567498292,93.28992312553895,125642800
2020-07-10,92.9579849243164,93.01613714978424,91.78050772022172,92.39105063414506,90257200
2020-07-13,92.52912902832031,96.86836346538206,92.31592150674057,94.26142905046069,191649200
2020-07-14,94.06035614013672,94.25175199437801,90.97855460222202,91.91132657887599,170989200
2020-07-15,94.7072525024414,96.18273684605151,93.51038868590005,95.93318873658312,153198000
2020-07-16,93.5418930053711,94.39714118909534,92.94346105400828,93.58065869622936,110577600
2020-07-17,93.3529052734375,94.14758336972574,92.8804563206502,93.99252801605422,92186800
2020-07-20,95.3202133178711,95.45831468469305,93.09608481622666,93.44012565034129,90318000
2020-07-21,94.004638671875,96.18515864106797,93.75509057115264,96.110052433633,103433200
2020-07-22,94.26872253417969,94.94952872983103,93.61941392094188,93.70663117027293,89001600
2020-07-23,89.9779281616211,94.07972590175224,89.16871402354269,94.00219454397538,197004400
2020-07-24,89.75503540039062,90.0990762102355,86.3921882418588,88.17779782726093,185438800
2020-07-27,91.88226318359375,91.97433076494785,90.59333922603253,90.81623268150157,121214000
2020-07-28,90.37287139892578,91.63030527715343,90.36802106656002,91.45343820318753,103625600
2020-07-29,92.10516357421875,92.28929873601002,90.81865739523712,90.85499791564365,90329200
2020-07-30,93.21967315673828,93.32385180233229,90.87197891214636,91.27900761618824,158130000
2020-07-31,102.97868347167969,103.12889587437893,97.71151174507618,99.70790378289954,374336800
2020-08-03,105.57350158691406,108.19012242087766,104.56077304212948,104.85877268635082,308151200
2020-08-04,106.27854919433594,107.36880923031337,105.04049450870605,105.76249159429877,173071600
2020-08-05,106.66377258300781,106.98358396526419,105.53474686841106,105.99992773294753,121776800
2020-08-06,110.38518524169922,110.87943850296628,106.40695185464003,106.99569046941184,202428800
2020-08-07,107.87548065185547,110.3633277579693,107.0793698741842,109.90701900604881,198045600
2020-08-10,109.44345092773438,110.46043507725163,106.7954093213871,109.31966296937568,212403600
2020-08-11,106.1886215209961,109.20559017872704,105.9289127146506,108.70802360073796,187902400
2020-08-12,109.71772003173828,109.97499928394977,107.08424089381839,107.27841139872632,165598000
2020-08-13,111.65943908691406,112.66186065911528,110.60847119171306,111.09633433148385,210082000
2020-08-14,111.55994415283203,111.64974819993897,109.75170070282874,111.48470252378944,165565200
2020-08-17,111.2686767578125,112.70556367842538,110.64247058340116,112.68129051352851,119561600
2020-08-18,112.19585418701172,112.62060863769267,110.68615521459195,111.02110562369826,105633600
2020-08-19,112.33663177490234,113.74924556112234,112.24197605902953,112.60362178027331,145538000
2020-08-20,114.8293228149414,114.94340001045877,112.36088962986535,112.37788158405773,126907200
2020-08-21,120.74677276611328,121.22977689357654,115.77592935893642,115.78806223773633,338054800
2020-08-24,122.19092559814453,125.03314486284968,120.32686221834298,124.9481850882098,345937600
2020-08-25,121.18852233886719,121.53318353096768,119.4676607314497,121.06474178007431,211495600
2020-08-26,122.8365478515625,123.29285663343889,121.43849667426107,122.50402701142234,163022400
2020-08-27,121.36811065673828,123.77100549354533,120.22490919644622,123.4384846629305,155552400
2020-08-28,121.17153930664062,122.7589022198581,120.94823653884207,122.34142892911956,187630000
2020-08-31,125.28072357177734,127.1836302061131,122.32929317534541,123.86326545477932,225702700
2020-09-01,130.27099609375,130.87294402694218,126.72733558856538,128.89236599971812,151948100
2020-09-02,127.5719223022461,133.9602291616911,123.30011327967595,133.58159161111902,200119000
2020-09-03,117.35844421386719,125.08654753719104,116.98951728236517,123.21278063679146,257599600
2020-09-04,117.43610382080078,120.0962780604988,107.65947073062564,116.57203254505438,332607200
2020-09-08,109.53325653076172,115.52350643380636,109.39733569135389,110.63033399373361,231366600
2020-09-09,113.90215301513672,115.66913123084257,111.90216871799983,113.8439033465614,176940500
2020-09-10,110.1837387084961,116.98952122909824,109.22258206036143,116.85360038621577,182274400
2020-09-11,108.73712921142578,111.8730336076421,106.79539476122176,111.2322576836528,180860300
2020-09-14,111.999267578125,112.55266171822818,109.51384932182032,111.37791301404883,140150100
2020-09-15,112.17401123046875,115.36816560750079,110.30023700342959,114.88273194668369,184642000
2020-09-16,108.86334991455078,112.62060910915572,108.7759754111815,111.87304453196484,154679000
2020-09-17,107.12548828125,108.93130194991431,105.54297733812126,106.52355532978139,178011000
2020-09-18,103.72747802734375,107.64978353613935,102.99932741720639,107.18377129364484,287104900
2020-09-21,106.87308502197266,106.97988102839547,100.09642732020315,101.49447874455225,195713800
2020-09-22,108.55266571044922,109.57207929386054,105.97987340331184,109.39732289119372,183055400
2020-09-23,103.99930572509766,108.84393137946276,103.65949625131259,108.36820848614498,150718700
2020-09-24,105.0672607421875,107.03812018263172,101.94106684060164,102.10611250444195,167743300
2020-09-25,109.00897979736328,109.16432212155291,104.53328092968297,105.27114215532431,149981400
2020-09-28,111.61090850830078,111.96042134324223,109.49441741099088,111.65945483814875,137672400
2020-09-29,110.7662582397461,111.9507176542682,110.26141045029476,111.21286376254167,99382200
2020-09-30,112.43614196777344,113.84390402616219,110.30994757365427,110.4749932403561,142675200
2020-10-01,113.38758850097656,114.29049535158379,112.45555681762868,114.21282419285578,116120400
2020-10-02,109.7274169921875,112.00896103141628,108.95072761058432,109.60120691204848,144712000
2020-10-05,113.10604858398438,113.25168017088336,110.24199280586862,110.5915056515741,106243800
2020-10-06,109.86337280273438,112.73713979097334,108.97987979860987,112.32936980061437,161498200
2020-10-07,111.7273941040039,112.1837028525209,110.80506586141273,111.28079610104412,96849000
2020-10-08,111.62061309814453,113.00895361392693,111.25167878876417,112.86332203954677,83477200
2020-10-09,113.56234741210938,113.59147224549314,111.57206651675105,111.92157933161523,100506900
2020-10-12,120.77589416503906,121.53316947743221,115.80505089927543,116.56232621166858,240226800
2020-10-13,117.57201385498047,121.73703494031142,116.16425940876682,121.62052821230519,262330500
2020-10-14,117.65941619873047,119.44580856247916,116.13515475963598,117.4749490324475,150712000
2020-10-15,117.19337463378906,117.66909747078712,114.70795706091747,115.26135104884993,112559200
2020-10-16,115.55260467529297,118.00890478128451,115.34872346310462,117.74676650337912,115393800
2020-10-19,112.60120391845703,116.91185012257559,112.29052664782569,116.46525200898868,120639300
2020-10-20,114.08661651611328,115.513792607474,112.2613812832418,112.81477533834804,124423700
2020-10-21,113.46527099609375,115.25166338254114,113.05750107559587,113.2710930798733,89946000
2020-10-22,112.37787628173828,114.601163016686,111.25166679554484,114.02834752777623,101988000
2020-10-23,111.68858337402344,113.15459517987493,110.95072209723901,112.99925284491812,82572600
2020-10-26,111.69827270507812,113.1545734839859,109.59148528217365,110.68856994284661,111850700
2020-10-27,113.20310974121094,113.86329970843428,111.20312575541465,112.12544659755038,92276800
2020-10-28,107.96045684814453,112.06722939685507,107.86337158513633,111.69830243457162,143937800
2020-10-29,111.96040344238281,113.52350020230705,108.93129515957777,109.09634821039327,146129200
2020-10-30,105.68863677978516,108.7274493921632,104.58184842091872,107.82454231970571,190272600
2020-11-02,105.6012191772461,107.45557903361015,104.19346473885868,105.93131786786421,122866900
2020-11-03,107.22259521484375,108.24200151383607,105.56241289323033,106.46531984784082,107624400
2020-11-04,111.60118865966797,112.22254311397377,109.07693526315951,110.81478854874675,138235500
2020-11-05,115.56234741210938,116.13516303960806,113.46527764397302,114.51380882447592,126387100
2020-11-06,115.43104553222656,115.92703675245446,112.94133225108231,115.07120221763194,114457900
2020-11-09,113.12613677978516,118.64045065602376,112.86355358468761,117.19136449216022,154515300
2020-11-10,112.78572845458984,114.36124218625869,110.99624681601809,112.37726248118744,138023400
2020-11-11,116.20906829833984,116.34522361614252,113.24281896631516,113.97222563450443,112295000
2020-11-12,115.936767578125,117.22052312713384,115.31434109496367,116.33551348572685,103162300
2020-11-13,115.98540496826172,116.38414348107418,114.633571669367,116.16046289142338,81581900
2020-11-16,116.99683380126953,117.66788289766848,114.90586651270257,115.65472076865481,91183000
2020-11-17,116.11182403564453,117.35667698637204,115.69363055189307,116.26743436443991,74271000
2020-11-18,114.78917694091797,116.53002870692607,114.76000185644509,115.35325330709236,76322100
2020-11-19,115.38241577148438,115.7908817492475,113.60266161420516,114.36124340716778,74113000
2020-11-20,114.11811828613281,115.50885417388024,114.06949561951376,115.38242633677936,73604300
2020-11-23,110.72394561767578,114.39043445067523,110.6266928661709,113.96251344016258,127959300
2020-11-24,112.00768280029297,112.66901178958845,109.49852215679763,110.78228497711366,113874200
2020-11-25,112.84408569335938,113.54431736019659,112.00769869351593,112.37726952874067,76499200
2020-11-27,113.3886947631836,114.26398425207363,113.02885888768483,113.36924718338975,46691300
2020-11-30,115.78115844726562,117.64843779643516,113.60265845332594,113.75826877571102,169410200
2020-12-01,119.35039520263672,120.07980194572332,116.71480639467286,117.68734871878834,127728200
2020-12-02,119.70049285888672,119.98253098044769,117.57062311807923,118.66959310630676,89004200
2020-12-03,119.56433868408203,120.3812705585125,118.85437962376297,120.12840751265676,78967600
2020-12-04,118.89331817626953,119.48656968264375,118.18335890113129,119.2337065602768,78260400
2020-12-07,120.35210418701172,121.14958854018184,118.89329080292673,118.95164096391939,86712000
2020-12-08,120.96480560302734,121.54833690448348,119.7102251767506,120.9550855226028,82225500
2020-12-09,118.43618774414062,122.49168693103906,117.67760601650876,121.11067878997038,115089200
2020-12-10,119.8561019897461,120.46880834155796,116.85095006957522,117.19133836507719,81312200
2020-12-11,119.04891204833984,119.38930038520903,117.23998269251022,119.06835963048555,86939800
2020-12-14,118.43618774414062,119.96307869896347,118.20277969407886,119.23367205010081,79184500
2020-12-15,124.36871337890625,124.38816838110739,120.7216795566684,120.9259125603246,157243700
2020-12-16,124.30062103271484,124.84524231148528,123.08494323552482,123.91161007354079,98208600
2020-12-17,125.16617584228516,126.02201771109635,124.52429444067675,125.36068131070151,94359800
2020-12-18,123.18220520019531,125.5552106694522,122.65703149372492,125.41905534776451,192541500
2020-12-21,124.7091064453125,124.78691161724761,120.06035501087901,121.5872462655349,121251600
2020-12-22,128.25885009765625,130.71938029303678,126.09007064495803,127.99625958942822,168904800
2020-12-23,127.3641357421875,128.7937591538707,127.1890704257709,128.5311834389707,88223700
2020-12-24,128.34640502929688,129.79549835924004,127.50029800003861,127.71425848740788,54930100
2020-12-28,132.93678283691406,133.56892926985674,129.84409122328378,130.31092211880733,124486200
2020-12-29,131.16677856445312,134.97914269594398,130.6513323196226,134.25947087325437,121047300
2020-12-30,130.04837036132812,132.25604575507535,129.7371496715403,131.85729981121693,96452100
2020-12-31,129.046630859375,131.04034539862676,128.10326370918978,130.39846396533886,99116600
2021-01-04,125.856689453125,129.9413637183322,123.27945114345249,129.85383848203446,143301900
2021-01-05,127.4127426147461,128.1227090738479,124.90358206952835,125.35095799115666,97664900
2021-01-06,123.12384033203125,127.4516575492309,122.9098798620693,124.21309026097016,155088000
2021-01-07,127.32521057128906,128.0157219951703,124.34923410516659,124.8355051575347,109578200
2021-01-08,128.42417907714844,128.9882552399278,126.65414544499792,128.79373496048996,105158200
2021-01-11,125.43850708007812,126.59583484109754,124.97169091120101,125.64274750135974,100384500
2021-01-12,125.26345825195312,126.12902035403391,123.37672370948479,124.97169257758259,91951100
2021-01-13,127.29607391357422,127.84069528222409,124.96197809369782,125.22455385655589,88636800
2021-01-14,125.3704605102539,127.4030708267728,125.22457022755188,127.20856528965801,90221800
2021-01-15,123.64901733398438,126.64444915422231,123.5128620166925,125.24398598218208,111598500
2021-01-19,124.320068359375,125.17591022451418,123.45450641479232,124.27143828252557,90757300
2021-01-20,128.40476989746094,128.85214592405728,125.02032655299224,125.12730680892926,104319500
2021-01-21,133.1118621826172,135.83498363825382,129.9219245699571,130.12616498605254,120150900
2021-01-22,135.2515106201172,136.0100926840111,131.3127100023154,132.53810837326188,114459400
2021-01-25,138.99575805664062,141.106173284309,132.79093279458516,139.1416483205631,157611700
2021-01-26,139.2291717529297,140.33786948106203,137.48831256904506,139.65709277779112,98390600
2021-01-27,138.15933227539062,140.3378319835939,136.55464370074296,139.49171024148978,140843800
2021-01-28,133.3258514404297,138.09131872574878,132.94656044856208,135.68913749731348,142621100
2021-01-29,128.33673095703125,132.9854835040338,126.63478136815478,132.10046615626055,177523800
2021-02-01,130.4568328857422,131.66279076657688,127.33496534929878,130.07754195512933,106239800
2021-02-02,131.28343200683594,132.5671795549474,130.91386134852888,132.00310349114602,83305400
2021-02-03,130.26231384277344,132.0420679752551,129.9413731133275,132.0323330550851,89880900
2021-02-04,133.61758422851562,133.6273043090521,130.8944628567243,132.55751669715318,84183100
2021-02-05,133.20361328125,133.84645384942093,132.32702331519238,133.77828189570104,75693800
2021-02-08,133.34974670410156,133.39844945852406,131.41149002924152,132.49262578464683,71297200
2021-02-09,132.47312927246094,134.29451105529114,132.31730127973145,133.06726715184539,76774200
2021-02-10,131.86927795410156,133.4276770274743,130.90501685547775,132.9309297060643,73046600
2021-02-11,131.61607360839844,132.843303118985,130.29143856087714,132.36603976720218,64280000
2021-02-12,131.84979248046875,132.0056353585524,130.21348684657468,130.8563275721737,60145100
2021-02-16,129.72650146484375,132.47316186052734,129.3368942321961,131.96669475107984,80576300
2021-02-17,127.43754577636719,128.78166409146453,126.103176926271,127.83688742969167,97918500
2021-02-18,126.33697509765625,126.61942728077476,124.09678225798234,125.8402278328021,96856700
2021-02-19,126.4927978515625,127.31096541209789,125.45063033694109,126.85318631272438,87668800
2021-02-22,122.72344207763672,126.34670679460257,122.33384236261952,124.68116782712916,103916400
2021-02-23,122.58708953857422,123.41498433079913,115.31134105569778,120.54170021925478,158273000
2021-02-24,122.0903549194336,122.29489311702532,119.05149320550255,121.69102056156322,111039900
2021-02-25,117.84370422363281,123.17146037981733,117.4054092554,121.43774971472523,148199500
2021-02-26,118.10669708251953,121.60333738053185,118.04825229910983,119.40210545733144,164560400
2021-03-01,124.4668960571289,124.60325484384613,119.5969181572381,120.53195302229754,116307900
2021-03-02,121.86634063720703,125.37272355528646,121.75920051926317,125.07078727617044,102260900
2021-03-03,118.88591003417969,122.44099574374602,118.67162979614048,121.56439814767528,112966300
2021-03-04,117.0060806274414,120.38584631369558,115.53535272389263,118.58395606502583,178155000
2021-03-05,118.26252746582031,118.76900926850234,114.51264641529035,117.83397451469976,153766600
2021-03-08,113.33412170410156,117.85346041822143,113.18802088680535,117.78528102761602,154376600
2021-03-09,117.94110870361328,118.88588550494669,115.70092356585985,115.93468039958287,129525800
2021-03-10,116.85999298095703,118.99303824849771,116.34376908141869,118.52552453136408,111943300
2021-03-11,118.78848266601562,120.00597696289303,118.10668883216246,119.35340180320566,103026500
2021-03-12,117.8826675415039,118.01902630934984,116.06130081484937,117.26905308619719,88105100
2021-03-15,120.76569366455078,120.77543569972144,117.28853020817765,118.25279105319385,92403800
2021-03-16,122.30463409423828,123.9117284110974,121.47673927373422,122.4312508542222,115227900
2021-03-17,121.51567840576172,122.58707194968112,119.15860369194408,120.82414250531377,111932600
2021-03-18,117.39566040039062,119.97674960924601,117.19112226503158,119.68454802673601,121229700
2021-03-19,116.8697280883789,118.27228410779664,116.56779183514182,116.7820720526636,185549500
2021-03-22,120.18131256103516,120.64883370339138,117.13270910784668,117.20088850037816,111912300
2021-03-23,119.35343170166016,121.00922138779639,118.96383194286418,120.12288918175794,95467100
2021-03-24,116.9671401977539,119.70407317138026,116.94766355336753,119.62615173183985,88530500
2021-03-25,117.45413208007812,118.49631456122934,115.90548256064227,116.43144110431777,98844700
2021-03-26,118.0580062866211,118.32098926109825,115.82755546141085,117.22036947257719,94071200
2021-03-29,118.23331451416016,119.3923715504468,117.59048134086395,118.48655542775977,80819200
2021-03-30,116.78206634521484,117.26906411360106,115.76911009525196,116.98660451621751,85671900
2021-03-31,118.97356414794922,120.30793336547684,117.99956854695249,118.48656634745086,118323800
2021-04-01,119.80145263671875,120.95076768283118,119.30471282559485,120.44429326652572,75089100
2021-04-05,122.62604522705078,122.87928615898178,119.86963594729222,120.6488353850815,88651200
2021-04-06,122.92796325683594,123.82403727576349,122.38252818983577,123.21042282538829,80171300
2021-04-07,124.57403564453125,124.59351228641088,121.88580577435263,122.55786509964642,83466700
2021-04-08,126.97004699707031,126.9992656715053,125.17789894243262,125.59670985066151,88844600
2021-04-09,129.54141235351562,129.58036563750287,126.1032091394081,126.42462946477704,106686700
2021-04-12,127.82718658447266,129.39532007888374,127.23304868008105,129.07389975073812,91420000
2021-04-13,130.9342498779297,131.15827961533503,128.49926034784548,128.9960077236605,91266500
2021-04-14,128.59664916992188,131.48941754486856,128.2362755221187,131.43098018165665,87222800
2021-04-15,131.00242614746094,131.48942401418012,130.16478922222413,130.34011618248067,89347100
2021-04-16,130.6712646484375,131.16799709740084,129.81414368991753,130.8076234498389,84922400
2021-04-19,131.33355712890625,131.9471790846723,129.87256379574342,130.0381412567294,94264200
2021-04-20,129.64854431152344,132.00561168739057,128.3823471626382,131.50887932231677,94812300
2021-04-21,130.02842712402344,130.27192605122198,127.88563953707525,128.91807261047788,68847100
2021-04-22,128.5089874267578,130.66150947358742,127.99277092528317,129.58037371612286,84566500
2021-04-23,130.82708740234375,131.60627194079382,128.72325347974677,128.72325347974677,78657500
2021-04-26,131.21669006347656,131.5478450047434,130.08685158645528,131.32383017529745,66905100
2021-04-27,130.89527893066406,131.88875868630524,130.62256132903624,131.49915149684074,66015800
2021-04-28,130.10633850097656,131.50889459107745,129.61934068424674,130.81735115204378,107760100
2021-04-29,130.0089111328125,133.5055661641117,129.0056969879915,132.92116293750138,151101000
2021-04-30,128.04144287109375,130.08682431063778,127.66158525646483,128.3531136734093,109839500
2021-05-03,129.0933380126953,130.5835645811877,128.40180963228673,128.6063403344398,75135100
2021-05-04,124.52534484863281,128.0706959218244,123.40524834260499,127.77849424860072,137564700
2021-05-05,124.76882934570312,127.05770985077288,124.64220517501703,125.84021547722773,84000900
2021-05-06,126.3662109375,126.37594554444907,123.82407406523244,124.5643128982338,78128300
2021-05-07,127.03939056396484,128.0638111341248,126.3271553590937,127.66380595625425,78973300
2021-05-10,123.76119995117188,126.38569336703041,123.7221730582719,126.25886899143829,88071200
2021-05-11,122.8440933227539,123.19532046962064,119.78054551827158,120.4927732833166,126142800
2021-05-12,119.78052520751953,121.6049930518603,119.27319057596678,120.39518935845192,112172300
2021-05-13,121.9269790649414,123.0782463378904,121.23426847309511,121.5464761686261,105861300
2021-05-14,124.34659576416016,124.7758841676664,122.7855571745272,123.17581868284023,81918000
2021-05-17,123.1953125,123.83924502210618,122.12209907344122,123.73192293508849,74244600
2021-05-18,121.80989837646484,123.8977887358132,121.74160317568686,123.47825894714309,63342900
2021-05-19,121.65379333496094,121.87818865261369,119.86835215925528,120.16105011854478,92612000
2021-05-20,124.21000671386719,124.61002681126666,122.05382097524402,122.18066024691666,76857100
2021-05-21,122.37577056884766,124.88319058200729,122.16112639405591,124.70757329750661,79295400
2021-05-24,124.00509643554688,124.82464619337513,122.87334646207267,122.94164165492356,63092900
2021-05-25,123.80997467041016,125.19540319531397,123.24409593795775,124.70757079826137,72009500
2021-05-26,123.76119995117188,124.28805183989326,123.3416701570207,123.86852204574208,56575900
2021-05-27,122.22942352294922,124.5319579811851,122.03429651202822,123.3611810284224,94625600
2021-05-28,121.57575225830078,122.73677818956268,121.51721563777299,122.51237540484098,71311100
2021-06-01,121.25377655029297,122.29772171588232,120.92205913488071,122.03429950032661,67637100
2021-06-02,122.01480102539062,122.19041834387204,121.02939976844125,121.25379512651105,59278900
2021-06-03,120.53180694580078,121.80990611741935,120.13178685609535,121.64404739693522,76229200
2021-06-04,122.82456970214844,123.08799935298282,120.83424294183042,121.04888711847525,75169300
2021-06-07,122.8343276977539,123.24409888195902,121.79038257021139,123.09774990370911,71057600
2021-06-08,123.65387725830078,125.33200387040455,123.13678395621102,123.51728685562117,74403800
2021-06-09,124.03437042236328,124.63927604647924,123.43922338156383,124.11242420165917,56877900
2021-06-10,123.03921508789062,125.06856875877892,122.87335638380547,123.92705266664278,71186400
2021-06-11,124.24903106689453,124.33684344114933,123.02946851727127,123.44899833208643,53522400
2021-06-14,127.30281066894531,127.36134728829198,123.9758479654745,124.70758548178374,96906500
2021-06-15,126.48326873779297,127.41989931286103,126.23935623136502,126.77596672295411,62746300
2021-06-16,126.98085021972656,127.70283662845416,125.33201411236685,127.19549442536886,91815000
2021-06-17,128.5809326171875,129.3224362930399,126.49304179588825,126.63939825744673,96721700
2021-06-18,127.28328704833984,128.3077074896389,127.06864288856177,127.52719951288445,108953300
2021-06-21,129.07847595214844,129.18579802932504,126.06372153950791,127.12717628510836,79663300
2021-06-22,130.71762084960938,130.81519183288202,128.41508558444835,128.91267675700027,74783600
2021-06-23,130.4444122314453,131.0493254021088,129.98585550457855,130.51271488266488,60214200
2021-06-24,130.1614532470703,131.36149842351492,129.69313058879897,131.1761225655203,68711000
2021-06-25,129.86875915527344,130.6297648884673,129.57606120699057,130.2102425761428,70783700
2021-06-28,131.49810791015625,131.9566646084623,130.1029355337376,130.1614721527149,62111300
2021-06-29,133.01034545898438,133.16645300747723,131.0785629298999,131.51760238370522,64556100
2021-06-30,133.62501525878906,134.06405473109936,132.5615455661884,132.85424351014055,63261400
2021-07-01,133.927490234375,133.98602685703514,132.45424909031448,133.27380646927242,52485800
2021-07-02,136.55197143554688,136.5909908825578,134.39577852908815,134.54212006442484,78852600
2021-07-06,138.5618133544922,139.66428770082487,136.65929888430668,136.65929888430668,108181800
2021-07-07,141.04969787597656,141.36189806872017,139.18620319634806,140.0447648918188,104911600
2021-07-08,139.75209045410156,140.5521155930635,137.2446631833098,138.13250812343543,105575500
2021-07-09,141.5765838623047,142.10342835570765,139.17647811244083,139.27404907544525,99890800
2021-07-12,140.98143005371094,142.75712026323748,140.49360503622404,142.64979816390084,76299700
2021-07-13,142.09365844726562,143.86934850619764,140.1326074026889,140.5228614286861,100827100
2021-07-14,145.51817321777344,145.92795926693185,144.08396670742601,144.49375275658443,127050800
2021-07-15,144.864501953125,146.34749406137325,143.50834910364574,145.6060054508676,106820300
2021-07-16,142.8253936767578,146.1133292004128,142.32781756831105,144.8449961921481,93251400
2021-07-19,138.9813232421875,140.56188618036083,138.22031752231123,140.2496710710599,121434600
2021-07-20,142.5912322998047,143.5181116494979,139.47892150687957,139.9667464752501,96350000
2021-07-21,141.85948181152344,142.57171691870616,141.108242148076,141.98632105555998,74993500
2021-07-22,143.22540283203125,144.59130668501456,142.25950410848452,142.38634335455993,77338200
2021-07-23,144.94253540039062,145.09864294509043,143.3424702853048,143.9571344380385,71447400
2021-07-26,145.36209106445312,146.18163344756866,144.10349429509156,144.6596219111436,72434100
2021-07-27,143.1961212158203,145.5767090416399,142.00582730291055,145.48888924785527,104818600
2021-07-28,141.44973754882812,143.391286472983,139.06914908747908,141.28387882976534,118931200
2021-07-29,142.09365844726562,142.98150347673163,141.05947187985987,141.16679397009463,56699500
2021-07-30,142.30833435058594,142.76689112133272,140.6009465535791,140.86437626783024,70440600
2021-08-02,141.97657775878906,143.37174997131473,141.71314811709883,142.7961201026742,62880000
2021-08-03,143.7718048095703,144.43523975697417,141.64487976916462,142.25954411950144,64786600
2021-08-04,143.3717803955078,144.19132291330385,142.71809660960577,143.68399557594776,56368300
2021-08-05,143.47906494140625,144.24007063545545,142.6107371680816,143.40101116673,46397700
2021-08-06,142.79510498046875,143.74290453377364,142.29678337483543,143.0003050001657,54126800
2021-08-09,142.74627685546875,143.34231572322156,142.18933081387217,142.85375976308137,48908700
2021-08-10,142.26747131347656,144.32917762337323,141.97433481779836,143.08824157374232,69023100
2021-08-11,142.52154541015625,143.3618622586966,142.19909668704307,142.7071990606952,48493500
2021-08-12,145.48214721679688,145.63848865290169,142.5019538202862,142.84394884807298,72282600
2021-08-13,145.68734741210938,146.01956178212575,144.87634298445295,145.56031813141018,59375000
2021-08-16,147.6610870361328,147.72949199860398,143.11752446564824,145.1401375440863,103296000
2021-08-17,146.7523956298828,148.2082823920191,145.67756689112312,146.79147353422863,92229700
2021-08-18,143.01007080078125,147.2702784625577,142.8048707810112,146.37133747643588,86326000
2021-08-19,143.34228515625,144.61253336364982,141.1926423719419,141.71051038649435,86960300
2021-08-20,144.79820251464844,145.10110479232438,143.4204712746936,144.06536865206095,60549600
2021-08-23,146.28341674804688,146.7524262457425,144.50506608373868,144.91545125791524,60131800
2021-08-24,146.19546508789062,147.40708910674365,145.7362213417673,146.02935786837372,48606400
2021-08-25,144.96432495117188,146.87947087329786,144.41714466186295,146.3811342523207,58991300
2021-08-26,144.16305541992188,145.70689371393732,144.13374326132688,144.95452843061085,48597200
2021-08-27,145.19883728027344,145.34539810446006,143.46934500714787,144.10446179134948,55802400
2021-08-30,149.6153564453125,149.97689795560206,145.20858752404757,145.58966053577964,90956700
2021-08-31,148.35487365722656,149.3026732146875,147.8272249811444,149.16587817080352,86453100
2021-09-01,149.019287109375,151.43275399237308,148.85317992388826,149.3319699829077,80313700
2021-09-02,150.13323974609375,151.17875665151738,148.9118498525865,150.3482055601146,71115500
2021-09-03,150.76829528808594,151.0907438462585,149.58598390811986,150.24064677124463,57808700
2021-09-07,153.10366821289062,153.66061425099002,150.85630782844845,151.42303452779782,82278300
2021-09-08,151.559814453125,153.4456331023822,150.45567332943037,153.38700877891932,74420200
2021-09-09,150.54359436035156,152.5368955037672,150.42633082753412,151.9310910707807,57305700
2021-09-10,145.56031799316406,151.92130921813492,145.296493683324,151.45229981917254,140893200
2021-09-13,146.12705993652344,147.95425407222461,145.34536758274155,147.18234237769772,102404300
2021-09-14,144.7298126220703,147.61230470977705,143.54751554982687,146.90878293557242,109296300
2021-09-15,145.61895751953125,146.0195769004921,143.01983678244974,145.15971382126716,83281300
2021-09-16,145.38442993164062,145.56031777444971,143.85037245648,145.04244981377065,68034100
2021-09-17,142.7169189453125,145.4137565229727,142.423782481279,145.4137565229727,129868800
2021-09-20,139.6683349609375,141.5248410433877,138.03656037257468,140.50865153615536,123478900
2021-09-21,140.14707946777344,141.290312914112,139.51196302828453,140.63563516262232,75834000
2021-09-22,142.51177978515625,143.07849157950753,140.41098020716424,141.1438141486521,76404300
2021-09-23,143.46929931640625,143.71357721861844,142.30653411634987,143.29341147385273,64838200
2021-09-24,143.5572509765625,144.09466540021555,142.2283784515029,142.32609558654582,53477900
2021-09-27,142.04275512695312,142.61926249136263,140.52824357765476,142.14047228283127,74150700
2021-09-28,138.66192626953125,141.43691994614318,138.44696050068399,139.97125238193445,108972300
2021-09-29,139.5608367919922,141.1437526447908,138.77914461312116,139.20907605697715,74602000
2021-09-30,138.2613067626953,141.075393254431,138.04634099404652,140.37187163149707,89056700
2021-10-01,139.3849639892578,139.64878829633227,135.9259954801677,138.65213028813756,94639600
2021-10-04,135.95530700683594,138.95504676613083,135.10522468851968,138.5153346198599,98322000
2021-10-05,137.88021850585938,138.9843593851802,136.1702732054442,136.29730248452776,80861100
2021-10-06,138.74990844726562,138.89646928814489,135.20298700252363,136.27781620079284,83221100
2021-10-07,140.0103302001953,140.9190518423827,139.45338427911526,139.7855986818326,61732700
2021-10-08,139.62924194335938,140.87994360098938,139.29702757701324,140.73338282452485,58773200
2021-10-11,139.54132080078125,141.49554421911762,138.56420909161307,139.01368703802868,64452200
2021-10-12,138.2710723876953,139.97125212650982,137.81182869231796,139.95170571768443,73035900
2021-10-13,137.68479919433594,138.16357433643927,136.01393179740973,138.00724781162134,78762700
2021-10-14,140.46957397460938,140.58683751822448,138.27107262847971,138.8573456179309,69907100
2021-10-15,141.52487182617188,141.58349614959462,140.22531132197605,140.4793699361988,67940300
2021-10-18,143.19570922851562,143.4790650348245,139.883301471598,140.16665727790686,85589200
2021-10-19,145.35511779785156,145.75573713641117,143.19570948817753,143.6451724796259,76378900
2021-10-20,145.8437042236328,146.32249438069462,144.72979735027167,145.29652399244392,58418800
2021-10-21,146.05868530273438,146.2150267878781,144.48553451864436,145.40402210693284,61421000
2021-10-22,145.28671264648438,146.74259925266702,145.23785408913082,146.26382415540198,58883400
2021-10-25,145.23789978027344,145.95118723150932,144.24124155296286,145.27697769272697,50720600
2021-10-26,145.90235900878906,147.3875583918874,145.59944178965912,145.91212476055014,60893400
2021-10-27,145.44309997558594,146.30294823636,145.0913391249601,145.94142163499626,56094900
2021-10-28,149.0779571533203,149.66421529809745,146.29318250961379,146.39089965518153,100077900
2021-10-29,146.37135314941406,146.5081482073945,143.0589446865979,143.85040287273776,124953200
2021-11-01,145.55056762695312,146.2736207539483,144.4171144592604,145.57987978563986,74588300
2021-11-02,146.58631896972656,148.10084526807523,145.24766564186768,145.25744630214584,69122000
2021-11-03,148.0226593017578,148.49166875101167,146.39088452432864,146.94783044977856,54511500
2021-11-04,147.50477600097656,148.94111635864294,147.19209312751175,148.1105804313896,60394600
2021-11-05,148.03318786621094,148.93344079375584,146.83937063089465,148.6300964838691,65463900
2021-11-08,147.2112274169922,148.31697989696048,146.93723803048172,148.16041026715402,55020900
2021-11-09,147.5732879638672,148.17997664131613,146.83938459031998,146.97637928946335,56787900
2021-11-10,144.7453155517578,146.9078907486886,144.67682566721112,146.8002509889988,65187100
2021-11-11,144.69638061523438,146.22289720379737,144.51045604306032,145.76299817171153,41000000
2021-11-12,146.7708282470703,147.17201722849052,144.31468984639662,145.24429737902688,63804000
2021-11-15,146.7807159423828,148.62037236021212,146.22294205477462,147.14277026368927,59222800
2021-11-16,147.75921630859375,148.23870523347338,146.1348398835429,146.72196856987298,59256200
2021-11-17,150.19577026367188,151.6733569463972,147.7494257967945,147.7592057993934,88807000
2021-11-18,154.48178100585938,155.26461435018126,149.76523586281957,150.41107449173293,137827700
2021-11-19,157.10423278808594,157.56414670764048,153.17050700157068,154.26646446197273,117305600
2021-11-22,157.56414794921875,162.14369731452808,157.54457301404287,158.20997149701574,117467900
2021-11-23,157.94580078125,158.32742995233392,155.64623082003743,157.6620164381372,96041900
2021-11-24,158.46444702148438,158.66015163635032,156.2138066222637,157.29998440577035,69463600
2021-11-26,153.4444580078125,157.00633379500312,153.00411913335782,156.14523097622194,76959800
2021-11-29,156.8009033203125,157.73051124922804,155.38201155737082,155.9495652762871,88748200
2021-11-30,161.75228881835938,161.96756831221649,156.48775108343634,156.55625589116394,174048100
2021-12-01,161.2336883544922,166.64500155872992,160.99883389139347,163.88551760970591,152052500
2021-12-02,160.24534606933594,160.6759050938818,154.4132690949476,155.33309702351337,136739200
2021-12-03,158.36656188964844,161.41961013164072,156.29206642790317,160.49978216462458,118023100
2021-12-06,161.77186584472656,164.27692006238982,160.75417823673777,160.76395823883925,107497000
2021-12-07,167.50607299804688,167.8974970290668,164.7270295686555,165.45115282756737,120405400
2021-12-08,171.3223876953125,172.1835056764081,167.03638765651502,168.43570437579535,116998900
2021-12-09,170.81350708007812,172.9565066376083,170.18724366461112,171.15600118455282,108923700
2021-12-10,175.59861755371094,175.77476213435622,170.94078267392138,171.4496265464153,115402700
2021-12-13,171.96824645996094,178.22110269969062,171.76274694249355,177.2327699190323,153237000
2021-12-14,170.5884552001953,173.92527187452762,168.5139603440348,171.48870796666682,139380400
2021-12-15,175.4518280029297,175.6475325738547,168.611843504033,171.35175229088827,131063300
2021-12-16,168.56288146972656,177.25230012898882,167.0852950701425,175.43221959715143,150185800
2021-12-17,167.46694946289062,169.74694420568176,166.0480727156741,166.2829122189755,195432700
2021-12-20,166.10679626464844,166.91898445345717,163.8659512088188,164.66834446331637,107499100
2021-12-21,169.2772674560547,169.48275204230814,165.49031583648394,167.8779505711604,91185900
2021-12-22,171.87034606933594,172.08562553909977,168.45524441835437,169.3261422982902,92135300
2021-12-23,172.4966583251953,173.05443209039555,171.50834043001467,172.07589419886108,68356600
2021-12-27,176.45973205566406,176.54779687853835,173.26970404402934,173.28926405046633,74919600
2021-12-28,175.4420623779297,177.43828815623348,174.6983789116561,176.29340054719341,79144300
2021-12-29,175.5301055908203,176.7532777728696,174.316713410959,175.48117571727812,62348900
2021-12-30,174.3754425048828,176.69458737092964,174.26780274374727,175.61818975957434,59773000
2021-12-31,173.7589569091797,175.38331824017646,173.45559766181222,174.2677857929612,64062300
2022-01-03,178.10366821289062,178.9550062933326,173.89596741451703,174.0133871781769,104487900
2022-01-04,175.84323120117188,179.01369889567948,175.2756775127618,178.71035458130368,99310400
2022-01-05,171.16583251953125,176.3031560396219,170.89184312629723,175.7551772531539,94537600
2022-01-06,168.3084716796875,171.53764883189484,167.95619753705944,168.99344503165895,96904000
2022-01-07,168.474853515625,170.40257420223315,167.35932100577125,169.17940193566972,86709100
2022-01-10,168.49441528320312,168.79775959259328,164.5606894006289,165.45116232460057,106765600
2022-01-11,171.3223876953125,171.4202325096092,167.15382233749222,168.62162893365016,76138300
2022-01-12,171.7627410888672,173.37732250749067,171.0679876032979,172.3400748149154,74805200
2022-01-13,168.49441528320312,172.82933029006384,168.10299122971512,172.0073621746904,84505800
2022-01-14,169.35557556152344,170.0503291665965,167.41805960834293,167.6626941036259,80440800
2022-01-18,166.1557159423828,168.83689986985863,165.77408681023036,167.82900716362772,90956700
2022-01-19,162.662353515625,167.40826837840387,162.37858408989868,166.3514456378891,94815000
2022-01-20,160.97926330566406,166.0383024176851,160.65634400941124,163.39625309442948,91420500
2022-01-21,158.92433166503906,162.76019814543096,158.81669190708894,160.89118731707072,122848900
2022-01-24,158.15126037597656,158.8166737850042,151.37978119467465,156.58560899416545,162294600
2022-01-25,156.35076904296875,159.26680751652682,153.65001008067688,155.56793581393717,115798400
2022-01-26,156.26271057128906,160.8618354481178,154.43284958250229,159.99093736491258,108275300
2022-01-27,155.8028106689453,160.32365113506773,154.88298262420264,158.96348400735147,121954600
2022-01-28,166.67433166503906,166.69390660020625,159.30594382680772,162.15349217595866,179935700
2022-01-31,171.02883911132812,171.24411862639118,165.87194061535732,166.5079991576081,115541600
2022-02-01,170.8625030517578,171.08756258764447,168.61186289898112,170.27537434014533,86213900
2022-02-02,172.0660858154297,172.105235689561,169.6099612749151,170.9994831805343,84914300
2022-02-03,169.189208984375,172.45753715088262,168.42595056253245,170.73530076821885,89418100
2022-02-04,168.90505981445312,170.580497991328,167.22962163757825,168.20940619823992,82465400
2022-02-07,168.18978881835938,170.43348845120025,167.49413533637534,169.36552707422473,77251200
2022-02-08,171.2957305908203,171.80522273077705,167.96445422996524,168.2583925780297,74829200
2022-02-09,172.71641540527344,173.07893089654075,171.36430797248656,172.49106914991745,71285000
2022-02-10,168.6405029296875,171.93257943938036,168.08203354026793,170.6196718007765,90865900
2022-02-11,165.2308807373047,169.5811269216294,164.64300397443432,168.846288443205,98670700
2022-02-14,165.46597290039062,166.15181890180784,163.19286620961176,163.98648907913181,86185500
2022-02-15,169.2969970703125,169.45376621533188,166.80835043202623,167.5137966342849,62527400
2022-02-16,169.0618438720703,169.8358671652493,166.61238225395954,168.37599760906474,61177400
2022-02-17,165.46597290039062,168.4347180532064,165.06425776016,167.57250310838387,69589300
2022-02-18,163.9179229736328,167.09241466512012,162.83036175887298,166.38698369504047,82772700
2022-02-22,160.9982147216797,163.3202994694817,158.87206895600934,161.6448612037598,91162800
2022-02-23,156.83409118652344,162.79116699621056,156.52055301215938,162.1934979328617,90009200
2022-02-24,159.4501190185547,159.55789590082478,148.92722915533128,149.49550590272597,141147500
2022-02-25,161.51748657226562,161.78201763247694,157.61793335879435,160.52789462372328,91974200
2022-02-28,161.78201293945312,162.07595128148682,159.14639022474867,159.76365924798694,95056600
2022-03-01,159.9008331298828,163.23210951924372,158.69570233786408,161.37050993245586,83474400
2022-03-02,163.19290161132812,163.97673219026618,159.65587901852524,161.0667710705488,79724800
2022-03-03,162.86959838867188,165.4954290281514,162.20335200198932,165.06432138955572,76678400
2022-03-04,159.87142944335938,162.2033212553789,158.82306783943153,161.16475211398938,83737200
2022-03-07,156.07968139648438,161.6840502038395,155.82492784594277,160.05760426701897,96418800
2022-03-08,154.2572784423828,159.58730866544224,152.65043241487155,155.60938587479396,131148300
2022-03-09,159.6558837890625,160.10659124427465,156.1874531828048,158.21559935544633,91454900
2022-03-10,155.31544494628906,157.14763719865718,152.82678391494153,156.9614757494235,105342000
2022-03-11,151.60206604003906,156.06008893270172,151.37671976951566,155.71715834467904,96970100
2022-03-14,147.5751495361328,151.00439558659642,147.06567231572745,148.38837253642478,108732100
2022-03-15,151.95474243164062,152.42504965656914,147.33996678323365,147.84944385142342,92964300
2022-03-16,156.3638153076172,156.76553056777536,151.3375306500096,153.8751690879972,102300200
2022-03-17,157.3729705810547,157.74529344907543,154.44342469949348,155.40360925613626,75615400
2022-03-18,160.66506958007812,161.15496186500974,156.53037749922927,157.2652159266267,123511700
2022-03-21,162.03675842285156,162.98715054298916,159.71465909153343,160.20455132045697,95811400
2022-03-22,165.40724182128906,165.99510360566663,161.57628048257416,162.1641422669517,81532000
2022-03-23,166.76913452148438,169.15000379737148,164.2608735199057,164.5940116285297,98062700
2022-03-24,170.5510711669922,170.6196482982035,166.76910292949728,167.60191066747961,90131400
2022-03-25,171.18797302246094,171.7366500272882,169.25779609098333,170.36495751522006,80546200
2022-03-28,172.05015563964844,172.17751745210523,168.52292563460833,168.68948719730128,90371900
2022-03-29,175.3422393798828,175.39121664425457,172.7751938429614,173.11812439551318,100589400
2022-03-30,174.17630004882812,175.979099995584,173.12792342578476,174.94053078604693,92633200
2022-03-31,171.0802001953125,174.43106194071976,170.87443883843048,174.24490046314256,103049300
2022-04-01,170.78623962402344,171.34472398421482,168.46415506398156,170.5119011506989,78751300
2022-04-04,174.832763671875,174.88175589117134,170.91362533338986,171.04100211349504,76468400
2022-04-05,171.5210723876953,174.6955795536943,170.8940109049415,173.9117489626708,73401800
2022-04-06,168.3563995361328,170.12001491015783,166.69076860801428,168.87568420871693,89058800
2022-04-07,168.6600799560547,169.85541807711806,166.41638033883945,167.69989546465595,77594700
2022-04-08,166.65155029296875,168.30738857225097,165.77954264267717,168.30738857225097,76575500
2022-04-11,162.39930725097656,165.61299973690032,162.1543610861938,165.29947642014864,72246700
2022-04-12,164.27069091796875,166.43600652884118,163.2713064320056,164.62341397476007,79265200
2022-04-13,166.95526123046875,167.5823226689275,163.39865390857594,164.00611547230426,70618900
2022-04-14,161.94859313964844,167.80771592706967,161.70364698483297,167.17084695435335,75329400
2022-04-18,161.73306274414062,163.23213209405864,160.26338573831293,160.6063014028095,69023900
2022-04-19,164.01593017578125,164.42745284930518,160.59649161266293,161.68405307765963,67723800
2022-04-20,163.84933471679688,165.4659878847408,162.74218855364813,165.3484035950485,67929800
2022-04-21,163.0557098388672,168.062408468632,162.55602520215882,165.49537825406796,87227800
2022-04-22,158.519287109375,164.4763771389046,158.2351562552314,163.09489270969436,84882400
2022-04-25,159.58731079101562,159.87144172970685,155.2566649146805,157.862880430984,96046400
2022-04-26,153.6302032470703,159.05820246882445,153.55181869779824,158.9700254572649,95623200
2022-04-27,153.4048614501953,156.55975368530983,152.2389155403168,152.7582001127346,88063200
2022-04-28,160.33192443847656,161.19413952588084,155.71713316880462,156.0306713643422,130216800
2022-04-29,154.4630126953125,162.84017274008735,154.0711048951049,158.5683119363977,131747600
2022-05-02,154.76673889160156,155.03126989569458,150.17154800531014,153.54200848268903,123055300
2022-05-03,156.25601196289062,157.46115753940876,153.15990462040372,154.9528969165434,88966500
2022-05-04,162.66383361816406,163.1145261346623,156.04048055543203,156.44219580516028,108256500
2022-05-05,153.6007843017578,160.76300492843146,151.81756975295238,160.53765873226337,130525300
2022-05-06,154.32691955566406,156.44636712680793,151.2851189689877,153.0807608024048,116124600
2022-05-09,149.20494079589844,152.90416000742098,148.6456508199546,152.0210492953049,131577900
2022-05-10,151.60891723632812,153.7970575708187,150.05858149525076,152.599963074193,115366700
2022-05-11,143.74932861328125,152.53128118939546,143.07228159830737,150.61789721596364,142689800
2022-05-12,139.88333129882812,143.45498708775622,136.19393338715008,140.08939498593494,182602000
2022-05-13,144.34788513183594,145.31930242919321,140.422988536555,141.8751960845671,113990900
2022-05-16,142.8073272705078,144.75016147394118,141.472862097978,142.817149092285,86643800
2022-05-17,146.4378662109375,146.95791370140876,143.92592034755194,146.06499632256597,78336300
2022-05-18,138.1759796142578,144.59317839270622,137.27324030149254,144.09275951105042,109742900
2022-05-19,134.77114868164062,139.00022255113117,134.03523053806913,137.25364468817165,136095600
2022-05-20,135.00662231445312,138.0582299092985,130.1201304167111,136.47845848613497,137426100
2022-05-23,140.4229736328125,140.57015125059797,135.0654837610607,135.20285452842407,117726300
2022-05-24,137.72463989257812,139.30441157484717,134.75153153593112,138.1661878220446,104132700
2022-05-25,137.88162231445312,139.12776621000188,135.742545873108,135.8308524536192,92482700
2022-05-26,141.0803985595703,141.62988165478208,134.56507119637524,134.81037721904417,90601500
2022-05-27,146.83035278320312,146.86959515379783,142.53258704704527,142.6601509529846,90978500
2022-05-31,146.04539489746094,147.8312299883083,144.08294665114528,146.27108722583742,103718400
2022-06-01,145.9178466796875,148.8909545900905,144.90717205322113,147.08549081541827,74286600
2022-06-02,148.37086486816406,148.429735903567,144.10253513399695,145.0543234657787,72348100
2022-06-03,142.65037536621094,145.19174238635256,141.74765092180013,144.14182533230215,88570300
2022-06-06,143.39610290527344,145.7804854788439,142.17937951644433,144.26939183778111,71598400
2022-06-07,145.9178466796875,146.20239508903217,141.39440285018887,141.63970888221743,67808200
2022-06-08,145.18191528320312,147.05604181726716,144.6913032640919,145.79026939576806,53950200
2022-06-09,139.96182250976562,145.17212073609275,139.8538872463902,144.318460453583,69473000
2022-06-10,134.55528259277344,138.1171163437947,134.4865897104107,137.64613290864105,91437900
2022-06-13,129.40383911132812,132.6614953380435,128.97209811172078,130.37524138815306,122207100
2022-06-14,130.26730346679688,131.3760914682962,129.01133784221852,130.63036655754385,84784300
2022-06-15,132.88719177246094,134.76133366612893,129.67859928442957,131.7685967366082,91533000
2022-06-16,127.61799621582031,129.9042500251396,126.61714350302216,129.60007296838003,108123900
2022-06-17,129.08981323242188,130.5812777450833,127.3726714161481,127.62779921111623,134520300
2022-06-21,133.3189239501953,134.48658311474856,130.8168142802015,130.91492771438774,81000500
2022-06-22,132.80870056152344,135.17343948860204,131.395735327504,132.2592024365102,73409200
2022-06-23,135.67385864257812,135.9878425646897,133.0834276529192,134.25108671150673,72433800
2022-06-24,139.0001983642578,139.24550436943025,137.14568556404583,137.27323450557805,89116800
2022-06-27,139.0001983642578,140.79584011879487,138.32315139441545,140.02066475796738,70207900
2022-06-28,134.8594512939453,140.7271675936439,134.7417091855751,139.46139501178652,67083400
2022-06-29,136.6157989501953,138.0287637570601,134.10386817011945,134.87904343302176,66242400
2022-06-30,134.15296936035156,135.77198324759192,131.25836106107414,134.67301697127326,98964500
2022-07-01,136.3214569091797,136.4293921589786,133.11286488498627,133.48571986150768,71051600
2022-07-05,138.902099609375,138.9511638153359,134.3590266331402,135.18326636531972,73353800
2022-07-06,140.23655700683594,141.41402301996357,138.4311081218874,138.69604284083624,74064300
2022-07-07,143.60215759277344,143.79839942455877,140.58979232323185,140.5995991745189,66253700
2022-07-08,144.27920532226562,144.77963926575595,142.27751446518533,142.53262737695925,64547800
2022-07-11,142.14991760253906,143.88668829327412,141.08038702449986,142.93489980535588,63141600
2022-07-12,143.12135314941406,145.66272006961017,142.32656399441228,143.02322474684678,77588800
2022-07-13,142.75830078125,143.7002675399076,139.45156535802397,140.3052405126538,71185600
2022-07-14,145.68234252929688,146.1533259024835,140.56035155748177,141.3747693527097,78140700
2022-07-15,147.35040283203125,148.0274497717396,145.41739039952375,146.96772607988603,76259900
2022-07-18,144.30862426757812,148.7241323716371,143.9455611978647,147.90971463576915,81420900
2022-07-19,148.16485595703125,148.3905333334654,144.1516525247905,145.14268358851726,82982400
2022-07-20,150.16650390625,150.83374396533713,147.54663780551792,148.28255575422767,64823400
2022-07-21,152.4331512451172,152.64902171844827,149.0871738807754,151.59910487340264,65086600
2022-07-22,151.19683837890625,153.34572184345396,150.5296130875675,152.47243287549966,66675400
2022-07-25,150.07823181152344,152.1289867062053,149.42081342303993,151.11832702232695,53623900
2022-07-26,148.75357055664062,150.21558479499407,147.96858832963514,149.4011670445513,55138700
2022-07-27,153.8461151123047,154.37598449377768,149.3030578563077,149.71517016840275,78620700
2022-07-28,154.3956298828125,154.68017830567564,151.51082841353704,154.03256675700305,81378700
2022-07-29,159.458740234375,160.55772152561576,156.50526076605678,158.2125962735302,101786900
2022-08-01,158.4774932861328,160.51844113720935,157.8691391572039,157.98688125382472,67829400
2022-08-02,157.00564575195312,159.36059231885778,156.63279081571793,157.09396729027588,59907000
2022-08-03,163.01075744628906,163.4621121282082,157.73176722636683,157.82007379818262,82507500
2022-08-04,162.69674682617188,164.05084071884252,161.34265293350123,162.89298862903826,55474100
2022-08-05,162.4707794189453,162.96207295817032,160.1616937873522,160.36804367078585,56697000
2022-08-08,161.9991455078125,164.88795425048374,161.34081388850365,163.47302629545368,60276900
2022-08-09,162.04824829101562,162.93258559805665,160.40732977942574,161.16392597706255,63135500
2022-08-10,166.29306030273438,166.3913100252121,163.99379489901474,164.76021170255777,70170500
2022-08-11,165.55609130859375,168.0125588424397,165.26131220591463,167.09874512344325,57149200
2022-08-12,169.10324096679688,169.1720142653812,166.45024387983412,166.86294364369544,68039400
2022-08-15,170.17425537109375,170.37076978453467,168.36629877849532,168.53333677957454,54091700
2022-08-16,170.0170440673828,170.6852110892498,168.67090454328755,169.77139729331643,56377100
2022-08-17,171.51055908203125,173.08268924248625,169.56504107416526,169.76155547008622,79542000
2022-08-18,171.11752319335938,171.85446345688476,170.10545976423154,170.72449438338106,62290100
2022-08-19,168.5333251953125,170.71466951867444,168.3269753298755,170.0170261568602,70346300
2022-08-22,164.65211486816406,166.90223255698254,164.22959465128477,166.73519456201245,69026800
2022-08-23,164.3180389404297,165.77227866474297,163.74813661491604,164.17065687050786,54147100
2022-08-24,164.61282348632812,165.1827258305819,163.355113138006,164.4064885816526,53841500
2022-08-25,167.0692596435547,167.1773448089003,165.4185207470986,165.84102594330326,51218200
2022-08-26,160.77088928222656,168.0715189036816,160.71193645776907,167.59988131493301,78961000
2022-08-29,158.56991577148438,160.0634374134409,157.03708224821386,158.3439099366534,73314000
2022-08-30,156.14292907714844,159.72936621122975,154.9736479587286,159.30686092942906,77906200
2022-08-31,154.48236083984375,157.78385443277264,154.40375206464415,157.51855169061037,87991100
2022-09-01,155.20944213867188,155.66142374222144,151.97672265788725,153.91242016030444,74229900
2022-09-02,153.09686279296875,157.56763619543025,152.27149339367668,156.9682575855211,76957800
2022-09-06,151.83917236328125,154.35459275815265,151.0138028574181,153.7453935980758,73714800
2022-09-07,153.24429321289062,153.9419216691413,150.93520749298594,152.1241445003408,87449600
2022-09-08,151.77041625976562,153.63732582875608,150.0213973567108,151.94727474830393,84923800
2022-09-09,154.62973022460938,155.07190642293236,152.05535676886382,152.76282069447305,68028800
2022-09-12,160.58421325683594,161.39976240335073,156.5261384587271,156.81108213975503,104956000
2022-09-13,151.1612091064453,157.74454025448654,150.69939192954584,157.11568505512628,122656600
2022-09-14,152.6055908203125,154.3644300184662,150.9351958505273,152.0946413613245,87965400
2022-09-15,149.71676635742188,152.5368010537083,148.7440148881969,151.9570633678186,90481100
2022-09-16,148.0758819580078,148.7145726076231,145.78645207689314,148.57701100499813,162278800
2022-09-19,151.7900390625,151.8686478234834,146.50373107588743,146.71006595451675,81474200
2022-09-20,154.1678924560547,155.32735289857166,150.41441795742156,150.72883799724963,107689800
2022-09-21,151.04327392578125,155.9758648340084,150.92536828428254,154.600234046477,101696800
2022-09-22,150.0803680419922,151.78023962875704,148.28223174210513,149.7266360650785,86652500
2022-09-23,147.81057739257812,148.83247642204518,145.97314422465584,148.55735322020942,96029900
2022-09-26,148.1446533203125,151.09241446222893,147.03432515906897,147.05398109807987,93339400
2022-09-27,149.11740112304688,152.02586530633175,147.33892101138343,150.08034720002962,84442700
2022-09-28,147.23085021972656,148.01692291304855,142.31791462782627,145.06916155790836,146691400
2022-09-29,139.99899291992188,144.16516723784525,138.2303333041484,143.55596808972413,128138200
2022-09-30,135.79351806640625,140.60820327947016,135.59700366840286,138.8198877735382,124925300
2022-10-03,139.96951293945312,140.57872706512543,135.2924042908768,135.80335372086685,114311700
2022-10-04,143.5559539794922,143.67385961125873,141.74798266491518,142.50457878595228,87830100
2022-10-05,143.85072326660156,144.8136692711772,140.51975411083046,141.56130887045842,79471000
2022-10-06,142.89761352539062,144.970872598081,142.6912786611767,143.27100136570334,68402200
2022-10-07,137.65061950683594,140.60821619318722,137.02176437961742,140.05795483791823,85925600
2022-10-10,137.97488403320312,139.41928832461434,136.15710682488464,137.97488403320312,74899000
2022-10-11,136.5599365234375,138.88867789955424,135.8131758038938,137.4639147607023,77033700
2022-10-12,135.93109130859375,137.91592138284778,135.75423283314072,136.70734348798558,70433700
2022-10-13,140.50013732910156,141.08968060374895,132.03022618093473,132.6394403890868,113224000
2022-10-14,135.9704132080078,142.00349764686453,135.78371925254498,141.79714775053986,88598000
2022-10-17,139.93023681640625,140.41169491464842,137.82750095740744,138.61357366022068,85250900
2022-10-18,141.24688720703125,144.1455159806622,138.1615644966325,142.95659405664904,99136600
2022-10-19,141.35499572753906,142.42601218125702,139.03608932702545,139.22278329462767,61758300
2022-10-20,140.89312744140625,143.34959455977452,140.1660077768585,140.5295751056751,64522000
2022-10-21,144.7056121826172,145.2755145225026,140.16604940438248,140.38221977444553,86548600
2022-10-24,146.84762573242188,147.6140424012265,143.45770354454174,144.62698448602487,75981900
2022-10-25,149.68731689453125,149.83471395703802,146.75921150175503,147.476495894735,74732300
2022-10-26,146.7493438720703,149.34337241188203,145.46214257606442,148.331309212192,88194300
2022-10-27,142.27862548828125,146.4546209688135,141.62029388228584,145.49168973842666,109180200
2022-10-28,153.02810668945312,154.75745443354808,145.24601935139384,145.6193922207591,164762400
2022-10-31,150.66989135742188,151.55422867895751,149.27461957607085,150.49303288896766,97943200
2022-11-01,148.0267333984375,152.74315424703352,146.5332118743015,152.3796018355527,80379300
2022-11-02,142.50460815429688,149.5202795588878,142.47513174028055,146.35634784769096,93604600
2022-11-03,136.461669921875,140.313408670562,136.33392883040858,139.58628898595558,97918500
2022-11-04,136.19595336914062,140.41823769444377,132.25908536615194,139.84739003185524,140814800
2022-11-07,136.72740173339844,136.95376740177366,133.52869700052665,134.94597165427223,83374600
2022-11-08,137.29827880859375,139.19781051108808,135.32000793975288,138.19391993058036,89908500
2022-11-09,132.74136352539062,136.36329048249235,132.4657839221066,136.31407662091405,74917800
2022-11-10,144.55194091796875,144.55194091796875,137.298266687944,139.0108096143879,118854000
2022-11-11,147.3372802734375,147.64238513720315,142.0914019190675,143.5185285677149,93979700
2022-11-14,145.93968200683594,147.9081158240503,145.10309162733654,146.6187940766482,73374100
2022-11-15,147.67193603515625,151.1659099557232,146.21529884381314,149.8175372526668,89868300
2022-11-16,146.44163513183594,147.50459125268796,144.96530968920132,146.77628031248196,64218300
2022-11-17,148.34121704101562,149.08921670380388,143.84333724490105,144.11891685845265,80389400
2022-11-18,148.9021759033203,150.28992540848853,147.60301733738748,149.90608139833125,74829600
2022-11-21,145.67398071289062,147.99673387925796,145.38856433603218,147.79005667966175,58724100
2022-11-22,147.80970764160156,148.04592513732047,144.6110022662971,145.7920747269315,51804100
2022-11-23,148.68568420410156,149.4336837921187,146.98297781162248,147.09124229312135,58301400
2022-11-25,145.7723846435547,146.5302359602774,144.79800437919693,145.96922504559745,35195900
2022-11-28,141.94378662109375,144.32559012136235,141.11704788902577,142.8492645206864,69246000
2022-11-29,138.94192504882812,142.52447466230237,138.13487484288268,142.01267756953146,83763800
2022-11-30,145.69363403320312,146.3727461321645,138.33169544585772,139.16827084330671,111380900
2022-12-01,145.96922302246094,146.7762881829984,144.29605710134743,145.87081033178356,71250400
2022-12-02,145.47714233398438,145.66414600537883,143.351229571757,143.65634951969474,65447400
2022-12-05,144.31576538085938,148.5380503426706,143.46933803189978,145.43777233013495,68826400
2022-12-06,140.65447998046875,144.9751927748334,139.68009957146649,144.74882702977874,64727200
2022-12-07,138.715576171875,141.10721678685633,137.79040959032307,139.94584768607433,69721100
2022-12-08,140.3985595703125,141.25483863673134,138.87303512029186,140.11314322681335,62128300
2022-12-09,139.9163055419922,143.2724894333561,138.6761823933455,140.09345741010685,76097000
2022-12-12,142.2095184326172,142.21935519606154,138.8336463442299,140.44776160871248,70462700
2022-12-13,143.17405700683594,147.60303377953338,141.9634742273276,147.1404505596148,93886200
2022-12-14,140.94973754882812,144.34528354143862,138.93208948952125,143.05596154285573,82291200
2022-12-15,134.3456268310547,139.5619801804679,133.88304361781863,138.88286801559113,98931900
2022-12-16,132.3870391845703,135.47748033551235,131.6193510336839,134.53264031194206,160156900
2022-12-19,130.2808074951172,133.06614357854048,129.24739159594094,132.9775676474043,79592600
2022-12-20,130.2119140625,131.14691722297425,127.83994745250583,129.31627297471567,77432800
2022-12-21,133.31219482421875,134.6507305969255,130.65481182459862,130.88117753836192,85928000
2022-12-22,130.14305114746094,132.436279289867,128.24351894119835,132.2296020641105,77852100
2022-12-23,129.77883911132812,130.32999816428637,127.59387642427377,128.85367283616628,63814900
2022-12-27,127.97775268554688,129.3359771357154,126.68843064335461,129.3064518231432,69007800
2022-12-28,124.05070495605469,128.96194542125178,123.88338987714543,127.62340977201893,85438400
2022-12-29,127.56437683105469,128.4206408882066,125.71405141675788,125.969942452078,75703700
2022-12-30,127.87934875488281,127.89903730624758,125.41881297202508,126.38334924637851,77034200
2023-01-03,123.09603118896484,128.83401111884518,122.21023430585915,128.2238013285794,112117500
2023-01-04,124.36566162109375,126.62936374107429,123.10586505340991,124.88729543343348,89113600
2023-01-05,123.04681396484375,125.75341088924934,122.79092293482029,125.12351256937882,80962700
2023-01-06,127.57421112060547,128.2336347517989,122.91886860960567,124.02119442530204,87754700
2023-01-09,128.09585571289062,131.30441322455866,127.83996466106093,128.4108124086458,70790800
2023-01-10,128.6666717529297,129.1883055110105,126.09786503081405,128.20408860626057,63896200
2023-01-11,131.3831329345703,131.4028064616691,128.40095662151043,129.1784814447806,69458900
2023-01-12,131.30438232421875,132.14095769176564,129.36547379890666,131.76696547602162,71379600
2023-01-13,132.63307189941406,132.7905502170586,129.58200833933589,129.94616380817476,57809700
2023-01-17,133.79446411132812,135.12314807764807,132.01303370787318,132.7019826183309,63646600
2023-01-18,133.0760040283203,136.42233624485746,132.898837136548,134.6605941996835,69672800
2023-01-19,133.13507080078125,134.0995994948706,131.65874493478267,131.96384987754826,58280400
2023-01-20,135.69400024414062,135.84164181281548,132.10161400912494,133.14488168206822,80223600
2023-01-23,138.8828582763672,141.0579844042408,135.72351517113088,135.94004410758743,81760300
2023-01-24,140.28045654296875,140.90051809732327,138.0856567013407,138.0954934654877,66435100
2023-01-25,139.62103271484375,140.18202862963406,136.61916767862735,138.6663409653264,65799300
2023-01-26,141.6879119873047,141.97332836189656,139.6604119793185,140.91037200424128,54105100
2023-01-27,143.62677001953125,144.9062550377642,140.82176076743906,140.90049992434123,70555800
2023-01-30,140.7430419921875,143.2527985417942,140.59541543784155,142.6721140707524,64015300
2023-01-31,142.01268005371094,142.06189391275458,140.0344090710312,140.4477784546675,65874500
2023-02-01,143.1346893310547,144.29607334830789,139.08957136310852,141.69774073810188,77663600
2023-02-02,148.4396209716797,148.79392468833726,145.83143680858885,146.54991104174482,118339000
2023-02-03,152.06149291992188,154.89604205970915,145.49676878177968,145.69360913471905,154357300
2023-02-06,149.3352508544922,150.6836384438328,148.40024764766747,150.1620046015634,69858300
2023-02-07,152.20913696289062,152.77998456473935,148.26243261630023,148.26243261630023,83322600
2023-02-08,149.52223205566406,152.14025265616812,148.78406936876726,151.45130381865607,64120100
2023-02-09,148.48880004882812,151.89419715713953,148.04590544398496,151.3528748543498,56007100
2023-02-10,148.853515625,149.17880490718028,147.08908410868764,147.32566223415182,57450700
2023-02-13,151.65298461914062,152.0571182724141,148.7648180243575,148.79438841262413,62199000
2023-02-14,151.01223754882812,151.5741049324063,148.70565732767898,149.94765859116993,61707600
2023-02-15,153.11184692382812,153.27941747242824,150.69683660205456,150.92354792770303,65573800
2023-02-16,151.51499938964844,154.09758049199988,151.16013965459408,151.31784339392544,68167900
2023-02-17,150.37155151367188,150.81512239489066,148.69583093968438,150.17441057100683,59144100
2023-02-21,146.3596649169922,149.1394018439348,146.29067235544917,148.05510409777494,58867200
2023-02-22,146.7835235595703,147.80866542554767,145.0585140913541,146.74408634882758,51011300
2023-02-23,147.26651000976562,148.19308888929672,145.13736699227027,147.94665897626774,48394200
2023-02-24,144.61492919921875,145.08807039598366,143.6390613800591,145.00921102304162,55469600
2023-02-27,145.8076629638672,147.039812645864,145.34437348016522,145.60067024018994,44998500
2023-02-28,145.30496215820312,146.95111245136155,144.73324285815977,144.9501024216552,50547000
2023-03-01,143.2349090576172,145.12748883698703,142.9391901768966,144.73320702328428,55479000
2023-03-02,143.8263702392578,144.61494903595985,141.84506394442167,142.31822024697658,52238100
2023-03-03,148.87326049804688,148.9521198871165,145.22610023869615,145.9259528752422,70732300
2023-03-06,151.63328552246094,154.0680147422593,151.26857399298945,151.59384830577196,87558000
2023-03-07,149.43515014648438,151.83044240070947,148.97186056761163,151.50515301293333,56182000
2023-03-08,150.68698120117188,151.278419098267,149.66183922588297,150.62784041964048,47204800
2023-03-09,148.43954467773438,152.33313497413033,148.08468493947933,151.3671337581158,53833600
2023-03-10,146.37939453125,148.78455331931613,145.50210448552664,148.0649820559655,68572400
2023-03-13,148.32125854492188,150.9531285889032,145.59081050522525,145.69924028415588,84457100
2023-03-14,150.4109649658203,151.2093955139033,147.95653254628945,149.11967456920323,73695900
2023-03-15,150.80528259277344,151.06156433450928,147.77911548729296,149.03098388604963,77167900
2023-03-16,153.6244354248047,154.22572509887632,149.47454848721353,149.98712698991974,76161100
2023-03-17,152.78656005859375,154.50171782493953,152.07684064085686,153.8511391851991,98944600
2023-03-20,155.1522979736328,155.56631354554972,151.94870846939224,152.85558396503848,73641400
2023-03-21,157.0054473876953,157.1237289497417,154.3045697408097,155.07344501678244,73938300
2023-03-22,155.57614135742188,159.82459083880553,155.55642275206148,157.02515051318744,75701800
2023-03-23,156.66041564941406,159.2430113419942,155.4282660956086,156.5618527096425,67622100
2023-03-24,157.96160888671875,158.0503200650471,155.5958872192805,156.5914588714899,59196500
2023-03-27,156.0196990966797,158.47414634705046,155.615550445655,157.65599726359355,52390300
2023-03-28,155.39871215820312,156.22672817707905,153.7525619849842,155.714149696992,45992200
2023-03-29,158.47418212890625,158.75018247951246,157.07446176772007,157.09416533498404,51305700
2023-03-30,160.0414581298828,160.1498879032855,158.96702721945866,159.22330893800608,49501700
2023-03-31,162.545166015625,162.64374399803975,159.59787385661696,160.1203040734608,68749800
2023-04-03,163.79705810546875,163.91533966892132,161.87490749491164,161.92419649331373,56976200
2023-04-04,163.2647705078125,164.45748300799937,162.75219201536794,164.22091988909426,46278300
2023-04-05,161.42147827148438,162.69306530915642,159.48947577581393,162.38749456021097,51511700
2023-04-06,162.30862426757812,162.60434321282244,159.686606015777,160.1104583059446,45390100
2023-04-10,159.71617126464844,159.71617126464844,157.7940207437735,159.11488161033475,47716900
2023-04-11,158.5037384033203,160.04145880285023,158.21787125365222,160.03160702009572,47644200
2023-04-12,157.81373596191406,159.7457382241708,157.49829842634344,158.9177372546322,50133100
2023-04-13,163.19577026367188,163.43234843413578,159.11489082873655,159.3218986080038,68445600
2023-04-14,162.85076904296875,163.94491858408577,161.48061917083933,162.23961256067847,49386500
2023-04-17,162.87046813964844,163.02818690758198,161.68760746192598,162.73246797792896,41516200
2023-04-18,164.0927734375,165.01935243982652,163.2844759960185,163.72806193096773,49923000
2023-04-19,165.23619079589844,165.75862101045766,163.17602528319068,163.4323220199929,47720200
2023-04-20,164.2701873779297,165.47276665465435,163.1957564794937,163.71818673436218,52456400
2023-04-21,162.66346740722656,164.0730393438838,162.14103717495192,162.69303779464673,58337300
2023-04-24,162.96905517578125,163.23520373133107,161.54961626736943,162.643765839196,41949600
2023-04-25,161.4313201904297,163.93504162144998,161.3918829793584,162.83104036567903,48714100
2023-04-26,161.42147827148438,162.91977666468185,160.47519563222698,160.73147738017352,45498800
2023-04-27,166.00506591796875,166.1529178634098,162.83104713478986,162.83104713478986,64902300
2023-04-28,167.2569580078125,167.42454363941766,165.48267408691203,166.08396387282838,55275900
2023-05-01,167.16822814941406,168.01594783420873,166.23179728666088,166.8626573980738,52472900
2023-05-02,166.13320922851562,167.91737470896658,165.1474894240389,167.66107793363267,48425700
2023-05-03,165.05877685546875,168.47922575134587,164.77292473257992,167.07950544573387,65136000
2023-05-04,163.42247009277344,164.65461977543495,161.96360907995128,162.535328337613,81235400
2023-05-05,171.09141540527344,171.81098674245246,168.32152976866723,168.53838935645695,113453200
2023-05-08,171.0223846435547,171.36739258858663,169.65223472844943,170.0169462399646,55962800
2023-05-09,169.31704711914062,171.06175984996688,169.14947660469957,170.5787669086033,45326900
2023-05-10,171.08152770996094,171.54481722364216,169.4452292165715,170.54924563088602,53724500
2023-05-11,171.26881408691406,172.09681510347738,169.71137500858376,171.36739208260082,49514700
2023-05-12,170.34092712402344,171.81167121139163,168.79119952450796,171.3773522647327,45533100
2023-05-15,169.847412109375,170.97268634600138,169.2551561693846,170.92332917405315,37266700
2023-05-16,169.847412109375,170.903583292935,169.58089543020992,169.76844364659667,42110300
2023-05-17,170.45938110351562,170.6962714054677,168.21869827349877,169.49204389326178,57951600
2023-05-18,172.78892517089844,172.97647339745131,170.35082834910114,170.76540150488879,65496700
2023-05-19,172.8975067138672,174.11161490131875,172.68034719263906,174.11161490131875,55809500
2023-05-22,171.9498748779297,172.4532969038887,171.20956254487746,171.73271538863227,43570900
2023-05-23,169.343994140625,171.140492823502,169.06761204505847,170.89372201948225,50747300
2023-05-24,169.62034606933594,170.19285604024458,168.31740428792023,168.88003378894078,45143500
2023-05-25,170.75550842285156,171.65374258398057,169.47229739906246,170.18299842572435,56058300
2023-05-26,173.16403198242188,173.499651782114,170.87400634832463,171.08130048749632,54835000
2023-05-30,175.00985717773438,176.67803022234617,174.28929064745816,174.6742524991613,55964400
2023-05-31,174.9604949951172,177.03337571367211,174.4768188110026,175.03946345752533,99625300
2023-06-01,177.76382446289062,177.79343575638538,174.64463768008144,175.40469602373648,68901800
2023-06-02,178.61268615722656,179.4319669478336,176.94451328757913,178.69165461361322,61996900
2023-06-05,177.26040649414062,182.56103856696868,175.74028990045602,180.27101332814428,121946500
2023-06-06,176.89520263671875,177.79343698174293,175.13818052764557,177.64538051324874,64848400
2023-06-07,175.52313232421875,178.8693435880805,175.0295907510138,176.13511905525095,61944600
2023-06-08,178.23760986328125,178.50411146672758,175.16778069465795,175.60208462454239,50214900
2023-06-09,178.6226043701172,179.87618934318917,178.29686506682958,179.1556227362357,48900000
2023-06-12,181.41600036621094,181.51471470308874,178.6324337942364,178.92856174317663,54274900
2023-06-13,180.9422149658203,181.7713612206094,180.08345742062403,180.4388079672042,54929100
2023-06-14,181.57395935058594,182.00827838693002,179.66889592317074,181.00144926283193,57462900
2023-06-15,183.6073455810547,184.11076766616947,181.4061542027307,181.5838370156226,65433200
2023-06-16,182.53143310546875,184.57470266619666,181.88983501651188,184.31805138125782,101256200
2023-06-20,182.62025451660156,183.69618663444365,182.02801364300083,182.02801364300083,49799100
2023-06-21,181.5838165283203,183.01508403325016,180.2315024183292,182.51166200493424,49515700
2023-06-22,184.5845489501953,184.63390612000734,181.29756025506936,181.3666633051449,51245300
2023-06-23,184.26869201660156,185.13733008755815,182.62026481317798,183.15329819733586,53117000
2023-06-26,182.8769073486328,185.6209974197008,182.83741558637178,184.4167547195407,48088700
2023-06-27,185.63084411621094,185.9565833444032,183.27171612569057,183.48887561115208,50730800
2023-06-28,186.8054962158203,187.44709427325768,185.17681495512898,185.50253915791174,51216800
2023-06-29,187.14109802246094,187.61490879718235,186.49949997485513,186.63769101872532,46347300
2023-06-30,191.4645538330078,191.96796090675178,188.7895513940242,189.15478246637608,85213200
2023-07-03,189.9740753173828,191.37573191972734,189.28310489702244,191.2770175563338,31458200
2023-07-05,188.85862731933594,190.48730854754436,188.15779163185775,189.09553270560195,46920300
2023-07-06,189.33241271972656,189.53970680413252,186.75612514844465,187.3878577490578,45094300
2023-07-07,188.21702575683594,190.1813268348204,187.78272178125238,188.93760736945495,46815000
2023-07-10,186.17376708984375,187.5359467558433,184.62403920180722,186.8153651594175,59922200
2023-07-11,185.650634765625,186.85487763479418,184.1897556525184,186.71668657087457,46638100
2023-07-12,187.3187713623047,189.22383458950753,186.0355602702456,187.22992243297554,60750200
2023-07-13,188.07884216308594,188.72045533421505,187.32866429002723,188.03936545890204,41342300
2023-07-14,188.2268829345703,188.71054402484233,187.1805772351739,187.7728180713282,41616200
2023-07-17,191.48426818847656,191.81000743962883,189.33241906132668,189.421252931179,50520200
2023-07-18,191.22763061523438,191.8198865800326,189.93455398917624,190.85254922844402,48288200
2023-07-19,192.57994079589844,195.66950100927124,190.16157487576123,190.6057743707706,80507300
2023-07-20,190.6353759765625,193.93223012421538,190.01350876450033,192.57005054034346,59581200
2023-07-21,189.46075439453125,192.45161532627134,188.75991868585442,191.59285775033445,71951700
2023-07-24,190.2602996826172,192.3924031537896,189.76675804919924,190.91177825353577,45377800
2023-07-25,191.1190643310547,191.9284798692301,190.42810903120733,190.83281680029503,37283200
2023-07-26,191.98764038085938,193.11291438010988,190.8228896893944,191.16835969676694,47471900
2023-07-27,190.7241973876953,194.65278390019768,190.06285351948284,193.4880330742484,47460200
2023-07-28,193.30050659179688,194.09017617119656,191.63233355900982,192.15548645475204,48291400
2023-07-31,193.9125213623047,193.95201313090922,192.737889764315,193.52755945774223,38824100
2023-08-01,193.0833740234375,194.1889025518439,192.7576347116685,193.7052413515144,35175100
2023-08-02,190.09246826171875,192.65887532596588,189.37190180440743,192.52068429221174,50389300
2023-08-03,188.70068359375,189.8851803589987,188.22688789998924,189.09552588996192,61235200
2023-08-04,179.6392822265625,184.95966022717982,179.57017917093492,183.12368481919472,115956800
2023-08-07,176.5398406982422,180.7645556934903,175.0592158617292,179.77747246914834,97576100
2023-08-08,177.47755432128906,177.94148460917899,175.2862285117603,177.36897457174686,67823000
2023-08-09,175.8883514404297,178.59294967088076,174.72358547458126,178.53372709089916,60378500
2023-08-10,175.6711883544922,178.41527829006225,175.30597241092943,177.1616784798233,54686900
2023-08-11,175.73048400878906,176.55087114534,174.50485775151037,175.26594233781003,52036700
2023-08-14,177.38116455078125,177.60849603671858,175.2560608313475,175.90841909398483,43675600
2023-08-15,175.39442443847656,177.40090780634856,174.99906405268155,176.80786722765603,43622600
2023-08-16,174.52467346191406,176.47183969890867,174.45547708148473,175.07818417720551,46964900
2023-08-17,171.98440551757812,175.4537406821077,171.47042491030345,175.08803154260252,66062900
2023-08-18,172.46873474121094,173.07166917955516,169.96804315644715,170.30410101859755,61172200
2023-08-21,173.80308532714844,174.08973444525807,171.7274205434044,173.0420157807921,46311900
2023-08-22,175.17698669433594,175.62177093693052,174.2083431088137,175.00895776189057,42038900
2023-08-23,179.02194213867188,179.44696895877536,176.2642675025049,176.45206899868776,52722800
2023-08-24,174.3368377685547,179.0021629998802,173.97111355320405,178.57713623123834,54945800
2023-08-25,176.541015625,177.07475372946672,173.78334110152613,175.3252679389123,51449600
2023-08-28,178.10269165039062,178.49805204021447,176.48168992086147,178.0038440119186,43820700
2023-08-29,181.98715209960938,182.75811538578077,177.42067493043544,177.61835511729424,53003900
2023-08-30,185.47628784179688,185.67398314097,182.6000082560471,182.7976884731864,60813900
2023-08-31,185.69375610351562,186.92927641629686,185.3082743692093,185.6641048225717,60794500
2023-09-01,187.26535034179688,187.7200133732383,186.09901131803056,187.29500162288934,45766500
2023-09-05,187.5025177001953,187.77927298177536,185.43673181910435,186.09896874874457,45280000
2023-09-06,180.7911834716797,186.66237722656214,179.36786194540127,186.21757793807612,81755800
2023-09-07,175.503173828125,176.1456533918577,171.52973657694065,173.15073850258275,112488800
2023-09-08,176.115966796875,178.15211655476327,175.7304851357375,176.2840107997074,65551300
2023-09-11,177.28228759765625,178.21140101532347,175.2856831308839,177.9840695669679,58953100
2023-09-12,174.25778198242188,178.04341790139725,172.79493020499618,177.4108321261293,90370200
2023-09-13,172.1919708251953,175.24617287306006,171.96462426919445,174.46531572894506,84267900
2023-09-14,173.70423889160156,174.06006926639952,171.56925664281374,171.98438956640607,60895800
2023-09-15,172.98269653320312,174.45544195430384,171.806494041059,174.43566940930017,109259500
2023-09-18,175.90843200683594,177.3021024660386,174.12927983360214,174.4356864419302,67257600
2023-09-19,176.9956817626953,177.54919237650395,175.07815207769175,175.46363376102514,51826900
2023-09-20,173.45712280273438,177.6183455616589,173.36815390370754,177.183440124748,58436200
2023-09-21,171.9152069091797,174.25776334751873,171.846025624082,172.5280351536478,63149100
2023-09-22,172.7652587890625,175.02874030453424,172.03384046276338,172.64665367280514,56725400
2023-09-25,174.0403289794922,174.92001880772483,172.13267784152856,172.18210166869468,46172700
2023-09-26,169.9680633544922,173.17052232124786,169.6715354659317,172.79493440563715,64588900
2023-09-27,168.4557647705078,171.03553164114703,167.0917606780329,170.62039864934732,66921800
2023-09-28,168.71275329589844,170.03722730338785,165.67830850769053,167.37838547451082,56294400
2023-09-29,169.2267303466797,171.06518493104676,168.36679806748614,170.02734498983367,51861100
2023-10-02,171.73727416992188,172.28090596787308,168.94993390517055,169.23658298137698,52164500
2023-10-03,170.40293884277344,171.61870157072957,168.84125459232132,170.26456118455488,49594600
2023-10-04,171.6483612060547,172.19199313339385,168.98951921036945,169.10812432832188,53020300
2023-10-05,172.88388061523438,173.41761872545223,170.67970163713667,171.77684421895017,48527900
2023-10-06,175.43397521972656,175.9281832590251,171.17388925206592,171.78671747657816,57266700
2023-10-09,176.9166259765625,176.97592853708252,173.7635757979471,174.76187075811515,42390800
2023-10-10,176.3235626220703,177.63815795783916,175.8886570875863,176.03692856454262,43698000
2023-10-11,177.71725463867188,177.7666784703244,175.54274178428383,176.13578251800644,47551100
2023-10-12,178.61668395996094,180.227791982292,176.96601576479657,177.98409824545533,56743100
2023-10-13,176.77822875976562,179.82253713140665,176.07644667980117,179.31845034069394,51427100
2023-10-16,176.6497039794922,177.0055343332113,174.46529804209953,174.70252330525588,52517000
2023-10-17,175.09793090820312,176.35322375615226,172.77516179309222,174.60372278813253,57549400
2023-10-18,173.80308532714844,175.52293478970745,173.08154578913502,173.54610256783715,54764400
2023-10-19,173.427490234375,175.7799102245973,173.16061367257353,174.00075828264139,59302900
2023-10-20,170.8773956298828,173.3879661145723,170.64017031492207,173.27923973046956,64244000
2023-10-23,170.99598693847656,171.99428177951037,167.96154224302492,168.93020088937016,55980100
2023-10-24,171.43089294433594,171.65822442721412,169.4639394511676,171.045411263789,43816600
2023-10-25,169.11802673339844,171.05531414118843,168.67322735441405,169.88899020331988,57157000
2023-10-26,164.9567413330078,169.3947344867521,163.75087263790635,168.39642470029793,70625300
2023-10-27,166.27134704589844,167.00278034322866,164.8974493569631,164.9765244498122,58499100
2023-10-30,168.31736755371094,169.18717852998205,166.91381853056686,167.06208999172168,51131000
2023-10-31,168.79180908203125,168.92029290970513,165.9550448299652,167.38826013413149,44846000
2023-11-01,171.95474243164062,172.2117251766134,168.14933458405196,169.01914553939386,56934900
2023-11-02,175.5130615234375,175.7206204672586,173.42750286114074,173.4868054165182,77334800
2023-11-03,174.6037139892578,174.77175801380423,171.34195262679097,172.2216424329047,79829200
2023-11-06,177.15382385253906,177.35150406781844,174.16881791314302,174.33684685023218,63841300
2023-11-07,179.7138214111328,180.32663456302825,176.89682951103612,177.1043884447924,70530000
2023-11-08,180.7714080810547,181.32491864766183,179.48646421884135,180.23767005812115,49340300
2023-11-09,180.29698181152344,181.98716487212562,179.7039261272927,180.84061367506283,53763500
2023-11-10,184.48348999023438,184.65175539538808,181.6430032262288,182.07848170612579,66133400
2023-11-13,182.89993286132812,184.1172820619318,182.31600272709323,183.9094496896321,43627500
2023-11-14,185.51280212402344,186.17591157835597,184.38452385663774,185.77012344749633,60108400
2023-11-15,186.07693481445312,187.55162053928348,185.84930383072194,185.91859136162876,53790500
2023-11-16,187.7594757080078,188.9966236513369,186.7103615664657,187.6209157424311,54412900
2023-11-17,187.73965454101562,188.42256253993392,186.63117494967102,188.2938943366879,50922700
2023-11-20,189.48155212402344,189.9368291546864,187.9277023558229,187.93759410143886,46505100
2023-11-21,188.6798858642578,189.55084275358138,187.78914548337832,189.44197314241592,38134500
2023-11-22,189.34300231933594,190.9463411053134,188.8679417719912,189.52115946327928,39617700
2023-11-24,188.01678466796875,188.93721542830764,187.30418629136327,188.9075250877743,24048300
2023-11-27,187.83863830566406,188.70959528304604,186.95778958150402,187.96730652329646,40552600
2023-11-28,188.44235229492188,189.1153685705385,187.45263402635211,187.82873180101734,38415400
2023-11-29,187.4229278564453,190.11496252773426,187.02704662321503,188.93719547130772,43014200
2023-11-30,187.9969940185547,188.36320007044645,186.2550951920731,187.88812439803064,48794400
2023-12-01,189.27371215820312,189.59041412612484,187.28436893039358,188.3730649805332,45704800
2023-12-04,187.48236083984375,188.09599655502976,185.52272251537218,188.0267090138373,43389500
2023-12-05,191.4313201904297,192.40123993854135,188.22462732075607,188.25433276481266,66628400
2023-12-06,190.34263610839844,192.75753614335477,190.1347886146608,192.45072587794942,41089700
2023-12-07,192.27256774902344,192.99505783958267,191.5995514892092,191.63914867608756,47477700
2023-12-08,193.6977996826172,193.97491963358075,191.67876563770596,192.203315195023,53406400
2023-12-11,191.19378662109375,191.50061200003438,189.45188773429211,191.12451418849048,60943700
2023-12-12,192.70806884765625,192.71796059458774,189.7488055095461,191.09482308550778,52696900
2023-12-13,195.9246368408203,195.96421892707963,192.8466123940007,193.08413511536142,70404200
2023-12-14,196.07308959960938,197.56755876987646,194.14314196862804,195.9840185786185,66831600
2023-12-15,195.53866577148438,196.36011872958818,194.9745190512041,195.4990685795855,128538400
2023-12-18,193.87591552734375,194.60831249977454,192.39133809002112,194.0738561652729,55751900
2023-12-19,194.91514587402344,194.9250376214273,193.87593852424982,194.14316672319833,40714100
2023-12-20,192.8268280029297,195.6475162401682,192.8268280029297,194.87553713507947,52242800
2023-12-21,192.6783447265625,195.0536776254948,191.51048442189503,194.08375795359612,46482500
2023-12-22,191.60948181152344,193.4008696387368,190.98595440796598,193.17322354105164,37149600
2023-12-26,191.06512451171875,191.89648427525853,190.84738527337694,191.6193643540786,28919300
2023-12-27,191.16407775878906,191.51048519395766,189.12526053943682,190.51087517820892,48087700
2023-12-28,191.5896759033203,192.65857351066379,191.18388776405135,192.14391575114956,34049900
2023-12-29,190.55047607421875,192.40124458871406,189.75869835988954,191.90638540499626,42672100
2024-01-02,183.73129272460938,186.50250680575422,181.99928581163158,185.2257618242656,82488700
2024-01-03,182.3555908203125,183.96883642924203,181.5440145919006,182.32590048043423,58414500
2024-01-04,180.03965759277344,181.2075179249861,179.0202489631632,180.27718031693732,71983600
2024-01-05,179.31716918945312,180.88092604513352,178.31755906038765,180.11885376441708,62379700
2024-01-08,183.65211486816406,183.69171205497358,179.63386121540748,180.21779135468154,59144500
2024-01-09,183.2364501953125,183.24634194188326,180.85122540618832,182.0289926299427,42841800
2024-01-10,184.27565002441406,184.48348240733844,182.02898528742006,182.45457200324566,46792900
2024-01-11,183.68185424804688,185.1268499143514,181.73210757942329,184.62208381012638,49128400
2024-01-12,184.00843811035156,184.82001442518902,183.28594792653803,184.14699807850627,40477800
2024-01-16,181.74195861816406,182.36547081733983,179.06970738606304,180.28707165025173,65603000
2024-01-17,180.80174255371094,181.04917214343425,178.44622312883942,179.40625114511818,47317400
2024-01-18,186.69056701660156,187.1953179109023,183.91935276727983,184.17667408756796,78005800
2024-01-19,189.5904541015625,189.97644367310738,186.8786353534436,187.38338630026252,68903000
2024-01-22,191.89646911621094,193.3216657993532,190.28322355100102,190.32282073770045,60133900
2024-01-23,193.17323303222656,193.73737977781175,191.83712223283266,193.01488956324005,42355600
2024-01-24,192.50021362304688,194.36088890095834,192.34185506707502,193.41075266703035,53631300
2024-01-25,192.17361450195312,194.2520291241628,191.1245154438125,193.21282181305796,54822100
2024-01-26,190.44158935546875,192.7575265029299,189.96652881027472,192.27257421163478,44594000
2024-01-29,189.75868225097656,190.22385105233468,187.63079398239137,190.03580216218106,47145600
2024-01-30,186.1066131591797,189.82796344587697,185.54248160944437,188.9768051464624,55859400
2024-01-31,182.5040283203125,185.1762795166647,182.45455449229945,185.11688373962707,55467800
2024-02-01,184.93878173828125,185.0278527702626,181.93004443231115,182.09829474891072,64885400
2024-02-02,183.9391632080078,185.40394215196616,177.40701599262258,178.01074479617154,102551700
2024-02-05,185.75033569335938,187.3042007769885,183.92925752426459,186.21550453356022,69668800
2024-02-06,187.35366821289062,187.36355995873058,184.8496822422945,184.93875326056028,43490800
2024-02-07,187.46253967285156,189.08567701882757,186.6707620426896,188.67988890685803,53439000
2024-02-08,186.3837432861328,187.5911856262693,185.42371540021887,187.44273393335544,40962000
2024-02-09,187.1468048095703,188.2765227675386,186.30446474496694,186.9485964735415,45155200
2024-02-12,185.4621124267578,186.96840797825126,185.10535861511914,186.72066269575697,41781900
2024-02-13,183.3711395263672,184.53060074172208,181.85493962465304,184.094566630165,56529500
2024-02-14,182.4892120361328,183.8567711565096,180.79464237244255,183.6486735380374,54630500
2024-02-15,182.2018280029297,182.826151079826,179.71447030737514,181.89462620990932,65434500
2024-02-16,180.66580200195312,183.18290302222294,180.03157456209792,181.76579187183052,49752500
2024-02-20,179.9225616455078,180.78471053407532,178.3766332434525,180.15048310961222,53665600
2024-02-21,180.67572021484375,181.24057170015067,179.03068760645021,180.29914247718926,41371400
2024-02-22,182.7071990966797,183.29188949706392,180.8144364958238,181.82522643308513,52292200
2024-02-23,180.8739013671875,183.3711632214272,180.58650833781007,183.34143499372246,45119700
2024-02-26,179.52615356445312,181.11171437415507,179.0207434868858,180.59641504961763,40867400
2024-02-27,180.98291015625,182.26126931281985,177.94059046680667,179.46671005654383,54318900
2024-02-28,179.78382873535156,181.4684939502017,178.50546948959806,180.86399474191828,48953900
2024-02-29,179.119873046875,180.92346630197014,177.9108746304469,179.63518756564144,136682600
2024-03-01,178.03968811035156,178.90183692569335,175.78025215753124,177.93067957222544,73563100
2024-03-04,173.5208282470703,175.30458245485661,172.2226300679557,174.56134649455421,81510100
2024-03-05,168.58570861816406,170.48839061409436,168.09021804252058,169.21993595014084,95132400
2024-03-06,167.59475708007812,169.69564777442116,167.1587228770791,169.5172632726602,68587700
2024-03-07,167.47584533691406,169.19023880968834,166.9704503005263,167.6244864884472,71765100
2024-03-08,169.19024658203125,172.13346248699506,167.41639656715574,167.47585303050033,76267000
2024-03-11,171.19200134277344,172.8073055285168,170.49831753088682,171.3802901891083,60139500
2024-03-12,171.66769409179688,172.46048219171502,169.4677142970823,171.58841376968752,59825400
2024-03-13,169.58660888671875,171.6280276345068,169.21993557914925,171.21181736641944,52488700
2024-03-14,171.4397430419922,172.73792596009017,170.49831395125625,171.35055836544484,72913500
2024-03-15,171.06317138671875,171.06317138671875,168.75418335618096,169.62625165850892,121752700
2024-03-18,172.1532440185547,176.10726419166866,171.9550508157469,173.98656516716395,75604200
2024-03-19,174.49197387695312,175.01719271038215,171.46947815172825,172.76766112194616,55215200
2024-03-20,177.05860900878906,177.05860900878906,173.51089450186836,174.1352174960067,53423100
2024-03-21,169.824462890625,175.88927881289044,169.29924400405602,175.45324461547284,106181300
2024-03-22,170.7262725830078,171.48933248689517,168.5262926884995,170.21095802650942,71160100
2024-03-25,169.30914306640625,170.3893089389317,167.92176032191367,169.03166954174233,54288300
2024-03-26,168.179443359375,169.8740129173693,168.05061095138228,168.46682128354186,57388400
2024-03-27,171.74696350097656,172.0343565405087,168.57582642397568,168.87312383270142,60273300
2024-03-28,169.9334716796875,170.67670766601367,168.97221859434498,170.20104086869387,65672700
2024-04-01,168.49655151367188,169.70554992575666,167.9515087670476,169.64609346633853,46240500
2024-04-02,167.31727600097656,167.81276664190898,166.71277681419204,167.5551169522469,49329500
2024-04-03,168.11996459960938,169.14067408704202,167.05962251511946,167.2677201117247,47691700
2024-04-04,167.29745483398438,170.3694875068381,167.29745483398438,168.7541832986243,53704400
2024-04-05,168.05059814453125,168.85329051832247,167.42627513328318,168.06050251317026,42104800
2024-04-08,166.9307861328125,167.67402205960258,166.72268854116854,167.50555706407098,37425500
2024-04-09,168.13978576660156,168.5460917055098,166.83169838821917,167.17853275073267,42373800
2024-04-10,166.266845703125,167.56502882108228,165.60289002910008,167.27765088979615,49709300
2024-04-11,173.4613494873047,173.87757491447604,166.64340884278624,166.8217782077108,91070300
2024-04-12,174.95773315429688,176.75140669942581,172.63884078505302,172.68837774790788,101670900
2024-04-15,171.13255310058594,175.0370216134587,170.94426424521788,173.77847120218846,73531800
2024-04-16,167.8524169921875,172.1929047923956,166.75242714722782,170.20103782824683,73711200
2024-04-17,166.48484802246094,169.11094225529814,166.48484802246094,168.08032842085646,50901200
2024-04-18,165.5334930419922,167.11906901091456,165.0479219314042,166.51456987389489,43122900
2024-04-19,163.5118865966797,164.89925413145542,162.60018577080248,164.71098041837104,68149400
2024-04-22,164.3443145751953,165.75150603037284,163.28397258003716,164.0272084619306,48116400
2024-04-23,165.39476013183594,165.54341638804536,163.43262154349364,163.85875133255257,49537800
2024-04-24,167.49563598632812,167.7731094949557,164.7109814111337,165.03799187966663,48251800
2024-04-25,168.3578338623047,169.0713416987358,166.63352073740006,168.00107994408913,50558300
2024-04-26,167.77313232421875,169.79472746518425,167.65420428921547,168.34790327634968,44838400
2024-04-29,171.9352569580078,174.44243845784558,171.5388704832316,171.8064245491769,68169400
2024-04-30,168.79383850097656,173.41181476528868,168.46681287321124,171.76678225756265,65934800
2024-05-01,167.77313232421875,171.1523820898212,167.58484346320657,168.05060587060277,50383100
2024-05-02,171.46946716308594,171.85594920671264,169.34876810707777,170.95415273119292,94214900
2024-05-03,181.72613525390625,185.31348231884328,181.01262758822543,184.9666328542693,163224100
2024-05-06,180.0712127685547,182.53874644704828,178.79283846563771,180.70544017490002,78569700
2024-05-07,180.75497436523438,183.23242749590466,179.68472791941784,181.79550770435065,77305800
2024-05-08,181.09193420410156,181.4189598584749,179.813559816899,181.20094275555934,45057100
2024-05-09,182.90542602539062,182.99461071341904,180.46760537105857,180.9135439323752,48983000
2024-05-10,181.64515686035156,183.66949389545601,180.7322193628195,183.48094965782863,50759500
2024-05-13,184.85035705566406,185.6640710757596,183.2030934113359,184.01680743143146,72044800
2024-05-14,185.99151611328125,186.85484938535834,184.86026592315986,186.07090395104018,52393600
2024-05-15,188.26397705078125,189.18683240943687,185.9320062923224,186.46787049037354,70400000
2024-05-16,188.38304138183594,189.6333810173086,188.2044300863017,189.00821119957226,52845200
2024-05-17,188.4127960205078,189.34558420614056,187.7280891548122,188.05555831413108,41282900
2024-05-20,189.57382202148438,190.44707314635468,187.5594028379898,187.87695420764547,44361300
2024-05-21,190.873779296875,191.25085261805762,189.4547462309282,189.62343971650407,42309400
2024-05-22,189.43487548828125,191.3401532056599,188.80972090576984,190.7943713148317,34648500
2024-05-23,185.44573974609375,189.53411475837095,185.19765844405399,189.51426401453708,51005900
2024-05-24,188.52195739746094,189.11735863774422,186.59684388111853,187.37087155015982,36327000
2024-05-28,188.53192138671875,191.51881559867596,187.6487523245995,190.04024519822877,52280100
2024-05-29,188.82958984375,190.7745542503335,188.05557725890648,188.15481585355153,53068000
2024-05-30,189.82191467285156,190.70508365256933,189.16699143181853,189.29598343446253,49889100
2024-05-31,190.77456665039062,191.09211806054816,188.45252874493116,189.9707854632458,75158300
2024-06-03,192.5408935546875,193.49353258818425,191.04248767189634,191.41956102246726,50080500
2024-06-04,192.8584442138672,193.82100104656786,191.548567440495,193.1462119125533,47471400
2024-06-05,194.3667755126953,195.38886948576234,193.37445009094603,193.9003813531384,54156800
2024-06-06,192.9874267578125,194.9919281725913,192.67980832687616,194.1881470745491,41181800
2024-06-07,195.37892150878906,195.42854080055034,192.65002702042116,193.15610745634936,53103900
2024-06-10,191.6378631591797,195.7857909182053,190.6753063763642,195.3888517006261,97010200
2024-06-11,205.56019592285156,205.57012886730556,192.14396771907968,192.1638033246204,172373300
2024-06-12,211.43478393554688,218.5100538646653,205.3121227860245,205.7785169434978,198134300
2024-06-13,212.5957794189453,215.08651049080893,209.97604121171418,213.09194207290335,97862700
2024-06-14,210.8592071533203,213.51863167298376,209.67833763090172,212.20877015870124,70122700
2024-06-17,215.00714111328125,217.26964179829142,211.08745883873982,211.7324642876032,93728300
2024-06-18,212.64537048339844,216.95207356237006,211.36527757731236,215.92004682631284,79943300
2024-06-20,208.07078552246094,212.59580212894483,207.2471687535905,212.28816853161533,86172500
2024-06-21,205.8975830078125,210.26380829361358,205.52049454653314,208.77532033595196,241805100
2024-06-24,206.5426025390625,211.06760381745957,205.00449518251241,206.12582769938734,80727000
2024-06-25,207.46546936035156,209.75773850908567,207.0089930344414,207.54484206411715,55549700
2024-06-26,211.61338806152344,213.2110325348534,209.0234182045521,209.87681864015101,66213200
2024-06-27,212.4568634033203,214.0842763709762,210.7202940415425,213.04233172557286,49772700
2024-06-28,209.00355529785156,214.41174043740799,208.68601906723538,214.1140398112984,82542700
2024-07-01,215.0865020751953,215.84066382869798,210.29356920849017,210.4622626872336,60402900
2024-07-02,218.5795135498047,218.6886699462021,213.44919320249295,214.4911227279333,58046200
2024-07-03,219.8496856689453,219.8496856689453,217.34902153194005,218.31157833867707,37369800
2024-07-05,224.6029510498047,224.71210746096483,219.94894201112783,219.94894201112783,60412400
2024-07-08,226.07156372070312,226.1013322692385,221.53662969916704,225.34715532852172,59085900
2024-07-09,226.92495727539062,227.63943274976205,224.63268810415036,226.180713251394,48076100
2024-07-10,231.1919708251953,231.2912094233167,227.49060126886744,227.54022056792812,62627700
2024-07-11,225.823486328125,230.60648662367137,224.03729767642758,229.61416127735984,64710600
2024-07-12,228.7706756591797,230.8545649156238,226.92494993371525,227.16311346469493,53046500
2024-07-15,232.60104370117188,235.40932611038664,231.3010999839828,234.66508213718535,62631300
2024-07-16,233.0178680419922,234.4567369075411,230.54697223527828,233.1964793539142,43234300
2024-07-17,227.12342834472656,229.6836295353235,224.9006141352506,227.68904591405493,57345900
2024-07-18,222.45948791503906,228.67145424701283,220.56415801938329,228.51267855827928,66034600
2024-07-19,222.58848571777344,225.05938116686082,221.5663918696606,223.09458131167176,49151500
2024-07-22,222.2412109375,226.03188622300922,221.3778775132773,225.26779139889447,48201800
2024-07-23,223.2831268310547,225.19832267550643,220.97100689389265,222.64803919770813,39960300
2024-07-24,216.86277770996094,223.0747441599071,215.46361045876344,222.280880842846,61777600
2024-07-25,215.8208465576172,219.15506035064124,212.97286249707204,217.24978234747041,51391200
2024-07-26,216.2872314453125,217.80548795978973,214.35218497553956,217.02154248476683,41601300
2024-07-29,216.56507873535156,217.61694112977094,214.09418328948692,215.29490356378676,36311800
2024-07-30,217.1208038330078,218.63906050664175,214.4613638470993,217.50781013919521,41643800
2024-07-31,220.37562561035156,222.10227724921992,218.93675681546986,219.74053796301214,50036300
2024-08-01,216.68418884277344,222.75721583481788,215.35447635552063,222.64805942815178,62501000
2024-08-02,218.1726531982422,223.86860618805187,216.0391597412521,217.46809553371503,105568600
2024-08-05,207.6639404296875,211.8614726265992,194.4957781490091,197.562059997048,119548600
2024-08-06,205.6395721435547,208.3783997216886,199.52685967053256,203.72439154098564,69660500
2024-08-07,208.209716796875,212.00039184379946,204.80603289763474,205.31211338628992,63516400
2024-08-08,211.6729278564453,212.55609685346144,207.22731432081122,211.4744658055274,47161100
2024-08-09,214.5804443359375,215.11629337558463,210.3432107490655,210.47221789303094,42201600
2024-08-12,216.11038208007812,218.07745621052726,214.19298467780987,214.65991863613397,38028100
2024-08-13,219.82598876953125,220.44193777769505,217.58072790378117,217.58072790378117,44155300
2024-08-14,220.27305603027344,221.57450454206742,218.2662343099079,219.13056699635618,41960600
2024-08-15,223.25347900390625,223.8793724762866,221.30626328939533,223.13426697458056,46414000
2024-08-16,224.57479858398438,225.34970708383625,222.19045191126241,222.45869413327577,44340200
2024-08-19,224.4158477783203,224.515201244893,221.5844407323156,224.24695901251525,40687800
2024-08-20,225.03176879882812,225.68746521443902,223.97868888483964,224.2966078109087,30299000
2024-08-21,224.92250061035156,226.4921913011218,223.58131984717622,225.04172779494317,34765500
2024-08-22,223.06471252441406,226.84984597984075,222.43881906323927,226.30343225653021,43695300
2024-08-23,225.35963439941406,226.73063334528243,222.866020162344,224.187342377279,38677300
2024-08-26,225.69740295410156,225.79675641202357,222.4288803537143,225.28014571740593,30602200
2024-08-27,226.54185485839844,227.356510742363,223.42234738221904,224.52510403050715,35934600
2024-08-28,225.0119171142578,228.35991942602843,224.20719049274723,226.43257756563742,38052200
2024-08-29,228.29037475585938,231.39995310375193,227.3863249726349,228.59836441740794,51906300
2024-08-30,227.50552368164062,228.89638108151303,225.9954391052015,228.68776005113654,52990800
2024-09-03,221.31619262695312,227.50553099413642,219.7266282681139,227.05847075546578,50190600
2024-09-04,219.40872192382812,220.33264539565292,216.06070449558098,220.2134333758585,43840200
2024-09-05,220.92874145507812,224.00850159902006,220.07435325324454,220.1836359939166,36615400
2024-09-06,219.37892150878906,223.7700744804958,218.33577084564575,222.4884846157397,48423000
2024-09-09,219.4683380126953,219.82598924771256,215.2957503769675,219.37892899374344,67180000
2024-09-10,218.67355346679688,220.03460793809228,215.31560663834654,217.49131703149231,51591000
2024-09-11,221.2069091796875,221.63409569372266,216.46803428284608,220.01474349397893,44587100
2024-09-12,221.31619262695312,222.09110108310472,218.38544755210194,221.04795042006705,37455600
2024-09-13,221.04795837402344,222.57790161811045,220.46181236980377,222.12091208096655,36766600
2024-09-16,214.90829467773438,215.80241517960704,212.52394807405793,215.126845002842,59357400
2024-09-17,215.3751983642578,215.48448109873988,213.10014982176025,214.3419921866889,45519300
2024-09-18,219.24978637695312,221.25660816461058,216.12033408306178,216.13027852526886,59894900
2024-09-19,227.3763885498047,228.32020097310811,223.16406850984052,223.52171975466862,66781300
2024-09-20,226.7107696533203,231.56885703306253,226.13455289925716,228.4692229235467,318679900
2024-09-23,224.9920654296875,227.95261380296742,224.33636892980346,225.85638298730962,54146000
2024-09-24,225.8861541748047,227.8532433973514,224.2568575968381,227.15779954496355,43556100
2024-09-25,224.89268493652344,225.80667911779153,222.5580303354434,223.46208007568333,42308700
2024-09-26,226.0352020263672,227.00880227293717,223.9389713421174,225.81663654010723,36636700
2024-09-27,226.3034210205078,228.02214184296878,225.8166284941723,226.9690618971705,34026000
2024-09-30,231.4794158935547,231.4794158935547,228.15127230522148,228.53872651515564,54541900
2024-10-01,224.73374938964844,228.15128705136544,222.2798675150603,228.02214574584622,63285000
2024-10-02,225.30003356933594,225.8861795938886,221.56457676904253,224.41584231153624,32880600
2024-10-03,224.197265625,225.3298253274289,221.8626109260752,223.67072564154154,34044200
2024-10-04,225.3198699951172,226.51203557154693,222.6672966608185,226.41268212384122,37245100
2024-10-07,220.24325561523438,224.2171516536621,219.8856043654075,223.0349151567562,39505400
2024-10-08,224.29661560058594,224.5052366387564,221.79305702807565,222.83620769655573,31855700
2024-10-09,228.04200744628906,228.25064364916537,223.36275355639287,223.7601370790405,33591100
2024-10-10,227.5452880859375,228.0022928156644,225.6874964769055,226.2935162493635,28183500
2024-10-11,226.0650177001953,227.91287999534921,225.8563814846346,227.80359724609562,31759200
2024-10-14,229.79052734375,230.21771386522883,227.1081507143634,227.20748901369805,39882100
2024-10-15,232.32388305664062,235.9401275315396,230.853530735341,232.08544385770335,64751400
2024-10-16,230.2673797607422,230.60515724916505,228.34003796565733,230.0885617348273,34082200
2024-10-17,230.6349639892578,232.3238817771462,229.01561181125544,231.90660939150177,32993800
2024-10-18,233.46636962890625,234.6386615701971,232.4828249974097,234.6386615701971,46431500
2024-10-21,234.93670654296875,235.3043021987925,232.91995571367772,232.91995571367772,36254500
2024-10-22,234.32078552246094,234.67843677993508,231.0820656392084,232.36364046895116,38846600
2024-10-23,229.25404357910156,233.60546433739609,226.27362172475395,232.55238437433343,52287000
2024-10-24,229.0653076171875,229.3136761173618,226.91940013747097,228.47914643577636,31109500
2024-10-25,229.89984130859375,231.69802697431473,228.0718526331037,228.24074140819894,38802300
2024-10-28,231.8768310546875,233.1981533252385,231.03238723011694,231.79736647290133,36087100
2024-10-29,232.1450653076172,232.80076177889833,230.80388451731673,231.5787930163908,35417200
2024-10-30,228.59837341308594,231.9463759413976,228.05195968136482,231.0919876952183,47070900
2024-10-31,224.43569946289062,228.330115454563,223.89921505082026,227.84330777090054,64370100
2024-11-01,221.4552764892578,223.87935529424118,218.83250593091054,219.5279346472888,65276700
2024-11-04,220.56114196777344,221.33605042122997,218.2761640538016,219.54780947276666,44944500
2024-11-05,221.99176025390625,222.48849724939907,219.69683776020295,220.3525342324639,28111300
2024-11-06,221.2665252685547,224.5946691536601,219.74651129717958,221.15724252476647,54561100
2024-11-07,225.99545288085938,226.39285156162418,223.10445516924474,223.16406118155706,42137700
2024-11-08,225.72691345214844,227.41767417057122,225.17989861433574,225.93576400556717,38328800
2024-11-11,223.01174926757812,224.47376393957063,220.29658566640109,223.77757009002366,42005600
2024-11-12,223.01174926757812,224.36436096493557,222.14648085284745,223.33001798502116,40398300
2024-11-13,223.89691162109375,225.4185978724207,221.54973296285615,222.79294167641658,48566200
2024-11-14,226.98007202148438,227.62653447284012,223.77756520755418,223.7974607959322,44923900
2024-11-15,223.77757263183594,225.68713943052106,223.0515429787679,225.16996034674554,47923700
2024-11-18,226.7811737060547,228.49183017609323,223.94665165924164,224.0262188410909,44633700
2024-11-19,227.0397491455078,228.90953992555222,225.4285554930197,225.74680903538962,36211800
2024-11-20,227.75582885742188,228.68076882556113,224.66272507245372,226.82093350733243,35169600
2024-11-21,227.27847290039062,228.90956230117874,224.4837418395179,227.63651765548505,42108300
2024-11-22,228.62110900878906,229.46649702017746,226.82094518602503,226.82094518602503,38168300
2024-11-25,231.60479736328125,231.982737654973,228.4918131754458,230.2024695182051,90152800
2024-11-26,233.7829132080078,234.29015208323423,232.06231657216094,232.06231657216094,45986200
2024-11-27,233.65359497070312,234.4094755286879,232.5396848968981,233.19610269434173,33498400
2024-11-29,236.0405731201172,236.51796100091357,232.69882760276832,233.53426018813377,28481400
2024-12-02,238.28829956054688,239.4817769036961,235.8715090788613,235.9809120539101,48137100
2024-12-03,241.3316650390625,241.44106801091166,237.60203896586935,238.5070985351772,38861000
2024-12-04,241.68971252441406,242.78374225546824,239.9392801306149,241.55047375645148,44383900
2024-12-05,241.7195587158203,243.21140922639395,240.81451427308068,242.6644095132275,40033900
2024-12-06,241.5206298828125,243.30091318780651,240.76476447856876,241.59025685240857,36870600
2024-12-09,245.40940856933594,245.89675186527563,240.43657354260168,240.516140724136,44649200
2024-12-10,246.42385864257812,246.86147053083658,244.00705305092782,245.54863486606115,36914800
2024-12-11,245.1508026123047,249.43738355757404,244.92204129682997,246.61281718111218,45205800
2024-12-12,246.6128387451172,247.3885997871069,244.34521203481492,245.54864477609476,32777500
2024-12-13,246.7819061279297,247.9355922748061,244.90217516923994,246.47359279661413,33155300
2024-12-16,249.6761016845703,250.01426601000418,246.30452004436617,246.64268436980004,51694800
2024-12-17,252.1028289794922,252.45093348613432,248.42293425963442,248.72130738305802,51356400
2024-12-18,246.70233154296875,252.89847930582897,246.39401822090946,250.79000225751088,56774100
2024-12-19,248.43287658691406,250.6308762664829,245.7475488049507,246.15532490458142,60882300
2024-12-20,253.1073760986328,253.61459983498276,244.35518295150268,246.69240643268387,147495300
2024-12-23,253.88311767578125,254.26104280923545,252.07299848460428,253.38583418491564,40858800
2024-12-24,256.7972412109375,256.80716624287646,253.90303208844082,254.101957652135,23234700
2024-12-26,257.61273193359375,258.6868812844183,256.23029959445824,256.78725468311694,27237100
2024-12-27,254.2013702392578,257.29448932345014,251.68511699924173,256.42919055718573,42355300
2024-12-30,250.8297882080078,252.1227283114492,249.38766912858338,250.85962400320443,35557500
2024-12-31,249.05946350097656,251.90392569582917,248.07483671879714,251.0684930674946,39480700
2025-01-02,242.52517700195312,247.74665392379396,240.5062071395791,247.57756417344766,55740700
2025-01-03,242.03782653808594,242.85336358935695,240.5758118291158,242.03782653808594,40244100
2025-01-06,243.66891479492188,245.98625772407811,241.87869116125097,242.98266113735735,45045600
2025-01-07,240.8940887451172,244.21593900697974,240.03876048613398,241.6598944370817,40856000
2025-01-08,241.38140869140625,242.38593107741448,238.74581220273618,240.6056476428208,37628900
2025-01-10,235.56320190429688,238.85521627248303,231.73411285331812,238.70602211575698,61710900
2025-01-13,233.1265106201172,233.39504797306242,228.4719441071402,232.26124214226888,49630700
2025-01-14,232.01258850097656,234.8371551382162,231.20699165927476,233.47460320476435,39435300
2025-01-15,236.57763671875,237.66172623332486,233.15632396556444,233.36518970349533,39832000
2025-01-16,227.0198516845703,236.7168796666606,226.79110553013876,236.06047699847062,71759100
2025-01-17,228.7305145263672,231.0279618693864,227.2386640256131,230.85888730040747,68488300
2025-01-21,221.43040466308594,223.20073277609362,218.18812158355374,222.78301644137267,98070400
2025-01-22,222.6139373779297,222.9023551356524,218.59587812819439,218.59587812819439,64126500
2025-01-23,222.44485473632812,225.7965406078772,221.09224303438072,223.51898889751178,60234800
2025-01-24,221.5696258544922,224.4041477572621,220.2070739772995,223.55875977197638,54697900
2025-01-27,228.61119079589844,230.8887427434636,222.76313147902692,222.8029226609303,94863400
2025-01-28,236.96551513671875,238.88503723433337,229.55599442275542,229.5957855991,75707600
2025-01-29,238.05955505371094,238.55683854812662,232.73861559310797,232.84801856891494,45486100
2025-01-30,236.29916381835938,239.48177510143526,235.9212386876704,237.37329797187644,55658300
2025-01-31,234.71780395507812,245.8470107317681,232.1717149504871,245.8470107317681,100959800
2025-02-03,226.7711944580078,230.5704473180637,224.4737473364884,228.7404478557844,73063300
2025-02-04,231.53518676757812,231.8633956790269,225.4185909783935,226.01533721300711,45067300
2025-02-05,231.2069854736328,231.4058958330951,227.0298072213747,227.2883891710869,39620300
2025-02-06,231.95289611816406,232.52974674745317,229.1780459389265,230.03337408912944,29925300
2025-02-07,226.39328002929688,232.72866665415378,226.0252799376335,231.33627899238985,39707200
2025-02-10,226.66209411621094,229.58933825388894,226.21404995469493,228.57377553913867,33115600
2025-02-11,231.61053466796875,234.2092091135714,227.1400288616486,227.20971719471092,53718400
2025-02-12,235.84210205078125,235.93172304376256,229.67896101319025,230.19670873650108,45243300
2025-02-13,240.4818878173828,241.28837041996871,234.54775953627293,235.88194100703416,53614100
2025-02-14,243.53854370117188,244.48441805735465,239.9442089936196,240.203075232316,40896200
2025-02-18,243.4091339111328,244.1160443880909,240.79054182412452,243.09051524526637,48822500
2025-02-19,243.807373046875,244.94242536854557,242.10480216065562,243.5982928571997,32204200
2025-02-20,244.76321411132812,245.70908851524857,243.2298884862767,243.87707690453925,32316900
2025-02-21,244.48443603515625,247.61080936192474,244.15586625078134,244.88269415360097,53197400
2025-02-24,246.0277099609375,247.7800669312537,243.3593319822528,243.86711335623195,51326400
2025-02-25,245.9679718017578,248.91513366913293,243.84722519384715,246.92381259977986,48013300
2025-02-26,239.3169403076172,243.91688660847365,238.09228223905913,243.26971340939616,44433600
2025-02-27,236.27024841308594,241.40786042901627,236.0312844149354,238.37109275336516,41153600
2025-02-28,240.79052734375,241.03944246427386,229.2010399398617,235.92174819400608,56833400
2025-03-03,236.99705505371094,242.97101773746803,235.0853888180174,240.74073286620586,47184000
2025-03-04,234.9061737060547,239.02822274747484,233.6615980851158,236.6784633674393,53798100
2025-03-05,234.7169952392578,235.5234777567522,228.23523611666363,234.3983766092207,47227600
2025-03-06,234.30877685546875,236.82779659290307,232.14819548977783,233.42263965762712,45170400
2025-03-07,238.03256225585938,240.32256924437755,233.74125275300776,234.08974000390756,46273600
2025-03-10,226.49285888671875,235.13520040766255,223.24701094546666,234.51788053236876,72071200
2025-03-11,219.8816680908203,224.85997074742775,216.5063794973434,222.83878108425105,76137400
2025-03-12,216.0384063720703,220.78771110845915,213.9773970817033,219.18469713036333,62547500
2025-03-13,208.7700958251953,215.89902897504837,207.51556900756947,215.01289169752292,61368300
2025-03-14,212.56356811523438,213.0215634427817,208.67053186821337,210.33328309966757,60107600
2025-03-17,213.0713348388672,214.28604179494317,209.05882446828872,212.3843267022667,48073400
2025-03-18,211.7670135498047,214.21632963340127,210.57222410469132,213.23063555765447,42432400
2025-03-19,214.30596923828125,217.8106832228152,212.8224296395377,213.29039128502816,54385400
2025-03-20,213.17091369628906,216.5462020975973,211.29906714235267,213.0613904363763,48862900
2025-03-21,217.32281494140625,217.89033350890864,210.36314278996363,210.64192650603025,94127800
2025-03-24,219.7721405029297,220.5188858867363,217.63147647971348,220.04097309502072,44299500
2025-03-25,222.77903747558594,223.12752472855482,219.1249652538438,219.81197343150768,34493600
2025-03-26,220.56866455078125,224.04352508950674,219.51326687455483,222.5400680439697,34466100
2025-03-27,222.87860107421875,224.0136533961419,219.6028696378956,220.4292696466093,37094800
2025-03-28,216.9544219970703,222.8387793372666,216.73537546649092,220.7080664246457,39818600
2025-03-31,221.1660614013672,224.6409066608951,215.29165561007284,216.0682695484103,65299300
2025-04-01,222.22146606445312,222.70932997882656,217.95007407622174,218.85612876373423,36412700
2025-04-02,222.91842651367188,224.21278818927524,220.06088576879955,220.3595869543347,35905900
2025-04-03,202.3082733154297,206.58961679788308,200.37668938200366,204.64806653552571,103419000
2025-04-04,187.5625457763672,199.01264249852213,186.52705026060866,193.04863012782926,125910900
2025-04-07,180.6725616455078,193.30748067285785,173.86223225537526,176.43103817745248,160466300
2025-04-08,171.67178344726562,189.5140179775097,168.47572171547168,185.88981432593783,120859500
2025-04-09,197.98709106445312,199.7394480269994,171.14407803694525,171.20381523449285,184395900
2025-04-10,189.5936737060547,193.93475416517637,182.20587449762067,188.24954112448538,121880000
2025-04-11,197.2901153564453,198.67408279715283,185.2525839628914,185.2924188893916,87435900
2025-04-14,201.6411590576172,212.01593914767514,200.28706023476008,210.52244846919626,101352900
2025-04-15,201.2628173828125,202.62686743682656,198.93297540670014,200.98403365195668,51343900
2025-04-16,193.42697143554688,199.82906121923162,191.5352073519423,197.49921927320653,59732400
2025-04-17,196.12521362304688,197.96719174329118,193.5763250102755,196.34426016251078,52164700
2025-04-21,192.32177734375,192.958999427942,188.98630873883343,192.43130060162235,46742500
2025-04-22,198.87322998046875,200.7151927551101,195.11958571249494,195.26892870764283,52976400
2025-04-23,203.71212768554688,207.0973670311424,201.9199358938783,205.1060461943045,52929200
2025-04-24,207.4657745361328,207.92378505310097,202.0593452871763,204.00088023313933,47311000
2025-04-25,208.371826171875,208.8397878176709,205.30519003897632,205.47445049920006,38222300
2025-04-28,209.2281036376953,210.5822025692478,206.55974070372147,209.08871177088434,38743100
2025-04-29,210.29345703125,211.31898611202763,207.46576971677675,207.78438836336602,36827600
2025-04-30,211.57785034179688,212.65316547487808,205.7731479657814,208.39173986928208,52286500
2025-05-01,212.39430236816406,213.62891164873253,207.99346964638974,208.1726964341785,57365700
2025-05-02,204.45889282226562,206.0917754590827,201.2827333487594,205.19567188008233,101010600
2025-05-05,198.02691650390625,203.21431440062256,197.34987465543003,202.21865389928206,69018500
2025-05-06,197.64854431152344,199.77925700053618,196.165020010421,197.3498583398735,51216500
2025-05-07,195.3983612060547,198.5745204381265,192.4113798882551,198.30568786560423,68536700
2025-05-08,196.63299560546875,199.18188402861682,193.83517686729027,196.86199326420865,50478900
2025-05-09,197.66848754882812,199.66975978270045,196.68277813613466,198.13644922219603,36453900
2025-05-12,210.15049743652344,210.6290521628615,206.1227607044075,210.32995926202443,63775800
2025-05-13,212.28399658203125,212.75257189298435,208.36592688565332,209.79158118866218,51909300
2025-05-14,211.68580627441406,213.29092224655892,209.9411156617564,211.78549375335473,49325800
2025-05-15,210.80848693847656,212.31391554357438,208.90427796298633,210.31000386923802,45029500
2025-05-16,210.6190643310547,211.92510277199543,209.1335944967917,211.71573318604425,54737900
2025-05-19,208.14659118652344,208.84446444770495,203.64029993754312,207.27923550566183,46140500
2025-05-20,206.232421875,207.83753801206538,204.40797196423648,207.03996203611737,42496600
2025-05-21,201.47689819335938,206.4118779017609,200.10109516487896,204.54755595275296,59211800
2025-05-22,200.74911499023438,202.13489740214874,199.0941474443519,200.1010930441042,46742400
2025-05-23,194.67758178710938,197.10020219746903,192.8730755135501,193.0824298832746,78432900
2025-05-27,199.60260009765625,200.1309909415137,196.83102019804124,197.6983910952664,56288500
2025-05-28,199.81195068359375,202.11494001836002,199.2935240345892,199.98143310081724,45339700
2025-05-29,199.34336853027344,203.19165828241367,197.90773491315443,202.96236033905296,51396800
2025-05-30,200.24066162109375,201.3472946799051,196.18300200128658,198.7651407343476,70819900
2025-06-02,201.08807373046875,201.51677709467234,199.51286535414474,199.67238359256916,35423300
2025-06-03,202.6533203125,203.1518034040851,200.35033086337637,200.73914706631285,46381600
2025-06-04,202.20468139648438,205.6143037964219,201.48686455307688,202.29440469878628,43604000
2025-06-05,200.0213165283203,204.12881205428334,199.54276184010462,202.8826044104843,55126100
2025-06-06,203.3013458251953,205.07594444547604,201.43702389784912,202.38413874603313,46607700
2025-06-09,200.8388214111328,205.3750202901374,199.41316716451473,203.76990423179717,72862600
2025-06-10,202.0551300048828,203.73004106569937,199.96151019448254,199.99141796230995,54672600
2025-06-11,198.1769256591797,203.8795731269679,197.80805305990708,202.88260699920767,60989900
2025-06-12,198.5956573486328,199.07419684911244,196.7612432530472,198.47602627663701,43904600
2025-06-13,195.85398864746094,199.76209396079906,195.1062640673262,199.12403626091725,51447300
2025-06-16,197.81802368164062,198.08720880439395,195.96366601516638,196.701426450214,43020700
2025-06-17,195.0464630126953,197.7881200100286,194.61777485692886,196.60172782081946,38856200
2025-06-18,195.9835968017578,196.97059871241268,194.4781834746436,195.34553910938874,45394700
2025-06-20,200.3902130126953,201.0880863339216,196.26277341287403,197.63859168364695,96813500
2025-06-23,200.888671875,201.686247808318,198.3563846401482,201.01828233775666,55814300
2025-06-24,199.6923065185547,202.82277936444737,199.59260382672892,201.9753521214132,54064000
2025-06-25,200.948486328125,203.052085424857,200.01133575244882,200.83881944772682,39525700
2025-06-26,200.3902130126953,202.02523702778157,198.85489170599743,200.81890119127095,50799100
2025-06-27,200.469970703125,202.6034778198992,199.39324535272064,201.27751091280393,73188600
2025-06-30,204.5475311279297,206.76079706763053,198.65545787730727,201.39711462840114,91912800
2025-07-01,207.18951416015625,209.55231908550664,205.51460310500556,206.04299395149746,78788900
2025-07-02,211.7954864501953,212.69274987948137,207.5085290616707,208.2761972389462,67941800
2025-07-03,212.90213012695312,213.9987837940836,211.16740350258758,211.5063683517463,34955800
2025-07-07,209.3130340576172,215.57398008038285,208.16652910348648,212.03474730839852,50229000
2025-07-08,209.3728485107422,210.78853856973336,207.81758380403343,209.46258702266434,42848900
2025-07-09,210.4994354248047,210.6888614301138,206.59132988433592,208.8943192909964,48749400
2025-07-10,211.7655792236328,212.83232507172787,209.39279496736208,209.87133445003573,44443600
2025-07-11,210.5193634033203,211.48642172848318,209.22330444266433,209.93115706069412,39765800
2025-07-14,207.98707580566406,210.27013683517245,206.91035052542594,209.29309904361602,38840100
2025-07-15,208.4755859375,211.24715053377864,208.28615994072268,208.5852528191871,42296300
2025-07-16,209.52239990234375,211.75559423754484,208.00700716596054,209.6619745482938,47490500
2025-07-17,209.38284301757812,211.1574416148312,208.95413964633332,209.93117746335784,48068100
2025-07-18,210.539306640625,211.1474566075158,209.06380098140497,210.23024956462245,48974600
2025-07-21,211.83535766601562,215.12534891613055,210.98794558852114,211.45652088357517,51377400
2025-07-22,213.74954223632812,214.29787667610697,211.5861274580158,212.49337032996837,46404100
2025-07-23,213.5002899169922,214.4972560435483,211.76557859278188,214.3477172095632,46989300
2025-07-24,213.11148071289062,215.03563331063384,212.8821827557749,213.25105536667797,46022600
2025-07-25,213.2311248779297,214.58699944946258,212.7525701732737,214.04862920984866,40268800
2025-07-28,213.40060424804688,214.19818019857897,212.41360229785764,213.3806606658472,37858000
2025-07-29,210.6290283203125,214.15828155569844,210.18039662608902,213.53018805628847,51411700
2025-07-30,208.415771484375,211.74563469104578,207.0898047125579,211.25711581327238,45512500
2025-07-31,206.9402618408203,209.2033639475293,206.5315020865265,207.85746883247032,80698400
2025-08-01,201.76600646972656,212.93202387361222,200.88867142379772,210.23023901853355,104434500
2025-08-04,202.7330780029297,207.24933356384108,201.06813110178,203.8895472057539,75109300
2025-08-05,202.3043670654297,204.71702329589334,201.54667827641916,202.78290655256814,44155100
2025-08-06,212.60302734375,214.72657006985978,204.96626313259566,205.00615029681612,108483100
2025-08-07,219.36245727539062,220.1799768073744,215.92292715514498,218.2159523061407,90224800
2025-08-08,228.65419006347656,230.29917810781973,218.58482597462978,220.16003429974123,113854000
2025-08-11,226.74781799316406,229.12329528601256,224.3324234952035,227.4864157407103,61806100
2025-08-12,229.21310424804688,230.36092560837628,226.63802588155738,227.57622481823222,55626200
2025-08-13,232.88612365722656,234.55294488479396,229.99163136972763,230.6304284784954,69878500
2025-08-14,232.33717346191406,234.67271834509882,230.41085227691244,233.61473725595164,51916300
2025-08-15,231.1494140625,233.834298979768,228.9036945156081,233.5548328767578,56038700
2025-08-18,230.45074462890625,232.67649791960375,229.6722297518056,231.2592012143754,37476200
2025-08-19,230.1213836669922,232.42698672077375,228.9136940815642,230.84001516813981,39402600
2025-08-20,225.5800323486328,230.0315543310328,225.3404986724704,229.54248102593337,42263900
2025-08-21,224.47213745117188,226.08906587116957,223.3542730460458,225.8395414786139,30621200
2025-08-22,227.3267059326172,228.65417758009713,224.98118568943215,225.73973438952316,42477800
2025-08-25,226.7278594970703,228.86378779922748,225.79962078901826,226.0491451945495,30983100
2025-08-26,228.87376403808594,229.0534295301293,224.26255788237486,226.43840339540802,54575100
2025-08-27,230.05152893066406,230.46073738560713,227.82576024347395,228.17510050695543,31259500
2025-08-28,232.11758422851562,232.9659733126178,228.90370861616245,230.3809040856524,38074700
2025-08-29,231.69837951660156,232.9360260407387,230.92984008944924,232.0676707602769,39418400
2025-09-02,229.28298950195312,230.4108447009183,226.53822101083426,228.81388239599917,44075600
2025-09-03,238.01634216308594,238.395624134605,233.9141603097862,236.75874463665696,66427800
2025-09-04,239.3238525390625,239.4436193831587,236.28964239378743,237.9963808412042,47549400
2025-09-05,239.2340087890625,240.86091270031892,238.03629475202086,239.54341659874092,54870400
2025-09-08,237.42745971679688,239.69313028194867,235.89038089866295,238.84475646782593,48999500
2025-09-09,233.9041748046875,238.3257397896772,232.9160527142261,236.54912730927947,66313900
2025-09-10,226.35855102539062,231.97784546194652,225.52015268533836,231.7482872752143,83440800
2025-09-11,229.59239196777344,230.01159113632517,226.21881717306923,226.44839058875493,50208600
2025-09-12,233.62472534179688,234.0638755168574,228.58432913969838,228.78394562468256,55824200
2025-09-15,236.24969482421875,237.7368657054393,234.58287368836292,236.54912714503797,42699500
2025-09-16,237.6969451904297,240.76111223381088,235.87043992435724,236.72878926810645,63421100
2025-09-17,238.5353546142578,239.6432435766681,237.27774187166392,238.5153883976145,46508000
2025-09-18,237.42745971679688,240.74113579799257,236.199788714976,239.5134800259323,44249600
2025-09-19,245.032958984375,245.83144010441063,239.7530294205925,240.77107799962133,163741300
2025-09-22,255.5928192138672,256.15178189089505,247.64797087114997,247.82763635806887,105517400
2025-09-23,253.9459686279297,256.8504363399061,253.0975947938589,255.39322235208516,60275200
2025-09-24,251.8300018310547,255.2534845023776,250.56241362070242,254.73446948849343,42303700
2025-09-25,256.3813171386719,256.6807646844572,251.2311452680336,252.72829161839874,55202100
2025-09-26,254.97401428222656,257.10994249251326,253.2972024297037,253.61660096533106,46076300
2025-09-29,253.9459686279297,254.5148915782133,252.52867184357527,254.0757261912774,40127700
2025-09-30,254.14559936523438,255.4331385813304,252.6284867333586,254.37515755125318,37704300
2025-10-01,254.9640350341797,258.29769267334166,254.44502000530687,254.55481135314994,48713900
2025-10-02,256.6408386230469,257.68882891050583,253.66649683440303,256.09186667190835,42630200
2025-10-03,257.5291442871094,258.7468246365968,253.46689477740222,254.18552630266564,49155600
2025-10-06,256.2016906738281,258.5771679771474,254.56481112131073,257.49920544747016,44664100
2025-10-07,255.99208068847656,256.91031341337026,254.94405994391948,256.3214394907812,31955800
2025-10-08,257.5690612792969,258.0281776413904,255.62275879770374,256.03198246417537,36496900
2025-10-09,253.55670166015625,257.50917476461467,252.65841993311406,257.3195337882977,38322000
2025-10-10,244.80340576171875,255.8922708493858,243.53581752909898,254.45500785015722,61999100
2025-10-13,247.18885803222656,249.2149949644775,245.09284695690994,248.90558714178317,38142900
2025-10-14,247.29864501953125,248.37659224814226,244.23447809703134,246.13087266264282,35478000
2025-10-15,248.8656463623047,251.3409393203658,246.99920876557604,249.01537013681215,33893600
2025-10-16,246.979248046875,248.56621957555782,244.66366953460536,247.7777291727393,39777000
2025-10-17,251.81002807617188,252.89796599708643,246.79958926324147,247.5481624372989,49147000
2025-10-20,261.7411193847656,263.87706298772724,255.14370850365398,255.4032084113237,90483000
2025-10-21,262.2701110839844,264.7853366806196,261.33189684706855,261.38182000576944,46695900
2025-10-22,257.9583435058594,262.349966966352,254.94406918261987,262.15033525743416,45015300
2025-10-23,259.0861511230469,260.12418111371363,257.51916110368444,259.4454820834593,32754900
2025-10-24,262.32000732421875,263.6275126875418,258.68691759501684,260.69310343226954,38253700
2025-10-27,268.2986145019531,268.60802232244004,264.1465248140549,264.37609822840903,44888200
2025-10-28,268.4882507324219,269.3765722048576,267.63986169210665,268.4782600095115,41534800
2025-10-29,269.1869201660156,270.8936584399069,266.6018207191691,268.76770579477784,51086700
2025-10-30,270.8836669921875,273.6184749716116,267.969239224885,271.4725408872279,69886500
2025-10-31,269.85565185546875,276.79244258078194,268.647962249571,276.4630533049319,86167100
2025-11-03,268.53814697265625,270.33474092754267,265.74348587775046,269.90556627002525,50194600
2025-11-04,269.5262756347656,270.9734988318123,267.11086611942017,267.8195068636227,49274800
2025-11-05,269.6260986328125,271.18312844251227,266.4221834255846,268.0989800730272,43683100
2025-11-06,269.25677490234375,272.8798740142925,267.38037702601645,267.38037702601645,51204000
2025-11-07,267.9592590332031,271.7719991063764,266.26248096015127,269.28671541495146,48227400
2025-11-10,269.1781311035156,273.4741297822401,267.20997142836535,268.7085692371889,41312400
2025-11-11,274.99267578125,275.65206242273547,269.5477586519058,269.55775905965567,46208300
2025-11-12,273.21435546875,275.4722525277038,271.4460210796085,274.74292397164845,48398000
2025-11-13,272.6948547363281,276.4413491841305,271.83564282199285,273.85374352181776,49602800
2025-11-14,272.15533447265625,275.70200347225597,269.3479639093673,270.7965900477885,47431300
2025-11-17,267.2099609375,270.2371271729127,265.48159771217263,268.5687054184609,45018300
2025-11-18,267.19000244140625,270.4569347049811,265.0719890725528,269.7376065335732,45677300
2025-11-19,268.3089294433594,271.9555110777923,265.2517925781922,265.2817633125939,40424500
2025-11-20,266.0010986328125,275.17250947675234,265.67142054546326,270.5768036466949,45823600
2025-11-21,271.2361755371094,273.0744516711978,265.4216397990326,265.70137680880595,59030800
2025-11-24,275.6620788574219,276.7410558404627,270.64675212306133,270.64675212306133,65585800
2025-11-25,276.7110900878906,280.1179060838009,274.9926967216935,275.012667049666,46914200
2025-11-26,277.29052734375,279.26868736786383,276.3714044558947,276.70108254872224,33431400
2025-11-28,278.5893249511719,278.73917862681736,275.73198274965245,277.0008150112318,20135600
2025-12-01,282.8353576660156,283.1550658399818,275.88187257202503,277.75011957449965,46587700
2025-12-02,285.9224548339844,287.1313151163589,282.36578537497866,282.7354345985028,53669500
2025-12-03,283.8843688964844,288.35019153510143,283.0351573834178,285.9324708384744,43538700
2025-12-04,280.4375915527344,284.46382276925783,278.32954829392816,283.83440686502166,43989100
2025-12-05,278.5193786621094,280.8771882481053,277.79005013345267,280.27774306596746,47265800
2025-12-08,277.6302185058594,279.4085531850005,275.8918244790692,277.86998437615557,38211800
2025-12-09,276.9208679199219,279.7682096639769,276.6611317163261,277.8999627322321,32193300
2025-12-10,278.5193786621094,279.48847306800184,276.1815698919154,277.490342786908,33038300
2025-12-11,277.77008056640625,279.3286197507982,273.5540244422053,278.83908758708685,33248000
2025-12-12,278.0198669433594,278.9589906850317,276.5612402656973,277.64021728323,39532900
2025-12-15,273.8537292480469,279.8880911943856,272.5849275039148,279.8880911943856,50409100
2025-12-16,274.353271484375,275.2424541197232,271.53593087885605,272.5649667835892,37648600
2025-12-17,271.58587646484375,275.90184538512057,271.38608172110213,274.75292651919426,50138700
2025-12-18,271.935546875,273.374203136776,266.7004552212896,273.35420232069225,51630700
2025-12-19,273.4141845703125,274.34330788170604,269.64768928264715,271.8955859651445,144632000
2025-12-22,270.7166748046875,273.62395794129594,270.25711338978425,272.6048920133635,36571800
2025-12-23,272.1053771972656,272.2452609569047,269.30800689497966,270.5868091030317,29642000
2025-12-24,273.55401611328125,275.17249671786806,271.9455359163183,272.085389177814,17910600
2025-12-26,273.1444091796875,275.1125687682936,272.6049054553,273.9037084592662,21521800
2025-12-29,273.50408935546875,274.10350406329195,272.0954038139857,272.4350823114352,23715200
2025-12-30,272.82470703125,273.82377221524894,272.02546707967076,272.5549704076282,22139600
2025-12-31,271.6058349609375,273.42414083736213,271.49595243002375,272.80472532736104,27293600
2026-01-02,270.75665283203125,277.58025431004916,268.7485221479618,272.0054842546519,37838100
2026-01-05,267.0101623535156,271.25618925068443,265.89121426121545,270.38700744645297,45647200
2026-01-06,262.1147155761719,267.2998660934885,261.8749496989937,266.7503924619391,52352100
2026-01-07,260.08660888671875,263.4334831315393,259.56710600115036,262.95395138764474,48309800
2026-01-08,258.7978515625,259.0476178563403,255.46096229095477,256.7797203952787,50419300
2026-01-09,259.1275329589844,259.9667440583015,255.98048371428257,258.8377955175017,39997000
2026-01-12,260.0067138671875,261.05572011368304,256.5599267903311,258.9177364764393,45263800
2026-01-13,260.8059387207031,261.56523797230057,258.148452318208,258.4781303943212,45730800
2026-01-14,259.71697998046875,261.57525710051715,256.4700180914029,259.247418118488,40019400
2026-01-15,257.9685974121094,260.7959687899761,256.8096782083212,260.40631875644857,39388600
2026-01-16,255.29112243652344,258.6579671912775,254.69167723491495,257.6589020182799,72142800
2026-01-20,246.46937561035156,254.55180921698133,243.19244305608962,252.49373739571587,80267500
2026-01-21,247.41848754882812,251.3248360900433,244.9507953165175,248.46750904444812,54641700
2026-01-22,248.1178436279297,250.76536025794266,247.9180183962477,248.96703988447874,39708300
2026-01-23,247.80812072753906,249.17685039145397,244.45126111041233,247.08880782235642,41689000
2026-01-26,255.17123413085938,256.32015295784896,249.5664780183616,251.24490015634893,55969200
2026-01-27,258.0285339355469,261.70511669708895,257.96859246831417,258.92771692213245,49648300
2026-01-28,256.2002868652344,258.61800761819165,254.27208306792676,257.409147241713,41288000
2026-01-29,258.0385437011719,259.4072580677027,254.17216647920577,257.75880668092503,67253000
2026-01-30,259.2374267578125,261.6551472598355,251.94423313215475,254.93144331105526,92443400
2026-02-02,269.7575988769531,270.2371306501278,258.9676766447768,259.7869174093499,73913400
2026-02-03,269.22808837890625,271.6258386480508,267.3598109321867,268.9483513556569,64394700
2026-02-04,276.23150634765625,278.68922850453845,272.03545112075,272.03545112075,90545700
2026-02-05,275.6520690917969,279.2387093202658,272.97458180817284,277.86999494352693,52977400
2026-02-06,277.8599853515625,280.6473855638201,276.67109542368036,276.8609202349588,50453400
2026-02-09,274.6199951171875,278.20001220703125,271.70001220703125,277.9100036621094,44623400
2026-02-10,273.67999267578125,275.3699951171875,272.94000244140625,274.8900146484375,34376900
2026-02-11,275.5,280.17999267578125,274.45001220703125,274.70001220703125,51931300
2026-02-12,261.7300109863281,275.7200012207031,260.17999267578125,275.5899963378906,81077200
2026-02-13,255.77999877929688,262.2300109863281,255.4499969482422,262.010009765625,56290700
2026-02-17,263.8800048828125,266.2900085449219,255.5399932861328,258.04998779296875,58469100
2026-02-18,264.3500061035156,266.82000732421875,262.45001220703125,263.6000061035156,34203300
2026-02-19,260.5799865722656,264.4800109863281,260.04998779296875,262.6000061035156,30845300
2026-02-20,264.5799865722656,264.75,258.1600036621094,258.9700012207031,42070500
2026-02-23,266.17999267578125,269.42999267578125,263.3800048828125,263.489990234375,37308200
2026-02-24,272.1400146484375,274.8900146484375,267.7099914550781,267.8599853515625,47014600
2026-02-25,274.2300109863281,274.94000244140625,271.04998779296875,271.7799987792969,33714300
2026-02-26,272.95001220703125,276.1099853515625,270.79998779296875,274.95001220703125,32345100
2026-02-27,264.17999267578125,272.80999755859375,262.8900146484375,272.80999755859375,72366500
2026-03-02,264.7200012207031,266.5299987792969,260.20001220703125,262.4100036621094,41827900
2026-03-03,263.75,265.55999755859375,260.1300048828125,263.4800109863281,38568900
2026-03-04,262.5199890136719,266.1499938964844,261.4200134277344,264.6499938964844,39803100
2026-03-05,260.2900085449219,261.55999755859375,257.25,260.7900085449219,49658600
2026-03-06,257.4599914550781,258.7699890136719,254.3699951171875,258.6300048828125,41120000
2026-03-09,259.8800048828125,261.1499938964844,253.67999267578125,255.69000244140625,38218500
2026-03-10,260.8299865722656,262.4800109863281,256.95001220703125,257.6499938964844,30590800
2026-03-11,260.80999755859375,262.1300048828125,259.54998779296875,261.0899963378906,26218900
2026-03-12,255.75999450683594,258.95001220703125,254.17999267578125,258.6600036621094,40794000
2026-03-13,250.1199951171875,256.3299865722656,249.52000427246094,255.39999389648438,34193754
