Price,Close,High,Low,Open,Volume
Ticker,AGI,AGI,AGI,AGI,AGI
Date,,,,,
2003-05-02,0.6663730144500732,0.6663730144500732,0.6663730144500732,0.6663730144500732,44200
2003-05-05,0.6576050519943237,0.6576050519943237,0.6576050519943237,0.6576050519943237,27800
2003-05-06,0.6926770210266113,0.6926770210266113,0.6313005840640098,0.6313005840640098,70500
2003-05-07,0.6663730144500732,0.6663730144500732,0.6663730144500732,0.6663730144500732,0
2003-05-08,0.6839089393615723,0.7102131574779499,0.6839089393615723,0.7102131574779499,77600
2003-05-09,0.7014450430870056,0.7014450430870056,0.6751408271871076,0.6751408271871076,25800
2003-05-12,0.7014450430870056,0.7014450430870056,0.7014450430870056,0.7014450430870056,0
2003-05-13,0.6926770210266113,0.6926770210266113,0.6926770210266113,0.6926770210266113,0
2003-05-14,0.7277494072914124,0.7277494072914124,0.7277494072914124,0.7277494072914124,0
2003-05-15,0.7189813852310181,0.7452856096572139,0.701445270454717,0.701445270454717,66600
2003-05-16,0.7365172505378723,0.7365172505378723,0.7365172505378723,0.7365172505378723,84500
2003-05-19,0.7365172505378723,0.7365172505378723,0.7365172505378723,0.7365172505378723,0
2003-05-20,0.7365172505378723,0.7365172505378723,0.7365172505378723,0.7365172505378723,0
2003-05-21,0.7452855110168457,0.7452855110168457,0.7452855110168457,0.7452855110168457,0
2003-05-22,0.7452855110168457,0.7452855110168457,0.7452855110168457,0.7452855110168457,0
2003-05-23,0.7277494072914124,0.7277494072914124,0.7277494072914124,0.7277494072914124,43700
2003-05-27,0.7189813852310181,0.7189813852310181,0.7189813852310181,0.7189813852310181,0
2003-05-28,0.710213303565979,0.710213303565979,0.710213303565979,0.710213303565979,0
2003-05-29,0.710213303565979,0.710213303565979,0.710213303565979,0.710213303565979,0
2003-05-30,0.6751411557197571,0.6751411557197571,0.6751411557197571,0.6751411557197571,0
2003-06-02,0.6926770210266113,0.6926770210266113,0.6926770210266113,0.6926770210266113,0
2003-06-03,0.6926770210266113,0.6926770210266113,0.6926770210266113,0.6926770210266113,0
2003-06-04,0.6839089393615723,0.6839089393615723,0.6839089393615723,0.6839089393615723,0
2003-06-05,0.6576050519943237,0.6576050519943237,0.6576050519943237,0.6576050519943237,0
2003-06-06,0.6751411557197571,0.6751411557197571,0.5786924565181868,0.5786924565181868,21600
2003-06-09,0.6751411557197571,0.6751411557197571,0.6751411557197571,0.6751411557197571,0
2003-06-10,0.7014450430870056,0.7014450430870056,0.7014450430870056,0.7014450430870056,20000
2003-06-11,0.7014450430870056,0.7014450430870056,0.7014450430870056,0.7014450430870056,50000
2003-06-12,0.7365172505378723,0.7365172505378723,0.7365172505378723,0.7365172505378723,0
2003-06-13,0.7365172505378723,0.7365172505378723,0.7365172505378723,0.7365172505378723,0
2003-06-16,0.75405353307724,0.75405353307724,0.75405353307724,0.75405353307724,0
2003-06-17,0.6839089393615723,0.7452854308792095,0.6839089393615723,0.7452854308792095,39800
2003-06-18,0.75405353307724,0.75405353307724,0.75405353307724,0.75405353307724,0
2003-06-19,0.7628216743469238,0.7628216743469238,0.7628216743469238,0.7628216743469238,12200
2003-06-20,0.8241980075836182,0.8241980075836182,0.8241980075836182,0.8241980075836182,0
2003-06-23,0.8241980075836182,0.8241980075836182,0.8241980075836182,0.8241980075836182,0
2003-06-24,0.7452855110168457,0.7452855110168457,0.7452855110168457,0.7452855110168457,18200
2003-06-25,0.7277494072914124,0.7277494072914124,0.7277494072914124,0.7277494072914124,0
2003-06-26,0.7277494072914124,0.7277494072914124,0.7277494072914124,0.7277494072914124,0
2003-06-27,0.7189813852310181,0.7189813852310181,0.6926772130665666,0.6926772130665666,43200
2003-06-30,0.7014450430870056,0.7014450430870056,0.7014450430870056,0.7014450430870056,0
2003-07-01,0.7014450430870056,0.7014450430870056,0.7014450430870056,0.7014450430870056,0
2003-07-02,0.710213303565979,0.710213303565979,0.710213303565979,0.710213303565979,12100
2003-07-03,0.710213303565979,0.710213303565979,0.710213303565979,0.710213303565979,0
2003-07-07,0.6751411557197571,0.6751411557197571,0.6751411557197571,0.6751411557197571,1000
2003-07-08,0.6751411557197571,0.6751411557197571,0.6751411557197571,0.6751411557197571,0
2003-07-09,0.6839089393615723,0.7365173233325957,0.6839089393615723,0.7365173233325957,26200
2003-07-10,0.6839089393615723,0.6839089393615723,0.6839089393615723,0.6839089393615723,0
2003-07-11,0.6751411557197571,0.7102134432323527,0.6751411557197571,0.7102134432323527,86800
2003-07-14,0.6751411557197571,0.6751411557197571,0.6751411557197571,0.6751411557197571,0
2003-07-15,0.6839089393615723,0.6926770469081861,0.6751408840766904,0.6751408840766904,24200
2003-07-16,0.6751411557197571,0.6839092145324678,0.6488369792816251,0.6488369792816251,67300
2003-07-17,0.6663730144500732,0.6839091299055763,0.6663730144500732,0.6663730144500732,82100
2003-07-18,0.6751411557197571,0.6751411557197571,0.6751411557197571,0.6751411557197571,0
2003-07-21,0.6663730144500732,0.6663730144500732,0.6663730144500732,0.6663730144500732,0
2003-07-22,0.7014450430870056,0.7014450430870056,0.7014450430870056,0.7014450430870056,0
2003-07-23,0.7365172505378723,0.7452853572178779,0.7365172505378723,0.7452853572178779,223000
2003-07-24,0.75405353307724,0.75405353307724,0.75405353307724,0.75405353307724,161200
2003-07-25,0.7715896964073181,0.7715896964073181,0.7715896964073181,0.7715896964073181,0
2003-07-28,0.8066617846488953,0.8066617846488953,0.8066617846488953,0.8066617846488953,73000
2003-07-29,0.8592703938484192,0.8592703938484192,0.8592703938484192,0.8592703938484192,0
2003-07-30,0.8241980075836182,0.8241980075836182,0.8241980075836182,0.8241980075836182,0
2003-07-31,0.8241980075836182,0.8241980075836182,0.8241980075836182,0.8241980075836182,0
2003-08-01,0.8241980075836182,0.8505022265578288,0.8241980075836182,0.8505022265578288,56700
2003-08-04,0.8241980075836182,0.8241980075836182,0.8241980075836182,0.8241980075836182,0
2003-08-05,0.832966148853302,0.832966148853302,0.832966148853302,0.832966148853302,0
2003-08-06,0.832966148853302,0.832966148853302,0.832966148853302,0.832966148853302,0
2003-08-07,0.9381830096244812,0.9381830096244812,0.9381830096244812,0.9381830096244812,0
2003-08-08,0.990791380405426,0.9995594373938691,0.9469510954632105,0.9469510954632105,62400
2003-08-11,1.0083272457122803,1.0346314101905714,0.9820230812339893,0.9820230812339893,12700
2003-08-12,0.9732552766799927,0.9732552766799927,0.9732552766799927,0.9732552766799927,0
2003-08-13,0.9644874334335327,0.9732554924582777,0.9644874334335327,0.9732554924582777,3200
2003-08-14,1.069703459739685,1.069703459739685,1.069703459739685,1.069703459739685,0
2003-08-15,1.069703459739685,1.069703459739685,1.069703459739685,1.069703459739685,0
2003-08-18,0.929414689540863,0.9381828492846389,0.929414689540863,0.9381828492846389,11500
2003-08-19,0.929414689540863,0.929414689540863,0.929414689540863,0.929414689540863,13600
2003-08-20,0.9644874334335327,0.9820235514830228,0.9644874334335327,0.9820235514830228,48400
2003-08-21,0.9469509720802307,0.9644870837722491,0.8855744766346957,0.8855744766346957,8700
2003-08-22,0.9732552766799927,0.9732552766799927,0.9732552766799927,0.9732552766799927,0
2003-08-25,0.9206468462944031,0.9732552942525476,0.8768065600988552,0.8768065600988552,28200
2003-08-26,1.0170960426330566,1.0170960426330566,1.0170960426330566,1.0170960426330566,24600
2003-08-27,1.0346314907073975,1.0346314907073975,1.0346314907073975,1.0346314907073975,0
2003-08-28,1.0170960426330566,1.0346321650799748,1.0170960426330566,1.0346321650799748,21500
2003-08-29,0.9995596408843994,1.0083276996578454,0.9995596408843994,1.0083276996578454,47300
2003-09-02,0.9732552766799927,0.9732552766799927,0.9732552766799927,0.9732552766799927,0
2003-09-03,1.0083272457122803,1.0346314101905714,0.9294146477539489,1.0346314101905714,93100
2003-09-04,1.0170960426330566,1.0170960426330566,1.0170960426330566,1.0170960426330566,0
2003-09-05,0.9995596408843994,0.9995596408843994,0.9995596408843994,0.9995596408843994,0
2003-09-08,1.0521680116653442,1.0521680116653442,1.0521680116653442,1.0521680116653442,0
2003-09-09,1.174920678138733,1.174920678138733,1.174920678138733,1.174920678138733,0
2003-09-10,1.1486161947250366,1.1924565721298082,1.1486161947250366,1.1924565721298082,48400
2003-09-11,1.1398483514785767,1.1749206808095538,1.1398483514785767,1.1749206808095538,58700
2003-09-12,1.1135443449020386,1.1135443449020386,1.1135443449020386,1.1135443449020386,0
2003-09-15,1.1398483514785767,1.1398483514785767,1.1398483514785767,1.1398483514785767,10000
2003-09-16,1.0433999300003052,1.0433999300003052,1.0433999300003052,1.0433999300003052,0
2003-09-17,1.0083272457122803,1.0697037340184177,0.9820230812339893,0.9820230812339893,25700
2003-09-18,1.069703459739685,1.1047756700513365,1.0433993020059464,1.0433993020059464,35100
2003-09-19,1.0960079431533813,1.0960079431533813,1.0960079431533813,1.0960079431533813,0
2003-09-22,1.1573847532272339,1.1573847532272339,1.0872401878874498,1.1573847532272339,25200
2003-09-23,1.0960079431533813,1.0960079431533813,1.0960079431533813,1.0960079431533813,0
2003-09-24,1.2889055013656616,1.2889055013656616,1.2889055013656616,1.2889055013656616,0
2003-09-25,1.2187608480453491,1.262601229485621,1.1310801896882703,1.1310801896882703,19900
2003-09-26,1.1486161947250366,1.1749204629772816,1.1486161947250366,1.1749204629772816,21700
2003-09-29,1.1135443449020386,1.1135443449020386,1.1135443449020386,1.1135443449020386,0
2003-09-30,1.2099932432174683,1.2099932432174683,1.2099932432174683,1.2099932432174683,0
2003-10-01,1.174920678138733,1.174920678138733,1.174920678138733,1.174920678138733,0
2003-10-02,1.2976739406585693,1.2976739406585693,1.2976739406585693,1.2976739406585693,0
2003-10-03,1.1836885213851929,1.332745554187627,1.1836885213851929,1.332745554187627,31100
2003-10-06,1.174920678138733,1.192456790502621,1.174920678138733,1.174920678138733,8100
2003-10-07,1.2976739406585693,1.2976739406585693,1.2976739406585693,1.2976739406585693,81000
2003-10-08,1.2976739406585693,1.2976739406585693,1.2976739406585693,1.2976739406585693,0
2003-10-09,1.2626017332077026,1.2626017332077026,1.2626017332077026,1.2626017332077026,0
2003-10-10,1.2099932432174683,1.2099932432174683,1.2099932432174683,1.2099932432174683,0
2003-10-13,1.2099932432174683,1.2099932432174683,1.2099932432174683,1.2099932432174683,0
2003-10-14,1.2976739406585693,1.2976739406585693,1.2976739406585693,1.2976739406585693,0
2003-10-15,1.2450649738311768,1.2976734089492763,1.2450649738311768,1.2976734089492763,15700
2003-10-16,1.2275289297103882,1.3152095899447303,1.2187608741393008,1.2187608741393008,61400
2003-10-17,1.2626017332077026,1.2889059098519864,1.2626017332077026,1.2626017332077026,15300
2003-10-20,1.2713696956634521,1.2713696956634521,1.2626016374470281,1.2626016374470281,4100
2003-10-21,1.4642667770385742,1.4642667770385742,1.2275290452832306,1.2713694317897428,10000
2003-10-22,1.49933922290802,1.5168753370551455,1.464266890090284,1.49933922290802,32100
2003-10-23,1.4818031787872314,1.5081073512509895,1.4379627868241447,1.49933929376307,12600
2003-10-24,1.5168752670288086,1.5168752670288086,1.4379626524862488,1.4818030403536622,4800
2003-10-27,1.5607154369354248,1.5957877655848933,1.543179324872427,1.543179324872427,5300
2003-10-28,1.5694835186004639,1.6659322410456703,1.5694835186004639,1.5694835186004639,12200
2003-10-29,1.744844675064087,1.744844675064087,1.622091796482124,1.622091796482124,11200
2003-10-30,1.7711490392684937,1.7974532080837347,1.701004589094518,1.7448448704532529,8900
2003-10-31,1.9552785158157349,1.9815826857851488,1.9114382325333787,1.9552785158157349,9500
2003-11-03,1.744844675064087,1.744844675064087,1.744844675064087,1.744844675064087,2000
2003-11-04,1.7886850833892822,1.867597795863302,1.753612859643915,1.7886850833892822,119100
2003-11-05,1.7097727060317993,1.753612988946059,1.6659323185940602,1.753612988946059,16300
2003-11-06,1.6220918893814087,1.7097725518253846,1.613323833589358,1.6220918893814087,11500
2003-11-07,1.753612995147705,1.806221334830866,1.7273088253061246,1.7273088253061246,8900
2003-11-10,1.7886850833892822,1.7886850833892822,1.7886850833892822,1.7886850833892822,15000
2003-11-11,1.6571643352508545,1.7536130664483307,1.6571643352508545,1.7536130664483307,5100
2003-11-12,1.6220918893814087,1.7185406076174352,1.551947338521534,1.6220918893814087,15500
2003-11-13,1.6220918893814087,1.6220918893814087,1.6220918893814087,1.6220918893814087,0
2003-11-14,1.6308602094650269,1.6308602094650269,1.6308602094650269,1.6308602094650269,2000
2003-11-17,1.5519475936889648,1.6571643850165296,1.499339250286926,1.6308602133155101,12300
2003-11-18,1.5519475936889648,1.5519475936889648,1.5519475936889648,1.5519475936889648,0
2003-11-19,1.665932297706604,1.7010046281217543,1.6045559023961775,1.665932297706604,10700
2003-11-20,1.5344114303588867,1.5344114303588867,1.5344114303588867,1.5344114303588867,400
2003-11-21,1.753612995147705,1.753612995147705,1.7185407686922645,1.753612995147705,3800
2003-11-24,1.8062214851379395,1.8325256571684558,1.7273089690463903,1.8062214851379395,23000
2003-11-25,1.8763660192489624,1.9026701894054059,1.8763660192489624,1.8763660192489624,6100
2003-11-26,1.9026703834533691,1.9640467867446763,1.8851342682272814,1.9026703834533691,6700
2003-11-28,1.9289748668670654,1.9289748668670654,1.9289748668670654,1.9289748668670654,2900
2003-12-01,1.7623811960220337,1.867598093047889,1.0083275338423172,1.7623811960220337,101100
2003-12-02,1.6834683418273926,1.6834683418273926,1.6834683418273926,1.6834683418273926,6700
2003-12-03,1.858829379081726,1.9728143059927188,1.7799168820989106,1.7799168820989106,14800
2003-12-04,1.753612995147705,1.8149893914447262,1.753612995147705,1.753612995147705,27200
2003-12-05,1.8062214851379395,1.8062214851379395,1.8062214851379395,1.8062214851379395,3100
2003-12-08,1.7799173593521118,1.7799173593521118,1.7799173593521118,1.7799173593521118,4400
2003-12-09,1.6834683418273926,1.7185406708086848,1.6834683418273926,1.7185406708086848,2700
2003-12-10,1.4730345010757446,1.6308596896516712,1.4730345010757446,1.4730345010757446,35800
2003-12-11,1.3853540420532227,1.4028901519677575,1.3678178276152282,1.4028901519677575,29100
2003-12-12,1.885134220123291,1.885134220123291,1.692236643988123,1.885134220123291,25000
2003-12-15,1.7623811960220337,1.8237575973430464,1.701004794701021,1.7623811960220337,26300
2003-12-16,1.6396280527114868,1.674700276986554,1.6220919405739531,1.6396280527114868,27600
2003-12-17,1.6571643352508545,1.6834685061619432,1.569483661023741,1.6396282213101285,25000
2003-12-18,1.5694835186004639,1.6834683533950763,1.5694835186004639,1.6571641848709675,3400
2003-12-19,1.587019681930542,1.5957878429103836,1.5168752302796313,1.5694835690178144,15800
2003-12-22,1.6396280527114868,1.6396280527114868,1.6396280527114868,1.6396280527114868,1300
2003-12-23,1.5694835186004639,1.6133239039974527,1.534411293901652,1.6133239039974527,14300
2003-12-24,1.5694835186004639,1.5694835186004639,1.5694835186004639,1.5694835186004639,0
2003-12-26,1.5694835186004639,1.5694835186004639,1.5694835186004639,1.5694835186004639,0
2003-12-29,1.665932297706604,1.6834684106524402,1.648396184760768,1.665932297706604,11000
2003-12-30,1.8412936925888062,1.8851341878313284,1.7623811774368199,1.8412936925888062,8300
2003-12-31,1.8149890899658203,1.8149890899658203,1.8149890899658203,1.8149890899658203,500
2004-01-02,1.7799173593521118,1.7799173593521118,1.7799173593521118,1.7799173593521118,1500
2004-01-05,1.8412936925888062,1.867598073353109,1.7448450629586008,1.779917291915039,51000
2004-01-06,1.867598056793213,1.9114383426000312,1.744845047487149,1.867598056793213,61700
2004-01-07,1.7799173593521118,1.8325257047799814,1.7799173593521118,1.8325257047799814,23600
2004-01-08,1.8412936925888062,1.8412936925888062,1.823757578110587,1.823757578110587,24900
2004-01-09,1.8939019441604614,1.8939019441604614,1.8237572883454467,1.841293400037465,47400
2004-01-12,2.0166544914245605,2.0166544914245605,2.0166544914245605,2.0166544914245605,900
2004-01-13,1.981582760810852,2.0429591597299535,1.9377424758686366,1.981582760810852,21700
2004-01-14,1.9728143215179443,2.016654597964513,1.9728143215179443,1.9728143215179443,18400
2004-01-15,1.858829379081726,1.9289740298911546,1.806221047759849,1.9289740298911546,9900
2004-01-16,1.9552785158157349,1.9552785158157349,1.9026701758769073,1.9552785158157349,400
2004-01-20,1.9552785158157349,1.9552785158157349,1.8325255135781768,1.9552785158157349,5800
2004-01-21,1.981582760810852,1.9903508177992952,1.9377424758686366,1.981582760810852,6700
2004-01-22,2.0078864097595215,2.0078864097595215,1.981582245632832,1.981582245632832,5100
2004-01-23,1.9026703834533691,1.9026703834533691,1.9026703834533691,1.9026703834533691,5000
2004-01-26,1.9377418756484985,1.9552779841935335,1.85006112387642,1.9026696585584284,5300
2004-01-27,1.867598056793213,1.9026702854386677,1.867598056793213,1.867598056793213,4300
2004-01-28,1.920206904411316,1.920206904411316,1.7886858033788045,1.8675985476171222,20300
2004-01-29,1.6834683418273926,1.8062212319532311,1.6834683418273926,1.6834683418273926,9500
2004-01-30,1.8149890899658203,1.8149890899658203,1.7799168693360536,1.7799168693360536,5800
2004-02-02,1.8149890899658203,1.8149890899658203,1.8149890899658203,1.8149890899658203,0
2004-02-03,1.7886850833892822,1.7974531393256241,1.7886850833892822,1.7886850833892822,6000
2004-02-04,1.7273088693618774,1.7273088693618774,1.7273088693618774,1.7273088693618774,1900
2004-02-05,1.736077070236206,1.736077070236206,1.736077070236206,1.736077070236206,5000
2004-02-06,1.867598056793213,1.867598056793213,1.832525619100786,1.832525619100786,9500
2004-02-09,1.867598056793213,1.893902228277304,1.7536131046485128,1.867598056793213,48200
2004-02-10,1.7974530458450317,1.8062211013253713,1.7974530458450317,1.7974530458450317,40000
2004-02-11,1.8939019441604614,1.8939019441604614,1.8062211766534282,1.8062211766534282,13200
2004-02-12,1.858829379081726,1.8939018090099033,1.8325252134207877,1.8939018090099033,10800
2004-02-13,1.858829379081726,1.858829379081726,1.858829379081726,1.858829379081726,0
2004-02-17,1.8939019441604614,1.8939019441604614,1.8588295117294835,1.8939019441604614,13000
2004-02-18,1.9289748668670654,1.9289748668670654,1.850062126597343,1.9289748668670654,11400
2004-02-19,1.8237571716308594,1.8851337676719604,1.8237571716308594,1.8237571716308594,5200
2004-02-20,1.744844675064087,1.8325252279630149,1.7185405091944086,1.823757172673122,11200
2004-02-23,1.7010051012039185,1.7623815135843033,1.6747008199459608,1.7010051012039185,5300
2004-02-24,1.7886850833892822,1.7974531393256241,1.7886850833892822,1.7886850833892822,4200
2004-02-25,1.6922365427017212,1.7711491590057495,1.683468485837216,1.7711491590057495,19300
2004-02-26,1.6747004985809326,1.7536131181649308,1.6747004985809326,1.6747004985809326,11200
2004-02-27,1.7273088693618774,1.753613039874357,1.6483962533009564,1.674700423813436,8500
2004-03-01,1.753612995147705,1.753612995147705,1.7273088253061246,1.753612995147705,6700
2004-03-02,1.7273088693618774,1.7273088693618774,1.7273088693618774,1.7273088693618774,800
2004-03-03,1.736077070236206,1.736077070236206,1.736077070236206,1.736077070236206,4600
2004-03-04,1.753612995147705,1.753612995147705,1.753612995147705,1.753612995147705,2900
2004-03-05,1.8062214851379395,1.8062214851379395,1.779917313107423,1.779917313107423,6300
2004-03-08,1.867598056793213,1.920206399761395,1.7623811618098766,1.867598056793213,28100
2004-03-09,1.885134220123291,1.9114383922912048,1.8588298389083993,1.885134220123291,21400
2004-03-10,1.8500617742538452,1.885134212720311,1.8500617742538452,1.8500617742538452,9700
2004-03-11,1.7974530458450317,1.7974530458450317,1.7273086020023167,1.7974530458450317,9900
2004-03-12,1.8062214851379395,1.8062214851379395,1.718540911702885,1.8062214851379395,5000
2004-03-15,1.8062214851379395,1.8237575998249504,1.8062214851379395,1.8062214851379395,7500
2004-03-16,1.7273088693618774,1.7711491535493433,1.7273088693618774,1.7273088693618774,27200
2004-03-17,1.7097727060317993,1.736076875780355,1.6571642620112081,1.7273088191975032,16200
2004-03-18,1.7799173593521118,1.797453474494735,1.709772898781619,1.709772898781619,28800
2004-03-19,1.858829379081726,1.858829379081726,1.7536127164379722,1.858829379081726,36600
2004-03-22,1.9026703834533691,1.920206498679457,1.8500618287281227,1.8588298863411665,15800
2004-03-23,1.8237571716308594,1.9026698782417242,1.8149891163459775,1.8237571716308594,25700
2004-03-24,1.8149890899658203,1.8588293657530286,1.8149890899658203,1.8149890899658203,15400
2004-03-25,1.8412936925888062,1.8412936925888062,1.823757578110587,1.8412936925888062,9400
2004-03-26,1.9289748668670654,1.9377429258918104,1.9289748668670654,1.9289748668670654,16400
2004-03-29,1.9026703834533691,1.9640467867446763,1.8851342682272814,1.9026703834533691,6600
2004-03-30,1.8412936925888062,1.9026703023095475,1.8412936925888062,1.9026703023095475,11700
2004-03-31,1.9026703834533691,1.9026703834533691,1.9026703834533691,1.9026703834533691,6400
2004-04-01,1.9026703834533691,1.920206498679457,1.9026703834533691,1.9026703834533691,18200
2004-04-02,1.7974530458450317,1.8325252677663895,1.7974530458450317,1.8325252677663895,2800
2004-04-05,1.8500617742538452,1.8500617742538452,1.7448450859953792,1.7974534301246121,3200
2004-04-06,1.9026703834533691,1.9026703834533691,1.8763662106142374,1.8763662106142374,4800
2004-04-07,1.8500617742538452,1.8500617742538452,1.8500617742538452,1.8500617742538452,7000
2004-04-08,1.8500617742538452,1.8500617742538452,1.8500617742538452,1.8500617742538452,0
2004-04-12,1.7799173593521118,1.841293762351293,1.7799173593521118,1.841293762351293,9800
2004-04-13,1.7974530458450317,1.7974530458450317,1.736076657482656,1.779916934884353,6200
2004-04-14,1.7886850833892822,1.7886850833892822,1.7273086918348894,1.7886850833892822,24700
2004-04-15,1.7799173593521118,1.7799173593521118,1.6747005639728816,1.7799173593521118,4000
2004-04-16,1.7097727060317993,1.7097727060317993,1.7097727060317993,1.7097727060317993,5700
2004-04-19,1.7273088693618774,1.7273088693618774,1.709772755686891,1.709772755686891,5500
2004-04-20,1.6747004985809326,1.7097728320202024,1.6396282696651499,1.6747004985809326,14800
2004-04-21,1.5431793928146362,1.5431793928146362,1.5431793928146362,1.5431793928146362,3000
2004-04-22,1.5694835186004639,1.5694835186004639,1.5694835186004639,1.5694835186004639,1500
2004-04-23,1.5607154369354248,1.5870196050299217,1.5607154369354248,1.5607154369354248,2000
2004-04-26,1.4028900861740112,1.534411008888319,1.4028900861740112,1.534411008888319,14100
2004-04-27,1.3765860795974731,1.4467305239690607,1.3765860795974731,1.3765860795974731,21000
2004-04-28,1.2012251615524292,1.2801377923981585,1.2012251615524292,1.2012251615524292,9100
2004-04-29,1.1924569606781006,1.2275291904110335,1.139848511555212,1.2012250181113338,8400
2004-04-30,1.3152101039886475,1.3152101039886475,1.3152101039886475,1.3152101039886475,5000
2004-05-03,1.2012251615524292,1.2889058508784061,1.1749209861116867,1.2889058508784061,38300
2004-05-04,1.2538331747055054,1.2626013353474916,1.1924567818759175,1.2538331747055054,7700
2004-05-05,1.3853540420532227,1.3853540420532227,1.2976733879570892,1.2976733879570892,4700
2004-05-06,1.3853540420532227,1.3853540420532227,1.3853540420532227,1.3853540420532227,0
2004-05-07,1.2187608480453491,1.2976734510190666,1.2187608480453491,1.2976734510190666,36000
2004-05-10,1.0258638858795166,1.122312643367533,1.0258638858795166,1.122312643367533,70200
2004-05-11,1.0960079431533813,1.0960079431533813,1.0521676672366311,1.0521676672366311,3000
2004-05-12,1.174920678138733,1.183688734320677,1.1310802927055377,1.174920678138733,45000
2004-05-13,1.069703459739685,1.166152142620158,1.069703459739685,1.069703459739685,10300
2004-05-14,1.1486161947250366,1.1486161947250366,1.1486161947250366,1.1486161947250366,1000
2004-05-17,1.0784721374511719,1.1398485410732349,1.0784721374511719,1.0784721374511719,28300
2004-05-18,1.174920678138733,1.2012248466845652,1.1135441803416495,1.1135441803416495,12100
2004-05-19,1.174920678138733,1.174920678138733,1.174920678138733,1.174920678138733,0
2004-05-20,1.2538331747055054,1.2538331747055054,1.2538331747055054,1.2538331747055054,3000
2004-05-21,1.2626017332077026,1.2626017332077026,1.2275293931584843,1.2626017332077026,13400
2004-05-24,1.2626017332077026,1.2626017332077026,1.2626017332077026,1.2626017332077026,0
2004-05-25,1.3590502738952637,1.3590502738952637,1.2275292965059637,1.2626016337936758,25100
2004-05-26,1.4467307329177856,1.4467307329177856,1.4467307329177856,1.4467307329177856,1800
2004-05-27,1.4379627704620361,1.4642669426264876,1.4379627704620361,1.4467308278501867,27100
2004-05-28,1.3765860795974731,1.3765860795974731,1.3765860795974731,1.3765860795974731,10000
2004-06-01,1.3765860795974731,1.3765860795974731,1.3765860795974731,1.3765860795974731,0
2004-06-02,1.4642667770385742,1.4730348334351813,1.4291945514521462,1.4642667770385742,8000
2004-06-03,1.39412260055542,1.39412260055542,1.39412260055542,1.39412260055542,500
2004-06-04,1.3327460289001465,1.376586422062397,1.3152099134446433,1.376586422062397,5800
2004-06-07,1.3152101039886475,1.3239781629866911,1.3152101039886475,1.3152101039886475,5300
2004-06-08,1.2801374197006226,1.2801374197006226,1.2801374197006226,1.2801374197006226,4800
2004-06-09,1.2450649738311768,1.2450649738311768,1.2450649738311768,1.2450649738311768,8500
2004-06-10,1.2450649738311768,1.2450649738311768,1.2450649738311768,1.2450649738311768,0
2004-06-14,1.2187608480453491,1.2187608480453491,1.1836886265119035,1.2187608480453491,23800
2004-06-15,1.2187608480453491,1.2187608480453491,1.2187608480453491,1.2187608480453491,0
2004-06-16,1.166152834892273,1.166152834892273,1.166152834892273,1.166152834892273,2000
2004-06-17,1.2538331747055054,1.2713693914660043,1.2538331747055054,1.2538331747055054,51700
2004-06-18,1.2538331747055054,1.2538331747055054,1.2538331747055054,1.2538331747055054,0
2004-06-21,1.4554988145828247,1.6220921059175823,1.4554988145828247,1.4554988145828247,15900
2004-06-22,1.4554988145828247,1.4554988145828247,1.4554988145828247,1.4554988145828247,0
2004-06-23,1.4028900861740112,1.4642664679964092,1.4028900861740112,1.4028900861740112,26600
2004-06-24,1.4467307329177856,1.4467307329177856,1.4291946192921794,1.4467307329177856,16200
2004-06-25,1.420426607131958,1.4379627213088302,1.420426607131958,1.420426607131958,9500
2004-06-28,1.3152101039886475,1.437963034484767,1.3152101039886475,1.4204269164886796,9400
2004-06-29,1.3239775896072388,1.3239775896072388,1.3239775896072388,1.3239775896072388,500
2004-06-30,1.2889055013656616,1.2889055013656616,1.2889055013656616,1.2889055013656616,5300
2004-07-01,1.2889055013656616,1.2889055013656616,1.2889055013656616,1.2889055013656616,0
2004-07-02,1.2889055013656616,1.2889055013656616,1.2889055013656616,1.2889055013656616,0
2004-07-06,1.2889055013656616,1.2889055013656616,1.2889055013656616,1.2889055013656616,0
2004-07-07,1.3765860795974731,1.3765860795974731,1.3765860795974731,1.3765860795974731,900
2004-07-08,1.3765860795974731,1.3765860795974731,1.3765860795974731,1.3765860795974731,0
2004-07-09,1.3765860795974731,1.3765860795974731,1.3765860795974731,1.3765860795974731,0
2004-07-12,1.4730345010757446,1.4730345010757446,1.4730345010757446,1.4730345010757446,3000
2004-07-13,1.5256433486938477,1.5256433486938477,1.5256433486938477,1.5256433486938477,2000
2004-07-14,1.5256433486938477,1.5256433486938477,1.5168752918814046,1.5256433486938477,6100
2004-07-15,1.4730345010757446,1.5168748776905925,1.4730345010757446,1.5168748776905925,7200
2004-07-16,1.4818031787872314,1.4818031787872314,1.4818031787872314,1.4818031787872314,16000
2004-07-19,1.4379627704620361,1.4818031619262775,1.4379627704620361,1.4379627704620361,29000
2004-07-20,1.4467307329177856,1.464266846543392,1.4291946192921794,1.4467307329177856,45900
2004-07-21,1.4467307329177856,1.4554987897305889,1.40289044885377,1.4467307329177856,18600
2004-07-22,1.4291948080062866,1.437962865976844,1.4291948080062866,1.437962865976844,7000
2004-07-23,1.39412260055542,1.39412260055542,1.341514147286641,1.39412260055542,24200
2004-07-26,1.3502823114395142,1.376586592401152,1.3415142526268036,1.376586592401152,29200
2004-07-27,1.3239775896072388,1.3327456448080712,1.2889053688039094,1.3239775896072388,11400
2004-07-28,1.3239775896072388,1.3415137000089035,1.2889053688039094,1.3239775896072388,24000
2004-07-29,1.2976739406585693,1.2976739406585693,1.2976739406585693,1.2976739406585693,1800
2004-07-30,1.3502823114395142,1.3502823114395142,1.3064420173759608,1.3064420173759608,11400
2004-08-02,1.3502823114395142,1.3502823114395142,1.3502823114395142,1.3502823114395142,0
2004-08-03,1.3502823114395142,1.3502823114395142,1.3239781350013822,1.3502823114395142,9400
2004-08-04,1.3239775896072388,1.3327456448080712,1.2976734240047416,1.3239775896072388,26200
2004-08-05,1.3239775896072388,1.3239775896072388,1.3239775896072388,1.3239775896072388,0
2004-08-06,1.3239775896072388,1.3327456448080712,1.3239775896072388,1.3239775896072388,11100
2004-08-09,1.3327460289001465,1.3327460289001465,1.3327460289001465,1.3327460289001465,2700
2004-08-10,1.3327460289001465,1.3327460289001465,1.3327460289001465,1.3327460289001465,0
2004-08-11,1.2626017332077026,1.2626017332077026,1.2626017332077026,1.2626017332077026,600
2004-08-12,1.2626017332077026,1.2626017332077026,1.2626017332077026,1.2626017332077026,0
2004-08-13,1.2626017332077026,1.2626017332077026,1.2626017332077026,1.2626017332077026,0
2004-08-16,1.2889055013656616,1.2889055013656616,1.2889055013656616,1.2889055013656616,7600
2004-08-17,1.2889055013656616,1.2889055013656616,1.2889055013656616,1.2889055013656616,0
2004-08-18,1.4554988145828247,1.4554988145828247,1.4116585297702482,1.4116585297702482,14200
2004-08-19,1.4818031787872314,1.4818031787872314,1.4818031787872314,1.4818031787872314,1900
2004-08-20,1.6396280527114868,1.6396280527114868,1.63085999664272,1.63085999664272,5900
2004-08-23,1.5607154369354248,1.5870196050299217,1.543179324872427,1.5607154369354248,14000
2004-08-24,1.6045562028884888,1.6220923191183907,1.5870199821350894,1.5870199821350894,4500
2004-08-25,1.6834683418273926,1.6922363979418473,1.630860005140665,1.630860005140665,14800
2004-08-26,1.665932297706604,1.665932297706604,1.665932297706604,1.665932297706604,4800
2004-08-27,1.7273088693618774,1.753613039874357,1.7273088693618774,1.7273088693618774,9300
2004-08-30,1.7711490392684937,1.7886851518119875,1.7536129267249998,1.7536129267249998,5000
2004-08-31,1.7711490392684937,1.7711490392684937,1.7711490392684937,1.7711490392684937,0
2004-09-01,1.7711490392684937,1.7711490392684937,1.7711490392684937,1.7711490392684937,0
2004-09-02,1.5957881212234497,1.6396284111512247,1.5957881212234497,1.5957881212234497,8200
2004-09-03,1.6220918893814087,1.6308599451734593,1.6220918893814087,1.6220918893814087,1500
2004-09-07,1.7010051012039185,1.7010051012039185,1.6834688788574443,1.6834688788574443,8800
2004-09-08,1.587019681930542,1.6747003510176581,1.587019681930542,1.587019681930542,6800
2004-09-09,1.6220918893814087,1.6220918893814087,1.613323833589358,1.6220918893814087,6300
2004-09-10,1.6133235692977905,1.6834680041432686,1.6133235692977905,1.6220916236534753,2700
2004-09-13,1.6747004985809326,1.6747004985809326,1.6747004985809326,1.6747004985809326,2600
2004-09-14,1.665932297706604,1.665932297706604,1.5782516284539454,1.665932297706604,21000
2004-09-15,1.665932297706604,1.665932297706604,1.665932297706604,1.665932297706604,5100
2004-09-16,1.665932297706604,1.665932297706604,1.665932297706604,1.665932297706604,0
2004-09-17,1.665932297706604,1.665932297706604,1.665932297706604,1.665932297706604,0
2004-09-20,1.6308602094650269,1.6308602094650269,1.6308602094650269,1.6308602094650269,1000
2004-09-21,1.7097727060317993,1.7097727060317993,1.6834684317597641,1.6834684317597641,8300
2004-09-22,1.753612995147705,1.753612995147705,1.7010046554645442,1.753612995147705,7300
2004-09-23,1.753612995147705,1.753612995147705,1.753612995147705,1.753612995147705,0
2004-09-24,1.8062214851379395,1.8062214851379395,1.8062214851379395,1.8062214851379395,17000
2004-09-27,1.9640460014343262,1.9640460014343262,1.9465098932199314,1.9465098932199314,3500
2004-09-28,1.9640460014343262,1.9640460014343262,1.9640460014343262,1.9640460014343262,0
2004-09-29,1.981582760810852,1.9903508177992952,1.981582760810852,1.981582760810852,14100
2004-09-30,2.2796967029571533,2.2796967029571533,2.08679946651589,2.2796967029571533,10300
2004-10-01,2.1569442749023438,2.1569442749023438,2.1569442749023438,2.1569442749023438,700
2004-10-04,2.0078864097595215,2.078030847430693,2.0078864097595215,2.0078864097595215,26000
2004-10-05,2.060494899749756,2.078031010544031,2.060494899749756,2.060494899749756,7400
2004-10-06,2.069262981414795,2.1218715235123824,2.025422703872583,2.069262981414795,3900
2004-10-07,2.069262981414795,2.069262981414795,2.069262981414795,2.069262981414795,0
2004-10-08,2.069262981414795,2.069262981414795,2.069262981414795,2.069262981414795,0
2004-10-11,2.069262981414795,2.069262981414795,2.069262981414795,2.069262981414795,0
2004-10-12,2.069262981414795,2.069262981414795,2.069262981414795,2.069262981414795,0
2004-10-13,2.1481757164001465,2.1481757164001465,2.0429588399606824,2.1481757164001465,8400
2004-10-14,2.1920158863067627,2.235856162223513,2.1920158863067627,2.1920158863067627,5700
2004-10-15,2.095567226409912,2.095567226409912,2.078030907438802,2.095567226409912,6000
2004-10-18,2.0429584980010986,2.0429584980010986,2.0429584980010986,2.0429584980010986,5000
2004-10-19,2.1043360233306885,2.1043360233306885,2.1043360233306885,2.1043360233306885,4300
2004-10-20,2.13940691947937,2.13940691947937,2.13940691947937,2.13940691947937,4000
2004-10-21,2.13940691947937,2.13940691947937,2.13940691947937,2.13940691947937,0
2004-10-22,2.13940691947937,2.13940691947937,2.13940691947937,2.13940691947937,0
2004-10-25,2.200784921646118,2.200784921646118,2.1832488034694175,2.1832488034694175,4900
2004-10-26,2.1744799613952637,2.1744799613952637,2.1744799613952637,2.1744799613952637,500
2004-10-27,2.244624614715576,2.244624614715576,2.244624614715576,2.244624614715576,3000
2004-10-28,2.2796967029571533,2.2796967029571533,2.2358564219477755,2.244624478149651,61200
2004-10-29,2.2972323894500732,2.306000653073247,2.2446240619924938,2.2972323894500732,14700
2004-11-01,2.349841356277466,2.349841356277466,2.3410733000955215,2.349841356277466,24000
2004-11-02,2.2884650230407715,2.2884650230407715,2.27092890861494,2.2884650230407715,21000
2004-11-03,2.2884650230407715,2.2884650230407715,2.2884650230407715,2.2884650230407715,0
2004-11-04,2.639188051223755,2.639188051223755,2.61288387637997,2.61288387637997,8000
2004-11-05,2.7005646228790283,2.7005646228790283,2.6304201523773427,2.7005646228790283,11100
2004-11-08,2.656724452972412,2.7005647490847577,2.656724452972412,2.656724452972412,1300
2004-11-09,2.656724452972412,2.656724452972412,2.656724452972412,2.656724452972412,0
2004-11-10,2.656724452972412,2.656724452972412,2.656724452972412,2.656724452972412,0
2004-11-11,2.498898506164551,2.630419568192986,2.498898506164551,2.630419568192986,80400
2004-11-12,2.7970125675201416,2.910997294945936,2.5953470714891007,2.5953470714891007,39900
2004-11-15,2.832085609436035,2.867157843390524,2.7882453169929238,2.832085609436035,11500
2004-11-16,2.8759255409240723,2.8759255409240723,2.788244967042567,2.83208525398332,21800
2004-11-17,2.867156982421875,3.068822476149757,2.867156982421875,2.867156982421875,80400
2004-11-18,2.902228832244873,2.902228832244873,2.8759246680638912,2.902228832244873,74200
2004-11-19,2.8846921920776367,2.96360487914948,2.8759241389637515,2.8846921920776367,44400
2004-11-22,2.78824520111084,2.910998014849829,2.78824520111084,2.78824520111084,51400
2004-11-23,2.823317289352417,2.823317289352417,2.823317289352417,2.823317289352417,8800
2004-11-24,2.823317289352417,2.823317289352417,2.823317289352417,2.823317289352417,0
2004-11-26,2.823317289352417,2.823317289352417,2.823317289352417,2.823317289352417,0
2004-11-29,2.8583896160125732,2.954838253688704,2.8583896160125732,2.8583896160125732,5000
2004-11-30,2.7970125675201416,2.7970125675201416,2.7619403436968204,2.7970125675201416,3000
2004-12-01,2.639188051223755,2.639188051223755,2.6216519346612315,2.639188051223755,4000
2004-12-02,2.639188051223755,2.639188051223755,2.639188051223755,2.639188051223755,0
2004-12-03,2.4725940227508545,2.4725940227508545,2.4725940227508545,2.4725940227508545,1100
2004-12-06,2.4725940227508545,2.4725940227508545,2.4725940227508545,2.4725940227508545,5500
2004-12-07,2.4725940227508545,2.4725940227508545,2.4375217997262513,2.4725940227508545,13200
2004-12-08,2.376145839691162,2.376145839691162,2.3147694382844426,2.376145839691162,7300
2004-12-09,2.411217451095581,2.411217451095581,2.411217451095581,2.411217451095581,8900
2004-12-10,2.4024503231048584,2.4024503231048584,2.4024503231048584,2.4024503231048584,34000
2004-12-13,2.4024503231048584,2.4024503231048584,2.4024503231048584,2.4024503231048584,0
2004-12-14,2.516434907913208,2.516434907913208,2.516434907913208,2.516434907913208,10000
2004-12-15,2.4725940227508545,2.533970622090849,2.4725940227508545,2.5164343015316084,16200
2004-12-16,2.5076663494110107,2.586579063524571,2.5076663494110107,2.5076663494110107,1100
2004-12-17,2.5076663494110107,2.5076663494110107,2.5076663494110107,2.5076663494110107,0
2004-12-20,2.630420207977295,2.630420207977295,2.630420207977295,2.630420207977295,3000
2004-12-21,2.630420207977295,2.630420207977295,2.5953479719851202,2.630420207977295,5800
2004-12-22,2.630420207977295,2.630420207977295,2.630420207977295,2.630420207977295,0
2004-12-23,2.4901299476623535,2.4901299476623535,2.4901299476623535,2.4901299476623535,2500
2004-12-27,2.4901299476623535,2.4901299476623535,2.4901299476623535,2.4901299476623535,0
2004-12-28,2.4901299476623535,2.4901299476623535,2.4901299476623535,2.4901299476623535,0
2004-12-29,3.366936683654785,3.366936683654785,2.577811006213027,3.366936683654785,15900
2004-12-30,3.366936683654785,3.366936683654785,3.366936683654785,3.366936683654785,0
2004-12-31,2.630420207977295,2.630420207977295,2.630420207977295,2.630420207977295,500
2005-01-03,2.630420207977295,2.630420207977295,2.630420207977295,2.630420207977295,0
2005-01-04,2.4199864864349365,2.4199864864349365,2.4199864864349365,2.4199864864349365,34000
2005-01-05,2.393681287765503,2.393681287765503,2.393681287765503,2.393681287765503,2500
2005-01-06,2.393681287765503,2.393681287765503,2.393681287765503,2.393681287765503,0
2005-01-07,2.393681287765503,2.393681287765503,2.393681287765503,2.393681287765503,0
2005-01-10,2.5690433979034424,2.5778114555462395,2.446290381857295,2.446290381857295,9400
2005-01-11,2.7531721591949463,2.761940214741395,2.6567233391370797,2.7531721591949463,12000
2005-01-12,2.8496205806732178,2.8496205806732178,2.8145483608201314,2.8496205806732178,8800
2005-01-13,2.6917951107025146,2.700563164781146,2.665490948466622,2.6917951107025146,16700
2005-01-14,2.7005646228790283,2.709332681691739,2.674260446440896,2.6917965640663177,10700
2005-01-18,2.665492057800293,2.753172844124794,2.6391878846170385,2.700564288711299,31700
2005-01-19,2.665492057800293,2.665492057800293,2.665492057800293,2.665492057800293,0
2005-01-20,2.612884283065796,2.612884283065796,2.604116223419818,2.612884283065796,10200
2005-01-21,2.639188051223755,2.639188051223755,2.639188051223755,2.639188051223755,5000
2005-01-24,2.7005646228790283,2.7005646228790283,2.7005646228790283,2.7005646228790283,3800
2005-01-25,2.6041147708892822,2.6304189351552045,2.6041147708892822,2.6041147708892822,3900
2005-01-26,2.7268688678741455,2.7268688678741455,2.647956336575787,2.7268688678741455,39300
2005-01-27,2.7444043159484863,2.753172372173209,2.7444043159484863,2.7444043159484863,9500
2005-01-28,2.6479551792144775,2.709331565620304,2.6479551792144775,2.709331565620304,14800
2005-01-31,2.6479551792144775,2.6479551792144775,2.630419068812813,2.6479551792144775,10300
2005-02-01,2.6041147708892822,2.6304189351552045,2.6041147708892822,2.6041147708892822,5900
2005-02-02,2.5427393913269043,2.586579682409024,2.5252032748940563,2.586579682409024,20900
2005-02-03,2.5515074729919434,2.5602755312889465,2.5076669724599276,2.5515074729919434,16700
2005-02-04,2.683027744293213,2.683027744293213,2.577811068382241,2.683027744293213,20900
2005-02-07,2.683027744293213,2.683027744293213,2.683027744293213,2.683027744293213,0
2005-02-08,2.683027744293213,2.683027744293213,2.683027744293213,2.683027744293213,0
2005-02-09,2.411217451095581,2.411217451095581,2.411217451095581,2.411217451095581,2100
2005-02-10,2.4638254642486572,2.4638254642486572,2.4638254642486572,2.4638254642486572,5100
2005-02-11,2.498898506164551,2.498898506164551,2.4725943355682567,2.498898506164551,8400
2005-02-14,2.5865793228149414,2.5865793228149414,2.5865793228149414,2.5865793228149414,1400
2005-02-15,2.5865793228149414,2.5865793228149414,2.551507094825093,2.5865793228149414,11200
2005-02-16,2.709331750869751,2.709331750869751,2.656723416067684,2.709331750869751,14600
2005-02-17,2.7005646228790283,2.814549596491279,2.6917965640663177,2.709332681691739,16100
2005-02-18,2.840853214263916,2.8846934997060965,2.840853214263916,2.840853214263916,8800
2005-02-22,2.8057801723480225,2.84085239053225,2.8057801723480225,2.84085239053225,8300
2005-02-23,2.7531721591949463,2.770708270287843,2.7531721591949463,2.7531721591949463,46600
2005-02-24,2.867156982421875,2.867156982421875,2.788244479720637,2.788244479720637,15300
2005-02-25,2.7707080841064453,2.8233164138500495,2.7180995453159214,2.7707080841064453,21400
2005-02-28,2.7707080841064453,2.7707080841064453,2.7707080841064453,2.7707080841064453,0
2005-03-01,2.78824520111084,2.78824520111084,2.700564410821709,2.78824520111084,14700
2005-03-02,2.7181005477905273,2.7181005477905273,2.6391880240710464,2.7181005477905273,12100
2005-03-03,2.7531721591949463,2.78824438138074,2.7531721591949463,2.7531721591949463,128800
2005-03-04,2.7707080841064453,2.7707080841064453,2.726867600273189,2.7531719741919107,44600
2005-03-07,2.761939764022827,2.7794758722540216,2.761939764022827,2.761939764022827,21500
2005-03-08,2.840853214263916,2.858389328440788,2.805780985910171,2.805780985910171,32400
2005-03-09,3.01621413230896,3.068822467291259,3.01621413230896,3.01621413230896,19600
2005-03-10,3.033750534057617,3.0688227607327634,3.033750534057617,3.033750534057617,21700
2005-03-11,2.9723727703094482,3.0249810861263216,2.9723727703094482,3.0249810861263216,12200
2005-03-14,3.007446050643921,3.033750217909111,2.9899099391337938,2.9899099391337938,6300
2005-03-15,3.0249826908111572,3.0249826908111572,2.9986785189489527,3.0249826908111572,11500
2005-03-16,2.9723727703094482,3.016213033490176,2.9548364559902924,2.9723727703094482,33900
2005-03-17,2.867156982421875,2.867156982421875,2.867156982421875,2.867156982421875,6900
2005-03-18,2.8496205806732178,2.9986777240957543,2.8496205806732178,2.867156690599761,5500
2005-03-21,2.7794761657714844,2.7794761657714844,2.744403945605409,2.7794761657714844,6800
2005-03-22,2.709331750869751,2.709331750869751,2.709331750869751,2.709331750869751,11200
2005-03-23,2.612884283065796,2.612884283065796,2.612884283065796,2.612884283065796,800
2005-03-24,2.560274839401245,2.5953470631113538,2.516434350716666,2.5953470631113538,8100
2005-03-28,2.5076663494110107,2.5076663494110107,2.5076663494110107,2.5076663494110107,100
2005-03-29,2.4901299476623535,2.507666057860566,2.4901299476623535,2.507666057860566,4300
2005-03-30,2.516434907913208,2.516434907913208,2.437522387092417,2.4901307343062777,7200
2005-03-31,2.683027744293213,2.7707085165993086,2.683027744293213,2.683027744293213,14000
2005-04-01,2.665492057800293,2.665492057800293,2.64795594234479,2.665492057800293,6500
2005-04-04,2.7005646228790283,2.7181007405044495,2.6654923876281855,2.6654923876281855,14600
2005-04-05,2.7005646228790283,2.7005646228790283,2.7005646228790283,2.7005646228790283,0
2005-04-06,2.7005646228790283,2.7005646228790283,2.7005646228790283,2.7005646228790283,0
2005-04-07,2.560274839401245,2.6304192868214624,2.560274839401245,2.560274839401245,2700
2005-04-08,2.498898506164551,2.7181001368472995,2.498898506164551,2.5602751132695354,4500
2005-04-11,2.5427393913269043,2.5427393913269043,2.5427393913269043,2.5427393913269043,13000
2005-04-12,2.6041147708892822,2.6041147708892822,2.5427383876021303,2.6041147708892822,9500
2005-04-13,2.630420207977295,2.630420207977295,2.630420207977295,2.630420207977295,8400
2005-04-14,2.3673770427703857,2.3673770427703857,2.35860898816574,2.3673770427703857,3000
2005-04-15,2.3673770427703857,2.3673770427703857,2.3673770427703857,2.3673770427703857,0
2005-04-18,2.3673770427703857,2.3673770427703857,2.3673770427703857,2.3673770427703857,0
2005-04-19,2.5427393913269043,2.5427393913269043,2.4024502508171244,2.4024502508171244,2100
2005-04-20,2.5865793228149414,2.630419607802252,2.5865793228149414,2.5865793228149414,9600
2005-04-21,2.5865793228149414,2.5865793228149414,2.5865793228149414,2.5865793228149414,0
2005-04-22,2.5865793228149414,2.5865793228149414,2.5865793228149414,2.5865793228149414,0
2005-04-25,2.5865793228149414,2.5865793228149414,2.5865793228149414,2.5865793228149414,0
2005-04-26,2.5865793228149414,2.5865793228149414,2.5865793228149414,2.5865793228149414,0
2005-04-27,2.5865793228149414,2.5953473798124036,2.5602751518225553,2.5865793228149414,8300
2005-04-28,2.5953478813171387,2.639188174775805,2.5953478813171387,2.5953478813171387,2500
2005-04-29,2.612884283065796,2.612884283065796,2.604116223419818,2.612884283065796,3700
2005-05-02,2.5690433979034424,2.6830281472598085,2.5690433979034424,2.612883686117429,6300
2005-05-03,2.4287545680999756,2.6128840105052533,2.4287545680999756,2.569043716848523,4200
2005-05-04,2.516434907913208,2.516434907913208,2.516434907913208,2.516434907913208,0
2005-05-05,2.4199864864349365,2.5076670729174673,2.4199864864349365,2.5076670729174673,4200
2005-05-06,2.630420207977295,2.630420207977295,2.5076671729576674,2.630420207977295,17800
2005-05-09,2.4901299476623535,2.57781070770034,2.472593837464141,2.4901299476623535,7100
2005-05-10,2.5252034664154053,2.560275701941117,2.516435198486964,2.5252034664154053,12800
2005-05-11,2.533970832824707,2.533970832824707,2.533970832824707,2.533970832824707,2900
2005-05-12,2.533970832824707,2.533970832824707,2.533970832824707,2.533970832824707,0
2005-05-13,2.376145839691162,2.3849138970349792,2.376145839691162,2.3849138970349792,10200
2005-05-16,2.3235373497009277,2.3235373497009277,2.3060012361146307,2.3235373497009277,5500
2005-05-17,2.3235373497009277,2.3235373497009277,2.3235373497009277,2.3235373497009277,7000
2005-05-18,2.393681287765503,2.393681287765503,2.358609068157453,2.393681287765503,8100
2005-05-19,2.393681287765503,2.393681287765503,2.393681287765503,2.393681287765503,0
2005-05-20,2.349841356277466,2.4112177495510747,2.349841356277466,2.349841356277466,6500
2005-05-23,2.349841356277466,2.349841356277466,2.349841356277466,2.349841356277466,0
2005-05-24,2.4375216960906982,2.4375216960906982,2.393681419173891,2.4375216960906982,19300
2005-05-25,2.4550578594207764,2.498898137276214,2.428753692707514,2.4375217482786016,9700
2005-05-26,2.5865793228149414,2.5953473798124036,2.419986030816193,2.5865793228149414,13000
2005-05-27,2.612884283065796,2.612884283065796,2.586580104127862,2.612884283065796,17000
2005-05-31,2.5778110027313232,2.5778110027313232,2.5778110027313232,2.5778110027313232,1500
2005-06-01,2.5865793228149414,2.5865793228149414,2.5865793228149414,2.5865793228149414,1800
2005-06-02,2.5427393913269043,2.5427393913269043,2.5427393913269043,2.5427393913269043,2500
2005-06-03,2.533970832824707,2.533970832824707,2.481362284865753,2.533970832824707,10500
2005-06-06,2.516434907913208,2.577811522043034,2.516434907913208,2.5339712326981507,23600
2005-06-07,2.560274839401245,2.560274839401245,2.560274839401245,2.560274839401245,2100
2005-06-08,2.5427393913269043,2.5602755077597523,2.507666949414211,2.5427393913269043,4100
2005-06-09,2.533970832824707,2.54273888931004,2.5252027763393743,2.533970832824707,20400
2005-06-10,2.6041147708892822,2.6041147708892822,2.5515064423574376,2.6041147708892822,4900
2005-06-13,2.656724452972412,2.656724452972412,2.5602758015252514,2.604116097637597,9100
2005-06-14,2.665492057800293,2.665492057800293,2.665492057800293,2.665492057800293,21200
2005-06-15,2.7005646228790283,2.7444051259895934,2.683028505253607,2.683028505253607,5600
2005-06-16,2.7531721591949463,2.8408527146594307,2.7531721591949463,2.7531721591949463,58700
2005-06-17,2.7531721591949463,2.7531721591949463,2.7531721591949463,2.7531721591949463,0
2005-06-20,2.823317289352417,2.823317289352417,2.823317289352417,2.823317289352417,12700
2005-06-21,2.8496205806732178,2.8496205806732178,2.7531719760772306,2.823316415783403,33700
2005-06-22,2.8496205806732178,2.8583886356364894,2.8496205806732178,2.8496205806732178,6900
2005-06-23,2.7707080841064453,2.8671566886363866,2.7707080841064453,2.8496205787218516,68400
2005-06-24,2.9548370838165283,2.998677565359086,2.9285329203191393,2.9285329203191393,83200
2005-06-27,2.9548370838165283,2.9548370838165283,2.9548370838165283,2.9548370838165283,0
2005-06-28,2.963606357574463,2.963606357574463,2.963606357574463,2.963606357574463,3000
2005-06-29,2.963606357574463,2.963606357574463,2.963606357574463,2.963606357574463,0
2005-06-30,2.9723727703094482,2.9723727703094482,2.9723727703094482,2.9723727703094482,9000
2005-07-01,2.9723727703094482,2.9723727703094482,2.9723727703094482,2.9723727703094482,0
2005-07-05,3.1915762424468994,3.2792568223024494,2.9899106997321425,3.1915762424468994,94300
2005-07-06,3.2967920303344727,3.2967920303344727,3.2967920303344727,3.2967920303344727,2500
2005-07-07,3.0951271057128906,3.209112057897876,3.0951271057128906,3.0951271057128906,20200
2005-07-08,3.1301989555358887,3.165271179949095,3.024982282296271,3.095126731122683,14600
2005-07-11,3.1301989555358887,3.1301989555358887,3.060054506709477,3.1301989555358887,5200
2005-07-12,3.1389670372009277,3.1389670372009277,3.095126756327413,3.1301989810262247,12300
2005-07-13,3.1038951873779297,3.1038951873779297,3.1038951873779297,3.1038951873779297,17400
2005-07-14,3.033750534057617,3.1126630440766965,3.033750534057617,3.033750534057617,4900
2005-07-15,3.033750534057617,3.1126630440766965,3.033750534057617,3.033750534057617,9700
2005-07-18,3.1038951873779297,3.112663244611603,3.0249826722748714,3.0337507295085446,20600
2005-07-19,3.0600552558898926,3.0863594306397375,3.0600552558898926,3.0600552558898926,12000
2005-07-20,3.1565024852752686,3.1565024852752686,3.0688219419803073,3.0688219419803073,21300
2005-07-21,3.200343608856201,3.200343608856201,3.1828074966745463,3.200343608856201,33800
2005-07-22,3.165271282196045,3.2441839987218026,3.13019905664991,3.165271282196045,15000
2005-07-25,3.165271282196045,3.209111773175668,3.13019905664991,3.165271282196045,15900
2005-07-26,3.147735595703125,3.147735595703125,3.051286962389757,3.147735595703125,9000
2005-07-27,3.0425186157226562,3.051286672463478,3.0425186157226562,3.0425186157226562,6000
2005-07-28,3.1301989555358887,3.1301989555358887,3.0863586750193814,3.0863586750193814,24300
2005-07-29,3.182807207107544,3.182807207107544,3.1477347768881243,3.1477347768881243,28200
2005-08-01,3.182807207107544,3.182807207107544,3.182807207107544,3.182807207107544,0
2005-08-02,3.2354159355163574,3.2354159355163574,3.2354159355163574,3.2354159355163574,14000
2005-08-03,3.2617204189300537,3.2617204189300537,3.2441843045041105,3.2617204189300537,39300
2005-08-04,3.2529513835906982,3.2529513835906982,3.1915750015550937,3.2529513835906982,19000
2005-08-05,3.226647138595581,3.314327682152429,3.226647138595581,3.226647138595581,8700
2005-08-08,3.2617204189300537,3.279256533355997,3.2617204189300537,3.2617204189300537,12000
2005-08-09,3.2529513835906982,3.261719438167213,3.2529513835906982,3.261719438167213,4200
2005-08-10,3.2529513835906982,3.2529513835906982,3.2529513835906982,3.2529513835906982,5800
2005-08-11,3.340632677078247,3.3669368466953644,3.296792394383052,3.296792394383052,28400
2005-08-12,3.366936683654785,3.4195452293884605,3.366936683654785,3.366936683654785,7200
2005-08-15,3.340632677078247,3.4370815080546344,3.1038949414772348,3.3669368466953644,7400
2005-08-16,3.340632677078247,3.340632677078247,3.340632677078247,3.340632677078247,0
2005-08-17,3.2967920303344727,3.2967920303344727,3.2441836969095186,3.2967920303344727,6900
2005-08-18,3.174039363861084,3.209111798733495,3.174039363861084,3.174039363861084,2900
2005-08-19,3.174039363861084,3.2266479116462228,3.174039363861084,3.174039363861084,3300
2005-08-22,3.0863587856292725,3.156503236969543,3.0863587856292725,3.0863587856292725,26600
2005-08-23,3.0863587856292725,3.0863587856292725,3.0863587856292725,3.0863587856292725,0
2005-08-24,3.147735595703125,3.147735595703125,3.0600550199636998,3.147735595703125,1700
2005-08-25,3.0775904655456543,3.103894632544702,3.0775904655456543,3.103894632544702,14100
2005-08-26,3.1214308738708496,3.1214308738708496,3.1214308738708496,3.1214308738708496,1000
2005-08-29,2.9460690021514893,2.9460690021514893,2.9460690021514893,2.9460690021514893,2200
2005-08-30,2.9460690021514893,2.9460690021514893,2.9460690021514893,2.9460690021514893,5100
2005-08-31,2.9548370838165283,3.024981728856475,2.9548370838165283,2.9548370838165283,6400
2005-09-01,2.989910364151001,2.989910364151001,2.989910364151001,2.989910364151001,300
2005-09-02,3.2354159355163574,3.2354159355163574,3.08635876821248,3.08635876821248,1600
2005-09-06,3.0425186157226562,3.0951269561675874,3.0425186157226562,3.0951269561675874,4000
2005-09-07,3.0425186157226562,3.0425186157226562,3.0425186157226562,3.0425186157226562,0
2005-09-08,3.0863587856292725,3.112662954881874,3.0688226727942047,3.0863587856292725,8200
2005-09-09,3.1389670372009277,3.2091116956455,3.1389670372009277,3.1389670372009277,4800
2005-09-12,3.200343608856201,3.2529519454011653,3.200343608856201,3.200343608856201,2500
2005-09-13,3.1301989555358887,3.1301989555358887,3.095126731122683,3.1301989555358887,3200
2005-09-14,3.2178804874420166,3.2178804874420166,3.1477358129620594,3.1477358129620594,8700
2005-09-15,3.5247623920440674,3.5247623920440674,3.463385990723055,3.5247623920440674,3600
2005-09-16,3.480921983718872,3.5861388770671216,3.454617812643552,3.480921983718872,5900
2005-09-19,3.6036758422851562,3.647515928718501,3.5159952513244304,3.6036758422851562,15300
2005-09-20,3.5510663986206055,3.5510663986206055,3.5510663986206055,3.5510663986206055,2300
2005-09-21,3.717658758163452,3.717658758163452,3.717658758163452,3.717658758163452,6800
2005-09-22,3.5773701667785645,3.7702678154719713,3.5773701667785645,3.5773701667785645,5000
2005-09-23,3.5861382484436035,3.5861382484436035,3.5861382484436035,3.5861382484436035,2800
2005-09-26,3.533529281616211,3.6299776656363356,3.507224910823765,3.5861376051073126,19400
2005-09-27,3.5247623920440674,3.577370736033507,3.4896901627177748,3.5247623920440674,5500
2005-09-28,3.656282901763916,3.6562829017639156,3.6562829017639156,3.6562829017639156,2300
2005-09-29,3.6475143432617188,3.761499271012111,3.6475143432617188,3.6562826075935284,2500
2005-09-30,3.6475143432617188,3.6475143432617188,3.6475143432617188,3.6475143432617188,0
2005-10-03,3.612442970275879,3.770268420552931,3.60367512197935,3.612442970275879,11200
2005-10-04,3.498457908630371,3.524762078283597,3.498457908630371,3.524762078283597,1500
2005-10-05,3.6036758422851562,3.6036758422851562,3.4984589240852664,3.4984589240852664,6500
2005-10-06,3.50722599029541,3.53353036918395,3.4020093109290883,3.50722599029541,2700
2005-10-07,3.533529281616211,3.533529281616211,3.533529281616211,3.533529281616211,3700
2005-10-10,3.533529281616211,3.533529281616211,3.533529281616211,3.533529281616211,0
2005-10-11,3.6036758422851562,3.6036758422851562,3.5335313695165755,3.5335313695165755,25700
2005-10-12,3.3844730854034424,3.60367492511,3.3844730854034424,3.60367492511,7200
2005-10-13,3.2529513835906982,3.3581680385088775,3.2529513835906982,3.3581680385088775,6000
2005-10-14,3.2967920303344727,3.3318642526177755,3.2266475857678674,3.2967920303344727,7600
2005-10-17,3.340632677078247,3.340632677078247,3.340632677078247,3.340632677078247,3000
2005-10-18,3.340632677078247,3.4984579038279078,3.340632677078247,3.340632677078247,1100
2005-10-19,3.1915762424468994,3.1915762424468994,3.1915762424468994,3.1915762424468994,1300
2005-10-20,3.1915762424468994,3.1915762424468994,3.1214315695154675,3.1915762424468994,5800
2005-10-21,3.314328670501709,3.314328670501709,3.174039549928934,3.314328670501709,14000
2005-10-24,3.2792561054229736,3.340632497904341,3.270488049354207,3.3143283296980406,10500
2005-10-25,3.4370815753936768,3.4370815753936768,3.384473026081782,3.384473026081782,6000
2005-10-26,3.3757050037384033,3.4020093831856313,3.3757050037384033,3.3757050037384033,4500
2005-10-27,3.3932414054870605,3.4195457871680137,3.3932414054870605,3.3932414054870605,3900
2005-10-28,3.3494009971618652,3.4458498357272416,3.3494009971618652,3.3494009971618652,8000
2005-10-31,3.366936683654785,3.5072257905330066,3.366936683654785,3.366936683654785,5200
2005-11-01,3.366936683654785,3.366936683654785,3.366936683654785,3.366936683654785,0
2005-11-02,3.366936683654785,3.366936683654785,3.366936683654785,3.366936683654785,0
2005-11-03,3.2792561054229736,3.3318644418355743,3.2792561054229736,3.2792561054229736,17000
2005-11-04,3.3055601119995117,3.3581684458397576,3.3055601119995117,3.3055601119995117,12900
2005-11-07,3.340632677078247,3.340632677078247,3.2529521116878564,3.305560450922091,2400
2005-11-08,3.2704877853393555,3.3230961175050724,3.25295167461745,3.3230961175050724,24800
2005-11-09,3.2704877853393555,3.2704877853393555,3.2704877853393555,3.2704877853393555,0
2005-11-10,3.2704877853393555,3.296791951422214,3.2704877853393555,3.2704877853393555,2100
2005-11-11,3.3055601119995117,3.3055601119995117,3.3055601119995117,3.3055601119995117,600
2005-11-14,3.331864595413208,3.331864595413208,3.331864595413208,3.331864595413208,2000
2005-11-15,3.1214308738708496,3.1214308738708496,3.077590593713355,3.1214308738708496,7100
2005-11-16,3.2354159355163574,3.270488160988575,3.156503219156915,3.156503219156915,28200
2005-11-17,3.226647138595581,3.402008434756182,3.226647138595581,3.235415192951266,21700
2005-11-18,3.226647138595581,3.4458487065346057,3.226647138595581,3.226647138595581,5100
2005-11-21,3.2441837787628174,3.3406323924753742,3.2441837787628174,3.2441837787628174,24100
2005-11-22,3.5159945487976074,3.656283466303802,3.3932413278857334,3.3932413278857334,81300
2005-11-23,3.5773701667785645,3.5773701667785645,3.50722571928783,3.5773701667785645,5300
2005-11-25,3.717658758163452,3.717658758163452,3.638746470227563,3.717658758163452,4800
2005-11-28,3.6299781799316406,3.7264269957104235,3.6299781799316406,3.6299781799316406,8300
2005-11-29,3.6387462615966797,3.6650502167025305,3.6124418883970004,3.6387462615966797,12100
2005-11-30,3.498457908630371,3.61244264379435,3.498457908630371,3.498457908630371,4400
2005-12-01,3.5773701667785645,3.5861384317618494,3.50722571928783,3.50722571928783,47700
2005-12-02,3.533529281616211,3.577369342145234,3.533529281616211,3.577369342145234,39000
2005-12-05,3.6650514602661133,3.7176598064218216,3.551066919309063,3.551066919309063,68200
2005-12-06,4.094686985015869,4.313888640161524,4.094686985015869,4.094686985015869,33700
2005-12-07,4.120989799499512,4.278815214741853,4.120989799499512,4.120989799499512,114600
2005-12-08,4.243744850158691,4.3314254424979115,4.1560638397254275,4.243744850158691,17900
2005-12-09,4.454177379608154,4.506785724474319,4.261280115098886,4.454177379608154,67900
2005-12-12,4.752291679382324,4.910116711571031,4.699683335319421,4.699683335319421,104800
2005-12-13,4.524320602416992,4.6558416376696865,4.480480536061991,4.6558416376696865,52600
2005-12-14,4.524320602416992,4.673377747830456,4.436640051613145,4.524320602416992,14800
2005-12-15,4.5067853927612305,4.655842567957948,4.5067853927612305,4.5067853927612305,15000
2005-12-16,4.690913200378418,4.717217570978921,4.585696554163981,4.690913200378418,18800
2005-12-19,4.559393405914307,4.690914457989391,4.559393405914307,4.559393405914307,3000
2005-12-20,4.366495132446289,4.734753823558861,4.366495132446289,4.366495132446289,7500
2005-12-21,4.366495132446289,4.366495132446289,4.366495132446289,4.366495132446289,0
2005-12-22,4.822434902191162,4.892579342964382,4.664609910451418,4.822434902191162,12200
2005-12-23,4.804900646209717,4.822436763170211,4.717220061407241,4.822436763170211,33100
2005-12-27,4.804900646209717,4.804900646209717,4.804900646209717,4.804900646209717,0
2005-12-28,4.857509136199951,4.989030226217152,4.8399730187372585,4.8399730187372585,5900
2005-12-29,4.980259895324707,5.0416364900653745,4.839971013739006,4.980259895324707,16500
2005-12-30,4.839972972869873,4.839972972869873,4.839972972869873,4.839972972869873,3400
2006-01-03,5.3222150802612305,5.409895637989201,4.953956319709881,4.953956319709881,28400
2006-01-04,5.190695762634277,5.418665288619341,5.041638555827804,5.190695762634277,37500
2006-01-05,5.032869815826416,5.243303622775836,4.9802614686125555,5.032869815826416,48500
2006-01-06,5.330984115600586,5.462505190563844,5.164390809726321,5.164390809726321,47500
2006-01-09,5.7430830001831055,5.971052483013317,5.55018532738668,5.7430830001831055,81900
2006-01-10,5.769384384155273,5.8746010215218964,5.743080433860494,5.743080433860494,57400
2006-01-11,6.146414756774902,6.181486988982675,6.058733758161485,6.146414756774902,21000
2006-01-12,5.935981273651123,6.137646829043454,5.909676888993857,5.935981273651123,22100
2006-01-13,5.935981273651123,6.3305441168520264,5.909676888993857,5.935981273651123,38400
2006-01-17,5.935981273651123,6.321776267362278,5.935981273651123,5.935981273651123,18300
2006-01-18,6.181485176086426,6.321774063773811,5.8219942742467055,5.935979204539638,77000
2006-01-19,6.576048851013184,6.576048851013184,6.356847222646078,6.356847222646078,23800
2006-01-20,6.856627464294434,7.093365219274098,6.698802015578691,6.698802015578691,34400
2006-01-23,6.970609664916992,7.09336284349191,6.874161276443027,6.874161276443027,28500
2006-01-24,6.418224811553955,6.839092019165592,6.418224811553955,6.839092019165592,19200
2006-01-25,6.646193027496338,6.760177969827119,6.558512463431856,6.558512463431856,32200
2006-01-26,6.953075885772705,7.119669182715031,6.637425824497303,6.6461936727079785,7300
2006-01-27,7.075829029083252,7.18104572125614,6.996916719000571,6.996916719000571,31900
2006-01-30,7.251192092895508,7.479161208274872,7.181046784869476,7.251192092895508,3700
2006-01-31,7.049524784088135,7.242422463476699,7.049524784088135,7.049524784088135,4200
2006-02-01,7.040755271911621,7.05829180156579,6.83032193318814,7.049523536738706,43800
2006-02-02,6.5848164558410645,7.09336411570909,6.54974381417655,6.5848164558410645,6600
2006-02-03,6.313004970550537,6.488366475234269,6.304237125267946,6.313004970550537,2900
2006-02-06,6.716335773468018,6.865392903578935,6.672495711613737,6.672495711613737,28200
2006-02-07,6.269166946411133,6.5935852711361616,6.2603986801836715,6.5935852711361616,6900
2006-02-08,6.181485176086426,6.251629619930118,6.181485176086426,6.181485176086426,1400
2006-02-09,6.523440837860107,6.690034133953542,6.497136457174219,6.523440837860107,2600
2006-02-10,6.234093189239502,6.514670950224201,6.172716594977178,6.234093189239502,16500
2006-02-13,5.79569149017334,6.128877665883462,5.79569149017334,6.128877665883462,1600
2006-02-14,6.137645721435547,6.137645721435547,5.734314683436553,6.137645721435547,6100
2006-02-15,6.348078727722168,6.348078727722168,6.348078727722168,6.348078727722168,2000
2006-02-16,6.409457683563232,6.435762071630234,6.409457683563232,6.409457683563232,800
2006-02-17,6.777712821960449,6.777712821960449,6.698800119933515,6.777712821960449,2500
2006-02-21,6.804020404815674,6.804020404815674,6.786483868898679,6.804020404815674,2100
2006-02-22,6.804020404815674,6.804020404815674,6.804020404815674,6.804020404815674,0
2006-02-23,7.031989097595215,7.031989097595215,6.9267719913716155,7.031989097595215,6100
2006-02-24,7.365174770355225,7.365174770355225,6.874163564965088,7.031989013363009,8900
2006-02-27,7.14597225189209,7.409014354824147,7.14597225189209,7.14597225189209,27000
2006-02-28,7.01445198059082,7.05829247270708,7.01445198059082,7.05829247270708,1000
2006-03-01,7.01445198059082,7.01445198059082,7.01445198059082,7.01445198059082,0
2006-03-02,7.198583602905273,7.233655840198104,7.08459862265655,7.198583602905273,2600
2006-03-03,7.444087505340576,7.549304192362349,7.330102552020015,7.444087505340576,7100
2006-03-06,7.435317516326904,7.435317516326904,7.145971485009655,7.435317516326904,1900
2006-03-07,7.049524784088135,7.049524784088135,6.988148173720146,7.049524784088135,37500
2006-03-08,6.935539722442627,7.040756408793875,6.900467493658878,7.040756408793875,2200
2006-03-09,6.979378700256348,7.07582709939824,6.970610435919527,6.970610435919527,5200
2006-03-10,7.093365669250488,7.093365669250488,6.821555668001156,6.979380708634775,8800
2006-03-13,7.031989097595215,7.172278015101409,7.031989097595215,7.031989097595215,10800
2006-03-14,7.172276496887207,7.207348718839732,7.172276496887207,7.172276496887207,300
2006-03-15,7.435317516326904,7.444085780594143,6.356846097087649,7.172276277811372,7500
2006-03-16,7.593145847320557,7.63698634932208,7.593145847320557,7.593145847320557,2900
2006-03-17,7.531765460968018,7.549301150311552,7.470389293984305,7.531765460968018,2000
2006-03-20,7.645754814147949,7.645754814147949,7.461625369943179,7.645754814147949,2900
2006-03-21,7.461624622344971,7.461624622344971,7.409015856619729,7.461624622344971,3500
2006-03-22,7.461624622344971,7.461624622344971,7.461624622344971,7.461624622344971,0
2006-03-23,7.619446277618408,7.6457510683232455,7.6106788502377665,7.6106788502377665,8300
2006-03-24,7.786042213439941,7.786042213439941,7.715897756793554,7.786042213439941,3800
2006-03-27,7.72466516494751,7.821113573076857,7.72466516494751,7.786041348649113,4900
2006-03-28,7.522998809814453,7.750968673430101,7.522998809814453,7.522998809814453,5400
2006-03-29,7.479158878326416,7.479158878326416,7.400246163045006,7.479158878326416,1100
2006-03-30,7.198583602905273,7.531770275281212,7.058294653733951,7.479161501247918,23000
2006-03-31,7.093365669250488,7.181045829286301,7.093365669250488,7.181045829286301,4700
2006-04-03,6.944308280944824,6.988148359722598,6.9004677840730855,6.944308280944824,4800
2006-04-04,6.900467395782471,7.2073500204283665,6.847859053353044,6.900467395782471,9600
2006-04-05,6.865395545959473,6.909236042781059,6.847859430849631,6.900467776179156,31700
2006-04-06,6.90923547744751,7.040756120962943,6.90923547744751,6.90923547744751,5900
2006-04-07,6.90923547744751,6.90923547744751,6.90923547744751,6.90923547744751,0
2006-04-10,6.786482810974121,6.900467768101646,6.760178847387131,6.900467768101646,4200
2006-04-11,6.73387336730957,6.988147203675702,6.73387336730957,6.73387336730957,7900
2006-04-12,6.646193027496338,6.725105744201326,6.646193027496338,6.646193027496338,6600
2006-04-13,6.523440837860107,6.576049181137938,6.488368609008221,6.576049181137938,8300
2006-04-17,6.795251369476318,8.689153552856418,6.619890211050006,6.795251369476318,2300
2006-04-18,7.470392227172852,7.470392227172852,7.1547413331758705,7.470392227172852,3600
2006-04-19,7.619446277618408,7.619446277618408,7.400244705537252,7.619446277618408,9100
2006-04-20,7.110900402069092,7.575608448346438,7.110900402069092,7.110900402069092,7100
2006-04-21,7.2073516845703125,7.2073516845703125,7.2073516845703125,7.2073516845703125,900
2006-04-24,7.119669437408447,7.338871085738219,7.102133740359788,7.207350431215527,10000
2006-04-25,7.163508415222168,7.172276679981068,7.08459570476757,7.119667927615419,2600
2006-04-26,7.7685065269470215,7.7685065269470215,7.382711973390173,7.7685065269470215,23000
2006-04-27,7.891257286071777,7.891257286071777,7.680823959128247,7.76850409392753,2000
2006-04-28,8.259517669677734,8.27705336565151,7.926331084297246,8.259517669677734,5000
2006-05-01,8.329662322998047,8.522560000400087,8.329662322998047,8.329662322998047,2900
2006-05-02,8.27705192565918,8.27705192565918,8.27705192565918,8.27705192565918,2400
2006-05-03,8.39980411529541,8.452412860141916,8.329659679625156,8.329659679625156,14000
2006-05-04,8.610240936279297,8.671617969680414,8.548864739066152,8.548864739066152,4300
2006-05-05,8.49625301361084,8.732991125302291,8.49625301361084,8.610237937441426,6500
2006-05-08,8.39980411529541,8.627773949317552,8.39980411529541,8.496252505295102,3300
2006-05-09,8.908354759216309,8.908354759216309,8.487488000286996,8.487488000286996,22400
2006-05-10,8.873284339904785,8.987269319420495,8.873284339904785,8.908356576972073,4800
2006-05-11,9.285380363464355,9.285380363464355,8.899585060349649,8.899585060349649,20000
2006-05-12,8.592702865600586,9.066178286960834,8.592702865600586,9.066178286960834,25400
2006-05-15,7.812347888946533,8.092925777065085,7.812347888946533,8.092925777065085,16100
2006-05-16,7.847416400909424,7.987705278393532,7.847416400909424,7.847416400909424,6700
2006-05-17,7.496694564819336,7.856185039568312,7.496694564819336,7.496694564819336,2500
2006-05-18,7.356407642364502,7.356407642364502,7.014452768855158,7.356407642364502,6200
2006-05-19,7.330102920532227,7.330102920532227,6.847859538391248,7.330102920532227,20400
2006-05-22,7.330102920532227,7.330102920532227,7.330102920532227,7.330102920532227,0
2006-05-23,7.365174770355225,7.575608980281752,7.277494616058077,7.365174770355225,13300
2006-05-24,6.628657341003418,7.435319000370744,6.540976771299788,6.628657341003418,10500
2006-05-25,7.3827128410339355,7.3827128410339355,7.023222210287573,7.3827128410339355,1200
2006-05-26,7.3827128410339355,7.3827128410339355,7.3827128410339355,7.3827128410339355,0
2006-05-30,7.540536880493164,7.619448769855972,7.540536880493164,7.540536880493164,8400
2006-05-31,7.259956359863281,7.41778177079108,7.259956359863281,7.41778177079108,1100
2006-06-01,7.12843656539917,7.12843656539917,7.031988156567461,7.12843656539917,14000
2006-06-02,7.12843656539917,7.12843656539917,7.12843656539917,7.12843656539917,0
2006-06-05,6.970609664916992,7.1108985340382596,6.970609664916992,7.1108985340382596,700
2006-06-06,6.426992893218994,6.576050095614633,6.356848425760813,6.576050095614633,25400
2006-06-07,6.462063789367676,6.462063789367676,6.339310996724416,6.462063789367676,5600
2006-06-08,6.409457683563232,6.409457683563232,6.26916872879006,6.409457683563232,8600
2006-06-09,6.523440837860107,6.584817447397882,6.523440837860107,6.523440837860107,900
2006-06-12,6.2253265380859375,6.751410394329518,6.2253265380859375,6.2253265380859375,23700
2006-06-13,5.848300457000732,6.0236616208007865,5.585258293206657,6.0236616208007865,133800
2006-06-14,6.102573394775391,6.14641388788457,6.0850372811505045,6.0850372811505045,11200
2006-06-15,6.5322089195251465,6.619889912883037,6.286703308786146,6.286703308786146,13600
2006-06-16,6.5059027671813965,6.663727749558665,6.488366658028367,6.5059027671813965,14600
2006-06-19,6.523440837860107,6.576049181137938,6.514672571600162,6.514672571600162,8300
2006-06-20,6.383152484893799,6.488369180720459,6.383152484893799,6.488369180720459,7300
2006-06-21,6.576048851013184,6.584817116832953,6.444527790374135,6.444527790374135,25100
2006-06-22,6.742642402648926,6.812786859576809,6.681265793790056,6.681265793790056,7100
2006-06-23,6.804020404815674,6.8653966081490445,6.742643783388275,6.742643783388275,17300
2006-06-26,7.049524784088135,7.049524784088135,7.014452554761842,7.014452554761842,3600
2006-06-27,7.181044578552246,7.268725559504474,7.110900128265587,7.181044578552246,10600
2006-06-28,6.707569599151611,7.005683515538103,6.69880133374035,7.005683515538103,13500
2006-06-29,6.707569599151611,6.707569599151611,6.707569599151611,6.707569599151611,0
2006-06-30,7.075829029083252,7.338871177609442,7.00568456763466,7.075829029083252,9100
2006-07-03,7.075829029083252,7.075829029083252,7.075829029083252,7.075829029083252,0
2006-07-05,7.119669437408447,7.23365439488248,7.119669437408447,7.119669437408447,3000
2006-07-06,6.918002605438232,6.918002605438232,6.918002605438232,6.918002605438232,1000
2006-07-07,6.979378700256348,7.181043762876954,6.9092342579372055,6.979378700256348,2400
2006-07-10,6.830324172973633,6.830324172973633,6.681266966785702,6.830324172973633,4000
2006-07-11,6.7601776123046875,6.812785947961103,6.7601776123046875,6.7601776123046875,3700
2006-07-12,6.8741631507873535,6.8741631507873535,6.8741631507873535,6.8741631507873535,2000
2006-07-13,6.8741631507873535,6.8741631507873535,6.8741631507873535,6.8741631507873535,0
2006-07-14,6.8741631507873535,6.8741631507873535,6.8741631507873535,6.8741631507873535,0
2006-07-17,6.523440837860107,6.523440837860107,6.523440837860107,6.523440837860107,1000
2006-07-18,6.172717571258545,6.409455303578913,6.172717571258545,6.172717571258545,46600
2006-07-19,6.163949966430664,6.251630534056109,6.163949966430664,6.163949966430664,2700
2006-07-20,6.269166946411133,6.269166946411133,6.163950260245277,6.163950260245277,7000
2006-07-21,6.269166946411133,6.269166946411133,6.269166946411133,6.269166946411133,0
2006-07-24,6.2253265380859375,6.2253265380859375,5.944748704406135,6.2253265380859375,3300
2006-07-25,6.2253265380859375,6.2253265380859375,6.2253265380859375,6.2253265380859375,0
2006-07-26,7.040755271911621,7.040755271911621,6.532207618569328,7.040755271911621,6200
2006-07-27,7.067058563232422,7.347636288518298,7.067058563232422,7.067058563232422,8900
2006-07-28,6.918002605438232,6.9793792059615765,6.918002605438232,6.9793792059615765,11000
2006-07-31,7.040755271911621,7.040755271911621,6.996915202057835,6.996915202057835,1900
2006-08-01,7.330102920532227,7.330102920532227,7.005684576858373,7.330102920532227,23100
2006-08-02,7.391479015350342,7.391479015350342,7.31256629706452,7.330101992134795,4800
2006-08-03,7.216117858886719,7.4616243069775,7.119669434686152,7.391479846433827,7000
2006-08-04,7.689593315124512,7.689593315124512,7.636984557826125,7.689593315124512,3000
2006-08-07,7.689593315124512,7.689593315124512,7.689593315124512,7.689593315124512,0
2006-08-08,7.8211140632629395,7.8211140632629395,7.47039179700409,7.8211140632629395,6000
2006-08-09,7.8211140632629395,7.8211140632629395,7.8211140632629395,7.8211140632629395,100
2006-08-10,6.777712821960449,6.874161633538499,6.777712821960449,6.777712821960449,6400
2006-08-11,6.821554660797119,6.821554660797119,6.821554660797119,6.821554660797119,100
2006-08-14,6.348078727722168,6.348078727722168,6.295470388983985,6.348078727722168,5400
2006-08-15,6.462063789367676,6.462063789367676,6.356847109959167,6.462063789367676,23700
2006-08-16,6.795251369476318,6.795251369476318,6.6724985585778995,6.795251369476318,16600
2006-08-17,6.523440837860107,6.567280914877992,6.453296380156335,6.567280914877992,2600
2006-08-18,6.374382495880127,6.374382495880127,6.374382495880127,6.374382495880127,3000
2006-08-21,6.716335773468018,6.804016733364183,6.69003181997421,6.716335773468018,3500
2006-08-22,6.672497272491455,6.681265119675826,6.672497272491455,6.681265119675826,1800
2006-08-23,6.663729190826416,6.663729190826416,6.619889117508782,6.663729190826416,1400
2006-08-24,7.0056843757629395,7.093365368266242,6.839091493432165,7.0056843757629395,39800
2006-08-25,6.856627464294434,6.909235807835031,6.856627464294434,6.909235807835031,800
2006-08-28,6.593584060668945,6.593584060668945,6.505903504960688,6.593584060668945,8600
2006-08-29,6.418224811553955,6.418224811553955,6.409456544392009,6.418224811553955,5000
2006-08-30,6.56727933883667,6.56727933883667,6.56727933883667,6.56727933883667,500
2006-08-31,7.031989097595215,7.040756527798422,6.847859266227404,6.847859266227404,110000
2006-09-01,7.2073516845703125,7.2073516845703125,7.137207211801732,7.2073516845703125,12200
2006-09-05,7.409013271331787,7.409013271331787,7.347637096225469,7.409013271331787,1200
2006-09-06,7.391479015350342,7.452855202378053,7.391479015350342,7.391479015350342,1400
2006-09-07,7.189812183380127,7.268724891750114,7.172276490513313,7.189812183380127,5100
2006-09-08,7.189812183380127,7.189812183380127,7.189812183380127,7.189812183380127,0
2006-09-11,6.602352142333984,6.725104916924036,6.567279502928685,6.602352142333984,3500
2006-09-12,6.576048851013184,6.663729418741241,6.567280585193415,6.576048851013184,30900
2006-09-13,6.742642402648926,6.742642402648926,6.742642402648926,6.742642402648926,800
2006-09-14,6.470831871032715,6.505904096504932,6.409455267409381,6.505904096504932,8800
2006-09-15,6.470831871032715,6.470831871032715,6.321774703728837,6.470831871032715,6400
2006-09-18,6.768946170806885,6.804018816358835,6.628657260974803,6.768946170806885,6600
2006-09-19,6.4445271492004395,6.4445271492004395,6.4445271492004395,6.4445271492004395,1800
2006-09-20,6.4445271492004395,6.4445271492004395,6.4445271492004395,6.4445271492004395,0
2006-09-21,6.751410007476807,6.751410007476807,6.558512757874866,6.558512757874866,3000
2006-09-22,6.751410007476807,6.751410007476807,6.751410007476807,6.751410007476807,0
2006-09-25,6.602352142333984,6.619888252989706,6.505903324680587,6.619888252989706,33000
2006-09-26,6.716335773468018,6.716335773468018,6.716335773468018,6.716335773468018,1300
2006-09-27,7.102132797241211,7.163508983043038,7.102132797241211,7.102132797241211,2700
2006-09-28,7.102132797241211,7.102132797241211,7.102132797241211,7.102132797241211,0
2006-09-29,7.242420196533203,7.242420196533203,7.224883669265196,7.224883669265196,800
2006-10-02,7.242420196533203,7.242420196533203,7.242420196533203,7.242420196533203,0
2006-10-03,6.663729190826416,6.804018512487017,6.6461930778805804,6.804018512487017,8600
2006-10-04,6.0850372314453125,6.190253912335175,6.0850372314453125,6.0850372314453125,10300
2006-10-05,6.637424945831299,6.637424945831299,6.523440007524264,6.637424945831299,2700
2006-10-06,6.637424945831299,6.637424945831299,6.637424945831299,6.637424945831299,0
2006-10-09,6.637424945831299,6.637424945831299,6.637424945831299,6.637424945831299,0
2006-10-10,6.488367557525635,6.5059036691097365,6.488367557525635,6.5059036691097365,300
2006-10-11,6.523440837860107,6.576049181137938,6.435760265730391,6.488368609008221,3300
2006-10-12,6.663729190826416,6.7163375296639245,6.663729190826416,6.663729190826416,1000
2006-10-13,6.8741631507873535,6.8741631507873535,6.8741631507873535,6.8741631507873535,1700
2006-10-16,6.944308280944824,6.944308280944824,6.944308280944824,6.944308280944824,300
2006-10-17,6.996915817260742,6.996915817260742,6.996915817260742,6.996915817260742,1000
2006-10-18,6.996915817260742,6.996915817260742,6.996915817260742,6.996915817260742,0
2006-10-19,7.023219108581543,7.023219108581543,7.014450844341068,7.023219108581543,1000
2006-10-20,7.023219108581543,7.023219108581543,7.023219108581543,7.023219108581543,0
2006-10-23,6.865395545959473,6.900467776179156,6.865395545959473,6.900467776179156,700
2006-10-24,7.172276496887207,7.172276496887207,6.891698303173136,6.891698303173136,2800
2006-10-25,7.181044578552246,7.181044578552246,7.145972353408917,7.172277149407268,2900
2006-10-26,7.189812183380127,7.242420934356028,7.189812183380127,7.189812183380127,4700
2006-10-27,7.198583602905273,7.198583602905273,7.1547430972422115,7.198583602905273,14100
2006-10-30,7.189812183380127,7.189812183380127,7.189812183380127,7.189812183380127,2000
2006-10-31,7.2073516845703125,7.2073516845703125,7.198583416427222,7.198583416427222,500
2006-11-01,7.119669437408447,7.119669437408447,7.119669437408447,7.119669437408447,1000
2006-11-02,6.961843967437744,7.075828499717162,6.961843967437744,6.961843967437744,3200
2006-11-03,7.093365669250488,7.13720616736237,7.093365669250488,7.093365669250488,1000
2006-11-06,7.487926483154297,7.540535234097519,7.023219333938036,7.487926483154297,2900
2006-11-07,7.50546407699585,7.522999772339555,7.435318787057486,7.50546407699585,8700
2006-11-08,7.479158878326416,7.479158878326416,7.373942203347138,7.479158878326416,1400
2006-11-09,8.285823822021484,8.285823822021484,7.750971992525596,7.750971992525596,10600
2006-11-10,8.294591903686523,8.391040345336013,8.294591903686523,8.294591903686523,2800
2006-11-13,8.294591903686523,8.294591903686523,8.294591903686523,8.294591903686523,0
2006-11-14,7.72466516494751,7.812345307922973,7.72466516494751,7.812345307922973,1400
2006-11-15,7.549304008483887,7.549304008483887,7.549304008483887,7.549304008483887,62100
2006-11-16,7.400247097015381,7.575609080300732,7.400247097015381,7.549304281095185,8100
2006-11-17,6.918002605438232,7.154740324465582,6.918002605438232,6.918002605438232,52000
2006-11-20,7.14597225189209,7.172277047516752,7.0933643330183545,7.14597225189209,79300
2006-11-21,7.487926483154297,7.505463012197947,7.417782039355153,7.487926483154297,60300
2006-11-22,7.777275562286377,7.777275562286376,7.777275562286376,7.777275562286376,1000
2006-11-24,7.777275562286377,7.777275562286376,7.777275562286376,7.777275562286376,0
2006-11-27,7.522998809814453,7.601911519234312,7.522998809814453,7.601911519234312,1700
2006-11-28,7.514232158660889,7.514232158660889,7.514232158660889,7.514232158660889,46000
2006-11-29,7.514232158660889,7.514232158660889,7.514232158660889,7.514232158660889,0
2006-11-30,7.891257286071777,7.908793814744261,7.750968401442758,7.750968401442758,36700
2006-12-01,7.698359966278076,7.698359966278076,7.698359966278076,7.698359966278076,1000
2006-12-04,7.961400508880615,7.978937034866901,7.794807692948816,7.961400508880615,3900
2006-12-05,7.882491111755371,7.961403839329605,7.8211149175033805,7.961403839329605,32700
2006-12-06,7.952632904052734,7.952632904052734,7.952632904052734,7.952632904052734,300
2006-12-07,7.777275562286377,7.908797072950094,7.768507294337851,7.908797072950094,8700
2006-12-08,7.777275562286377,7.777275562286376,7.777275562286376,7.777275562286376,0
2006-12-11,7.777275562286377,7.777275562286376,7.777275562286376,7.777275562286376,0
2006-12-12,7.435317516326904,7.496694530009872,7.259956411920648,7.496694530009872,39200
2006-12-13,7.330102920532227,7.356407720751036,7.303798956501357,7.356407720751036,5000
2006-12-14,7.391479015350342,7.496695694335491,7.295029765806412,7.330101992134795,28900
2006-12-15,7.312565803527832,7.312565803527831,7.312565803527831,7.312565803527831,3000
2006-12-18,6.812788009643555,6.961845214824625,6.804020160094439,6.961845214824625,6700
2006-12-19,7.023219108581543,7.145971463197383,7.023219108581543,7.023219108581543,12800
2006-12-20,6.996915817260742,6.996915817260742,6.996915817260742,6.996915817260742,100
2006-12-21,6.751410007476807,6.830322727724564,6.690033818923153,6.751410007476807,21400
2006-12-22,7.067058563232422,7.075825990006921,6.909233174665327,7.067058563232422,3000
2006-12-26,7.067058563232422,7.067058563232422,7.067058563232422,7.067058563232422,0
2006-12-27,7.233652591705322,7.233652591705322,7.233652591705322,7.233652591705322,2000
2006-12-28,7.356407642364502,7.356407642364502,7.356407642364502,7.356407642364502,500
2006-12-29,7.303797721862793,7.303797721862793,7.259957231763542,7.303797721862793,3000
2007-01-03,7.303797721862793,7.303797721862793,7.303797721862793,7.303797721862793,100
2007-01-04,6.716335773468018,7.075826203904605,6.69003181997421,6.716335773468018,5500
2007-01-05,6.742642402648926,6.856627354203708,6.619889603025129,6.742642402648926,31900
2007-01-08,6.839090824127197,6.891699163624309,6.812786445331683,6.839090824127197,6400
2007-01-09,6.707569599151611,6.935539064623635,6.707569599151611,6.707569599151611,6500
2007-01-10,6.707569599151611,6.707569599151611,6.707569599151611,6.707569599151611,0
2007-01-11,6.576048851013184,6.576048851013184,6.576048851013184,6.576048851013184,500
2007-01-12,6.751410007476807,6.751410007476807,6.742642159723682,6.751410007476807,5000
2007-01-16,6.488367557525635,6.602352491869232,6.330542135174845,6.602352491869232,9500
2007-01-17,6.707569599151611,6.707569599151611,6.707569599151611,6.707569599151611,100
2007-01-18,6.339311599731445,6.619889856270507,6.339311599731445,6.339311599731445,5300
2007-01-19,6.374382495880127,6.383150760544007,6.374382495880127,6.374382495880127,900
2007-01-22,6.321775436401367,6.348079399507117,6.321775436401367,6.348079399507117,900
2007-01-23,6.321775436401367,6.321775436401367,6.321775436401367,6.321775436401367,0
2007-01-24,6.558512210845947,6.584816588099193,6.558512210845947,6.558512210845947,1200
2007-01-25,6.619889259338379,6.654961485981465,6.549744387958285,6.619889259338379,8700
2007-01-26,6.576048851013184,6.64619330519563,6.576048851013184,6.619889343924176,7000
2007-01-29,6.576048851013184,6.576048851013184,6.532208358102192,6.576048851013184,1700
2007-01-30,6.654960632324219,6.654960632324219,6.654960632324219,6.654960632324219,1000
2007-01-31,6.646193027496338,6.768945817186612,6.532208085165557,6.646193027496338,18000
2007-02-01,6.6988019943237305,6.909235785912375,6.663729765407948,6.6988019943237305,25400
2007-02-02,6.0850372314453125,6.505904373098685,6.049965004482025,6.0850372314453125,41100
2007-02-05,6.304238796234131,6.339311022848163,6.304238796234131,6.304238796234131,3500
2007-02-06,6.076269626617432,6.40945623710571,6.041197395839084,6.304239544770665,3100
2007-02-07,5.971051216125488,6.023659547155079,5.918442885095898,6.023659547155079,3700
2007-02-08,6.137645721435547,6.155181835344462,5.979820696255306,5.979820696255306,12700
2007-02-09,6.216557502746582,6.225325349327835,6.093804305858075,6.137644793045952,52700
2007-02-12,6.304238796234131,6.304238796234131,6.163949889778002,6.21655822969905,37700
2007-02-13,6.348078727722168,6.391919219050942,6.234094202836394,6.348078727722168,27600
2007-02-14,6.628657341003418,6.628657341003418,6.4620640495195545,6.628657341003418,31500
2007-02-15,6.751410007476807,6.751410007476807,6.6198893645224475,6.628657212275572,8200
2007-02-16,6.646193027496338,6.725105744201326,6.549744197978454,6.646193027496338,13100
2007-02-20,6.523440837860107,6.584817447397882,6.444528113896389,6.523440837860107,29300
2007-02-21,6.637424945831299,6.8040182207199145,6.523440007524264,6.523440007524264,26500
2007-02-22,6.795251369476318,6.882931948689475,6.540977480711175,6.637426326892637,47600
2007-02-23,7.031989097595215,7.119669252942633,6.891699761995067,6.891699761995067,21600
2007-02-26,7.181044578552246,7.181044578552246,7.163508884074484,7.181044578552246,6500
2007-02-27,6.821554660797119,7.102132887478981,6.821554660797119,7.102132887478981,6200
2007-02-28,6.979378700256348,6.979378700256348,6.619888224323815,6.979378700256348,3200
2007-03-01,6.602352142333984,6.75140887386069,6.602352142333984,6.602352142333984,12600
2007-03-02,6.497136116027832,6.5059043818273805,6.4620638890174895,6.497136116027832,4600
2007-03-05,6.190254211425781,6.242862554412556,6.190254211425781,6.242862554412556,2000
2007-03-06,6.242861747741699,6.409455021387124,6.242861747741699,6.242861747741699,3000
2007-03-07,6.181485176086426,6.181485176086426,6.181485176086426,6.181485176086426,400
2007-03-08,5.813226222991943,6.006123436765622,5.813226222991943,5.813226222991943,12200
2007-03-09,5.708010196685791,5.813226870463085,5.611561370009657,5.708010196685791,8900
2007-03-12,5.672938346862793,5.82199553126016,5.611562154294904,5.672938346862793,21600
2007-03-13,5.760619640350342,5.76938748913605,5.699243026474477,5.760619640350342,5900
2007-03-14,5.655401706695557,5.655401706695557,5.6290977460656695,5.655401706695557,8600
2007-03-15,5.865835666656494,5.865835666656494,5.602793543522724,5.655401884530692,78000
2007-03-16,5.821995258331299,5.839531372256329,5.734314688706146,5.821995258331299,13000
2007-03-19,5.594025135040283,5.716777918421908,5.594025135040283,5.594025135040283,7800
2007-03-20,5.541416168212891,5.716777267358238,5.497575684379634,5.594024497956495,39700
2007-03-21,5.541416168212891,5.576488388041961,5.418662980717309,5.541416168212891,21500
2007-03-22,5.453737735748291,5.585258830292572,5.436201617681989,5.453737735748291,9200
2007-03-23,5.374824047088623,5.427432387913235,5.330983554021149,5.427432387913235,14400
2007-03-26,5.480040550231934,5.5677211154168615,5.480040550231934,5.480040550231934,20100
2007-03-27,5.515113830566406,5.646634912532119,5.515113830566406,5.515113830566406,14500
2007-03-28,5.611560344696045,5.655400408379419,5.576488126511817,5.611560344696045,18400
2007-03-29,5.585257530212402,5.585257530212402,5.515113074274717,5.585257530212402,4400
2007-03-30,5.602794170379639,5.6466346685049125,5.5326497078543815,5.602794170379639,9900
2007-04-02,5.646634578704834,5.69047465803893,5.532649619867039,5.602794081276769,18400
2007-04-03,5.786922931671143,5.804459045296749,5.672937984057738,5.672937984057738,29800
2007-04-04,5.786922931671143,5.786922931671143,5.734314590794324,5.786922931671143,5800
2007-04-05,5.6992411613464355,5.804457820905694,5.6992411613464355,5.6992411613464355,2200
2007-04-09,5.6992411613464355,5.7693856010526074,5.6992411613464355,5.6992411613464355,14500
2007-04-10,5.839529514312744,5.85706562265837,5.751848972584616,5.839529514312744,15900
2007-04-11,5.900907516479492,5.909675363706258,5.7430825035525785,5.900907516479492,13000
2007-04-12,5.541416168212891,5.681705047529169,5.541416168212891,5.681705047529169,5200
2007-04-13,5.462505340576172,5.62033038400992,5.462505340576172,5.462505340576172,13400
2007-04-16,5.813226222991943,5.8395301794596115,5.567720260095229,5.813226222991943,6700
2007-04-17,5.813226222991943,5.813226222991943,5.681705186372056,5.813226222991943,7500
2007-04-18,5.769384384155273,5.95351370859374,5.769384384155273,5.813224858771576,12600
2007-04-19,5.629098415374756,5.655402379132227,5.629098415374756,5.655402379132227,3000
2007-04-20,5.804457664489746,5.821993773943734,5.690472743991911,5.690472743991911,15000
2007-04-23,5.672938346862793,5.82199553126016,5.611562154294904,5.804459416513055,5100
2007-04-24,5.55018424987793,5.672937024493832,5.515112028559101,5.672937024493832,3400
2007-04-25,5.690474987030029,5.690474987030029,5.611562672428804,5.611562672428804,3900
2007-04-26,5.655401706695557,5.655401706695557,5.602793367341867,5.655401706695557,2900
2007-04-27,5.444969177246094,5.620330335090582,5.43620091030688,5.444969177246094,145200
2007-04-30,5.3046793937683105,5.506344901748608,5.295911128245992,5.3046793937683105,90300
2007-05-01,5.3572893142700195,5.374825432397989,5.260840455519172,5.3572893142700195,4000
2007-05-02,5.409895896911621,5.436199856442004,5.304679222602294,5.357287559756958,33400
2007-05-03,5.409895896911621,5.427432009296509,5.374823672141845,5.409895896911621,9800
2007-05-04,5.401129245758057,5.409897513617779,5.339753043116094,5.409897513617779,7600
2007-05-07,5.532649517059326,5.550185632085903,5.18192679843384,5.401128445313024,103500
2007-05-08,5.27837610244751,5.418665034947697,5.27837610244751,5.418665034947697,121600
2007-05-09,5.374824047088623,5.409896274305031,5.304679592655807,5.304679592655807,800
2007-05-10,5.234534740447998,5.295911347361923,5.19946251309545,5.234534740447998,11200
2007-05-11,5.33975076675415,5.392359097203225,5.260838062033615,5.260838062033615,2600
2007-05-14,5.330984115600586,5.383592461967095,5.330984115600586,5.339752382375323,11100
2007-05-15,5.409895896911621,5.453735968826892,5.357287559756958,5.357287559756958,9200
2007-05-16,5.409895896911621,5.409895896911621,5.374823672141845,5.409895896911621,22000
2007-05-17,5.33975076675415,5.41866305338084,5.33975076675415,5.33975076675415,4500
2007-05-18,5.558952331542969,5.567720177537566,5.480039627122377,5.558952331542969,9900
2007-05-21,5.558952331542969,5.558952331542969,5.558952331542969,5.558952331542969,0
2007-05-22,5.462505340576172,5.471273189497722,5.427433108702005,5.462505340576172,6600
2007-05-23,5.401129245758057,5.401129245758057,5.330984775256371,5.401129245758057,9400
2007-05-24,5.374824047088623,5.374824047088623,5.330983554021149,5.374824047088623,4200
2007-05-25,5.146854400634766,5.216998858454928,5.146854400634766,5.216998858454928,12800
2007-05-29,5.269608497619629,5.269608497619629,5.252071962149756,5.252071962149756,27300
2007-05-30,5.094244956970215,5.129317178305092,5.085477110683424,5.094244956970215,14200
2007-05-31,5.3222150802612305,5.3222150802612305,5.138085699985555,5.138085699985555,5000
2007-06-01,5.401129245758057,5.462505866494043,5.392361395992357,5.401129245758057,4200
2007-06-04,5.366055488586426,5.4098959792629495,5.348519375934597,5.401127713890083,5000
2007-06-05,5.295910358428955,5.339750843480043,5.269606401873384,5.295910358428955,11500
2007-06-06,5.225768566131592,5.225768566131592,5.146855820270759,5.225768566131592,27100
2007-06-07,4.989027976989746,5.03286804183484,4.86627521009212,5.03286804183484,9900
2007-06-08,4.6470746994018555,4.936420782622716,4.6470746994018555,4.936420782622716,7100
2007-06-11,4.752291679382324,4.866276633898922,4.682147220631788,4.752291679382324,17400
2007-06-12,4.498019218444824,4.620772059767236,4.498019218444824,4.620772059767236,5700
2007-06-13,4.664611339569092,4.664611339569092,4.419105303552203,4.498018032645841,278300
2007-06-14,4.717219352722168,4.717219352722168,4.690914972186224,4.690914972186224,15400
2007-06-15,4.559393405914307,4.690914457989391,4.55062555875938,4.559393405914307,42900
2007-06-18,4.489249229431152,4.576929796784509,4.489249229431152,4.489249229431152,3400
2007-06-19,4.471713542938232,4.471713542938232,4.436641312648048,4.471713542938232,10500
2007-06-20,4.445409774780273,4.445409774780273,4.445409774780273,4.445409774780273,400
2007-06-21,4.322656154632568,4.340192268964171,4.322656154632568,4.322656154632568,700
2007-06-22,4.348959922790527,4.348959922790527,4.348959922790527,4.348959922790527,500
2007-06-25,4.348959922790527,4.445408747080148,4.331423810928222,4.348959922790527,83900
2007-06-26,4.401569843292236,4.401569843292236,4.217440393389861,4.401569843292236,56200
2007-06-27,4.270047187805176,4.27881545273695,4.182366628956854,4.27881545273695,16900
2007-06-28,4.498019218444824,4.515555338633741,4.392802497311329,4.392802497311329,30000
2007-06-29,4.576930046081543,4.6295388074529855,4.524321702804048,4.576930046081543,12000
2007-07-02,4.576930046081543,4.576930046081543,4.576930046081543,4.576930046081543,0
2007-07-03,4.550625801086426,4.629538520152466,4.550625801086426,4.5769297620458245,15500
2007-07-05,5.0504069328308105,5.0504069328308105,4.576930917045649,5.0504069328308105,11100
2007-07-06,5.1643900871276855,5.27837503068673,5.094245635120246,5.094245635120246,51000
2007-07-09,5.199461936950684,5.199461936950684,5.138085754931694,5.199461936950684,10600
2007-07-10,5.138086795806885,5.181926874973888,5.138086795806885,5.138086795806885,2000
2007-07-11,5.129319190979004,5.129319190979004,5.103015223703462,5.129319190979004,2100
2007-07-12,5.786922931671143,5.786922931671143,5.523881227287048,5.786922931671143,1500
2007-07-13,5.418663501739502,5.646633370642341,5.418663501739502,5.646633370642341,8500
2007-07-16,5.26084041595459,5.26084041595459,5.26084041595459,5.26084041595459,100
2007-07-17,5.26084041595459,5.26084041595459,5.26084041595459,5.26084041595459,0
2007-07-18,5.26084041595459,5.26084041595459,5.26084041595459,5.26084041595459,0
2007-07-19,5.918443202972412,5.918443202972412,5.725545978836838,5.918443202972412,4100
2007-07-20,5.7518510818481445,5.935980496046282,5.7518510818481445,5.918444381269982,2000
2007-07-23,5.655401706695557,5.708010464143162,5.57648940671198,5.708010464143162,5200
2007-07-24,5.462505340576172,5.480041456513255,5.462505340576172,5.480041456513255,1000
2007-07-25,5.27837610244751,5.38359280182265,5.243303869322463,5.38359280182265,10600
2007-07-26,5.2082295417785645,5.2082295417785645,5.2082295417785645,5.2082295417785645,500
2007-07-27,5.2082295417785645,5.2082295417785645,5.2082295417785645,5.2082295417785645,0
2007-07-30,5.418663501739502,5.427431766586786,5.409895654986098,5.418663501739502,3700
2007-07-31,5.506344318389893,5.515112164889407,5.4800399427036135,5.4800399427036135,59700
2007-08-01,5.541416168212891,5.594024497956495,5.488807838469286,5.541416168212891,32800
2007-08-02,5.594025135040283,5.629097358863604,5.594025135040283,5.594025135040283,46300
2007-08-03,5.532649517059326,5.532649517059326,5.532649517059326,5.532649517059326,1000
2007-08-06,5.532649517059326,5.532649517059326,5.532649517059326,5.532649517059326,0
2007-08-07,5.655401706695557,5.655401706695557,5.39236000992711,5.532648914870281,10000
2007-08-08,5.73431396484375,5.786922299977908,5.73431396484375,5.73431396484375,7100
2007-08-09,5.453737735748291,5.453737735748291,5.453737735748291,5.453737735748291,17700
2007-08-10,5.523879528045654,5.576487852739238,5.4361985687958825,5.523879528045654,41600
2007-08-13,5.444969177246094,5.462505293030543,5.444969177246094,5.444969177246094,8000
2007-08-14,5.287144184112549,5.304680300059275,5.269608068165823,5.304680300059275,6300
2007-08-15,5.094244956970215,5.181925510307407,5.094244956970215,5.181925510307407,5700
2007-08-16,4.5944647789001465,5.050404453053477,4.410335841845529,4.5944647789001465,8900
2007-08-17,4.568161964416504,4.6733786455934005,4.568161964416504,4.594465925663765,26500
2007-08-20,4.638307094573975,4.699683709919852,4.48924989880112,4.5681626302323926,7600
2007-08-21,4.498019218444824,4.559395430058988,4.498019218444824,4.559395430058988,4000
2007-08-22,4.410335063934326,4.410335063934326,4.410335063934326,4.410335063934326,400
2007-08-23,4.848740100860596,4.857507948400944,4.682146816654812,4.682146816654812,4100
2007-08-24,4.857509136199951,4.9013496389036915,4.857509136199951,4.857509136199951,4400
2007-08-27,4.831204891204834,4.8487410076590045,4.831204891204834,4.831204891204834,5000
2007-08-28,4.515552997589111,4.822435150842108,4.515552997589111,4.822435150842108,5600
2007-08-29,4.6295390129089355,4.708451322280282,4.612002897704862,4.6295390129089355,4600
2007-08-30,4.454177379608154,4.498017876043605,4.454177379608154,4.454177379608154,14000
2007-08-31,4.65584135055542,4.699681832300732,4.65584135055542,4.65584135055542,4600
2007-09-04,4.9276509284973145,4.9276509284973145,4.647073201552654,4.9276509284973145,97700
2007-09-05,4.690913200378418,4.761057631188042,4.690913200378418,4.690913200378418,2800
2007-09-06,5.0504069328308105,5.111783135953793,4.901349722799522,4.901349722799522,27800
2007-09-07,5.146854400634766,5.269607619913997,5.146854400634766,5.146854400634766,200
2007-09-10,5.146854400634766,5.146854400634766,5.146854400634766,5.146854400634766,0
2007-09-11,4.822434902191162,4.875043232771077,4.787362681804552,4.875043232771077,8000
2007-09-12,4.9013495445251465,4.9013495445251465,4.9013495445251465,4.9013495445251465,2200
2007-09-13,4.9013495445251465,4.910117394040652,4.9013495445251465,4.9013495445251465,1700
2007-09-14,4.787362575531006,4.997795893179305,4.787362575531006,4.787362575531006,1900
2007-09-17,4.822434902191162,4.892579342964382,4.787362681804552,4.822434902191162,2500
2007-09-18,5.27837610244751,5.27837610244751,5.27837610244751,5.27837610244751,500
2007-09-19,5.3485188484191895,5.3485188484191895,5.190693850118746,5.3485188484191895,2500
2007-09-20,5.480040550231934,5.54141715490834,5.444968324157962,5.480040550231934,14500
2007-09-21,5.401129245758057,5.401129245758057,5.330984775256371,5.401129245758057,2600
2007-09-24,5.190695762634277,5.22576799740121,5.111783025361669,5.22576799740121,8800
2007-09-25,4.918885707855225,4.971494059724465,4.918885707855225,4.918885707855225,7700
2007-09-26,4.822434902191162,4.918883717301262,4.822434902191162,4.822434902191162,1900
2007-09-27,4.945188045501709,4.96272415701401,4.910115822477105,4.945188045501709,4700
2007-09-28,5.515113830566406,5.5589543305863085,5.409897132231434,5.515113830566406,4400
2007-10-01,5.602794170379639,5.602794170379639,5.497577476591752,5.602794170379639,10700
2007-10-02,5.567720413208008,5.567720413208008,5.392359304954945,5.567720413208008,21600
2007-10-03,5.769384384155273,5.769384384155273,5.620327272172348,5.620327272172348,18300
2007-10-04,5.971051216125488,5.971051216125488,5.699241296759013,5.7693857381318,6100
2007-10-05,6.216557502746582,6.216557502746582,6.006123749576194,6.216557502746582,7600
2007-10-08,6.216557502746582,6.216557502746582,6.216557502746582,6.216557502746582,0
2007-10-09,6.172717571258545,6.242862022598816,6.076268741618718,6.216558062393169,17500
2007-10-10,6.111340522766113,6.181485387098141,6.111340522766113,6.111340522766113,1300
2007-10-11,6.181485176086426,8.934656687420674,6.181485176086426,6.181485176086426,8600
2007-10-12,6.0499653816223145,6.0499653816223145,6.0499653816223145,6.0499653816223145,700
2007-10-15,6.391920566558838,6.391920566558838,6.31300783276868,6.31300783276868,1900
2007-10-16,6.260397911071777,6.33054235989819,6.260397911071777,6.33054235989819,700
2007-10-17,6.234093189239502,6.470830884117263,6.234093189239502,6.234093189239502,2800
2007-10-18,6.234093189239502,6.234093189239502,6.234093189239502,6.234093189239502,0
2007-10-19,6.339311599731445,6.339311599731445,6.339311599731445,6.339311599731445,300
2007-10-22,5.918443202972412,5.962283690231979,5.90967493828295,5.962283690231979,9600
2007-10-23,5.962284088134766,5.962284088134766,5.953515822860139,5.953515822860139,2600
2007-10-24,5.962284088134766,5.962284088134766,5.962284088134766,5.962284088134766,0
2007-10-25,6.304238796234131,6.356847136155179,6.295470530533662,6.295470530533662,11900
2007-10-26,6.304238796234131,6.304238796234131,6.304238796234131,6.304238796234131,0
2007-10-29,6.5059027671813965,6.5059027671813965,6.418222221416247,6.418222221416247,8000
2007-10-30,6.462063789367676,6.514672129071929,6.462063789367676,6.505904281501513,5200
2007-10-31,6.672497272491455,6.672497272491455,6.549744067159048,6.672497272491455,800
2007-11-01,6.418224811553955,6.716338787462288,6.365616462864249,6.418224811553955,3100
2007-11-02,6.374382495880127,6.374382495880127,6.339310273412347,6.374382495880127,700
2007-11-05,6.33054256439209,6.339310829825577,6.18148581486797,6.339310829825577,11100
2007-11-06,6.207790374755859,6.2428626036905515,6.19902252656916,6.207790374755859,2800
2007-11-07,6.058732509613037,6.172717449845935,6.058732509613037,6.172717449845935,6100
2007-11-08,6.155180931091309,6.155180931091309,6.155180931091309,6.155180931091309,100
2007-11-09,5.55018424987793,5.655400913834417,5.55018424987793,5.55018424987793,2700
2007-11-12,5.1643900871276855,5.304679409236476,5.120550013669993,5.1643900871276855,15300
2007-11-13,5.462505340576172,5.462505340576172,5.208231450441476,5.462505340576172,2000
2007-11-14,5.629098415374756,5.6466345305777255,5.629098415374756,5.629098415374756,1600
2007-11-15,5.629098415374756,5.629098415374756,5.629098415374756,5.629098415374756,0
2007-11-16,5.295910358428955,5.295910358428955,5.295910358428955,5.295910358428955,2500
2007-11-19,4.910115718841553,5.3397510689656436,4.857507385415028,5.2959105820632715,12600
2007-11-20,4.664611339569092,4.962725304189774,4.585698610475453,4.910116957492006,10100
2007-11-21,4.6295390129089355,4.87504462576596,4.568162400647696,4.6295390129089355,5500
2007-11-23,4.804900646209717,4.804900646209717,4.7347561783677365,4.7347561783677365,2400
2007-11-26,4.9013495445251465,5.07671071577538,4.9013495445251465,4.9013495445251465,4100
2007-11-27,4.673378944396973,4.866276623648581,4.673378944396973,4.866276623648581,5600
2007-11-28,4.673378944396973,4.673378944396973,4.673378944396973,4.673378944396973,0
2007-11-29,4.5944647789001465,4.629537415299021,4.5944647789001465,4.629537415299021,3000
2007-11-30,4.384031772613525,4.419103993346925,4.32265517728315,4.419103993346925,8800
2007-12-03,4.568161964416504,4.568161964416504,4.445409169710124,4.568161964416504,5200
2007-12-04,4.568161964416504,4.568161964416504,4.515553623828055,4.568161964416504,9600
2007-12-05,4.226207256317139,4.533089431418518,4.226207256317139,4.533089431418518,19700
2007-12-06,4.60323429107666,4.60323429107666,4.1648310252598355,4.226207632988007,39900
2007-12-07,4.682145118713379,4.682145118713379,4.436639205205577,4.603232428997699,20900
2007-12-10,5.076709747314453,5.076709747314453,4.822435888461282,5.076709747314453,10100
2007-12-11,4.708450794219971,5.085477855964302,4.708450794219971,4.708450794219971,18600
2007-12-12,4.848740100860596,4.857507948400944,4.813667456417452,4.848740100860596,2700
2007-12-13,4.883812427520752,4.883812427520752,4.699683026358434,4.848740200451161,8700
2007-12-14,4.673378944396973,4.761059517650453,4.673378944396973,4.673378944396973,2100
2007-12-17,4.515552997589111,4.743522441856473,4.515552997589111,4.515552997589111,7400
2007-12-18,4.401569843292236,4.506786552352441,4.401569843292236,4.506786552352441,13400
2007-12-19,4.357728958129883,4.4717139253681895,4.357728958129883,4.401569458788924,3400
2007-12-20,4.515552997589111,4.515552997589111,4.462944664296643,4.462944664296643,1700
2007-12-21,4.743524551391602,4.743524551391602,4.655843956910935,4.655843956910935,5100
2007-12-24,4.883812427520752,4.883812427520752,4.804899707567208,4.804899707567208,1000
2007-12-26,4.883812427520752,4.883812427520752,4.883812427520752,4.883812427520752,0
2007-12-27,4.778595447540283,4.88381254947027,4.761059333567609,4.88381254947027,12300
2007-12-28,4.997797012329102,5.059173619434086,4.8575081024822,4.8575081024822,12700
2007-12-31,4.848740100860596,5.050405611415606,4.717219043004038,4.848740100860596,3800
2008-01-02,5.234534740447998,5.234534740447998,5.059173603685258,5.059173603685258,31300
2008-01-03,5.427432060241699,5.488808663211874,5.208230444326093,5.23453440410338,16100
2008-01-04,5.129319190979004,5.181927543624109,5.103015223703462,5.181927543624109,3500
2008-01-07,5.085478782653809,5.199463330420322,5.085478782653809,5.085478782653809,2000
2008-01-08,5.79569149017334,5.79569149017334,5.523881506204949,5.79569149017334,1200
2008-01-09,5.3572893142700195,5.743084331179376,5.348521046159017,5.743084331179376,6500
2008-01-10,5.6992411613464355,5.6992411613464355,5.322214588878838,5.6992411613464355,11000
2008-01-11,5.620331287384033,5.620331287384033,5.620331287384033,5.620331287384033,39700
2008-01-14,5.953515529632568,5.988587752815868,5.743082190532768,5.953515529632568,19500
2008-01-15,5.786922931671143,5.883371765658941,5.769386818045536,5.883371765658941,64400
2008-01-16,5.523879528045654,5.594023960970432,5.4449668319583795,5.523879528045654,4000
2008-01-17,5.392360687255859,5.392360687255859,5.38359242054858,5.392360687255859,1900
2008-01-18,5.444969177246094,5.681706949383143,5.374824714108299,5.444969177246094,8900
2008-01-22,5.287144184112549,5.287144184112549,4.804900368436621,5.287144184112549,1200
2008-01-23,5.383590221405029,5.392358484530559,5.366054113247768,5.383590221405029,6000
2008-01-24,5.7167792320251465,5.74308361498381,5.611562536378459,5.7167792320251465,9400
2008-01-25,5.953515529632568,5.953515529632568,5.953515529632568,5.953515529632568,500
2008-01-28,6.0061235427856445,6.0061235427856445,6.0061235427856445,6.0061235427856445,1000
2008-01-29,6.03242826461792,6.03242826461792,5.734313948291013,6.006123888079831,13300
2008-01-30,5.813226222991943,5.813226222991943,5.813226222991943,5.813226222991943,12000
2008-01-31,6.0850372314453125,6.0850372314453125,5.997356664037094,5.997356664037094,700
2008-02-01,6.0061235427856445,6.13764458172714,6.0061235427856445,6.0061235427856445,2500
2008-02-04,5.962284088134766,5.962284088134766,5.962284088134766,5.962284088134766,10000
2008-02-05,5.918443202972412,5.935979314257465,5.918443202972412,5.918443202972412,7300
2008-02-06,6.0061235427856445,6.0061235427856445,6.0061235427856445,6.0061235427856445,400
2008-02-07,6.0061235427856445,6.0061235427856445,6.0061235427856445,6.0061235427856445,0
2008-02-08,6.076269626617432,6.076269626617432,5.962285085634785,6.006125165060735,15400
2008-02-11,6.041194915771484,6.137643719864186,5.979818746152874,6.076267132151776,3500
2008-02-12,6.111340522766113,6.128876634325651,6.111340522766113,6.111340522766113,2500
2008-02-13,6.172717571258545,6.172717571258545,5.971052064608312,6.111340967288854,92100
2008-02-14,6.2867021560668945,6.2867021560668945,6.1113406195990745,6.172717220076894,24400
2008-02-15,6.400687217712402,6.57604833952895,6.304238391666354,6.400687217712402,15500
2008-02-19,6.4445271492004395,6.4445271492004395,6.3743827019967485,6.4445271492004395,298200
2008-02-20,6.470831871032715,6.470831871032715,6.365615194616063,6.470831871032715,1800
2008-02-21,6.514671325683594,6.549743547827995,6.4094546592503905,6.514671325683594,12800
2008-02-22,6.5059027671813965,6.523438876334426,6.277932930098187,6.514670612711001,11100
2008-02-25,6.751410007476807,6.751410007476807,6.488368303474161,6.505904417074338,11900
2008-02-26,6.84785795211792,6.926770662118718,6.821553994180236,6.821553994180236,17800
2008-02-27,7.154740333557129,7.154740333557129,6.944306991084924,6.944306991084924,6900
2008-02-28,6.961843967437744,7.040756271616735,6.900467359215028,6.961843967437744,4900
2008-02-29,6.672497272491455,6.672497272491455,6.672497272491455,6.672497272491455,11600
2008-03-03,6.821554660797119,6.935539186489016,6.742641943084801,6.742641943084801,16600
2008-03-04,6.742642402648926,7.0056841161284895,6.681265793790056,6.821555125739766,39700
2008-03-05,7.031989097595215,7.031989097595215,6.961844220748164,6.961844220748164,200
2008-03-06,7.119669437408447,7.119669437408447,7.093365473741494,7.093365473741494,5000
2008-03-07,7.189812183380127,7.382709822041458,7.189812183380127,7.189812183380127,9500
2008-03-10,6.8741631507873535,6.996915944738864,6.83032265818628,6.996915944738864,5900
2008-03-11,6.751410007476807,6.7601782733238585,6.742642159723682,6.7601782733238585,41600
2008-03-12,6.2253265380859375,6.839091385448408,6.049965392036061,6.2253265380859375,19600
2008-03-13,6.435760974884033,6.435760974884033,6.234095427717275,6.234095427717275,49000
2008-03-14,6.242861747741699,6.400687174402571,6.242861747741699,6.242861747741699,20400
2008-03-17,5.804457664489746,6.2165568637992035,5.804457664489746,6.2165568637992035,58000
2008-03-18,5.471271514892578,5.5852564426429705,5.471271514892578,5.5852564426429705,26000
2008-03-19,5.383590221405029,5.409894592687822,5.146852552235092,5.409894592687822,35500
2008-03-20,4.708450794219971,5.015332984920904,4.708450794219971,4.708450794219971,98100
2008-03-24,4.839972972869873,4.875045207462885,4.787364620980354,4.787364620980354,6300
2008-03-25,5.181926250457764,5.181926250457764,4.997796853102968,5.181926250457764,23900
2008-03-26,5.366055488586426,5.392359866611121,5.146853871391615,5.366055488586426,6600
2008-03-27,5.199461936950684,5.295910760529803,5.199461936950684,5.295910760529803,2700
2008-03-28,5.252070426940918,5.252070426940918,5.252070426940918,5.252070426940918,500
2008-03-31,4.953957557678223,5.032869870306235,4.953957557678223,5.032869870306235,12600
2008-04-01,4.778595447540283,4.778595447540283,4.778595447540283,4.778595447540283,100
2008-04-02,4.971493244171143,4.971493244171143,4.971493244171143,4.971493244171143,1000
2008-04-03,5.103014945983887,5.103014945983887,5.050406596201867,5.050406596201867,600
2008-04-04,5.006565093994141,5.006565093994141,4.997796828404426,5.006565093994141,10000
2008-04-07,5.006565093994141,5.006565093994141,5.006565093994141,5.006565093994141,0
2008-04-08,4.9627227783203125,5.103012049538849,4.9627227783203125,5.006563253968686,2200
2008-04-09,5.085478782653809,5.234535563286018,4.953957700360452,4.962725549529879,14500
2008-04-10,5.2082295417785645,5.2082295417785645,5.0504045561830315,5.2082295417785645,5700
2008-04-11,5.243303298950195,5.243303298950195,5.243303298950195,5.243303298950195,500
2008-04-14,5.3222150802612305,5.453735707806246,5.260838480804713,5.260838480804713,4900
2008-04-15,5.462505340576172,5.480041456513255,5.366056493875224,5.462505340576172,6200
2008-04-16,5.857067108154297,5.9184437119775,5.857067108154297,5.857067108154297,3600
2008-04-17,5.857067108154297,5.857067108154297,5.857067108154297,5.857067108154297,0
2008-04-18,5.690474987030029,5.769387719725248,5.576490439696261,5.690474987030029,11000
2008-04-21,5.66417121887207,5.66417121887207,5.66417121887207,5.66417121887207,400
2008-04-22,5.611560344696045,5.611560344696045,5.611560344696045,5.611560344696045,1300
2008-04-23,5.444969177246094,5.471273141875778,5.444969177246094,5.444969177246094,1900
2008-04-24,5.366055488586426,5.366055488586426,5.3572876413074635,5.366055488586426,1300
2008-04-25,5.366055488586426,5.366055488586426,5.366055488586426,5.366055488586426,0
2008-04-28,5.471271514892578,5.515112000363915,5.453735404322814,5.471271514892578,5000
2008-04-29,5.427432060241699,5.462504285340684,5.427432060241699,5.427432060241699,500
2008-04-30,5.2169976234436035,5.3485186597686205,5.208229777338655,5.2169976234436035,1800
2008-05-01,5.173158645629883,5.173158645629883,5.076709809610831,5.173158645629883,2500
2008-05-02,5.067941665649414,5.164390077941121,5.067941665649414,5.164390077941121,3000
2008-05-05,5.138086795806885,5.173159026378074,5.138086795806885,5.138086795806885,5200
2008-05-06,5.26084041595459,5.3485210059350266,5.25207214790953,5.25207214790953,7100
2008-05-07,5.26084041595459,5.26084041595459,5.26084041595459,5.26084041595459,0
2008-05-08,5.26084041595459,5.26084041595459,5.25207214790953,5.26084041595459,8500
2008-05-09,5.225768566131592,5.243304685423547,5.225768566131592,5.225768566131592,3000
2008-05-12,5.1556220054626465,5.1556220054626465,5.1556220054626465,5.1556220054626465,1000
2008-05-13,4.945188045501709,4.945188045501709,4.918884087280195,4.945188045501709,1000
2008-05-14,5.2169976234436035,5.260838108249892,5.2169976234436035,5.2169976234436035,15100
2008-05-15,5.462505340576172,5.462505340576172,5.3222164130795075,5.462505340576172,12300
2008-05-16,5.66417121887207,5.681707335849315,5.497577898541244,5.497577898541244,22200
2008-05-19,5.66417121887207,5.66417121887207,5.66417121887207,5.66417121887207,0
2008-05-20,5.918443202972412,5.935979314257465,5.918443202972412,5.918443202972412,3100
2008-05-21,6.4445271492004395,6.462063261001362,5.918443377078873,5.918443377078873,18600
2008-05-22,6.172717571258545,6.391919190743845,6.049964781413071,6.172717571258545,10000
2008-05-23,6.172717571258545,6.172717571258545,6.172717571258545,6.172717571258545,0
2008-05-27,5.883370876312256,5.883370876312256,5.734313723979532,5.883370876312256,11900
2008-05-28,5.830763816833496,5.839531665188871,5.830763816833496,5.830763816833496,1000
2008-05-29,5.813226222991943,5.813226222991943,5.813226222991943,5.813226222991943,10000
2008-05-30,5.848300457000732,5.848300457000732,5.839532189763733,5.848300457000732,10800
2008-06-02,6.0061235427856445,6.0061235427856445,5.96228347520105,6.0061235427856445,1800
2008-06-03,6.0061235427856445,6.0061235427856445,6.0061235427856445,6.0061235427856445,0
2008-06-04,5.857067108154297,5.857067108154297,5.857067108154297,5.857067108154297,38400
2008-06-05,5.629098415374756,5.629098415374756,5.629098415374756,5.629098415374756,500
2008-06-06,5.594025135040283,5.672937429595813,5.594025135040283,5.594025135040283,14000
2008-06-09,5.602794170379639,5.611562437242283,5.602794170379639,5.602794170379639,6000
2008-06-10,5.515113830566406,5.515113830566406,5.515113830566406,5.515113830566406,700
2008-06-11,5.3485188484191895,5.47127162487509,5.3485188484191895,5.47127162487509,600
2008-06-12,5.330984115600586,5.330984115600586,5.243303538323071,5.330984115600586,5100
2008-06-13,5.418663501739502,5.418663501739502,5.295910720534678,5.330982943736057,6600
2008-06-16,5.515113830566406,5.515113830566406,5.392361015842272,5.418664981379018,7400
2008-06-17,5.462505340576172,5.462505340576172,5.374824760890757,5.462505340576172,10800
2008-06-18,5.462505340576172,5.462505340576172,5.462505340576172,5.462505340576172,0
2008-06-19,5.462505340576172,5.462505340576172,5.462505340576172,5.462505340576172,0
2008-06-20,5.418663501739502,5.418663501739502,5.348519055336745,5.418663501739502,10700
2008-06-23,5.27837610244751,5.27837610244751,5.260839985884987,5.27837610244751,2400
2008-06-24,5.436201095581055,5.436201095581055,5.436201095581055,5.436201095581055,400
2008-06-25,5.366055488586426,5.366055488586426,5.366055488586426,5.366055488586426,1000
2008-06-26,5.558952331542969,5.558952331542969,5.558952331542969,5.558952331542969,600
2008-06-27,5.462505340576172,5.7781558455376505,5.462505340576172,5.462505340576172,6800
2008-06-30,5.269608497619629,5.506346291240679,5.269608497619629,5.269608497619629,18700
2008-07-01,5.269608497619629,5.269608497619629,5.269608497619629,5.269608497619629,0
2008-07-02,5.269608497619629,5.269608497619629,5.269608497619629,5.269608497619629,0
2008-07-03,5.26084041595459,5.287144801995737,5.26084041595459,5.26084041595459,6700
2008-07-07,5.313448905944824,5.313448905944824,5.225768313720133,5.260840550610009,2600
2008-07-08,5.12054967880249,5.12054967880249,5.12054967880249,5.12054967880249,1000
2008-07-09,5.2082295417785645,5.234533496997572,5.2082295417785645,5.2082295417785645,2000
2008-07-10,5.366055488586426,5.366055488586426,5.31344715063094,5.366055488586426,3300
2008-07-11,5.830763816833496,5.839531665188871,5.751851091165336,5.830763816833496,3000
2008-07-14,6.03242826461792,6.03242826461792,5.918443329775999,6.03242826461792,3400
2008-07-15,6.146414756774902,6.163950872878789,6.049965909156535,6.049965909156535,3800
2008-07-16,5.708010196685791,6.067500707805159,5.681705819194519,6.067500707805159,2800
2008-07-17,5.99735689163208,6.049965234073457,5.99735689163208,5.99735689163208,3200
2008-07-18,5.99735689163208,5.99735689163208,5.99735689163208,5.99735689163208,0
2008-07-21,6.023662090301514,6.023662090301514,5.874604880406543,6.023662090301514,8100
2008-07-22,5.962284088134766,5.979820200590119,5.962284088134766,5.962284088134766,1000
2008-07-23,6.03242826461792,6.0499643762786866,5.8658349947937,6.03242826461792,1500
2008-07-24,6.128876686096191,6.128876686096191,5.857066745580449,6.0324282807509775,400
2008-07-25,5.874603748321533,5.874603748321533,5.839531519586606,5.874603748321533,1200
2008-07-28,5.874603748321533,5.874603748321533,5.874603748321533,5.874603748321533,0
2008-07-29,5.874603748321533,5.874603748321533,5.874603748321533,5.874603748321533,0
2008-07-30,6.409457683563232,6.409457683563232,6.085039266603239,6.409457683563232,10200
2008-07-31,6.313004970550537,6.313004970550537,6.313004970550537,6.313004970550537,200
2008-08-01,6.234093189239502,6.32177373954722,6.234093189239502,6.313005475469527,2500
2008-08-04,6.234093189239502,6.234093189239502,6.234093189239502,6.234093189239502,0
2008-08-05,5.444969177246094,5.865836374166845,5.444969177246094,5.865836374166845,2300
2008-08-06,5.66417121887207,5.66417121887207,5.66417121887207,5.66417121887207,300
2008-08-07,5.4975762367248535,5.532648460077652,5.4975762367248535,5.532648460077652,1600
2008-08-08,5.190695762634277,5.348520819085476,5.173159645250811,5.348520819085476,4300
2008-08-11,5.094244956970215,5.111781067637653,4.866275518293516,5.094244956970215,5100
2008-08-12,4.8750433921813965,4.901347767378411,4.787362838347782,4.901347767378411,4100
2008-08-13,5.1643900871276855,5.1643900871276855,5.0241011831128075,5.0241011831128075,9000
2008-08-14,5.0416388511657715,5.0416388511657715,5.0416388511657715,5.0416388511657715,1500
2008-08-15,4.918885707855225,4.971494059724465,4.918885707855225,4.971494059724465,26900
2008-08-18,4.8750433921813965,4.8750433921813965,4.8750433921813965,4.8750433921813965,100
2008-08-19,4.831204891204834,4.831204891204834,4.787364391022411,4.831204891204834,1500
2008-08-20,4.620770454406738,4.936420926237173,4.620770454406738,4.831204241658342,8200
2008-08-21,5.094244956970215,5.094244956970215,5.094244956970215,5.094244956970215,100
2008-08-22,5.094244956970215,5.094244956970215,5.094244956970215,5.094244956970215,0
2008-08-25,4.945188045501709,4.945188045501709,4.945188045501709,4.945188045501709,100
2008-08-26,4.9627227783203125,5.015331098242103,4.9627227783203125,4.9627227783203125,7900
2008-08-27,5.076709747314453,5.076709747314453,5.076709747314453,5.076709747314453,1000
2008-08-28,5.129319190979004,5.129319190979004,5.076710838333899,5.129319190979004,700
2008-08-29,4.989027976989746,4.989027976989746,4.989027976989746,4.989027976989746,200
2008-09-02,4.699682712554932,4.725986672053815,4.699682712554932,4.725986672053815,2000
2008-09-03,4.462945938110352,4.462945938110352,4.392801473699767,4.462945938110352,6100
2008-09-04,4.366495132446289,4.366495132446289,4.331422915968311,4.366495132446289,6800
2008-09-05,4.6295390129089355,4.6295390129089355,4.541858018794604,4.541858018794604,800
2008-09-08,4.559393405914307,5.024101011754563,4.4629449967406245,4.6295382736232105,8500
2008-09-09,3.673819065093994,4.384032237377956,3.673819065093994,4.384032237377956,16100
2008-09-10,4.042079448699951,4.085919537666005,3.796573361732618,3.796573361732618,26800
2008-09-11,4.620770454406738,4.620770454406738,3.980701662744601,4.042078271129222,4800
2008-09-12,4.769827842712402,4.769827842712402,4.559394046220848,4.769827842712402,8600
2008-09-15,4.752291679382324,4.796131757054432,4.638306724865726,4.752291679382324,7000
2008-09-16,4.436642169952393,4.489250525553325,4.357729427503972,4.436642169952393,5100
2008-09-17,5.094244956970215,5.111781067637653,5.067941000015987,5.094244956970215,2900
2008-09-18,4.892579078674316,5.2169973087727755,4.892579078674316,5.094244544050569,5400
2008-09-19,5.269608497619629,5.269608497619629,5.111783023142917,5.269608497619629,3900
2008-09-22,6.111340522766113,6.313006014747732,5.760618291575367,6.111340522766113,8200
2008-09-23,5.7430830001831055,6.2691668401929155,5.7430830001831055,6.1113413955242155,1700
2008-09-24,5.813226222991943,5.874602400145735,5.795690112648882,5.813226222991943,2900
2008-09-25,5.655401706695557,5.86583548220423,5.655401706695557,5.813227142850541,7000
2008-09-26,5.594025135040283,5.743082295336342,5.594025135040283,5.655401317684152,1600
2008-09-29,5.506344318389893,5.506344318389893,5.462503831610717,5.506344318389893,6000
2008-09-30,5.269608497619629,5.278376347260547,5.269608497619629,5.278376347260547,1700
2008-10-01,5.392360687255859,5.506345645886674,5.392360687255859,5.392360687255859,2600
2008-10-02,4.769827842712402,4.910116761644134,4.769827842712402,4.910116761644134,3000
2008-10-03,4.550625801086426,4.734755200177905,4.550625801086426,4.734755200177905,3900
2008-10-06,4.173599720001221,4.480481953979198,3.7615003736672126,4.173599720001221,12600
2008-10-07,3.9543986320495605,4.3928020058150175,3.9543986320495605,4.173600318932289,13800
2008-10-08,4.077149868011475,4.322655427347712,4.015773269130477,4.015773269130477,68500
2008-10-09,3.9894680976867676,4.077148627924045,3.9894680976867676,4.077148627924045,4800
2008-10-10,2.9460690021514893,3.7527310538676795,2.823316240295585,2.9460690021514893,10000
2008-10-13,2.9460690021514893,2.9460690021514893,2.9460690021514893,2.9460690021514893,0
2008-10-14,3.4195454120635986,3.5510664698533363,3.235416014776749,3.4195454120635986,66500
2008-10-15,3.6299781799316406,3.6299781799316406,3.454617076782807,3.6299781799316406,96100
2008-10-16,3.01621413230896,3.1038946906127913,2.9723738531570447,3.01621413230896,84600
2008-10-17,3.0775904655456543,3.1214307438774,2.5778108744698813,3.0162140758812104,20600
2008-10-20,3.1301989555358887,3.1915755573059466,2.9636058895731607,3.07759061891608,25100
2008-10-21,3.3055601119995117,3.3844726127598808,3.3055601119995117,3.3055601119995117,3900
2008-10-22,2.9548370838165283,2.989909510859956,2.90222875682175,2.9548370838165283,7300
2008-10-23,3.0775904655456543,3.0775904655456543,2.5427386518044846,3.0775904655456543,27000
2008-10-24,2.823317289352417,2.823317289352417,2.516434852590881,2.823317289352417,500
2008-10-27,2.7181005477905273,2.8233174551301654,2.7181005477905273,2.8233174551301654,30100
2008-10-28,2.8759255409240723,2.884693598312223,2.7444046801018147,2.7970130244307176,11500
2008-10-29,3.5247623920440674,3.5247623920440674,3.3318649217024796,3.3494010363656264,14000
2008-10-30,3.4370815753936768,3.454617688815321,3.4283135186828546,3.445849632104499,3000
2008-10-31,3.7614994049072266,3.7614994049072266,3.3494003737547584,3.3494003737547584,2800
2008-11-03,4.007004261016846,4.007004261016846,3.8842510988360757,3.8842510988360757,1800
2008-11-04,4.164831161499023,4.164831161499023,4.164831161499023,4.164831161499023,1500
2008-11-05,4.208672046661377,4.208672046661377,4.208672046661377,4.208672046661377,300
2008-11-06,4.208672046661377,4.208672046661377,4.208672046661377,4.208672046661377,0
2008-11-07,4.3138885498046875,4.3138885498046875,4.103454747863646,4.103454747863646,1300
2008-11-10,4.270047187805176,4.270047187805176,4.1735987821189635,4.2174388524961826,2900
2008-11-11,3.9456286430358887,3.9456286430358887,3.884252046963765,3.884252046963765,500
2008-11-12,3.4195454120635986,3.629978770052045,3.4195454120635986,3.629978770052045,1000
2008-11-13,3.50722599029541,3.50722599029541,3.50722599029541,3.50722599029541,400
2008-11-14,3.656282901763916,3.9105567345303087,3.6562829017639156,3.9105567345303087,1800
2008-11-17,3.3494009971618652,3.7702683712921803,3.3494009971618652,3.5072262363298616,5900
2008-11-18,3.2441837787628174,3.507225661571275,3.2091115555946153,3.4809214941951234,33300
2008-11-19,3.0512866973876953,3.349400838057725,3.0512866973876953,3.2441841563084077,11800
2008-11-20,2.7794761657714844,3.07759024623005,2.7794761657714844,3.060054136147012,9000
2008-11-21,3.340632677078247,3.340632677078247,3.0951268849381957,3.0951268849381957,2800
2008-11-24,4.094686985015869,4.094686985015869,3.621211443348773,3.6299792921457312,105400
2008-11-25,3.9193248748779297,4.015773707038706,3.8491804217042453,4.015773707038706,36400
2008-11-26,4.348959922790527,4.348959922790527,3.866716219436308,3.884252331298613,158200
2008-11-28,4.173599720001221,4.173599720001221,4.138527070486559,4.164831453099061,1200
2008-12-01,4.112222194671631,4.278815466048669,4.112222194671631,4.278815466048669,4500
2008-12-02,4.156063079833984,4.156063079833984,4.156063079833984,4.156063079833984,500
2008-12-03,3.9719326496124268,4.033308821898959,3.9719326496124268,4.033308821898959,1000
2008-12-04,3.489689350128174,3.489689350128174,3.489689350128174,3.489689350128174,300
2008-12-05,3.2617204189300537,3.2617204189300537,3.1565035233274203,3.1565035233274203,700
2008-12-08,4.094686985015869,4.094686985015869,3.840413098494428,3.840413098494428,2300
2008-12-09,4.217439651489258,4.217439651489258,4.077150730754235,4.217439651489258,50400
2008-12-10,4.7347540855407715,4.7347540855407715,4.313887046423951,4.313887046423951,78900
2008-12-11,4.866276741027832,4.997797395033479,4.866276741027832,4.989029546543619,55000
2008-12-12,4.910115718841553,4.962724052268078,4.883811761175225,4.962724052268078,55100
2008-12-15,5.243303298950195,5.278375528260047,5.208231069640344,5.278375528260047,51200
2008-12-16,5.453737735748291,5.453737735748291,5.287144823165439,5.287144823165439,13000
2008-12-17,5.953515529632568,5.953515529632568,5.953515529632568,5.953515529632568,200
2008-12-18,5.444969177246094,5.743083563675703,5.444969177246094,5.743083563675703,24300
2008-12-19,5.392360687255859,5.532649609820575,5.392360687255859,5.392360687255859,49500
2008-12-22,5.453737735748291,5.760620429049625,5.436201617681989,5.751852160969457,10800
2008-12-23,5.646634578704834,5.699242924762132,5.620330196629201,5.699242924762132,5700
2008-12-24,5.9447455406188965,6.041193910569633,5.9447455406188965,6.023657805297342,2900
2008-12-26,5.9447455406188965,5.9447455406188965,5.9447455406188965,5.9447455406188965,0
2008-12-29,6.29547119140625,6.558513336718491,6.25163111258352,6.558513336718491,3200
2008-12-30,6.111340522766113,6.111340522766113,6.111340522766113,6.111340522766113,200
2008-12-31,5.979820728302002,6.146414020376465,5.979820728302002,6.076269146270951,6900
2009-01-02,6.128876686096191,6.295469956365946,6.0411961275578685,6.295469956365946,13300
2009-01-05,5.374824047088623,5.874603493969401,5.374824047088623,5.874603493969401,6500
2009-01-06,5.243303298950195,5.366056101534675,5.243303298950195,5.366056101534675,700
2009-01-07,5.558952331542969,5.6817051021242335,5.558952331542969,5.6817051021242335,1100
2009-01-08,5.620331287384033,5.620331287384033,5.620331287384033,5.620331287384033,1500
2009-01-09,5.611560344696045,5.865834135578604,5.611560344696045,5.620328190195192,3100
2009-01-12,5.541416168212891,5.550184014123238,5.208229661742891,5.409895134806961,32000
2009-01-13,5.7167792320251465,5.734315347966262,5.6466347682606886,5.6466347682606886,1300
2009-01-14,5.558952331542969,5.567720177537566,5.558952331542969,5.567720177537566,1500
2009-01-15,5.73431396484375,5.73431396484375,5.4186635359449165,5.541416736018502,15000
2009-01-16,5.769384384155273,5.769384384155273,5.699239959244192,5.699239959244192,1500
2009-01-20,6.0499653816223145,6.0499653816223145,6.0499653816223145,6.0499653816223145,100
2009-01-21,5.760619640350342,5.8833724500080935,5.760619640350342,5.7869236048014425,2900
2009-01-22,5.7518510818481445,5.769387196624446,5.72554711873067,5.769387196624446,700
2009-01-23,5.953515529632568,5.953515529632568,5.743082190532768,5.743082190532768,10400
2009-01-26,6.339311599731445,6.339311599731445,6.313007218330237,6.313007218330237,1500
2009-01-27,5.558952331542969,5.708009476295713,5.506344001293855,5.708009476295713,6200
2009-01-28,5.760619640350342,5.760619640350342,5.760619640350342,5.760619640350342,200
2009-01-29,5.7518510818481445,5.7518510818481445,5.699242737519241,5.72554711873067,8900
2009-01-30,5.585257530212402,5.72554686018171,5.585257530212402,5.72554686018171,3000
2009-02-02,5.637863636016846,5.637863636016846,5.53264699384245,5.53264699384245,2400
2009-02-03,5.690474987030029,5.690474987030029,5.690474987030029,5.690474987030029,1000
2009-02-04,5.962284088134766,5.962284088134766,5.821994770398038,5.821994770398038,3800
2009-02-05,5.620331287384033,6.023662436859653,5.620331287384033,6.023662436859653,1700
2009-02-06,5.523879528045654,5.541415636276849,5.471270785258271,5.523879528045654,19900
2009-02-09,5.269608497619629,5.269608497619629,5.252071962149756,5.269608497619629,3500
2009-02-10,5.453737735748291,5.453737735748291,5.453737735748291,5.453737735748291,1000
2009-02-11,5.453737735748291,5.453737735748291,5.453737735748291,5.453737735748291,0
2009-02-12,5.672938346862793,5.672938346862793,5.672938346862793,5.672938346862793,200
2009-02-13,5.672938346862793,5.672938346862793,5.672938346862793,5.672938346862793,0
2009-02-17,5.655401706695557,5.751850537890945,5.655401706695557,5.743082690378955,3400
2009-02-18,5.7518510818481445,5.7518510818481445,5.558953819308834,5.558953819308834,6000
2009-02-19,5.515113830566406,5.515113830566406,5.515113830566406,5.515113830566406,200
2009-02-20,5.760619640350342,5.892140298793802,5.699243026474477,5.699243026474477,57000
2009-02-23,5.778154373168945,5.84829881904332,5.620328951857726,5.63786506332632,1600
2009-02-24,5.646634578704834,5.664170694057266,5.646634578704834,5.664170694057266,1500
2009-02-25,5.813226222991943,6.006123436765622,5.813226222991943,5.830762333335005,6700
2009-02-26,5.760619640350342,5.962285179549351,5.6554025282640055,5.681706910809083,24000
2009-02-27,5.830763816833496,5.830763816833496,5.708011013200546,5.751851091165336,800
2009-03-02,5.523879528045654,5.848297739369652,5.50634341981446,5.848297739369652,9700
2009-03-03,5.57649040222168,5.57649040222168,5.322216507572492,5.322216507572492,2500
2009-03-04,5.453737735748291,5.532650476093666,5.453737735748291,5.5238826261075324,10100
2009-03-05,5.769384384155273,5.769384384155273,5.769384384155273,5.769384384155273,200
2009-03-06,5.541416168212891,5.699241157443703,5.541416168212891,5.699241157443703,8000
2009-03-09,5.401129245758057,5.471273716259742,5.401129245758057,5.401129245758057,1800
2009-03-10,5.067941665649414,5.401127812092068,5.067941665649414,5.401127812092068,500
2009-03-11,5.506344318389893,5.506344318389893,5.3397510539604385,5.401127233738644,1800
2009-03-12,5.506344318389893,5.506344318389893,5.506344318389893,5.506344318389893,0
2009-03-13,5.541416168212891,5.576488388041961,5.541416168212891,5.541416168212891,5800
2009-03-16,5.366055488586426,5.366055488586426,5.348519375934597,5.3572876413074635,1000
2009-03-17,5.330984115600586,5.339752382375323,5.330984115600586,5.339752382375323,1500
2009-03-18,5.725546836853027,5.725546836853027,5.2082308492794915,5.243303077105432,17600
2009-03-19,5.971051216125488,5.971051216125488,5.8482984437231105,5.962283370000815,3900
2009-03-20,5.830763816833496,5.935980505661738,5.830763816833496,5.935980505661738,2800
2009-03-23,5.883370876312256,6.03242802864498,5.883370876312256,6.03242802864498,3700
2009-03-24,5.883370876312256,5.883370876312256,5.883370876312256,5.883370876312256,0
2009-03-25,6.155180931091309,6.190253153756705,6.155180931091309,6.190253153756705,5100
2009-03-26,6.356847763061523,6.356847763061523,6.30423941795229,6.356847763061523,7800
2009-03-27,6.137645721435547,6.260398518797956,6.137645721435547,6.260398518797956,5500
2009-03-30,6.058732509613037,6.207789674826227,6.0061241721425995,6.0061241721425995,8200
2009-03-31,6.260397911071777,6.260397911071777,6.260397911071777,6.260397911071777,500
2009-04-01,6.462063789367676,6.462063789367676,6.172717711947319,6.295470504590579,46000
2009-04-02,6.540975570678711,6.540975570678711,6.295469602478172,6.295469602478172,5900
2009-04-03,6.488367557525635,6.488367557525635,6.488367557525635,6.488367557525635,2600
2009-04-06,5.637863636016846,5.9535139806338035,5.585255314929648,5.935977873604738,7200
2009-04-07,5.786922931671143,5.813227311156516,5.786922931671143,5.813227311156516,1500
2009-04-08,5.813226222991943,5.813226222991943,5.786921848430426,5.786921848430426,2400
2009-04-09,5.883370876312256,5.883370876312256,5.716777613004732,5.7693859459291295,24200
2009-04-13,6.014892101287842,6.05873217101622,6.014892101287842,6.05873217101622,5000
2009-04-14,5.918443202972412,5.9973559128020835,5.918443202972412,5.962283690231979,8000
2009-04-15,6.0850372314453125,6.0850372314453125,6.0850372314453125,6.0850372314453125,1000
2009-04-16,6.0850372314453125,6.0850372314453125,6.0850372314453125,6.0850372314453125,0
2009-04-17,5.427432060241699,5.488808663211874,5.383591569821017,5.480040397890177,6400
2009-04-20,5.4975762367248535,5.4975762367248535,5.4975762367248535,5.4975762367248535,5000
2009-04-21,5.4975762367248535,5.4975762367248535,5.4975762367248535,5.4975762367248535,0
2009-04-22,5.27837610244751,5.295912219010034,5.27837610244751,5.295912219010034,2800
2009-04-23,5.541416168212891,5.541416168212891,5.515111794294169,5.515111794294169,5500
2009-04-24,5.839529514312744,5.839529514312744,5.716776755893365,5.725545019113079,2000
2009-04-27,5.839529514312744,5.839529514312744,5.839529514312744,5.839529514312744,0
2009-04-28,5.839529514312744,5.839529514312744,5.839529514312744,5.839529514312744,0
2009-04-29,5.8921380043029785,5.8921380043029785,5.8921380043029785,5.8921380043029785,500
2009-04-30,5.8921380043029785,5.8921380043029785,5.8921380043029785,5.8921380043029785,0
2009-05-01,5.73431396484375,5.73431396484375,5.6641695179982054,5.690473476518343,3100
2009-05-04,5.927212715148926,5.927212715148926,5.86583610368651,5.883372218662349,2400
2009-05-05,5.927212715148926,5.927212715148926,5.927212715148926,5.927212715148926,0
2009-05-06,5.909674167633057,5.918442431179096,5.8570658406382785,5.918442431179096,2700
2009-05-07,5.909674167633057,5.909674167633057,5.909674167633057,5.909674167633057,0
2009-05-08,6.172717571258545,6.391919190743845,6.172717571258545,6.391919190743845,1500
2009-05-11,6.172717571258545,6.172717571258545,6.172717571258545,6.172717571258545,0
2009-05-12,6.462063789367676,6.462063789367676,6.120109372243066,6.128877219813482,20700
2009-05-13,6.593584060668945,6.733872949802156,6.576047949527294,6.593584060668945,13200
2009-05-14,6.549744129180908,6.567280241809607,6.356846890265213,6.4445274534087105,3200
2009-05-15,6.576048851013184,6.663729418741241,6.558512737467573,6.663729418741241,6900
2009-05-18,6.576048851013184,6.576048851013184,6.576048851013184,6.576048851013184,0
2009-05-19,6.821554660797119,6.821554660797119,6.760178056121548,6.768945903592964,5500
2009-05-20,7.680827617645264,7.680827617645264,6.918005398894318,6.918005398894318,12100
2009-05-21,7.759737491607666,7.777273185958671,7.479158856301384,7.479158856301384,2400
2009-05-22,7.698359966278076,7.698359966278076,7.698359966278076,7.698359966278076,600
2009-05-26,7.452856063842773,7.575609288274898,7.452856063842773,7.5668410216323325,1100
2009-05-27,7.365174770355225,7.391479569213476,7.014452480790841,7.014452480790841,6700
2009-05-28,7.689593315124512,7.74220123623507,7.347638483154568,7.347638483154568,6600
2009-05-29,7.873722553253174,7.882490819589299,7.750970169299036,7.882490819589299,5900
2009-06-01,7.838649749755859,8.075387906357925,7.742201335689004,8.040315679771082,104500
2009-06-02,7.917562484741211,7.95263471139945,7.803577539054972,7.891258523794492,12400
2009-06-03,7.6282172203063965,7.838650602725954,7.461624334937896,7.838650602725954,33800
2009-06-04,7.733429908752441,7.794806907330833,7.689590270580374,7.707125958611702,18000
2009-06-05,7.435317516326904,7.619446885000399,7.242420719573874,7.426550088247369,13900
2009-06-08,7.444087505340576,7.470392304236944,7.1985819022897735,7.1985819022897735,3900
2009-06-09,7.873722553253174,7.9000273522615485,7.80357809493998,7.80357809493998,12500
2009-06-10,7.786042213439941,8.049084343957835,7.750969985116748,7.952635088928141,15400
2009-06-11,8.014008522033691,8.066616422834374,7.9877037354458436,8.040312472434032,7800
2009-06-12,7.584377765655518,7.7246675427379765,7.575610333990652,7.7246675427379765,600
2009-06-15,7.189812183380127,7.444086001356902,7.1372042685919554,7.444086001356902,6600
2009-06-16,7.2073516845703125,7.391481134634856,7.198583416427222,7.295031857437002,3000
2009-06-17,7.303797721862793,7.321334252377613,7.093364372811745,7.259957231763542,5600
2009-06-18,7.338871002197266,7.435319425336806,7.338871002197266,7.391479765120236,1900
2009-06-19,7.417784214019775,7.417784214019775,7.303799250382373,7.347639749656447,3400
2009-06-22,6.988147258758545,7.259957209496079,6.988147258758545,7.259957209496079,30000
2009-06-23,7.259956359863281,7.259956359863281,6.953074220305898,7.02321907965928,19500
2009-06-24,7.277492523193359,7.47039014507413,7.268724259428857,7.43531709001612,8900
2009-06-25,7.347638130187988,7.3827103546395,7.321334170896302,7.3827103546395,3500
2009-06-26,7.242420196533203,7.470390033891424,7.242420196533203,7.470390033891424,16200
2009-06-29,7.37394380569458,7.37394380569458,7.233654875237625,7.233654875237625,800
2009-06-30,7.259956359863281,7.321333373106146,7.20734844701248,7.321333373106146,9700
2009-07-01,7.522998809814453,7.750968673430101,7.0232194317390055,7.742200408786174,2700
2009-07-02,7.435317516326904,7.435317516326904,7.242420719573874,7.3827096030988795,7100
2009-07-06,7.110900402069092,7.417783011030521,7.0845964412457185,7.417783011030521,12000
2009-07-07,7.154740333557129,7.154740333557129,7.09336415104968,7.119668109811761,2900
2009-07-08,6.777712821960449,7.058290992872125,6.751408448586861,7.049522729049652,6600
2009-07-09,6.84785795211792,6.84785795211792,6.672496838887116,6.795249618148679,3700
2009-07-10,6.5322089195251465,6.6637299914680215,6.5322089195251465,6.6637299914680215,49300
2009-07-13,6.8741631507873535,6.8741631507873535,6.540976577682187,6.619889297126549,84900
2009-07-14,7.040755271911621,7.067060066392875,6.944306867376965,7.005683048791041,5100
2009-07-15,7.417784214019775,7.549304875654023,7.3301032154716275,7.3301032154716275,8800
2009-07-16,7.444087505340576,7.558072458661138,7.426551808930896,7.558072458661138,2600
2009-07-17,7.9438652992248535,7.9438652992248535,7.58437402046588,7.58437402046588,6500
2009-07-20,8.268282890319824,8.285818579834716,8.075385288530597,8.075385288530597,10300
2009-07-21,8.066617965698242,8.364732247879374,8.066617965698242,8.364732247879374,13000
2009-07-22,7.978936195373535,8.049080619563357,7.908791771183712,7.9526314091617305,9700
2009-07-23,7.891257286071777,7.996473949543542,7.891257286071777,7.900025550408019,2900
2009-07-24,7.680827617645264,7.926333282684834,7.601914873406946,7.926333282684834,9000
2009-07-27,7.452856063842773,7.847418864690981,7.444087797200209,7.847418864690981,11400
2009-07-28,7.531765460968018,7.531765460968018,7.400244028047483,7.400244028047483,1000
2009-07-29,7.522998809814453,7.522998809814453,7.522998809814453,7.522998809814453,500
2009-07-30,7.672056198120117,7.672056198120117,7.610680016115242,7.6545196682971435,6500
2009-07-31,7.847416400909424,7.847416400909424,7.742199742796342,7.742199742796342,5400
2009-08-03,7.847416400909424,7.847416400909424,7.847416400909424,7.847416400909424,100
2009-08-04,8.145532608032227,8.250749291002661,7.847418254855397,8.101692114414247,5300
2009-08-05,8.15429973602295,8.15429973602295,7.715896533400078,7.715896533400078,4500
2009-08-06,8.259517669677734,8.285821631732334,8.163069251352281,8.27705336565151,3700
2009-08-07,8.285823822021484,8.285823822021484,8.163071409192844,8.277055553622839,5800
2009-08-10,7.970170974731445,8.241980513143039,7.970170974731445,8.171836062185994,8900
2009-08-11,7.8649516105651855,7.8737190367978185,7.821111134651913,7.847415085724865,5900
2009-08-12,7.908797264099121,7.908797264099121,7.891260727778226,7.891260727778226,600
2009-08-13,7.970170974731445,7.970170974731445,7.970170974731445,7.970170974731445,100
2009-08-14,7.8649516105651855,8.02277615319043,7.838646823304705,8.02277615319043,1000
2009-08-17,7.689593315124512,7.900026671942403,7.689593315124512,7.900026671942403,800
2009-08-18,7.917562484741211,7.917562484741211,7.715897390503294,7.715897390503294,4800
2009-08-19,8.127998352050781,8.127998352050781,8.06662131563844,8.06662131563844,2600
2009-08-20,7.996477127075195,8.014013662716108,7.970173159801868,7.970173159801868,3800
2009-08-21,8.075387001037598,8.18060366900243,8.040314778382653,8.145531446347487,1900
2009-08-24,7.926331043243408,8.198141437026049,7.864954853371275,8.198141437026049,5200
2009-08-25,8.031545639038086,8.031545639038086,8.031545639038086,8.031545639038086,1100
2009-08-26,7.742201805114746,7.917562948681466,7.742201805114746,7.917562948681466,5000
2009-08-27,7.9438652992248535,7.952632726560335,7.654518456275525,7.672054983321753,8600
2009-08-28,8.022778511047363,8.1367634474465,8.022778511047363,8.1367634474465,5200
2009-08-31,7.742201805114746,7.829882794992051,7.698361310176093,7.829882794992051,11400
2009-09-01,7.8211140632629395,7.8211140632629395,7.733433078604307,7.803577531856076,6500
2009-09-02,8.1806058883667,8.268286886885424,7.829883566667752,7.829883566667752,19800
2009-09-03,8.601473808288574,8.636546041672311,8.180606171495725,8.373503873200281,7400
2009-09-04,8.689153671264648,8.785602936854419,8.557633009699655,8.680385404176857,14000
2009-09-08,8.531327247619629,9.0311075448938,8.531327247619629,8.996035316680514,2500
2009-09-09,8.312126159667969,8.610240537208353,8.312126159667969,8.583936573363006,4900
2009-09-10,8.426111221313477,8.513792216791163,8.347199328809092,8.434879488098835,11000
2009-09-11,8.689153671264648,8.689153671264648,8.452416313210065,8.654081439101452,3400
2009-09-14,8.233213424682617,8.382270598182687,8.189372931972976,8.382270598182687,3200
2009-09-15,8.461183547973633,8.46995181485817,8.27705412433811,8.285822391222647,9500
2009-09-16,8.662846565246582,8.662846565246582,8.557629906906056,8.566398170814685,27600
2009-09-17,8.513788223266602,8.566396963113856,8.513788223266602,8.566396963113856,2500
2009-09-18,8.382268905639648,8.41734112548803,8.382268905639648,8.41734112548803,1100
2009-09-21,8.39980411529541,8.461180287459975,8.145530326943831,8.338427943130846,28400
2009-09-22,8.592702865600586,8.759295713258487,8.513790156009254,8.750527448595507,11700
2009-09-23,8.434879302978516,8.575168223713538,8.32966261242725,8.575168223713538,8100
2009-09-24,7.7685065269470215,8.46118373888325,7.7685065269470215,8.434879773824095,17700
2009-09-25,7.610681533813477,7.821114916526529,7.5054648424569494,7.663289461397773,16000
2009-09-28,7.522998809814453,7.663287699366316,7.522998809814453,7.663287699366316,3600
2009-09-29,7.558070182800293,7.60191066490524,7.5142297006953465,7.5142297006953465,4000
2009-09-30,7.680827617645264,7.715899855508059,7.3476409398546485,7.715899855508059,9400
2009-10-01,7.330102920532227,7.523000607863794,7.330102920532227,7.523000607863794,3200
2009-10-02,7.356407642364502,7.409015569865674,7.321335411967743,7.321335411967743,2900
2009-10-05,7.6369853019714355,7.6369853019714355,7.356407465541503,7.400247125342747,3300
2009-10-06,7.978936195373535,8.163065517918692,7.9526314091617305,7.961399671232332,29100
2009-10-07,8.15429973602295,8.163068000760466,8.101690983785595,8.15429973602295,4800
2009-10-08,8.592702865600586,8.601471130263565,8.417341753279704,8.417341753279704,10600
2009-10-09,8.540094375610352,8.619007087620783,8.452414234855913,8.619007087620783,2700
2009-10-12,8.619009971618652,8.619009971618652,8.417344827835493,8.619009971618652,800
2009-10-13,8.55762767791748,8.601468149853908,8.469946734044624,8.583931626604356,22000
2009-10-14,8.575163841247559,8.583932103359327,8.496251154616639,8.583932103359327,18900
2009-10-15,8.285823822021484,8.408577071038223,8.259519853013646,8.408577071038223,28100
2009-10-16,8.268282890319824,8.277050316983486,8.11045750374795,8.180601934182656,11300
2009-10-19,8.364731788635254,8.41734053279732,8.312123044473186,8.312123044473186,2800
2009-10-20,8.224444389343262,8.338429325247638,8.198140430653874,8.329661060288585,5100
2009-10-21,8.329662322998047,8.338430589286299,8.329662322998047,8.338430589286299,1000
2009-10-22,7.9438652992248535,8.005241471511384,7.9438652992248535,7.970169253606563,1300
2009-10-23,7.891257286071777,7.97893825705877,7.891257286071777,7.970169992722529,2400
2009-10-26,7.601913928985596,7.8912600644538635,7.593145661562192,7.8912600644538635,6900
2009-10-27,7.72466516494751,7.733432593913603,7.452854798491657,7.5843754310487475,5000
2009-10-28,7.2073516845703125,7.575610584699399,7.198583416427222,7.575610584699399,20500
2009-10-29,7.549304008483887,7.584376236636889,7.295030145327646,7.303798411412865,6800
2009-10-30,7.067058563232422,7.470389461424658,6.988145450855084,7.470389461424658,4900
2009-11-02,7.224885940551758,7.321335198471248,7.084597023055671,7.163509748194197,4600
2009-11-03,7.619446277618408,7.663286759272166,7.075826479199659,7.075826479199659,5200
2009-11-04,7.856184005737305,8.34719587192796,7.7334308301427415,8.022776824727158,13400
2009-11-05,8.145532608032227,8.145532608032227,7.803577761237416,7.803577761237416,4500
2009-11-06,8.452414512634277,8.49625416635835,8.241980328294872,8.26828512395467,10300
2009-11-09,8.785599708557129,8.925888585660308,8.768063180825399,8.768063180825399,13800
2009-11-10,8.645312309265137,8.794369490130732,8.601472650577048,8.794369490130732,4900
2009-11-11,8.803139686584473,8.908356395644677,8.680386441253532,8.89958812750931,12000
2009-11-12,8.776830673217773,8.776830673217773,8.680381451546365,8.741758457024787,8300
2009-11-13,9.285380363464355,9.294148628577823,8.768064428398782,8.768064428398782,13900
2009-11-16,9.758855819702148,9.785159778883207,9.416901005597255,9.487045454205266,15000
2009-11-17,9.715018272399902,9.74132223954693,9.592265032067036,9.636105534770778,11200
2009-11-18,10.118346214294434,10.337547822781044,9.907912870832353,9.907912870832353,17300
2009-11-19,9.828999519348145,10.05696937804695,9.793927297716614,10.02189715641542,7900
2009-11-20,9.881609916687012,9.881609916687012,9.53965507165108,9.548423337567149,13200
2009-11-23,10.048202514648438,10.416461311220985,10.013130288126664,10.153419194213761,14000
2009-11-24,9.864072799682617,10.013129966661735,9.758856123495207,10.013129966661735,36000
2009-11-25,10.293708801269531,10.293708801269531,9.83776982543848,10.188492114539288,9700
2009-11-27,9.978055953979492,9.978055953979492,9.390595656685818,9.425667875799425,23500
2009-11-30,9.925445556640625,10.030662196484206,9.89914160572661,9.907909868093789,28800
2009-12-01,10.688270568847656,10.723342794421539,10.153418919798987,10.153418919798987,38700
2009-12-02,10.898704528808594,11.082833918238245,10.881167998297295,10.881167998297295,18400
2009-12-03,10.968851089477539,11.17928447898509,10.907474057063535,11.17928447898509,4500
2009-12-04,10.249868392944336,10.635663750412427,10.06573898055909,10.626895484063628,12100
2009-12-07,10.135883331298828,10.28493966440862,9.864072953112638,9.899145179053969,19000
2009-12-08,9.820231437683105,10.056969565243271,9.811463173065084,10.056969565243271,4000
2009-12-09,10.153419494628906,10.58305449127946,9.934217863335212,10.065738507636283,13100
2009-12-10,10.565518379211426,10.565518379211426,10.512909621851566,10.521677887442848,1500
2009-12-11,9.81146240234375,10.346314795400415,9.785158446743681,10.346314795400415,5500
2009-12-14,10.258638381958008,10.28494234923355,9.90791603099064,9.969292233362918,2900
2009-12-15,10.433995246887207,10.565516701306072,10.258634143849749,10.258634143849749,4100
2009-12-16,11.249428749084473,11.310804944257141,10.60059205781129,10.626896022001299,8400
2009-12-17,10.697037696838379,11.047760751471538,10.697037696838379,10.846094848724618,4100
2009-12-18,10.363852500915527,10.76718352196947,10.320012845125966,10.73211129562512,11200
2009-12-21,10.09204387664795,10.30247725391516,10.083275610214837,10.30247725391516,31700
2009-12-22,10.346317291259766,10.346317291259766,9.881610061347306,9.934217985238142,17000
2009-12-23,10.670733451843262,10.749646157913109,10.433995333633721,10.433995333633721,8600
2009-12-24,10.626897811889648,10.837331233228909,10.618129543620158,10.74965105909826,5900
2009-12-28,10.626897811889648,10.626897811889648,10.626897811889648,10.626897811889648,0
2009-12-29,10.697037696838379,10.714574225854514,10.512908323107595,10.714574225854514,2300
2009-12-30,10.504140853881836,10.565517873897516,10.469068629381928,10.565517873897516,18800
2009-12-31,10.49537467956543,10.5479826045104,10.49537467956543,10.539215174478166,18200
2010-01-04,10.837327003479004,10.933776244423614,10.81102304512491,10.933776244423614,18900
2010-01-05,10.705808639526367,10.960082520555742,10.688272106123268,10.828561864784248,18800
2010-01-06,11.10036849975586,11.10036849975586,10.916239128785078,10.93377565753835,18900
2010-01-07,11.091604232788086,11.170516968242492,10.93377959806729,11.170516968242492,7800
2010-01-08,11.214354515075684,11.22312278030221,11.003921166765792,11.003921166765792,700
2010-01-11,11.67029094696045,11.836883757852139,11.582609992056891,11.836883757852139,21100
2010-01-12,11.416020393371582,11.968407721655426,11.337107678991662,11.424787822378844,43400
2010-01-13,11.845657348632812,11.863193045788362,11.530006437953572,11.538774704625315,8200
2010-01-14,11.880728721618652,11.880728721618652,11.76674377167688,11.810584265683389,9300
2010-01-15,11.433558464050293,11.740441120160774,11.433558464050293,11.740441120160774,15400
2010-01-19,11.67029094696045,11.67029094696045,11.582609992056891,11.62645046950867,22600
2010-01-20,11.117904663085938,11.433554644580619,11.091599870820616,11.433554644580619,56600
2010-01-21,10.311244010925293,10.968848845762043,9.986825726081697,10.968848845762043,9800
2010-01-22,10.346317291259766,10.530446697253439,10.135883923320675,10.135883923320675,16100
2010-01-25,10.127114295959473,10.547980975263505,10.127114295959473,10.45153257030327,28600
2010-01-26,10.477838516235352,10.486606782764364,10.056971757097854,10.109579683896081,11400
2010-01-27,9.969292640686035,10.320015842171216,9.934220404156324,10.302479305812321,11900
2010-01-28,9.969292640686035,10.241103100932348,9.916684703985508,10.241103100932348,4500
2010-01-29,9.416901588439941,9.872841368799397,9.355525401156106,9.750088158043889,12600
2010-02-01,10.433995246887207,10.433995246887207,9.6536381293236,9.68871034993109,9500
2010-02-02,10.512911796569824,10.556752297407321,10.495376097947629,10.556752297407321,12400
2010-02-03,10.311244010925293,10.539213887687103,10.127114623723491,10.433996378267969,14900
2010-02-04,9.513348579406738,10.179720724194278,9.364291443236299,10.179720724194278,33900
2010-02-05,10.013130187988281,10.021898453577997,9.294149133388311,9.43443803807242,40200
2010-02-08,9.916680335998535,10.135881926804812,9.916680335998535,10.065736648454111,16200
2010-02-09,10.442764282226562,10.46906824057766,10.039433297362793,10.039433297362793,16300
2010-02-10,10.320013999938965,10.54798307859314,10.258636969827366,10.486606884669468,8800
2010-02-11,10.626897811889648,10.64443434842863,10.363855617121532,10.363855617121532,5000
2010-02-12,10.600589752197266,10.600589752197266,10.337547658944645,10.486604817248205,13000
2010-02-16,10.907475471496582,11.030228716054728,10.837330999231375,10.995156479922125,14000
2010-02-17,10.758417129516602,10.916241745184806,10.688271833878837,10.916241745184806,15000
2010-02-18,10.933777809143066,10.933777809143066,10.828561124481501,10.837328554395722,8200
2010-02-19,10.84609317779541,11.003918569875427,10.714572575187129,10.84609317779541,23500
2010-02-22,10.942543029785156,10.977616087112395,10.854862895030193,10.977616087112395,7300
2010-02-23,10.346317291259766,10.530446697253439,10.258636303191208,10.512910165164577,19400
2010-02-24,10.100813865661621,10.48660845644445,10.100813865661621,10.48660845644445,15100
2010-02-25,10.355084419250488,10.355084419250488,9.846535915006827,9.846535915006827,16800
2010-02-26,10.6795015335083,10.767181666162914,10.469067375524311,10.469067375524311,17800
2010-03-01,11.144210815429688,11.205587003769224,10.732111520122295,10.889936960067223,45800
2010-03-02,11.424787521362305,11.47739627495873,11.284498626688865,11.319570850357225,25000
2010-03-03,11.59138298034668,11.696599667413034,11.407253568933585,11.407253568933585,21300
2010-03-04,11.53000545501709,11.6352229737323,11.345876051547267,11.6352229737323,17000
2010-03-05,11.924568176269531,12.02978485100165,11.757974480802822,11.757974480802822,25000
2010-03-08,11.68783187866211,12.047322449874173,11.68783187866211,12.047322449874173,20100
2010-03-09,11.635224342346191,11.810585500518938,11.635224342346191,11.749208468017507,12800
2010-03-10,11.793047904968262,11.880728894255355,11.670295523391793,11.801816171134547,12800
2010-03-11,11.661527633666992,11.696599863276406,11.573846641549501,11.679063330377742,7900
2010-03-12,11.810583114624023,11.950872012821996,11.78427831907106,11.950872012821996,14800
2010-03-15,11.793047904968262,11.854424931944381,11.652758991059219,11.854424931944381,12700
2010-03-16,12.327899932861328,12.459420575252533,12.073626077700577,12.152537961422588,17900
2010-03-17,12.406817436218262,12.599715190460689,12.327905516753306,12.599715190460689,12200
2010-03-18,12.248985290527344,12.248985290527344,12.047319389498504,12.20514480454823,60700
2010-03-19,12.073624610900879,12.143769056479531,11.97717537108942,12.143769056479531,13700
2010-03-22,12.012247085571289,12.012247085571289,11.845654243418432,11.880726464723649,13100
2010-03-23,11.907031059265137,11.907031059265137,11.871958836081836,11.880727100924602,9400
2010-03-24,11.714134216308594,11.942104100714285,11.696598521609289,11.871959649541429,11700
2010-03-25,11.714134216308594,11.714134216308594,11.714134216308594,11.714134216308594,0
2010-03-26,11.836886405944824,11.889495157893855,11.617684805834736,11.63522133521366,24500
2010-03-29,12.003480911254883,12.099930163778847,11.994713481542771,12.099930163778847,16300
2010-03-30,11.775514602661133,11.950875780696508,11.775514602661133,11.950875780696508,5000
2010-03-31,11.757975578308105,11.784279540399432,11.757975578308105,11.775512110494242,3400
2010-04-01,12.038551330566406,12.073624388898581,11.854422791448899,11.950871193299175,13400
2010-04-05,12.205146789550781,12.24898728265996,12.205146789550781,12.213915055410189,3200
2010-04-06,12.19637680053711,12.19637680053711,12.091160133653236,12.152536313621894,23600
2010-04-07,12.512028694152832,12.512028694152832,12.12623338013963,12.12623338013963,6900
2010-04-08,12.476954460144043,12.476954460144043,12.257752863841967,12.424346545296673,13000
2010-04-09,12.573404312133789,12.590940005877297,12.459419376143789,12.459419376143789,4000
2010-04-12,12.34543514251709,12.590940722208037,12.34543514251709,12.590940722208037,20900
2010-04-13,12.36301040649414,12.57389395464852,12.310290147935596,12.345437266299093,15000
2010-04-14,12.670548439025879,12.679335428192193,12.486025856400321,12.556320093784018,14600
2010-04-15,12.644187927246094,12.855070633021862,12.644187927246094,12.758416269034647,10700
2010-04-16,12.204845428466797,12.556316515215512,12.204845428466797,12.477235311203758,3100
2010-04-19,12.15212631225586,12.15212631225586,12.090619071618413,12.090619071618413,2600
2010-04-20,12.477239608764648,12.547533850325978,12.389372225799713,12.512386729545312,5300
2010-04-21,12.442089080810547,12.442089080810547,12.442089080810547,12.442089080810547,1700
2010-04-22,12.433305740356445,12.45087972007565,12.433305740356445,12.45087972007565,2400
2010-04-23,12.503594398498535,12.503594398498535,12.292711763900614,12.310285735770325,10100
2010-04-26,12.609038352966309,12.644185463747805,12.59146437858895,12.59146437858895,9600
2010-04-27,12.336648941040039,12.538745478221243,12.327861952907528,12.415730158286019,11300
2010-04-28,12.758415222167969,12.784775348733666,12.635399901572526,12.661760028138223,3300
2010-04-29,12.890215873718262,13.065951436276034,12.855068761206706,12.881428886097057,5200
2010-04-30,13.057165145874023,13.241687705906033,13.039592007666517,13.057165145874023,11800
2010-05-03,12.969297409057617,13.434996870916313,12.934150295671552,13.434996870916313,15000
2010-05-04,12.556317329406738,12.77598698236205,12.503596243989245,12.77598698236205,2200
2010-05-05,12.68812084197998,12.68812084197998,12.046685753639158,12.073045881632702,11700
2010-05-06,12.670548439025879,12.890218140343285,12.65297446069325,12.855071021651437,23800
2010-05-07,12.59146785736084,12.59146785736084,12.389372124025522,12.389372124025522,11100
2010-05-10,12.793562889099121,12.793562889099121,12.688120702338692,12.688120702338692,2400
2010-05-11,13.180180549621582,13.24168779070169,12.881429656421096,12.881429656421096,112100
2010-05-12,13.628305435180664,13.663452546043597,13.37348867193109,13.408635782794024,11900
2010-05-13,13.56679916381836,13.88312404155326,13.531652048289297,13.62830724447422,20600
2010-05-14,13.601946830749512,13.601946830749512,13.136247321617349,13.601946830749512,16800
2010-05-17,13.153820037841797,13.812829046018614,13.065951834895573,13.812829046018614,5700
2010-05-18,13.048379898071289,13.09231316561476,13.048379898071289,13.09231316561476,7600
2010-05-19,12.573891639709473,12.784774311065517,12.275140769635122,12.740840211706361,11100
2010-05-20,12.283926010131836,12.406941311639827,12.152124559780779,12.275139861288768,14900
2010-05-21,12.275137901306152,12.486020523385296,12.037894322987327,12.037894322987327,23200
2010-05-24,11.862160682678223,12.292712980417424,11.862160682678223,12.292712980417424,1000
2010-05-25,12.40694522857666,12.40694522857666,12.108194286292312,12.108194286292312,28800
2010-05-26,12.565108299255371,12.811138153914051,12.468453085016487,12.811138153914051,3600
2010-05-27,12.617826461791992,12.696907682825362,12.617826461791992,12.696907682825362,4500
2010-05-28,12.670548439025879,12.740842676409576,12.670548439025879,12.740842676409576,3200
2010-06-01,12.477239608764648,12.837497806259833,12.477239608764648,12.775990554387032,4700
2010-06-02,12.696907043457031,12.705694031567893,12.450877242166063,12.459664230276925,5000
2010-06-03,12.68812084197998,12.68812084197998,12.547532375383273,12.679334691297708,11500
2010-06-04,12.68812084197998,12.68812084197998,12.68812084197998,12.68812084197998,0
2010-06-07,12.600251197814941,12.74962662613841,12.380581548865512,12.380581548865512,57600
2010-06-08,12.925361633300781,12.942934768730504,12.819920306802917,12.819920306802917,12000
2010-06-09,12.652972221374512,12.881428871426053,12.652972221374512,12.881428871426053,2300
2010-06-10,13.188968658447266,13.19775564734058,12.819923504661885,12.8287104935552,15000
2010-06-11,13.224115371704102,13.224115371704102,13.21532838307946,13.21532838307946,9200
2010-06-14,13.224115371704102,13.443785059480005,13.224115371704102,13.408637942954796,1800
2010-06-15,13.593159675598145,13.593159675598145,13.30319577266066,13.30319577266066,3100
2010-06-16,13.742533683776855,13.742533683776855,13.742533683776855,13.742533683776855,2500
2010-06-17,14.304889678955078,14.304889678955078,13.953417700111778,13.953417700111778,22600
2010-06-18,14.972684860229492,14.972684860229492,14.480623614156336,14.480623614156336,16000
2010-06-21,14.471837997436523,14.849670117338702,14.26974229291334,14.849670117338702,9600
2010-06-22,14.023713111877441,14.410331399464757,13.98856599482405,14.410331399464757,7200
2010-06-23,13.76010799407959,13.795255107759012,13.67224062886768,13.795255107759012,12500
2010-06-24,14.56849479675293,14.56849479675293,13.71617610507109,13.71617610507109,7800
2010-06-25,14.489408493041992,14.49819547929451,14.313673795830422,14.313673795830422,2000
2010-06-28,14.199445724487305,14.647572001582748,14.164299452765162,14.62121104083135,6100
2010-06-29,13.751322746276855,13.795256853428935,13.751322746276855,13.78646986440384,1300
2010-06-30,13.487717628479004,13.88312285384724,13.487717628479004,13.707387291236165,6200
2010-07-01,13.022019386291504,13.505292887890477,13.013233235260294,13.505292887890477,3200
2010-07-02,12.9517240524292,13.197754695864427,12.9517240524292,13.118673477472628,5300
2010-07-06,12.196061134338379,13.162607255269043,12.187274145736458,13.162607255269043,10900
2010-07-07,12.68812084197998,12.68812084197998,12.064258892977067,12.10819299828188,17500
2010-07-08,12.380583763122559,12.591466462716635,12.363009785836374,12.591466462716635,13400
2010-07-09,12.855070114135742,12.863857102681731,12.696907672201345,12.696907672201345,13100
2010-07-12,12.995654106140137,12.995654106140137,12.960507002026445,12.960507002026445,2300
2010-07-13,12.67933464050293,13.01323266631916,12.556319313736942,13.01323266631916,3900
2010-07-14,12.547529220581055,12.582676328393259,12.257565371637082,12.275139344529759,22000
2010-07-15,12.459663391113281,12.459663391113281,12.266353855560347,12.38936916690735,19800
2010-07-16,12.231208801269531,12.31907701529676,12.213634823274727,12.31907701529676,12400
2010-07-19,12.231208801269531,12.231208801269531,12.231208801269531,12.231208801269531,0
2010-07-20,12.0027494430542,12.0027494430542,11.958815345821455,11.976389319903834,8700
2010-07-21,12.10818862915039,12.10818862915039,12.002747317250414,12.09061549615359,5100
2010-07-22,12.239995956420898,12.248782107564177,12.204848837927575,12.248782107564177,4000
2010-07-23,12.239995956420898,12.239995956420898,12.239995956420898,12.239995956420898,0
2010-07-26,12.81992244720459,12.916576803138321,12.688120138596796,12.688120138596796,10600
2010-07-27,12.67933464050293,12.916577467441114,12.67933464050293,12.916577467441114,400
2010-07-28,12.433305740356445,12.45087972007565,12.433305740356445,12.45087972007565,2000
2010-07-29,12.705694198608398,12.714481186834782,12.609039842038142,12.617825992291205,2400
2010-07-30,13.180180549621582,13.180180549621582,13.0132319647013,13.0132319647013,10600
2010-08-02,13.575586318969727,13.575586318969727,12.995658486629118,13.250475286838578,1100
2010-08-03,13.426212310791016,13.487720398818425,13.426212310791016,13.487720398818425,2500
2010-08-04,13.71617317199707,13.856762457303104,13.566797737212672,13.566797737212672,5100
2010-08-05,13.320767402648926,13.452569695044243,13.232900045691924,13.382274636316147,10600
2010-08-06,13.20654010772705,13.268048184133388,13.20654010772705,13.268048184133388,800
2010-08-09,13.355915069580078,13.443783268171842,13.355915069580078,13.443783268171842,6900
2010-08-10,13.215327262878418,13.215327262878418,13.083525796574408,13.127459060026887,3000
2010-08-11,12.837498664855957,12.951727024526292,12.82871251255325,12.951727024526292,2900
2010-08-12,13.514079093933105,13.566799348959487,13.285622420889863,13.285622420889863,19800
2010-08-13,13.663453102111816,13.663453102111816,13.663453102111816,13.663453102111816,17100
2010-08-16,14.032501220703125,14.032501220703125,13.883125751809771,13.883125751809771,5000
2010-08-17,14.32246208190918,14.41033028674444,14.137940360107084,14.190660612629594,4400
2010-08-18,14.33124828338623,14.33124828338623,14.287315021353278,14.287315021353278,8100
2010-08-19,14.208234786987305,14.208234786987305,14.155514533729358,14.155514533729358,2400
2010-08-20,14.23459529876709,14.243380610741745,14.146727095501301,14.181873371239668,51600
2010-08-23,13.98856258392334,14.963896310787906,13.970988610695107,14.17308427498078,65400
2010-08-24,13.742533683776855,13.742533683776855,13.689812598768997,13.733746696613343,43000
2010-08-25,14.32246208190918,14.32246208190918,13.821615493078793,13.821615493078793,76500
2010-08-26,14.260955810546875,14.603641665100191,14.260955810546875,14.480625499591454,70900
2010-08-27,14.252168655395508,14.26095564396826,14.137941155843148,14.1467281444159,4400
2010-08-30,14.304889678955078,14.304889678955078,14.304889678955078,14.304889678955078,9500
2010-08-31,14.032501220703125,14.366399278348654,14.032501220703125,14.287318049172946,4100
2010-09-01,14.173087120056152,14.243381351133463,13.927058149258897,14.243381351133463,8300
2010-09-02,13.962203979492188,14.102791590731535,13.830401679875429,14.102791590731535,6800
2010-09-03,14.53334903717041,15.060555008361463,14.146729872476316,14.146729872476316,13900
2010-09-07,15.403239250183105,15.403239250183105,14.753017169570342,15.007833138214052,51300
2010-09-08,14.814520835876465,15.245073122710183,14.779372889548982,15.09569770271103,12700
2010-09-09,14.44548225402832,15.280226242105147,14.44548225402832,15.245079955970466,2600
2010-09-10,14.471837997436523,14.471837997436523,14.445478708292338,14.445478708292338,2900
2010-09-13,14.42790699005127,14.42790699005127,14.340038768607235,14.357612748085428,3700
2010-09-14,15.201143264770508,15.332946431555321,14.71787057304914,14.71787057304914,16200
2010-09-15,14.63000202178955,14.955113922694583,14.63000202178955,14.955113922694583,1900
2010-09-16,15.385664939880371,15.420811217991213,14.955112558355728,14.955112558355728,19200
2010-09-17,14.814520835876465,15.359300596381853,14.76179891638524,15.359300596381853,9700
2010-09-20,14.999041557312012,14.999041557312012,14.805732892837655,14.893601077033715,5700
2010-09-21,14.990255355834961,15.113271490526161,14.568490060755627,14.919961139988404,6900
2010-09-22,14.788162231445312,15.535039450396408,14.779375243463935,15.40323798256894,12200
2010-09-23,14.805736541748047,15.051765506995999,14.498198659241478,14.735442312256255,11800
2010-09-24,14.638787269592285,15.192355799017417,14.638787269592285,15.192355799017417,1900
2010-09-27,14.656359672546387,14.717866907890613,14.331247845224297,14.524558214530689,2500
2010-09-28,15.324158668518066,15.368091937930782,14.463052174886348,14.489413142102057,15800
2010-09-29,15.376874923706055,15.50867637357712,15.368087936921803,15.368087936921803,7000
2010-09-30,15.007830619812012,15.561397407730201,14.928749410688491,15.561397407730201,12700
2010-10-01,14.884819030761719,14.919965310536213,14.761802861684057,14.893606019692035,3100
2010-10-04,14.542132377624512,14.805737003398017,14.524560076663624,14.805737003398017,5300
2010-10-05,14.761801719665527,14.902390179780694,14.761801719665527,14.858456914474695,7000
2010-10-06,14.709081649780273,14.840883123290705,14.621213442124429,14.621213442124429,14200
2010-10-07,14.252168655395508,14.252168655395508,13.997352690572534,14.199448399905704,20000
2010-10-08,14.726655006408691,14.805736222374428,14.445478094506779,14.445478094506779,25000
2010-10-11,14.744230270385742,14.744230270385742,14.498199613006024,14.744230270385742,1000
2010-10-12,14.972684860229492,15.025405109470721,14.867242685800528,14.972684860229492,17300
2010-10-13,15.047523498535156,15.232424968989191,15.047523498535156,15.232424968989191,1100
2010-10-14,15.223623275756836,15.223623275756836,15.091548862809963,15.091548862809963,11700
2010-10-15,14.50162410736084,14.959477871084431,14.50162410736084,14.959477871084431,11300
2010-10-18,14.316720008850098,14.343135225623223,14.09659824059483,14.343135225623223,15200
2010-10-19,13.462651252746582,13.911699992928854,13.462651252746582,13.867675458454446,10300
2010-10-20,13.823650360107422,13.823650360107422,13.656358143566381,13.744406369225517,9600
2010-10-21,13.33057689666748,13.762015435644857,13.154478779804993,13.762015435644857,12900
2010-10-22,13.33057689666748,13.33057689666748,12.934356973424936,13.180894001153197,4700
2010-10-25,13.735600471496582,13.744404705207895,13.48025922051213,13.48025922051213,27400
2010-10-26,13.568305969238281,13.61233049182936,13.471452691296252,13.471452691296252,2100
2010-10-27,13.048820495605469,13.356991362355684,13.048820495605469,13.356991362355684,1100
2010-10-28,13.163283348083496,13.172088421528093,13.057624985842391,13.101649513367356,9400
2010-10-29,13.656354904174805,13.69157435402376,13.471452582543307,13.471452582543307,26400
2010-11-01,13.79723072052002,14.052571905149708,13.79723072052002,13.929303428546556,3200
2010-11-02,14.211063385009766,14.343137813307482,13.946917887206567,13.946917887206567,25000
2010-11-03,14.36074447631836,14.360744476318361,13.797233256165793,13.797233256165793,19700
2010-11-04,15.320479393005371,15.329284467940335,14.871430647700159,15.100357557820246,7600
2010-11-05,16.782085418701172,17.19591547398673,15.56701383199397,15.602232446407779,24400
2010-11-08,17.116674423217773,17.187113343502773,16.55316138154146,16.808503517197284,10400
2010-11-09,16.016063690185547,17.856282193405033,16.016063690185547,17.618550230735455,25200
2010-11-10,16.033674240112305,16.473917926170035,15.848772698078323,16.473917926170035,21400
2010-11-11,15.936824798583984,15.936824798583984,15.892799413977164,15.892799413977164,10000
2010-11-12,15.364496231079102,15.6550568249105,15.25003199991787,15.558202733834904,9400
2010-11-15,15.029911994934082,15.408521652820976,15.029911994934082,15.408521652820976,15200
2010-11-16,14.933060646057129,14.977086009390911,14.466403550490275,14.71293886757589,3400
2010-11-17,14.880228996276855,15.258838650354528,14.880228996276855,15.25003357939975,600
2010-11-18,15.514184951782227,15.628647546994978,15.10915997305304,15.10915997305304,11400
2010-11-19,15.144381523132324,15.153184917851704,15.144381523132324,15.153184917851704,7700
2010-11-22,15.408523559570312,15.408523559570312,15.408523559570312,15.408523559570312,7900
2010-11-23,16.05128288269043,16.28901485388328,15.672673079545422,15.672673079545422,2400
2010-11-24,16.14813804626465,16.19216174176869,16.06008897586023,16.19216174176869,11000
2010-11-26,15.760716438293457,15.82235025753385,15.760716438293459,15.813545186300134,4800
2010-11-29,16.746870040893555,16.746870040893555,16.068894368588396,16.130528215271344,20600
2010-11-30,16.94938087463379,16.94938087463379,16.746869194511454,16.746869194511454,17100
2010-12-01,17.6097412109375,17.6097412109375,17.22232643406605,17.26635179473087,20400
2010-12-02,17.37201499938965,17.85628404916352,17.34560145372316,17.85628404916352,20200
2010-12-03,17.389619827270508,17.865083656505877,17.389619827270508,17.424840116574977,7900
2010-12-06,18.472623825073242,18.472623825073242,17.662575412335993,17.662575412335993,6500
2010-12-07,17.812253952026367,18.921667919614308,17.812253952026367,18.912862846927588,37000
2010-12-08,17.116674423217773,17.62735701513309,17.01101520309211,17.62735701513309,6000
2010-12-09,16.561965942382812,17.213526354642298,16.403477956812292,17.213526354642298,5700
2010-12-10,16.183351516723633,16.183351516723633,16.1657430517634,16.1657430517634,9600
2010-12-13,16.782085418701172,16.80850063905856,16.262597840778138,16.306623208040456,11300
2010-12-14,16.817302703857422,17.090253214468145,16.64120462510459,16.64120462510459,5600
2010-12-15,16.597179412841797,16.764472404272716,16.597179412841797,16.764472404272716,7800
2010-12-16,15.910396575927734,16.773273256865018,15.848762767202976,16.773273256865018,40000
2010-12-17,16.1745548248291,16.526749460880005,15.857578812685038,15.857578812685038,28200
2010-12-20,16.368257522583008,16.509135343159617,16.024868044852038,16.165745865428644,21300
2010-12-21,16.324237823486328,16.509139378414247,16.324237823486328,16.50033430255151,8900
2010-12-22,15.866381645202637,15.989649330542818,15.769527504208918,15.989649330542818,29000
2010-12-23,16.385866165161133,16.517938899897914,15.928012450637418,15.928012450637418,17000
2010-12-27,16.253795623779297,16.35945484438144,16.253795623779297,16.35945484438144,1000
2010-12-28,16.385866165161133,16.74686575715977,16.3594509464554,16.3594509464554,3100
2010-12-29,17.01100730895996,17.23993411349946,16.509130024906103,16.561958770755048,13800
2010-12-30,16.667617797851562,17.081446048984947,16.588373840064982,17.081446048984947,11900
2010-12-31,16.808500289916992,17.07264577041996,16.773279996838724,16.78208507010829,10500
2011-01-03,16.729259490966797,16.817308561009046,16.729259490966797,16.808503486065188,1900
2011-01-04,16.52674102783203,17.222324869174635,16.280204068697785,16.89654562683558,36600
2011-01-05,16.597179412841797,16.667618301960776,16.10410718900895,16.385862745484864,25700
2011-01-06,16.086498260498047,16.83491256347224,16.024864437793532,16.711643238667502,9200
2011-01-07,15.96323299407959,16.22738017490559,15.928014377607141,16.09530742419066,11300
2011-01-10,16.183351516723633,16.30662084782007,15.963229750460606,15.98083989481664,5500
2011-01-11,16.377059936523438,16.482717445098196,16.377059936523438,16.465108979932946,6000
2011-01-12,16.280208587646484,16.58837945225534,16.253793366315634,16.58837945225534,2900
2011-01-13,15.29406452178955,16.315429614157033,15.294064521789553,16.315429614157033,49500
2011-01-14,15.15318489074707,15.197210261246063,14.915454607637171,15.197210261246063,18300
2011-01-18,15.179594993591309,15.47015562330581,15.135571317335863,15.47015562330581,13400
2011-01-19,14.677722930908203,15.46135606768989,14.677722930908203,15.46135606768989,23200
2011-01-20,14.466403007507324,14.52803683446536,14.299109991909921,14.52803683446536,9700
2011-01-21,14.087797164916992,14.528040826320648,14.026163321023887,14.466406982427543,12500
2011-01-24,13.867673873901367,14.307917488945854,13.762015507054457,14.123015976737305,17100
2011-01-25,13.69157600402832,13.717990384673817,13.110454591639261,13.60352694894597,14800
2011-01-26,13.999743461608887,14.17584153962489,13.682768432636239,13.682768432636239,11900
2011-01-27,13.409821510314941,13.97333369865728,13.348187666481518,13.97333369865728,16000
2011-01-28,13.735600471496582,13.850063067025806,13.24252727664832,13.286551803996952,14200
2011-01-31,13.348185539245605,13.656356388697306,13.348185539245605,13.559502261310652,40500
2011-02-01,13.577112197875977,13.577112197875977,13.30416080632604,13.50667329161109,38100
2011-02-02,13.260137557983398,13.550698265854725,13.128063974597687,13.515478811558141,15100
2011-02-03,14.642498016357422,14.800985944468575,13.295353986203962,13.55949941345877,23700
2011-02-04,15.15318489074707,15.232428878249092,14.65130742283171,15.091551051444645,25800
2011-02-07,14.739355087280273,15.241232507622339,14.739355087280273,15.241232507622339,55300
2011-02-08,15.144381523132324,15.153184917851704,15.056332461373009,15.153184917851704,19200
2011-02-09,14.933060646057129,15.179597642538635,14.80979298751432,15.117963813267233,13400
2011-02-10,14.475212097167969,14.827406691384502,14.475212097167969,14.827406691384502,10500
2011-02-11,14.140623092651367,14.475209148548672,14.078989261142905,14.395965171067518,21500
2011-02-14,14.351940155029297,14.43118413443686,14.23747756221615,14.23747756221615,16900
2011-02-15,14.800985336303711,14.800985336303711,14.484011172501381,14.484011172501381,4700
2011-02-16,14.968284606933594,14.968284606933594,14.642503555965959,14.836211843339912,10700
2011-02-17,15.276448249816895,15.434936162584084,14.950667353640394,14.950667353640394,14700
2011-02-18,15.399724960327148,15.62865189382055,15.31167588138407,15.31167588138407,14100
2011-02-22,15.267647743225098,15.417330630095776,14.959476896209466,15.417330630095776,4500
2011-02-23,15.135578155517578,15.461357537542881,15.135578155517578,15.45255246243458,14200
2011-02-24,14.827407836914062,15.390919231196037,14.827407836914062,15.390919231196037,11700
2011-02-25,14.994695663452148,15.082743028443227,14.82740264705659,15.082743028443227,16300
2011-02-28,15.188401222229004,15.214816437632734,15.082742040009814,15.082742040009814,3000
2011-03-01,15.558211326599121,15.813551781283195,15.047528737834652,15.047528737834652,13400
2011-03-02,15.8751802444458,16.068886768025898,15.778326142957965,15.857570102467,11500
2011-03-03,15.839966773986816,15.936820917136076,15.57582124826594,15.655065241861463,57200
2011-03-04,16.244993209838867,16.377065984025272,16.112918756256022,16.236188134306914,11500
2011-03-07,16.1745548248291,16.438700382018155,15.989651591279566,16.368261454807975,10900
2011-03-08,16.077699661254883,16.086504736528195,15.87518796815792,15.87518796815792,17200
2011-03-09,16.086498260498047,16.112911796288145,16.024864437793532,16.104108403955255,14100
2011-03-10,15.567009925842285,15.672667421967653,15.029912335785529,15.672667421967653,17700
2011-03-11,15.760716438293457,15.760716438293459,14.968278500610833,15.19720531450059,18300
2011-03-14,15.329286575317383,15.83116415983113,15.161993487347281,15.170798563492713,15800
2011-03-15,14.272698402404785,14.351942394175754,14.078991799962559,14.299113626127195,11000
2011-03-16,13.955723762512207,14.378357255027074,13.955723762512207,14.18465065747348,16900
2011-03-17,13.841259002685547,13.990941893683713,13.709185419023505,13.990941893683713,20100
2011-03-18,14.008550643920898,14.316721487178814,13.867672832042306,13.92930666481469,14300
2011-03-21,13.867673873901367,14.184649814140155,13.867673873901367,14.08779568142361,4700
2011-03-22,14.193449974060059,14.36954635147393,14.04376628989296,14.070180662535263,11500
2011-03-23,14.941869735717773,14.959479885785624,14.13182130595639,14.13182130595639,10500
2011-03-24,15.144381523132324,15.496576090773413,15.100356152554582,15.144381523132324,3800
2011-03-25,14.660113334655762,15.32047881531049,14.642503185449865,15.32047881531049,11300
2011-03-28,14.466403007507324,14.660109560717697,14.466403007507324,14.589670661423396,9300
2011-03-29,14.41357707977295,14.46640584475585,14.351941561330712,14.387161857583418,9000
2011-03-30,14.351940155029297,14.40477059423167,14.351940155029297,14.351940155029297,14700
2011-03-31,13.982138633728027,14.448796674586797,13.973333559068886,14.448796674586797,24100
2011-04-01,13.841259002685547,13.894087764391942,13.63874651028296,13.894087764391942,28000
2011-04-04,13.823650360107422,13.929308734717255,13.647553069091032,13.84126050905812,12000
2011-04-05,14.404769897460938,14.40476989746094,13.762013859788686,13.797233311188675,14300
2011-04-06,14.096600532531738,14.457600156812887,14.034965856404632,14.404771394073133,27100
2011-04-07,13.656354904174805,14.0349637801266,13.656354904174805,14.0349637801266,18700
2011-04-08,13.682770729064941,13.911697597149075,13.67396565574678,13.814843470045322,23900
2011-04-11,13.0224027633667,13.497865712223376,12.987183316773532,13.497865712223376,33600
2011-04-12,12.643796920776367,12.934357653294972,12.467699634355712,12.86391873872671,29600
2011-04-13,12.546605110168457,12.847016920676648,12.537769270416556,12.829346083804902,12700
2011-04-14,13.085577964782715,13.085577964782715,12.617288625823488,12.617288625823488,27000
2011-04-15,13.518524169921875,13.642222543068485,13.103249013680617,13.103249013680617,40100
2011-04-18,13.456674575805664,13.589209634703336,13.359482873386302,13.359482873386302,15000
2011-04-19,13.58037281036377,13.606879483167516,13.359481904191362,13.598044487320891,13400
2011-04-20,14.084002494812012,14.128180840457487,13.757084085246474,13.757084085246474,20700
2011-04-21,14.746676445007324,14.799689787296922,14.216537966320054,14.216537966320054,13900
2011-04-25,14.322569847106934,14.835038521129745,14.31373569124012,14.80853099773617,37400
2011-04-26,14.163524627685547,14.163524627685547,13.916126221497304,14.145852951829864,700
2011-04-27,14.2430419921875,14.2430419921875,13.783588644154243,13.827766137699868,9100
2011-04-28,14.278388977050781,14.587636603036447,14.163526439820439,14.163526439820439,11100
2011-04-29,14.84386920928955,15.055925976370359,14.207703963839078,14.207703963839078,28900
2011-05-02,14.45510196685791,14.737842067437168,14.45510196685791,14.508115314400538,17900
2011-05-03,14.07517147064209,14.47277416572651,13.960308076611613,14.402089129804999,22800
2011-05-04,13.880786895751953,14.410924653522676,13.792430181474128,14.022156964490813,13200
2011-05-05,13.29763412475586,13.695237629339307,13.262291609740265,13.562703408688833,20400
2011-05-06,13.818934440612793,14.030989493684446,13.70407107620768,13.880783620434057,19000
2011-05-09,14.154687881469727,14.234208732453776,13.810097808082785,13.810097808082785,59300
2011-05-10,13.933797836303711,14.137017051962367,13.86311197582257,14.137017051962367,17600
2011-05-11,13.006056785583496,13.871948732930875,12.855850902042512,13.871948732930875,23300
2011-05-12,13.006056785583496,13.209276014708395,12.61728831901909,12.997220947108865,23700
2011-05-13,12.599617958068848,12.953043084012897,12.493590420285633,12.926536410225085,20300
2011-05-16,12.458247184753418,12.785165617938953,12.449411346459557,12.475918018709217,21800
2011-05-17,12.149001121520996,12.369892051003196,12.042973576485384,12.369892051003196,27000
2011-05-18,12.652628898620605,12.829342270606816,12.44057386339532,12.44057386339532,6200
2011-05-19,12.93537425994873,12.961880937857238,12.811675025322202,12.92653841976853,13400
2011-05-20,13.032562255859375,13.085576439183601,13.006055585513192,13.032562255859375,9300
2011-05-23,13.067904472351074,13.067904472351074,13.067904472351074,13.067904472351074,700
2011-05-24,13.165098190307617,13.359482431346533,13.165098190307617,13.23578321566141,10900
2011-05-25,13.12092113494873,13.235783673144793,13.12092113494873,13.218112837511551,2300
2011-05-26,13.368318557739258,13.368318557739258,13.041400097787635,13.041400097787635,5000
2011-05-27,13.271126747131348,13.368318447624945,13.271126747131348,13.359482608680443,1600
2011-05-31,13.324138641357422,13.324138641357422,13.279960294088443,13.29763197004879,2000
2011-06-01,13.439002990722656,13.854278137231475,13.23578291546568,13.324139616469923,12700
2011-06-02,13.173933029174805,13.377153093615632,13.103248009186318,13.377153093615632,8100
2011-06-03,13.924962043762207,13.960304552801933,13.59804362448677,13.59804362448677,2600
2011-06-06,13.571537971496582,13.642222999267503,13.55386713586985,13.642222999267503,10600
2011-06-07,13.403656959533691,13.712904489219417,13.403656959533691,13.712904489219417,2900
2011-06-08,13.34181022644043,13.350645221728534,13.30646771739236,13.350645221728534,12300
2011-06-09,13.721741676330566,13.730577514049829,13.598043318788337,13.598043318788337,3100
2011-06-10,13.721741676330566,13.721741676330566,13.721741676330566,13.721741676330566,0
2011-06-13,13.439002990722656,13.536194687721764,13.439002990722656,13.492017179851592,1100
2011-06-14,13.536192893981934,13.536192893981934,13.500850386790017,13.500850386790017,1600
2011-06-15,13.642220497131348,13.65105633464012,13.536192974921605,13.59804299485117,3400
2011-06-16,13.67756462097168,13.72174297110477,13.67756462097168,13.72174297110477,7000
2011-06-17,13.368318557739258,13.712908695725446,13.368318557739258,13.695237017690879,8300
2011-06-20,13.377153396606445,13.377153396606445,13.350645881536442,13.377153396606445,9100
2011-06-21,14.101677894592285,14.172363771873382,13.695238524044393,13.695238524044393,11800
2011-06-22,14.63181209564209,14.640647933482143,13.951468591963607,13.951468591963607,12700
2011-06-23,14.481606483459473,14.481606483459473,14.101674718451607,14.190030570546321,12200
2011-06-24,14.057496070861816,14.128181088080723,14.048660233051486,14.128181088080723,8800
2011-06-27,14.137018203735352,14.137018203735352,13.916127294301987,13.916127294301987,7900
2011-06-28,14.066330909729004,14.066330909729004,14.030988403629456,14.030988403629456,6000
2011-06-29,14.67599105834961,14.923387772998062,14.569962691169042,14.569962691169042,22000
2011-06-30,14.67599105834961,14.67599105834961,14.67599105834961,14.67599105834961,0
2011-07-01,14.516949653625488,14.516949653625488,14.516949653625488,14.516949653625488,1400
2011-07-05,15.5507230758667,15.656749787156121,14.826201036086962,14.861542711428704,7500
2011-07-06,14.835033416748047,15.294485200632918,14.835033416748047,15.285649362541928,15000
2011-07-07,14.384418487548828,14.835036203247071,14.322567609294309,14.835036203247071,5000
2011-07-08,14.84386920928955,14.84386920928955,14.304896508312451,14.304896508312451,11400
2011-07-11,14.702497482299805,14.96756756836645,14.702497482299805,14.958731730304516,17100
2011-07-12,14.78201961517334,14.78201961517334,14.516951191497027,14.720170428666464,1800
2011-07-13,15.471205711364746,15.559562447670277,14.87921776896164,14.87921776896164,4500
2011-07-14,15.851134300231934,16.08086107968621,15.63024336059484,15.63024336059484,2400
2011-07-15,16.390106201171875,16.390106201171875,15.90414683315336,15.921818511875788,5100
2011-07-18,16.955583572387695,17.079281919714706,16.593322682132666,16.593322682132666,31600
2011-07-19,16.831880569458008,16.999758072107426,16.68167473766922,16.99092223667711,17800
2011-07-20,17.096960067749023,17.096960067749023,16.540313923466762,16.6640140028985,6400
2011-07-21,16.973257064819336,17.335519715118267,16.805381183154097,16.87606620839839,2800
2011-07-22,16.708187103271484,16.999763016218974,16.690515427271325,16.920242159482044,3300
2011-07-25,16.566816329956055,17.008598098754884,16.469623801535928,16.80537888957071,6000
2011-07-26,16.690519332885742,16.805383568501448,16.690519332885742,16.699355172953425,4800
2011-07-27,16.496129989624023,16.496129989624023,16.496129989624023,16.496129989624023,6600
2011-07-28,16.213394165039062,16.213394165039062,15.639078099465648,16.027844912468694,11600
2011-07-29,15.683257102966309,16.08086147827394,15.683257102966309,16.08086147827394,15500
2011-08-01,15.312155723571777,15.409348249988756,15.312155723571777,15.409348249988756,1400
2011-08-02,16.66400718688965,16.78770553046135,15.780443737917999,15.780443737917999,22200
2011-08-03,17.149967193603516,17.31784472845521,17.00859717012744,17.00859717012744,4900
2011-08-04,15.77160930633545,16.743529523848185,15.488869247116547,16.584487819221632,6800
2011-08-05,15.117776870727539,15.550722922289355,14.729008334222657,15.550722922289355,9300
2011-08-08,16.0720157623291,16.478454042661152,15.294479169565761,15.320986673386034,22000
2011-08-09,16.840723037719727,16.93791558046984,16.001338564402026,16.186886125727934,14400
2011-08-10,16.840723037719727,16.840723037719727,16.469626229803957,16.8053813673422,14100
2011-08-11,16.31058692932129,16.593328760774174,16.16921685622695,16.292916934132652,14800
2011-08-12,16.257570266723633,16.266406105153003,16.001337693327407,16.186885244552553,4300
2011-08-15,16.3282527923584,16.3282527923584,16.107361921189273,16.151541106581263,4100
2011-08-16,16.52264404296875,16.628670757202784,16.469629000587496,16.496136521778123,2400
2011-08-17,16.619829177856445,16.717021703396547,16.443117486731488,16.52263833758,3900
2011-08-18,16.34592628479004,16.487296323242795,16.34592628479004,16.478460485181525,2700
2011-08-19,16.14270782470703,16.26640619285741,16.14270782470703,16.26640619285741,3300
2011-08-22,16.610994338989258,16.672845204127654,16.354761781613778,16.354761781613778,8500
2011-08-23,16.001338958740234,16.29291490891225,15.851133064090167,16.248735713271643,11200
2011-08-24,15.60373306274414,15.7804464570939,15.161951262133574,15.7804464570939,3900
2011-08-25,16.010169982910156,16.22222500241886,15.338661578500854,15.630237440983256,23100
2011-08-26,16.354764938354492,16.41661413016705,16.027845614862855,16.16921567765273,3500
2011-08-29,16.080856323242188,16.54914389819228,16.080856323242188,16.398938036256833,4300
2011-08-30,17.335521697998047,17.335521697998047,16.504971292429243,16.504971292429243,3600
2011-08-31,16.96442222595215,17.167641454661982,16.955586387495565,17.070448916903423,6700
2011-09-01,17.194143295288086,17.194143295288086,17.18530914414512,17.18530914414512,3100
2011-09-02,17.450380325317383,17.715448719444552,17.344351956508266,17.61825787373859,2900
2011-09-06,17.24715805053711,17.485720574080254,17.22948637799389,17.485720574080254,1800
2011-09-07,17.22949981689453,17.22949981689453,16.59333427650451,16.59333427650451,10600
2011-09-08,17.697776794433594,17.724282619790632,17.37969340804062,17.37969340804062,20700
2011-09-09,16.602157592773438,17.547570189481267,16.602157592773438,17.309007659864292,6300
2011-09-12,17.114633560180664,17.22949612617214,16.708193288046292,16.717029129317083,17600
2011-09-13,17.31784439086914,17.31784439086914,17.0085968385697,17.0085968385697,21900
2011-09-14,16.770038604736328,16.823053640073308,16.57565519762611,16.6993535762177,9100
2011-09-15,16.019012451171875,16.611000319966955,15.886478205825231,16.611000319966955,26500
2011-09-16,16.178050994873047,16.178050994873047,15.259145616408764,16.08086013313319,18700
2011-09-19,15.44469165802002,16.05435102709719,15.267979945351296,16.05435102709719,13600
2011-09-20,15.886476516723633,16.089695783665846,15.206131994945766,15.418188787271069,9700
2011-09-21,15.462361335754395,16.04551311416747,15.453525498473756,16.001335613027916,8000
2011-09-22,14.605306625366211,14.729004987631344,14.154688996061216,14.720169149574721,30400
2011-09-23,13.58037281036377,14.145853833512628,12.997220952889723,14.084003806794637,64500
2011-09-26,13.014892578125,13.686401175928106,12.679139121855433,13.677565336912593,17300
2011-09-27,13.29763412475586,13.907292719432874,13.29763412475586,13.82777184998978,16400
2011-09-28,12.431741714477539,13.385990498726489,12.431741714477539,13.385990498726489,15800
2011-09-29,12.793999671936035,12.829343022510129,12.352217901342136,12.72331465605156,204500
2011-09-30,13.324138641357422,13.324138641357422,12.467081737814064,12.467081737814064,5500
2011-10-03,13.014892578125,13.6245519880835,13.014892578125,13.447839420933205,3600
2011-10-04,12.361053466796875,12.652629361557835,11.92810754337991,12.652629361557835,4900
2011-10-05,13.041399955749512,13.103249142932905,12.767494847620808,12.767494847620808,5400
2011-10-06,14.119346618652344,14.119346618652344,13.06790625364647,13.06790625364647,15700
2011-10-07,13.774757385253906,14.437430120200963,13.774757385253906,14.437430120200963,5500
2011-10-10,13.076741218566895,13.571536353991862,13.076741218566895,13.571536353991862,600
2011-10-11,14.251883506774902,14.251883506774902,13.615718170582879,13.624554010910241,10300
2011-10-12,14.695588111877441,14.722211164307039,14.526980524318036,14.704462462687307,9500
2011-10-13,14.775456428527832,14.775456428527832,14.544728371995303,14.544728371995303,1200
2011-10-14,15.094931602478027,15.121554665784776,15.086057248042446,15.086057248042446,1500
2011-10-17,15.13929271697998,15.343399362912052,15.103797012867252,15.343399362912052,8700
2011-10-18,15.316781997680664,15.316781997680664,14.775458345113579,14.86420017723092,9600
2011-10-19,14.003402709960938,14.961811294814625,14.003402709960938,14.961811294814625,3200
2011-10-20,14.198637962341309,14.198637962341309,13.604069929963885,13.843672351804685,11700
2011-10-21,14.482610702514648,14.784331899867835,14.367247511813524,14.58910123383148,7000
2011-10-24,15.316781997680664,15.618503211313826,14.562478963597759,14.562478963597759,4900
2011-10-25,16.053335189819336,16.23969150071812,14.97956231320926,15.08605284272967,5900
2011-10-26,16.39055061340332,16.54141119588118,16.355054901848796,16.479292431203717,5600
2011-10-27,16.71889305114746,16.727767401243444,16.50591372667154,16.523662426863503,13700
2011-10-28,16.86975860595703,16.923003029668113,16.37280670189761,16.37280670189761,9600
2011-10-31,16.310680389404297,16.31955473894511,16.186442881051107,16.257435984768517,5300
2011-11-01,15.929096221923828,16.017836347194976,15.361149603053995,15.441017069885543,8600
2011-11-02,16.381677627563477,16.381677627563477,15.866977072558793,16.34618191305084,4100
2011-11-03,15.849230766296387,16.576910718559603,15.840356414121274,16.56803636638449,3900
2011-11-04,14.970687866210938,15.671744652085831,14.846448647838553,15.432142258734812,13100
2011-11-07,14.855323791503906,14.997310026414072,14.651218790396722,14.997310026414072,13600
2011-11-08,15.103800773620605,15.165919540741848,14.890821418086583,14.890821418086583,11800
2011-11-09,14.38499641418457,14.899698741832086,14.234137488286253,14.899698741832086,5800
2011-11-10,14.109895706176758,14.589100535241723,14.06552564094163,14.589100535241723,12400
2011-11-11,14.695588111877441,14.695588111877441,14.535853182518554,14.597973638187614,6000
2011-11-14,14.464860916137695,14.748835080863255,14.464860916137695,14.58910014214558,10300
2011-11-15,14.624598503112793,14.802082176629256,14.624598503112793,14.64234720898639,8600
2011-11-16,14.535855293273926,14.837576494184985,14.50035957748947,14.606848417452435,9700
2011-11-17,13.843667984008789,14.216382180630106,13.754926186221045,14.18975913351108,8200
2011-11-18,13.586318016052246,13.879164768884385,13.586318016052246,13.746052069948718,5200
2011-11-21,13.151488304138184,13.462083851920184,12.867515812203633,13.462083851920184,14300
2011-11-22,13.541947364807129,13.595191768314443,13.444331214536163,13.444331214536163,12400
2011-11-23,13.000624656677246,13.533073800463207,13.000624656677246,13.533073800463207,9200
2011-11-25,13.213605880737305,13.320095548766247,13.213605880737305,13.213605880737305,9900
2011-11-28,13.666190147399902,13.896918241833827,13.541952593708452,13.541952593708452,12600
2011-11-29,13.994528770446777,14.243003777347047,13.737177721746882,13.737177721746882,10600
2011-11-30,14.908570289611816,15.245788914099967,14.784332739858112,14.846451514734964,14000
2011-12-01,14.944070816040039,15.325659589985401,14.917447752993844,15.00618960387114,5200
2011-12-02,15.112671852111816,15.112671852111816,15.112671852111816,15.112671852111816,1600
2011-12-05,14.997304916381836,15.130416754678734,14.988430568147528,15.032802309319065,6300
2011-12-06,14.87307071685791,14.873070716857908,14.766580207094968,14.766580207094968,8200
2011-12-07,14.651219367980957,15.015059320857832,14.642345016373046,15.015059320857832,10600
2011-12-08,14.21638298034668,14.509229744693487,14.21638298034668,14.509229744693487,4200
2011-12-09,14.03890323638916,14.118770711598723,13.976784465139406,14.065526292328872,11300
2011-12-12,14.491483688354492,14.500358039511749,13.311222066190021,13.95016096233246,24500
2011-12-13,13.95903491973877,14.358372271714806,13.932412711708613,14.340623568824878,4000
2011-12-14,14.012279510498047,14.012279510498047,13.337844066491558,13.595194321927627,11200
2011-12-15,13.781551361083984,13.781551361083984,13.630690780071923,13.737180452614904,8900
2011-12-16,14.455986976623535,14.731085073036274,14.207510239232139,14.207510239232139,1300
2011-12-19,14.20750904083252,14.535851520201636,14.189760341242525,14.535851520201636,2800
2011-12-20,15.130423545837402,15.228039727620102,14.18088986249172,14.633471669925662,23300
2011-12-21,15.254661560058594,15.254661560058594,14.917442973295097,15.121549672698048,17800
2011-12-22,14.864200592041016,15.112677390381794,14.731088686455129,15.094928684941086,5700
2011-12-23,14.908570289611816,14.908570289611816,14.642346485108261,14.642346485108261,9900
2011-12-27,14.509231567382812,14.509231567382812,14.455987156069895,14.455987156069895,9000
2011-12-28,14.429364204406738,15.086050923861716,14.269629276748356,15.086050923861716,18500
2011-12-29,14.677845001220703,14.88195004622873,14.092150386782455,14.092150386782455,16800
2011-12-30,15.103800773620605,15.494262079128253,14.970688887988024,14.970688887988024,1000
2012-01-03,15.973468780517578,16.000091837824584,15.556384371699096,15.556384371699096,2800
2012-01-04,16.115446090698242,16.32842535312846,16.062201698242866,16.07107604575355,1700
2012-01-05,15.769362449645996,15.787111153051143,15.591878800813559,15.627376207623854,1500
2012-01-06,15.671747207641602,16.00896582200124,15.662872855410072,16.00896582200124,2200
2012-01-09,15.086053848266602,15.316781933765014,14.979563311648235,15.316781933765014,1700
2012-01-10,15.12154769897461,15.405520139641112,15.12154769897461,15.405520139641112,400
2012-01-11,14.988435745239258,15.165919386011563,14.988435745239258,15.121549322123206,1000
2012-01-12,15.112671852111816,15.618497923536308,15.032804399506992,15.414392963594688,15400
2012-01-13,14.722211837768555,14.926316837904123,14.722211837768555,14.926316837904123,800
2012-01-17,14.970687866210938,15.299030382187361,14.96181351542653,15.121548444327207,10000
2012-01-18,15.485383987426758,15.485383987426758,14.84644445238196,14.855318800658567,2700
2012-01-19,15.591873168945312,15.804852455049264,15.520880073577327,15.547503119068661,5500
2012-01-20,15.529754638671875,15.662866482767276,15.529754638671875,15.662866482767276,700
2012-01-23,15.795985221862793,16.05333636637627,15.795985221862793,16.05333636637627,2000
2012-01-24,15.49425983428955,15.49425983428955,15.245784801804135,15.42326672606383,2000
2012-01-25,16.798763275146484,16.798763275146484,15.49426237062107,15.49426237062107,4500
2012-01-26,17.774917602539062,17.88140642198611,17.144852265808513,17.144852265808513,18600
2012-01-27,18.174253463745117,18.280743977262567,17.597434221432923,17.597434221432923,2800
2012-01-30,18.156511306762695,18.156511306762695,17.68618240845023,17.68618240845023,1900
2012-01-31,18.218626022338867,18.63571035913246,18.165379916919743,18.63571035913246,3200
2012-02-01,17.721677780151367,18.2541271438959,17.721677780151367,18.2541271438959,12200
2012-02-02,17.961275100708008,17.961275100708008,17.659553937468267,17.757170105754472,2800
2012-02-03,17.39333152770996,17.863660318433222,17.39333152770996,17.81041590096841,18200
2012-02-06,16.852001190185547,17.331205833726848,16.71001500527157,17.331205833726848,4400
2012-02-07,17.13597869873047,17.153727400319383,16.77213877920441,16.860880594539648,1200
2012-02-08,17.091604232788086,17.091604232788086,16.914120647855892,16.914120647855892,2000
2012-02-09,16.443801879882812,16.860886354037863,16.417178818405286,16.834263292560337,3500
2012-02-10,16.34617805480957,16.497038614251608,16.284059299617404,16.38167376094404,5600
2012-02-13,16.47041893005371,16.585783806929996,16.47041893005371,16.479293281552618,900
2012-02-14,16.417171478271484,16.568032040641047,16.346178372015757,16.497038934385323,2000
2012-02-15,16.497045516967773,16.505919870366892,16.497045516967773,16.505919870366892,300
2012-02-16,17.03836441040039,17.206971999499657,16.434922090693178,16.434922090693178,5300
2012-02-17,16.665651321411133,17.056112632727597,16.665651321411133,17.056112632727597,4900
2012-02-21,17.757171630859375,17.80154169701333,17.082736131140177,17.082736131140177,5300
2012-02-22,17.659549713134766,17.83703330527038,17.588556614802314,17.650675364267087,1800
2012-02-23,17.84591293334961,17.854787284842516,17.7127993535655,17.73054805655131,20400
2012-02-24,17.482074737548828,17.96127791793357,17.38445855395153,17.872536086718725,1700
2012-02-27,17.774917602539062,17.996771284431222,17.50869216870291,17.50869216870291,14900
2012-02-28,17.21584701538086,17.757170592370553,17.20697266414716,17.73054753866945,5800
2012-02-29,16.43492889404297,17.05611848006827,16.426054539478457,17.020622754420284,17300
2012-03-01,16.639026641845703,16.674524044467447,16.479291715266495,16.674524044467447,1200
2012-03-02,16.230819702148438,16.479294796522602,16.230819702148438,16.417176022929063,1100
2012-03-05,15.476517677307129,15.955720884869287,15.476517677307129,15.955720884869287,3700
2012-03-06,15.45876407623291,15.45876407623291,14.739958646207798,15.281280459940909,3100
2012-03-07,15.476517677307129,15.636252644031096,15.263538285878422,15.432145912878392,1600
2012-03-08,15.574127197265625,15.778233863197972,15.574127197265625,15.645120305056684,300
2012-03-09,15.14816665649414,15.627371343624151,15.14816665649414,15.157041005434584,3600
2012-03-12,15.165916442871094,15.165916442871094,14.58022291163704,14.668964714801708,31800
2012-03-13,15.210289001464844,15.281282117158833,15.210289001464844,15.281282117158833,200
2012-03-14,14.500358581542969,14.864198529543941,14.438239813729554,14.864198529543941,900
2012-03-15,14.642343521118164,14.76658104572297,14.47373424300498,14.47373424300498,2400
2012-03-16,14.464860916137695,14.553602736826342,14.154266236336879,14.189762795351392,2500
2012-03-19,15.13929271697998,15.405518114566103,15.050550917784607,15.130418367799539,5900
2012-03-20,14.855323791503906,14.8819468452781,14.509232555486557,14.509232555486557,1500
2012-03-21,14.855323791503906,14.855323791503906,14.855323791503906,14.855323791503906,0
2012-03-22,14.784330368041992,14.819827772339522,14.562476669010618,14.757707314818843,3700
2012-03-23,15.281283378601074,15.281283378601074,14.873073352815982,14.873073352815982,2900
2012-03-26,15.49425983428955,15.822604017714266,15.485387176794397,15.778233959801646,1500
2012-03-27,15.520886421203613,15.520886421203613,15.520886421203613,15.520886421203613,500
2012-03-28,15.086053848266602,15.77823810476184,14.917444537208212,15.77823810476184,1700
2012-03-29,15.272409439086914,15.272409439086914,14.731087507351427,15.015060001234222,4800
2012-03-30,16.204193115234375,16.204193115234375,15.698366991752344,15.769360102195273,1100
2012-04-02,16.612409591674805,16.71002579154244,16.612409591674805,16.71002579154244,300
2012-04-03,15.609626770019531,16.701146588953655,15.538633652347624,16.656776525137253,4100
2012-04-04,15.12154769897461,15.378897088600155,15.12154769897461,15.378897088600155,14200
2012-04-05,15.378900527954102,15.378900527954102,15.23691427586689,15.325656106573806,1100
2012-04-09,15.050554275512695,15.228037913499447,15.050554275512695,15.228037913499447,500
2012-04-10,15.831478118896484,15.831478118896484,15.086049647942362,15.210287162231653,3000
2012-04-11,15.661918640136719,15.786858185344869,15.661918640136719,15.786858185344869,4200
2012-04-12,16.34015655517578,16.34908093039604,15.76901015828351,16.018887557999143,3100
2012-04-13,16.04566192626953,16.429401620413326,16.04566192626953,16.429401620413326,2700
2012-04-16,15.590526580810547,16.072432645955924,15.545906405364013,16.072432645955924,1800
2012-04-17,15.769012451171875,16.21522106416242,15.652998960740675,15.652998960740675,70400
2012-04-18,15.71546459197998,15.97426464801535,15.706540217337325,15.97426464801535,2000
2012-04-19,16.143827438354492,16.20629637060699,15.947496265253683,15.947496265253683,2000
2012-04-20,15.733311653137207,16.19736892206643,15.733311653137207,16.19736892206643,1200
2012-04-23,15.420969009399414,15.420969009399414,15.376347130479909,15.376347130479909,1600
2012-04-24,15.340652465820312,15.572681146936851,15.278183532856392,15.572681146936851,1400
2012-04-25,15.876104354858398,15.876104354858398,15.117549320378075,15.349578019286815,3500
2012-04-26,16.438322067260742,16.438322067260742,16.286611101245317,16.286611101245317,400
2012-04-27,16.482942581176758,16.482942581176758,16.482942581176758,16.482942581176758,400
2012-04-30,16.233062744140625,16.295531650396274,15.876096349715466,15.876096349715466,1200
2012-05-01,17.348590850830078,17.36643790120193,16.65250482180593,16.688202326851094,2600
2012-05-02,17.205806732177734,17.23257816269645,16.94700488949034,16.94700488949034,1900
2012-05-03,16.938077926635742,17.428908404424252,16.938077926635742,17.22365115625415,7400
2012-05-04,17.1254825592041,17.15225397959746,17.1254825592041,17.15225397959746,400
2012-05-07,16.34908103942871,16.625729864499572,16.340156664148935,16.625729864499572,4500
2012-05-08,15.920719146728516,16.125974644738672,15.66191740407633,15.885021650300496,1900
2012-05-09,16.15275001525879,16.170598765957052,15.608375034015612,15.608375034015612,3900
2012-05-10,15.974266052246094,16.045659353512814,15.893948375552213,15.938570252688018,7900
2012-05-11,15.920719146728516,16.152747767059687,15.920719146728516,16.009961185648244,18600
2012-05-14,15.010457992553711,15.403122062292393,15.010457992553711,15.403122062292393,7600
2012-05-15,14.323294639587402,15.081849560851206,14.296523214346152,15.037229384015363,8000
2012-05-16,14.118040084838867,14.350068765257994,13.850315600897977,14.350068765257994,7000
2012-05-17,15.010457992553711,15.010457992553711,14.28760049088203,14.28760049088203,4200
2012-05-18,15.697617530822754,15.8047066337502,15.108622358269988,15.23356021240221,2900
2012-05-21,15.51020622253418,15.75115921346105,15.501283550707518,15.75115921346105,600
2012-05-22,15.51913833618164,16.063513505213347,15.51913833618164,16.063513505213347,33000
2012-05-23,15.367423057556152,15.554831548410238,14.965836352269976,15.554831548410238,6800
2012-05-24,15.911796569824219,16.732820356748007,15.911796569824219,16.518640460439695,1800
2012-05-25,16.125974655151367,16.19736794590319,16.099203234963383,16.19736794590319,4000
2012-05-29,16.09027671813965,16.286607816024542,16.054579226442346,16.286607816024542,1600
2012-05-30,16.125974655151367,16.375852023857895,15.893946034670373,15.929643531121442,3300
2012-05-31,16.054590225219727,16.06351460425802,15.831485855716142,15.938576702024415,8500
2012-06-01,16.697126388549805,17.134412350939378,16.2598421283111,16.2598421283111,55700
2012-06-04,16.402624130249023,16.500790547445934,16.402624130249023,16.45617037716573,2100
2012-06-05,16.625728607177734,16.625728607177734,16.625728607177734,16.625728607177734,400
2012-06-06,16.197376251220703,16.804220384849888,16.099211489946235,16.76852457224586,501800
2012-06-07,15.51913833618164,16.607888674245054,15.483442524621982,16.500797835263796,149300
2012-06-08,15.786859512329102,15.822555312424422,15.233560142571609,15.358497996131117,56800
2012-06-11,15.412044525146484,15.742237916073762,15.15324273568669,15.742237916073762,80200
2012-06-12,15.49236011505127,15.679766873467022,15.394193697509461,15.679766873467022,201900
2012-06-13,15.447744369506836,15.688697470596718,15.376351047200693,15.679773092539566,58900
2012-06-14,15.438813209533691,15.635146036244386,15.438813209533691,15.635146036244386,900
2012-06-15,15.331722259521484,15.394191168731739,15.331722259521484,15.394191168731739,2300
2012-06-18,15.465591430664062,15.510211613908584,15.296031670463284,15.296031670463284,3900
2012-06-19,15.572675704956055,15.572675704956055,15.572675704956055,15.572675704956055,600
2012-06-20,15.474513053894043,15.679768583732924,15.474513053894043,15.679768583732924,3500
2012-06-21,14.59994125366211,14.965832052128198,14.59994125366211,14.965832052128198,2900
2012-06-22,14.617793083190918,14.617793083190918,14.510703971691028,14.510703971691028,200
2012-06-25,14.617793083190918,14.733808273158324,14.332219849656896,14.358992978607237,1000
2012-06-26,13.886011123657227,13.886011123657227,13.886011123657227,13.886011123657227,400
2012-06-27,13.877086639404297,13.984176593629133,13.877086639404297,13.894934539570786,1000
2012-06-28,12.51169204711914,13.662910430608054,12.252890190486427,13.662910430608054,6600
2012-06-29,13.752145767211914,13.903856724563033,13.350558289372257,13.430875955155223,3900
2012-07-02,14.04664421081543,14.04664421081543,14.04664421081543,14.04664421081543,100
2012-07-03,14.64456558227539,14.64456558227539,14.64456558227539,14.64456558227539,300
2012-07-05,15.001526832580566,15.001526832580566,14.287594030552665,14.287594030552665,3800
2012-07-06,14.537476539611816,14.724883328579597,14.42146135412166,14.724883328579597,25500
2012-07-09,14.635639190673828,14.715956860858018,14.635639190673828,14.707032486154173,1100
2012-07-10,14.42146110534668,14.42146110534668,14.42146110534668,14.42146110534668,100
2012-07-11,14.42146110534668,14.608869593232274,14.403612353709834,14.403612353709834,2600
2012-07-12,13.877086639404297,14.109115299095759,13.662906730954626,14.109115299095759,2100
2012-07-13,13.841387748718262,13.868160020174392,13.832463374541163,13.859235645997295,1300
2012-07-16,13.63613510131836,13.734301541776125,13.63613510131836,13.734301541776125,3400
2012-07-17,13.377333641052246,13.645058971613755,13.377333641052246,13.645058971613755,3400
2012-07-18,13.350560188293457,13.395181214639031,13.350560188293457,13.377332463670687,700
2012-07-19,13.439804077148438,13.546894044363414,13.421955323741573,13.511197388625089,6800
2012-07-20,13.261319160461426,13.261319160461426,13.234546883015186,13.243471259189052,700
2012-07-23,12.859729766845703,12.93112306393952,12.708018797752535,12.904350790298146,900
2012-07-24,12.966819763183594,13.073909709243013,12.913275215691502,12.948971864377976,3800
2012-07-25,13.180999755859375,13.448724180226238,13.172075381427096,13.448724180226238,4500
2012-07-26,13.341636657714844,13.341636657714844,12.324281618199713,13.109607986884068,3500
2012-07-27,14.448236465454102,14.644567657346077,13.796771398320324,13.796771398320324,2100
2012-07-30,14.582098007202148,14.653491319145639,14.412538253029801,14.412538253029801,1300
2012-07-31,14.073415756225586,14.448230944542287,14.073415756225586,14.421457823180289,1700
2012-08-01,14.207280158996582,14.341142382237118,13.850313662971645,13.850313662971645,1400
2012-08-02,14.082340240478516,14.180506656691714,14.082340240478516,14.180506656691714,500
2012-08-03,14.251901626586914,14.278673901851807,14.126962923558608,14.126962923558608,1200
2012-08-06,14.27867603302002,14.27867603302002,14.27867603302002,14.27867603302002,100
2012-08-07,14.760583877563477,14.796279686666301,14.448237462696401,14.519630783053072,11100
2012-08-08,15.081844329833984,15.11754182064178,14.8944376095432,14.8944376095432,1600
2012-08-09,15.349574089050293,15.36742113658826,15.349574089050293,15.36742113658826,2400
2012-08-10,15.385266304016113,15.385266304016113,15.13538897301026,15.13538897301026,3800
2012-08-13,15.322800636291504,15.349573760250639,15.313876261638459,15.313876261638459,400
2012-08-14,15.287108421325684,15.367426118812679,15.1264747285027,15.1264747285027,3000
2012-08-15,15.260331153869629,15.260331153869629,15.251406779545247,15.260331153869629,500
2012-08-16,15.84040355682373,15.84040355682373,15.697616956708913,15.697616956708913,500
2012-08-17,15.965347290039062,15.974271668603926,15.965347290039062,15.974271668603926,200
2012-08-20,16.143827438354492,16.143827438354492,15.804707945911309,15.885025630850445,6600
2012-08-21,16.741744995117188,16.902380345411945,16.6078827705884,16.6078827705884,1300
2012-08-22,16.714975357055664,16.714975357055664,16.34908440599418,16.54541729827656,2900
2012-08-23,17.036243438720703,17.161181294365495,16.99162326231917,17.054092190141564,17700
2012-08-24,17.071943283081055,17.16118535917267,16.884536455224588,16.947005397843412,3900
2012-08-27,16.929149627685547,16.98269587244451,16.929149627685547,16.946998375938534,1500
2012-08-28,16.38477897644043,16.55433700481537,16.38477897644043,16.55433700481537,5000
2012-08-29,16.4561767578125,16.482948189500704,16.429403623973247,16.482948189500704,6500
2012-08-30,16.402624130249023,16.41154850473514,16.402624130249023,16.41154850473514,300
2012-08-31,16.83098602294922,16.83098602294922,16.465095170463403,16.500790967165457,9000
2012-09-04,16.857759475708008,16.857759475708008,16.830988050494057,16.830988050494057,300
2012-09-05,16.76852035522461,16.822064911740625,16.76852035522461,16.822064911740625,400
2012-09-06,16.955930709838867,17.036248412531247,16.822068439401942,16.875613007146487,10800
2012-09-07,17.089792251586914,17.464607614119284,17.089792251586914,17.37536553691614,25300
2012-09-10,17.054096221923828,17.205807240566124,16.95592976805204,16.95592976805204,3700
2012-09-11,16.51865005493164,17.098721157123585,16.224152313686407,17.098721157123585,4900
2012-09-12,16.714975357055664,16.768521619760435,16.616810613065365,16.768521619760435,900
2012-09-13,17.179031372070312,17.259349057514388,16.50971846147017,16.50971846147017,18500
2012-09-14,17.2861270904541,17.616320600148622,17.2861270904541,17.53600289191996,33100
2012-09-17,17.036243438720703,17.241498973608753,16.982698886608738,17.214727548628083,1800
2012-09-18,17.31289291381836,17.4021349720539,17.071939867227602,17.071939867227602,1000
2012-09-19,17.6341609954834,17.6341609954834,17.170103724040313,17.170103724040313,3600
2012-09-20,17.839414596557617,17.884036465273518,17.330737208248085,17.348585955734443,15000
2012-09-21,17.892961502075195,18.098218721000084,17.803721157147514,18.098218721000084,1200
2012-09-24,17.464601516723633,17.625236859176656,17.393208220316783,17.625236859176656,1600
2012-09-25,16.98270034790039,17.518149319394475,16.98270034790039,17.518149319394475,1100
2012-09-26,16.60787582397461,16.80420689102029,16.4026186832566,16.741737992512565,23400
2012-09-27,16.911306381225586,16.97377531199628,16.75067101515769,16.75067101515769,16500
2012-09-28,17.2861270904541,17.2861270904541,17.027325207905907,17.027325207905907,9300
2012-10-01,17.884042739868164,18.035752040278506,17.7144829835584,17.750178788904705,34700
2012-10-02,17.464601516723633,17.473525891543296,17.428905719595434,17.473525891543296,20800
2012-10-03,17.50922393798828,17.50922393798828,17.411057514054725,17.464602062495526,3100
2012-10-04,18.03574562072754,18.03574562072754,17.81264138473348,17.81264138473348,17700
2012-10-05,18.01790428161621,18.080373215133946,18.01790428161621,18.080373215133946,10500
2012-10-08,18.03574562072754,18.03574562072754,18.03574562072754,18.03574562072754,600
2012-10-09,17.91973876953125,17.964358952310388,17.750179011098965,17.86619420976611,900
2012-10-10,17.50922393798828,17.643086160165534,17.402133138956174,17.643086160165534,3200
2012-10-11,17.58098030090332,17.75140864689387,17.58098030090332,17.75140864689387,1500
2012-10-12,17.47334861755371,17.65274713586685,17.47334861755371,17.65274713586685,500
2012-10-15,17.0517578125,17.598921544638674,16.988968868327447,17.249094738595225,1600
2012-10-16,17.09661102294922,17.15939998347743,17.07867254199177,17.141461502519984,15700
2012-10-17,17.04278564453125,17.132484858518612,16.979996708001156,17.096604488575586,2800
2012-10-18,17.114553451538086,17.213222808618355,16.90824635116215,16.90824635116215,3900
2012-10-19,16.710905075073242,16.809574417026635,16.683996498810185,16.683996498810185,2000
2012-10-22,16.585325241088867,16.603265430439183,16.396958385522417,16.396958385522417,15000
2012-10-23,16.468717575073242,16.4776876698263,16.271378912247254,16.459747480320186,3800
2012-10-24,16.67502784729004,16.67502784729004,16.33417102422329,16.51356953224484,3700
2012-10-25,17.28497886657715,17.39261659114214,16.540478046664624,16.540478046664624,3300
2012-10-26,17.383649826049805,17.383649826049805,17.258071886374967,17.347771147944613,2000
2012-10-31,17.67068099975586,17.67068099975586,17.410553412473664,17.464372264339808,4000
2012-11-01,17.75141143798828,17.75141143798828,17.75141143798828,17.75141143798828,100
2012-11-02,17.455402374267578,17.71552996458565,17.455402374267578,17.652741018197283,1000
2012-11-05,17.213220596313477,17.464376438971314,17.213220596313477,17.464376438971314,2000
2012-11-06,17.320865631103516,17.374686229404844,17.249106544239993,17.258076643956883,1800
2012-11-07,17.5361328125,17.751411660226925,17.5361328125,17.554073001622342,2000
2012-11-08,17.724502563476562,17.724502563476562,17.643773417890532,17.643773417890532,1300
2012-11-09,17.70656394958496,17.796263198318858,17.688623757664008,17.76038281447695,1900
2012-11-12,17.715534210205078,17.75141459438048,17.715534210205078,17.75141459438048,1800
2012-11-13,17.24909782409668,17.455404880673473,17.24909782409668,17.455404880673473,800
2012-11-14,17.18630599975586,17.52716271629412,17.18630599975586,17.40158311557824,2100
2012-11-15,16.70193862915039,17.168371684189754,16.70193862915039,17.168371684189754,2100
2012-11-16,16.3610782623291,16.701935021825697,16.3610782623291,16.495626262816433,3600
2012-11-19,17.15940284729004,17.23116191570861,16.944125642034326,16.944125642034326,3500
2012-11-20,16.836484909057617,16.836484909057617,16.737815565903436,16.737815565903436,900
2012-11-21,16.95309066772461,16.95309066772461,16.95309066772461,16.95309066772461,3000
2012-11-23,17.27600860595703,17.27600860595703,17.27600860595703,17.27600860595703,300
2012-11-26,17.015880584716797,17.284978309193324,16.746784571111,17.284978309193324,23400
2012-11-27,16.76472282409668,16.881330626950717,16.76472282409668,16.881330626950717,1700
2012-11-28,16.76472282409668,16.76472282409668,16.76472282409668,16.76472282409668,0
2012-11-29,17.26704216003418,17.26704216003418,17.096613732397717,17.096613732397717,600
2012-11-30,16.86339569091797,17.015883918065327,16.827517013815037,17.015883918065327,9900
2012-12-03,16.657087326049805,16.666057422361202,16.657087326049805,16.666057422361202,1000
2012-12-04,15.948468208312988,16.28035324624249,15.948468208312988,16.28035324624249,6100
2012-12-05,15.822887420654297,15.948467059984113,15.80494893863943,15.912586674212463,3200
2012-12-06,15.849798202514648,15.903617071973583,15.706280076710149,15.706280076710149,1600
2012-12-07,15.975373268127441,16.10095288882463,15.9125843132142,15.9125843132142,1200
2012-12-10,16.03816032409668,16.0471304181466,16.03816032409668,16.0471304181466,500
2012-12-11,16.065074920654297,16.065074920654297,16.065074920654297,16.065074920654297,1700
2012-12-12,16.728845596313477,16.7557558839779,16.154773146439222,16.154773146439222,6800
2012-12-13,16.405927658081055,16.513565367047878,16.3969575638554,16.513565367047878,300
2012-12-14,16.80957794189453,16.80957794189453,16.459752690151984,16.486661272057606,2500
2012-12-17,16.379016876220703,16.881330161454795,16.379016876220703,16.881330161454795,2600
2012-12-18,15.903617858886719,16.127865155410912,15.903617858886719,16.11889505824541,6300
2012-12-19,16.056100845336914,16.065070939572948,15.82288352781162,15.82288352781162,2400
2012-12-20,15.795975685119629,15.804945779769726,15.6614259762388,15.795975685119629,4400
2012-12-21,15.42821216583252,15.607608947234263,15.392331783029679,15.607608947234263,5700
2012-12-24,15.42821216583252,15.42821216583252,15.42821216583252,15.42821216583252,0
2012-12-26,15.347484588623047,15.347484588623049,15.347484588623049,15.347484588623049,100
2012-12-27,15.499972343444824,15.499972343444824,15.347484127227562,15.347484127227562,14300
2012-12-28,15.401301383972168,15.446150150164158,15.401301383972168,15.446150150164158,800
2012-12-31,15.778036117553711,15.778036117553711,15.437179350901037,15.437179350901037,12400
2013-01-02,16.19962501525879,16.19962501525879,16.18168653092033,16.18168653092033,1000
2013-01-03,15.697310447692871,16.20859399996407,15.697310447692871,16.190653805986223,3300
2013-01-04,15.293659210205078,15.455117476966027,15.221900170630262,15.455117476966027,2600
2013-01-07,15.589672088623047,15.607612283859757,15.186027961024188,15.186027961024188,1600
2013-01-08,14.952807426452637,15.168084591629498,14.952807426452637,15.087355440829322,1900
2013-01-09,15.15014362335205,15.177053909195942,14.934866469213118,15.051475996999251,2800
2013-01-10,15.15014362335205,15.15014362335205,15.15014362335205,15.15014362335205,0
2013-01-11,15.401301383972168,15.688337593690735,15.365421002321964,15.688337593690735,5800
2013-01-14,13.616290092468262,14.585037916275038,13.616290092468262,14.585037916275038,20900
2013-01-15,13.894359588623047,13.903329684046279,13.571443852305162,13.580413947728392,134300
2013-01-16,13.732904434204102,13.867452466208329,13.69702490197394,13.813632740145323,5700
2013-01-17,14.04684829711914,14.091697920422025,13.67011283007158,13.750841980929689,7500
2013-01-18,14.055816650390625,14.199334742819822,14.001996938012022,14.199334742819822,5800
2013-01-22,14.351822853088379,14.351822853088379,14.217274856014797,14.2352141897548,1400
2013-01-23,14.32491397857666,14.360793502879108,14.244184835037318,14.289034454274212,2100
2013-01-24,13.840538024902344,14.226242643011979,13.840538024902344,14.199333217431125,1300
2013-01-25,13.11397933959961,13.589383279584778,13.087069908583382,13.589383279584778,11200
2013-01-28,13.257497787475586,13.257497787475586,13.060160814353937,13.149859205199574,1000
2013-01-29,13.58938217163086,13.58938217163086,13.302345983032366,13.365134935429456,2300
2013-01-30,13.759812355041504,13.795691883322577,13.616294241917203,13.616294241917203,1200
2013-01-31,13.705991744995117,13.786720892244785,13.69702250508378,13.705991744995117,3000
2013-02-01,13.804657936096191,13.858476785037439,13.804657936096191,13.858476785037439,1100
2013-02-04,13.777748107910156,13.777748107910156,13.777748107910156,13.777748107910156,200
2013-02-05,13.526594161987305,13.589383118760553,13.463805205214056,13.589383118760553,1400
2013-02-06,13.903326988220215,13.903326988220215,13.499682182229897,13.499682182229897,1500
2013-02-07,13.95715045928955,13.95715045928955,13.831571680149903,13.831571680149903,5300
2013-02-08,13.822599411010742,13.822599411010742,13.652171889018291,13.652171889018291,6300
2013-02-11,13.46380615234375,13.55350454612472,13.46380615234375,13.48174548892577,11900
2013-02-12,13.445865631103516,13.49968535040267,13.293377424430567,13.418956199171648,4900
2013-02-13,13.194706916809082,13.463803761232475,13.185736822393402,13.445863572401114,14900
2013-02-14,13.006340026855469,13.463804605518314,12.925610882922573,13.320286507608873,25700
2013-02-15,12.4950590133667,12.916643293908615,12.306691259456404,12.916643293908615,20300
2013-02-19,12.54887580871582,12.557845903951701,12.109351407381999,12.557845903951701,12100
2013-02-20,11.840255737304688,12.53990698327864,11.741587246024851,12.387419626004512,11100
2013-02-21,12.0196533203125,12.163172291564683,11.89407539669058,12.0196533203125,22500
2013-02-22,12.68342399597168,12.826942090366696,12.19904999967084,12.333597999307338,19100
2013-02-25,13.024282455444336,13.131921047377494,12.853854043306889,12.997372165884432,24700
2013-02-26,12.755180358886719,13.024277156964567,12.593722108952981,13.024277156964567,20300
2013-02-27,12.934581756591797,13.069129767623156,12.55784629918152,12.55784629918152,19200
2013-02-28,12.512993812561035,12.710331591609956,12.405355257289404,12.611663129803093,28600
2013-03-01,12.288747787475586,12.764151666058687,12.225958838068935,12.423296636049482,16000
2013-03-04,12.459177017211914,13.105008455341938,12.2349297762246,12.450206922267942,19300
2013-03-05,12.01068115234375,12.638573183726526,12.01068115234375,12.504024341364707,30300
2013-03-06,12.172141075134277,12.181111170894837,11.768496175698655,11.947893813732774,14400
2013-03-07,12.809001922607422,12.809001922607422,12.369477543917265,12.369477543917265,5600
2013-03-08,12.54887580871582,12.782093152236554,12.36050808593913,12.782093152236554,31600
2013-03-11,12.70136547088623,12.74621509680297,12.584756785676895,12.584756785676895,28400
2013-03-12,12.844882011413574,13.015310397872112,12.701363910460293,12.853852106581993,46100
2013-03-13,12.60269546508789,12.898701762989024,12.387418313057132,12.88973166779557,8400
2013-03-14,12.136260986328125,12.656514540287457,12.136260986328125,12.459177575292797,17500
2013-03-15,12.60269546508789,12.60269546508789,12.378448217863676,12.468146603492146,104600
2013-03-18,12.584754943847656,13.015310092025235,12.566815609367731,13.015310092025235,10200
2013-03-19,13.122947692871094,13.13191778716409,12.495055634761075,12.51299496791179,10500
2013-03-20,12.647543907165527,13.562472145764092,12.647543907165527,13.481743007415778,18800
2013-03-21,12.961490631103516,12.997370156200123,12.683424525463641,12.826942625850073,14900
2013-03-22,12.826944351196289,12.970462470887277,12.809004158517181,12.907673507381338,18300
2013-03-25,12.468145370483398,12.880760298788756,12.405356421209303,12.862820965611276,9300
2013-03-26,12.468145370483398,12.468145370483398,12.181109196161508,12.378446993725445,20300
2013-03-27,12.4950590133667,12.620636945683225,12.351540887613238,12.611667704400263,7900
2013-03-28,12.297719955444336,12.52196721877816,12.243900235852632,12.512997122940305,24600
2013-04-01,12.414327621459961,12.512996101314284,12.270809521513545,12.512996101314284,15600
2013-04-02,11.768494606018066,12.333597732028709,11.759524511453938,12.306688303771622,21500
2013-04-03,11.19442081451416,11.867162474677807,10.701077614742358,11.840253047793134,50100
2013-04-04,11.33794116973877,11.499398606644048,10.512711228452716,11.302061644266999,124100
2013-04-05,11.176481246948242,11.624975677635677,11.176481246948242,11.508367023004714,27400
2013-04-08,11.275151252746582,11.472489068706581,11.06884419707936,11.095753627071746,12400
2013-04-09,11.48145580291748,11.571154161780093,11.248238530091498,11.311027466838839,46100
2013-04-10,11.077812194824219,11.544245933267398,11.050901914491485,11.463516803139587,61800
2013-04-11,11.068770408630371,11.231546723069151,10.987382251410981,11.113986147354307,32100
2013-04-12,10.444794654846191,10.725130647176089,10.14637202434359,10.725130647176089,40500
2013-04-15,9.350579261779785,10.263933909285441,9.287277744846012,9.93838127952664,55500
2013-04-16,9.775606155395508,10.146373674034988,9.612829835048997,9.838907674455365,68800
2013-04-17,9.251106262207031,9.811780153024417,9.151632307342608,9.74847776136646,55700
2013-04-18,9.811779022216797,10.254891400660508,9.133545473098176,9.133545473098176,36900
2013-04-19,10.435754776000977,10.55331537562334,9.829865996172694,9.829865996172694,46300
2013-04-22,10.797476768493652,11.095900297163716,10.39053684746135,10.905994885692845,39200
2013-04-23,10.652788162231445,11.07781476616561,10.444796952011288,10.78843539110502,26100
2013-04-24,11.394322395324707,11.421451492062682,10.78843377285985,11.005468271600519,28400
2013-04-25,12.199155807495117,12.597053150817683,11.900733231212303,12.072552812961934,65400
2013-04-26,12.10873031616211,12.470454541939752,11.94595398335288,12.389066375535137,49500
2013-04-29,12.126816749572754,12.289593091151543,12.090644325046203,12.226291563834737,16700
2013-04-30,12.588011741638184,12.642269929686687,11.98212317978035,12.054468005457254,36100
2013-05-01,12.82313346862793,12.868348340021335,12.280546387723167,12.334805440781,30000
2013-05-02,12.705574989318848,13.311463679471018,12.398108983878222,12.994954353301306,48200
2013-05-03,13.022082328796387,13.293375890316824,12.732702989797765,12.732702989797765,32300
2013-05-06,12.777917861938477,13.202944384128346,12.759831223266467,13.202944384128346,18500
2013-05-07,12.461411476135254,12.606101169412284,12.054471498188958,12.588015388961955,60400
2013-05-08,12.868351936340332,12.922611004561949,12.461411943143414,12.461411943143414,31000
2013-05-09,12.976868629455566,13.25720467390128,12.615143560520455,12.768876563894635,20600
2013-05-10,13.2029447555542,13.230073851907013,12.416193199556773,12.678444293168196,43600
2013-05-13,13.0853853225708,13.16677348110361,12.886436586425992,13.139643519980341,23300
2013-05-14,12.805048942565918,13.112514948306272,12.796005621828018,13.085385848511104,23400
2013-05-15,12.470452308654785,12.696530124883058,12.361935060355425,12.696530124883058,44300
2013-05-16,12.479497909545898,13.12155905950019,12.099687039859214,12.262463373273103,85300
2013-05-17,11.846477508544922,12.352891316552713,11.756046040191475,12.352891316552713,45000
2013-05-20,11.765088081359863,12.199157012495322,10.851733627406121,11.891691088398554,83200
2013-05-21,12.380023956298828,12.479498772449386,11.719876980551449,11.747006083856762,64900
2013-05-22,12.416192054748535,12.99495151889532,12.416192054748535,12.542795930085804,101000
2013-05-23,12.5337553024292,12.705574946022175,12.452368003400375,12.52471284414946,31800
2013-05-24,12.26246166229248,12.533754363570726,12.172030186920756,12.443323750617466,17200
2013-05-28,12.000214576721191,12.434283702935419,12.000214576721191,12.289593994197343,17600
2013-05-29,12.407151222229004,12.416193679750707,12.027340408926797,12.027340408926797,25700
2013-05-30,13.248161315917969,13.410937639602436,12.560885325467119,12.56992778379073,55900
2013-05-31,13.040169715881348,13.275290873499156,12.976868197452902,13.248160912099674,60600
2013-06-03,13.11251163482666,13.329546103181327,13.013037719102018,13.302417010241571,45400
2013-06-04,12.913565635681152,13.06729863178366,12.73270354097776,13.022082892503187,33600
2013-06-05,12.904522895812988,13.284332855182516,12.732703262784927,12.88643625552857,26500
2013-06-06,13.239121437072754,13.59180239054656,12.949741153871708,12.9859135814695,66000
2013-06-07,12.814094543457031,13.221034562470019,12.65131819088436,13.221034562470019,54600
2013-06-10,13.17581558227539,13.239117960763705,12.67844504900927,12.67844504900927,18100
2013-06-11,12.768876075744629,13.067298750316835,12.768876075744629,13.067298750316835,30500
2013-06-12,12.597057342529297,12.904523338565708,12.533754961780415,12.823135179330363,29100
2013-06-13,12.316720008850098,12.723659928183814,12.208202754522338,12.588013575878733,37900
2013-06-14,12.153942108154297,12.452365596587677,12.090640600338494,12.452365596587677,38800
2013-06-17,12.162986755371094,12.307676424704345,12.063512823309097,12.208202492642348,14500
2013-06-18,11.927864074707031,12.162985188289746,11.828390155461273,12.162985188289746,44600
2013-06-19,11.448578834533691,12.027338271577204,11.42144974195271,11.936906813082862,24600
2013-06-20,10.309149742126465,10.969297520722588,10.236804898228062,10.670874824037039,102400
2013-06-21,10.589487075805664,10.707047667371913,10.191590418704868,10.336280112196066,112300
2013-06-24,9.721344947814941,10.318190174065949,9.71230162925518,10.282017762245232,87400
2013-06-25,10.291064262390137,10.788435725506101,10.08307218330444,10.08307218330444,64800
2013-06-26,10.101158142089844,10.191589624685694,9.395795510065227,9.838907877464118,137800
2013-06-27,10.101158142089844,10.37245172745886,9.97455423893936,10.146373883387769,109200
2013-06-28,10.924081802368164,10.96025422439911,9.920296444195518,10.028813710288354,63600
2013-07-01,11.403366088867188,11.665616352214062,11.123030046540459,11.141115825520314,52200
2013-07-02,10.80652141571045,11.756048589667293,10.462882968829943,11.756048589667293,94000
2013-07-03,11.466670036315918,11.529971565012609,10.933126116104821,10.951211897553028,41500
2013-07-05,10.860777854919434,11.068769019561943,10.517139491128077,10.65278582785855,57600
2013-07-08,10.896950721740723,11.141114310486419,10.842691667342562,11.023553744639079,24000
2013-07-09,10.951208114624023,11.16824345396145,10.725130318895397,11.104941084712957,26200
2013-07-10,11.068770408630371,11.276762461793087,10.698002903447358,10.987382251410981,37100
2013-07-11,12.081600189208984,12.11777261129811,11.629444481885644,11.656574445266415,42200
2013-07-12,11.710831642150879,12.081599152349261,11.45762470925758,12.081599152349261,61600
2013-07-15,12.126816749572754,12.208204920362148,11.665617690045268,11.864566456150607,46600
2013-07-16,12.361937522888184,12.389066624762611,11.945954223666382,12.253420252971878,107000
2013-07-17,11.97308349609375,12.443325868181466,11.774135596289204,12.325765275159537,83000
2013-07-18,11.828391075134277,12.000210695503288,11.647528997707749,11.954994960542052,48700
2013-07-19,12.370981216430664,12.389066997418091,11.719876714929413,11.945954582993314,41700
2013-07-22,12.859308242797852,13.085386090922336,12.38002258383259,12.533755589550724,147200
2013-07-23,13.11251163482666,13.908305547878753,12.669399379664638,13.139640727766414,123200
2013-07-24,12.642271995544434,13.211988237660428,12.515668961130984,13.16677336103762,68700
2013-07-25,13.465194702148438,13.609884362863202,12.61514165182159,12.61514165182159,137500
2013-07-26,13.582755088806152,13.854047767876336,13.266245813333077,13.392849696005985,104700
2013-07-29,13.73648738861084,13.845005496595586,13.356677460337847,13.447108067100595,45400
2013-07-30,13.293376922607422,13.600842925378807,13.275291143724795,13.600842925378807,40000
2013-07-31,13.311464309692383,13.564671265164929,12.886437701906681,13.27529188748202,134000
2013-08-01,13.067298889160156,13.6551017865468,12.904523431930288,13.528497886551559,100500
2013-08-02,12.84122085571289,13.07634201109693,12.759832697124684,12.931652334681674,57600
2013-08-05,12.985912322998047,13.24816261327191,12.71461957351507,13.24816261327191,31500
2013-08-06,12.235335350036621,12.741750210746073,12.208206244304298,12.732706888029059,75400
2013-08-07,12.280548095703125,12.542798353383263,12.181074157417042,12.208203256509881,48300
2013-08-08,12.949738502502441,13.022083342885923,12.325764038590288,12.524712780854122,45400
2013-08-09,13.338593482971191,13.474239851389909,12.8412220280716,12.91356687288406,41800
2013-08-12,13.83596420288086,14.089171146273683,13.691274520942102,13.76361936191148,59400
2013-08-13,13.79979419708252,14.288122390282698,13.627974522901361,13.709362698837838,72000
2013-08-14,14.414722442626953,14.767404177226569,13.754575575525946,13.863092833306174,88600
2013-08-15,14.912092208862305,14.957308805971314,14.03491092298928,14.342376021564883,76000
2013-08-16,15.0386962890625,15.201472600432583,14.595583955242244,14.948266538156398,77700
2013-08-19,15.029655456542969,15.092956975324341,14.839749175361828,15.092956975324341,37500
2013-08-20,15.255730628967285,15.409463601215446,14.866876538878602,15.011566192190198,35600
2013-08-21,14.722188949584961,15.03869653255478,14.532282674966105,14.993481656369653,56000
2013-08-22,14.595584869384766,14.884964230017186,14.351421249455791,14.758361190949763,63700
2013-08-23,14.676971435546875,14.676971435546875,14.161514289819022,14.360463009847734,109200
2013-08-26,14.767404556274414,14.839749396651504,14.423766133273977,14.74931791497088,167600
2013-08-27,14.875922203063965,15.373292749130446,14.77644740391587,14.83070560125256,547800
2013-08-28,14.740275382995605,15.174346173320092,14.577500777065708,15.047741402258428,141300
2013-08-29,14.812620162963867,14.884965006897817,14.378551099360173,14.77644860341546,81900
2013-08-30,14.749320030212402,15.00252787026399,14.577502087699076,14.586543684810474,35600
2013-09-03,14.930176734924316,15.120081241398173,14.686012319598012,15.047736421098145,96800
2013-09-04,15.047738075256348,15.065824713528713,14.749315443109351,14.80357535792645,52200
2013-09-05,14.541324615478516,15.002523553123156,14.33333344502215,14.96635027573763,48900
2013-09-06,15.192431449890137,15.20147477123954,14.812620577401024,14.812620577401024,72800
2013-09-09,14.740275382995605,15.264775935002099,14.686017181018974,15.264775935002099,79200
2013-09-10,13.826922416687012,14.496113563549367,13.42902574719628,14.496113563549367,159000
2013-09-11,13.89926528930664,14.107257347415745,13.790748031239566,13.926394388218784,102900
2013-09-12,13.383808135986328,13.564670233279688,13.103471238367739,13.456152974903672,88000
2013-09-13,13.826922416687012,13.854051519456723,13.211990337782709,13.239120302971047,53200
2013-09-16,14.016824722290039,14.586540064977477,13.926393250082084,14.351419789589977,364900
2013-09-17,14.170557975769043,14.233859490061526,13.718402331009134,14.08012650184968,281700
2013-09-18,15.273820877075195,15.37329569528676,13.582759316502555,14.06204417611368,517000
2013-09-19,15.36424732208252,15.716928143668278,14.95730831059974,15.527023616610334,1026700
2013-09-20,14.423766136169434,15.418508122763363,14.270033134732627,15.364249923678917,7794200
2013-09-23,14.08012866973877,14.405681336038402,13.727447764472279,14.00778382443187,569100
2013-09-24,14.23386001586914,14.577499284489585,13.8269200930363,13.962566446507752,299900
2013-09-25,14.704103469848633,14.839749833948261,14.260991093876722,14.396637457976352,449600
2013-09-26,14.360466957092285,14.803580254738595,14.098216652323,14.803580254738595,301500
2013-09-27,14.251948356628418,14.622715905275687,14.025870498924611,14.459939571754997,161400
2013-09-30,14.04395580291748,14.468982402467148,13.953525180353195,14.152473067445756,210600
2013-10-01,13.89926528930664,14.071084928060055,13.6460583538168,13.790748031239566,268400
2013-10-02,13.98969841003418,14.478026559830957,13.899266919827197,13.93543934342627,307700
2013-10-03,13.73648738861084,14.224815424868577,13.700314973422058,13.899263688169555,257900
2013-10-04,13.637012481689453,13.8630902759647,13.456150418752923,13.754573038202782,197800
2013-10-07,14.016824722290039,14.125341971488524,13.637013918886124,13.682229654990103,157600
2013-10-08,13.5375394821167,14.016824197054975,13.356677406896445,13.989695101376537,275400
2013-10-09,13.655101776123047,13.817877233228659,13.184859458572696,13.44710971646239,262200
2013-10-10,13.35468578338623,13.828062057995247,13.290962271153877,13.564063533959821,225300
2013-10-11,13.127104759216309,13.327379831134683,12.9177260776271,13.199931900246991,175300
2013-10-14,13.017863273620605,13.46392970295216,12.854001781960871,13.45482609382263,89300
2013-10-15,13.372894287109375,13.400205112331372,12.681036543341849,12.972345067033439,260700
2013-10-16,12.881311416625977,13.463929363717076,12.817587890660738,13.336481443618668,193500
2013-10-17,13.673310279846191,13.791653742370027,13.354690861201204,13.554965949154283,355200
2013-10-18,13.445723533630371,13.764342043935985,13.445723533630371,13.664204946668729,136700
2013-10-21,13.882684707641602,13.97371905299164,13.372893936383528,13.564065367084323,112900
2013-10-22,14.592752456665039,14.811233872732686,13.955513690882446,14.110271577639022,325900
2013-10-23,13.846275329589844,14.610960415429544,13.782551789478566,14.610960415429544,245600
2013-10-24,14.428889274597168,14.583647143271172,14.082959972159268,14.137579885710167,873800
2013-10-25,14.66557788848877,14.884059279128277,14.237717847360496,14.410682064574805,144800
2013-10-28,14.701992988586426,14.884061712047817,14.410684420117022,14.75661291109043,128900
2013-10-29,14.27413272857666,14.84764621484273,14.246821901102694,14.738406377618672,154100
2013-10-30,14.34695816040039,14.774817321960327,13.955511694808933,14.565439545218382,235300
2013-10-31,14.538130760192871,14.665578679019786,13.855375726515389,14.283234922539043,299400
2013-11-01,13.463930130004883,14.25592591786776,13.236345103555735,14.164892428188889,439400
2013-11-04,13.72792911529541,13.78254990518621,13.227241869273755,13.47303412153035,249700
2013-11-05,12.963242530822754,13.60048041318833,12.781174688456582,13.518550535249519,191700
2013-11-06,12.590002059936523,13.154412752590924,12.590002059936523,13.108895579212628,159800
2013-11-07,12.362417221069336,12.79027726728931,12.244072916022624,12.489865134542999,210500
2013-11-08,12.635520935058594,12.66283089549651,11.980075807372675,12.18035087630937,279200
2013-11-11,12.517176628112793,12.60821098722081,12.225868068035926,12.58090015858761,154100
2013-11-12,12.016487121582031,12.590001392124734,11.861729261205374,12.40793357643685,179100
2013-11-13,12.007386207580566,12.271384816597333,11.852629180652412,11.998283465879867,142300
2013-11-14,12.462553977966309,12.48986480252115,12.098418332247036,12.098418332247036,146100
2013-11-15,12.22586727142334,12.480762244882163,12.171246485883911,12.462555026979707,144900
2013-11-18,12.28958797454834,12.56269010317185,12.198553642284592,12.225864462864356,156400
2013-11-19,12.034695625305176,12.417038513255706,11.989178449469556,12.307797812150971,124000
2013-11-20,11.625041961669922,12.06200473536248,11.588627529027683,11.916350477464961,215900
2013-11-21,11.470281600952148,11.570418664436023,11.270006605816732,11.543108714061816,219300
2013-11-22,11.297318458557129,11.779798381195837,11.242698548611214,11.58862696004951,198100
2013-11-25,11.488490104675293,11.543110883858626,10.933183045789262,11.087940907279567,212700
2013-11-26,11.224493026733398,11.515801572178356,11.142562281285016,11.488491613084879,204300
2013-11-27,11.16987419128418,11.397459231515711,11.142563361375414,11.33373482989662,149400
2013-11-29,11.670561790466309,11.75249255231745,11.333736000320146,11.379253186700572,99100
2013-12-02,10.505324363708496,11.543112355123839,10.459807186615484,11.543112355123839,368500
2013-12-03,10.541738510131836,10.73290996987694,10.250429949822339,10.423394190464105,250900
2013-12-04,11.08794116973877,11.16987190636921,10.405186188708901,10.614563966170824,406800
2013-12-05,10.596358299255371,10.842149656778249,10.578151081870315,10.80573609017605,270000
2013-12-06,10.459807395935059,10.751116814259204,10.405187476864754,10.696496027020938,274700
2013-12-09,10.687395095825195,10.73291228523475,10.332362928400668,10.332362928400668,232000
2013-12-10,10.978704452514648,11.242703106050856,10.869462852004068,10.969600841110738,203000
2013-12-11,10.732912063598633,11.279116588897722,10.687394875129016,11.033324292062684,301600
2013-12-12,10.860359191894531,10.860359191894531,10.414291820611544,10.496222579993482,270100
2013-12-13,10.94228744506836,11.151665232717153,10.805735921318025,10.996907360034177,262000
2013-12-16,10.83304500579834,11.215387852418782,10.760217879600907,10.814838658332894,286700
2013-12-17,10.787530899047852,10.860358040070567,10.696496538685455,10.778427289378012,192600
2013-12-18,10.541738510131836,10.996908569699421,10.4871185891578,10.88766785958336,423800
2013-12-19,10.423392295837402,10.46890946715425,10.141187396375058,10.414288687940466,333400
2013-12-20,10.386982917785645,10.61456799790599,10.268638571942883,10.441603719008528,1213300
2013-12-23,10.505324363708496,10.623668676883154,10.396083659586031,10.42339361857466,323500
2013-12-24,10.88766860961914,10.88766860961914,10.423394908516741,10.478015701421516,103700
2013-12-26,11.060633659362793,11.233598792554197,10.960496544682796,11.024220084191148,76900
2013-12-27,10.924080848693848,11.160769475442521,10.723805790047436,11.160769475442521,420200
2013-12-30,10.732912063598633,10.896773594821992,10.669188520642065,10.823946440537869,355900
2013-12-31,11.042424201965332,11.087941375177575,10.605460554562814,10.62366777111486,342700
2014-01-02,11.28821849822998,11.470287238659573,11.12435784727868,11.233598570635579,281100
2014-01-03,11.297318458557129,11.424766362043952,11.233594940897625,11.397456407070996,447600
2014-01-06,11.206286430358887,11.415664225752332,11.024217725290589,11.397457876146259,449300
2014-01-07,11.188078880310059,11.188078880310059,10.86035678362241,11.10614813909617,418500
2014-01-08,11.097043991088867,11.224491901023192,11.04242407837977,11.106147599263004,264700
2014-01-09,10.84214973449707,11.106148311297401,10.796632558876064,11.106148311297401,445600
2014-01-10,11.08794116973877,11.16987190636921,10.924079696477888,11.042423997369873,199500
2014-01-13,11.588628768920898,11.634145946425821,10.887667360749697,11.078838811736015,215700
2014-01-14,11.19718074798584,11.615937129395643,11.178973533583438,11.52490279371917,233400
2014-01-15,11.370147705078125,11.406561274557774,11.02421836093747,11.178976248267974,209500
2014-01-16,9.422019958496094,10.16849852910822,9.294572037687807,10.16849852910822,849800
2014-01-17,9.267265319824219,9.604091155284879,9.176230934816154,9.467539577772781,583700
2014-01-21,9.367399215698242,9.376502824690641,9.176227767697545,9.285468471102524,471900
2014-01-22,9.048781394958496,9.376504429429419,9.0032650785425,9.349194465946205,450000
2014-01-23,8.46616268157959,9.276364774562001,8.438852723028074,9.176227681094492,880400
2014-01-24,8.256782531738281,8.575401840785235,8.083818334480187,8.493471111706432,721500
2014-01-27,8.138440132141113,8.60271379265007,8.138440132141113,8.420645945833217,499700
2014-01-28,8.265889167785645,8.329612705677443,8.138441223833956,8.229475593537746,391100
2014-01-29,8.366023063659668,8.447953791261702,8.074714581668223,8.356920324723253,446900
2014-01-30,8.375126838684082,8.39333405325748,8.147541865523277,8.211266248362389,292100
2014-01-31,8.347818374633789,8.529886212018313,8.247681281114284,8.438852727410017,266500
2014-02-03,8.293195724487305,8.64822857867871,8.284092985790911,8.475264389098939,412800
2014-02-04,8.43885326385498,8.457059614666818,8.183957407145378,8.31140533550018,260700
2014-02-05,8.229472160339355,8.5662977986564,8.229472160339355,8.502574287348988,193600
2014-02-06,8.138440132141113,8.347818807106474,8.111130172160578,8.284095277762571,230700
2014-02-07,8.39333724975586,8.42064721384884,8.156648579168412,8.193062154015088,227800
2014-02-10,8.68464469909668,8.821195369656895,8.438853318454694,8.466163278933138,405700
2014-02-11,9.185328483581543,9.294569152578921,8.784778495756822,8.812089314131914,735800
2014-02-12,8.775677680969238,9.230847668958283,8.730160508536763,9.230847668958283,473600
2014-02-13,8.912227630615234,8.985054753524157,8.75746977739183,8.775676992202953,388200
2014-02-14,9.513052940368652,9.604087288726738,9.11250371756243,9.148917283272086,608600
2014-02-18,9.567675590515137,9.749743454600932,9.321883322873271,9.622295515656846,349800
2014-02-19,9.194435119628906,9.48574366628603,9.148917942171744,9.458433707078912,388000
2014-02-20,9.076087951660156,9.376500012981984,8.948640068487872,9.376500012981984,493900
2014-02-21,9.012364387512207,9.749740065987963,8.88491736103158,9.740636458905701,660000
2014-02-24,8.884917259216309,9.158019391380268,8.85760643828249,9.121605831636257,264000
2014-02-25,8.775677680969238,8.884918373906466,8.675539727984221,8.848504809594058,255300
2014-02-26,8.502578735351562,8.684646625881623,8.42064796757099,8.684646625881623,403100
2014-02-27,8.65733814239502,8.866716035330157,8.52078654997928,8.529890163107327,328700
2014-02-28,8.68464469909668,8.766575448700005,8.52988680943884,8.630023909971799,209500
2014-03-03,8.848502159118652,8.98505276734593,8.821191342939121,8.966846424727171,254300
2014-03-04,8.884917259216309,8.939537164748453,8.802986532750346,8.830296485516417,169400
2014-03-05,8.957748413085938,9.021471954295766,8.821196851420131,8.912231225864002,227800
2014-03-06,9.112505912780762,9.18533306174426,8.948644393528841,8.98505796801059,215100
2014-03-07,9.103397369384766,9.176224478886434,8.903122384171366,8.9395359389222,259800
2014-03-10,9.112505912780762,9.239952989382836,9.003265189335513,9.085195080793376,211200
2014-03-11,9.148917198181152,9.212640720538408,9.066986459054462,9.176227155167423,244800
2014-03-12,9.422019958496094,9.422019958496094,9.176227725830383,9.19443494373211,313300
2014-03-13,9.92270565032959,10.09567073646171,9.376502171362606,9.449329301891536,450200
2014-03-14,9.904500961303711,10.2231194937111,9.795260247206775,10.059258856649707,387600
2014-03-17,9.239952087402344,9.90450084203284,9.212642126248985,9.90450084203284,624300
2014-03-18,9.121607780456543,9.39470910280052,9.030573427563263,9.194434915503994,359300
2014-03-19,8.757471084594727,9.076090446006509,8.702851168343969,9.003263312226887,435600
2014-03-20,8.894021987915039,8.9941590727985,8.64822977751765,8.693746949980262,384700
2014-03-21,9.094298362731934,9.212642692561952,8.94864407006978,8.95774768040318,2289400
2014-03-24,8.93954086303711,9.057885198206142,8.8940245456528,8.96685169526942,494200
2014-03-25,8.985057830810547,9.06698858918544,8.948644256884826,8.975954220287095,310000
2014-03-26,8.702851295471191,9.066986969688426,8.630023292459816,8.994159834844979,536800
2014-03-27,8.548094749450684,8.921334090749669,8.511681176352443,8.739266225258465,396300
2014-03-28,8.293195724487305,8.557194246372893,8.193058653485094,8.5480915076765,855100
2014-03-31,8.211265563964844,8.429746911628836,8.174851137853143,8.375126140628986,370000
2014-04-01,8.366023063659668,8.538988125967906,8.247679643976461,8.493470958614804,392500
2014-04-02,8.702851295471191,8.812091997736362,8.493472631670334,8.493472631670334,728400
2014-04-03,8.775677680969238,8.830297593353926,8.557195426926926,8.648229771791877,358100
2014-04-04,8.83940315246582,9.05788458656248,8.784782359857632,9.030574624342409,277000
2014-04-07,8.866710662841797,9.039675734798971,8.693746459052429,8.866710662841797,257100
2014-04-08,8.930435180664062,9.121606602518272,8.848504447273998,9.039675869128208,279800
2014-04-09,8.985057830810547,9.021471404736268,8.730162813330498,8.975954220287095,161500
2014-04-10,8.721056938171387,9.048779018401827,8.657333417390765,9.048779018401827,438000
2014-04-11,8.463472366333008,8.78545265091865,8.389877023112122,8.78545265091865,254500
2014-04-14,8.555465698242188,8.813049360803673,8.52786766801342,8.665858696482823,186300
2014-04-15,8.619860649108887,8.684256339848952,8.353077373767274,8.426672699563202,270400
2014-04-16,8.527870178222656,8.693459285662579,8.380678593249874,8.638263208957879,161000
2014-04-17,8.34388256072998,8.60146722720214,8.34388256072998,8.592267586829706,152400
2014-04-21,8.426676750183105,8.435876389661143,8.251887986729923,8.325483347902411,259000
2014-04-22,8.38987922668457,8.454274949584732,8.316283864134121,8.334683143434695,232500
2014-04-23,8.564666748046875,8.619862817616811,8.307082165634815,8.380677509945201,189100
2014-04-24,8.362282752990723,8.730259634738772,8.316285423440695,8.50027386431472,718400
2014-04-25,8.675060272216797,8.711857946525559,8.380678000420941,8.472672624855726,274500
2014-04-28,8.454275131225586,8.665862461098545,8.41747744915976,8.610665499336832,199500
2014-04-29,8.721057891845703,8.767055210311733,8.481873415008925,8.518671094316574,154800
2014-04-30,8.573866844177246,8.7578561109504,8.518670766005975,8.610664522066708,169900
2014-05-01,8.38987922668457,8.527871189461107,8.38987922668457,8.527871189461107,138800
2014-05-02,8.564666748046875,8.58306514546162,8.389877147315428,8.42667481947062,468700
2014-05-05,8.500272750854492,8.665862764613339,8.435877024315374,8.656663124443185,231600
2014-05-06,8.518671989440918,8.564669312740252,8.445076623092373,8.564669312740252,144100
2014-05-07,8.251885414123535,8.500269461313039,8.123093133560985,8.47267142880879,285200
2014-05-08,8.316282272338867,8.37147922234958,8.242686923875088,8.33468154811769,148300
2014-05-09,8.1506929397583,8.325482564081437,8.040299908392765,8.316282925469519,195400
2014-05-12,8.288683891296387,8.371478874206398,8.196689270879547,8.27028461628273,167600
2014-05-13,8.086297988891602,8.31628371198559,8.058699947771577,8.297885310347544,123900
2014-05-14,8.123095512390137,8.19669087217078,8.0678994312176,8.178292470888564,209600
2014-05-15,8.00350284576416,8.113895885605459,7.994303206445912,8.086297844976608,124800
2014-05-16,7.893109321594238,8.040300032350874,7.782716288526761,8.040300032350874,401300
2014-05-19,8.021900177001953,8.095495519030125,7.929905560803896,8.012700539917011,97000
2014-05-20,7.939107894897461,7.975905578412155,7.893110571172599,7.9207086144771255,160300
2014-05-21,7.801116943359375,7.994305026393449,7.71832280262428,7.994305026393449,287900
2014-05-22,7.856309413909912,7.966702415642593,7.810312110523231,7.902306717296594,156500
2014-05-23,7.837913513183594,7.893109592952002,7.782716556089316,7.865511553067798,132800
2014-05-27,7.53433084487915,7.7919154502597845,7.469935132196885,7.7919154502597845,563700
2014-05-28,7.782717227935791,7.791916867799979,7.543531855422586,7.543531855422586,463400
2014-05-29,7.6079277992248535,7.81031459477923,7.6079277992248535,7.745918875950644,200300
2014-05-30,7.6079277992248535,7.644725478173456,7.359542808327387,7.644725478173456,410500
2014-06-02,7.626327037811279,7.7367200867840955,7.451538262935812,7.525133628917689,277000
2014-06-03,7.635524749755859,7.699920459397205,7.571128162788769,7.672322423454592,188900
2014-06-04,7.663125514984131,7.690723560756017,7.607929423440359,7.681524797049426,252800
2014-06-05,7.782717227935791,7.828714549930783,7.6907225839458055,7.727520266076611,240000
2014-06-06,7.9667067527771,7.994304798903454,7.755120270264936,7.856313690945615,205800
2014-06-09,7.9667067527771,8.040302127331424,7.9115106605243914,8.040302127331424,226500
2014-06-10,8.1506929397583,8.187490616880147,7.994302592659001,8.00350223127092,294600
2014-06-11,8.38987922668457,8.38987922668457,8.169093139033222,8.251888141233959,256200
2014-06-12,8.803853988647461,8.803853988647461,8.41747786902099,8.41747786902099,414500
2014-06-13,8.831452369689941,8.849850771852871,8.50027235749786,8.84065113210844,472800
2014-06-16,8.711858749389648,8.831451421245939,8.61066447772041,8.831451421245939,267900
2014-06-17,8.601465225219727,8.711858252017073,8.537068634926932,8.601465225219727,262900
2014-06-18,8.62906265258789,8.665860325585731,8.537068031430428,8.573865704428266,303400
2014-06-19,9.42941665649414,9.48461362782393,8.803855075611642,8.813054717054289,656800
2014-06-20,9.227025032043457,9.521407292519495,9.144230048700999,9.392614998728371,432400
2014-06-23,9.190227508544922,9.291421768642138,9.070634850364591,9.291421768642138,223500
2014-06-24,8.96024227142334,9.521407916485632,8.941843872433607,9.30062098732835,366700
2014-06-25,8.923446655273438,9.08903667102115,8.776255920087019,8.978643619631336,240900
2014-06-26,8.997040748596191,9.015440026551557,8.83145163362721,8.877448073863901,215100
2014-06-27,9.070635795593262,9.199428104899148,8.951043124950473,9.052237395592895,211400
2014-06-30,9.328218460083008,9.346616856229184,8.849847877723324,8.978640160049157,286500
2014-07-01,9.070635795593262,9.374216852868868,9.033838118266699,9.282223098215374,227000
2014-07-02,9.291420936584473,9.45701001380676,9.107431708275346,9.107431708275346,206600
2014-07-03,9.217826843261719,9.263823279236153,9.043037228186067,9.199427567011323,113900
2014-07-07,9.052237510681152,9.116633227489894,8.905046799503546,9.107433588709833,259400
2014-07-08,9.190227508544922,9.190227508544922,8.905045758313605,9.116632161560986,282100
2014-07-09,9.457013130187988,9.503010452422824,9.21782863375355,9.227027396339757,449400
2014-07-10,9.153427124023438,9.70539294024942,9.135028731389493,9.594999952469319,392500
2014-07-11,9.328218460083008,9.355816492965097,9.107431565049344,9.19022654102126,209700
2014-07-14,8.978642463684082,9.089035500861444,8.923445506432465,9.006240503646953,305600
2014-07-15,8.675060272216797,9.107432726013311,8.638262597908035,9.006239340995654,315300
2014-07-16,8.813054084777832,8.85905141136498,8.702661027364297,8.831453366343105,250500
2014-07-17,9.015439987182617,9.135032661392666,8.748656599275849,8.886647674035059,305800
2014-07-18,8.813054084777832,8.99704251380039,8.711860668146933,8.951045187213243,257100
2014-07-21,8.831452369689941,8.859050411597304,8.675062003338333,8.721058447408625,134800
2014-07-22,8.840651512145996,8.886648835519534,8.776255785818629,8.840651512145996,195300
2014-07-23,8.711858749389648,8.92344517683289,8.638263393989753,8.905046776645836,309200
2014-07-24,8.509468078613281,8.67505800845479,8.481870049414873,8.67505800845479,308600
2014-07-25,8.62906265258789,8.69345836100268,8.472672323015638,8.472672323015638,307300
2014-07-28,8.840651512145996,8.8590507924258,8.564669326556722,8.583067729510553,175600
2014-07-29,8.794656753540039,8.905049824422198,8.767057827824894,8.868252134128145,102100
2014-07-30,8.647461891174316,8.803852235951636,8.509470823347653,8.803852235951636,171100
2014-07-31,8.21509075164795,8.426677207161706,8.141495386484385,8.371481121952012,448900
2014-08-01,8.803853988647461,8.840651672548745,8.399079465733344,8.399079465733344,330800
2014-08-04,8.601465225219727,8.859048954413536,8.583065948757273,8.813051640583193,186100
2014-08-05,8.583067893981934,8.665862902175649,8.353082150033165,8.665862902175649,209300
2014-08-06,8.785456657409668,8.859052034192748,8.64746466794682,8.64746466794682,221500
2014-08-07,8.767054557800293,8.868248826359082,8.638263128472106,8.767054557800293,159700
2014-08-08,8.859051704406738,9.079837826537021,8.767057048189422,8.81305437629808,378100
2014-08-11,8.914244651794434,9.006239275560832,8.7670539556288,8.78545323131238,185100
2014-08-12,9.181029319763184,9.254625555687596,8.95104360481129,8.95104360481129,371500
2014-08-13,9.190227508544922,9.328219442134106,9.171829110461807,9.236224819741317,178000
2014-08-14,8.997040748596191,9.291423054601006,8.895847351819267,9.19022878049822,578000
2014-08-15,8.978642463684082,9.06143746089857,8.785454429292232,8.849850148314225,189800
2014-08-18,9.043037414550781,9.079835090484146,8.785453683017233,8.914245110121108,180500
2014-08-19,8.647461891174316,9.015439534255108,8.629063491549473,9.015439534255108,316200
2014-08-20,8.619860649108887,8.822248233710434,8.619860649108887,8.748652907914506,235200
2014-08-21,8.334685325622559,8.546271829021212,8.270288708536144,8.509474138111614,450700
2014-08-22,8.325484275817871,8.39907964519292,8.251888906442824,8.334683916321254,206000
2014-08-25,8.132295608520508,8.380679742401522,8.132295608520508,8.307084378486708,179300
2014-08-26,8.196688652038574,8.316281298621064,8.196688652038574,8.242685958774247,124000
2014-08-27,8.196688652038574,8.270283991885389,8.104694915892882,8.224286685149716,121900
2014-08-28,8.325484275817871,8.426677689377062,8.242689265939442,8.251888906442824,137600
2014-08-29,8.472673416137695,8.491071816347464,8.251887349665417,8.325482705156176,273300
2014-09-02,8.316282272338867,8.463472969266425,8.251886561764499,8.288684235996389,256800
2014-09-03,8.362282752990723,8.509473505689943,8.30708578206547,8.316285423440695,326400
2014-09-04,8.205889701843262,8.748656084668053,8.159892387187197,8.371479683674773,626200
2014-09-05,8.205889701843262,8.408277359934463,8.09549667306419,8.30708309222596,330700
2014-09-08,8.049500465393066,8.261086913652669,7.99430350474982,8.150693869692102,403700
2014-09-09,8.077096939086914,8.141493526890715,7.819513219848983,8.049498902785718,455000
2014-09-10,7.948307037353516,8.10469740182868,7.7827170332443,7.985104718563794,338400
2014-09-11,8.159891128540039,8.159891128540039,7.828712093286538,7.847110489915564,336600
2014-09-12,7.902307987213135,8.040299042223022,7.837912278518618,8.040299042223022,282200
2014-09-15,8.012701034545898,8.049498707831528,7.80111375515923,7.89310837703617,247800
2014-09-16,8.049500465393066,8.1414951073565,7.837914017133464,8.012702784072879,282100
2014-09-17,7.736720561981201,8.113897055136373,7.709122517374389,8.021903280671658,327800
2014-09-18,7.653923034667969,7.847111038058661,7.525131617291327,7.819513002524486,356800
2014-09-19,7.552731513977051,7.699922242864515,7.41474042497654,7.672324200529602,654600
2014-09-22,7.27674674987793,7.423937444201135,7.221550239506728,7.423937444201135,478000
2014-09-23,7.433138370513916,7.598728368996568,7.34114417061408,7.3963406905539815,409800
2014-09-24,7.322744369506836,7.460735431913468,7.2859466943766815,7.3319435689579295,281500
2014-09-25,7.460737228393555,7.497534912384268,7.166355756467848,7.2399511244492745,326900
2014-09-26,7.295146942138672,7.460736504019545,7.267548901156669,7.451537741909481,235400
2014-09-29,7.331943988800049,7.414739420578265,7.258348634325521,7.359542466059454,430100
2014-09-30,7.322744369506836,7.414738995995109,7.221550543567468,7.276747056262699,1028000
2014-10-01,7.203151226043701,7.350341916756741,7.055960535330662,7.341142717918606,371700
2014-10-02,7.405539512634277,7.405539512634277,7.249149170731599,7.2951460462740405,256400
2014-10-03,7.157155513763428,7.350343107283231,7.138756674444259,7.24914971035927,423100
2014-10-06,7.359543800354004,7.387141843954055,7.184754582456037,7.258349950273498,256700
2014-10-07,7.101958274841309,7.40553976953467,7.065160597665673,7.3779417309844,333800
2014-10-08,8.06789779663086,8.233486883925384,7.120356196110285,7.203151178420404,836500
2014-10-09,7.920708179473877,8.123095866352601,7.727520132300079,8.123095866352601,727200
2014-10-10,7.734558582305908,7.976553711536286,7.511177165703171,7.8090187586283815,449400
2014-10-13,8.08824348449707,8.320931743273151,7.734558112276459,7.827632883205733,291100
2014-10-14,7.985861301422119,8.20924182608008,7.8555555515539925,8.060321476308106,493900
2014-10-15,8.237165451049805,8.441930497954509,7.985861683073107,8.01378402808096,603100
2014-10-16,7.939322471618652,8.23716402133603,7.725249717655877,8.23716402133603,530300
2014-10-17,7.697327613830566,8.088243050998377,7.613559703139173,8.069628452864299,336800
2014-10-20,7.883476734161377,7.902091329227796,7.604250707084532,7.762478759506909,264800
2014-10-21,7.827632904052734,8.144089078852652,7.781095074646523,7.995168734860989,240100
2014-10-22,7.52048397064209,7.827632381530464,7.52048397064209,7.762479957292084,299700
2014-10-23,7.585637092590332,7.846248588784728,7.362256570968241,7.436716744842272,429000
2014-10-24,7.492560386657715,7.6228652135126795,7.297102258740208,7.483252645415201,281900
2014-10-27,7.492560386657715,7.6600952908476785,7.371562413410205,7.427407529412703,372700
2014-10-28,7.864861965179443,7.864861965179443,7.4925611537148535,7.5670213160077715,361900
2014-10-29,7.594944953918457,8.162704898049594,7.520484778890652,7.818325479001869,659100
2014-10-30,7.2505645751953125,7.594943018866429,7.222642238582811,7.483252784781343,681400
2014-10-31,6.952724933624268,7.08303067727558,6.608346419297863,6.859649719457352,726800
2014-11-03,7.083029747009277,7.120259827786344,6.757266318301159,6.8782638589178395,468900
2014-11-04,6.813112258911133,7.157490769427773,6.766574430433694,7.0364927704405344,603600
2014-11-05,6.403580665588379,6.84103437478013,6.319812754625393,6.561808744599526,770600
2014-11-06,6.599038124084473,6.868956426350327,6.422195021941747,6.515270222064876,1188600
2014-11-07,6.915493965148926,7.045799692165849,6.654883398750224,6.747958601035474,1014400
2014-11-10,6.4408111572265625,6.82241976453273,6.394273327342457,6.794497421656376,700700
2014-11-11,6.552501201629639,6.710729285469004,6.4221959035691825,6.450118245530469,803300
2014-11-12,6.66418981552124,6.7944955253011345,6.403579283596478,6.682804853515866,560400
2014-11-13,6.580422401428223,6.83172563760007,6.5152695461919965,6.692112629989595,494200
2014-11-14,7.0551066398620605,7.129566797989752,6.431502149816315,6.468732228880161,786800
2014-11-17,7.204028606414795,7.287796525406761,6.878265118071536,6.962033037063502,630800
2014-11-18,7.557712554931641,7.57632803681283,7.241256907849194,7.3157170601038874,657400
2014-11-19,6.887571811676025,7.501869050920937,6.841033987372556,7.473945823757753,968600
2014-11-20,7.017877101898193,7.157490131060986,6.8503417331933925,6.989954762356185,485600
2014-11-21,7.073723316192627,7.315719329920968,7.036493228514059,7.176106279217514,468500
2014-11-24,6.943417549133301,7.120260675794807,6.896879720710622,7.092337889977675,448300
2014-11-25,7.185412406921387,7.222642932343412,6.952724174984822,6.952724174984822,558700
2014-11-26,6.859649181365967,7.18541262730513,6.841034139992804,7.18541262730513,453600
2014-11-28,6.384964942932129,6.720035663429949,6.347734862876815,6.720035663429949,581500
2014-12-01,6.8782639503479,6.887571692574676,6.412887490630929,6.533885476673561,1427600
2014-12-02,6.8224196434021,6.93410990055975,6.645576514327005,6.692114343384841,518300
2014-12-03,7.092337131500244,7.3064103204791655,6.878263942521323,6.934109064365705,723500
2014-12-04,6.8782639503479,7.166797302114312,6.831726570666749,7.129567220842361,415800
2014-12-05,6.654883861541748,6.7479590702996015,6.599038736287037,6.692113945044889,317400
2014-12-08,6.70142126083374,6.794496913642835,6.3384277238581275,6.70142126083374,612300
2014-12-09,6.980645179748535,7.250563424526748,6.878262259509999,6.887569999448715,461200
2014-12-10,6.89687967300415,7.278488709504663,6.868957331197784,7.064415499112831,363900
2014-12-11,6.738651752471924,7.073722968948261,6.7014216666209565,6.803804624619932,367900
2014-12-12,6.552501201629639,6.775882156408043,6.450118245530469,6.692114242888938,620900
2014-12-15,6.468733310699463,7.008570435041718,6.422195925995602,6.5990390530325715,2178400
2014-12-16,6.031278133392334,6.710727691950117,5.900972866273963,6.682804912801707,1525600
2014-12-17,6.5711164474487305,6.626961576916168,5.938204536333468,6.031279752112531,1636200
2014-12-18,6.8224196434021,6.850342429600327,6.440811042871313,6.7200366857654386,1581300
2014-12-19,6.934109210968018,6.971339292984731,6.65488359584266,6.78518888290116,18091800
2014-12-22,6.431502342224121,6.7386507255984185,6.2825820215135675,6.552500324710227,1979900
2014-12-23,6.2546586990356445,6.692112769050872,6.170891247782695,6.39427170954726,1132000
2014-12-24,6.412887096405029,6.49665499602616,6.1429688018675535,6.25465903881736,403500
2014-12-26,6.70142126083374,6.72934404543999,6.4780407592541644,6.580423711053606,284700
2014-12-29,6.27327299118042,6.636266864088495,6.245350658690551,6.608344087781154,629300
2014-12-30,6.5897297859191895,6.673497680359398,6.329119249154686,6.394271661437051,671000
2014-12-31,6.636269569396973,6.701422000978029,6.431503643182542,6.552501650144009,564600
2015-01-02,6.859649181365967,6.859649181365967,6.347735321695167,6.496655652680476,647200
2015-01-05,7.390178680419922,7.399485979391899,6.915494449773805,6.962032276086499,1423300
2015-01-06,7.874170780181885,7.920708609864238,7.334334086191246,7.436716601384204,1771700
2015-01-07,7.557712554931641,7.948628798086298,7.4087922504222545,7.650788189067524,1217400
2015-01-08,7.231949329376221,7.781093186500002,7.213334290894355,7.613558283980742,813300
2015-01-09,7.427408695220947,7.483253819988913,7.036492378027592,7.166797669152844,856800
2015-01-12,7.650790214538574,7.771788215894233,7.35294908285179,7.548406812357104,1133400
2015-01-13,7.110953330993652,7.762480746326626,6.93411019442403,7.7066351715634624,1353200
2015-01-14,6.99926233291626,7.241258318711199,6.803804173256532,7.166797708131339,1001300
2015-01-15,7.315717697143555,7.539098617176764,7.092336777110346,7.2319497966539075,1317300
2015-01-16,7.613558769226074,7.836939245245468,7.352947770052561,7.473945305987622,1212200
2015-01-20,7.799707889556885,7.948628182533681,7.650787596580089,7.688017669824288,1118600
2015-01-21,7.3436408042907715,7.939322580437333,7.213335512843812,7.902092497166772,1313600
2015-01-22,6.552501201629639,7.231950921528449,6.319812947470013,7.194720836368319,1684900
2015-01-23,5.621748447418213,6.3477360295655965,5.603133403969185,6.3477360295655965,1945100
2015-01-26,5.3611369132995605,5.612440178371879,5.184293809164585,5.612440178371879,1507300
2015-01-27,5.398367881774902,5.519365441292844,5.249447091585862,5.416982925071327,1692000
2015-01-28,5.174986362457275,5.3518294766840775,5.035373330823737,5.305291651533701,1231500
2015-01-29,4.802685260772705,5.119141417707145,4.7561478778113875,5.026066207966901,1280400
2015-01-30,4.932990550994873,4.979527929737047,4.765454744833853,4.784069785094236,970600
2015-02-02,5.063295841217041,5.147063744436513,4.858529954195569,4.858529954195569,1610400
2015-02-03,5.091219425201416,5.202910138089275,4.979529156131234,5.016759245821294,1206000
2015-02-04,5.3611369132995605,5.379751953533896,5.10052590620129,5.137755986669962,1773700
2015-02-05,5.370442867279053,5.435595713700169,5.249444914133032,5.333212796129117,926700
2015-02-06,5.193602561950684,5.333215624718564,5.081912289263457,5.193602561950684,1025700
2015-02-09,5.3425211906433105,5.416981792072709,5.230830954225534,5.26806103303146,609400
2015-02-10,5.221524238586426,5.361137271583034,5.156371371503316,5.2494465788951885,775900
2015-02-11,5.221524238586426,5.286676661851938,5.1284490311945525,5.1470640726729275,509600
2015-02-12,5.351829528808594,5.389059611764463,5.277369362896855,5.314599445852724,498800
2015-02-13,5.379751682281494,5.510056957351725,5.3425211598724545,5.407674019316342,493800
2015-02-17,5.333215713500977,5.361138504046462,5.2308327399244625,5.305292922955491,806700
2015-02-18,5.454212188720703,5.51936460851903,5.295984122666068,5.323906461488901,1235800
2015-02-19,5.379751682281494,5.519364255090826,5.333213862133354,5.407674019316342,671400
2015-02-20,5.351829528808594,5.491442561801902,5.314599445852724,5.351829528808594,1518300
2015-02-23,5.444904804229736,5.49144263041484,5.295984470545571,5.333214553966612,568900
2015-02-24,5.435596466064453,5.510056618670675,5.28667571703449,5.398366389761342,371400
2015-02-25,5.649669647216797,5.686899723655003,5.42628874477004,5.482133859427349,531000
2015-02-26,5.752053260803223,5.770668302664038,5.649670752477542,5.724130919920803,591400
2015-02-27,5.631054401397705,5.770666960985125,5.621746660722542,5.761359664127465,623000
2015-03-02,5.5286736488342285,5.724131841759,5.491443559116908,5.67759400770351,491100
2015-03-03,5.5007500648498535,5.686900930357731,5.491442765674147,5.51936510701888,379000
2015-03-04,5.5659027099609375,5.612440535416138,5.40767463599437,5.482134801668614,350800
2015-03-05,5.5286736488342285,5.67759400770351,5.454213469399587,5.519365904496059,397300
2015-03-06,5.3611369132995605,5.398366993768232,5.295984050570601,5.3704442115079445,911600
2015-03-09,5.230831146240234,5.444904329141333,5.2029088080195836,5.416981990920682,904800
2015-03-10,5.091219425201416,5.249447528293013,4.960914111286203,5.193602393757922,830700
2015-03-11,5.286678314208984,5.314601107062644,4.886454575424769,5.053990001093519,734500
2015-03-12,5.379751682281494,5.510056957351725,5.240138665654618,5.361136642985747,657000
2015-03-13,5.482135772705078,5.510058561687609,5.2401401913997345,5.379753248677039,515100
2015-03-16,5.333215713500977,5.482136079563034,5.305292922955491,5.482136079563034,734300
2015-03-17,5.128449440002441,5.416982827826121,5.128449440002441,5.221524654813687,778600
2015-03-18,5.510056972503662,5.510056972503662,5.091217921471278,5.119140702400456,845000
2015-03-19,5.621748447418213,5.658978534316269,5.389060182396539,5.444905312743624,646800
2015-03-20,5.817205429077148,5.882358289657131,5.621747291154752,5.6869001517347355,3874100
2015-03-23,6.27327299118042,6.301195767487761,5.938202338397159,5.938202338397159,893400
2015-03-24,6.198814392089844,6.31050508135718,6.087124146640091,6.25465951481472,507700
2015-03-25,6.031278133392334,6.273273629469308,6.003355354243924,6.263966332298184,623900
2015-03-26,5.845127582550049,6.198813297344722,5.752051950628683,6.18019825972395,614300
2015-03-27,5.910280704498291,5.994048605794487,5.696207524155004,5.79859046531507,457000
2015-03-30,5.649669647216797,5.8451277704261395,5.6031318297602795,5.8265127322070365,505400
2015-03-31,5.454212188720703,5.714822755549158,5.416982107745209,5.658977634085918,1036200
2015-04-01,5.4169816970825195,5.6775922441540265,5.342521096958835,5.491441853388665,1148700
2015-04-02,5.286678314208984,5.4262913908418104,5.165680728690422,5.398369041805887,590400
2015-04-06,5.4169816970825195,5.5193641900946995,5.370443877482409,5.472826814312128,593700
2015-04-07,5.351829528808594,5.407674653242398,5.221524238463051,5.379752312934294,442500
2015-04-08,5.444904804229736,5.556595054492861,5.268061686070989,5.3611373384411944,613600
2015-04-09,5.351829528808594,5.510057603279837,5.333214487330659,5.435597437368099,665400
2015-04-10,5.482135772705078,5.556595951568261,5.3890605491261,5.435598382824426,488100
2015-04-13,5.845127582550049,6.012662921136999,5.482133683218732,5.482133683218732,1628800
2015-04-14,5.78928279876709,5.947510861576608,5.6217474378133705,5.640362477919339,1296700
2015-04-15,5.891665458679199,5.956818317833973,5.63105490969519,5.789282521098138,1021300
2015-04-16,5.975433349609375,6.031278467179294,5.7706674747021305,5.919588232039456,823900
2015-04-17,6.18019962310791,6.23604474828995,5.984741463061969,5.984741463061969,1038800
2015-04-20,6.3756585121154785,6.3942735559711785,6.077817810424284,6.115047898135683,836400
2015-04-21,6.636269569396973,6.785189920230992,6.347736167747233,6.375658511619784,2119500
2015-04-22,6.27327299118042,6.617651827822758,6.189505549893341,6.608344087781154,890100
2015-04-23,6.34773588180542,6.4221960538682765,6.13366266521589,6.263967966325889,835900
2015-04-24,6.245351314544678,6.422194399549049,6.170891161662315,6.310504170225505,632600
2015-04-27,6.32912015914917,6.561808393767631,6.26396729368167,6.301197375715216,764300
2015-04-28,6.6269612312316895,6.664191315601269,6.338427855458645,6.384965682829425,1073400
2015-04-29,6.636269569396973,6.803804964085244,6.533886606289757,6.608346781706767,1075500
2015-04-30,6.4408111572265625,6.505963586483144,6.34773594127599,6.459426200416677,699300
2015-05-01,6.431502342224121,6.440810084177312,6.310504803555578,6.347734883733217,483600
2015-05-04,6.6269612312316895,6.64557627341648,6.4873481929369605,6.543193763308944,708700
2015-05-05,6.478041172027588,6.738651773809571,6.431503342657703,6.729344474226174,788300
2015-05-06,6.31050443649292,6.5524999435714335,6.273273914663303,6.5524999435714335,527700
2015-05-07,6.524577617645264,6.5524999542912346,6.17089143213435,6.1895064711708425,895200
2015-05-08,6.636269569396973,6.7200370448322815,6.459426430872748,6.54319435012571,565000
2015-05-11,6.580422401428223,6.72934270617672,6.5431923252410975,6.580422401428223,495500
2015-05-12,6.785189628601074,6.83172745814532,6.599039198059363,6.599039198059363,524500
2015-05-13,6.906686305999756,6.9160325096699715,6.766496370507162,6.906686305999756,885300
2015-05-14,6.747805118560791,7.046876982691643,6.7291131549058365,6.972109128071821,671600
2015-05-15,6.7571516036987305,6.878649595325021,6.663691781544502,6.673037540934132,428700
2015-05-18,6.551538944244385,6.84126456928301,6.48611685640282,6.785188684983745,388200
2015-05-19,6.355273246765137,6.570231030143557,6.3178893231907605,6.420694890194532,637900
2015-05-20,6.551538944244385,6.626306789976738,6.37396508780429,6.383310845695077,394400
2015-05-21,6.551538944244385,6.626306789976738,6.523500779268996,6.542192740702085,895300
2015-05-22,6.411349296569824,6.61696088150257,6.355273409769985,6.495462903943817,742600
2015-05-26,6.233776569366455,6.308544432071938,6.12162477530823,6.299198226407945,706300
2015-05-27,6.028162002563477,6.224427783637769,5.962740372639665,6.205735825709333,617700
2015-05-28,6.037509918212891,6.056201881447389,5.9253581388059064,5.953395860831875,721400
2015-05-29,6.093585014343262,6.121623178369351,5.934703124715589,6.009470967916494,581400
2015-06-01,5.962741851806641,6.168353440025144,5.916011722567574,6.102931793872299,386000
2015-06-02,6.16835355758667,6.224429446351365,6.074893742978843,6.0842399472654005,522100
2015-06-03,5.887974262237549,6.149661749738317,5.878628057715313,6.093585859559581,614800
2015-06-04,5.775821685791016,5.859935738781432,5.757129723532204,5.831897572567448,228400
2015-06-05,5.729093074798584,5.775822766362281,5.588903108804259,5.69170914328698,326900
2015-06-08,5.897319316864014,5.916011278024775,5.701053501850267,5.7384374241717895,582200
2015-06-09,5.682362079620361,5.9253580434081705,5.682362079620361,5.9253580434081705,313700
2015-06-10,5.766476154327393,5.841244006303834,5.701054061022231,5.803860080315613,506000
2015-06-11,5.588902473449707,5.729092423507034,5.514134618926216,5.6917084962452895,931200
2015-06-12,5.5328264236450195,5.62628623911506,5.523480219272239,5.560864145460255,439900
2015-06-15,5.7104010581970215,5.850591022943086,5.532827162272221,5.673017127018285,802600
2015-06-16,5.766476154327393,5.859935969297943,5.616940450374511,5.691708302350952,592800
2015-06-17,5.841243267059326,5.850589470199338,5.691707582031086,5.757129221405194,799700
2015-06-18,5.673015594482422,5.972086963119721,5.635631673402759,5.9627412056755515,1071800
2015-06-19,5.691708087921143,5.7664759370807745,5.6075940347907896,5.616940238761511,3029600
2015-06-22,5.616940975189209,5.785168657854429,5.616940975189209,5.616940975189209,492200
2015-06-23,5.4580583572387695,5.607594056126998,5.439366394877741,5.588902093765969,519500
2015-06-24,5.392634868621826,5.523478571240243,5.345904752003824,5.430018783655659,665000
2015-06-25,5.299175262451172,5.373943095078468,5.271137102390218,5.364596893174339,735900
2015-06-26,5.3459062576293945,5.383290628843614,5.233754480941372,5.26179264793915,531500
2015-06-29,5.299175262451172,5.4113270113921175,5.243099387980699,5.364596893174339,1055300
2015-06-30,5.289831638336182,5.355253746591647,5.215063769273737,5.2711396710705705,419800
2015-07-01,5.130948066711426,5.327213883589607,5.102910347529692,5.280484203069547,691400
2015-07-02,5.317868709564209,5.392636563125844,5.1683330024409395,5.252446614871999,1456900
2015-07-06,5.158987045288086,5.514134812386382,5.056181018885614,5.514134812386382,672900
2015-07-07,4.626264572143555,5.205716253313561,4.607572611180103,5.102910245188825,1436300
2015-07-08,4.560843467712402,4.738417340564286,4.53280530014566,4.560843467712402,923800
2015-07-09,4.467383861541748,4.6636492611125,4.411307523776876,4.626265333036969,1351100
2015-07-10,4.523458957672119,4.682340846860825,4.467383075426369,4.616918761415035,1415700
2015-07-13,4.401961803436279,4.504767829377163,4.233734125611581,4.439345731841768,1318800
2015-07-14,4.392615795135498,4.458037895599378,4.2898102102443145,4.355231865056595,581900
2015-07-15,4.205695629119873,4.355231331102307,4.1870036663720684,4.345885572554178,646800
2015-07-16,4.121579647064209,4.252423770779921,4.112233892885278,4.177655509091799,1441000
2015-07-17,3.8412024974823,4.112236205889286,3.7944723633494037,4.102890000802073,1494100
2015-07-20,3.140252113342285,3.6916655906881095,3.12156015371962,3.672973631065444,1780200
2015-07-21,3.1869828701019287,3.299134650179618,3.140252738910445,3.177636888428788,1254800
2015-07-22,3.140252113342285,3.2150201746586804,3.018754375794962,3.1122141739082876,2082700
2015-07-23,2.878565549850464,3.1776374631322986,2.8224896496698024,3.140253306852704,1668400
2015-07-24,3.1028687953948975,3.1402527218847744,2.915948940119735,2.934641126190452,996100
2015-07-27,2.8224895000457764,3.158945328945402,2.7851055685737753,3.084177243175592,1719300
2015-07-28,3.000062942504883,3.037446868308868,2.8224890721101787,2.8224890721101787,700600
2015-07-29,3.056138277053833,3.1122141555918015,2.925294560465239,3.000062398515864,950400
2015-07-30,2.9159488677978516,3.0281008673116463,2.850526998063172,3.018754885920978,809100
2015-07-31,3.0374467372894287,3.0561386993851487,2.9439869268108287,2.9907168320501287,406000
2015-08-03,2.850526809692383,3.0000627248871004,2.813142886600143,3.0000627248871004,571600
2015-08-04,2.934640645980835,2.9813705464465388,2.8505266023168265,2.8972565027825303,894200
2015-08-05,2.887910842895508,3.0000628392741406,2.878564861766102,3.0000628392741406,671700
2015-08-06,2.934640645980835,3.0654843672848053,2.8785645425962487,2.962678586260257,854500
2015-08-07,2.859873056411743,3.0561388937229808,2.8505270747695786,2.8692190380539078,685100
2015-08-10,3.000062942504883,3.028100886857872,2.859872997914164,2.86921897936516,1453300
2015-08-11,3.243058681488037,3.3084805516133695,3.0561388297327414,3.112214718411598,2141800
2015-08-12,3.6636288166046143,3.682320782172939,3.2897890595865005,3.3739029046439635,2505400
2015-08-13,3.3645565509796143,3.6729743945112223,3.3178266422099107,3.504746500114507,1304500
2015-08-14,3.3832485675811768,3.4860545913136525,3.3178266942769192,3.420632718009395,357900
2015-08-17,3.588859796524048,3.635589921096382,3.392594209188385,3.486054012681558,1115600
2015-08-18,3.4953997135162354,3.6168974483416196,3.4393238359045197,3.570167550331856,505500
2015-08-19,3.850548505783081,4.028122403052658,3.6729748313393116,3.7010127799356964,995200
2015-08-20,4.224387168884277,4.317846973265268,3.962699270966003,3.962699270966003,1684400
2015-08-21,4.084197998046875,4.289810051524969,3.9720462119596873,4.271118087177104,2285100
2015-08-24,3.7103583812713623,4.065505916465496,3.6262445441314903,3.859894314568031,1744600
2015-08-25,3.5608222484588623,3.803818210010353,3.476708416031958,3.7570880802807443,921800
2015-08-26,3.2897887229919434,3.4954005460321627,3.2804427411640145,3.4954005460321627,981500
2015-08-27,3.5047454833984375,3.626243433779261,3.2897877425906095,3.317825679718711,1237400
2015-08-28,3.8598930835723877,3.8972769992676444,3.476707502044579,3.476707502044579,914000
2015-08-31,3.8318562507629395,3.841202455748609,3.5888604917803013,3.6916665183647583,638500
2015-09-01,4.112235069274902,4.196348663553047,3.7851255577118743,3.869239151990018,2253600
2015-09-02,4.149620056152344,4.289810010237868,4.037468271144556,4.149620056152344,1302800
2015-09-03,4.037467956542969,4.299155434503649,4.037467956542969,4.037467956542969,1054200
2015-09-04,3.9066243171691895,4.084198210538462,3.7010126986451715,4.0187765547429875,2359600
2015-09-08,4.205695629119873,4.224387591867678,3.9346619464509383,4.084197648433372,1056600
2015-09-09,4.018775463104248,4.140272981857881,3.9907372999140343,4.102889061371919,1103800
2015-09-10,4.028120994567871,4.102888831348019,3.981391319406009,4.074851115381193,1017500
2015-09-11,3.9253156185150146,4.130927647910976,3.766434162992811,4.018775874959469,1974200
2015-09-14,3.990736722946167,4.317846202731639,3.925314648728504,3.925314648728504,1919100
2015-09-15,3.962700843811035,4.0374691626437995,3.9253169072204916,4.009430987375053,813900
2015-09-16,4.130928039550781,4.14962000348149,3.972046123313971,4.037468219897238,1350200
2015-09-17,4.243080139160156,4.271118309970292,3.8505484217278902,4.0561604859312705,1894200
2015-09-18,4.392615795135498,4.4113077601749495,4.1028901141982,4.36457807040212,7997700
2015-09-21,3.990736722946167,4.4673823087075215,3.972044765405609,4.4393441495709745,1808000
2015-09-22,3.7290501594543457,3.925315769677607,3.6823202522583314,3.887931843920795,1115600
2015-09-23,3.6823203563690186,3.8131641002172203,3.6355904478518037,3.7944721368103345,761700
2015-09-24,3.915969133377075,3.9720450094439927,3.7103573649726522,3.766433463865294,1522500
2015-09-25,3.7197041511535645,3.8318559276141033,3.7010121884101412,3.766434280837895,909800
2015-09-28,3.4486706256866455,3.644936466261203,3.392594734901281,3.598206334447617,929700
2015-09-29,3.3645565509796143,3.5327844453763295,3.3178266422099107,3.467362573098744,944400
2015-09-30,3.4486706256866455,3.4767085710793277,3.28044273050477,3.28044273050477,681100
2015-10-01,3.3832485675811768,3.532784500816694,3.3365186580781354,3.4486706637112197,562600
2015-10-02,3.6075520515441895,3.644936198817186,3.448670372643462,3.5047462593143073,938500
2015-10-05,3.803818464279175,3.8412023923011973,3.579514450495465,3.5888604325009705,1353200
2015-10-06,4.046814918518066,4.158966728138727,3.8318570605859628,3.878587204087076,1486500
2015-10-07,4.093543529510498,4.168311374599939,3.8972777133249594,4.093543529510498,1573900
2015-10-08,4.149620056152344,4.327193938573797,3.9907381378988553,4.0281220662347845,1841200
2015-10-09,4.486074924468994,4.486074924468994,4.233733237820831,4.280462915702944,1986300
2015-10-12,4.411306858062744,4.560842993449818,4.2991550907610705,4.551496790015591,874600
2015-10-13,4.383269786834717,4.476729606731194,4.327193894896831,4.401961750814013,776000
2015-10-14,4.654302597045898,4.747762399064594,4.392614705742064,4.439344829577156,1984600
2015-10-15,4.411306858062744,4.551496790015591,4.280463129544125,4.486075148582035,1319100
2015-10-16,4.1776580810546875,4.44869224952643,4.1589661155378375,4.392615907324269,855800
2015-10-19,3.8879311084747314,4.1496189849227445,3.85054718978951,4.112235066237523,1540700
2015-10-20,4.215042591094971,4.271118489419643,3.91597068771176,3.9346626538199843,1305500
2015-10-21,4.102889060974121,4.215041268072618,4.018775462714605,4.2056950651262905,1030900
2015-10-22,3.972046136856079,4.205695909612319,3.972046136856079,4.084197920822696,515700
2015-10-23,4.233734130859375,4.280463818598368,3.990738150270922,4.046814042948662,1296900
2015-10-26,4.037467956542969,4.158965491341799,4.0187759938314915,4.028121752361458,656200
2015-10-27,4.046814918518066,4.065506886788176,3.9346631088974062,4.009430981977847,644800
2015-10-28,3.9531376361846924,4.252901803263644,3.86882931316497,4.121755175590493,1205000
2015-10-29,3.728314161300659,4.028078273337394,3.728314161300659,4.009343044252792,1145200
2015-10-30,3.597167491912842,3.7845200143059348,3.597167491912842,3.737681939543051,1032200
2015-11-02,3.5690648555755615,3.6440060029161243,3.447285854077199,3.6065353175750574,896900
2015-11-03,3.578433036804199,3.634638962030833,3.4660216330341433,3.5128597179383334,793700
2015-11-04,3.4285507202148438,3.6065354197550965,3.353609570751055,3.5971678039898203,844600
2015-11-05,3.3067712783813477,3.456653344288325,3.2974036632210093,3.4191828836469713,1862700
2015-11-06,3.16625714302063,3.3067713745105114,3.1006836116504495,3.2411980664819,1282400
2015-11-09,3.2786684036254883,3.2880360187021846,3.138153954133486,3.166257022705135,1343700
2015-11-10,3.1756246089935303,3.26930075891128,3.119418695701322,3.203727453968855,1012400
2015-11-11,3.0632131099700928,3.2130951782794748,3.007007418107162,3.175624717037521,1082200
2015-11-12,2.800919771194458,3.035110386768103,2.716611229990913,3.0070075397002545,2544500
2015-11-13,2.8758604526519775,2.9133309122292195,2.7447138441316317,2.791551918603184,658500
2015-11-16,2.847757577896118,2.9508015639869227,2.8290223483053456,2.8945956518730505,838100
2015-11-17,2.74471378326416,2.8571251595030223,2.7259785538910166,2.8383899301298787,1092900
2015-11-18,2.800919771194458,2.810287386883741,2.70724361430163,2.7353464613694785,1520300
2015-11-19,2.9414336681365967,2.988271737638136,2.791551622390138,2.8383896918916776,1328900
2015-11-20,2.7540817260742188,2.969537112876448,2.6885081921141816,2.960169497073811,1480300
2015-11-23,2.669773578643799,2.782185217643781,2.669773578643799,2.754082363729193,761700
2015-11-24,2.7353460788726807,2.763448922010771,2.641669711737501,2.70724323573459,851300
2015-11-25,2.7915525436401367,2.838390628598876,2.688508533389304,2.7259792246979018,444100
2015-11-27,2.800919771194458,2.810287386883741,2.70724361430163,2.7259788456801957,267900
2015-11-30,2.8102869987487793,2.8571250707262834,2.782184155562277,2.8009193843532785,1155400
2015-12-01,2.9133315086364746,2.950802199226144,2.800920106892272,2.8477581909523564,693700
2015-12-02,2.8758604526519775,2.8945956824405985,2.800919533497494,2.8477576079690463,581400
2015-12-03,3.128786087036133,3.1381537013582768,2.8571250483524158,2.8758602769967037,830900
2015-12-04,3.2599334716796875,3.3161391672813694,3.128786625267515,3.166257312343551,1352300
2015-12-07,3.072580575942993,3.259933096388376,3.035110116522228,3.184992177546845,1114200
2015-12-08,2.960170030593872,3.128787145431692,2.913331719797304,3.072581440485752,936900
2015-12-09,2.960170030593872,3.072581440485752,2.932067178120902,3.0257433530308018,716300
2015-12-10,3.0163750648498535,3.072580757298477,2.922698687427246,2.941434141585022,857400
2015-12-11,3.025742530822754,3.128786295222777,2.932066381368187,2.9508016112591005,984000
2015-12-14,2.988272190093994,3.2224627964021457,2.9789045747753304,3.2130951810834825,1225900
2015-12-15,2.9414336681365967,3.0444774210399834,2.9320660542362886,3.0163745793390597,869000
2015-12-16,3.0538454055786133,3.0725806356530816,2.8852281115668386,2.9976397153552083,1531100
2015-12-17,3.007007360458374,3.0538454361128613,2.847757679891556,2.9695368999347846,1386200
2015-12-18,3.025742530822754,3.110051065331864,2.988272071040927,3.0538453756591237,4782700
2015-12-21,3.1006839275360107,3.166257465586567,3.091316311149016,3.1475220094709853,721600
2015-12-22,3.1381537914276123,3.1662568585421837,3.0632128746995533,3.072580489290561,626200
2015-12-23,3.3067712783813477,3.316138893541686,3.1287863669933547,3.138153982153693,640000
2015-12-24,3.316138505935669,3.3817118043935195,3.3067708918702614,3.325506120001076,316500
2015-12-28,3.1475212574005127,3.288035692972431,3.1381536432518207,3.259932850526355,349800
2015-12-29,3.1100516319274902,3.2224632550939094,3.1100516319274902,3.1849927884856357,566300
2015-12-30,3.0819485187530518,3.0913161346050657,2.9882723602329144,3.016375207788956,295400
2015-12-31,3.0819485187530518,3.110051366309093,3.0351104394929833,3.0725809029010382,338000
2016-01-04,3.2224626541137695,3.3629768776892917,3.128786281721865,3.1475215115319344,765200
2016-01-05,3.269301652908325,3.2974045055684313,3.2224635651414824,3.2224635651414824,423000
2016-01-06,3.3817126750946045,3.4004481313908372,3.259933660889453,3.316139359753369,690200
2016-01-07,3.4285507202148438,3.512859262102332,3.2974038761593962,3.419183104449567,1810700
2016-01-08,3.2599334716796875,3.4098155499590868,3.110051393400288,3.353609631015824,1470900
2016-01-11,2.9695374965667725,3.2693014643248723,2.960169879553757,3.231830996272811,1270500
2016-01-12,2.8852286338806152,2.9976402580188934,2.810287700016163,2.932066940887498,1762900
2016-01-13,2.8852286338806152,2.969537407819724,2.847758166948389,2.8571257836814454,800400
2016-01-14,2.576097011566162,2.85712573179597,2.5573617784402813,2.8196552655442084,2023600
2016-01-15,2.407479763031006,2.7447144161972434,2.3606416787972515,2.7353467993504927,1536600
2016-01-19,2.2575972080230713,2.388743804058375,2.1920236866638847,2.379376190055853,2046100
2016-01-20,2.1920244693756104,2.3138037182339515,2.145186382638408,2.2763332488441894,2236000
2016-01-21,2.24822998046875,2.2857004429196337,2.1264507541618047,2.1732888322254094,1047600
2016-01-22,2.2857003211975098,2.3138031665390906,2.201391561831206,2.2669650909697894,1309800
2016-01-25,2.4730517864227295,2.4824193975199513,2.304434563331268,2.31380217442849,657200
2016-01-26,2.725978136062622,2.782183815567043,2.501155194703421,2.501155194703421,1363200
2016-01-27,2.9320664405822754,2.960169285986192,2.660405154994624,2.6791403852639015,1512400
2016-01-28,2.960170030593872,3.044478588012782,2.875861249833344,2.903964102306314,1360900
2016-01-29,3.0351102352142334,3.1756246868786633,2.903963398771328,2.903963398771328,2070700
2016-02-01,3.1475212574005127,3.194359551485511,3.0444775017649004,3.0538451159135924,1361200
2016-02-02,2.9789044857025146,3.1475215563966037,2.9133309570910315,3.016374945856757,601200
2016-02-03,3.1756246089935303,3.23183029894418,2.9789044708246974,2.9789044708246974,1632600
2016-02-04,3.3817126750946045,3.5128595291186695,3.259933660889453,3.2693012773667722,2079200
2016-02-05,3.68147611618042,3.68147611618042,3.2693006265469706,3.3255063142220185,1868900
2016-02-08,3.8500943183898926,4.0093440280256685,3.690844608754117,3.7564181499815557,2540500
2016-02-09,3.578433036804199,4.046814555870917,3.5503301858616854,4.037446715548472,1889100
2016-02-10,3.5690648555755615,3.6159029330749317,3.3910799377363845,3.5409620090759395,1645500
2016-02-11,3.9906086921691895,4.168593184246345,3.82199114666823,4.018711318630554,2231700
2016-02-12,4.084283828735352,4.1030190572151115,3.8407254118153937,3.9250341633158534,1800500
2016-02-16,3.728314161300659,4.05618089362275,3.690843703131454,3.878195993977479,1543000
2016-02-17,3.7470500469207764,3.78452051165533,3.615903197008251,3.756417886446002,1456300
2016-02-18,4.037446022033691,4.065549091490528,3.6814764145653776,3.6814764145653776,2739400
2016-02-19,3.999974250793457,4.10301820948359,3.9625038015757705,4.028077311048216,2552800
2016-02-22,3.962505340576172,4.056181500003342,3.821990878093836,3.831358717378134,1104400
2016-02-23,3.9531376361846924,4.149857801036008,3.934402403659956,4.046814245491549,1969700
2016-02-24,4.028078556060791,4.215430860056728,3.9156667269801018,4.121754708058759,2642800
2016-02-25,4.121753692626953,4.159224144194951,3.971871439671943,3.9906071121389592,1056500
2016-02-26,4.028078556060791,4.1779603992575405,4.009343325661197,4.028078556060791,1549100
2016-02-29,4.281004905700684,4.29974013835806,4.018711201814236,4.103019972114019,1034800
2016-03-01,4.149857997894287,4.327842938664001,4.1123875310673155,4.318475545298858,1564400
2016-03-02,4.24353551864624,4.309108626267252,4.140491489506129,4.196697201759837,1044800
2016-03-03,4.805592060089111,4.852429920274954,4.234166771029524,4.252902004440501,1959500
2016-03-04,4.89926815032959,5.283340652574434,4.889900310429378,4.992944315915748,3500100
2016-03-07,5.189664363861084,5.386384530266335,4.983576804461059,4.992944197455833,2361000
2016-03-08,4.908634185791016,5.358280102913199,4.899266795165068,5.348912712287251,2221600
2016-03-09,4.852428913116455,4.955472898830864,4.646341388370743,4.76812060360749,1626700
2016-03-10,4.843062400817871,5.002312104006573,4.683812697629169,4.721283163475547,2146100
2016-03-11,4.721282958984375,4.908635280101546,4.683812494760941,4.871164815878111,1489000
2016-03-14,4.599503517150879,4.8992676639504245,4.52456259212178,4.721282743664739,2529000
2016-03-15,4.636973857879639,4.665076927369023,4.402783249972927,4.52456247328837,1318200
2016-03-16,4.927369594573975,4.992942665467098,4.458988474786321,4.580767226451997,1577700
2016-03-17,5.021048069000244,5.302076603822136,4.974209756521636,5.095989011619415,1993800
2016-03-18,5.06788444519043,5.245869354937416,4.9180026040069125,5.011678754746611,8645100
2016-03-21,5.021048069000244,5.26460613251255,4.946107126381073,5.049150699140807,1126100
2016-03-22,5.0491485595703125,5.170927763064304,4.97420764870726,5.124089470433365,701500
2016-03-23,4.627606391906738,4.94610575651004,4.627606391906738,4.889899618429233,2094900
2016-03-24,4.758753776550293,4.796224243555948,4.60887190852767,4.655709768943139,1067800
2016-03-28,4.66507625579834,4.833693308411627,4.552664887389481,4.833693308411627,941700
2016-03-29,4.974208354949951,4.99294358532576,4.6276063696559335,4.6276063696559335,1403800
2016-03-30,4.89926815032959,5.021047388933192,4.768121518508968,4.936738616564053,1249000
2016-03-31,4.955473899841309,5.039782673063832,4.936738666534436,4.936738666534436,1131700
2016-04-01,5.255237579345703,5.255237579345703,4.7774885054582965,4.796223736982323,1689500
2016-04-04,4.871163845062256,5.217766240076421,4.833693388306629,5.189663174168161,1790900
2016-04-05,4.992944717407227,5.105356125149815,4.8617980750408725,4.983577323436958,1705100
2016-04-06,5.152194023132324,5.170929256258205,4.9086355458126825,4.9367386188430995,1523900
2016-04-07,5.3863844871521,5.489428489368908,5.22713478736699,5.3863844871521,2493300
2016-04-08,5.779824256896973,5.789191648909308,5.433222265461016,5.433222265461016,2570500
2016-04-11,6.004647254943848,6.014015093997442,5.807927101649864,5.910971097823653,3106400
2016-04-12,5.873500823974609,6.032750519544893,5.770456824485043,6.032750519544893,2187400
2016-04-13,5.751528263092041,5.976710227358226,5.6858499664826745,5.779675784926918,1351800
2016-04-14,5.507579803466797,5.770292500327447,5.38560603537447,5.676466696947472,1790400
2016-04-15,5.798440456390381,5.8453535853284775,5.470049896013967,5.545110544397518,1434700
2016-04-18,5.826587677001953,5.939178635157378,5.770292197924241,5.920413475464807,1040900
2016-04-19,6.0142388343811035,6.089299467665631,5.901647884454312,6.061151953882266,2244400
2016-04-20,5.8078227043151855,6.220656678241261,5.732762063128028,5.920413666095921,2448900
2016-04-21,5.957943439483643,6.004856559615248,5.7515266951772555,6.004856559615248,2043400
2016-04-22,5.732761859893799,6.004856898249459,5.695231540630721,5.901648296577648,1764900
2016-04-25,5.704614639282227,5.892266707419809,5.67646711986948,5.695232281943563,1588000
2016-04-26,5.713996887207031,5.807822688434423,5.601405478337451,5.789057528188945,1696900
2016-04-27,5.967326641082764,6.070534796431869,5.713996759722475,5.732761919549285,2139400
2016-04-28,6.305099010467529,6.314481813324063,6.004856477405107,6.033003991181376,2360900
2016-04-29,6.755463600158691,6.774228759427039,6.427073089264268,6.4739862111334805,3647000
2016-05-02,6.633490562438965,6.905585606760253,6.60534259867617,6.811759806545448,3195800
2016-05-03,6.577195644378662,6.755464456322788,6.408308742162709,6.549047678210422,3692700
2016-05-04,5.976707935333252,6.6241065054209765,5.882882152870529,6.445837295043491,1981500
2016-05-05,6.154977798461914,6.2112732739098275,5.92979589667026,6.089299520074348,1444200
2016-05-06,6.549046516418457,6.661637466324448,6.220656022160984,6.2675686942568145,3122300
2016-05-09,6.1174468994140625,6.3613943838731215,6.1174468994140625,6.305098466385164,1731600
2016-05-10,6.455221176147461,6.539664170782461,6.079917536158107,6.220656457078702,1494600
2016-05-11,6.483368873596191,6.755463919549941,6.220656631418568,6.595960281926167,2594500
2016-05-12,6.305099010467529,6.671020268732355,6.305099010467529,6.502133396488078,1884300
2016-05-13,6.267568588256836,6.389542338957116,6.079917008253833,6.126830126952912,1703200
2016-05-16,6.671020984649658,6.727316465640353,6.445838613290166,6.464603773620398,2670500
2016-05-17,6.924349784851074,6.990027611989216,6.624106819344884,6.736697763635965,3143000
2016-05-18,6.33324670791626,7.065088746574441,6.323863905450438,6.783610936152837,3486200
2016-05-19,6.436456680297852,6.51151732655725,6.117448486298664,6.154978809428363,2956400
2016-05-20,6.605341911315918,6.6334898721496005,6.239421104858008,6.502133318121296,3453000
2016-05-23,6.370777606964111,6.5396640402600745,6.258186651433469,6.427073084729432,1667100
2016-05-24,5.760908603668213,6.183125309894903,5.751526248808048,6.0517687626795045,2610100
2016-05-25,5.882883548736572,5.94856183574266,5.488814721493506,5.676466778340871,2710500
2016-05-26,5.976707935333252,6.070533717795976,5.817203881448312,6.023621050262925,1846500
2016-05-27,5.854736328125,6.070535930133268,5.798440838131119,5.939179786814213,2172300
2016-05-31,6.004856109619141,6.2394207979058525,5.77029142133243,5.7890565784995,1759200
2016-06-01,5.92979621887207,6.126830617344177,5.770292139404489,6.023622016383385,1560200
2016-06-02,5.882883548736572,6.023622479522914,5.779674939840358,5.854735583620613,956700
2016-06-03,6.764845848083496,6.792993360976705,6.248803339477059,6.248803339477059,3208800
2016-06-06,6.980644702911377,6.990027057159259,6.680401761236823,6.821140654127913,1829400
2016-06-07,6.839908123016357,7.018177387976059,6.764847474064221,6.821142960778324,1483700
2016-06-08,7.158915042877197,7.384096949295923,7.102619566272515,7.168297398612972,3514000
2016-06-09,7.402863025665283,7.487306474736455,7.102620446561977,7.121385607755933,1898000
2016-06-10,7.384096622467041,7.665574440428585,7.309035990316405,7.524835978844471,2770000
2016-06-13,7.205827236175537,7.731252096869901,7.018175659997781,7.609278348656035,5030500
2016-06-14,7.196446895599365,7.327803035694921,7.018177624628438,7.233977221340953,2899200
2016-06-15,7.57174825668335,7.693722008493769,7.149531974135478,7.233975409603717,3189700
2016-06-16,7.243358135223389,8.059643675880594,7.168297498702423,7.928287114572221,5890400
2016-06-17,7.318420886993408,7.543602847874787,7.130768805528805,7.402863898625532,16507200
2016-06-20,7.309035778045654,7.3840964080163625,7.065088730640855,7.168296873152255,1896400
2016-06-21,7.14015007019043,7.327801663765771,7.065089432760293,7.14015007019043,1685100
2016-06-22,7.149532794952393,7.2527414004408,6.952498387836666,7.205828275928784,1808900
2016-06-23,7.074471473693848,7.233975544828051,7.036941156650114,7.12138459369685,1421600
2016-06-24,7.449776649475098,7.815697540873666,7.346568032322817,7.806314735952203,2404500
2016-06-27,7.7687835693359375,7.900140139623762,7.5342188404748835,7.70310573158874,3857500
2016-06-28,7.665575981140137,7.759402237583321,7.571749724696953,7.656193176537119,2228300
2016-06-29,7.862607955932617,7.9564332883712146,7.674956396262205,7.759399821812195,2462200
2016-06-30,8.0690279006958,8.247296720141055,7.918905706412897,8.031497575823456,2657300
2016-07-01,8.669509887695312,8.716423000108744,8.219146156030037,8.378650201359788,2182900
2016-07-05,8.941605567932129,8.96975397446599,8.416181173072436,8.82901462617648,2890500
2016-07-06,9.2887601852417,9.363820804916097,9.02604801638131,9.091725834898115,3089700
2016-07-07,9.157404899597168,9.251230230393858,8.838396806343379,9.204318012392115,2257300
2016-07-08,9.673449516296387,9.673449516296387,8.997902867280631,9.054197899402459,2701000
2016-07-11,9.729743957519531,9.767274274919291,9.363822691776862,9.560857081823938,2022100
2016-07-12,9.204317092895508,9.701593891341089,9.204317092895508,9.654680783232687,2195700
2016-07-13,9.326292991638184,9.420119238744151,9.016667628899262,9.307528279093034,2218200
2016-07-14,9.072959899902344,9.157403309310048,8.810247766584077,9.054194300125944,2123400
2016-07-15,8.941605567932129,9.157405544058738,8.875927742272983,8.894692451835626,1560100
2016-07-18,8.866548538208008,8.997905137625073,8.725810027599003,8.932227285313354,1476600
2016-07-19,8.67889404296875,8.819632507369828,8.660128437158827,8.763337479526731,1505600
2016-07-20,8.040877342224121,8.510006725453875,7.975199514905808,8.434946095720576,2132000
2016-07-21,8.359886169433594,8.500625533121069,8.125321458081165,8.125321458081165,1319700
2016-07-22,8.19100284576416,8.331742270531564,8.087794650103064,8.209768460317314,854700
2016-07-25,7.8907575607299805,8.153469814003644,7.834462525282351,8.050261652487354,1303400
2016-07-26,8.18161678314209,8.322355241725917,7.928286483939244,8.022112719523994,1430500
2016-07-27,8.528773307800293,8.58506833915582,8.022113551633613,8.303591392791411,1916800
2016-07-28,8.453712463378906,8.725807494413173,8.247295265589452,8.641364054645061,1424500
2016-07-29,8.76333999633789,8.847783457147841,8.491244897502272,8.603835880317673,1597400
2016-08-01,8.70704460144043,8.791488067525348,8.556923281642195,8.744574931389987,664600
2016-08-02,8.810250282287598,9.119875608665097,8.791484677152814,8.885310913240124,1381900
2016-08-03,8.641362190246582,8.772718723189028,8.51938845854142,8.772718723189028,1156800
2016-08-04,8.725808143615723,8.847781910711948,8.650747501524728,8.69766062652996,781700
2016-08-05,8.3411226272583,8.60383489026361,8.209766048358903,8.463096401637708,1383300
2016-08-08,8.472479820251465,8.54754048019217,8.228533122840998,8.303593782781704,914800
2016-08-09,8.538155555725098,8.641363703023547,8.500625238998994,8.556920266691483,1203300
2016-08-10,8.153470039367676,8.800869228463878,8.04087907056692,8.772721709962058,2218600
2016-08-11,8.397416114807129,8.491242353101729,8.2285301385875,8.275442362941476,1823400
2016-08-12,8.444327354431152,8.716422311171097,8.38803144502597,8.556918278448393,1730500
2016-08-15,8.519391059875488,8.585068899004375,8.397417290926523,8.434947612542093,1129200
2016-08-16,8.566305160522461,8.725809269240122,8.547539550182242,8.566305160522461,1136100
2016-08-17,8.538155555725098,8.641363703023547,8.2472949300028,8.46309492227289,2291000
2016-08-18,8.528773307800293,8.707042100150645,8.359886424146936,8.707042100150645,1275900
2016-08-19,8.097175598144531,8.40680100882685,8.097175598144531,8.312974747192522,3249300
2016-08-22,7.9751996994018555,8.21914719907513,7.9564340941377685,8.022112817768763,1125700
2016-08-23,7.703109264373779,8.153473320831246,7.684343647957798,8.115942982793124,1611000
2016-08-24,7.065090179443359,7.56236762606845,6.980646729711597,7.552984821699704,2289300
2016-08-25,7.205827236175537,7.431009574985492,6.98064534476223,6.999410502380006,1941900
2016-08-26,7.177680969238281,7.562367438265593,7.0369420389793484,7.384097738860449,2070400
2016-08-29,7.215210437774658,7.318419034079482,6.971262927853561,7.046324009873134,1062000
2016-08-30,6.821141719818115,7.177680184873003,6.708550766873417,7.168297381762606,1542500
2016-08-31,6.586575984954834,6.755462388067714,6.520897715601521,6.671019410209578,1556000
2016-09-01,6.961880683898926,6.980645842855661,6.417690626756928,6.539663936277366,2026000
2016-09-02,7.29965353012085,7.346566200842668,7.055706031739449,7.25274041200238,1999000
2016-09-06,7.815694808959961,7.8532251207338675,7.42162608793734,7.477921555598199,1947800
2016-09-07,7.7781662940979,7.815696614542061,7.4685409267352245,7.815696614542061,1580300
2016-09-08,7.552983283996582,7.787547976699623,7.477922206518427,7.712487346618114,1339100
2016-09-09,7.39348030090332,7.581131903506263,7.318419659862143,7.4310106214239084,1800900
2016-09-12,8.237914085388184,8.266062500719025,7.280890333978209,7.318420659625786,4656400
2016-09-13,7.95643424987793,8.256677676427154,7.853226103285171,8.115938318571583,4255100
2016-09-14,7.947052001953125,8.294207638146062,7.90013888467445,8.059642946545974,2192500
2016-09-15,7.900139331817627,8.069026205662439,7.72186965502736,7.88137372592672,1929100
2016-09-16,7.421626567840576,8.05026000179762,7.355948741687631,7.787547802392567,9943500
2016-09-19,7.52483606338501,7.674957329372875,7.431009824745931,7.5154532605624365,1634700
2016-09-20,7.374714374542236,7.562366405048204,7.233975463511927,7.534217996486811,1284300
2016-09-21,8.097175598144531,8.12532311871741,7.459159166535611,7.534219817925655,3013500
2016-09-22,8.087789535522461,8.388032020154679,7.965815802442325,8.350501709575651,2452700
2016-09-23,7.740634918212891,8.125320874011694,7.609278367172175,8.003347125501023,1459400
2016-09-26,7.731251239776611,7.937668398085203,7.693720928701704,7.778164352318546,1632400
2016-09-27,7.431010723114014,7.759401703258116,7.346567277088763,7.618662328284886,1641400
2016-09-28,7.703109264373779,7.796935556866005,7.22459678329234,7.440396450710003,1630900
2016-09-29,7.787549018859863,7.853226855272126,7.534218687338144,7.618662131178717,1177300
2016-09-30,7.693721771240234,8.031495502697164,7.646808653560851,7.975199582523244,1685000
2016-10-03,7.693721771240234,7.787548006599002,7.412244407353874,7.684338968745699,2006000
2016-10-04,6.849288463592529,7.365330463174932,6.8305233081058345,7.365330463174932,2650500
2016-10-05,6.830524921417236,6.990028557029233,6.567812235156429,6.990028557029233,1804900
2016-10-06,6.708549499511719,7.008791983976553,6.464602033487449,6.558427809882709,2756400
2016-10-07,6.896202564239502,7.121384924354151,6.614725173342054,6.9337328830258285,2413000
2016-10-10,6.961880683898926,7.018176160769131,6.783611450111602,6.971263039678953,1043600
2016-10-11,6.746081352233887,7.055706708817352,6.736698548751142,6.886820272698197,1295500
2016-10-12,7.009160041809082,7.056138505239316,6.7084988614992085,6.774268620697571,1566800
2016-10-13,7.234655380249023,7.582294565841029,7.046742428042484,7.065533723263138,2336200
2016-10-14,7.018554210662842,7.338006629618068,6.980971625846904,7.112511120722439,1848300
2016-10-17,7.234655380249023,7.32861230437211,6.99976396598094,7.046742428042484,1984200
2016-10-18,7.723229885101318,7.742020732139326,7.300425074270622,7.3943815495597285,2332800
2016-10-19,7.8923516273498535,7.939330092187348,7.7420212567016184,7.864164906863231,2313300
2016-10-20,8.099053382873535,8.10844925162414,7.713831724492351,7.892348750557035,2359500
2016-10-21,8.174220085144043,8.202406800681773,7.995703025352371,8.033285611415856,1937400
2016-10-24,8.080265045166016,8.249386254884064,7.854768605475885,8.21180366427565,3505100
2016-10-25,8.277572631835938,8.305759346566596,8.02388951114149,8.136637266103632,1836700
2016-10-26,7.882956027984619,8.343342975706395,7.864164285119428,8.28696864315044,1690500
2016-10-27,7.403777599334717,7.958121488915258,7.38498630382452,7.948725617150247,2343800
2016-10-28,7.215863227844238,7.469545907197596,7.018554427456096,7.394380735243974,2296700
2016-10-31,7.375589847564697,7.394381141585737,7.103115860249731,7.244050789417422,1201300
2016-11-01,7.5071306228637695,7.68564862892684,7.4225700044369205,7.563504965841524,1862300
2016-11-02,7.460152626037598,7.826583168499752,7.253447895813895,7.676252781442436,2412700
2016-11-03,7.610481262207031,7.657458822559306,7.403776591706819,7.422567884659587,1686900
2016-11-04,7.281633377075195,7.6104816944557125,7.234654918015181,7.6104816944557125,2268500
2016-11-07,6.980971813201904,7.168885190344557,6.877619926194197,7.056137432870823,1758900
2016-11-08,6.755476474761963,7.131302790847119,6.708498017243903,6.999763289004461,2352900
2016-11-09,7.0655341148376465,7.328612710526532,6.877621152216902,7.281634245861425,3214700
2016-11-10,6.642728805541992,7.2252593570608115,6.605146218219473,7.103115724252736,3417300
2016-11-11,5.95684814453125,6.680313893313441,5.834704466004659,6.614544116871443,4070000
2016-11-14,6.041408061981201,6.201134323082055,5.674977517586234,5.862890502399064,2544900
2016-11-15,6.5299811363220215,6.558168303158065,6.078989603084053,6.144759360354942,2497700
2016-11-16,6.21052885055542,6.586355186762095,6.088385212884786,6.492398266695577,2648900
2016-11-17,6.032011032104492,6.529980533397733,5.872284813494284,6.529980533397733,2427800
2016-11-18,6.013219833374023,6.060197843810357,5.862889035126319,5.947450081139416,1550900
2016-11-21,6.163549900054932,6.29508895045306,6.097780150845987,6.1353631846937855,1412000
2016-11-22,6.172946453094482,6.229320338070072,5.900472451702562,6.191737748086346,1613800
2016-11-23,5.853495121002197,5.966242912734206,5.75014275457124,5.844099247681247,2475700
2016-11-25,5.787724494934082,5.900472717993449,5.72195518350427,5.881681422153527,1160500
2016-11-28,6.125965118408203,6.144756404586588,5.7595348139199025,6.050799973694665,1953600
2016-11-29,6.172946453094482,6.2575070565479605,5.909867875188588,5.938055041686288,1980500
2016-11-30,6.003824234008789,6.135363744427118,5.919263632191067,6.135363744427118,2306700
2016-12-01,5.759538173675537,5.994429611936172,5.656185815395296,5.928659847936044,3020300
2016-12-02,5.881680011749268,5.966240598741698,5.8159102680709545,5.834701559404798,2001400
2016-12-05,5.9286580085754395,6.041405756435894,5.684371221544455,5.8253056823601606,2404300
2016-12-06,5.6937689781188965,6.050804107444811,5.674977679102791,5.900473715315966,3323800
2016-12-07,5.759538173675537,5.872285956515875,5.684372985115313,5.815912065095706,1933700
2016-12-08,5.712559700012207,5.797120761051685,5.656185808659176,5.7595381668163315,1846300
2016-12-09,5.684370994567871,5.768931578076851,5.609205384309202,5.684370994567871,3624800
2016-12-12,6.097782135009766,6.332673596876457,5.815912649581681,5.825308075085996,4155600
2016-12-13,6.125965118408203,6.2199215493001265,5.966238961882134,6.0883825460514345,2268700
2016-12-14,5.881680011749268,6.398440747439811,5.853492850738641,6.1729452514336955,3812100
2016-12-15,5.703163146972656,5.759537027170931,5.590414938556332,5.674975982863632,6043300
2016-12-16,5.712559700012207,5.881681822091164,5.627998638972728,5.7595381668163315,4855600
2016-12-19,5.759538173675537,5.79712076795565,5.684372985115313,5.740746876535481,2329000
2016-12-20,5.768932819366455,5.853493869089971,5.599811167939226,5.627997885833863,2154200
2016-12-21,5.6937689781188965,5.797121346717431,5.6655822536046925,5.7877254731994245,1352400
2016-12-22,5.6937689781188965,5.844099370247741,5.627999207552572,5.637395081070579,1372600
2016-12-23,5.7783284187316895,5.787723841581123,5.674976079269232,5.712558666706529,998400
2016-12-27,6.050802707672119,6.107176591679088,5.778328710961867,5.862889312962419,1639000
2016-12-28,6.163549900054932,6.2199237787969865,5.891075928791785,5.985032393361876,1860800
2016-12-29,6.783664226531982,6.915203748457031,6.191738169948635,6.229320762492979,5090100
2016-12-30,6.426629543304443,7.046742763090016,6.40783824719033,6.830642633767796,3068100
2017-01-03,6.821247100830078,6.8306425247272315,6.3984422729821935,6.483003328155737,2376300
2017-01-04,7.046743392944336,7.121908584119228,6.8306432443065805,6.9058084354814735,2553200
2017-01-05,8.042683601379395,8.136639643277986,7.206469721055255,7.206469721055255,5228300
2017-01-06,7.469545841217041,8.183615864508408,7.244050327348037,7.713833095928223,4218200
2017-01-09,7.685645580291748,8.052075528157573,7.554106096214097,7.666853841406614,4715400
2017-01-10,7.864165782928467,8.005101193141108,7.601087604987241,7.751417992382227,2673200
2017-01-11,8.014492988586426,8.061471440006958,7.6292712998090355,7.798393366507181,4223700
2017-01-12,7.9017462730407715,8.277573037366384,7.7608117964433845,8.183616122275094,3365800
2017-01-13,7.713837146759033,7.742023876784708,7.413175855691861,7.676254541378136,2890500
2017-01-17,7.986309051513672,8.061474241491798,7.873561266546483,8.042683392017137,2382700
2017-01-18,7.882956027984619,8.136638284387379,7.742020644614537,7.9299335930683625,2555500
2017-01-19,7.770208835601807,7.939330053742282,7.563504128941577,7.695042754601982,2528400
2017-01-20,7.83597469329834,8.033283440828848,7.657456785702538,7.751413673493937,1853900
2017-01-23,7.9675140380859375,8.014492486563771,7.817183719788373,7.94872319631843,1450500
2017-01-24,7.939328670501709,8.230594383505844,7.873559369130255,7.986307126926831,2272500
2017-01-25,7.873559951782227,7.901746669307336,7.638668548313924,7.7232295969288485,1664700
2017-01-26,7.093721389770508,7.281634355213232,6.858829958957178,7.0843255174884465,3773200
2017-01-27,7.12190580368042,7.17827967505286,7.037344772611909,7.10311451322294,1672200
2017-01-30,6.9245991706848145,7.225260358976986,6.9245991706848145,7.206469062709966,2898600
2017-01-31,7.046743392944336,7.150095754819752,6.962182328862642,7.140699881912951,2554200
2017-02-01,7.234655380249023,7.366194894813418,6.811851013774401,6.840038180615291,4744200
2017-02-02,7.525920867919922,7.5635034570614605,7.413172652475502,7.516524996624636,3191500
2017-02-03,7.742018699645996,7.751414568718139,7.572897536544387,7.638666827970602,2370500
2017-02-06,8.221199035644531,8.230594906734769,7.788998821929064,7.854768127481553,3374500
2017-02-07,8.174220085144043,8.399715601524953,8.04268148194161,8.089659042491318,3029900
2017-02-08,8.230595588684082,8.456091137295784,8.108451942509495,8.286969027817177,2816300
2017-02-09,8.080265045166016,8.305760588816506,7.948725530016743,8.296364717154493,2734200
2017-02-10,8.005101203918457,8.127243971811485,7.6856486822541354,7.864165793516073,3536100
2017-02-13,7.911143779754639,7.939330501695121,7.7702092740124895,7.892352034434493,2606600
2017-02-14,7.948725700378418,8.061473474620138,7.751416871445492,8.01449501134284,3264000
2017-02-15,8.108451843261719,8.13663856248326,7.770208524484277,7.81718609117363,2730100
2017-02-16,8.146034240722656,8.296364601052547,8.070869060557712,8.174220959274605,4484400
2017-02-17,7.8265814781188965,8.202407364591513,7.732624558480945,8.136638058468703,4199300
2017-02-21,7.5071306228637695,7.695043606056647,7.413174131267331,7.695043606056647,3138800
2017-02-22,7.544711112976074,7.666854741958194,7.2816330099589495,7.450754647612815,3375600
2017-02-23,7.779602527618408,7.958120484462964,7.713833225643854,7.713833225643854,3714900
2017-02-24,7.544711112976074,7.967515431120622,7.488337233758119,7.854767672684712,1954900
2017-02-27,6.887015342712402,7.713833126180951,6.858828627378113,7.572898653469976,5165300
2017-02-28,6.793059349060059,7.084324633147362,6.661520289670262,6.980972291045482,4845000
2017-03-01,6.887015342712402,6.905806635608517,6.501793614332181,6.642728535062918,4174000
2017-03-02,6.445419788360596,6.8212460973765054,6.389045909211174,6.680311175493069,4371300
2017-03-03,6.661519527435303,6.783662701739871,6.332671244559122,6.38904556872399,6008100
2017-03-06,6.276297569274902,6.576958699690734,6.182341106026129,6.576958699690734,5059400
2017-03-07,6.248111724853516,6.407837958640811,6.0695941957982935,6.163550672137932,4460900
2017-03-08,6.4548163414001465,6.483003509921563,6.1259684314227885,6.1259684314227885,4871000
2017-03-09,6.3702545166015625,6.483002273138287,6.28569347518914,6.313880190313442,4386400
2017-03-10,6.586355686187744,6.633333701763421,6.304485800654352,6.417233575659776,3260400
2017-03-13,6.793059349060059,6.971576867956108,6.483002770774213,6.595750535965467,5255800
2017-03-14,6.426629543304443,6.830642633767796,6.398442375123354,6.793060041539569,5867200
2017-03-15,7.2064690589904785,7.253447075623862,6.398442423885955,6.520586073568468,6084700
2017-03-16,7.215863227844238,7.413172028232379,7.093720047429484,7.403776605748059,4673500
2017-03-17,7.713837146759033,7.732628001429485,7.206471526096928,7.234658256122603,23193400
2017-03-20,7.563503742218018,7.713834104451876,7.431964227243572,7.65745977059436,3825600
2017-03-21,7.8265814781188965,7.976911832707943,7.572899228759778,7.572899228759778,5502900
2017-03-22,7.704437732696533,7.911142415370418,7.65745927353798,7.882955698291118,2674500
2017-03-23,7.676251411437988,7.845373514713614,7.488338013133938,7.713834001494836,3349200
2017-03-24,7.685645580291748,7.835975907215105,7.554106096214097,7.6010845473875035,2172600
2017-03-27,7.742018699645996,7.882954047609961,7.59168837864928,7.873558178537818,1848100
2017-03-28,7.657459259033203,7.835977224289639,7.488337612818385,7.751416177172335,2611200
2017-03-29,7.695041656494141,7.80779031388443,7.591689765932523,7.629272353049435,1438300
2017-03-30,7.544711112976074,7.685646483050612,7.497733104304328,7.629272155812891,1276000
2017-03-31,7.544711112976074,7.770207525887429,7.525920267923189,7.554106983522283,1909200
2017-04-03,7.666853904724121,7.695040617245176,7.52591944607941,7.554106158600465,1473400
2017-04-04,7.713837146759033,7.713837146759032,7.525924119854548,7.713837146759032,1936100
2017-04-05,7.638669490814209,7.760813143213221,7.4695473727171615,7.610482769811269,3591600
2017-04-06,7.469545841217041,7.6480637950596435,7.41317196274979,7.6292720542174655,1614100
2017-04-07,7.535316467285156,7.779602839869694,7.441359549802168,7.6480642306409985,2073000
2017-04-10,7.563503742218018,7.65745977059436,7.441360098893098,7.544711998918966,1924100
2017-04-11,7.883350849151611,7.930387727517302,7.5917229210074,7.695204232842685,2894400
2017-04-12,8.062091827392578,8.062091827392578,7.8551309488177035,7.883352723686269,2450200
2017-04-13,7.71401834487915,7.996238714223692,7.638759699341115,7.996238714223692,4302800
2017-04-17,7.657578468322754,7.7328371498216395,7.4600237565224905,7.676392690120349,3579500
2017-04-18,7.497651100158691,7.69520575933727,7.45061466103932,7.516465765521841,3078400
2017-04-19,7.224838733673096,7.431800515727198,7.07432140023523,7.431800515727198,5157500
2017-04-20,7.196616172790527,7.281281939323765,7.09313529305325,7.22483794544261,2360200
2017-04-21,7.168394565582275,7.243653230536888,7.111950566866316,7.206023898059581,2991800
2017-04-24,7.017877578735352,7.140173139553413,6.91439668507568,7.017877578735352,2536100
2017-04-25,6.73565673828125,6.9143962903712355,6.57573185227563,6.89558162428687,4653700
2017-04-26,6.7450642585754395,6.79210069923957,6.406399822339408,6.7074349266133275,6747400
2017-04-27,6.641584396362305,6.7356577407855776,6.462844817669542,6.688621292862487,3203500
2017-04-28,6.73565673828125,6.848545183364467,6.594546966937019,6.660398073943787,3293500
2017-05-01,6.641584396362305,6.688621292862487,6.4816594865541965,6.679213734131614,3594700
2017-05-02,6.340548992156982,6.603954794589161,6.321734324024475,6.538103231836848,4950500
2017-05-03,6.274697303771973,6.434622192551784,6.2088457470458644,6.340548411921049,3751900
2017-05-04,5.82314395904541,6.331140321998791,5.653811987586604,6.331140321998791,5006300
2017-05-05,6.011291027069092,6.086549686472618,5.851366151548102,5.888995929826859,3319800
2017-05-08,5.983069896697998,6.067735673332068,5.785515670256764,6.030106339588695,2652400
2017-05-09,5.907811641693115,5.926626309878437,5.74788673782934,5.926626309878437,3173600
2017-05-10,6.0018839836120605,6.048920421957661,5.870180879659584,5.973661761743101,3338900
2017-05-11,6.058329105377197,6.124180669599164,5.973662872602824,6.011292209707638,2773300
2017-05-12,6.152400493621826,6.218252036923831,6.020697855594758,6.114771168471235,3042600
2017-05-15,6.2276611328125,6.425215377233245,6.039514446972306,6.359364261477719,2318800
2017-05-16,6.293511390686035,6.349955384720983,6.227659840023434,6.246474504701751,1727200
2017-05-17,6.340548992156982,6.491066785794115,6.265290319626953,6.4252152230418025,2521800
2017-05-18,6.095957279205322,6.2746968206333005,6.077142614243272,6.2746968206333005,2179300
2017-05-19,6.237068176269531,6.265289952526165,6.161809508149116,6.190031284405749,2248100
2017-05-22,6.199439525604248,6.349956878437352,6.161810187395972,6.293512871124938,1529300
2017-05-23,5.917217254638672,6.349954962009951,5.9078101472142315,6.255881644880751,3977400
2017-05-24,6.011291027069092,6.048920356770855,5.729071054305868,5.888995929826859,3708600
2017-05-25,6.058329105377197,6.105365552469674,5.90781175695794,5.945441094062754,2291600
2017-05-26,6.077142238616943,6.171215557612553,6.058327574817822,6.1429937862023545,1703300
2017-05-30,6.142993927001953,6.190030363289365,5.8513659585658955,5.8513659585658955,1954300
2017-05-31,6.3217339515686035,6.359363734193667,6.114772614304505,6.152401948352523,2522600
2017-06-01,6.274697303771973,6.359363526908822,6.199438638129009,6.227660413456605,1653300
2017-06-02,6.302919387817383,6.396993173055864,6.2558829437751955,6.378178505723579,1717000
2017-06-05,6.3499555587768555,6.4063995543589645,6.274696898000709,6.3499555587768555,1935500
2017-06-06,6.867359161376953,6.876766269188083,6.406399215630127,6.453436100416714,4802200
2017-06-07,6.829731464385986,6.904990139159867,6.6133625501225355,6.745065230976827,2950100
2017-06-08,6.70743465423584,6.79210042342395,6.55691688392264,6.763878649886914,2320100
2017-06-09,6.6133623123168945,6.688620984384598,6.500473855638271,6.5475107499691205,2507900
2017-06-12,6.773285865783691,6.79210053129954,6.538102322547077,6.585139210625203,2671900
2017-06-13,6.848546028137207,6.886175364947543,6.660398895508452,6.726250459215078,2162800
2017-06-14,6.566325664520264,7.017878162457193,6.52869632707361,7.008470603806987,6173400
2017-06-15,6.632176399230957,6.660398174495055,6.4063999542330246,6.46284395333825,2558800
2017-06-16,6.660398483276367,6.773286486720395,6.566325147073011,6.622769148795024,11164000
2017-06-19,6.5569167137146,6.7262491448492,6.5381020489859765,6.679212258739146,2303000
2017-06-20,6.650990009307861,6.735655770230807,6.519286917068685,6.538101580449002,1681100
2017-06-21,6.820322513580322,6.839137178433327,6.594546535344276,6.641582973188289,1591700
2017-06-22,6.857953071594238,6.9332117444856145,6.763879730480018,6.9143970762627704,1674400
2017-06-23,6.999063014984131,7.027284791850152,6.886175010365932,6.923804345238665,2054500
2017-06-26,6.970841407775879,7.008470745985909,6.82032405493576,6.914397400460834,1181300
2017-06-27,6.810914516448975,7.027283372555887,6.782692745282879,7.027283372555887,1505800
2017-06-28,6.820322513580322,6.895581172992338,6.7074345244622995,6.848544735148325,1363900
2017-06-29,6.491066932678223,6.754472292493837,6.41580825844519,6.754472292493837,2572800
2017-06-30,6.754471302032471,6.782693525019952,6.434621983444108,6.4910659808420546,2971100
2017-07-03,6.4816575050354,6.679211692218183,6.45343573462469,6.5851383765542275,1051800
2017-07-05,6.28410530090332,6.509881778321173,6.218254183446646,6.472252440181046,3188800
2017-07-06,6.3499555587768555,6.415807111244484,6.2652893411151895,6.312326228388782,2908900
2017-07-07,6.293511390686035,6.378177606026951,6.208845175345118,6.34054782809333,1998900
2017-07-10,6.462845325469971,6.4722528849400165,6.199439940388449,6.265291062370267,1613900
2017-07-11,6.387585639953613,6.481658976981056,6.302919412340388,6.462844309575567,1678900
2017-07-12,6.359364032745361,6.528696043911036,6.3217342483537005,6.491066708096441,1943000
2017-07-13,6.237068176269531,6.378178403283833,6.190031284405749,6.368770845480258,2169600
2017-07-14,6.2464752197265625,6.434622336623634,6.208845886062556,6.387585445255106,2339800
2017-07-17,6.415808200836182,6.575732657856837,6.331141968795716,6.349956637185033,2759600
2017-07-18,6.406399250030518,6.52869479227075,6.3687699214299816,6.472250799369946,1275900
2017-07-19,6.378177642822266,6.453436301969692,6.312326091779772,6.378177642822266,1558100
2017-07-20,6.4346232414245605,6.528696588812647,6.349957004486731,6.368771673964348,1208700
2017-07-21,6.603954315185547,6.650991206390783,6.434622314285368,6.500473423680251,1849600
2017-07-24,6.387585639953613,6.660398541621725,6.3781785305393965,6.60395453940526,1328900
2017-07-25,6.3499555587768555,6.481658215135111,6.302918671503263,6.396992446050447,1558400
2017-07-26,6.660398483276367,6.6886207084258995,6.321734024367232,6.331141582276094,2537100
2017-07-27,6.462845325469971,6.6980289292956074,6.406401314381073,6.6980289292956074,1879600
2017-07-28,6.660398483276367,6.69802781775771,6.519288254682807,6.538102921923478,1259600
2017-07-31,6.66980504989624,6.726249043229357,6.64158282894119,6.679212157829935,1140400
2017-08-01,6.641584396362305,6.792101747439541,6.6227697274776505,6.641584396362305,1209600
2017-08-02,6.585139751434326,6.660398419678391,6.528695750251278,6.5945473092533575,2246400
2017-08-03,7.234245777130127,7.441207095897492,6.810915134058644,6.848544913320625,4607800
2017-08-04,7.168394565582275,7.253060787944728,7.074321234389009,7.083728791796849,2371300
2017-08-07,7.196616172790527,7.337726381781908,7.027283742570075,7.168393951561456,2099600
2017-08-08,7.121358871459961,7.215432212523572,6.980248635576008,7.215432212523572,2192400
2017-08-09,7.318911075592041,7.365947508748045,7.187207986170552,7.253059530881297,2193400
2017-08-10,7.365947723388672,7.460021041018886,7.300096625336003,7.431799270018303,2016400
2017-08-11,7.46002197265625,7.57291041648743,7.1872090931701855,7.224838424921573,1805500
2017-08-14,7.347133159637451,7.5070580260690924,7.28128161211355,7.384762487200547,1258400
2017-08-15,7.2624664306640625,7.356540191443201,7.14957845602142,7.177800673970548,1113700
2017-08-16,7.4412078857421875,7.544689228975373,7.121358540969586,7.140173208309151,2513500
2017-08-17,7.309503555297852,7.516464849058227,7.281281336405688,7.478835522919978,1552100
2017-08-18,7.2154316902160645,7.488244583840812,7.1495801319498336,7.441207692425356,2420100
2017-08-21,7.337726593017578,7.365948366482098,7.243652818597172,7.253060375470013,822400
2017-08-22,7.253060817718506,7.3471341492979425,7.224838593956161,7.29069015035028,589500
2017-08-23,7.290690898895264,7.337727793802837,7.224839335740075,7.328320235390493,849000
2017-08-24,7.309503555297852,7.318911111120889,7.206022684129188,7.2436520102674375,773500
2017-08-25,7.356542587280273,7.40357903441147,7.262468795863716,7.337727918712378,779000
2017-08-28,7.591724872589111,7.64816932056871,7.365948874978847,7.4318004319036906,1463700
2017-08-29,7.751650333404541,7.770465449836391,7.61994810699811,7.685799220201325,1719700
2017-08-30,7.648168563842773,7.7234272222666105,7.544688132798491,7.695205449646165,957300
2017-08-31,7.836318016052246,7.864539798778783,7.629356182697613,7.666985525384429,1364700
2017-09-01,7.798687934875488,7.930391070384977,7.76105859575195,7.911575952246102,905100
2017-09-05,7.90216588973999,8.005647212412095,7.8457223475133215,7.883351674715743,1514100
2017-09-06,7.8739447593688965,8.033869637281558,7.808093655694507,7.855130542813643,1476300
2017-09-07,8.024462699890137,8.071499590640371,7.892760482374362,7.977425809139901,1863800
2017-09-08,7.949204444885254,8.033870673185941,7.855131555671025,7.9774262219341106,1031300
2017-09-11,6.6792120933532715,7.196616033444312,6.622768100565027,7.130764484236204,9907400
2017-09-12,6.801509380340576,6.9143973948795425,6.650992027621955,6.763880042160921,3974900
2017-09-13,6.923803806304932,6.96143313824868,6.77328602995292,6.839137585142989,2763200
2017-09-14,7.055507183074951,7.102544077059611,6.839138278184237,6.904989840047347,2750700
2017-09-15,6.9614338874816895,7.102544121746419,6.952026329194742,7.05550722746582,5094200
2017-09-18,6.810914516448975,6.933210054373961,6.801507408919265,6.933210054373961,1693600
2017-09-19,6.716841697692871,6.886174131587891,6.698027032657535,6.829730136481884,1945400
2017-09-20,6.641584396362305,6.886175540439904,6.585140389708341,6.7356577407855776,1770700
2017-09-21,6.528696537017822,6.735657899629702,6.519288978065095,6.575732986050154,1615300
2017-09-22,6.54750919342041,6.613360740113203,6.500472310271707,6.566323856964499,1428000
2017-09-25,6.7450642585754395,6.782693590537552,6.462843820282576,6.491066043542671,1441100
2017-09-26,6.575732231140137,6.782694018569402,6.556917563971753,6.669806015559103,1009000
2017-09-27,6.378177642822266,6.538102069222051,6.340547864671561,6.5004727396483375,1872800
2017-09-28,6.415808200836182,6.472252206004133,6.3687713055743504,6.3969935324468645,730600
2017-09-29,6.359364032745361,6.4440298140396655,6.312327138688585,6.4158080364672525,2264000
2017-10-02,6.274697303771973,6.368770635825676,6.246475079867346,6.321733745510309,4487800
2017-10-03,6.4346232414245605,6.4816596908300514,6.265290767548901,6.274698326576261,1527800
2017-10-04,6.4346232414245605,6.4816596908300514,6.387586343441965,6.462845021352434,1357800
2017-10-05,6.453435897827148,6.5192869961687645,6.3875843509085675,6.406399014517167,2438100
2017-10-06,6.650990009307861,6.679211780089856,6.3781771660047895,6.415806492765423,1839000
2017-10-09,6.820322513580322,6.848544735148325,6.650990529903288,6.660397638041292,1445100
2017-10-10,6.660398483276367,6.867360271500803,6.641583816035696,6.801508711869928,2300300
2017-10-11,6.7450642585754395,6.7450642585754395,6.519287818225745,6.679212703353233,1453300
2017-10-12,6.773285865783691,6.839137419377667,6.688620095250877,6.707434760766725,1639600
2017-10-13,6.688501834869385,6.829808303400608,6.650820169821175,6.810967470876503,1236500
2017-10-16,6.594297409057617,6.707342399690398,6.537774913741226,6.660240544860503,3354000
2017-10-17,6.707343101501465,6.735604576717181,6.4906732888506715,6.518934764066388,1569300
2017-10-18,6.726184844970703,6.754446324008823,6.641401306258284,6.6602421425500395,2953300
2017-10-19,6.754446029663086,6.810968536075214,6.697923523250958,6.754446029663086,1522000
2017-10-20,6.697923183441162,6.726184210612967,6.66024151441147,6.726184210612967,1024600
2017-10-23,6.53777551651001,6.679081992429569,6.500093849491581,6.64140032541114,1185400
2017-10-24,6.30226469039917,6.518934494076303,6.28342385743598,6.518934494076303,1746500
2017-10-25,6.113856315612793,6.330526133608984,6.104436123109091,6.292844465192336,2449000
2017-10-26,5.878345966339111,6.132697915060479,5.850084938170699,6.1232772728703795,2446200
2017-10-27,5.944289207458496,5.9819708784090295,5.840664387744054,5.840664387744054,1423700
2017-10-30,6.113856315612793,6.1609586257340645,5.916027781025846,5.925447973529549,1878300
2017-10-31,5.953709602355957,6.1044362798937755,5.878345814386115,6.1044362798937755,1536500
2017-11-01,5.887766361236572,6.066754512522275,5.87834571944215,6.066754512522275,2035000
2017-11-02,6.047913551330566,6.198640223273711,5.9160277133803145,5.953709381366101,2289600
2017-11-03,6.000812530517578,6.095016720713888,5.92544917836053,6.085596526294762,1395100
2017-11-06,6.019651412963867,6.076173908719295,5.916027062012683,6.000810581045392,1828400
2017-11-07,5.86892557144165,6.019652247690256,5.7841415914513465,5.963129744097029,1691100
2017-11-08,5.944289207458496,6.029073191697671,5.8783460586945875,5.934869014321338,1464000
2017-11-09,5.953709602355957,6.019652299178286,5.916027932971502,5.991391271740412,1265100
2017-11-10,5.897187232971191,5.991391408583954,5.868925755686892,5.944289096177102,1018900
2017-11-13,5.850085258483887,5.934869246033237,5.812403586062168,5.906607767116465,1091100
2017-11-14,5.840664863586426,5.925448854733002,5.812403832671558,5.812403832671558,1454800
2017-11-15,5.821822166442871,5.887765299509684,5.793561144557697,5.878344659414063,2125000
2017-11-16,5.821822166442871,5.859503828423666,5.746458842481283,5.850083637528889,1911800
2017-11-17,6.019651412963867,6.1232762131159175,5.831243093779109,5.850083925697584,3087300
2017-11-20,6.019651412963867,6.047912885442014,5.96312891720844,5.9819697491269155,2116500
2017-11-21,6.387049198150635,6.518935039936368,6.05733391988491,6.05733391988491,2909700
2017-11-22,6.556617736816406,6.631981086793446,6.4247318743565875,6.4247318743565875,3286300
2017-11-24,6.264585018157959,6.56603844150564,6.245744179198729,6.54719760254641,1151200
2017-11-27,6.245743274688721,6.4435722797115105,6.226902438458025,6.377629128303591,1223400
2017-11-28,6.132697582244873,6.255162779663495,6.123276940566022,6.245742587185563,1353100
2017-11-29,5.925447463989258,6.104435598177277,5.887765798812926,6.057333292106421,2056400
2017-11-30,5.963129043579102,5.991390516656165,5.840663408913283,5.897186355067411,1866500
2017-12-01,5.953709602355957,6.076174803254968,5.92544812571715,5.953709602355957,1254400
2017-12-04,5.784141540527344,5.925448022866802,5.755880513580006,5.887766354136403,2122200
2017-12-05,5.727619647979736,5.831244472634908,5.586313150577406,5.727619647979736,2555800
2017-12-06,5.755880832672119,5.812403338901189,5.623994535603341,5.65225601331835,2065500
2017-12-07,5.774722099304199,5.8218239667452405,5.63341559857911,5.6522564353957225,1909700
2017-12-08,5.934868335723877,5.981970194425905,5.774721027895003,5.859504553239013,1667500
2017-12-11,5.7464599609375,6.029072930000382,5.708778291622573,5.9348687567130645,2917000
2017-12-12,5.793562889099121,5.821823919494178,5.623994909924868,5.699358705780636,2069900
2017-12-13,5.991390705108643,6.085594869660483,5.784141093893703,5.784141093893703,2331100
2017-12-14,5.793562889099121,5.9537102253410366,5.727619736175692,5.93486938867734,2280400
2017-12-15,5.680518627166748,5.850086179768352,5.5957346262654255,5.840665535578855,5919400
2017-12-18,5.793562889099121,5.850085399090213,5.718199542444332,5.765301409503087,1737400
2017-12-19,5.793562889099121,5.8124037257628185,5.727619736175692,5.765301409503087,1144200
2017-12-20,5.972551345825195,6.010233020943254,5.77472232685489,5.8218241961519634,1174500
2017-12-21,6.085596561431885,6.104437399579931,5.925449212572991,5.972551532543612,1239000
2017-12-22,6.245743274688721,6.255163468203584,6.047914269665931,6.104436778358019,1420000
2017-12-26,6.255163669586182,6.358788496791654,6.226902638930769,6.27400450642345,1022500
2017-12-27,6.123277187347412,6.264583673818694,6.0761748754566725,6.264583673818694,2755800
2017-12-28,6.142117977142334,6.245742793020151,6.085595472809234,6.151538619131651,991500
2017-12-29,6.132697582244873,6.226901753028781,6.085595272252458,6.170379250558437,1023300
2018-01-02,6.274003028869629,6.377627831671029,6.16095803446858,6.18921950766928,2987900
2018-01-03,6.33994722366333,6.358788059204044,6.123277390344636,6.274004074670352,2938300
2018-01-04,6.368207931518555,6.377628123549328,6.255162482742994,6.349366649055213,2266900
2018-01-05,6.33994722366333,6.368208701574877,6.274004074670352,6.33994722366333,1135500
2018-01-08,6.208062171936035,6.4435728710328375,6.16095985243627,6.4435728710328375,2050200
2018-01-09,5.897187232971191,6.160958924686927,5.897187232971191,6.123277254441822,2532500
2018-01-10,5.963129043579102,6.029072181291667,5.906606546625849,5.934868019702913,1807400
2018-01-11,5.548630714416504,5.963129506806999,5.501528854563597,5.963129506806999,6627000
2018-01-12,5.765300750732422,5.793562227099167,5.6051534327897,5.642835101811408,2528900
2018-01-16,5.83124303817749,5.868924701655143,5.65225491205821,5.80298156596882,2554200
2018-01-17,5.83124303817749,5.934867837341465,5.755879711222185,5.793561374699838,2006400
2018-01-18,5.699357032775879,5.831242850707637,5.671095561475792,5.831242850707637,1916900
2018-01-19,5.699357032775879,5.746458886008226,5.680516201642771,5.737038695042096,1149600
2018-01-22,5.755880832672119,5.80298269659587,5.67109684872804,5.7464601903668,1105500
2018-01-23,5.897187232971191,5.916028068093744,5.680517404461367,5.699358239583919,1560300
2018-01-24,6.038492679595947,6.10443582065832,5.916027487909966,6.029072487558978,2070300
2018-01-25,5.802981853485107,6.076174151834186,5.7747208290770695,6.057333319161867,2342700
2018-01-26,6.0102314949035645,6.066753993229195,5.934868163802724,5.972549829353144,2333500
2018-01-29,5.727619647979736,5.981971163623541,5.727619647979736,5.981971163623541,2630300
2018-01-30,5.623993873596191,5.8029820135198085,5.595732848408771,5.765300347135984,2142600
2018-01-31,5.6334147453308105,5.70877808118258,5.5203697415531545,5.699357888801567,2199200
2018-02-01,5.6334147453308105,5.680517054838624,5.567471601860054,5.614573911367867,1865800
2018-02-02,5.331961631774902,5.548631474543192,5.331961631774902,5.529790638180774,2554900
2018-02-05,5.350801944732666,5.5015290700891555,5.284859248515072,5.388483613771556,2683500
2018-02-06,5.200076103210449,5.407325316188688,5.200076103210449,5.322541771843545,2212000
2018-02-07,5.068188190460205,5.256596489688874,5.068188190460205,5.171812530435564,3637700
2018-02-08,5.058769702911377,5.162394536169812,5.011667832667368,5.096451378786988,2367900
2018-02-09,4.851519584655762,5.10587107418291,4.719633743582666,5.087030239743896,3229400
2018-02-12,5.115291595458984,5.190655387258082,4.804417582641166,4.898621760888846,2316400
2018-02-13,5.068188190460205,5.143551510151673,5.021085891052628,5.13413087058983,929600
2018-02-14,5.360221862792969,5.426164999307077,5.068188742574832,5.0776089339620665,2316100
2018-02-15,5.360221862792969,5.39790352674364,5.237756230352853,5.3508012222048675,1924500
2018-02-16,5.294279098510742,5.4450062141116655,5.209495573261178,5.313119931810745,2443400
2018-02-20,5.058769702911377,5.237757887921034,5.058769702911377,5.181235374107617,1599200
2018-02-21,5.039927959442139,5.228336754169511,5.021087124889494,5.124711939529503,2110000
2018-02-22,4.663110256195068,4.955143830304237,4.625428591639215,4.804416722879953,4177500
2018-02-23,4.794996738433838,4.823257763470863,4.625428791408111,4.663110457591407,1550600
2018-02-26,4.908041477203369,4.936302500744552,4.823257508178082,4.832678148825723,1380400
2018-02-27,4.776156902313232,4.898622118371786,4.766736259200504,4.84209960729838,2609400
2018-02-28,4.785577774047852,4.860941132820093,4.72905525496867,4.794998418494907,1573100
2018-03-01,4.908041477203369,4.983404805581016,4.663110210775148,4.738473988353665,2583800
2018-03-02,4.908041477203369,5.03050711041748,4.889200645108958,4.945723141392192,1580600
2018-03-05,4.955145359039307,4.983406391574702,4.870361363031094,4.898622395566489,1206500
2018-03-06,4.93630313873291,5.087030264169674,4.926882946068634,5.0399279532455115,1882200
2018-03-07,4.729053497314453,4.955143938800865,4.7196333055696655,4.9174618242190595,2216600
2018-03-08,4.7007927894592285,4.757315745939346,4.616009253140968,4.729054267699287,2347000
2018-03-09,4.710212230682373,4.794996194578926,4.672530568772982,4.681950759649908,1407800
2018-03-12,4.644270896911621,4.672532378892466,4.550066705643833,4.663111735165179,2742000
2018-03-13,4.785577774047852,4.832680097881028,4.644271251749373,4.653691896196428,1745300
2018-03-14,4.813837051391602,4.860938904430932,4.757314558223898,4.785575580207327,1115500
2018-03-15,4.832679271697998,4.860940301805626,4.700792967192484,4.766736119445241,3733200
2018-03-16,4.8892011642456055,4.945723666530415,4.785576352122997,4.851519496055733,3801700
2018-03-19,4.776156902313232,4.898622118371786,4.6819522679899,4.870361087435577,2251600
2018-03-20,4.681952476501465,4.766736471487938,4.681952476501465,4.757316277156668,2929000
2018-03-21,4.8797807693481445,4.898621604395784,4.729054088967025,4.776156401186595,2205000
2018-03-22,4.842100143432617,4.917463499874986,4.794998270256655,4.823259304322025,1593300
2018-03-23,5.08703088760376,5.143553398119237,4.973985866572805,4.992826703411298,2513500
2018-03-26,4.926884174346924,5.143554050052469,4.879781851680094,5.115292566612163,2424900
2018-03-27,4.804416656494141,4.898620816582091,4.766734992458961,4.86093915254691,3926500
2018-03-28,4.766736030578613,4.870360853843639,4.766736030578613,4.766736030578613,3040900
2018-03-29,4.908041477203369,4.926882309297781,4.776155652542488,4.832678148825723,2091400
2018-04-02,4.992825508117676,5.09644986132099,4.898620897277026,4.936302561932935,1588000
2018-04-03,4.870360851287842,4.992826510609428,4.84209937252095,4.973985674498489,2233200
2018-04-04,4.955145359039307,5.162394578035921,4.917463233657091,4.936304071747692,2709800
2018-04-05,5.021086692810059,5.077609191604063,4.879780221224603,4.898621054155938,2619200
2018-04-06,5.171814441680908,5.181235084724152,5.0399285834823875,5.0399285834823875,1634900
2018-04-09,5.039927959442139,5.152972966758005,4.992826097660991,5.143552774082147,2215100
2018-04-10,5.162393093109131,5.237756423793794,5.077609121488443,5.124711427766799,1458800
2018-04-11,5.2471771240234375,5.435585452864127,5.21891565009689,5.21891565009689,3128700
2018-04-12,5.19065523147583,5.322541077064415,5.152973112106722,5.209496066559914,1444700
2018-04-13,5.398281097412109,5.407718868132867,5.237843045318325,5.2755932281660005,1600800
2018-04-16,5.332218170166016,5.436031391536953,5.285030219538049,5.417155851271647,1251200
2018-04-17,5.332218170166016,5.369968350661329,5.294467989670702,5.322780400033363,1017200
2018-04-18,5.388844013214111,5.464344382223016,5.332218736457433,5.4171564265836025,2308900
2018-04-19,5.237842559814453,5.41715568671126,5.2000923804659,5.407718366882938,1664700
2018-04-20,5.200092792510986,5.218967883680888,5.152904839577398,5.2095301130871015,897300
2018-04-23,5.077404022216797,5.14346661041274,5.058528932729724,5.1340292906780185,1304300
2018-04-24,5.134029865264893,5.152904956864416,5.086841911257243,5.115154773665369,1125400
2018-04-25,5.096279144287109,5.200092362138564,5.049091195258912,5.049091195258912,724600
2018-04-26,5.086841106414795,5.134029052956345,5.039653609890855,5.058528698503953,1049700
2018-04-27,5.1623430252075195,5.209530986048397,5.077405325718787,5.086842647876314,1052600
2018-04-30,5.096279144287109,5.171779502718119,5.077404054679357,5.0868413744744165,1080500
2018-05-01,4.983028411865234,5.0774038562150725,4.860340109201637,5.058528767345105,1595400
2018-05-02,5.209530353546143,5.332218676822325,4.973591478023187,5.105717122311089,2694600
2018-05-03,5.152904987335205,5.313343491888721,5.124592124759656,5.313343491888721,963800
2018-05-04,5.067966938018799,5.1434673061801846,5.058529617007471,5.115154893128511,839800
2018-05-07,5.0113420486450195,5.1245926096271415,5.001904726905373,5.086842422633101,960200
2018-05-08,4.954716205596924,5.011341479658768,4.888653160849269,5.001904158990632,1474800
2018-05-09,4.926403999328613,5.001904824812268,4.907528905462133,4.9830297309457885,1812400
2018-05-10,5.0396552085876465,5.067967625479851,4.879216679472647,4.964154830184765,2293900
2018-05-11,5.0019049644470215,5.077405342020633,4.888653948068855,5.05853024762723,1995600
2018-05-14,4.935841083526611,5.03021653970904,4.916965992290125,5.001904127863148,1517700
2018-05-15,4.784840106964111,4.850902697877282,4.718777066033292,4.832027607613855,1818200
2018-05-16,4.747089862823486,4.822590222865446,4.709339232784863,4.784840042844466,2392500
2018-05-17,4.860340595245361,4.879215686002875,4.747090050700276,4.76596514145779,1227700
2018-05-18,4.822591781616211,4.87921706995002,4.7942789124404115,4.850904200774221,2392100
2018-05-21,4.916965961456299,4.926403282006525,4.813152735297793,4.822590505865689,930000
2018-05-22,4.728213787078857,4.983027674105903,4.718776019032369,4.9264019658620715,2280200
2018-05-23,4.954716205596924,4.954716205596924,4.709339567977926,4.728215109349549,2116700
2018-05-24,5.181216716766357,5.2000922560065,5.001903594161245,5.049091092208728,2605300
2018-05-25,5.143467426300049,5.2850308449175465,5.11515501258717,5.171780290030629,1791500
2018-05-29,5.077404022216797,5.171779469652166,4.983028574781428,5.0113409840032235,1354500
2018-05-30,5.1623430252075195,5.21896875822367,5.077405325718787,5.096280420051588,1178600
2018-05-31,5.228404998779297,5.266155179635507,5.096279365782562,5.162341957272103,1726000
2018-06-01,5.228404998779297,5.294468040286492,5.115154456210666,5.190654817923087,1559700
2018-06-04,5.1623430252075195,5.285031363379602,5.124592836541917,5.285031363379602,1325700
2018-06-05,5.27559232711792,5.332217591718087,5.143466259699931,5.171779117008815,1490800
2018-06-06,5.473782539367676,5.502094954733751,5.322781340683605,5.322781340683605,2870700
2018-06-07,5.56815767288208,5.662533135130719,5.511532395532897,5.605907857781536,2761900
2018-06-08,5.634218692779541,5.6436564613688605,5.5398432569742235,5.568156112724607,1528600
2018-06-11,5.624783992767334,5.653096411680693,5.530408513026496,5.6153462197843576,1669000
2018-06-12,5.587032318115234,5.634219820453557,5.54928213623751,5.587032318115234,1889300
2018-06-13,5.634218692779541,5.690844404280306,5.520968169813161,5.577593431296351,2062100
2018-06-14,5.596469879150391,5.785221246670504,5.577594787400147,5.690845787919289,1931700
2018-06-15,5.473782539367676,5.587033100867433,5.454907445784383,5.530407820117555,5301000
2018-06-18,5.473782539367676,5.5398451419003365,5.42659458040058,5.464344767567165,870300
2018-06-19,5.369968414306641,5.454906546436614,5.3605306440621305,5.398280825004862,1204900
2018-06-20,5.3039045333862305,5.407717739560717,5.294467214652686,5.388842652076046,1282800
2018-06-21,5.285031795501709,5.360532179006081,5.266156699625616,5.275594472572553,1484000
2018-06-22,5.369968414306641,5.3794057345334965,5.285030282176667,5.313343142892543,783100
2018-06-25,5.266155242919922,5.407718647840732,5.256717922601286,5.360530696194576,1085200
2018-06-26,5.313343048095703,5.3699683184995335,5.209529827346524,5.209529827346524,786400
2018-06-27,5.256718635559082,5.303906143587523,5.237843542344161,5.266155957157682,971700
2018-06-28,5.266155242919922,5.360530696194576,5.266155242919922,5.266155242919922,1151400
2018-06-29,5.369968414306641,5.417155915476228,5.294468052421177,5.303905372648033,946800
2018-07-02,5.35109281539917,5.426593170110939,5.2944675493653435,5.2944675493653435,856600
2018-07-03,5.464343547821045,5.530406585624899,5.369968100970987,5.426593369081021,1558100
2018-07-05,5.549282073974609,5.5870322554287775,5.454906620339189,5.5870322554287775,2211700
2018-07-06,5.520969867706299,5.568157825129708,5.492657453266425,5.520969867706299,1716000
2018-07-09,5.407719135284424,5.587032737678154,5.398281364097422,5.55871987413485,2094300
2018-07-10,5.398281097412109,5.436031730277462,5.313343411013677,5.388843776709029,1035200
2018-07-11,5.228404998779297,5.407718582855122,5.209529908351192,5.332218221142702,1758400
2018-07-12,5.313343048095703,5.341655458288796,5.228404917481134,5.266155097750355,773900
2018-07-13,5.27559232711792,5.332217591718087,5.2378421507178095,5.2661545580090925,929200
2018-07-16,5.266155242919922,5.332218285221009,5.237842831946355,5.247280152264992,766900
2018-07-17,5.3039045333862305,5.351092477106701,5.200091777229326,5.20952909596287,1300400
2018-07-18,5.143467426300049,5.2850308449175465,5.143467426300049,5.2661557524363936,1682500
2018-07-19,5.1623430252075195,5.294469135554876,5.020780042720382,5.049092459210711,2092100
2018-07-20,5.171780109405518,5.285030660337145,5.1529050175835795,5.256718247613081,925500
2018-07-23,5.020778179168701,5.162341109112224,5.001903091841726,5.162341109112224,1512600
2018-07-24,5.067966938018799,5.124592214139838,5.020779432926778,5.0396545249671245,1484900
2018-07-25,5.35109281539917,5.464343347466824,5.105716212568309,5.115153981916086,3659900
2018-07-26,5.256718635559082,5.454907339324605,5.247280863942762,5.313343915203843,2150900
2018-07-27,5.256718635559082,5.3794065164472045,5.237843542344161,5.266155957157682,1668200
2018-07-30,5.181216716766357,5.285029932499021,5.134029218718873,5.247279754053984,1124500
2018-07-31,5.1245927810668945,5.209530929653897,5.096280364883055,5.115155459011529,1331700
2018-08-01,5.134029865264893,5.2189680024715885,5.096279682065846,5.124592094456291,1515900
2018-08-02,5.143467426300049,5.237843338723516,5.096279920106017,5.096279920106017,1177900
2018-08-03,4.935841083526611,5.1812172696009275,4.926403312899532,5.096279584045577,1755000
2018-08-06,4.935841083526611,4.983029036626662,4.8697780391900745,4.8980909010536395,812000
2018-08-07,4.662150859832764,5.039653039377219,4.633838005109467,4.96415269347184,2919100
2018-08-08,4.633840560913086,4.699903625026281,4.596090367139205,4.671590754686967,1237600
2018-08-09,4.5583391189575195,4.690464766603587,4.548901797705938,4.681027445352005,1119600
2018-08-10,4.530026435852051,4.66215207564258,4.501713573745242,4.530026435852051,1404900
2018-08-13,4.397899627685547,4.539463015061101,4.37902453936998,4.520587926745534,2282200
2018-08-14,4.369588851928711,4.435651460693733,4.331838661200764,4.397901269965786,1307500
2018-08-15,4.199711322784424,4.322399631993802,4.133648733223713,4.303524542116793,2777500
2018-08-16,4.039273262023926,4.388462647871558,4.039273262023926,4.246899249549706,1870600
2018-08-17,4.1336493492126465,4.20914971997161,4.039273885763941,4.067586299789699,2345300
2018-08-20,4.190273284912109,4.246898544841218,4.095897851696928,4.171398198269073,1260500
2018-08-21,4.228024005889893,4.256336864530833,4.161960969072781,4.19027382771372,1028000
2018-08-22,4.2563371658325195,4.26577448603581,4.199711444542164,4.2468993956115755,1646300
2018-08-23,4.010961055755615,4.23746216995449,3.973210870055803,4.228024848538392,1566600
2018-08-24,4.27521276473999,4.369588228085946,4.077024066704631,4.077024066704631,1361000
2018-08-27,4.454525947570801,4.463963718972476,4.303525205285668,4.303525205285668,1223500
2018-08-28,4.2846503257751465,4.5111519004950225,4.256337910196245,4.492276806769844,959800
2018-08-29,4.303524971008301,4.379025338040742,4.24689969573397,4.322400062766411,904700
2018-08-30,4.1430864334106445,4.294087616303418,4.114774021005405,4.265774753880498,1179400
2018-08-31,4.1430864334106445,4.237461891457578,4.105336250191871,4.171399295833565,903700
2018-09-04,3.9920854568481445,4.095898679371579,3.8693971438675088,4.058148498457176,1849600
2018-09-05,3.916585683822632,4.0487113368862655,3.8693977255767593,4.010961150296656,1465000
2018-09-06,4.048709869384766,4.1147728969801385,3.9732095235715157,3.992084610024828,1921300
2018-09-07,4.077023983001709,4.1336492598467425,3.963772979293944,4.020398706156675,1217000
2018-09-10,3.926021099090576,4.095897306274209,3.926021099090576,4.048709370941532,1418000
2018-09-11,3.9637720584869385,3.992084915341065,3.831646443208732,3.9071467947962786,1137100
2018-09-12,4.2846503257751465,4.341275606950682,3.916585773125296,3.992086148026011,2074400
2018-09-13,4.228024005889893,4.473400164035013,4.180836058160867,4.34127454041841,1279800
2018-09-14,4.246899127960205,4.284649306429553,4.161961001395361,4.228024038725532,1427000
2018-09-17,4.228024005889893,4.3507123099712635,4.152523649537548,4.312962131795091,4463600
2018-09-18,4.199711322784424,4.294087222187109,4.1430860531533975,4.237461502538442,1430400
2018-09-19,4.360149383544922,4.397899559591559,4.237461086384554,4.237461086384554,1474100
2018-09-20,4.407338619232178,4.4450888063333664,4.331838245029801,4.435651034549205,1509100
2018-09-21,4.379024982452393,4.407337842799322,4.246899350874569,4.331837481897709,4956100
2018-09-24,4.416775703430176,4.530026708659952,4.3601504258241395,4.39790061089483,1949700
2018-09-25,4.416775703430176,4.530026708659952,4.388463289636009,4.482838752312737,1403600
2018-09-26,4.2940874099731445,4.397900183827741,4.246899458208212,4.397900183827741,1692900
2018-09-27,4.228024005889893,4.275211953618919,4.152523649537548,4.256336864530833,1565200
2018-09-28,4.350714206695557,4.3979017249786905,4.246900946444155,4.246900946444155,1381000
2018-10-01,4.341274261474609,4.379024437225186,4.284648997848745,4.341274261474609,1049000
2018-10-02,4.47340202331543,4.59609037838977,4.3790265386497085,4.416776732515997,2112000
2018-10-03,4.407338619232178,4.511151858769311,4.331838245029801,4.511151858769311,883900
2018-10-04,4.397899627685547,4.548900784227686,4.37902453936998,4.4262124851676985,1205200
2018-10-05,4.360149383544922,4.4639625926819715,4.331836976518742,4.397899559591559,1500100
2018-10-08,4.454525947570801,4.473401040356442,4.20914974135746,4.2374621555270675,1605100
2018-10-09,4.27521276473999,4.435650827419261,4.265774993396541,4.397900642080879,1305400
2018-10-10,4.350714206695557,4.38846440132919,4.190275654493704,4.294088914745106,1278400
2018-10-11,4.756527900695801,4.784840764993458,4.303525222057262,4.445088643510126,3046500
2018-10-12,4.614963531494141,4.709338976408798,4.5017129975965515,4.671588798442936,2216600
2018-10-15,4.643276691436768,4.784840093008405,4.596088740907006,4.6810268718535175,1574700
2018-10-16,4.605526447296143,4.699901897032202,4.53946340747208,4.652713947155352,2061600
2018-10-17,4.586651802062988,4.718777444504153,4.539463847610873,4.614964214720109,1579700
2018-10-18,4.303524971008301,4.567776705639529,4.284649879250191,4.539463842993522,3345800
2018-10-19,4.350714206695557,4.426214595962824,4.350714206695557,4.369589304012374,1369600
2018-10-22,4.209148406982422,4.331836696203573,4.209148406982422,4.331836696203573,1366200
2018-10-23,4.463963508605957,4.539463876190531,4.36958804912524,4.36958804912524,2140800
2018-10-24,4.416775703430176,4.501713844848082,4.388463289636009,4.454525888500867,1125200
2018-10-25,4.114774703979492,4.463964181720775,4.105336931599468,4.435651314598458,2368000
2018-10-26,4.105336666107178,4.284650279571612,4.095899344355222,4.143086853150455,1549800
2018-10-29,3.926021099090576,4.161959875718952,3.9165837820345426,4.105334623330243,1969600
2018-10-30,3.916585683822632,3.9920860570018513,3.841085310643413,3.897710590527827,1994100
2018-10-31,3.7655842304229736,3.888272321133905,3.7467091395443686,3.888272321133905,2867000
2018-11-01,3.9826483726501465,4.001523466358717,3.8505227166901554,3.8977106759704467,2416700
2018-11-02,3.652334213256836,3.9165859900639015,3.529646097247514,3.831647838587031,2935300
2018-11-05,3.7467093467712402,3.7750219846550923,3.6334585702269884,3.7089591629261047,1627700
2018-11-06,3.671208620071411,3.784459385540807,3.5768329446787774,3.74670898037846,1581300
2018-11-07,3.661771297454834,3.7089590255129967,3.6334584356110997,3.680646388678099,1471700
2018-11-08,3.5768330097198486,3.671208686828608,3.5673954645098553,3.624020735769815,1535200
2018-11-09,3.3880820274353027,3.5390829823521766,3.3786444818160506,3.520207891113672,1954400
2018-11-12,3.2937064170837402,3.4258322745780743,3.2559562363735948,3.3880818688591035,1560400
2018-11-13,3.208768844604492,3.331456944687574,3.1332682503137463,3.293706760046626,2794500
2018-11-14,3.32201886177063,3.3880816742181605,3.171017922596033,3.189893236875569,1525500
2018-11-15,3.3692071437835693,3.425832645996784,3.3125818665792055,3.350332051382115,1224900
2018-11-16,3.444707155227661,3.5202075120516714,3.3975192072038425,3.425832066021658,1515400
2018-11-19,3.3880820274353027,3.4730201630174102,3.369206936196798,3.435269980540401,1442700
2018-11-20,3.331456184387207,3.397518992432103,3.23708074432307,3.388081448425689,2503600
2018-11-21,3.3786447048187256,3.416394889787383,3.3408945198500684,3.350332066092233,1490500
2018-11-23,3.142704963684082,3.331456061880248,3.0955172453872377,3.322018518220879,1360300
2018-11-26,3.095517873764038,3.1898935545243727,3.0766427826137384,3.161580692790088,1719800
2018-11-27,3.010580062866211,3.1049555217298868,3.001142516979843,3.076642884070784,1364100
2018-11-28,3.0483298301696777,3.1615803653420045,3.0011421071812086,3.0105796517789023,2379400
2018-11-29,3.010580062866211,3.114393067616254,2.9917049710934758,3.0577677922980486,1480600
2018-11-30,3.038892984390259,3.0577680779261285,2.9256421981661767,3.020017890854389,1432000
2018-12-03,3.161581039428711,3.1993314508771356,3.095518213159473,3.1332683995990376,1563600
2018-12-04,3.171018123626709,3.255956255738535,3.1332679426920427,3.208768529570202,1664200
2018-12-06,3.1804556846618652,3.2370811813540246,3.114392867697979,3.1521430488201996,2416600
2018-12-07,3.397519826889038,3.444707783519629,3.1993313540777413,3.1993313540777413,2492900
2018-12-10,3.444707155227661,3.4730197890366648,3.359769028791837,3.3692065733948384,2205700
2018-12-11,3.3031444549560547,3.5013331582548353,3.2842693617855856,3.473020518499132,2410200
2018-12-12,3.2182064056396484,3.3314569600859505,3.2182064056396484,3.2748316828627995,2628900
2018-12-13,3.0011425018310547,3.2087687352919545,2.9162043642736437,3.2087687352919545,7406100
2018-12-14,2.8029539585113525,2.9445171533802976,2.736891134239178,2.9162045144065085,8029500
2018-12-17,3.010580062866211,3.123830613502622,2.8312664660163844,2.840704011902752,5954600
2018-12-18,3.246518611907959,3.2937063366431985,3.0200173081699893,3.0672050329052287,4234400
2018-12-19,3.095517873764038,3.4258324189119564,3.095517873764038,3.293706555851022,6304700
2018-12-20,3.3031444549560547,3.340894641296992,3.1804561243391487,3.1804561243391487,5767000
2018-12-21,3.331456184387207,3.397518992432103,3.208768112303829,3.303143552367966,16970600
2018-12-24,3.4918951988220215,3.529645380699746,3.388081973649446,3.4069570645883083,2386900
2018-12-26,3.3880820274353027,3.567395619209934,3.3031441168620317,3.548520527971429,2435900
2018-12-27,3.425832509994507,3.567395697385494,3.397519647507468,3.4541451474727043,3150100
2018-12-28,3.406956911087036,3.4918950414938412,3.3503316408217145,3.435269771228519,1929000
2018-12-31,3.397519826889038,3.444707783519629,3.3125819099699108,3.397519826889038,2382700
2019-01-02,3.557957887649536,3.6145831584057775,3.3692067601199067,3.3692067601199067,2108800
2019-01-03,3.6334588527679443,3.661771717862274,3.5296458391212298,3.595708665987321,1803900
2019-01-04,3.5768330097198486,3.624020735769815,3.482457557619916,3.6051456453498285,2665400
2019-01-07,3.5768330097198486,3.775021684138534,3.5390828288798755,3.6428958261898017,2894400
2019-01-08,3.6051461696624756,3.63345880941009,3.473020517506941,3.539083343584708,1705300
2019-01-09,3.671208620071411,3.690083710148173,3.5768329446787774,3.6334582149090644,1957300
2019-01-10,3.5957086086273193,3.699521845626831,3.5296457828150856,3.6523338878949483,2658900
2019-01-11,3.62402081489563,3.6617712215686606,3.5673955423993307,3.59570817864748,3194800
2019-01-14,3.5957086086273193,3.6523338878949483,3.501333143181271,3.605146155171924,2303700
2019-01-15,3.699521541595459,3.7750219077475817,3.586270767358435,3.59570831312745,3425500
2019-01-16,3.869396686553955,3.888271774780361,3.671208260176696,3.6995208925163046,3541200
2019-01-17,3.8316473960876465,3.9354606303462676,3.822210074801065,3.8693975812693804,2216700
2019-01-18,3.6145830154418945,3.7938965907532785,3.5768328364308277,3.7938965907532785,2568700
2019-01-22,3.737271308898926,3.784459257503168,3.529645100070228,3.6051454578229127,3666300
2019-01-23,3.661771297454834,3.7183965711246296,3.6240208899994673,3.6995214799013643,1321200
2019-01-24,3.652334213256836,3.727834817348374,3.6145840237155062,3.6145840237155062,1337700
2019-01-25,3.8033337593078613,3.944896683213173,3.737270731472505,3.737270731472505,2766600
2019-01-28,4.0203986167907715,4.077023892377132,3.8127721562897627,3.8127721562897627,4351800
2019-01-29,4.152524471282959,4.171399564106248,3.992085957276148,4.077024099989803,2459300
2019-01-30,4.180836200714111,4.256337009658416,4.0487105725924435,4.15252379112543,2451000
2019-01-31,4.209148406982422,4.284648754190033,4.161960464968882,4.237460812176493,1784700
2019-02-01,4.190273284912109,4.246898544841218,4.095897851696928,4.246898544841218,1566700
2019-02-04,4.180836200714111,4.199711290445778,4.077023432198763,4.114773611662096,1124300
2019-02-05,4.190273284912109,4.199710603224846,4.086460083366629,4.180835516581809,1544500
2019-02-06,4.152524471282959,4.331838078113059,4.13364937845967,4.171399564106248,2913400
2019-02-07,4.058148384094238,4.171398923645926,3.992085344346933,4.133648743795363,1916200
2019-02-08,4.161961078643799,4.1713988484451185,4.029835451548754,4.0958984901050925,1230200
2019-02-11,4.1430864334106445,4.2185867998481905,4.067586066973098,4.095898929396019,1479600
2019-02-12,4.171398639678955,4.21858613627106,4.0958982851174985,4.190273728319319,1007300
2019-02-13,4.171398639678955,4.246898994240412,4.12421069306924,4.12421069306924,1857700
2019-02-14,4.2846503257751465,4.3129631913717805,4.124211804102262,4.171399763424074,1394600
2019-02-15,4.2846503257751465,4.350713378822138,4.209149950874432,4.3129631913717805,1639500
2019-02-19,4.539462566375732,4.633837998625398,4.322398847192722,4.360149020092588,3290000
2019-02-20,4.605526447296143,4.737652076926627,4.53946340747208,4.63383885720814,3994800
2019-02-21,4.548900127410889,4.671587958738347,4.331836418114948,4.46396201724627,3513100
2019-02-22,4.652714729309082,4.765965738048279,4.548901942156585,4.548901942156585,1896000
2019-02-25,4.5960893630981445,4.7093399196795795,4.56777694896164,4.671589734152435,2704100
2019-02-26,4.643276691436768,4.718777052270268,4.5772136506986305,4.586651420811642,1557000
2019-02-27,4.567777156829834,4.643277531319958,4.520589197764641,4.614964665877297,1080900
2019-02-28,4.567777156829834,4.5866522504523655,4.482839010519579,4.530026969584772,1353800
2019-03-01,4.548900127410889,4.74708875111664,4.445086931656081,4.482837102836458,2232900
2019-03-04,4.548900127410889,4.577212530787403,4.407336760475704,4.520587274016837,1595600
2019-03-05,4.539462566375732,4.577212739275598,4.5017123934758665,4.539462566375732,1328400
2019-03-06,4.426211357116699,4.539461858147417,4.4073362736115795,4.530024541403601,1179000
2019-03-07,4.47340202331543,4.567777957998958,4.331839021325753,4.397901635582853,1701300
2019-03-08,4.77540397644043,4.7942790731845495,4.586653008999228,4.586653008999228,2528500
2019-03-11,4.681026935577393,4.8320276593,4.586651483250763,4.775402387904022,1689600
2019-03-12,4.935841083526611,4.945278404136018,4.690464447434623,4.699902218061702,1845100
2019-03-13,5.030216693878174,5.067966877508136,4.945278555701916,5.0019042811645456,2354500
2019-03-14,4.765467643737793,4.897841619712869,4.765467643737793,4.87893105171643,1474600
2019-03-15,4.737102031707764,4.860020498629967,4.661459308626438,4.812744303925583,4512700
2019-03-18,4.74655818939209,4.812745418340413,4.661460388010476,4.812745418340413,2113700
2019-03-19,4.774923801422119,4.81274494254968,4.727647149580884,4.7938343719859,2391700
2019-03-20,5.001850128173828,5.0302162065022245,4.708736089476827,4.784378363867857,2506300
2019-03-21,4.964028835296631,4.982939403301316,4.7654676458156855,4.907297131282576,2559000
2019-03-22,4.954573154449463,5.07749206765905,4.860020317697277,4.94511809620599,1742300
2019-03-25,5.068037509918213,5.200411494444091,4.9734846638283,5.030216371482248,2990400
2019-03-26,5.143679618835449,5.172045246304443,4.954573481966903,5.01130563863193,1791600
2019-03-27,5.068037509918213,5.200411494444091,5.058581999877454,5.134224276749385,2220900
2019-03-28,4.850566864013672,5.011306965096706,4.850566864013672,4.99239639149068,2848400
2019-03-29,4.803289890289307,4.9451194084864625,4.803289890289307,4.916753324501587,1571900
2019-04-01,4.652004718780518,4.860020988339847,4.5952730089007,4.831655358831714,2360700
2019-04-02,4.661459445953369,4.727646661525594,4.614183249856225,4.652004387079348,1335200
2019-04-03,4.576362609863281,4.72764717519312,4.557452039197051,4.68037052309576,2221800
2019-04-04,4.774923801422119,4.803289431836007,4.443988140260604,4.500720302815513,2379200
2019-04-05,4.74655818939209,4.793834845907122,4.699281532877057,4.7749242734738315,1113500
2019-04-08,4.831656455993652,4.869477604501873,4.765469220672437,4.82220094343477,1252900
2019-04-09,4.897841930389404,4.916752499585366,4.831655163635306,4.8600207919974805,1357000
2019-04-10,4.841111183166504,4.982940705703695,4.831656122124624,4.878932329061271,1469700
2019-04-11,4.7276458740234375,4.793833078570605,4.689824743100325,4.793833078570605,1446500
2019-04-12,4.708735942840576,4.803288782884864,4.699280433404395,4.746557078858292,1112300
2019-04-15,4.652004718780518,4.746557568580212,4.604728068448894,4.661459778328711,1182400
2019-04-16,4.462897777557373,4.614182761294951,4.462897777557373,4.58581668594932,2796300
2019-04-17,4.500721454620361,4.557453180830238,4.4250787021435105,4.500721454620361,3044400
2019-04-18,4.443988800048828,4.614184411254952,4.415623165423563,4.510176032280502,1581900
2019-04-22,4.368344783782959,4.500719196040714,4.358889726257951,4.4534425558253075,1681200
2019-04-23,4.339980125427246,4.38725632529202,4.273792904580295,4.339980125427246,1428600
2019-04-24,4.396710395812988,4.51017377936423,4.2832470122617465,4.3116126327178526,1688300
2019-04-25,4.339980125427246,4.5007201968673005,4.311614044817537,4.406166895410641,1805600
2019-04-26,4.519630432128906,4.547996059773466,4.406166568960103,4.406166568960103,1141700
2019-04-29,4.368344783782959,4.49126368765225,4.358889726257951,4.4534425558253075,1526900
2019-04-30,4.396710395812988,4.434531523663402,4.3305231966430595,4.358889267962574,1295200
2019-05-01,4.302159309387207,4.453443881736503,4.264338166299883,4.3588910240181935,1849200
2019-05-02,4.084686756134033,4.19815016442188,3.9428572703424716,4.122507892229982,4455500
2019-05-03,4.103597640991211,4.179239919022904,4.0846870714832875,4.103597640991211,1842600
2019-05-06,4.198150157928467,4.245426352543526,4.084686749816118,4.084686749816118,1471800
2019-05-07,4.321069240570068,4.330524299508912,4.169784239776861,4.1981503183204385,3331500
2019-05-08,4.217061519622803,4.387256663823047,4.207606008402105,4.377801603465939,1548900
2019-05-09,4.3305253982543945,4.43453377815193,4.235972530558288,4.24542759189608,2517900
2019-05-10,4.198150157928467,4.339979643500656,4.188694648487352,4.330524134059541,2922000
2019-05-13,4.491264820098877,4.595273184279808,4.292703602509631,4.330524743872957,3061300
2019-05-14,4.453444957733154,4.462900020357628,4.3683471397944,4.462900020357628,1795000
2019-05-15,4.425076961517334,4.529085310755077,4.387255825587882,4.4723536068609,1257700
2019-05-16,4.321069240570068,4.406166574473755,4.245426514741704,4.396711515534911,1760800
2019-05-17,4.3305253982543945,4.349435971793615,4.235972530558288,4.302159763377381,1730300
2019-05-20,4.358891487121582,4.443988842677297,4.330525401360585,4.339980913568796,1138200
2019-05-21,4.302159309387207,4.387256655901891,4.264338166299883,4.339980452474531,1222000
2019-05-22,4.217061519622803,4.358891031888135,4.1792403764671935,4.30215931715472,1344000
2019-05-23,4.198150157928467,4.368345270096991,4.198150157928467,4.254881861984641,1272900
2019-05-24,4.2832489013671875,4.311614534333814,4.198151100740095,4.198151100740095,1068600
2019-05-28,4.217061519622803,4.264338173999111,4.169784865246496,4.1886954368243,1448100
2019-05-29,4.198150157928467,4.264337371425756,4.179239589909742,4.226515784524802,881800
2019-05-30,4.377800941467285,4.3967115101854874,4.160329175776198,4.207605372139943,1126900
2019-05-31,4.604728698730469,4.652005355533181,4.415622973246849,4.425078034089223,2013200
2019-06-03,4.926208019256592,4.935663078441311,4.633093970713742,4.718191306830353,3556300
2019-06-04,4.907297611236572,4.98293989065344,4.784378681752387,4.850565901673921,4013200
2019-06-05,4.907297611236572,5.0585821700703075,4.831655331819705,5.001850460507657,2022400
2019-06-06,5.001850128173828,5.06803734369774,4.926207853782798,4.926207853782798,2461700
2019-06-07,4.907297611236572,5.068037680429192,4.907297611236572,5.039671600216091,1900000
2019-06-10,4.973484039306641,5.001849664139969,4.6992801437824445,4.7843779200093834,2738300
2019-06-11,4.964028835296631,5.039671107315371,4.841109917834426,4.982939403301316,2376900
2019-06-12,4.878931999206543,5.077493227161562,4.878931999206543,5.020761512154927,1933600
2019-06-13,5.077877998352051,5.077877998352051,4.8789312545465755,4.8789312545465755,2798800
2019-06-14,5.125246524810791,5.286298710544197,5.068404656623533,5.1441938142065435,3933200
2019-06-17,5.2484049797058105,5.267352272162763,5.106300060409123,5.163141937779981,2470500
2019-06-18,5.172614574432373,5.437876605473584,5.134719998569342,5.314719459788225,3387500
2019-06-19,5.324192523956299,5.390508253177721,5.096825083892475,5.115772370564461,3113500
2019-06-20,5.693665504455566,5.722086209656227,5.437876447215839,5.532613335855277,4258300
2019-06-21,5.693665504455566,5.788401941356041,5.551560623235372,5.693665504455566,5841100
2019-06-24,5.8736653327941895,5.91155991287113,5.674718561520735,5.759981592563366,3924500
2019-06-25,5.8357720375061035,5.939982381529892,5.655772516642879,5.911561214345539,4730600
2019-06-26,5.759981155395508,5.854717598397606,5.617876265022863,5.665244712393409,2774000
2019-06-27,5.703139781951904,5.750508233411815,5.627350621007273,5.750508233411815,2852400
2019-06-28,5.731559753417969,5.731559753417969,5.589454880275411,5.731559753417969,3429000
2019-07-01,5.532613754272461,5.608402909524577,5.4852453063703885,5.570508331898519,3110000
2019-07-02,5.684193134307861,5.7599823038203795,5.542088215602348,5.589456672417214,2743100
2019-07-03,5.759981155395508,5.769455025565214,5.561034399221604,5.703139289594248,1547100
2019-07-05,5.674719333648682,5.731561663237345,5.523140992716484,5.6084040353603895,2300400
2019-07-08,5.703139781951904,5.750508233411815,5.636824040255836,5.6936663627033415,1440800
2019-07-09,5.731559753417969,5.807348898630282,5.646296739184646,5.693665180811812,1488000
2019-07-10,5.958928108215332,5.958928108215332,5.778928634701827,5.826297083635541,2058600
2019-07-11,5.911561012268066,5.996824059167412,5.816824544457189,5.958929472043061,2604800
2019-07-12,5.883138179779053,5.958927326742559,5.845243606297299,5.921032753260806,1269600
2019-07-15,5.892612934112549,5.93050796793034,5.845244932383651,5.88313951446239,1623100
2019-07-16,5.911561012268066,5.939982178480885,5.835771838019364,5.864193004232184,1853500
2019-07-17,6.195769786834717,6.195769786834717,5.911559981232047,5.958928432745503,2739600
2019-07-18,6.299980163574219,6.356822034838254,6.063138807437888,6.167349130624803,4509700
2019-07-19,6.394716739654541,6.394716739654541,6.186296540979129,6.2052438317678025,2849900
2019-07-22,6.356821537017822,6.498926429918798,6.347347666679557,6.442084563106208,1911200
2019-07-23,6.299980163574219,6.366295454179408,6.186296421046149,6.356822034838254,2861000
2019-07-24,6.404189586639404,6.451557580165582,6.290505408350837,6.347347271625634,2154100
2019-07-25,6.290506362915039,6.413663977902026,6.271559072281582,6.385242816082321,2482900
2019-07-26,6.281033992767334,6.3947177555599,6.262086698968574,6.318928580364856,2084300
2019-07-29,6.318927764892578,6.366295767406971,6.233664727931988,6.318927764892578,3114400
2019-07-30,6.451558589935303,6.479979751890544,6.328400974360998,6.328400974360998,2837100
2019-07-31,6.205244541168213,6.5462958143542505,6.195770668821274,6.42313863601773,3976100
2019-08-01,6.735767841339111,6.754715130484326,6.034717239488186,6.1105063960690424,4078800
2019-08-02,6.716820240020752,6.811556681343819,6.641031086962298,6.650504505225112,2953600
2019-08-05,7.237872123718262,7.370503615858963,6.92524158833058,6.982083462788426,6052700
2019-08-06,6.915768146514893,7.199977517902385,6.8399785290725,7.199977517902385,4866100
2019-08-07,6.773663520812988,7.1999778217550245,6.745242356605282,7.162083237304136,6091700
2019-08-08,7.086292266845703,7.124186841662608,6.593662342486973,6.688398779529235,4159800
2019-08-09,6.849452495574951,7.038925412459004,6.821031332172811,7.029451992484335,3021300
2019-08-12,6.76418924331665,6.991557188130322,6.7547158236414,6.906294152357813,2656100
2019-08-13,6.622084140777588,6.877873240620932,6.3757693638107575,6.8494520789475475,4030000
2019-08-14,6.527346611022949,6.792609086493865,6.508399323613524,6.70734606728197,3119500
2019-08-15,6.802083492279053,6.8873465238747436,6.536821430019842,6.603136719715129,3259900
2019-08-16,6.631556987762451,6.783135288640551,6.536820549713639,6.764188001030789,3048700
2019-08-19,6.603137016296387,6.887346833221343,6.423137977548172,6.508400561234418,2655000
2019-08-20,6.792609691619873,6.877872718427505,6.574715641130706,6.669452086617516,3002100
2019-08-21,6.6410322189331055,6.858925845246861,6.631558347316474,6.726294804787469,2246800
2019-08-22,6.5841898918151855,6.726294803871864,6.555769180447287,6.6031371833068055,1855000
2019-08-23,6.925240993499756,6.972609444015532,6.641031645622167,6.659978935480673,3868300
2019-08-26,6.678926944732666,6.953662903142582,6.6599796528333295,6.915768319343909,2474000
2019-08-27,6.944188117980957,7.010503856775916,6.688399485113275,6.688399485113275,3813300
2019-08-28,7.010503768920898,7.095766344315614,6.8683988742776965,7.001029898466482,1967200
2019-08-29,6.622084140777588,7.001030403234828,6.555768849771423,6.982083112698917,3406000
2019-08-30,6.678926944732666,6.735768820430676,6.555769321517443,6.574716613416779,1854300
2019-09-03,6.792609691619873,6.972609163914315,6.754715113425148,6.77366240252251,2512200
2019-09-04,6.868398666381836,6.877872536549494,6.688399198847288,6.764188353232573,1513700
2019-09-05,6.565241813659668,6.773662446833058,6.4894526567744375,6.764188576352901,2923400
2019-09-06,6.299980163574219,6.697873714161501,6.299980163574219,6.565242229473049,2836000
2019-09-09,6.138927459716797,6.347347637056944,6.0062964377730665,6.347347637056944,3563900
2019-09-10,6.129453182220459,6.318926509863086,6.063137901523663,6.110505894630093,2532700
2019-09-11,6.129453182220459,6.318926509863086,6.101032476704395,6.157874339475493,1837300
2019-09-12,6.015770435333252,6.423137862405745,6.006297015866403,6.3189275378361485,2954500
2019-09-13,5.825997829437256,6.186564586775945,5.816509468692299,6.044235555989461,3354200
2019-09-16,6.025259017944336,6.025259017944336,5.807021268359664,5.9303731382230795,3131100
2019-09-17,6.01577091217041,6.139122334830892,5.958839381915206,6.082190804575689,2261200
2019-09-18,5.920884609222412,6.072702476540751,5.788044371214003,6.015770945965719,2882900
2019-09-19,6.091679573059082,6.110656749667146,5.930373345664748,5.977816513410698,1621900
2019-09-20,6.186564922332764,6.215030911014651,6.025258708855665,6.091679047479041,4277900
2019-09-23,6.3099164962768555,6.35735920530058,6.186564638402438,6.215030625777889,4285500
2019-09-24,6.366848945617676,6.395314484686315,6.148611185467905,6.262474246645632,3531300
2019-09-25,6.034748077392578,6.3099173659928,5.949350555947135,6.290940189277323,2925800
2019-09-26,5.920884609222412,6.120145192460819,5.911396247019033,6.044236485027442,1806800
2019-09-27,5.797532558441162,5.901906793640543,5.683669057162189,5.769066570008534,3010500
2019-09-30,5.503386974334717,5.750090284968857,5.474920981497282,5.645715581167071,3694700
2019-10-01,5.522363662719727,5.664692256939843,5.389522977851986,5.436966144226403,2589900
2019-10-02,5.541341304779053,5.664692733312972,5.503386949468369,5.607761200346946,1909900
2019-10-03,5.493897914886475,5.693158498531194,5.493897914886475,5.531852268680556,2540700
2019-10-04,5.6552042961120605,5.683669835993776,5.43696652972865,5.503386876871984,1995700
2019-10-07,5.541341304779053,5.674181548366445,5.465432594157686,5.607761200346946,1449200
2019-10-08,5.6931586265563965,5.702647441444091,5.522364030642279,5.617249917261233,1809600
2019-10-09,5.607759952545166,5.759577792458,5.579294418621918,5.693157459217916,1473400
2019-10-10,5.6552042961120605,5.721624643255394,5.493898061943679,5.588783948968728,1524400
2019-10-11,5.399012088775635,5.598272674574768,5.389523273998727,5.579295497472545,2334600
2019-10-14,5.066910266876221,5.3705450408033935,5.009978746764876,5.36105668034392,3724100
2019-10-15,4.7253217697143555,5.0953769609255675,4.7253217697143555,5.00049107246777,5465700
2019-10-16,4.772764205932617,4.801229741865049,4.715832229164682,4.763275392320782,2318400
2019-10-17,4.886626243591309,4.972023286172695,4.744297236020408,4.7537860476691405,2095700
2019-10-18,4.810718536376953,4.943558759254471,4.763275373409215,4.867650060467318,1991400
2019-10-21,4.753787517547607,4.858161763247696,4.7348098883822285,4.820207409820104,2254500
2019-10-22,4.753787517547607,4.829696224402793,4.658901181527043,4.7917418709752,2054500
2019-10-23,4.839184761047363,4.877139115843687,4.763276051454714,4.8012304062510385,2008000
2019-10-24,4.810718536376953,4.915092770983522,4.668389499925273,4.839184072196368,3764200
2019-10-25,4.858161449432373,5.019467667305779,4.8296959124262155,4.905604614378041,2121500
2019-10-28,4.753787517547607,4.858161763247696,4.744298702964918,4.801230233106307,1363200
2019-10-29,4.848672866821289,4.924581565311781,4.668389481680603,4.725321005548473,2223300
2019-10-30,4.810718536376953,4.905604409860895,4.668389499925273,4.867650060467318,3080700
2019-10-31,5.1617960929870605,5.3705449984143625,4.848672508620357,4.867649681841021,5493200
2019-11-01,5.1712846755981445,5.190261849634317,5.028956096552604,5.123841966733471,3219000
2019-11-04,5.133331298828125,5.190262831708934,5.06691140335965,5.161797291494332,2000800
2019-11-05,5.076400279998779,5.180774993742027,4.991003198255804,5.047934736901671,2952200
2019-11-06,5.142819881439209,5.209239773905857,5.066911174362135,5.1143538900595145,1631200
2019-11-07,5.047933578491211,5.152307815830788,4.972024425264864,5.123842279266011,2130000
2019-11-08,5.000489711761475,5.085887214361387,4.972023726744343,4.972023726744343,2541500
2019-11-11,5.000489711761475,5.076398401871849,4.9625353667062875,4.981512539233881,2460600
2019-11-12,5.0574212074279785,5.085887192321754,4.924581000310485,5.009978502540329,1699500
2019-11-13,5.028956890106201,5.142819952290474,5.028956890106201,5.114353960518611,3155100
2019-11-14,5.095377445220947,5.152308983706742,5.047934722708609,5.085889081699139,2953200
2019-11-15,5.095377445220947,5.152308983706742,5.047934722708609,5.0574230862304175,1250000
2019-11-18,5.152307987213135,5.266171494614348,5.076399283913367,5.076399283913367,3352900
2019-11-19,5.256682395935059,5.323102733952844,5.104864997553307,5.133330533524117,2201800
2019-11-20,5.304126262664795,5.351568979725861,5.209239923639469,5.266171908035303,1949100
2019-11-21,5.114352703094482,5.332590411517144,5.104864343137747,5.294636066787245,1804000
2019-11-22,5.123842716217041,5.161797069841112,5.047934008968898,5.123842716217041,2290800
2019-11-25,5.114352703094482,5.2377045496923955,5.057421185999633,5.095375530729533,3023400
2019-11-26,5.228216171264648,5.247193343562553,5.085887152804627,5.123841497400436,2371900
2019-11-27,5.209239482879639,5.25668264837808,5.142819594123691,5.199751121250885,1091600
2019-11-29,5.380034923553467,5.399012100697594,5.209239876804727,5.228217506400447,2003000
2019-12-02,5.370545387268066,5.399011375385888,5.29463668888925,5.351568212673362,1475300
2019-12-03,5.446455001831055,5.569806883672231,5.408500646257094,5.446455001831055,3217500
2019-12-04,5.389523506164551,5.46543267029499,5.3231036096713815,5.427477862003965,1724000
2019-12-05,5.399028778076172,5.484576916903387,5.3515023868107265,5.3515023868107265,1384400
2019-12-06,5.123373985290527,5.332491549812341,5.123373985290527,5.332491549812341,1451300
2019-12-09,5.056837558746338,5.17090145137041,5.028321358965511,5.17090145137041,1298400
2019-12-10,5.094858169555664,5.189911400596905,5.056836877139168,5.094858169555664,3411500
2019-12-11,5.294469833374023,5.294469833374023,5.085352285578539,5.1423842204547086,2238500
2019-12-12,5.161394119262695,5.3705116368273575,5.132878382571717,5.3324903524064124,1829900
2019-12-13,5.13287878036499,5.21842645031725,5.104362588214572,5.11386813668121,2461400
2019-12-16,5.075847625732422,5.256448994978473,5.018815685957285,5.132879565507559,2444400
2019-12-17,5.056837558746338,5.2089227489117675,5.056837558746338,5.094858856287695,2206100
2019-12-18,5.13287878036499,5.17090006773255,5.028320013479453,5.11386813668121,2871200
2019-12-19,5.075847625732422,5.161395308770344,5.018815685957285,5.142384662178632,2814300
2019-12-20,4.952277660369873,5.094857721003748,4.952277660369873,5.085352172111714,3513400
2019-12-23,5.370512962341309,5.370512962341309,4.961783374062059,4.971288924138123,3594400
2019-12-24,5.598640441894531,5.598640441894531,5.408533982487921,5.446555274369243,1025600
2019-12-26,5.665177822113037,5.7697365994329495,5.598640335954995,5.684188467693972,1541200
2019-12-27,5.503586769104004,5.674682568795234,5.494081673523692,5.636661279974961,2522400
2019-12-30,5.674683094024658,5.712704839613611,5.494082182037309,5.503587278497379,1932100
2019-12-31,5.722209453582764,5.7792413872829815,5.627156230749067,5.693693260107896,1563500
2020-01-02,5.636661052703857,5.836273037586663,5.598639765416609,5.826767942389599,1925300
2020-01-03,5.570124626159668,5.788747278219249,5.551113980469685,5.7792417287494855,2263500
2020-01-06,5.551114082336426,5.731715446330199,5.5225978866533865,5.722209896686001,2169200
2020-01-07,5.589134693145752,5.665177268032171,5.484575926052178,5.541607857216992,1319800
2020-01-08,5.351500988006592,5.636660620811447,5.2944690614456205,5.636660620811447,2210000
2020-01-09,5.237437725067139,5.351501591042407,5.227932176277776,5.2849641092654105,1147200
2020-01-10,5.465564727783203,5.475070275304303,5.23743702627025,5.275458309855742,1498300
2020-01-13,5.170899868011475,5.408533131505111,5.151889225061963,5.408533131505111,1699300
2020-01-14,5.3039751052856445,5.322985750875397,5.132879294977881,5.132879294977881,3326100
2020-01-15,5.475072383880615,5.475072383880615,5.26595479037496,5.313481639785235,3241200
2020-01-16,5.313481330871582,5.361007724269154,5.227933188206513,5.361007724269154,1599700
2020-01-17,5.332489967346191,5.427543171534743,5.218425669070499,5.332489967346191,1578400
2020-01-21,5.674683094024658,5.703199289903983,5.341996559430171,5.370512755309496,5275300
2020-01-22,5.636661052703857,5.74121981936854,5.60814531386317,5.7031985320812915,2302700
2020-01-23,5.893304347991943,5.931325631275805,5.608144723362981,5.608144723362981,3056200
2020-01-24,6.026381492614746,6.054897238862351,5.836274553549051,5.893306499293875,2655100
2020-01-27,5.902810573577881,6.121433204201117,5.82676799827406,6.102422560375162,3910000
2020-01-28,5.855284214019775,5.9028110540781915,5.807757827210897,5.836273568646316,3303100
2020-01-29,6.121433258056641,6.187970738657622,5.8457786935303675,5.8457786935303675,4042300
2020-01-30,5.969348907470703,6.178466019469079,5.921822064482654,6.1404447263784645,3458100
2020-01-31,5.988359451293945,6.083412682389972,5.950338158855534,5.959843255340358,3990200
2020-02-03,5.893304347991943,6.007368651092977,5.845777970511841,5.950336726167185,2684800
2020-02-04,5.769737243652344,5.864790482170177,5.655672904181352,5.750726595948778,4395200
2020-02-05,5.855284214019775,5.92182169945165,5.722209696405563,5.750725891090521,1186400
2020-02-06,5.940832614898682,5.959843261136375,5.845779383710214,5.902811322423294,1033500
2020-02-07,5.8077569007873535,5.988358229651385,5.798251352992131,5.940831397174205,1809500
2020-02-10,5.855284214019775,5.893305504766693,5.750725891090521,5.836273568646316,1867000
2020-02-11,5.921821594238281,5.921821594238281,5.7792415298458,5.855284109988582,3125300
2020-02-12,5.712705135345459,5.912316703835876,5.65567274063439,5.912316703835876,2534800
2020-02-13,5.741220474243164,5.855284349115652,5.722209828431082,5.779241765867327,1020600
2020-02-14,5.703199863433838,5.788748006425218,5.636662368523919,5.71270541409937,3149300
2020-02-18,6.045391082763672,6.064401728016878,5.722209660209623,5.731715209460995,3722700
2020-02-19,6.206982135772705,6.235497878597712,5.9218219880252745,6.083412708198848,3189000
2020-02-20,6.454119682312012,6.644226120115952,6.216486408432337,6.273518339773519,4528700
2020-02-21,6.625215530395508,6.71076365473008,6.463625283568376,6.549172954653446,3933300
2020-02-24,6.587194442749023,6.805817081277466,6.463625480036918,6.796311985645542,3947600
2020-02-25,6.264014720916748,6.596701292111577,6.254509170161373,6.49214250005048,5336500
2020-02-26,6.245002269744873,6.4065925066892495,6.121432865096694,6.206980984199199,3196700
2020-02-27,5.703199863433838,6.330551703371687,5.655673016605381,6.330551703371687,5508300
2020-02-28,5.54160737991333,5.693692516586936,5.332490316987121,5.446554169492326,6975100
2020-03-02,5.646167278289795,5.722209861984006,5.40853397762061,5.703199216060454,5336200
2020-03-03,5.836272716522217,6.073905975619613,5.58913436275065,5.7507250514567945,3768800
2020-03-04,5.77924108505249,5.931326233632978,5.6461665800445635,5.893304946487857,4085700
2020-03-05,5.988359451293945,6.073907132655591,5.769736793148304,5.85528447450995,3947600
2020-03-06,6.168960094451904,6.225992483869387,5.741220346567551,6.026380480656812,4179900
2020-03-09,5.722209453582764,6.045390864466851,5.579629392707459,5.950337641633155,3689200
2020-03-10,5.6841888427734375,5.912316604797995,5.408534237035644,5.798252723785716,3518300
2020-03-11,5.199416160583496,5.7127044814866235,5.1709004197413675,5.646166997439109,3353900
2020-03-12,4.581570625305176,5.047331720286099,4.144325275231464,4.714645159121212,4642600
2020-03-13,3.6975741386413574,4.705139019904806,3.6500472987435164,4.667117729286348,7650400
2020-03-16,4.494342803955078,4.7138117895729925,3.187071010165672,3.253866077094313,7520700
2020-03-17,5.801612377166748,5.830238954588747,4.351209282875061,4.4466304492750375,7612300
2020-03-18,4.876026630401611,6.154671235680011,4.637473474677517,5.534433394800595,5710700
2020-03-19,5.085952281951904,5.906575115748354,4.227160986583893,4.818773050950982,6004500
2020-03-20,4.246245861053467,5.3817589024484525,4.198535504358632,5.3722170131110945,6794000
2020-03-23,4.666100025177002,5.028700964230679,4.131740962099831,4.522968027655385,5096200
2020-03-24,5.210001468658447,5.372217703269334,4.876027108873486,5.343591121571615,4620600
2020-03-25,5.563059329986572,5.734817887484462,5.009616100280082,5.152748079860317,4714800
2020-03-26,5.54397439956665,6.049707209184672,5.267252819493909,5.668022129945179,4097400
2020-03-27,5.076412200927734,5.553518595394488,4.933280191586886,5.43901271491934,2974800
2020-03-30,4.8283162117004395,5.343591033759106,4.656558089348908,5.085953622729773,3018400
2020-03-31,4.771064281463623,5.03824408142741,4.6851849787959505,4.732895803612245,2415000
2020-04-01,5.1145806312561035,5.362675717602154,4.704268844408393,4.761521556642097,4483000
2020-04-02,5.400843143463135,5.62031205856874,5.1909165727118705,5.229085040121191,3047600
2020-04-03,5.381759166717529,5.601228092301963,5.343590697485806,5.391301511527482,2231600
2020-04-06,5.524890899658203,5.734817925778742,5.400843152860069,5.524890899658203,3641300
2020-04-07,5.496265888214111,5.801613689778819,5.448555066717568,5.620313205097716,2351400
2020-04-08,5.57260274887085,5.715734301047432,5.439012632833348,5.496265799708911,1609700
2020-04-09,6.049709320068359,6.126046271551195,5.772987643441017,5.820698010615729,3124700
2020-04-13,6.6126933097839355,6.679488357156957,5.706191500457105,6.040165827314146,5397000
2020-04-14,6.479103088378906,7.25201518857536,6.326429228094371,6.755824687646625,5215800
2020-04-15,6.288262844085693,6.574526426856394,6.08787810864413,6.326431321788453,3375200
2020-04-16,6.46002197265625,6.641322496719491,6.278721448593009,6.335974173822841,3241900
2020-04-17,6.087878227233887,6.335973337134634,5.925661966335167,6.106962466457021,8063300
2020-04-20,6.34551477432251,6.488646775473441,6.021082299047611,6.145130063712024,3500900
2020-04-21,6.288262844085693,6.393225930266212,6.040167284013608,6.12604658634689,2727700
2020-04-22,6.994379997253418,7.08025929787587,6.536357818940571,6.59361053435416,5554500
2020-04-23,7.328353404998779,7.662327760492767,7.15659528203149,7.15659528203149,5552200
2020-04-24,7.710038661956787,7.805460297429821,7.185221941875498,7.547822427657525,5559100
2020-04-27,7.757749080657959,7.939049086721404,7.490569334083732,7.900880616497094,4985200
2020-04-28,7.805460453033447,7.91042352613972,7.62415952402204,7.776833415815956,3625200
2020-04-29,7.872254371643066,7.9104228412870725,7.414232280910944,7.80545977726808,5082700
2020-04-30,7.70049524307251,8.368444778265125,7.652785341994207,7.9676754211527685,6829900
2020-05-01,8.015384674072266,8.053553137853259,7.442857717357366,7.4810261811383585,3938200
2020-05-04,7.967676639556885,8.21577125712959,7.9008811298185435,8.206229821459688,3194200
2020-05-05,8.12035083770752,8.177603093926464,7.700496712063624,7.900881428846346,2075200
2020-05-06,7.853170871734619,8.063097941588989,7.757750138170441,7.929508732597492,2556100
2020-05-07,8.139433860778809,8.206229366816531,7.6718698685553495,7.948591507831287,5275500
2020-05-08,7.89133882522583,8.263481165612028,7.776832509713694,8.082181167732607,2943100
2020-05-11,7.566904544830322,7.967674300582615,7.471483391081658,7.881795034706841,3957600
2020-05-12,7.481027603149414,7.824543842474717,7.442859132113269,7.605074906514852,2944800
2020-05-13,7.414231777191162,7.690953845815899,7.242473675462308,7.671869157286452,3737900
2020-05-14,7.815000057220459,7.834084744226049,7.299725793177025,7.395146953185068,3920800
2020-05-15,8.101265907287598,8.18714519909763,7.9199658879172254,8.091723561529111,3956800
2020-05-18,7.748205661773682,8.16805968606151,7.6623263881689905,8.110806533655719,3473800
2020-05-19,8.072639465332031,8.26348182302146,7.900880888407475,7.948591705331867,4415200
2020-05-20,8.015384674072266,8.139432408862483,7.87225316239553,8.110806288528728,3911400
2020-05-21,7.8817973136901855,7.929508131861844,7.643244132840057,7.8817973136901855,1955900
2020-05-22,7.862710475921631,8.148974396794216,7.795915894720931,7.919963624099315,2831500
2020-05-26,7.433316707611084,7.795917633593103,7.40469058214117,7.72912303749393,3359900
2020-05-27,7.662326812744141,7.681411501272895,7.127967819047489,7.213847097410814,2623800
2020-05-28,7.633702278137207,7.958134770559354,7.50965450691649,7.795918524348281,3486600
2020-05-29,7.729123115539551,7.872254654342527,7.662327608757782,7.853169963831127,2738900
2020-06-01,7.929507255554199,7.929507255554199,7.710037880221888,7.7959171614385285,1467800
2020-06-02,7.4428582191467285,7.948590625842805,7.433315875056157,7.891338381315411,2896300
2020-06-03,7.194764137268066,7.3283537955849,7.061174478951234,7.2520168479752805,3378100
2020-06-04,7.366522312164307,7.4333173692126255,7.261559236093649,7.347438075151087,2059700
2020-06-05,7.1184258460998535,7.127967735248034,6.908498824791722,7.013462335445787,3397000
2020-06-08,7.461942672729492,7.4714845620978965,7.0897994322772435,7.204305289726255,4838000
2020-06-09,7.433316707611084,7.690954566864671,7.376064001667196,7.614617170602093,2315600
2020-06-10,7.729123115539551,7.75774924129852,7.1756793758187225,7.519196069954807,3917900
2020-06-11,7.490569591522217,7.9008808880373,7.356979941145876,7.776833128042947,5648800
2020-06-12,7.414231777191162,7.662326813021729,7.318810609564021,7.633700690235596,4288100
2020-06-15,7.629345417022705,7.638905763169457,6.988786269245716,7.218240503261475,2450100
2020-06-16,7.313845634460449,7.677147419550339,7.294724487876771,7.571981341282155,1924300
2020-06-17,7.2564826011657715,7.447694077712858,7.179998010546938,7.266042947051066,2628900
2020-06-18,7.08439302444458,7.275604989481915,7.055711526013709,7.246923035166845,1577600
2020-06-19,7.638906955718994,7.715391560369946,7.19912047897602,7.275605083626973,4278400
2020-06-22,8.059571266174316,8.20297963766648,7.810995904604256,7.9352835853892865,4288300
2020-06-23,8.174299240112305,8.346389126588981,8.06913223595445,8.222102340932391,2762100
2020-06-24,7.935286045074463,8.28902759460281,7.897043740038114,8.155179071091354,3495400
2020-06-25,8.05001163482666,8.059572437453772,7.753633135764464,7.906603242493279,2702700
2020-06-26,8.346388816833496,8.39419191587949,7.858799759515537,7.973526650164955,3535400
2020-06-29,8.671448707580566,8.690570311710804,8.250783446166276,8.413313434200228,3639200
2020-06-30,8.967826843261719,9.082553728312424,8.508918391290663,8.633206078037652,5718800
2020-07-01,8.986948013305664,9.025190310358392,8.709691131731313,8.96782732066344,2976600
2020-07-02,8.891341209411621,9.120794952575864,8.805295827782999,8.948704189318619,2670400
2020-07-06,9.302445411682129,9.388490791525948,8.996507093809088,9.101674074404027,3256400
2020-07-07,9.723113059997559,9.86652144141203,9.206841610429912,9.302446894116807,5166300
2020-07-08,9.943004608154297,10.105534570075214,9.656187886428558,9.943004608154297,4234800
2020-07-09,9.895204544067383,10.105536730054022,9.579705353319108,10.105536730054022,3586700
2020-07-10,9.818718910217285,10.067293368477705,9.72311271812374,10.000369581073155,1972800
2020-07-13,9.407614707946777,10.086416201639597,9.369372408799364,9.952567698739488,3258300
2020-07-14,9.943004608154297,9.943004608154297,9.340688763115747,9.40761254328267,2412200
2020-07-15,9.885643005371094,10.00036989239397,9.694431526999635,9.943005992998408,3445800
2020-07-16,9.684870719909668,10.000369886994287,9.589264524891437,9.885643000033356,2210400
2020-07-17,9.943004608154297,9.98124689850227,9.665747775189459,9.847399338168424,2172700
2020-07-20,10.277626991271973,10.478399275944295,10.162900101711827,10.172460903783906,3365500
2020-07-21,10.660049438476562,10.7460948294076,10.459277163560218,10.621807143814793,3285000
2020-07-22,10.602685928344727,10.85126128724484,10.421034353853036,10.803458193338177,3630400
2020-07-23,10.229822158813477,10.612245970964704,10.019489107718707,10.459275899043345,3611300
2020-07-24,10.468838691711426,10.507080989027234,10.23938490781658,10.37323340430605,2809200
2020-07-27,10.92774772644043,11.032913821459665,10.736535318378788,10.899065318170182,4338000
2020-07-28,10.965989112854004,11.071155199118868,10.660049832483772,10.746095226595141,3438200
2020-07-29,10.602685928344727,11.052033552238289,10.401913663351278,11.032911949968351,3443100
2020-07-30,9.981246948242188,10.382791454781,9.617945644010048,10.258503782588688,3824300
2020-07-31,10.134218215942383,10.268065792710045,10.038612022449852,10.201142004326213,2833300
2020-08-03,10.009930610656738,10.210702889212085,9.742233631404114,10.182020483869719,2205300
2020-08-04,10.41147518157959,10.41147518157959,9.847400640520144,10.009930623936196,2969600
2020-08-05,10.220264434814453,10.726976070060008,10.220264434814453,10.726976070060008,4502700
2020-08-06,10.019491195678711,10.430596583086823,9.866522003648242,10.421035780642843,2528600
2020-08-07,9.790035247802734,9.943004406085885,9.608384600283518,9.85695993837769,3149800
2020-08-10,9.656190872192383,10.057735500890658,9.637069265221797,9.89520548871429,1810100
2020-08-11,9.101675987243652,9.464977360186504,8.986948182161564,9.120796680245135,3631500
2020-08-12,9.092117309570312,9.36937426114545,9.063434895712927,9.273768038491191,4135500
2020-08-13,9.464975357055664,9.57014233749573,9.197279329310975,9.302445397982934,2713700
2020-08-14,9.579704284667969,9.58926417440578,9.350249607364383,9.455416600394257,1847600
2020-08-17,10.26806640625,10.27762720852418,9.943006423074216,9.990809522676823,2293500
2020-08-18,10.172460556030273,10.507080411199386,9.962127476476274,10.507080411199386,2347900
2020-08-19,9.904764175415039,10.201142665022818,9.866521877894838,10.14377876285837,2094200
2020-08-20,9.923883438110352,10.067291792025927,9.7517926839972,9.876080349549134,3243100
2020-08-21,9.608384132385254,9.828277058767162,9.522338757099096,9.799595570927794,1569500
2020-08-24,9.474536895751953,9.770915347677358,9.436294603093982,9.770915347677358,1954900
2020-08-25,9.436296463012695,9.484099566199319,9.130358061447671,9.445857266003692,2322900
2020-08-26,9.761353492736816,9.770914292811172,9.30244511861666,9.30244511861666,2552000
2020-08-27,9.436296463012695,9.962128774528848,9.331130365416808,9.962128774528848,2552400
2020-08-28,9.828280448913574,9.914325853880054,9.560584342615485,9.63706894441494,1857200
2020-08-31,10.000367164611816,10.182017791574127,9.85695882289252,9.933443393378544,1915600
2020-09-01,9.723113059997559,10.315869101222024,9.608386172512333,10.315869101222024,2318200
2020-09-02,9.656190872192383,9.694433174365152,9.283327742181584,9.570145464361552,2574700
2020-09-03,9.665748596191406,9.684870198873629,9.312007152484071,9.512779421806417,1950300
2020-09-04,9.608384132385254,9.675307907933128,9.15903656798424,9.579702644545888,2615000
2020-09-08,9.36937141418457,9.665748973172684,9.235522925493278,9.321568317382807,3268300
2020-09-09,9.684870719909668,9.742233707506008,9.464976836075033,9.51277993358415,2833700
2020-09-10,9.579704284667969,9.828278741447178,9.512779585893991,9.761354954441416,2038600
2020-09-11,9.264203071594238,9.703989857030413,9.235521582391561,9.675308367827736,2000200
2020-09-14,9.713553428649902,9.732675034752521,9.407615025154902,9.417175828206211,2485900
2020-09-15,9.632169723510742,9.900261655719524,9.57472099576487,9.82366396080273,2349400
2020-09-16,9.411951065063477,9.708767830295098,9.35450324799709,9.708767830295098,2864900
2020-09-17,9.239602088928223,9.364073526900377,9.057682856886593,9.191729231575737,2581300
2020-09-18,9.038536071777344,9.402375573295023,9.038536071777344,9.287479032781524,5103500
2020-09-21,8.789590835571289,8.923636294322058,8.559796924782736,8.818314732001282,4881800
2020-09-22,8.904487609863281,8.923636570370238,8.712993439212548,8.827889941602988,1693200
2020-09-23,8.234259605407715,8.78959329506694,8.14808697888879,8.732144573015503,5571200
2020-09-24,8.4640531539917,8.550225785464818,7.956593218014625,8.100213661725482,4174700
2020-09-25,8.397027969360352,8.464050701926496,8.205532882400659,8.368303158446649,2035400
2020-09-28,8.473628044128418,8.636398366376598,8.35873059409258,8.569374701669608,1894300
2020-09-29,8.444903373718262,8.617248638689336,8.435329346977165,8.521501066346177,2717900
2020-09-30,8.435331344604492,8.578951824014434,8.33000880746158,8.397032489220726,1888900
2020-10-01,8.51192569732666,8.665121058424527,8.44490204200906,8.51192569732666,1438100
2020-10-02,8.387454986572266,8.531075422137741,8.339581203678286,8.45447773475396,1206800
2020-10-05,8.569374084472656,8.655546709234821,8.435328590946124,8.473627433827483,2620800
2020-10-06,8.262982368469238,8.70341946630233,8.243832492725204,8.607671913814832,2651200
2020-10-07,8.368303298950195,8.454475906905643,8.272556666979014,8.425752008625915,2420400
2020-10-08,8.425751686096191,8.502349353987556,8.301280247493667,8.43532662286167,1490800
2020-10-09,8.875763893127441,8.875763893127441,8.550223339839762,8.66511984456784,1946300
2020-10-12,8.952362060546875,9.095982471160788,8.741718000279008,8.875764386470614,2316400
2020-10-13,8.712994575500488,8.856614993939452,8.521499466760067,8.82789109287493,2189500
2020-10-14,8.684269905090332,8.914063856759874,8.607672225572607,8.875765017001012,2411100
2020-10-15,8.483202934265137,8.636399245535669,8.464053966054195,8.540651665131161,1473400
2020-10-16,8.167235374450684,8.550224697472842,8.138511471986849,8.5406497589461,3043000
2020-10-19,7.937441349029541,8.31085568744575,7.937441349029541,8.282130875410152,1879600
2020-10-20,7.985315799713135,8.08106244193462,7.812970565351557,7.966165923399021,2019400
2020-10-21,8.167235374450684,8.32043073841299,8.04276391295221,8.081062753942787,2113200
2020-10-22,8.13851261138916,8.13851261138916,7.879994713672631,8.042765038949737,1781200
2020-10-23,8.042762756347656,8.128935364463338,7.966165085381775,8.128935364463338,2079100
2020-10-26,8.253408432006836,8.339581057077888,7.994891469910123,7.994891469910123,2674500
2020-10-27,8.483202934265137,8.483202934265137,8.253409837034237,8.253409837034237,4489100
2020-10-28,7.774672508239746,8.291707350239646,7.745948603994322,8.28213241111902,5978700
2020-10-29,8.760869026184082,8.799167872244912,7.9661672855845,8.004466131645328,6229100
2020-10-30,8.760869026184082,8.904490383749577,8.511926983346955,8.856616597894412,3757600
2020-11-02,9.07683277130127,9.07683277130127,8.67469543119626,8.856614682360043,2352600
2020-11-03,8.99066162109375,9.182155821694582,8.894914064235145,9.153431919883552,2286500
2020-11-04,8.789590835571289,9.028958769759038,8.693843296649709,8.894912397892066,2441700
2020-11-05,9.60344409942627,9.641742943679672,9.067260279878635,9.182156812638842,4118500
2020-11-06,9.59386920928955,9.77578847483259,9.41194903063012,9.641742075458083,2703400
2020-11-09,8.952362060546875,8.952362060546875,8.473626141012096,8.827890611893876,4235400
2020-11-10,8.67469596862793,9.038534493496728,8.655546091994637,9.028960468296457,2349400
2020-11-11,8.492777824401855,8.703421952168604,8.444904034484422,8.617249312940544,2696200
2020-11-12,8.588523864746094,8.760868199192945,8.559799048074593,8.617247768301164,2753900
2020-11-13,8.6172456741333,8.808739839824133,8.588521777558729,8.808739839824133,2373800
2020-11-16,8.626822471618652,8.751293934446915,8.425753325990906,8.598097655731541,2773300
2020-11-17,8.492777824401855,8.607674372333738,8.387456217076778,8.607674372333738,2441600
2020-11-18,8.320430755615234,8.511925874080424,8.320430755615234,8.425753253394367,2129000
2020-11-19,8.282132148742676,8.387454649500055,8.186385499919012,8.272558123041806,3226600
2020-11-20,8.339581489562988,8.559799620061426,8.272558739083724,8.435329058633217,2046400
2020-11-23,7.870418548583984,8.282130806734493,7.841693736786574,8.215108072106421,4886500
2020-11-24,7.4395575523376465,7.8033965717405165,7.4395575523376465,7.6597761344658695,7098400
2020-11-25,7.774672508239746,7.812971351605796,7.564028869726472,7.602327713092522,3701500
2020-11-27,7.889566898345947,7.899141834869436,7.611900130978215,7.669348837002942,1281500
2020-11-30,7.918292999267578,7.927867024236238,7.640625730058505,7.8033955684801315,1974100
2020-12-01,8.320430755615234,8.368304535231532,8.090637709196686,8.18638526842928,3158700
2020-12-02,8.301280975341797,8.320429937435486,8.14808562612705,8.26298213803811,2293800
2020-12-03,8.330005645751953,8.387454363580925,8.119361564534243,8.368304486599138,2953000
2020-12-04,8.397183418273926,8.483554594154286,8.243635067917888,8.41637741967861,2627300
2020-12-07,8.915410041809082,9.049765313266741,8.358796783973714,8.397183873644416,4001500
2020-12-08,8.877021789550781,9.020973128158083,8.83863470490748,8.934602874125876,2154100
2020-12-09,8.72347354888916,8.829037804038007,8.550731208445319,8.80984471911108,3362100
2020-12-10,8.742667198181152,9.040167813125613,8.617908934831563,8.905812549082896,3582800
2020-12-11,8.589118957519531,8.781054397728276,8.521941782251565,8.733071224091368,2770500
2020-12-14,8.44516658782959,8.81944042230071,8.44516658782959,8.589117921823057,2582700
2020-12-15,8.84823226928711,8.91540944289293,8.665892919185099,8.685086920341247,2660200
2020-12-16,8.95379638671875,8.982586472771963,8.665892780525603,8.896216214612322,2495300
2020-12-17,9.433635711669922,9.452829713101611,9.097748008378254,9.145732096737115,3848500
2020-12-18,8.877021789550781,9.404844889811372,8.867424789584884,9.404844889811372,7240200
2020-12-21,8.819441795349121,9.059361332836772,8.752264617723107,8.915409976432343,2362400
2020-12-22,8.406780242919922,8.905812371126219,8.349199155132101,8.829038197556018,2722400
2020-12-23,8.406780242919922,8.617908762627799,8.282021982063261,8.52194150327522,3193900
2020-12-24,8.454766273498535,8.531540464714958,8.282023885651311,8.387588169768753,1033800
2020-12-28,8.330005645751953,8.665892409235964,8.301214645711953,8.589118239569888,1630800
2020-12-29,8.301212310791016,8.435567527526075,8.234035160033505,8.349196382140683,1876500
2020-12-30,8.627506256103516,8.637103257153246,8.330006545324991,8.330006545324991,2329500
2020-12-31,8.397183418273926,8.646699945212665,8.29161915620924,8.637102944510323,1961700
2021-01-04,9.251297950744629,9.318475130227677,8.742667858251625,8.829039040570077,5390100
2021-01-05,9.13613510131836,9.472021855936662,9.011376850098896,9.424037772356826,2523800
2021-01-06,9.241701126098633,9.241701126098633,8.857829299031902,9.020974665371686,3013600
2021-01-07,9.049765586853027,9.251298042521901,8.867426218989532,9.116942767002506,2929100
2021-01-08,8.55073070526123,8.896215365818207,8.36839229069413,8.896215365818207,4024600
2021-01-11,8.138070106506348,8.416377642934606,8.118877019812901,8.33000646476313,3065900
2021-01-12,8.090086936950684,8.157264113248086,7.907747579542899,8.138070111322893,2666500
2021-01-13,7.984522342681885,8.195651803249085,7.965329254568751,8.109280618688846,2116200
2021-01-14,7.926941394805908,8.070892744973568,7.830973217880558,8.003715570258041,3091300
2021-01-15,7.552666664123535,7.946134545301934,7.552666664123535,7.917344458079712,3361400
2021-01-19,7.600650310516357,7.7925857395252915,7.543069681813677,7.715811567921718,3236200
2021-01-20,7.907744884490967,7.936535877566448,7.6678254335157305,7.7733905776856815,3266200
2021-01-21,7.763795852661133,7.907747199296591,7.629440591306455,7.907747199296591,1923100
2021-01-22,7.629441261291504,7.744602531756911,7.4566993555933925,7.562264082325122,1792100
2021-01-25,7.591053009033203,7.744601346147256,7.437504671919149,7.715811261743442,2233500
2021-01-26,7.69661808013916,7.859762499849938,7.562262829248805,7.600649913043154,2134100
2021-01-27,7.581455707550049,7.830971730373468,7.360729766247361,7.552665168419222,2878000
2021-01-28,7.725409030914307,8.147667000026399,7.5430701336289925,7.802183207116506,3008000
2021-01-29,7.677424430847168,8.090086286875703,7.610246802337599,8.061295286301402,2520500
2021-02-01,7.802182197570801,8.003714612829835,7.591052782723181,7.974924529284331,3930900
2021-02-02,7.600650310516357,7.7062145676661915,7.437504967053683,7.667827481864404,3062100
2021-02-03,7.782989501953125,7.86936068227605,7.581457510549972,7.6390381448951885,2430300
2021-02-04,7.581455707550049,7.677423408635979,7.312745686899348,7.619842787984421,5075400
2021-02-05,7.677424430847168,7.744601601746581,7.571859716792176,7.658230888074456,3521900
2021-02-08,7.792586326599121,7.907747592680442,7.735006151168655,7.830973415292895,2704900
2021-02-09,7.773392677307129,7.907747020402007,7.725408591107391,7.8693599344862815,2069500
2021-02-10,7.907744884490967,7.955728957730028,7.72540650444662,7.850164728780151,2254800
2021-02-11,7.763795852661133,8.051699461152392,7.725408765876988,7.955731286581858,2648700
2021-02-12,7.821376323699951,7.946134589314427,7.581457250948541,7.715812059820183,2341700
2021-02-16,7.744601249694824,7.955730668207352,7.591052914493085,7.744601249694824,2242300
2021-02-17,7.581455707550049,7.7254074879839925,7.504681546681304,7.677423408635979,3049800
2021-02-18,7.351133823394775,7.667827511279488,7.331940280420252,7.61984388264826,2866400
2021-02-19,7.1208109855651855,7.427907659264941,7.063230359246481,7.379924032804424,5126700
2021-02-22,7.427907943725586,7.475892029633851,7.130407800880753,7.197585429630292,8028300
2021-02-23,7.226377010345459,7.3895219191174775,7.072828187956761,7.322344738332006,2515200
2021-02-24,7.456698417663574,7.5046825031269915,7.092020649450029,7.226375905703537,3270300
2021-02-25,7.274360656738281,7.869361028781572,7.207183475849337,7.456699568998688,4858700
2021-02-26,6.813713550567627,7.29355253944718,6.775326468066073,7.235971915694848,6504700
2021-03-01,6.90968132019043,7.0632301092149685,6.765729988294477,6.957665402562497,5853300
2021-03-02,7.245569705963135,7.293553335522325,6.832907837615116,6.919279011475895,4251600
2021-03-03,7.005650043487549,7.101617758272962,6.736939984478232,7.053633672075175,4366400
2021-03-04,7.235973358154297,7.456699355344052,6.957666725733763,6.986457272154258,5409100
2021-03-05,7.370326519012451,7.389520059780318,7.130407030609063,7.245568732826371,3544000
2021-03-08,7.303150177001953,7.456698520424702,7.187988461824732,7.427907977227856,3176800
2021-03-09,7.447102069854736,7.763795760885385,7.418311526301875,7.543069785680665,3082800
2021-03-10,7.543069839477539,7.6198440126858324,7.341537406000684,7.533472839021418,2813000
2021-03-11,7.61984395980835,7.744601761600993,7.45669861406778,7.610246959418827,2951000
2021-03-12,7.715811252593994,7.792585421059981,7.370327036886909,7.485488747196031,3411800
2021-03-15,7.7062153816223145,7.89815083090411,7.571860567125057,7.782989561335032,3264400
2021-03-16,7.624386310577393,7.720654180802853,7.576252375464663,7.720654180802853,1968800
2021-03-17,7.903564929962158,7.990205861311709,7.528121659179765,7.56662863777081,3178000
2021-03-18,7.807296276092529,7.913191145626657,7.739909299537139,7.797670220926545,2716300
2021-03-19,7.951697826385498,8.009457827559604,7.73990901323022,7.816922960181473,5346000
2021-03-22,7.932442665100098,8.07684448206564,7.8939356975249915,7.903562668938399,1763200
2021-03-23,7.672521591186523,7.884309945607717,7.634014617655398,7.8265499443503606,2298300
2021-03-24,7.489613056182861,7.701401392499303,7.4607325989837,7.701401392499303,2474200
2021-03-25,7.45110559463501,7.528119993819477,7.306704686382454,7.431852109598716,2230300
2021-03-26,7.634014129638672,7.653267615173425,7.3740918453998585,7.441479274291145,2022500
2021-03-29,7.624386310577393,7.634012822176404,7.325957106380453,7.537745410990169,2271600
2021-03-30,7.258570671081543,7.441479006601654,7.1815567317129245,7.431852034660933,4194800
2021-03-31,7.518494129180908,7.701402493485922,7.248945298970942,7.297078789131613,2929900
2021-04-01,7.855429172515869,7.86505614447165,7.624387354048597,7.634013866965089,2160500
2021-04-05,7.711028575897217,7.903563432370341,7.672521145563285,7.816922517437782,2973200
2021-04-06,7.990204334259033,8.096098275626728,7.759162506868455,7.797669478100218,2486300
2021-04-07,7.79766845703125,7.9902032879785105,7.788041485964264,7.970949345844539,2142000
2021-04-08,7.980576515197754,8.028710453650133,7.9131895522115325,7.951696519357733,1803100
2021-04-09,8.047965049743652,8.08647202440927,7.778416227084329,7.845803203229486,2487600
2021-04-12,7.749535083770752,8.038337810249384,7.720655086546457,8.019083866714148,1692600
2021-04-13,8.153858184814453,8.163484237874973,7.797668515377213,7.845801534915314,3273300
2021-04-14,7.970950603485107,8.182739409981952,7.951697576391923,8.173112437396043,2314600
2021-04-15,8.394529342651367,8.471543297513225,8.057592601571669,8.086472605125175,2702200
2021-04-16,8.481169700622559,8.538929703842424,8.3367678564155,8.538929703842424,2920600
2021-04-19,8.394529342651367,8.529303304620239,8.3656484210191,8.481170271390647,2744900
2021-04-20,8.442662239074707,8.461915266345185,8.173112512658864,8.221246457953026,3398000
2021-04-21,8.596687316894531,8.64482032836192,8.375271608215497,8.42340553776123,2646600
2021-04-22,8.384900093078613,8.490794022753944,8.32713918356938,8.490794022753944,2041500
2021-04-23,8.27900505065918,8.510046821485794,8.240498088854745,8.481166829652064,1616100
2021-04-26,8.27900505065918,8.30788504249291,8.173110217138191,8.269378080688474,1217900
2021-04-27,7.970950603485107,8.298260326776967,7.961324548977833,8.288633354191056,2554300
2021-04-28,8.038338661193848,8.047964715901928,7.7976698499973685,7.893936823628767,3247300
2021-04-29,7.94207239151001,8.115354264746367,7.845804480138957,7.9613263410157575,2275600
2021-04-30,7.701401233673096,7.94207002222538,7.682147748950484,7.8650560833349346,2596500
2021-05-03,8.163485527038574,8.240500390234288,7.778415801453224,7.845802773910999,3160300
2021-05-04,8.009458541870117,8.336768304642863,7.951698535544779,8.134606446346682,2476700
2021-05-05,8.067216873168945,8.115350808353845,7.922815067614245,8.105723837701175,2413400
2021-05-06,8.336767196655273,8.481169029434572,8.153859310162513,8.182739309486923,3261100
2021-05-07,8.433034896850586,8.548555809647066,8.32714003822819,8.471541867782745,2176200
2021-05-10,8.288634300231934,8.615944060881988,8.27900824462597,8.558184054931239,1881200
2021-05-11,8.394529342651367,8.423409346204874,8.096099579002598,8.144233530310949,1969900
2021-05-12,8.163485527038574,8.413781307708373,8.115352499899387,8.404154335049078,2256100
2021-05-13,8.096097946166992,8.211618855161314,8.028710978773281,8.134604915831765,1601500
2021-05-14,8.375272750854492,8.39452669253094,8.221244889756791,8.250124884192992,1092700
2021-05-17,8.808478355407715,8.943253223748771,8.394528613500688,8.433035587586891,3882100
2021-05-18,8.760343551635742,8.991385349347128,8.702582643168649,8.80847657093341,3027000
2021-05-19,8.702582359313965,8.90474415523708,8.577434493449324,8.741089324343202,2887000
2021-05-20,8.837358474731445,8.875865445332686,8.654449675816604,8.683330592326481,2352400
2021-05-21,8.741087913513184,8.933622707583853,8.625567037070782,8.885488779546606,2786200
2021-05-24,8.760343551635742,8.818103542024343,8.683329619065281,8.74108960945388,726600
2021-05-25,8.798850059509277,8.875863988067387,8.596688267524629,8.702582189772418,2341600
2021-05-26,8.808478355407715,9.02026717192118,8.76034532635897,8.866239275576362,2688400
2021-05-27,8.721837043762207,8.846984002207945,8.683330075453085,8.750717040474413,1391500
2021-05-28,8.789223670959473,8.798850642186364,8.625568832416334,8.664075799245396,1702000
2021-06-01,8.827733039855957,8.914373968316374,8.702585134088551,8.85661304331651,1679900
2021-06-02,8.933626174926758,9.029894068365003,8.74109130612894,8.789225252848063,2272900
2021-06-03,8.548554420471191,8.71220924985793,8.481167461810225,8.71220924985793,2577200
2021-06-04,8.61594295501709,8.74109084261918,8.567809010850343,8.644822954285688,1442500
2021-06-07,8.471540451049805,8.577434373884488,8.442660457200065,8.538927409392016,1764200
2021-06-08,8.32713794708252,8.452285800704042,8.298257955655515,8.433032779112162,1970300
2021-06-09,8.27900505065918,8.481166829652064,8.27900505065918,8.394525936072487,1982700
2021-06-10,8.577435493469238,8.577435493469238,8.279006709219258,8.31751367873792,1895900
2021-06-11,8.481169700622559,8.567809705452357,8.423408779323996,8.52930273061288,1592500
2021-06-14,8.423406600952148,8.567807489737087,8.269378741427293,8.375272665331016,1553300
2021-06-15,8.52477741241455,8.650283873204202,8.476505555078669,8.573049269750431,2960000
2021-06-16,8.457197189331055,8.795098342262492,8.43788807851316,8.553739981293289,2709500
2021-06-17,7.7620849609375,8.196529832640786,7.713813103924003,8.157912531171807,5374200
2021-06-18,7.52072811126709,7.906901203732824,7.52072811126709,7.72346921498892,4153100
2021-06-21,7.646233558654785,7.733122722843228,7.511072994637435,7.617270350473779,2243500
2021-06-22,7.694504737854004,7.752430692200491,7.520726874814545,7.607616036511557,2446400
2021-06-23,7.52072811126709,7.829666585239678,7.52072811126709,7.800703833482067,2798900
2021-06-24,7.482110023498535,7.626925148282329,7.433838161785741,7.5786532865695335,1724700
2021-06-25,7.443492889404297,7.607616670575677,7.414529679639806,7.568999364459423,1464300
2021-06-28,7.327641487121582,7.4917652798517596,7.260060966481323,7.414530201825191,1527000
2021-06-29,7.163516998291016,7.30833212253109,7.105591040665903,7.240751608457831,2215900
2021-06-30,7.3855671882629395,7.501419110659275,7.124900132693877,7.1924801905810964,3046100
2021-07-01,7.346950054168701,7.5303824991354595,7.269715437415251,7.5303824991354595,1922200
2021-07-02,7.540035724639893,7.578653028553561,7.375911952829509,7.453146560656848,1878400
2021-07-06,7.607617378234863,7.810358484381439,7.51107410396379,7.694506094901507,3851700
2021-07-07,7.559344291687012,7.665542106434032,7.511072892514417,7.655887550386771,1676200
2021-07-08,7.36625862121582,7.626925679852394,7.2986781021787,7.588308371932503,3211800
2021-07-09,7.52072811126709,7.568999978002625,7.404876183527369,7.404876183527369,2134000
2021-07-12,7.39522123336792,7.540036365530515,7.346949829550131,7.443493097540323,2119000
2021-07-13,7.607617378234863,7.839321236485439,7.366258962379859,7.395221714483859,3415500
2021-07-14,7.868283748626709,8.003444788838786,7.762086380344602,7.820012803495281,4224400
2021-07-15,7.868283748626709,7.964827480308087,7.752431823034612,7.906901057157408,2311000
2021-07-16,7.5883073806762695,7.916554455116613,7.540035521904819,7.791047990594494,3102800
2021-07-19,7.433838844299316,7.578653982378838,7.356604226751474,7.414530189912356,2584200
2021-07-20,7.433838844299316,7.626925848523555,7.337295572364514,7.482110710444035,2903300
2021-07-21,7.665543079376221,7.6945058304849345,7.32764140086191,7.32764140086191,1894800
2021-07-22,7.5883073806762695,7.6462333349892715,7.4241836132788155,7.6462333349892715,1426000
2021-07-23,7.52072811126709,7.578654075136949,7.443493492773943,7.530382668756053,1541300
2021-07-26,7.7620849609375,7.771739516482017,7.511072501389137,7.520726596579109,2363000
2021-07-27,7.675195693969727,7.800702152147206,7.568998346608358,7.781393962040175,2303200
2021-07-28,7.8007025718688965,7.810357127796421,7.5593441979355545,7.607616056864049,2178400
2021-07-29,7.839319229125977,7.974480238850392,7.491763530746263,7.78139373975055,5079800
2021-07-30,7.839319229125977,7.926208383898168,7.7138127745338165,7.752430074353785,1681400
2021-08-02,7.791049003601074,7.877938176545349,7.665542983114994,7.868283619393932,1816400
2021-08-03,7.858628749847412,7.868282384774824,7.723467733063524,7.762085034900478,2620200
2021-08-04,8.099987030029297,8.322036283043882,7.9937887605796325,8.013097871646513,7770100
2021-08-05,7.617270469665527,8.099987697989997,7.597961817360915,8.099987697989997,2643200
2021-08-06,7.4241838455200195,7.5014184536867194,7.279368725030167,7.385566541436669,2315000
2021-08-09,7.240751266479492,7.404875035509758,7.163516659960442,7.308331777360945,4229900
2021-08-10,7.163516998291016,7.279368913541239,7.124899693207608,7.1828256508327195,1894200
2021-08-11,7.39522123336792,7.453147194162035,7.279369311779689,7.279369311779689,1564200
2021-08-12,7.2793684005737305,7.337294354116876,7.221442447030584,7.337294354116876,1983400
2021-08-13,7.47245454788208,7.5207264036573065,7.366257201743838,7.404874502222205,1958300
2021-08-16,7.375912666320801,7.540036454007306,7.375912666320801,7.462801838708861,1500100
2021-08-17,7.2793684005737305,7.414528958841071,7.221442447030584,7.356603005297925,1615700
2021-08-18,7.0959367752075195,7.298677865386701,6.989738951695898,7.260060558719676,4725000
2021-08-19,7.009047031402588,7.095935728408183,6.951120619592804,7.04766433237275,3274000
2021-08-20,7.028356552124023,7.115245259887996,6.902850078253777,6.951121480266074,1676300
2021-08-23,7.346950054168701,7.424184670922151,7.124900300825217,7.211789014495535,2213900
2021-08-24,7.356603622436523,7.453146886440692,7.327640873412571,7.433838233639857,1820400
2021-08-25,7.308331489562988,7.3759115374286095,7.202133679604019,7.308331489562988,1748200
2021-08-26,7.4048752784729,7.51107309609836,7.240751504057529,7.240751504057529,1818300
2021-08-27,7.704160213470459,7.791048925185593,7.385567196354194,7.404875850108071,5252600
2021-08-30,7.530381679534912,7.781394617018212,7.472455262919859,7.733122756623861,1946500
2021-08-31,7.626924514770508,7.636578610098418,7.511072608708265,7.530381259718639,1263900
2021-09-01,7.49176549911499,7.675197491277063,7.472456383777248,7.675197491277063,1522800
2021-09-02,7.578652858734131,7.578652858734131,7.424183646540738,7.4724550451738905,1630900
2021-09-03,7.771740436553955,7.8489750486354755,7.617270752036312,7.723468573825704,3782200
2021-09-07,7.453146934509277,7.655888020402894,7.414529628658551,7.626925271192148,2260600
2021-09-08,7.47245454788208,7.5207264036573065,7.337293996207794,7.453145897642896,1511400
2021-09-09,7.337295055389404,7.511073392982514,7.2793690963099005,7.511073392982514,3465100
2021-09-10,7.182826519012451,7.366258970507197,7.134554651646333,7.308333005880642,2554400
2021-09-13,7.433838844299316,7.549691230975713,7.182826337268829,7.20213499165579,2958300
2021-09-14,7.501418590545654,7.597961852515404,7.433838076989536,7.501418590545654,2071100
2021-09-15,7.583745002746582,7.680599892200198,7.448148157511519,7.4675191354022425,1806200
2021-09-16,7.225381374359131,7.360978213842399,7.1285264890139395,7.351292956228141,3264000
2021-09-17,7.215695858001709,7.25443781323024,7.109155712043516,7.157582925158912,3148600
2021-09-20,7.28349494934082,7.293180669651704,7.03167222518518,7.118841398780312,3555000
2021-09-21,7.17695426940918,7.399720754273568,7.17695426940918,7.380349775669733,2793300
2021-09-22,7.167270183563232,7.341609019518863,7.157584461756491,7.215697407075035,2791100
2021-09-23,6.954188823699951,7.157584360353628,6.9445035638710575,7.118842397356797,2156400
2021-09-24,6.905759811401367,7.021985670274534,6.789533952528201,6.886388834922506,1557800
2021-09-27,6.934817314147949,7.1188418552906105,6.876704374077729,6.94450303507995,1636200
2021-09-28,6.944502830505371,6.954188089311464,6.760478294783795,6.8282769537887695,3139200
2021-09-29,6.789535045623779,6.905760923208978,6.721736386112123,6.905760923208978,2745900
2021-09-30,6.9735589027404785,7.031672301555819,6.8282767912238365,6.886389728198607,4112800
2021-10-01,6.915445804595947,7.051043116217449,6.867018589165889,7.051043116217449,1812400
2021-10-04,7.109156131744385,7.186640046775839,6.828276708835081,6.896074903567322,3444700
2021-10-05,7.225381374359131,7.225381374359131,6.934816256483034,7.080098815421082,2443900
2021-10-06,7.264123439788818,7.283494417154634,7.089784643496477,7.1866395303255555,4829000
2021-10-07,7.17695426940918,7.322236839858226,7.099470354993838,7.215696226616851,3604500
2021-10-08,7.17695426940918,7.448148431703437,7.157583290805344,7.380349775669733,4319800
2021-10-11,7.147898197174072,7.264124071475951,7.109156239073447,7.186640155274699,2115800
2021-10-12,7.380349636077881,7.409406334354336,7.109155940753538,7.176954133664347,2756400
2021-10-13,7.680601119995117,7.787141746345591,7.438463626733523,7.438463626733523,3304200
2021-10-14,7.893681526184082,7.913052968068001,7.7774556459241335,7.796827087808052,3343200
2021-10-15,7.825882434844971,7.942108301855807,7.612801678658437,7.729027545669274,2966000
2021-10-18,7.6999711990356445,7.8258827916245925,7.680600220317388,7.806512274746899,2165000
2021-10-19,7.690286636352539,7.883996902901025,7.651544675410963,7.883996902901025,1997100
2021-10-20,7.806512355804443,7.903366788560834,7.748398957205701,7.76777039796566,1755000
2021-10-21,7.767770290374756,7.7968265274311035,7.661229215032945,7.758084570128933,1760400
2021-10-22,7.74839973449707,8.009908668903336,7.719343032282836,7.854939898321163,2616900
2021-10-25,7.88399600982666,7.951794202874149,7.738712979992049,7.835568333215123,2156400
2021-10-26,7.9033660888671875,7.9227375279121715,7.738712551709033,7.806511664685425,2484600
2021-10-27,8.019593238830566,8.048650402060238,7.777455754003836,7.90336735695548,2453500
2021-10-28,7.545004844665527,7.864626286936905,7.419093227455393,7.690287444381786,6922000
2021-10-29,7.2060112953186035,7.448148769777532,7.167269336352421,7.448148769777532,3764000
2021-11-01,7.293179988861084,7.331921942807076,7.109155476697361,7.225381338535337,1991700
2021-11-02,7.331923007965088,7.331923007965088,7.1478984690668765,7.2156966674016045,2757900
2021-11-03,7.409406661987305,7.448148620175323,7.167269192391907,7.215696409206643,1690100
2021-11-04,7.380349636077881,7.709656727955133,7.380349636077881,7.56437416025396,2143800
2021-11-05,7.690286636352539,7.690286636352539,7.370665227664234,7.457834408862478,1920900
2021-11-08,7.74839973449707,7.7968274175739225,7.65154483018398,7.777455974870691,2001700
2021-11-09,7.96148157119751,7.980852091643739,7.68060163527682,7.806513712902492,3610800
2021-11-10,8.203617095947266,8.281101006348567,8.126133185545964,8.145503701305753,4365100
2021-11-11,8.43606948852539,8.552295363239265,8.18424629813809,8.358585572049474,3709700
2021-11-12,8.397329330444336,8.561982919173154,8.242361464271646,8.339215918788906,2399400
2021-11-15,8.339213371276855,8.426383000290237,8.281100901055309,8.348899090874134,2010500
2021-11-16,8.126134872436523,8.39732861513773,8.11644915070545,8.387642893406657,3148600
2021-11-17,8.261731147766113,8.426384719795134,8.145505259924672,8.19393294411225,2035900
2021-11-18,8.10676383972168,8.329530832417035,8.077707596737524,8.21330401311779,2013000
2021-11-19,8.009907722473145,8.213302304737132,8.009907722473145,8.07770591656114,1645800
2021-11-22,7.7968268394470215,7.913052716004698,7.651544262829636,7.7968268394470215,2770600
2021-11-23,7.690286636352539,7.7871415387064795,7.535318792586235,7.6709156558817515,3128700
2021-11-24,7.690286636352539,7.767771020076296,7.612802714469387,7.612802714469387,1331200
2021-11-26,7.583745002746582,7.787140501519448,7.438462437645886,7.758084265603634,1857800
2021-11-29,7.48689079284668,7.564374711442463,7.409406874250895,7.525632752144571,2045800
2021-11-30,7.399720668792725,7.796826418344867,7.39003541052297,7.574059936053854,4475800
2021-12-01,7.215695858001709,7.7387127154274165,7.206010600114844,7.506260984056229,4904900
2021-12-02,7.041357517242432,7.20601106858833,6.886389686253618,7.167269110841126,4897300
2021-12-03,7.089785575866699,7.157583774642859,6.934817274719927,7.051043616040154,4637600
2021-12-06,7.182112693786621,7.211268971401451,6.978020140752745,7.0849258741093735,2268000
2021-12-07,7.279299259185791,7.386204988808023,7.172393992986853,7.191831356243323,2182200
2021-12-08,7.259861946105957,7.298737136310878,7.172394042558953,7.279299309496769,3233700
2021-12-09,7.007175922393799,7.172393735862521,6.9391449217233605,7.11408164818355,2571700
2021-12-10,6.948863983154297,7.084925523978399,6.822520892105987,7.084925523978399,3189200
2021-12-13,6.968300819396973,7.0654876269250035,6.880832460910118,6.948863457891366,5088800
2021-12-14,6.793365001678467,6.929427013651841,6.735052909442726,6.851677557337521,3511800
2021-12-15,6.628147125244141,6.773927112828357,6.453210398665835,6.764208663253606,7149600
2021-12-16,6.987739086151123,7.016894900474987,6.754490254443645,6.754490254443645,4465200
2021-12-17,7.036332130432129,7.182112589543765,6.958582675818804,7.065488407623778,8630700
2021-12-20,7.075207233428955,7.084925683423459,6.9002704992949,7.02661359318654,2739400
2021-12-21,7.104363441467285,7.182112899435319,6.997457705049577,7.1140823554249515,2443400
2021-12-22,7.230707168579102,7.2501445347544475,7.036333043402279,7.123801422903017,1582800
2021-12-23,7.318173885345459,7.347329696272414,7.152956078681845,7.240423974885972,1486100
2021-12-27,7.2987380027771,7.386205916707815,7.23070699112134,7.279300173655437,1118500
2021-12-28,7.2987380027771,7.4347995626652645,7.279300173655437,7.3181753684754085,1406200
2021-12-29,7.259861946105957,7.405642403248693,7.162675129151899,7.182112492542711,2124800
2021-12-30,7.386205196380615,7.4056425601833284,7.201550008543187,7.201550008543187,1300400
2021-12-31,7.473673343658447,7.4833917935600605,7.386204977427455,7.425079703880497,1687500
2022-01-03,7.269580364227295,7.434798173504344,7.269580364227295,7.3764860873047855,1721000
2022-01-04,7.318173885345459,7.5125475029360285,7.230705525718073,7.298736523586402,2334800
2022-01-05,7.114082336425781,7.522266989667843,7.094644971985683,7.3570496236386695,3512800
2022-01-06,6.841958999633789,7.026614199701188,6.841958999633789,6.978020555264327,3226400
2022-01-07,6.832240104675293,6.919708010183178,6.764209099570664,6.861395918703485,3254700
2022-01-10,6.987739086151123,7.0071764501748035,6.715615526396285,6.83224017396168,3315200
2022-01-11,7.133519172668457,7.152956535669326,6.939145079236472,7.01689453123995,4351700
2022-01-12,7.201549053192139,7.298736322736237,7.075206436946656,7.1918306042916775,3005000
2022-01-13,7.075207233428955,7.211268777315099,7.02661359318654,7.15295668707818,2665200
2022-01-14,6.900271415710449,7.114082905065127,6.890552964425251,7.0946455390713705,2234400
2022-01-18,6.462930202484131,6.764209595600824,6.433773922894554,6.735053316011247,11320800
2022-01-19,7.104363441467285,7.182112899435319,6.560116772267724,6.5892730507173995,7893800
2022-01-20,6.987739086151123,7.250143732182464,6.948864358103762,7.250143732182464,6196900
2022-01-21,6.832240104675293,7.055770020392435,6.803083827223793,7.016894829315999,3556400
2022-01-24,6.851677417755127,6.8613958678847755,6.589272776328348,6.744771685789163,4706800
2022-01-25,6.958583354949951,7.0460517316381726,6.754490784959668,6.773928150510011,5186200
2022-01-26,6.6961774826049805,7.03633155020004,6.628146947139928,6.90027001584667,4680400
2022-01-27,6.462930202484131,6.705897499845013,6.453211288146491,6.560117028743815,3196100
2022-01-28,6.540679454803467,6.540679454803467,6.346305808485828,6.385180537749356,4004200
2022-01-31,6.6378655433654785,6.657302905846155,6.5018040060007385,6.579553455923447,4498400
2022-02-01,6.657303333282471,6.764209065501782,6.56983542821513,6.735052788197131,4385700
2022-02-02,6.579553604125977,6.735052507473961,6.550397328036586,6.647584606052363,3436400
2022-02-03,6.394899368286133,6.589273489575218,6.385180917104524,6.521242477610535,5438600
2022-02-04,6.443492412567139,6.50180450447983,6.3268682287417555,6.36574295668355,6665200
2022-02-07,6.890552520751953,6.919708336153604,6.501804762484411,6.540679491968832,4648300
2022-02-08,6.890552520751953,6.939145700895815,6.822521512442551,6.861396241926972,2440600
2022-02-09,6.832240104675293,6.919708010183178,6.812802740848729,6.9099895599815495,3031700
2022-02-10,6.569835662841797,6.871115043107265,6.521242020073069,6.793365121992638,3513100
2022-02-11,6.997457027435303,7.055769578687827,6.579553499614074,6.608709775240336,5985100
2022-02-14,7.084925651550293,7.123800378200019,6.968301471601117,7.036332011526488,5128200
2022-02-15,6.978019714355469,7.016894439850898,6.7933645365405395,6.909989176450109,3620000
2022-02-16,7.162675380706787,7.211269022602085,7.036332282517662,7.065488560339505,3180400
2022-02-17,7.327892303466797,7.434798024400305,7.133518686699743,7.269580218436681,6145700
2022-02-18,7.133519172668457,7.337611715889231,7.094644446666718,7.327892802677153,5632200
2022-02-22,7.007175922393799,7.24042427310968,6.948863834714828,7.18211218543071,4318000
2022-02-23,7.143237590789795,7.298736957530679,7.0168945001326035,7.046050776216296,4429300
2022-02-24,7.016895294189453,7.551423529967742,6.890552652658165,7.5125487997391405,7829100
2022-02-25,7.220987319946289,7.240424683607954,6.900270587817173,6.96830159234465,4685500
2022-02-28,7.152956485748291,7.415361116140332,7.075207034287432,7.347330114400438,5028800
2022-03-01,7.512548446655273,7.522266897043995,7.19183170563107,7.201550156019791,4569800
2022-03-02,7.405642509460449,7.483391964138779,7.230706236434208,7.376486695667728,3809300
2022-03-03,7.493110656738281,7.493110656738281,7.259861836157721,7.40564229109266,4622600
2022-03-04,7.6194539070129395,7.697203361015389,7.48339189908535,7.687484447553433,6773100
2022-03-07,7.988764762878418,8.01792057819114,7.551423362377632,7.677766464528303,7104600
2022-03-08,8.192858695983887,8.513575498680703,7.988766100918021,8.095671392868022,10002200
2022-03-09,8.134544372558594,8.144263286141303,7.677766092907299,7.736078184133636,4737700
2022-03-10,8.445540428161621,8.474697162818916,8.173417392618465,8.183136304170898,5657000
2022-03-11,8.474698066711426,8.571884412062166,8.153981366045597,8.183137176966168,6277600
2022-03-14,7.842984199523926,8.30948190058398,7.774953651662821,8.290044071568406,5510900
2022-03-15,7.969326972961426,8.095670075717537,7.541704947887917,7.551423398564285,3765200
2022-03-16,7.983948230743408,8.05218774018971,7.76948339244578,7.896213312336889,3526400
2022-03-17,8.091182708740234,8.344641661493698,8.032691823612097,8.032691823612097,6021900
2022-03-18,8.091182708740234,8.188666277712358,7.905962347235365,8.013195481690104,7014000
2022-03-21,8.149673461914062,8.373887458891074,8.10093213749752,8.15942209866984,3369500
2022-03-22,8.052188873291016,8.169169710642135,7.954704377324556,8.169169710642135,2415000
2022-03-23,8.188666343688965,8.227659957528203,8.01319554625293,8.149672729849724,3164500
2022-03-24,8.149673461914062,8.334893841549137,8.13017711808368,8.295900224207202,2435300
2022-03-25,8.139924049377441,8.188665363581793,7.974200977975915,8.061936831033309,1718100
2022-03-28,7.9059624671936035,8.03269194549322,7.837723874909615,7.993698331376498,2270800
2022-03-29,8.03269100189209,8.03269100189209,7.662251711298788,7.720742125602993,2710800
2022-03-30,8.110678672790527,8.198414531554633,8.042440084721129,8.081433696429505,1415500
2022-03-31,8.20816421508789,8.344642338336037,8.042441111744125,8.061938384928641,3913700
2022-04-01,8.451874732971191,8.471371076892451,8.110679882377978,8.149673499901672,3376300
2022-04-04,8.471369743347168,8.607847848036592,8.35438890919096,8.520111989999178,2248900
2022-04-05,8.286149978637695,8.666338371166228,8.247156368866639,8.529860272127038,2645800
2022-04-06,8.20816421508789,8.35439004524714,8.110679708527622,8.266654175279129,1719000
2022-04-07,8.305647850036621,8.393382781116395,8.188666082568139,8.208163353706572,1677900
2022-04-08,8.46162223815918,8.559105804090885,8.315395494740043,8.325144130237529,2096600
2022-04-11,8.529861450195312,8.676087274611927,8.412880604725796,8.58835233777063,3006800
2022-04-12,8.598098754882812,8.763821826865536,8.520111536265174,8.676085973500449,2192800
2022-04-13,8.793069839477539,8.832063458136103,8.6175980906734,8.676088053820646,2354100
2022-04-14,8.793069839477539,8.841811165539841,8.666340346416906,8.783321202392598,1750100
2022-04-18,8.72482681274414,8.988034330459508,8.70533047606939,8.90029849122105,1812200
2022-04-19,8.490864753723145,8.69558139142387,8.43237388737403,8.588349221078074,2437000
2022-04-20,8.617596626281738,8.656590238314102,8.412879930691568,8.510363495931955,1658000
2022-04-21,8.305647850036621,8.529860890042253,8.178918376679981,8.520112254473036,4022000
2022-04-22,8.03269100189209,8.247156319181334,7.974201052428376,8.110678220964363,3098100
2022-04-25,7.681748867034912,7.847471947555389,7.496528980855585,7.74023928401146,4715200
2022-04-26,7.477031707763672,7.7499869699235315,7.438038098883691,7.710993361043552,2891000
2022-04-27,7.360051155090332,7.516025596416161,7.301560274752644,7.486780156247317,2506400
2022-04-28,7.594012260437012,7.6427545021987715,7.057849460419523,7.301559739547388,5889000
2022-04-29,7.564767837524414,7.876716720001791,7.555019202526745,7.769484059229941,4856100
2022-05-02,7.389296531677246,7.418541973434196,7.18457983390018,7.291812500554959,4492200
2022-05-03,7.584263801574707,7.66225101354517,7.428288912793331,7.467282518778563,3611300
2022-05-04,7.740238666534424,7.7889804443729185,7.486779748348536,7.555018795131001,3052900
2022-05-05,7.525774002075195,7.866968335572346,7.389296361644439,7.818227018393564,3960700
2022-05-06,7.48677921295166,7.584263691338262,7.408792002114732,7.506276015660892,2424900
2022-05-09,7.067598819732666,7.291812318124702,7.048102013995989,7.26256687709943,4265000
2022-05-10,6.999359607696533,7.252818541336713,6.82388836006599,7.165082685101188,4580000
2022-05-11,7.018857002258301,7.2430705143636915,6.97986338840002,7.057850616116583,2947600
2022-05-12,6.8141398429870605,6.940869312001483,6.589926810663793,6.882378895111867,5886400
2022-05-13,6.892127990722656,6.9896120253836855,6.697159456560054,6.726404899378634,6140300
2022-05-16,6.911623954772949,6.940868929184521,6.794642662605197,6.862881710966345,2780100
2022-05-17,6.989611625671387,7.087095654757633,6.911624402402389,7.018856601977002,2454300
2022-05-18,6.794642925262451,6.989611443185184,6.755649314646006,6.931121027260516,2896300
2022-05-19,7.399044990539551,7.477032213575245,6.960366163702993,7.00910841052056,4514900
2022-05-20,7.301560401916504,7.457535310799291,7.213825009562978,7.438038505294006,2882900
2022-05-23,7.369798183441162,7.545269402746751,7.272314172715835,7.447785392021424,2818500
2022-05-24,7.564767837524414,7.603761447834086,7.262566660363703,7.360051150978384,3125300
2022-05-25,7.428289413452148,7.486779826372187,7.291811783305391,7.438038048025729,2439400
2022-05-26,7.379548072814941,7.47703210013049,7.262566775195774,7.418541683741161,2581200
2022-05-27,7.389296531677246,7.50627736902399,7.272315694330502,7.477032392107568,2664200
2022-05-31,7.2820634841918945,7.652503247924197,7.204076263372568,7.467283366058046,4450700
2022-06-01,7.564767837524414,7.623258252988922,7.311308905671043,7.33080571082588,3592700
2022-06-02,8.188666343688965,8.247157229288367,7.672000727898771,7.672000727898771,5184900
2022-06-03,7.847472190856934,8.169169726622057,7.808478578330284,8.052188889042107,4346200
2022-06-06,7.633006572723389,7.964452731691161,7.564767985764502,7.9157104854286615,3807600
2022-06-07,7.671999931335449,7.740238980889312,7.506276857304996,7.6037613466220835,2628700
2022-06-08,7.71099328994751,7.759735533018318,7.516025247345232,7.642754707456953,2838200
2022-06-09,7.48677921295166,7.671999071109584,7.477031044017266,7.671999071109584,2955900
2022-06-10,7.925459861755371,8.022943433715385,7.291812925290844,7.3698001547312995,5182600
2022-06-13,7.1943278312683105,7.720742017474237,7.174831026773294,7.623257994999155,5621200
2022-06-14,6.989611625671387,7.213825124990012,6.89212759658514,7.213825124990012,3511900
2022-06-15,7.102110385894775,7.278195593883798,6.9162424331173336,7.170587733545923,5812100
2022-06-16,7.190152645111084,7.327107804755665,6.867329535572533,6.994502417047398,6765500
2022-06-17,6.974937438964844,7.170587668283054,6.89667734723756,7.11189259948759,7223500
2022-06-21,7.190152645111084,7.278195480973213,6.916242325821924,6.926024603991638,5342000
2022-06-22,7.082544803619385,7.307542799671765,7.023849735057929,7.141240338647779,3794900
2022-06-23,6.818417072296143,7.160805687527038,6.740156977317754,7.082545126081687,3270700
2022-06-24,6.974937438964844,7.014067484828486,6.710809396151789,6.8086345108108945,3031500
2022-06-27,7.004284858703613,7.082544951755751,6.867329695862372,7.043414905229682,3832700
2022-06-28,6.808635711669922,7.08254608102579,6.749940632522236,7.062981054643228,7993800
2022-06-29,7.1118927001953125,7.190152793030796,6.984719816104178,7.004284839313049,7393800
2022-06-30,6.867330074310303,7.190153209174128,6.8282000256278375,7.131458136150431,6083300
2022-07-01,7.33689022064209,7.503193140278017,6.789069140143511,6.857546950130927,7307800
2022-07-05,6.916243553161621,7.336891851379237,6.730375570283972,7.248848999893239,8069300
2022-07-06,6.916243553161621,7.0042859381805975,6.603202666241313,6.926025833067276,5690400
2022-07-07,7.033632755279541,7.111892849760862,6.877112566316901,6.9847199629952375,3972400
2022-07-08,7.0629801750183105,7.2195008330527175,6.916242728657317,7.053197896278828,3648700
2022-07-11,7.023850440979004,7.239066180467866,6.955373087341901,6.955373087341901,2916600
2022-07-12,6.955371856689453,7.102109750111077,6.798851219355166,7.053196963481567,6626000
2022-07-13,7.239065647125244,7.327108019095942,6.857547458007015,6.87711248138572,7622100
2022-07-14,6.994503021240234,7.033633070233068,6.6912449083122825,6.945590226765702,7514700
2022-07-15,6.906460285186768,7.131458303628371,6.701027291545869,7.111893278827666,7255300
2022-07-18,7.141240119934082,7.2684125313555406,7.023849519939537,7.0434145421941405,5760000
2022-07-19,7.268413066864014,7.4249337228996,7.180370693465141,7.190152972079701,6824300
2022-07-20,7.014067649841309,7.346673513974086,6.994502626449201,7.258630675476127,3280400
2022-07-21,7.131458282470703,7.170588331956022,6.945590314181945,7.014068134014746,3600800
2022-07-22,7.053198337554932,7.454281586773344,6.994503262044944,7.209718538914898,4670800
2022-07-25,6.828200340270996,7.053198363796557,6.7401574934449515,7.014068313310982,6017500
2022-07-26,6.837982177734375,7.004285114783761,6.681461985907643,6.837982177734375,8090000
2022-07-27,6.935807228088379,6.994502295487401,6.652114169092969,6.847764393756379,6647700
2022-07-28,7.483628749847412,7.620583914912163,7.219500698274772,7.25863074543613,9330900
2022-07-29,7.718408584594727,7.796668674372747,7.424933247927148,7.591236171938908,7044200
2022-08-01,7.6108012199401855,7.747756377511612,7.493410618412031,7.708626332491204,4844000
2022-08-02,7.512975692749023,7.826016521538667,7.512975692749023,7.708626385667651,5076500
2022-08-03,7.366238594055176,7.581453853024607,7.190152915704139,7.552106084477115,5998700
2022-08-04,7.718408584594727,7.835799185728688,7.424933247927148,7.493410593249451,5462400
2022-08-05,7.620584011077881,7.63036675622515,7.4053687489745705,7.483628844284865,3135200
2022-08-08,7.718408584594727,7.835799185728688,7.640148494816706,7.796668674372747,6801600
2022-08-09,7.806451797485352,7.835799565809107,7.649931610337199,7.806451797485352,2573600
2022-08-10,7.904277324676514,8.051014774509948,7.786887178222976,7.865147275858668,3758900
2022-08-11,7.728191375732422,7.992319413562168,7.718408631217613,7.933623879407173,3013900
2022-08-12,7.943406105041504,7.962971592793064,7.767320913479583,7.786885934764242,2099600
2022-08-15,7.75753927230835,7.786887041640461,7.649931873180203,7.708626945377456,3064300
2022-08-16,7.75753927230835,7.806452065706212,7.679279176045346,7.718409224176848,2190700
2022-08-17,7.503193378448486,7.718408626506691,7.493410633939647,7.708626348464784,3752900
2022-08-18,7.571671962738037,7.679279837603405,7.503194605842174,7.54232465734467,1954900
2022-08-19,7.38580322265625,7.512975635649863,7.3760204781745475,7.473845590656915,2993600
2022-08-22,7.38580322265625,7.395585500671021,7.239065320699232,7.2684126212104765,2559200
2022-08-23,7.630366325378418,7.747756461715455,7.4444983762779735,7.454280654405926,3636400
2022-08-24,7.7477569580078125,7.777104260738482,7.542323973025259,7.571671275755929,2709900
2022-08-25,7.7868876457214355,7.845583188939064,7.640149720611375,7.826017696888518,2053800
2022-08-26,7.424934387207031,7.8064526166484,7.346674285420802,7.777104845245063,3507900
2022-08-29,7.3564558029174805,7.561888782060766,7.327108034554031,7.346673524440966,1836100
2022-08-30,7.170587539672852,7.376020510005839,7.1314574945110385,7.356455487424933,3090700
2022-08-31,7.033632755279541,7.248848015103172,7.033632755279541,7.151022897001521,3559800
2022-09-01,6.749939918518066,6.945590161647933,6.7010271245021125,6.935807882724927,5116300
2022-09-02,7.014067649841309,7.141240535123482,6.828199694382812,6.867329741167027,3889400
2022-09-06,6.916243553161621,7.190153921058248,6.877113500604961,7.072763763388265,2679100
2022-09-07,7.190152645111084,7.190152645111084,6.828199489959795,6.90645958118527,3149600
2022-09-08,7.239065647125244,7.258630670503949,7.0434149468712395,7.092327738551479,2703000
2022-09-09,7.38580322265625,7.415150523167495,7.2684126212104765,7.38580322265625,3531900
2022-09-12,7.483628749847412,7.591236612774623,7.376020886920202,7.503193773428091,3829400
2022-09-13,7.268413066864014,7.454281025210237,7.199935717161219,7.219500740857298,3361700
2022-09-14,7.253689765930176,7.3616609238652355,7.224243384338121,7.322398769714631,1656800
2022-09-15,6.969038009643555,7.253688824304871,6.910144786062772,7.155533451670234,3008500
2022-09-16,7.047563076019287,7.155534231708393,6.831621232682861,6.890514462683704,5416300
2022-09-19,7.224243640899658,7.253690023537471,6.919961701405319,6.919961701405319,3389400
2022-09-20,7.008301734924316,7.126088676618906,6.929777419155817,7.126088676618906,2462500
2022-09-21,7.116272449493408,7.273321071019193,6.9395927502768995,7.086825598936417,3472400
2022-09-22,6.978853702545166,7.23405766852891,6.949406857064639,7.165349142477229,2813200
2022-09-23,6.605863094329834,6.811989617044751,6.507707718761242,6.802173845467017,5068800
2022-09-26,6.360474586486816,6.605863265798743,6.232872360914592,6.576416418342937,6404200
2022-09-27,6.370290279388428,6.576416820044434,6.3604749749981275,6.507708285186959,3729500
2022-09-28,6.969038009643555,7.00830015869741,6.527338598766819,6.537153902009415,4555000
2022-09-29,7.086825370788574,7.09664114333884,6.802174519416015,6.900330372751488,3373200
2022-09-30,7.273321151733398,7.459816625885769,7.027932443855302,7.106456755489602,4517300
2022-10-03,7.626680850982666,7.636496623737591,7.312583143452173,7.410738998834193,4821900
2022-10-04,7.872069358825684,8.009486421494165,7.65612705681067,7.695389208442169,5102700
2022-10-05,7.803360462188721,7.803360462188721,7.607049689671971,7.675758694073734,2746400
2022-10-06,7.940777778625488,7.9702241579146325,7.754282326974457,7.754282326974457,3650400
2022-10-07,7.675758361816406,7.881884430015601,7.6561272854144935,7.803360124407949,6433900
2022-10-10,7.450001239776611,7.636496711896914,7.400923311519022,7.607049861333998,2812000
2022-10-11,7.361660957336426,7.6266807330788655,7.351845184733247,7.450001038597839,4118400
2022-10-12,7.450001239776611,7.538340855381736,7.312583227872087,7.371476928997918,3004700
2022-10-13,7.410737991333008,7.440184369510889,6.949407031489941,7.165349322322534,4220700
2022-10-14,7.086825370788574,7.37147669020293,7.037747912162634,7.361660917652664,2518500
2022-10-17,7.194796085357666,7.469631615289007,7.165349705604667,7.292951464603942,2583200
2022-10-18,7.263504981994629,7.332213512473177,7.165349604138301,7.283136057565894,2774700
2022-10-19,7.224243640899658,7.243874718672138,6.9984860124952375,7.1260882520372615,3810500
2022-10-20,7.253689765930176,7.430369927649691,7.1947965347042695,7.243874461413423,2446000
2022-10-21,7.518709182739258,7.548156030972074,7.273320496952293,7.302767345185109,4056600
2022-10-24,7.450001239776611,7.548156628249978,7.322399000740329,7.430370162081938,3130000
2022-10-25,7.607049942016602,7.6364967928918395,7.479447701626933,7.499078779529819,2834900
2022-10-26,7.901516437530518,7.940778592635316,7.695389889209421,7.754283121866619,3049300
2022-10-27,7.989855766296387,8.166534979547688,7.891699919758476,8.166534979547688,4312600
2022-10-28,7.989855766296387,8.009486373953852,7.783728769391831,7.901515691628973,3332900
2022-10-31,7.744466781616211,7.960408618870091,7.734651477580103,7.891700086492016,2408300
2022-11-01,7.960409641265869,8.048749729145673,7.921147483995252,7.921147483995252,2251900
2022-11-02,7.48926305770874,8.048748980818072,7.46963198089862,7.9898562184295,3772900
2022-11-03,7.292952060699463,7.508894380733264,7.26350567853964,7.391107916010357,5890600
2022-11-04,7.960409641265869,7.97022541460444,7.5677880685597065,7.5677880685597065,4773900
2022-11-07,7.822991847991943,8.01930309629333,7.7542833089220045,7.950594557223391,3755800
2022-11-08,8.284321784973145,8.372661863385911,7.8033601759298294,7.85243810127954,6221500
2022-11-09,8.137089729309082,8.392294216858861,8.068381188847086,8.235245589469354,4397400
2022-11-10,8.716206550598145,8.784915085587295,8.44137147455796,8.618050698256287,5375500
2022-11-11,8.716206550598145,8.784915085587295,8.598420089438065,8.69657500569634,3747100
2022-11-14,8.775097846984863,8.843807306577556,8.627865029155457,8.6769429471264,3085200
2022-11-15,8.765284538269043,8.922333154251051,8.726022384273541,8.843808846260046,5827500
2022-11-16,8.765284538269043,8.824177301220502,8.676944457758266,8.745652993229497,3643100
2022-11-17,8.676944732666016,8.69657534224392,8.480633956468878,8.64749835025735,4017500
2022-11-18,8.755467414855957,8.765283185861241,8.500262985219248,8.676943118980576,4414100
2022-11-21,8.833993911743164,8.863440296012211,8.627867349692476,8.637683123143384,2670400
2022-11-22,9.265876770019531,9.28550831506401,8.912517383971204,8.922333156493444,3680900
2022-11-23,9.570158958435059,9.609421111590423,9.265876569418301,9.3149544948834,4261900
2022-11-25,9.432741165161133,9.629052871408884,9.393479011128301,9.521081245755903,1603200
2022-11-28,9.049935340881348,9.393478952503678,9.040119568413502,9.373848343651572,3707500
2022-11-29,9.305139541625977,9.442557557807278,9.14809091518086,9.18735307179214,4109600
2022-11-30,9.52108097076416,9.648683201706303,9.33458597851553,9.364032359168775,5457700
2022-12-01,9.73702335357666,9.844994040846242,9.54071258759398,9.687945428060097,2838500
2022-12-02,9.84499454498291,9.903888245835294,9.462188765735084,9.501450920942132,3099100
2022-12-05,9.603914260864258,9.790875289225879,9.554713693898748,9.731835359605476,2939500
2022-12-06,9.544872283935547,9.771194490314565,9.505512022620412,9.692473967684295,3700900
2022-12-07,9.790873527526855,9.88927464375229,9.623592192997176,9.623592192997176,3591900
2022-12-08,9.879434585571289,9.997515364870235,9.781033466944193,9.840074325804974,4416200
2022-12-09,9.682634353637695,10.036876730567348,9.682634353637695,9.908955637625962,3144200
2022-12-12,9.731834411621094,9.741673773317528,9.495671900875946,9.584232725102543,3005500
2022-12-13,9.84991455078125,10.194316586523483,9.761353732371857,10.076235808118494,4217200
2022-12-14,9.761353492736816,9.879434268242997,9.584231860266252,9.840074009740936,2910800
2022-12-15,9.338231086730957,9.574392664973006,9.289030523324856,9.515352739623841,5265000
2022-12-16,9.485832214355469,9.594072696691116,9.298870272185324,9.298870272185324,4849100
2022-12-19,9.35791015625,9.554711439249584,9.328389259983156,9.47599092604975,3761700
2022-12-20,9.692473411560059,9.751513330933907,9.475991517536551,9.54487173628024,5226300
2022-12-21,9.840072631835938,9.918793137816829,9.751511828001822,9.761352125855046,2826000
2022-12-22,9.84991455078125,9.859754850253985,9.603912694498538,9.751513432899122,2268300
2022-12-23,9.830233573913574,10.007355203922941,9.702312500953761,9.869593831868704,2370200
2022-12-27,10.12543773651123,10.282878795678238,9.830235281361723,9.869595546153475,2233300
2022-12-28,9.899113655090332,10.08607462548614,9.820392209298841,10.036874073774884,2349400
2022-12-29,9.948314666748047,10.086076043219277,9.918794706940856,9.977835564977841,2331300
2022-12-30,9.948314666748047,9.9975152253751,9.849914487916543,9.948314666748047,2418300
2023-01-03,10.194316864013672,10.391119105134903,10.066395782653926,10.076236082394514,3647300
2023-01-04,10.67647933959961,10.774879504327055,10.273035567422934,10.332076416997376,6042900
2023-01-05,10.607600212097168,10.617440511970603,10.332078384599521,10.440318867939364,3493300
2023-01-06,10.686321258544922,10.833922948620321,10.509200544246214,10.676481896611383,4104500
2023-01-09,10.519039154052734,10.814241574673424,10.509199792822725,10.804401275020789,2736800
2023-01-10,10.715842247009277,10.76504187234631,10.509200629956558,10.568240555730076,2229500
2023-01-11,10.706001281738281,10.784721803496291,10.607600160329449,10.715841581563694,2208700
2023-01-12,10.804401397705078,11.001203639301984,10.696160915564889,10.87328255763305,3589100
2023-01-13,10.82408332824707,11.198006319469972,10.804402726298246,10.912644160171277,7268600
2023-01-17,10.587920188903809,11.020883045888215,10.459999110189125,10.833922046796056,5840900
2023-01-18,10.578080177307129,10.873282602497902,10.578080177307129,10.71584155930886,4690500
2023-01-19,10.814240455627441,10.942161522606694,10.509198705342135,10.52887836418835,3277700
2023-01-20,11.001204490661621,11.011043852764805,10.676482080688846,10.76504197015375,3073200
2023-01-23,11.001204490661621,11.001204490661621,10.774882270679642,10.843763435938179,1984200
2023-01-24,11.188166618347168,11.266887153517551,10.883124779167636,11.001205581923209,2708700
2023-01-25,11.404645919799805,11.434165879050934,11.011042396620207,11.138963471271882,3203000
2023-01-26,11.266883850097656,11.394804916849118,11.138962783346196,11.365284959421096,3356800
2023-01-27,11.12912368774414,11.257043819114346,11.07992313191269,11.168483944724793,3319600
2023-01-30,10.843762397766113,11.060243358073798,10.824081798598531,11.050403058490007,3921700
2023-01-31,10.863442420959473,10.942162943410997,10.666641114830663,10.75520193719429,2583200
2023-02-01,11.050402641296387,11.138963457361768,10.735520573883996,10.814241090737093,3773700
2023-02-02,10.656801223754883,11.099604414138021,10.56824039799372,11.011043588376856,4339900
2023-02-03,10.479679107666016,10.587920529208045,10.332078363555707,10.381278924400025,3881600
2023-02-06,10.430480003356934,10.469840266302999,10.351759477464803,10.430480003356934,2700200
2023-02-07,10.558399200439453,10.646960018674621,10.332077943547455,10.450158721720143,3890900
2023-02-08,10.686321258544922,10.814242347907857,10.48951994353375,10.597761370606914,3062100
2023-02-09,10.489521026611328,10.932324265713032,10.42064079385098,10.814243464514096,3823400
2023-02-10,10.499360084533691,10.587920909550242,10.371438997112307,10.51903974652477,3136500
2023-02-13,10.36159896850586,10.509200660209968,10.341919305998934,10.430480133336859,2174000
2023-02-14,10.391119003295898,10.46983952360383,10.20415706374759,10.332078143853638,2580800
2023-02-15,10.194316864013672,10.223837763235437,10.017196160796251,10.135276942415409,4182000
2023-02-16,10.26319694519043,10.332077159290488,9.987674211945125,10.095915620870972,3289800
2023-02-17,10.184477806091309,10.223838067803571,9.928635635750277,10.076236382565593,2955200
2023-02-21,10.017197608947754,10.253359206327133,9.99751700662142,10.14511870880061,2764000
2023-02-22,9.879434585571289,9.987675065323002,9.781033466944193,9.95815510510392,2969100
2023-02-23,9.869595527648926,10.076237152023875,9.731835070347449,9.987676321802791,2976200
2023-02-24,9.918795585632324,9.938476186195663,9.623593146141058,9.672793709126717,2694300
2023-02-27,10.007357597351074,10.105758734984473,9.928637062613474,9.977837631430173,2212900
2023-02-28,10.017197608947754,10.17463867386734,9.928636775324794,10.017197608947754,3804100
2023-03-01,10.253357887268066,10.332078409600737,10.11559650397457,10.11559650397457,4123300
2023-03-02,10.15495777130127,10.204158337239678,10.076237241168915,10.15495777130127,2114400
2023-03-03,10.26319694519043,10.292716902887236,10.105755919577419,10.282876604180789,1977200
2023-03-06,10.194316864013672,10.31239764563283,10.145117242155997,10.184477502695717,1914800
2023-03-07,9.790873527526855,10.125436196586216,9.761353568028262,10.125436196586216,2676000
2023-03-08,9.761353492736816,9.958154785247118,9.672792676501533,9.879434268242997,3035300
2023-03-09,9.692473411560059,9.928634965900649,9.653113152503293,9.869594108104202,3420100
2023-03-10,9.908954620361328,10.164796779979055,9.869594360298803,9.889274959541376,3973700
2023-03-13,10.469841003417969,10.538721233817329,10.243518771727164,10.3025596395143,5602000
2023-03-14,10.548562049865723,10.666642852782307,10.322239807125166,10.430481246949137,4738700
2023-03-15,10.474586486816406,10.750752348482782,10.34636638731725,10.711300082530444,4139500
2023-03-16,10.464722633361816,10.583079424977795,10.188556786257866,10.504174897233808,2197000
2023-03-17,11.165003776550293,11.263634930867061,10.474588518182117,10.602808642547355,12567600
2023-03-20,11.23404598236084,11.34253949982421,11.066373584070648,11.26363495246605,4345800
2023-03-21,10.839521408081055,11.105824938842934,10.711301294079002,11.105824938842934,3534100
2023-03-22,11.05650806427002,11.214317127354231,10.839520132221121,10.898699001185808,4648100
2023-03-23,11.431303977966309,11.628565288160043,11.076232679001466,11.145274843031364,5005000
2023-03-24,11.598978042602539,11.707471544104326,11.27349659748092,11.529935868359347,4880100
2023-03-27,11.608840942382812,11.618703303547516,11.253769603199018,11.342537437994967,3152400
2023-03-28,12.003364562988281,12.013227865554386,11.500347419512606,11.65815649810506,4160200
2023-03-29,12.013226509094238,12.101994340933448,11.855417448320619,11.924458677255029,3134700
2023-03-30,12.111857414245605,12.151309681759777,11.924459378707356,12.131584018310818,2635900
2023-03-31,12.062541007995605,12.180898742944635,11.90473194888515,12.111856574121669,2594900
2023-04-03,12.38802433013916,12.51624349516077,11.973775047498732,12.101995153136603,5051600
2023-04-04,12.713505744934082,12.861451513834734,12.279529859090655,12.407749964425474,4999600
2023-04-05,12.792409896850586,12.861451128185195,12.516243090279696,12.802272258029651,3485500
2023-04-06,12.792409896850586,12.831862163415538,12.595148564025829,12.703642061925388,4015900
2023-04-10,12.95021915435791,12.95021915435791,12.5162432751183,12.634601017177282,2780300
2023-04-11,13.088303565979004,13.275701614184072,12.95022015003779,13.019261387700238,3447700
2023-04-12,13.275701522827148,13.394058332555295,13.04885026538597,13.255974917564304,2839600
2023-04-13,13.482826232910156,13.620909648494175,13.354606119999922,13.482826232910156,4140700
2023-04-14,13.226386070251465,13.285564945960454,12.891041302671942,13.27570164323957,3683500
2023-04-17,12.930492401123047,13.147480338236544,12.802272299220354,13.098164769717625,2940300
2023-04-18,12.920629501342773,13.255973283937594,12.881177236295372,12.989670730021679,3027100
2023-04-19,12.575422286987305,12.66419012421758,12.4472021821676,12.526106717346456,3539200
2023-04-20,12.644462585449219,12.792409283435697,12.545832394074418,12.624736923420734,2481200
2023-04-21,12.565558433532715,12.605010699390894,12.368297104241819,12.535969469293134,2431600
2023-04-24,12.743094444274902,12.812135676236823,12.595148678466147,12.614874341619736,1948400
2023-04-25,12.644462585449219,12.693778151444713,12.496516828078926,12.654325886771554,1820600
2023-04-26,12.516241073608398,12.920627916512869,12.457063153604091,12.782544535476019,2135600
2023-04-27,12.693778991699219,12.86145136281312,12.23021414564218,12.575422189845213,3802500
2023-04-28,12.752958297729492,12.930493036255188,12.555696013964507,12.654327155847,2167700
2023-05-01,12.861452102661133,13.098165719985966,12.831863135649606,13.038987785962908,4129700
2023-05-02,13.305288314819336,13.344740578278655,12.713504362929553,12.910765680226149,3452100
2023-05-03,13.502551078796387,13.551866648558306,13.186932937306109,13.334879646591869,3680600
2023-05-04,13.56173038482666,13.926664107762585,13.502551511094431,13.719539460624219,3914500
2023-05-05,13.6209077835083,13.670222408892387,13.098164100768072,13.177068630122033,3328800
2023-05-08,13.63077163696289,13.719539477361382,13.443373594378745,13.699813813170767,1957900
2023-05-09,13.55186653137207,13.768854472078418,13.502550962036594,13.591318798717202,2157400
2023-05-10,13.433509826660156,13.640634466876742,13.22638518644357,13.581456535738436,1626600
2023-05-11,13.068574905395508,13.334878392699329,12.999533678590593,13.246110563598055,2437300
2023-05-12,13.127755165100098,13.167207433264265,12.960082790248324,13.08830289693593,2351200
2023-05-15,13.384194374084473,13.502551178013011,13.216522000031642,13.226385302179754,2131100
2023-05-16,12.891039848327637,13.364467978739262,12.7332307850625,13.334879014531102,3400400
2023-05-17,12.683915138244629,12.940355334753427,12.605010607105953,12.851587502068366,1838700
2023-05-18,12.486654281616211,12.516243246755783,12.180899447069395,12.486654281616211,4226300
2023-05-19,12.535969734191895,12.713505404613331,12.378160667424499,12.526106432364873,1898700
2023-05-22,12.476791381835938,12.605011489061726,12.457065717979194,12.476791381835938,1283700
2023-05-23,12.693778991699219,12.762820224293327,12.309118680211515,12.397886516756081,3358100
2023-05-24,12.309118270874023,12.772683101515298,12.309118270874023,12.752957438837061,2880700
2023-05-25,12.1513090133667,12.328844677723097,12.092131085658702,12.279529110888964,1982000
2023-05-26,12.210487365722656,12.358433119357233,12.111856236222163,12.24993962939962,1391700
2023-05-30,11.944184303283691,12.279529026717698,11.885006375981334,12.230213460221604,3822400
2023-05-31,12.171035766601562,12.31898152831419,11.954047834222324,12.013226703277104,3711700
2023-06-01,12.38802433013916,12.545833401503845,12.131584118863415,12.240077620272572,2198200
2023-06-02,12.111857414245605,12.50638103000357,11.973774948254132,12.407749890910017,2741300
2023-06-05,12.180898666381836,12.230213291581746,11.944184138587831,12.023088667647105,1642300
2023-06-06,12.407751083374023,12.407751083374023,12.101996215908267,12.161174152558775,2249300
2023-06-07,12.092131614685059,12.743094491649634,12.013227080544882,12.457065320237435,3652500
2023-06-08,12.279528617858887,12.50637983994121,12.220350692526916,12.299255220046986,1846000
2023-06-09,12.190760612487793,12.318980703002852,12.101993725776891,12.24007617662684,1273800
2023-06-12,12.3978853225708,12.44720088708054,12.101993816744681,12.161171741663443,2912700
2023-06-13,12.220353126525879,12.624739145764199,12.161174248790743,12.476792421734533,2488100
2023-06-14,12.165994644165039,12.383420344957507,12.037515306868778,12.363654800575452,2209800
2023-06-15,11.997983932495117,12.20552734371887,11.91891986560207,12.116580032834687,2572800
2023-06-16,12.096813201904297,12.363655126991802,11.997983592348847,12.067164413289461,11586300
2023-06-20,11.543366432189941,12.007867644105527,11.503834394100995,11.96833560601658,3102400
2023-06-21,11.602663040161133,11.661961563555783,11.306172308223992,11.533482214965753,2467900
2023-06-22,11.543366432189941,11.573015225127117,11.395120582467792,11.503834394100995,2381700
2023-06-23,11.582897186279297,11.80032290040713,11.533481908516416,11.612545975929814,1942500
2023-06-26,11.484066009521484,11.731141442452286,11.424768433428161,11.661960622837414,3111700
2023-06-27,11.365469932556152,11.61254536587259,11.276522625759357,11.484066027445884,1879300
2023-06-28,11.355587005615234,11.424768769784865,11.2271076636065,11.28640618396361,2258800
2023-06-29,11.592780113220215,11.612546602398934,11.22710854607663,11.276523826505349,1607900
2023-06-30,11.780556678771973,11.790439922260994,11.602662066041498,11.671843827946669,1418500
2023-07-03,12.007864952087402,12.037514680895603,11.760789533793275,11.760789533793275,1145100
2023-07-05,11.563130378723145,11.997983680001582,11.563130378723145,11.978217192435288,2371900
2023-07-06,11.414885520935059,11.563130407985408,11.395119033318743,11.513715131462623,1531600
2023-07-07,11.47418212890625,11.6224279459443,11.434650099533021,11.523597401252266,1950200
2023-07-10,11.83985424041748,11.859620727371727,11.385236350685487,11.385236350685487,2000200
2023-07-11,11.790440559387207,11.938685449661406,11.701493248215476,11.879387870558936,1722500
2023-07-12,12.541547775268555,12.610729533067923,11.978216125078657,11.978216125078657,4124300
2023-07-13,12.521782875061035,12.66014545524772,12.492134087348877,12.630495725017594,2584400
2023-07-14,12.551432609558105,12.689795200181816,12.48225178550527,12.531667063765026,2254200
2023-07-17,12.58108139038086,12.650263156901552,12.373538918372898,12.442719742375552,1689000
2023-07-18,12.81827449798584,12.917104111612112,12.581081351743114,12.709560697723497,1912200
2023-07-19,12.709559440612793,12.838038773885202,12.689793896849777,12.74909147065677,1988400
2023-07-20,12.334005355834961,12.709560132970179,12.264824535118839,12.679911344451554,3045800
2023-07-21,12.274707794189453,12.383420647239392,12.185760486004053,12.274707794189453,1948400
2023-07-24,12.235175132751465,12.28459040614863,12.08692931255997,12.245058375934487,1984500
2023-07-25,12.294473648071289,12.353772169191334,12.175877548349213,12.175877548349213,2124700
2023-07-26,12.136344909667969,12.264824246920329,11.997983271486945,12.225292215651754,3778300
2023-07-27,11.661961555480957,12.403187913551552,11.661961555480957,12.403187913551552,3751600
2023-07-28,12.027632713317871,12.126463268122256,11.859621335661227,11.859621335661227,2328700
2023-07-31,12.205526351928711,12.413069746288013,12.06716377484986,12.086929318708012,2024800
2023-08-01,11.7410249710083,12.057281231231661,11.73114172724682,11.899153101119982,2216100
2023-08-02,11.484066009521484,11.770673474020494,11.355586671295312,11.75090792949538,2881900
2023-08-03,11.414885520935059,11.573013651793566,11.355587000604116,11.513715131462623,1655600
2023-08-04,11.53348159790039,11.711376216048553,11.484066321468346,11.484066321468346,1752400
2023-08-07,11.484066009521484,11.553246829136356,11.296289095201987,11.484066009521484,1130200
2023-08-08,11.53348159790039,11.563130386752416,11.276522914468158,11.36547022354224,1607300
2023-08-09,11.444533348083496,11.632311194586293,11.395118075713395,11.632311194586293,1263100
2023-08-10,11.47418212890625,11.711375247663547,11.424767799078158,11.573012673598283,2032100
2023-08-11,11.53348159790039,11.602662419394452,11.424768743764295,11.45441753261632,1423100
2023-08-14,11.444533348083496,11.53348064984609,11.29628847349112,11.385235775253717,1673200
2023-08-15,11.276522636413574,11.553246858084403,11.236990604746314,11.385236430387028,2198900
2023-08-16,11.16780948638916,11.3160543655486,11.128277455778779,11.227107061045754,1910600
2023-08-17,11.009681701660156,11.306171469073606,10.970149669837165,11.256757136183353,1813000
2023-08-18,10.91085147857666,10.99979878847963,10.831787412555801,10.95038351158709,2572400
2023-08-21,11.246874809265137,11.266640355528615,10.950384075168476,10.999799354604264,3073000
2023-08-22,11.454416275024414,11.454416275024414,11.236989648105705,11.296288161817317,1680200
2023-08-23,11.948568344116211,12.067164441369519,11.513715045002751,11.59277910983829,2927800
2023-08-24,12.096813201904297,12.185760510266798,11.839854520527735,11.889269796564458,2629500
2023-08-25,11.948568344116211,12.16599499367294,11.790440214445134,12.11657971752123,2597600
2023-08-28,12.472369194030762,12.472369194030762,11.97821827061028,12.04739909828336,2550900
2023-08-29,12.7589750289917,12.7589750289917,12.373537962170674,12.393303506421974,2903700
2023-08-30,12.788622856140137,12.946751910864108,12.650261229218767,12.83803812683401,2137200
2023-08-31,12.68979549407959,12.838040389774196,12.650263459059824,12.788625110369974,2080700
2023-09-01,12.225292205810547,12.867688891555222,12.225292205810547,12.83803916123918,2126700
2023-09-05,11.81020450592041,12.156110459751703,11.790438963068338,12.11657843152966,1940700
2023-09-06,11.760791778564453,11.918920868169698,11.66196215789404,11.760791778564453,1323400
2023-09-07,11.800321578979492,11.869503337107602,11.68172549114006,11.800321578979492,1026500
2023-09-08,11.671844482421875,11.948568718005388,11.592779472594271,11.839854918566202,1920400
2023-09-11,11.681726455688477,11.839854585864199,11.582896845587651,11.77067376454182,1888700
2023-09-12,11.790440559387207,11.909036660110171,11.54336511391819,11.592779448997574,1637300
2023-09-13,11.884525299072266,11.983563387696751,11.785487210447778,11.795391208209669,1876000
2023-09-14,11.953851699829102,12.151927882138873,11.884525602719023,11.884525602719023,2110900
2023-09-15,12.300484657287598,12.33019570824316,12.082601413119814,12.112312464075378,6990700
2023-09-18,12.508463859558105,12.548078908860457,12.241061568394267,12.340099663898787,1532800
2023-09-19,12.538175582885742,12.617405685739891,12.468849479012693,12.567886635331716,3996700
2023-09-20,12.577789306640625,12.825383588048894,12.538174259395191,12.607500355950394,2379900
2023-09-21,12.3698091506958,12.449039239282545,12.221252970719942,12.280675064911422,3281400
2023-09-22,11.874621391296387,12.587693179103608,11.854814340119718,12.508463085402497,3457400
2023-09-25,11.815199851989746,11.85481490071363,11.577508615149181,11.815199851989746,2600700
2023-09-26,11.329913139343262,11.765679574220213,11.310106089301854,11.696353482329538,2153200
2023-09-27,11.21107006072998,11.35962721351013,11.092224905204263,11.300204163498602,2016500
2023-09-28,11.320012092590332,11.339819146141748,11.112032835565142,11.220973991341259,1997500
2023-09-29,11.181358337402344,11.51808673011287,11.082320241488443,11.488375679137613,1857300
2023-10-02,10.81491756439209,11.082318879296121,10.755494525248324,11.022896784649522,2526600
2023-10-03,11.012992858886719,11.092222948594761,10.676264505378954,10.775302589762592,2022200
2023-10-04,10.884244918823242,11.082320164782798,10.805014820439421,11.062513112435479,2398300
2023-10-05,11.201166152954102,11.211069206787263,10.805014720212407,10.854533767367277,2267100
2023-10-06,11.43885612487793,11.55770126801596,11.171453844444432,11.19126184054939,2332800
2023-10-09,11.636931419372559,11.735969511378883,11.508182277563236,11.656739415572721,1386900
2023-10-10,11.666642189025879,11.745872282929497,11.567605043894966,11.676546186888135,1811700
2023-10-11,11.735971450805664,12.023180831690066,11.547799233796717,11.745874506045029,2693400
2023-10-12,11.399242401123047,11.795392924260463,11.300204298090017,11.735970818038526,1486800
2023-10-13,12.082601547241211,12.181639644188822,11.7062581011365,11.80529619808411,3644500
2023-10-16,12.181639671325684,12.310388819845473,11.934045372902386,11.993467475605494,2074500
2023-10-17,12.478754043579102,12.498561097941709,12.15192961836846,12.231159724813622,1721500
2023-10-18,12.478754043579102,12.746155416707188,12.38961993770395,12.686733309122,1980200
2023-10-19,12.577789306640625,12.597597302511957,12.340099023168023,12.478752160775654,2024800
2023-10-20,12.577789306640625,12.874902633229993,12.538174259395191,12.676827397002825,3633000
2023-10-23,12.706539154052734,12.874903350347834,12.191543511177407,12.577790007209583,3616900
2023-10-24,12.795672416687012,12.845191461395771,12.518367088614063,12.557982135481627,1822300
2023-10-25,12.567887306213379,13.132402999805052,12.557984251200974,12.775866573431916,3349300
2023-10-26,12.429234504699707,12.835289020470817,12.072698095146665,12.607501764978894,3805500
2023-10-27,12.696635246276855,12.706539244834921,12.181639599722129,12.458944947866982,2937700
2023-10-30,12.62730884552002,12.805577037342955,12.557982746254329,12.77586504237429,1797900
2023-10-31,12.260869026184082,12.815479692030806,12.191542929077551,12.577789406667923,3031500
2023-11-01,12.340099334716797,12.439137427579396,12.171735143548728,12.340099334716797,2679100
2023-11-02,12.696635246276855,12.765962291686034,12.369810849838958,12.557983044453072,2321000
2023-11-03,13.30076789855957,13.39980506526633,12.884809342697872,12.884809342697872,4083500
2023-11-06,13.162113189697266,13.449322545142984,13.152209190837716,13.241343291579028,2312300
2023-11-07,12.924421310424805,13.043266448777327,12.567884950870033,12.983843407352465,2471300
2023-11-08,12.5975980758667,12.914518473285618,12.498559979424645,12.805577322797186,2133800
2023-11-09,12.845191955566406,13.162112342699244,12.55798261860296,12.647116713608384,2354000
2023-11-10,12.666924476623535,12.81548068030706,12.567886377836313,12.736250579076206,1752800
2023-11-13,12.62730884552002,12.894711133254424,12.587693796725729,12.61740484719713,1404700
2023-11-14,13.082881927490234,13.172016020326213,12.775864601554888,12.894710688334348,2360100
2023-11-15,12.587695121765137,13.172017861362393,12.538176069435352,13.152209862631533,3746600
2023-11-16,12.855095863342285,13.072979116220194,12.647117553841898,12.70653965812849,3076800
2023-11-17,12.706539154052734,12.99374849870368,12.61740505666153,12.983844500216371,2250100
2023-11-20,12.765962600708008,12.805577651401936,12.557983348440553,12.607501453434981,1317500
2023-11-21,13.330475807189941,13.568166084571416,12.993747441984251,13.003651439666113,7005500
2023-11-22,13.498842239379883,13.607783398543841,13.330478028719078,13.50874623871225,4089000
2023-11-24,13.558263778686523,13.835570081397663,13.49884167417508,13.49884167417508,2748100
2023-11-27,13.924703598022461,14.10297084856942,13.687012356464377,13.766242455484646,4591900
2023-11-28,14.429795265197754,14.439699263714738,13.944510671832896,14.043548768008177,3989300
2023-11-29,14.45950698852539,14.548640140008331,14.261430799903927,14.360468894214659,2386600
2023-11-30,14.667486190795898,14.697197241208812,14.30104580954848,14.380276851478357,2309500
2023-12-01,14.717005729675293,14.80613983411065,14.479315414179245,14.608064571197277,2885200
2023-12-04,14.390180587768555,14.538737735873283,14.112875233602626,14.459507634683018,4215500
2023-12-05,14.127278327941895,14.51419149414069,14.077673930307405,14.31577484972792,3027300
2023-12-06,14.037989616394043,14.295931709093717,13.998306290296025,14.246327314939913,2302700
2023-12-07,14.047911643981934,14.157041507799358,13.899099397481141,14.157041507799358,2255600
2023-12-08,13.66100025177002,14.037991425214615,13.482424788256608,13.680841444313039,4149300
2023-12-11,13.323692321777344,13.442742323080884,13.115354582964825,13.38321684936646,3818800
2023-12-12,13.03598690032959,13.393136876429287,13.006223692727357,13.323691284274544,3608900
2023-12-13,13.879257202148438,13.909020408224658,13.006223025874869,13.095510751853158,4279700
2023-12-14,13.770127296447754,14.226486016147216,13.660998387044122,14.137198296578282,4013400
2023-12-15,13.532028198242188,13.819732564995038,13.502264992418489,13.819732564995038,6063800
2023-12-18,13.541948318481445,13.770128165799449,13.492344867700519,13.6808404405935,2708900
2023-12-19,14.018148422241211,14.147119468552717,13.522106373100865,13.611394093326147,2428000
2023-12-20,13.591551780700684,14.067752633675841,13.581630712776697,14.047910497827866,1920600
2023-12-21,13.73044490814209,13.889178222158154,13.670919442323475,13.839573824996839,1732100
2023-12-22,13.819731712341309,14.246327228783834,13.809810644345523,14.047910599493692,2339500
2023-12-26,13.770127296447754,13.958622857440414,13.641156251084308,13.859415016016689,1478700
2023-12-27,13.879257202148438,14.057832654105018,13.760207216219113,13.79989054486222,2162500
2023-12-28,13.482422828674316,13.87925608311005,13.452660571122912,13.859414893450818,2538000
2023-12-29,13.363373756408691,13.452661481228542,13.21456056633388,13.393136015973583,2073700
2024-01-02,12.996302604675293,13.452661346647293,12.976460467747085,13.30384815806122,2497000
2024-01-03,12.738361358642578,12.867332418980107,12.649073628706963,12.728440289510791,2818500
2024-01-04,12.817727088928223,12.9566192083145,12.658993778843998,12.718518297063003,1662100
2024-01-05,12.88717269897461,13.085589336940412,12.708598197867968,12.787964853054289,2237200
2024-01-08,12.738361358642578,12.867332418980107,12.599469229173263,12.649073628706963,1615200
2024-01-09,12.420894622802734,12.807806854804832,12.371290223638942,12.768123524698842,3434200
2024-01-10,12.500262260437012,12.569707857021289,12.341527981476059,12.480420120769907,1542200
2024-01-11,12.609391212463379,12.79788680900676,12.401053476217907,12.668916685444355,3059200
2024-01-12,12.758201599121094,13.105431423831199,12.718518271679239,12.966539304722126,2124800
2024-01-16,12.27208137512207,12.6093901527061,12.242319114195602,12.520102423801479,3312700
2024-01-17,12.182793617248535,12.22247694709787,11.914931377296824,12.073664696694166,3162300
2024-01-18,12.232397079467773,12.3216848013234,12.093504962567339,12.212555889124936,2002700
2024-01-19,12.083584785461426,12.30184260886498,11.895088274374102,12.30184260886498,2201100
2024-01-22,11.994297981262207,12.133189162026895,11.825643593654906,11.954614651597266,1395600
2024-01-23,12.26215934753418,12.301842674375708,11.93477166456028,12.103426040168063,1919800
2024-01-24,12.004219055175781,12.510181272081788,11.964535725494423,12.460577819573999,2388300
2024-01-25,12.192713737487793,12.301842649550489,12.043901498663649,12.192713737487793,2532800
2024-01-26,12.083584785461426,12.262159282234776,12.063742649083755,12.222475955604573,1394800
2024-01-29,12.252240180969238,12.262160303859433,12.033981393256266,12.212556851032808,1592400
2024-01-30,12.143110275268555,12.36136906228447,12.073664684632895,12.321685732474778,2543500
2024-01-31,12.014139175415039,12.371290088595556,11.994297983641237,12.192714632005297,1977500
2024-02-01,12.57962703704834,12.60938929595259,12.11334723229769,12.133188422858806,3177500
2024-02-02,12.3316068649292,12.410973524957084,12.133189268734268,12.222476997796944,2361600
2024-02-05,12.212556838989258,12.31176469066989,12.03398138138882,12.123269110189039,1970400
2024-02-06,12.510181427001953,12.55978582624923,12.252240253941514,12.311764776138068,1995400
2024-02-07,12.192713737487793,12.520101419801023,12.153030410726345,12.440734766278126,1795800
2024-02-08,12.004219055175781,12.15303130494957,11.905010257909783,12.103426906316571,2269900
2024-02-09,11.8554048538208,12.004218037098964,11.756197011093821,12.004218037098964,1639200
2024-02-12,11.934772491455078,12.02406021956606,11.785960242020247,11.845484763344096,1480900
2024-02-13,11.299838066101074,11.627225738384173,11.151024885710958,11.627225738384173,4693800
2024-02-14,11.369284629821777,11.39904689001661,11.190709176402395,11.30975916330692,2199300
2024-02-15,11.63714599609375,11.73635478417921,11.547859222166982,11.60738373811816,2273900
2024-02-16,11.607383728027344,11.726433705951328,11.458571492153645,11.508175886153252,3178300
2024-02-20,11.676831245422363,11.766118026821239,11.587543517898286,11.716514574752486,1718500
2024-02-21,11.656988143920898,11.676830280008057,11.478412703636964,11.58754255986609,1394200
2024-02-22,11.35936450958252,11.656989974758863,11.270076775417088,11.557781170991658,2828900
2024-02-23,11.795880317687988,11.85540483399963,11.25023387216392,11.408967177161804,2899900
2024-02-26,11.676831245422363,11.676831245422363,11.498255790374209,11.63714696996704,1446300
2024-02-27,11.418889999389648,11.726435588535956,11.339523334698649,11.627227730734843,1939900
2024-02-28,11.448651313781738,11.488334642840115,11.27007585995644,11.379205724460876,2392500
2024-02-29,11.716514587402344,11.905010165392639,11.64706805140575,11.76611803952465,2343200
2024-03-01,12.212556838989258,12.291923498783849,11.66691034330753,11.865326992794008,3763700
2024-03-04,12.738361358642578,12.778044689044492,12.30184377809629,12.351448177629988,3419900
2024-03-05,12.728439331054688,13.214560328404362,12.698677072025667,12.966539295537162,3375100
2024-03-06,13.155035972595215,13.224481559894494,12.857410540258751,12.87725173114776,2603900
2024-03-07,13.38321590423584,13.393136973508497,13.18479924940891,13.343532573270453,2161800
2024-03-08,13.254243850708008,13.581631543216595,13.204640400305324,13.512185955752704,2190100
2024-03-11,13.651078224182129,13.799890469247087,13.224481734012318,13.293927322225942,5763400
2024-03-12,13.532028198242188,13.55186938933281,13.23440276288144,13.323690488102182,2127400
2024-03-13,13.72584056854248,13.825230587453383,13.497241724108642,13.536997921245504,3016300
2024-03-14,13.507179260253906,13.686082598120809,13.368032114372717,13.576752359263308,1681300
2024-03-15,13.507179260253906,13.66620402819676,13.467423068268193,13.517118545215931,5802000
2024-03-18,13.298460960388184,13.586693631406938,13.248765476172014,13.536998147190769,1825000
2024-03-19,13.049983978271484,13.189131139078059,12.98041087179944,13.179191853049913,1573600
2024-03-20,13.517120361328125,13.65626657804212,12.990349561914392,13.030105759241607,2350600
2024-03-21,13.536995887756348,13.87492398658833,13.517118266105129,13.725838506685921,3119400
2024-03-22,13.417728424072266,13.566813916305868,13.358093658461359,13.417728424072266,1481700
2024-03-25,13.556876182556152,13.775534787858481,13.467424504085889,13.467424504085889,1548200
2024-03-26,13.517120361328125,13.74571825899398,13.447546305108615,13.676145150636984,1664300
2024-03-27,14.46133041381836,14.550782092636641,13.556876235300155,13.566814573498029,5788400
2024-03-28,14.660111427307129,14.769440730619262,14.491147355366794,14.630294516924273,2804900
2024-04-01,14.431513786315918,14.988100546528855,14.29236662233143,14.90858815221272,4294800
2024-04-02,14.54084300994873,14.580599206883733,14.30230582833872,14.54084300994873,2557500
2024-04-03,14.769441604614258,14.848954002248751,14.421575101928982,14.45139201407628,2506900
2024-04-04,14.421573638916016,14.769440106311581,14.401695067592723,14.729683911527447,2616600
2024-04-05,14.739623069763184,14.888708561949214,14.361938748647807,14.421573514239684,2267000
2024-04-08,14.769441604614258,15.176943827319226,14.560721323858074,14.898649487735948,2955800
2024-04-09,14.968222618103027,15.355845295561803,14.83901474299594,15.276332902859362,3725800
2024-04-10,15.067612648010254,15.097429558333694,14.381818023396194,14.520964236813908,3120100
2024-04-11,15.27633285522461,15.395601443906365,14.898648517134468,15.226637372974922,2389000
2024-04-12,15.117308616638184,15.912433517780638,14.958283825982196,15.624200847751032,5405700
2024-04-15,14.89864730834961,15.326027094014462,14.620353957337858,15.246514708011105,3899200
2024-04-16,14.789318084716797,14.94834285747788,14.48120687659539,14.600475456166203,2119500
2024-04-17,14.848952293395996,15.167002795194513,14.719745373006294,14.918526344216342,2084400
2024-04-18,14.968222618103027,15.097429545347627,14.799258546644719,15.047735010805468,1515000
2024-04-19,15.206759452819824,15.306149467522262,14.898648227158596,14.898648227158596,3174400
2024-04-22,14.670050621032715,15.017917100942663,14.620355138799155,14.709806817247067,2965400
2024-04-23,15.037796020507812,15.06761293139203,14.540843082412495,14.58059927954562,3047000
2024-04-24,15.107368469238281,15.186880860034604,14.848952725219,14.908587492247475,2574600
2024-04-25,14.888708114624023,15.316087902915106,14.222792114719486,14.918525970455319,5810700
2024-04-26,15.206759452819824,15.256454934102276,14.868831317534111,14.9980391897235,2257900
2024-04-29,15.345906257629395,15.475114134825587,14.878771179915283,15.236576952861466,1992300
2024-04-30,14.620354652404785,15.04773445838772,14.600476081027693,14.86883110744371,2669000
2024-05-01,14.868830680847168,15.206758801662717,14.550781130838383,14.769439722538209,2554600
2024-05-02,14.868830680847168,14.998038547503844,14.63029351834058,14.670049712091677,1863000
2024-05-03,14.93840503692627,15.057673628191374,14.70980714063378,14.918527412313338,1616100
2024-05-06,15.176942825317383,15.395601430444838,15.127247343111147,15.306149752046112,1355600
2024-05-07,15.206759452819824,15.335967325009213,15.08749086645942,15.10736849025492,1129700
2024-05-08,15.226637840270996,15.465175972817583,14.958283744467044,15.047735425689199,1386800
2024-05-09,15.584443092346191,15.663955479726535,15.316088074040714,15.345904982342736,2306400
2024-05-10,15.55462646484375,15.84285912883064,15.524809554186486,15.78322530751611,2191400
2024-05-13,15.326027870178223,15.624199806722489,15.256454765867462,15.5148695595342,1569400
2024-05-14,15.68383502960205,15.69377431621137,15.375724727613497,15.475114750119062,1592900
2024-05-15,16.031700134277344,16.101275134484645,15.55462579291963,15.822980820830187,2071000
2024-05-16,16.180788040161133,16.270239718980864,15.813042038821685,15.922372289762462,2550300
2024-05-17,16.985851287841797,17.005729860002667,16.349752144493824,16.44914121384821,3721900
2024-05-20,17.105119705200195,17.174694710918978,16.806948692162827,16.985852058275274,1804000
2024-05-21,17.14487648010254,17.184633625366732,16.836766187205153,16.99579097681187,2526400
2024-05-22,16.4392032623291,16.995789993759104,16.329873014901366,16.916277603554818,2640400
2024-05-23,16.449140548706055,16.62804389946973,16.22054266527465,16.369628159002744,3802400
2024-05-24,16.4888973236084,16.72743448739737,16.439202792049187,16.548531140624426,1312200
2024-05-28,16.99578857421875,17.0951795276039,16.70755499897429,16.8963976208336,1741100
2024-05-29,16.647924423217773,16.985852593018713,16.628045849529453,16.78707064758576,1384400
2024-05-30,16.707555770874023,16.93615554293875,16.647921954377715,16.647921954377715,1955200
2024-05-31,16.608165740966797,16.946093879537482,16.4193249955552,16.787069096177742,1535900
2024-06-03,16.81688690185547,16.826826187750278,16.598228299344473,16.63798354719877,1384100
2024-06-04,16.270238876342773,16.508776042266522,15.99194456823596,16.478958185629224,1801800
2024-06-05,16.568410873413086,16.598228731874535,16.240422013237122,16.329873692896474,1490400
2024-06-06,16.81688690185547,16.896399293289008,16.53859258397561,16.568410441660042,2304600
2024-06-07,15.862736701965332,16.31993341064821,15.803101936544765,16.300054839553876,2782800
2024-06-10,16.051578521728516,16.10127494987823,15.693772769812592,15.912432314359103,2212600
2024-06-11,15.803101539611816,15.97206559821997,15.68383295962884,15.942249638052246,1273100
2024-06-12,15.842859268188477,16.190727652274834,15.733529962908486,16.091336685393017,1397100
2024-06-13,15.18087387084961,15.937429124388755,15.101236575671956,15.738335886444624,5542500
2024-06-14,15.240602493286133,15.429740834184072,15.061418102387014,15.409831035483524,1939600
2024-06-17,15.230647087097168,15.32023927956532,14.941961661006141,15.101236247904442,1676800
2024-06-18,15.399876594543457,15.559151181664424,15.091281369983015,15.141054915796174,1967900
2024-06-20,15.817972183227539,15.857790828303102,15.509376971878385,15.569105414167423,2289300
2024-06-21,15.64874267578125,15.798062357204465,15.47951319718087,15.758243712201516,5162700
2024-06-24,15.618878364562988,15.877700038130216,15.45960378062974,15.72838035303065,1892100
2024-06-25,15.549195289611816,15.628832578086417,15.429739356899917,15.529286442168848,1089300
2024-06-26,15.778154373168945,15.788108322951086,15.409830700038201,15.429740498305348,1524900
2024-06-27,15.698516845703125,16.02702091742177,15.698516845703125,15.917518927281275,1193600
2024-06-28,15.60892391204834,15.89760932346167,15.509376825622486,15.808017135548676,1029200
2024-07-01,15.469557762145996,15.778152962231067,15.469557762145996,15.698515674986794,647200
2024-07-02,15.519331932067871,15.688561411648385,15.280420060666456,15.429739742954494,2273900
2024-07-03,16.017065048217773,16.226112218147335,15.748288487991717,15.8179718273196,1008900
2024-07-05,16.494892120361328,16.69398633094883,16.206207603582865,16.255980206878185,1931000
2024-07-08,16.664119720458984,16.664119720458984,16.315705841201908,16.405298035830953,1012300
2024-07-09,16.624300003051758,16.83334716599483,16.564570614751457,16.674072594599348,1079700
2024-07-10,17.03244400024414,17.14194409855877,16.74375760763521,16.793532105690005,1224100
2024-07-11,17.440582275390625,17.540129355015292,16.803482105014325,17.42067247972517,1890200
2024-07-12,17.550081253051758,17.58990084188439,17.22157723999256,17.281306623241505,1849000
2024-07-15,17.48040199279785,17.73922367032061,17.370901901359527,17.709360872065993,1293500
2024-07-16,17.709360122680664,17.828815108049973,17.50031105023023,17.579948340044027,1866800
2024-07-17,17.191715240478516,17.798948808580317,17.181760342810932,17.76908601428016,1729100
2024-07-18,17.042396545410156,17.24148881401542,16.833347479866532,17.201671119775444,1755900
2024-07-19,16.96276092529297,17.032443321088188,16.51479995417672,16.574527450757927,1327900
2024-07-22,17.0722599029541,17.122034395769617,16.743755845182722,16.893075526223758,1930600
2024-07-23,17.062307357788086,17.141944658574495,16.89307785627909,17.09217205759662,961100
2024-07-24,17.062307357788086,17.56999586231508,17.052352457851907,17.201674058191568,1408600
2024-07-25,16.275888442993164,16.684029826628034,16.255978644107824,16.624302328674936,2206000
2024-07-26,16.435161590576172,16.59443617023883,16.295796808047037,16.52475377897426,1574700
2024-07-29,16.803483963012695,16.813438861946157,16.34557000429033,16.564572084718048,1020500
2024-07-30,16.644208908081055,16.88312077963788,16.47497942839046,16.88312077963788,1417100
2024-07-31,16.952804565429688,17.1021242433688,16.793529989134274,16.972712463439574,1643700
2024-08-01,17.291263580322266,18.117501160002323,16.97271252782039,17.66954022578307,4175800
2024-08-02,17.34103775024414,17.898498820077236,17.12203566177115,17.34103775024414,4548000
2024-08-05,16.86321258544922,17.241489234107895,15.668651349901126,16.275886866153392,3930100
2024-08-06,17.141942977905273,17.420674452681194,16.604391724976583,16.70393881587533,1941500
2024-08-07,16.584482192993164,17.420674732026676,16.56457239475359,17.400764933787098,1375100
2024-08-08,17.131988525390625,17.301218014717623,16.554617661575495,16.78357654621994,1906400
2024-08-09,17.301218032836914,17.410720025664027,17.07226104665557,17.331082730526916,1307800
2024-08-12,17.998044967651367,18.177229348205316,17.360946635639824,17.50031142109165,2446900
2024-08-13,18.406187057495117,18.59532634436256,17.918408390270976,17.918408390270976,2707600
2024-08-14,18.386274337768555,18.3962292353591,17.9980428252501,18.326546850927848,1296800
2024-08-15,18.356412887573242,18.446005073744637,17.94827154999365,18.36636778589259,1430200
2024-08-16,19.093061447143555,19.182653648200464,18.475870939718515,18.66501024180566,3157100
2024-08-19,19.49124526977539,19.590792357103908,19.003466630438695,19.063194123354698,3044600
2024-08-20,19.819747924804688,20.148251960625107,19.660473355843433,19.760020436119873,3062000
2024-08-21,19.76002311706543,19.859570210847945,19.59079362724602,19.799840815356703,1823200
2024-08-22,19.371788024902344,19.650519484496904,19.242378142874383,19.411607618574166,2088500
2024-08-23,19.53106689453125,19.809796489582993,19.38174529866443,19.65052189278115,1826400
2024-08-26,19.481290817260742,19.73015759192928,19.312061334538026,19.680384996476697,1234400
2024-08-27,19.401653289794922,19.421563087215393,19.083104125878567,19.272243403967448,1986000
2024-08-28,19.023378372192383,19.162743169476354,18.74464687892148,19.152788269855648,2754200
2024-08-29,19.083105087280273,19.3618365691009,19.01342269150084,19.043285490433234,1146700
2024-08-30,19.192607879638672,19.192607879638672,18.953695984709928,19.053241183569682,1441600
2024-09-03,18.366369247436523,18.973602903616833,18.177229961723217,18.814328315238107,2797300
2024-09-04,18.197139739990234,18.525643815498952,18.087637748586374,18.157320143587793,1995300
2024-09-05,18.286731719970703,18.545551498757323,18.207094426797244,18.50573380152201,2508800
2024-09-06,18.017955780029297,18.356414762649184,17.868636087391796,18.30664026596808,1714100
2024-09-09,18.077682495117188,18.20709428218547,17.988090303670784,18.027909899292663,919100
2024-09-10,18.615236282348633,18.645099081386594,18.077683115230688,18.11750271221849,1453900
2024-09-11,18.824283599853516,18.8541482977997,18.485824617941688,18.515689315887872,1867100
2024-09-12,19.99550437927246,20.135055556826654,19.138270665918725,19.23794763403648,6898700
2024-09-13,20.62347984313965,20.832803756813334,20.38425169841988,20.39421787421895,4357300
2024-09-16,20.61351203918457,20.733125162520782,20.34437965985362,20.703222832294887,2428900
2024-09-17,20.374284744262695,20.703223699032744,20.12508850879398,20.42412323086988,2078600
2024-09-18,20.135055541992188,21.07203196987959,20.085215156753733,20.434090248557734,2667800
2024-09-19,20.234731674194336,20.58360675158725,19.95563313325298,20.55370442289566,2345400
2024-09-20,20.753061294555664,20.763029371692376,20.32444348375862,20.51383314692352,6361500
2024-09-23,20.972354888916016,21.35113230860738,20.733124843492085,20.85273986620405,3222800
2024-09-24,20.8128662109375,21.09196664505407,20.7430915777124,21.072030492356564,2067800
2024-09-25,20.603544235229492,20.96238741242884,20.454026878468547,20.902578948751387,3431200
2024-09-26,20.374284744262695,20.693255621468026,20.244701637137783,20.613512902166693,3550800
2024-09-27,19.905792236328125,20.224764976797136,19.756274893080377,20.135054190605253,2799400
2024-09-30,19.875890731811523,19.935697291345008,19.556919879344605,19.85595457822828,2673400
2024-10-01,20.135055541992188,20.244700587084196,19.80611660428357,20.015440518636193,3575000
2024-10-02,20.075246810913086,20.264636469850835,19.836018668620483,20.06527873399886,2138100
2024-10-03,19.646629333496094,19.915761710967182,19.51704813390796,19.845987072633857,1884700
2024-10-04,19.527015686035156,19.905793098754543,19.477177203198693,19.60675839930325,2041500
2024-10-07,19.347593307495117,19.457240246670235,19.07846094836501,19.43730409387182,1695100
2024-10-08,19.437305450439453,19.447273527534353,19.078462279888278,19.14823691833627,1781400
2024-10-09,19.108366012573242,19.33762607612488,18.899040201474946,19.307723746836736,2548100
2024-10-10,19.497112274169922,19.507080351398965,18.958849412315928,19.18810948493492,2571100
2024-10-11,19.536985397338867,19.875892432385797,19.45724267739938,19.696470837217845,2344000
2024-10-14,19.576852798461914,19.796146670510456,19.437303535315476,19.437303535315476,1353200
2024-10-15,19.596792221069336,19.636664532174418,19.30772557042323,19.536985655628147,1991000
2024-10-16,19.905792236328125,20.17492459490377,19.67653218326717,19.885857984786952,2522200
2024-10-17,20.00547218322754,20.384251501282865,19.96560177676798,20.08521489736293,1515000
2024-10-18,20.922513961791992,21.05209705814016,20.25466803022841,20.274604183699857,3030900
2024-10-21,20.723159790039062,21.3810376975435,20.66335132483583,21.23151843575181,3002900
2024-10-22,21.31125831604004,21.36109869707041,21.00225555851628,21.072030190742662,2421600
2024-10-23,21.032161712646484,21.301294091201378,20.763029334091588,20.93248284267619,1513600
2024-10-24,21.022193908691406,21.201615496726085,20.553705685324676,21.131840857205116,2445100
2024-10-25,20.703222274780273,21.002256976284453,20.583607253448843,20.85273962553236,1583000
2024-10-28,20.434091567993164,20.753062449250137,20.38425308075292,20.653383573553228,2258600
2024-10-29,20.98232078552246,20.992288862383855,20.36431522984606,20.623479524593545,1648400
2024-10-30,20.892610549926758,21.032161728476726,20.513833125214127,21.00225749709824,1682100
2024-10-31,20.11511993408203,20.653382800758706,19.975570654057773,20.553705830007864,2228000
2024-11-01,20.045345306396484,20.533769687998088,20.045345306396484,20.27460538121056,2604700
2024-11-04,20.045345306396484,20.32444386661663,19.865923716988476,20.154990354533105,1693600
2024-11-05,20.105152130126953,20.304509876771938,19.865923974882794,20.125088285034725,1423300
2024-11-06,19.377498626708984,19.6366629240183,18.649844218364397,18.96881697743329,3968200
2024-11-07,19.676532745361328,19.766243534115954,18.510294392767417,19.00868681864146,4466400
2024-11-08,19.317691802978516,19.696471154709013,18.99872091807901,19.44727491322922,2409200
2024-11-11,18.121549606323242,18.689716689489103,17.732804107571084,18.430552389915565,5577000
2024-11-12,17.882322311401367,18.031839671785686,17.613189921979757,17.892290388922508,2826000
2024-11-13,17.712867736816406,18.201292098848114,17.663027352190962,17.942127802444627,3921900
2024-11-14,17.682964324951172,17.82251360593249,17.42380001654561,17.692932402337888,3779000
2024-11-15,17.48360824584961,17.88232182987694,17.373961297285966,17.682964087255105,2127700
2024-11-18,18.261098861694336,18.3109392468725,17.8922895174574,17.972032232526168,1721800
2024-11-19,18.729589462280273,18.76945987024106,18.251131258236413,18.470425156277948,1880300
2024-11-20,18.649845123291016,18.73955591906704,18.550168151287764,18.649845123291016,1243800
2024-11-21,18.799362182617188,18.928943371779305,18.600004459519614,18.80933025889368,1773000
2024-11-22,18.8093318939209,18.95884924863301,18.70965302370739,18.93891309434704,2050200
2024-11-25,18.241161346435547,18.37074443701276,18.02186937166446,18.0717078519073,3318400
2024-11-26,18.320905685424805,18.330873762603385,18.081677536787826,18.330873762603385,2147100
2024-11-27,18.390682220458984,18.580069983149347,18.310939504269275,18.51029534413539,1748000
2024-11-29,18.759492874145508,18.86913982948575,18.590039352808972,18.590039352808972,1166100
2024-12-02,18.470422744750977,18.729587016916412,18.400646212801128,18.689714712945072,1910600
2024-12-03,19.29775619506836,19.70643785033358,18.71962103143344,18.71962103143344,2646100
2024-12-04,19.497112274169922,19.666565784630986,19.15820525324779,19.178141407705876,1580600
2024-12-05,19.422256469726562,19.711694929275197,19.21266467790114,19.53204373419664,1263800
2024-12-06,19.023033142089844,19.422256972799875,18.88330527725368,19.422256972799875,1445700
2024-12-09,19.50210189819336,20.00113211785666,19.44221690120633,19.482140232531016,2324000
2024-12-10,19.482141494750977,19.98117174674573,19.462179827795346,19.711694953792723,1544500
2024-12-11,20.340473175048828,20.4103390126269,19.552006330304867,19.611889430293786,1820100
2024-12-12,19.512083053588867,20.110919766238403,19.512083053588867,19.91130879778818,1850200
2024-12-13,19.07293701171875,19.43223750190063,18.963149746126017,19.31247130638979,2234800
2024-12-16,19.062955856323242,19.15278145326458,18.793479065499227,19.142800619865618,3354800
2024-12-17,19.03301239013672,19.14279964830391,18.743575850853983,18.76353561298956,2954200
2024-12-18,18.024972915649414,19.02303346098005,17.915187550144648,18.89328642769281,4170800
2024-12-19,18.07487678527832,18.454138948606992,17.945127850493947,18.23456631759033,3090000
2024-12-20,18.294448852539062,18.51402147678945,18.03495289461625,18.12477849172989,5239600
2024-12-23,18.314411163330078,18.39425592983304,18.074876863821192,18.184662227981892,2557900
2024-12-24,18.284467697143555,18.35433162619072,18.164701505533923,18.34435079294837,1758400
2024-12-26,18.394254684448242,18.593865635366274,18.304429090257887,18.454137779358724,1978500
2024-12-27,18.314411163330078,18.334372830868165,17.985051263549185,18.14474079655511,2292200
2024-12-30,18.03495216369629,18.20462251762907,17.765475383276716,18.08485632876431,1581800
2024-12-31,18.404237747192383,18.484082517962545,17.95510972182929,17.975071390434206,1775600
2025-01-02,19.222646713256836,19.222646713256836,18.68369309432326,18.68369309432326,2878900
2025-01-03,19.13282012939453,19.352392757159254,19.082917865154617,19.222645727945864,1436100
2025-01-06,18.653751373291016,19.262566986918838,18.64377053980212,19.112858291884105,1515900
2025-01-07,18.693674087524414,19.262568309919043,18.613829317778666,19.00307423598247,2182000
2025-01-08,19.292509078979492,19.31247074553471,18.73359574097852,18.93320669558279,1576100
2025-01-10,19.47216033935547,19.891345820246976,19.38233474318948,19.771577724142556,2247800
2025-01-13,19.122838973999023,19.282528501258568,18.92322611309993,19.232626237858458,1995200
2025-01-14,19.512083053588867,19.801521527768426,19.06295694683879,19.182723147179036,2163000
2025-01-15,19.36237335205078,19.831463006180524,19.21266465752719,19.831463006180524,1949700
2025-01-16,19.422256469726562,19.751618263136802,19.392315872979694,19.62186933173592,1964400
2025-01-17,19.50210189819336,19.561984991531176,19.03301227337436,19.262565717543666,1128700
2025-01-21,19.87138557434082,20.070998447569888,19.741638539296538,19.751619373322935,2141300
2025-01-22,20.140859603881836,20.450257801424108,19.731654983492295,20.15084043653148,2246300
2025-01-23,20.080978393554688,20.10093815707536,19.64183123406082,19.961210294183868,2004600
2025-01-24,20.560047149658203,20.58998774700551,20.24066808695778,20.39037678464243,1461600
2025-01-27,20.10093879699707,20.260628332142375,19.701714959133806,20.250649401889035,1978100
2025-01-28,20.440279006958008,20.520123772467635,20.120899944919504,20.260627808649005,1377200
2025-01-29,20.490184783935547,20.72971909927107,20.190765462029006,20.450261446221532,1283400
2025-01-30,21.168861389160156,21.328552813712463,20.689792826450983,20.839501514341443,2736100
2025-01-31,20.889406204223633,21.40839811202219,20.859463704433573,21.328553349564665,1812600
2025-02-03,21.338533401489258,21.79764223750405,20.939309568204266,21.12894160288316,3081200
2025-02-04,21.448320388793945,21.707816352945237,21.238728592931,21.54812682172127,1727900
2025-02-05,22.28668975830078,22.576128202369905,21.77767870068384,21.787659533615454,2733100
2025-02-06,22.206846237182617,22.336593265232356,22.067118375644537,22.306652668416675,1969800
2025-02-07,22.136981964111328,22.416437682866288,21.917407438061794,22.36653541984556,2358800
2025-02-10,22.76576042175293,23.01527555716256,22.38649825353603,22.9653732915404,3025000
2025-02-11,22.436399459838867,22.82564434718156,22.366535529806654,22.675933750084734,2620100
2025-02-12,22.815664291381836,23.005294421175133,22.226808427256717,22.226808427256717,3042200
2025-02-13,23.035236358642578,23.035236358642578,22.596089203813705,22.855585163319432,2157400
2025-02-14,22.25674819946289,23.274770357690343,22.107039506464574,23.184944761161493,4649500
2025-02-18,22.655975341796875,22.785722376237107,22.21682816492709,22.665954272127372,3299000
2025-02-19,22.63601303100586,22.75577922806497,22.39647873323826,22.52622576399386,2238500
2025-02-20,23.224868774414062,24.222929295150557,22.775740778622893,22.81566411320405,4106800
2025-02-21,22.645994186401367,23.125062788742,22.586109183371732,23.085139453388912,3118300
2025-02-24,23.125062942504883,23.35461641136327,22.316634432723497,22.825645539963457,3263400
2025-02-25,23.08513832092285,23.155004154363414,22.516244145594882,22.955391294689,3271300
2025-02-26,23.5242862701416,23.78378223508477,22.85558564223211,22.93543040808775,2764200
2025-02-27,22.586109161376953,23.374577900987983,22.5561685635407,23.125062766222378,2980300
2025-02-28,22.815664291381836,22.815664291381836,21.997254962570484,22.276710692223503,2462500
2025-03-03,23.005294799804688,23.48436530815772,22.76576049745288,23.29473327159401,3288900
2025-03-04,23.08513832092285,23.763819759436675,22.72583783861795,23.504323803319664,2499100
2025-03-05,24.302772521972656,24.322734187999394,23.005292784973427,23.135041710497976,4393800
2025-03-06,23.843664169311523,24.36265607385622,23.723897978200768,24.05325785922927,5199300
2025-03-07,23.72389793395996,24.54230721840464,23.624091505787597,23.863625791211703,5155500
2025-03-10,23.005294799804688,23.68397627495952,22.73581989943979,23.564210075608326,4361800
2025-03-11,23.903549194335938,24.103160147619235,23.28475086076435,23.394538122442203,3647200
2025-03-12,24.472444534301758,24.612172398659226,23.733879974106113,23.733879974106113,3653900
2025-03-13,24.84709930419922,25.286692758265477,24.547374415780673,24.687244887020643,4323600
2025-03-14,25.126840591430664,25.336648206761524,24.847099645112554,25.336648206761524,3472200
2025-03-17,25.806215286254883,25.87615052434786,25.236740455392287,25.276702631905852,3935500
2025-03-18,25.816205978393555,26.325736585208304,25.716297679992024,26.15589304960339,4747000
2025-03-19,26.105937957763672,26.30575455464448,25.436554835482948,25.88614122566862,3058000
2025-03-20,26.065975189208984,26.295762936483754,25.64636186977181,25.876149617046575,3321900
2025-03-21,26.08595848083496,26.08595848083496,25.306676020045177,25.74627140092088,6416900
2025-03-24,25.6463623046875,26.295763382412108,25.486509790342744,26.095948692277307,3270600
2025-03-25,26.175874710083008,26.47559769534052,25.926104920504326,25.976058116183154,3002100
2025-03-26,25.806215286254883,26.315745899550972,25.756262089214847,26.225828620405057,2268900
2025-03-27,26.68540382385254,26.695394844263987,26.01602260661614,26.01602260661614,2822800
2025-03-28,26.545534133911133,27.224908297232254,26.355708551667323,26.945165434219923,3773700
2025-03-31,26.715375900268555,26.935172624441094,25.866158252523384,26.73535794035485,4452800
2025-04-01,26.73535919189453,26.885220688372613,26.375690075873287,26.69539510985114,2703100
2025-04-02,26.48558807373047,26.825275131772724,26.22582727019273,26.645440582739504,3546400
2025-04-03,26.845258712768555,27.294843205566437,24.62730168816663,24.937015703950813,5398200
2025-04-04,24.497421264648438,26.235818760476263,24.26763351702808,25.806214420216833,6651500
2025-04-07,24.50741195678711,25.586417350291747,23.468368737920006,23.648203287769483,4811800
2025-04-08,24.477439880371094,25.836188173315925,24.327578384670957,25.57642735815928,3571800
2025-04-09,26.515562057495117,27.065054838157447,25.61638928100434,25.786232815942345,6046900
2025-04-10,27.944244384765625,28.4437839820266,26.755341515310988,26.895211992754515,5584900
2025-04-11,29.193092346191406,29.962383756127583,28.93333153612495,29.13314813020446,6019100
2025-04-14,29.35294532775879,29.512799748929403,28.413812275134248,28.613626966810994,3484300
2025-04-15,29.60271453857422,29.98236568479037,29.30299155416548,29.812522152134147,2781000
2025-04-16,30.30207061767578,30.97145372604298,29.78254900105808,30.74166597832093,3470000
2025-04-17,29.55276107788086,30.252117242682772,29.40289958702109,30.10225384623076,3122800
2025-04-21,29.722604751586914,30.821592199150594,29.09318572471978,30.701701862532342,3926600
2025-04-22,28.823434829711914,29.822514013372,28.54369197227386,29.67265251694145,5536100
2025-04-23,27.834346771240234,28.004190309324898,26.905202822047215,27.17495465999209,6170800
2025-04-24,28.233978271484375,28.34387759269322,27.794382892241313,28.283931468983486,2117500
2025-04-25,27.93425178527832,28.084115180460056,27.2848507266623,27.434712216251807,2256100
2025-04-28,28.40382194519043,28.413812965855985,27.60455744227693,27.87430928346995,2822300
2025-04-29,28.104095458984375,28.43379150000764,27.864316693294022,28.154050559498344,2453500
2025-04-30,28.493738174438477,28.52370932973715,27.864317234874452,27.864317234874452,3552000
2025-05-01,25.70630645751953,25.976058289405504,23.818047445502277,25.29668415232629,12638600
2025-05-02,24.697237014770508,26.335728190398754,24.63729279663543,25.99604111164609,5293600
2025-05-05,25.67633628845215,25.686325403564425,25.066897364616242,25.58641900770284,5632200
2025-05-06,27.214916229248047,27.264871330859506,26.105937746173264,26.305754341434547,6108500
2025-05-07,27.115007400512695,27.174953521272275,26.39567110172791,26.635449867989504,3212500
2025-05-08,26.58549690246582,27.03508137849056,26.38568030939332,26.93517308195431,3321400
2025-05-09,27.02509117126465,27.124999470806408,26.425645185198725,27.065055253318278,3655000
2025-05-12,24.857088088989258,25.81620505137438,24.697235579523774,25.81620505137438,4821000
2025-05-13,24.7471923828125,24.92702694473532,24.397514279695052,24.857089799637947,3777200
2025-05-14,23.788074493408203,24.26763394304211,23.72813027680107,24.08779938762843,5024600
2025-05-15,24.517404556274414,24.537384692084203,23.76809515402533,24.12776237130209,4083700
2025-05-16,24.477439880371094,24.49742192128906,23.798065733898678,23.877991991978238,3065400
2025-05-19,25.05690574645996,25.146823025065302,24.827117992509564,24.94700642692181,2441400
2025-05-20,25.506492614746094,25.596409895026852,24.95699791240898,25.026933151384604,3102000
2025-05-21,26.075965881347656,26.265791451122045,25.576426312377748,25.576426312377748,4331000
2025-05-22,25.656352996826172,26.105937473072416,25.526471639587378,25.97605802142588,3572900
2025-05-23,26.215837478637695,26.46560727386739,25.94608564244747,26.305754757367772,3043100
2025-05-27,25.70630645751953,26.355707533636213,25.676335302149276,25.94608522844297,3024600
2025-05-28,25.69631576538086,26.06597589960414,25.556445290287225,25.876150322268277,2118400
2025-05-29,25.6463623046875,25.906123116895802,25.41657455351595,25.76625264324221,1961300
2025-05-30,25.866159439086914,26.115929234846632,25.476519167491293,25.666344745834525,6032700
2025-06-02,27.32481575012207,27.494659285677777,26.355707733177976,26.46560705194705,6735000
2025-06-03,26.88521957397461,27.055063104434335,26.58549659344203,26.92518365436148,4060800
2025-06-04,27.07504653930664,27.18494395484705,26.775321637742515,27.09502858052938,3032000
2025-06-05,26.97513771057129,27.934252803373965,26.82527621551991,27.67449389493413,4052700
2025-06-06,26.63545036315918,27.194934161504058,26.365698531502936,26.935173350160152,5252600
2025-06-09,27.18494415283203,27.194935173516168,26.56551611515448,26.725368634915935,2468200
2025-06-10,26.78531265258789,27.384760549994766,26.335728158726987,27.27486122888568,3542800
2025-06-11,27.124998092651367,27.254879447134392,26.76533090040409,26.805293074835024,2161500
2025-06-12,27.5,27.969999313354492,27.43000030517578,27.639999389648438,3086300
2025-06-13,27.530000686645508,27.920000076293945,27.43000030517578,27.889999389648438,3728200
2025-06-16,26.8700008392334,27.459999084472656,26.610000610351562,27.1299991607666,4879700
2025-06-17,26.829999923706055,27.059999465942383,26.520000457763672,26.8700008392334,3310900
2025-06-18,26.700000762939453,26.940000534057617,26.610000610351562,26.790000915527344,2503900
2025-06-20,26.450000762939453,27.09000015258789,26.40999984741211,26.469999313354492,5842700
2025-06-23,26.739999771118164,27.200000762939453,26.479999542236328,26.520000457763672,1903100
2025-06-24,25.850000381469727,26.059999465942383,25.079999923706055,25.979999542236328,3909900
2025-06-25,26.110000610351562,26.15999984741211,25.670000076293945,25.729999542236328,3017600
2025-06-26,26.139999389648438,26.440000534057617,25.93000030517578,26.229999542236328,5343700
2025-06-27,25.59000015258789,25.690000534057617,25.15999984741211,25.450000762939453,3609300
2025-06-30,26.559999465942383,26.6200008392334,25.549999237060547,25.649999618530273,3507400
2025-07-01,26.579999923706055,27.15999984741211,26.440000534057617,26.850000381469727,1985600
2025-07-02,26.969999313354492,27.100000381469727,26.510000228881836,26.700000762939453,2548300
2025-07-03,26.989999771118164,27.200000762939453,26.68000030517578,26.780000686645508,1661600
2025-07-07,27.719999313354492,27.799999237060547,26.309999465942383,26.8799991607666,3385600
2025-07-08,26.100000381469727,27.639999389648438,25.829999923706055,27.5,4152000
2025-07-09,26.450000762939453,26.610000610351562,25.920000076293945,26.219999313354492,2658000
2025-07-10,26.110000610351562,26.579999923706055,25.850000381469727,26.530000686645508,3815500
2025-07-11,26.6200008392334,26.780000686645508,26.170000076293945,26.5,3268600
2025-07-14,26.540000915527344,27.110000610351562,26.479999542236328,26.649999618530273,2879700
2025-07-15,26.309999465942383,26.739999771118164,25.6299991607666,26.65999984741211,3559100
2025-07-16,25.950000762939453,26.489999771118164,25.6200008392334,26.34000015258789,3832600
2025-07-17,25.3799991607666,25.6299991607666,25.18000030517578,25.600000381469727,3701000
2025-07-18,24.889999389648438,25.56999969482422,24.729999542236328,25.459999084472656,4113900
2025-07-21,25.719999313354492,26.110000610351562,25.360000610351562,25.459999084472656,3783200
2025-07-22,26.3799991607666,26.59000015258789,25.860000610351562,25.940000534057617,3785500
2025-07-23,26.219999313354492,26.540000915527344,25.989999771118164,26.239999771118164,3073100
2025-07-24,25.719999313354492,26.1299991607666,25.600000381469727,25.8799991607666,2739300
2025-07-25,25.8700008392334,25.940000534057617,25.40999984741211,25.639999389648438,3269900
2025-07-28,25.329999923706055,25.6299991607666,25.1200008392334,25.56999969482422,2242000
2025-07-29,25.68000030517578,25.899999618530273,25.25,25.350000381469727,2762200
2025-07-30,25.3700008392334,26.190000534057617,25.360000610351562,25.579999923706055,5515500
2025-07-31,24.299999237060547,26.049999237060547,23.920000076293945,25.649999618530273,7076900
2025-08-01,24.8700008392334,25.1200008392334,24.549999237060547,24.950000762939453,4965700
2025-08-04,25.579999923706055,25.889999389648438,25.100000381469727,25.100000381469727,2844900
2025-08-05,26.229999542236328,26.389999389648438,25.209999084472656,25.31999969482422,3651900
2025-08-06,26.40999984741211,26.549999237060547,26.110000610351562,26.1200008392334,3626300
2025-08-07,26.3799991607666,26.68000030517578,26.1299991607666,26.579999923706055,2827700
2025-08-08,26.18000030517578,26.739999771118164,25.899999618530273,26.610000610351562,4486200
2025-08-11,26.1200008392334,26.18000030517578,25.309999465942383,25.389999389648438,2791600
2025-08-12,25.950000762939453,26.200000762939453,25.610000610351562,26.100000381469727,2074900
2025-08-13,25.6299991607666,26.18000030517578,25.520000457763672,26.18000030517578,2789800
2025-08-14,25.399999618530273,25.860000610351562,25.399999618530273,25.59000015258789,1754000
2025-08-15,25.989999771118164,26.149999618530273,25.360000610351562,25.75,3694700
2025-08-18,26.139999389648438,26.15999984741211,25.809999465942383,26.010000228881836,1843300
2025-08-19,25.760000228881836,26.469999313354492,25.690000534057617,26.139999389648438,3125600
2025-08-20,26.510000228881836,26.510000228881836,25.760000228881836,25.93000030517578,3539300
2025-08-21,27.780000686645508,27.799999237060547,26.5,26.5,4113100
2025-08-22,28.399999618530273,28.799999237060547,27.479999542236328,27.610000610351562,3519200
2025-08-25,28.389999389648438,28.829999923706055,28.290000915527344,28.510000228881836,2349700
2025-08-26,29.299999237060547,29.440000534057617,28.440000534057617,28.549999237060547,3112900
2025-08-27,29.719999313354492,29.860000610351562,28.829999923706055,29.059999465942383,3181500
2025-08-28,29.649999618530273,29.969999313354492,29.540000915527344,29.93000030517578,1835000
2025-08-29,30.450000762939453,30.579999923706055,29.559999465942383,29.600000381469727,2989200
2025-09-02,31.989999771118164,32.0,30.200000762939453,31.1299991607666,6541700
2025-09-03,32.09000015258789,32.4900016784668,31.799999237060547,32.400001525878906,4031800
2025-09-04,31.549999237060547,32.130001068115234,31.350000381469727,31.5,4373800
2025-09-05,32.189998626708984,32.5,31.559999465942383,32.20000076293945,2934100
2025-09-08,32.7599983215332,33.099998474121094,32.459999084472656,32.709999084472656,3592800
2025-09-09,32.52000045776367,33.09000015258789,32.33000183105469,33.029998779296875,2981600
2025-09-10,33.119998931884766,33.27000045776367,32.63999938964844,32.63999938964844,2970000
2025-09-11,32.900001525878906,33.209999084472656,32.66999816894531,32.9900016784668,2778400
2025-09-12,32.959999084472656,33.150001525878906,32.56999969482422,33.040000915527344,2391300
2025-09-15,33.43000030517578,34.0099983215332,33.16999816894531,33.29999923706055,4016100
2025-09-16,31.610000610351562,33.470001220703125,31.469999313354492,33.41999816894531,5619700
2025-09-17,31.3700008392334,31.979999542236328,31.209999084472656,31.40999984741211,4661600
2025-09-18,31.139999389648438,31.25,30.809999465942383,31.110000610351562,3094300
2025-09-19,32.34000015258789,32.400001525878906,31.149999618530273,31.229999542236328,17367500
2025-09-22,33.29999923706055,33.459999084472656,32.29999923706055,33.25,5295900
2025-09-23,33.790000915527344,34.400001525878906,33.38999938964844,33.54999923706055,5443000
2025-09-24,33.349998474121094,34.38999938964844,33.209999084472656,33.720001220703125,3211100
2025-09-25,33.310001373291016,33.88999938964844,33.02000045776367,33.459999084472656,2646300
2025-09-26,34.18000030517578,34.18000030517578,33.20000076293945,33.400001525878906,2871800
2025-09-29,34.63999938964844,35.130001068115234,34.38999938964844,35.0,3602900
2025-09-30,34.86000061035156,35.09000015258789,34.04999923706055,34.22999954223633,3804500
2025-10-01,35.09000015258789,35.61000061035156,34.7599983215332,35.08000183105469,3458600
2025-10-02,34.40999984741211,35.400001525878906,33.310001373291016,35.34000015258789,3459400
2025-10-03,34.0099983215332,34.70000076293945,33.63999938964844,34.61000061035156,3425800
2025-10-06,34.7400016784668,35.43000030517578,34.40999984741211,34.709999084472656,3772000
2025-10-07,33.529998779296875,34.779998779296875,33.130001068115234,34.709999084472656,4374600
2025-10-08,34.25,34.5,33.529998779296875,34.470001220703125,3127200
2025-10-09,32.7599983215332,34.38999938964844,32.40999984741211,34.31999969482422,4154500
2025-10-10,33.04999923706055,33.29999923706055,32.58000183105469,32.93000030517578,2893800
2025-10-13,34.7400016784668,34.970001220703125,33.869998931884766,33.869998931884766,2779900
2025-10-14,34.060001373291016,34.540000915527344,33.77000045776367,34.25,3268000
2025-10-15,36.029998779296875,36.13999938964844,34.060001373291016,34.459999084472656,3791500
2025-10-16,37.470001220703125,37.540000915527344,36.16999816894531,36.52000045776367,4981900
2025-10-17,34.52000045776367,36.529998779296875,34.06999969482422,36.380001068115234,5723000
2025-10-20,35.220001220703125,35.560001373291016,34.70000076293945,35.25,3269400
2025-10-21,31.729999542236328,33.11000061035156,31.350000381469727,32.54999923706055,6612400
2025-10-22,31.850000381469727,31.90999984741211,30.719999313354492,30.770000457763672,4223100
2025-10-23,31.860000610351562,32.630001068115234,31.81999969482422,32.459999084472656,3015200
2025-10-24,31.549999237060547,31.940000534057617,30.920000076293945,31.059999465942383,3308500
2025-10-27,30.540000915527344,31.200000762939453,29.479999542236328,30.65999984741211,5547300
2025-10-28,31.540000915527344,31.920000076293945,29.969999313354492,30.079999923706055,5928300
2025-10-29,31.8700008392334,32.72999954223633,31.739999771118164,32.209999084472656,5426100
2025-10-30,31.040000915527344,31.260000228881836,29.280000686645508,29.790000915527344,10765700
2025-10-31,30.790000915527344,31.350000381469727,30.350000381469727,31.09000015258789,3442200
2025-11-03,31.280000686645508,31.440000534057617,30.690000534057617,30.829999923706055,2614300
2025-11-04,30.010000228881836,30.770000457763672,29.989999771118164,30.43000030517578,2937400
2025-11-05,30.989999771118164,31.110000610351562,30.350000381469727,30.540000915527344,2475800
2025-11-06,30.440000534057617,31.6200008392334,30.209999084472656,31.260000228881836,4018600
2025-11-07,30.989999771118164,31.049999237060547,30.290000915527344,30.649999618530273,2444200
2025-11-10,32.5099983215332,32.70000076293945,31.670000076293945,32.150001525878906,3136100
2025-11-11,32.66999816894531,32.900001525878906,32.130001068115234,32.79999923706055,2222800
2025-11-12,33.65999984741211,34.16999816894531,32.470001220703125,32.880001068115234,2847400
2025-11-13,33.459999084472656,34.369998931884766,32.88999938964844,34.08000183105469,3885700
2025-11-14,33.349998474121094,33.56999969482422,31.719999313354492,31.93000030517578,3178600
2025-11-17,33.06999969482422,33.720001220703125,32.61000061035156,33.349998474121094,2236100
2025-11-18,33.81999969482422,34.22999954223633,32.91999816894531,33.150001525878906,2812700
2025-11-19,33.88999938964844,35.06999969482422,33.5099983215332,34.34000015258789,2440900
2025-11-20,32.27000045776367,34.400001525878906,32.2400016784668,34.0,3300800
2025-11-21,32.630001068115234,33.18000030517578,31.979999542236328,32.27000045776367,2537800
2025-11-24,34.38999938964844,34.47999954223633,32.40999984741211,32.79999923706055,3035900
2025-11-25,34.61000061035156,34.959999084472656,34.18000030517578,34.2400016784668,2608600
2025-11-26,36.77000045776367,36.880001068115234,34.97999954223633,35.09000015258789,3147800
2025-11-28,37.5,37.66999816894531,36.849998474121094,37.0,1807300
2025-12-01,37.0099983215332,38.0,36.83000183105469,37.81999969482422,2702100
2025-12-02,36.18000030517578,36.86000061035156,35.2599983215332,36.709999084472656,2489300
2025-12-03,35.810001373291016,36.75,35.630001068115234,36.630001068115234,1613200
2025-12-04,36.09000015258789,36.29999923706055,35.439998626708984,35.47999954223633,1529400
2025-12-05,36.08000183105469,37.13999938964844,35.810001373291016,36.63999938964844,1689600
2025-12-08,35.459999084472656,36.369998931884766,35.45000076293945,36.20000076293945,2103500
2025-12-09,36.58000183105469,36.689998626708984,35.61000061035156,35.66999816894531,1495700
2025-12-10,37.189998626708984,37.43000030517578,35.83000183105469,36.599998474121094,2276200
2025-12-11,38.45000076293945,38.970001220703125,37.13999938964844,37.20000076293945,2621900
2025-12-12,38.4900016784668,39.439998626708984,37.939998626708984,39.099998474121094,2577200
2025-12-15,37.52000045776367,38.849998474121094,37.029998779296875,38.540000915527344,2755900
2025-12-16,37.33000183105469,38.13999938964844,36.900001525878906,37.70000076293945,2650600
2025-12-17,37.63999938964844,38.0,36.86000061035156,37.95000076293945,2018900
2025-12-18,37.70000076293945,38.310001373291016,37.20000076293945,37.5,1906500
2025-12-19,38.47999954223633,38.709999084472656,37.790000915527344,37.790000915527344,8171600
2025-12-22,40.4900016784668,40.81999969482422,39.400001525878906,39.63999938964844,3401000
2025-12-23,40.650001525878906,40.810001373291016,39.970001220703125,40.77000045776367,1776100
2025-12-24,40.349998474121094,40.65999984741211,39.63999938964844,40.650001525878906,712100
2025-12-26,40.77000045776367,40.97999954223633,40.099998474121094,40.790000915527344,1049500
2025-12-29,38.880001068115234,39.70000076293945,38.369998931884766,39.06999969482422,2753500
2025-12-30,39.11000061035156,39.810001373291016,38.90999984741211,39.720001220703125,1571300
2025-12-31,38.58000183105469,39.5099983215332,38.47999954223633,38.790000915527344,1173400
2026-01-02,38.40999984741211,39.189998626708984,37.209999084472656,39.16999816894531,1834000
2026-01-05,39.279998779296875,40.560001373291016,38.959999084472656,39.150001525878906,2360000
2026-01-06,40.599998474121094,40.83000183105469,39.650001525878906,39.72999954223633,2289100
2026-01-07,41.13999938964844,41.16999816894531,39.290000915527344,39.4900016784668,2322300
2026-01-08,41.619998931884766,41.7400016784668,40.33000183105469,40.59000015258789,1932100
2026-01-09,41.810001373291016,42.88999938964844,41.709999084472656,41.91999816894531,2200300
2026-01-12,42.560001373291016,43.4900016784668,42.43000030517578,42.86000061035156,2504800
2026-01-13,42.77000045776367,43.869998931884766,42.689998626708984,42.97999954223633,2059300
2026-01-14,42.9900016784668,43.5099983215332,42.20000076293945,43.45000076293945,2114300
2026-01-15,40.29999923706055,40.77000045776367,38.40999984741211,39.61000061035156,6464400
2026-01-16,38.900001525878906,40.36000061035156,38.86000061035156,40.04999923706055,3856800
2026-01-20,40.84000015258789,41.150001525878906,40.2400016784668,40.33000183105469,4401400
2026-01-21,40.15999984741211,42.060001373291016,40.04999923706055,41.939998626708984,4037300
2026-01-22,42.18000030517578,42.70000076293945,40.09000015258789,40.189998626708984,3050100
2026-01-23,43.41999816894531,43.95000076293945,42.58000183105469,42.790000915527344,3552700
2026-01-26,42.63999938964844,45.18000030517578,42.58000183105469,44.38999938964844,5631100
2026-01-27,43.63999938964844,43.650001525878906,41.459999084472656,42.66999816894531,3590300
2026-01-28,44.43000030517578,45.0,43.189998626708984,44.5,3611700
2026-01-29,42.119998931884766,44.959999084472656,41.209999084472656,44.900001525878906,5655200
2026-01-30,36.900001525878906,39.59000015258789,36.15999984741211,38.88999938964844,10386700
2026-02-02,36.83000183105469,38.029998779296875,36.20000076293945,36.31999969482422,4412700
2026-02-03,38.290000915527344,38.77000045776367,37.2400016784668,38.68000030517578,6072700
2026-02-04,40.47999954223633,41.029998779296875,38.93000030517578,39.31999969482422,11397600
2026-02-05,37.66999816894531,40.31999969482422,37.560001373291016,39.2400016784668,6348000
2026-02-06,40.16999816894531,40.220001220703125,38.869998931884766,39.13999938964844,3299600
2026-02-09,43.849998474121094,44.0099983215332,40.72999954223633,40.849998474121094,5035900
2026-02-10,45.18000030517578,45.5099983215332,43.5,43.779998779296875,4040500
2026-02-11,46.25,46.65999984741211,44.59000015258789,46.45000076293945,3935100
2026-02-12,42.189998626708984,46.61000061035156,42.0,45.970001220703125,5921900
2026-02-13,45.25,45.400001525878906,43.130001068115234,43.58000183105469,4850200
2026-02-17,43.310001373291016,43.86000061035156,41.5,43.33000183105469,4869700
2026-02-18,43.7400016784668,44.38999938964844,43.36000061035156,44.29999923706055,3238700
2026-02-19,45.86000061035156,46.16999816894531,42.849998474121094,43.650001525878906,4248700
2026-02-20,47.84000015258789,48.06999969482422,45.02000045776367,45.91999816894531,4521700
2026-02-23,49.70000076293945,49.83000183105469,48.0,48.0,4099700
2026-02-24,50.560001373291016,50.86000061035156,48.0099983215332,48.47999954223633,3040000
2026-02-25,50.02000045776367,51.0,49.869998931884766,50.91999816894531,2496000
2026-02-26,52.45000076293945,52.47999954223633,49.31999969482422,49.79999923706055,3145900
2026-02-27,54.189998626708984,54.369998931884766,52.66999816894531,52.939998626708984,4105700
