Price,Close,High,Low,Open,Volume
Ticker,FT,FT,FT,FT,FT
Date,,,,,
2000-01-03,1.0270673036575317,1.0455730208405505,1.0085615864745132,1.0178144450660225,95900
2000-01-04,1.008561611175537,1.0363201876299097,0.999308752357413,1.0178144699936613,63000
2000-01-05,1.0455728769302368,1.0548257342482035,1.00856144765837,1.00856144765837,87300
2000-01-06,1.0825848579406738,1.0825848579406738,1.04557340980595,1.04557340980595,95000
2000-01-07,1.0825848579406738,1.091837719974355,1.064079133873312,1.0825848579406738,48700
2000-01-10,1.1103425025939941,1.1103425025939941,1.0825839400291444,1.0825839400291444,62100
2000-01-11,1.073331356048584,1.1103427821192249,1.073331356048584,1.1010899256015645,69100
2000-01-12,1.045986533164978,1.0646648641143526,1.0366473676902908,1.045986533164978,55400
2000-01-13,1.0273079872131348,1.055325477773493,1.0273079872131348,1.055325477773493,65100
2000-01-14,1.0179688930511475,1.0459863855204452,1.0179688930511475,1.0366472213640125,108800
2000-01-18,1.0179688930511475,1.0179688930511475,1.008629728894715,1.0179688930511475,53500
2000-01-19,0.999290406703949,1.0179687320629014,0.9992904067039491,1.0179687320629014,59100
2000-01-20,1.0086296796798706,1.01796884338061,0.999290515979131,0.999290515979131,39700
2000-01-21,1.0273079872131348,1.0273079872131348,0.9992904966527766,1.008629660172896,52500
2000-01-24,1.0273079872131348,1.0273079872131348,1.008629660172896,1.0179688236930153,58500
2000-01-25,1.0179688930511475,1.0273080572075801,1.008629728894715,1.0179688930511475,71100
2000-01-26,1.045986533164978,1.045986533164978,1.017969036740916,1.0273082022156033,52500
2000-01-27,1.0740031003952026,1.0833422577899434,1.036646470816239,1.036646470816239,48100
2000-01-28,1.0646649599075317,1.0833432925374884,1.0553257935925533,1.07400412622251,45000
2000-01-31,1.0740031003952026,1.0833422577899434,1.0553247856057208,1.0646639430004616,38900
2000-02-01,1.0646649599075317,1.0833432925374884,1.0646649599075317,1.07400412622251,48600
2000-02-02,1.0553255081176758,1.07400383569498,1.0553255081176758,1.064664671906328,46200
2000-02-03,1.0740031003952026,1.0833422577899434,1.0646639430004616,1.0740031003952026,53500
2000-02-04,1.0646649599075317,1.0833432925374884,1.0553257935925533,1.07400412622251,44700
2000-02-07,1.0553255081176758,1.07400383569498,1.0459863443290238,1.0553255081176758,70000
2000-02-08,1.0553255081176758,1.07400383569498,1.0459863443290238,1.064664671906328,80500
2000-02-09,1.0366475582122803,1.0553258925944835,1.0273083910211787,1.0553258925944835,55800
2000-02-10,1.0273079872131348,1.055325477773493,1.0273079872131348,1.0273079872131348,95100
2000-02-11,1.0468491315841675,1.0468491315841675,1.0279869850691374,1.0279869850691374,40200
2000-02-14,1.0374183654785156,1.0468494415283205,1.0374183654785156,1.0468494415283205,32700
2000-02-15,1.018556833267212,1.0374189968462344,1.018556833267212,1.0374189968462344,54900
2000-02-16,1.0374183654785156,1.0562805175781251,1.027987289428711,1.0468494415283205,85500
2000-02-17,1.018556833267212,1.0374189968462344,0.9996946696881894,1.0374189968462344,126100
2000-02-18,0.9996935725212097,1.0185557153989684,0.9902625010823304,1.0185557153989684,71700
2000-02-22,0.9902628660202026,0.9996939409346808,0.9808317911057246,0.9996939409346808,94300
2000-02-23,0.9996935725212097,1.009124643960089,0.980831429643451,0.980831429643451,45500
2000-02-24,0.9996935725212097,1.009124643960089,0.9902625010823304,0.9996935725212097,30800
2000-02-25,0.9902628660202026,1.009125015849159,0.9808317911057246,0.9996939409346808,46200
2000-02-28,0.9808316230773926,0.9902626963762137,0.9714005497785715,0.9808316230773926,91300
2000-02-29,0.9902628660202026,0.9902628660202027,0.9714007161912465,0.9808317911057246,58500
2000-03-01,0.9714004993438721,0.9902626449621996,0.971400499343872,0.9808315721530358,52000
2000-03-02,0.9714004993438721,0.9902626449621996,0.971400499343872,0.971400499343872,32700
2000-03-03,0.9714004993438721,0.9902626449621996,0.971400499343872,0.9808315721530358,40500
2000-03-06,0.9808316230773926,0.9902626963762137,0.9714005497785715,0.9808316230773926,56000
2000-03-07,0.9714004993438721,0.9902626449621996,0.971400499343872,0.9808315721530358,60300
2000-03-08,0.9714004993438721,0.9808315721530358,0.9619694265347082,0.971400499343872,78900
2000-03-09,0.9808316230773926,0.9902626963762137,0.9619694764797504,0.9714005497785715,61800
2000-03-10,0.9808316230773926,0.9902626963762137,0.9619694764797504,0.9808316230773926,45700
2000-03-13,0.9624596238136292,0.9815182302257802,0.9624596238136292,0.9624596238136292,50500
2000-03-14,0.9624596238136292,0.9719889270197047,0.9624596238136292,0.9719889270197047,42500
2000-03-15,0.9815176725387573,0.9910469703303957,0.9624590769554805,0.9624590769554805,116700
2000-03-16,0.9910468459129333,1.00057614250825,0.9815175493176167,0.9815175493176167,91900
2000-03-17,0.9910468459129333,1.00057614250825,0.9815175493176167,1.00057614250825,75800
2000-03-20,0.9910468459129333,1.00057614250825,0.9815175493176167,0.9815175493176167,27900
2000-03-21,0.9815176725387573,1.0005762681220343,0.9815176725387573,0.9910469703303957,48100
2000-03-22,1.0101056098937988,1.0101056098937988,0.9910470134807083,0.9910470134807083,75200
2000-03-23,1.0101056098937988,1.0101056098937988,0.9910470134807083,1.0101056098937988,84100
2000-03-24,1.0101056098937988,1.0101056098937988,1.0005763116872537,1.0005763116872537,38400
2000-03-27,1.0005759000778198,1.0101051943642754,1.0005759000778198,1.0101051943642754,25600
2000-03-28,1.0101056098937988,1.0196349081003442,1.0005763116872537,1.0005763116872537,73600
2000-03-29,1.02916419506073,1.02916419506073,1.0005763007534874,1.0196348969583158,44800
2000-03-30,1.0101056098937988,1.0291642063068895,1.0101056098937988,1.0291642063068895,69700
2000-03-31,1.0196343660354614,1.0291636591759796,1.010105072894943,1.010105072894943,80700
2000-04-03,1.02916419506073,1.0386934931631442,1.0101055988559016,1.02916419506073,53700
2000-04-04,1.0386933088302612,1.0386933088302612,1.0196347160076877,1.0291640124189745,120800
2000-04-05,1.0482227802276611,1.0482227802276611,1.029164184223522,1.0386934822255915,52100
2000-04-06,1.0482227802276611,1.0672813762318005,1.0386934822255915,1.0482227802276611,76300
2000-04-07,1.0386933088302612,1.057751901652835,1.0386933088302612,1.0386933088302612,56300
2000-04-10,1.0577521324157715,1.0577521324157715,1.0386935354353073,1.0482228339255395,66900
2000-04-11,1.0482227802276611,1.0577520782297307,1.0482227802276611,1.0577520782297307,37900
2000-04-12,1.068161964416504,1.0777850451770128,1.0489158028954857,1.0585388836559948,42800
2000-04-13,1.0585381984710693,1.0777843475341797,1.0585381984710693,1.0585381984710693,33100
2000-04-14,1.048915982246399,1.0585390646523292,1.0392928998404687,1.048915982246399,35700
2000-04-17,1.048915982246399,1.048915982246399,1.0392928998404687,1.0392928998404687,49600
2000-04-18,1.0200458765029907,1.0585381737295187,1.0200458765029907,1.0489150994228866,52900
2000-04-19,1.0296690464019775,1.039292121601996,1.0296690464019775,1.0296690464019775,32900
2000-04-20,1.0392924547195435,1.0392924547195435,1.0200462981506628,1.0296693764351033,29200
2000-04-24,1.0392924547195435,1.0489155330039837,1.0296693764351033,1.0392924547195435,25400
2000-04-25,1.048915982246399,1.0585390646523292,1.0296698174345384,1.048915982246399,62300
2000-04-26,1.068161964416504,1.0777850451770128,1.0489158028954857,1.0489158028954857,73400
2000-04-27,1.068161964416504,1.0777850451770128,1.0489158028954857,1.068161964416504,41700
2000-04-28,1.0874080657958984,1.0874080657958984,1.0681619053393339,1.077784985567616,79900
2000-05-01,1.097030520439148,1.1066535951798422,1.0777843709577595,1.0874074456984537,56700
2000-05-02,1.097030520439148,1.097030520439148,1.0681612962170652,1.0874074456984537,86400
2000-05-03,1.0777854919433594,1.1066547461918421,1.0777854919433594,1.1066547461918421,49700
2000-05-04,1.097030520439148,1.1066535951798422,1.0681612962170652,1.0777843709577595,59100
2000-05-05,1.0874080657958984,1.0970311460241806,1.0874080657958984,1.0874080657958984,41200
2000-05-08,1.1066542863845825,1.1066542863845825,1.087408124882242,1.087408124882242,38300
2000-05-09,1.097030520439148,1.1066535951798422,1.0874074456984537,1.097030520439148,65900
2000-05-10,1.1066542863845825,1.1066542863845825,1.0777850441310717,1.087408124882242,24400
2000-05-11,1.1170676946640015,1.1170676946640015,1.0976404304089753,1.1073540625364884,38100
2000-05-12,1.1170676946640015,1.1170676946640015,1.1073540625364884,1.1170676946640015,26300
2000-05-15,1.097639799118042,1.1170670521997772,1.0879261725771743,1.1170670521997772,45500
2000-05-16,1.0879266262054443,1.1170675179788045,1.0879266262054443,1.1073538873876845,72200
2000-05-17,1.097639799118042,1.097639799118042,1.0879261725771743,1.097639799118042,25800
2000-05-18,1.0879266262054443,1.0976402567965644,1.0782129956143243,1.0976402567965644,36200
2000-05-19,1.097639799118042,1.097639799118042,1.0782125460363068,1.097639799118042,18600
2000-05-22,1.0782127380371094,1.1073536228489231,1.0782127380371094,1.0879263663077139,34800
2000-05-23,1.0879266262054443,1.1073538873876845,1.0879266262054443,1.0879266262054443,55200
2000-05-24,1.0879266262054443,1.0976402567965644,1.0782129956143243,1.0782129956143243,31300
2000-05-25,1.097639799118042,1.097639799118042,1.0782125460363068,1.097639799118042,58300
2000-05-26,1.097639799118042,1.1073534256589095,1.0879261725771743,1.097639799118042,65100
2000-05-30,1.1170676946640015,1.1267813267915145,1.1073540625364884,1.1073540625364884,51600
2000-05-31,1.1267812252044678,1.1364948564562303,1.117067593952705,1.117067593952705,44800
2000-06-01,1.1267812252044678,1.1364948564562303,1.117067593952705,1.1267812252044678,38700
2000-06-02,1.1462076902389526,1.1656349392260534,1.1364940657454021,1.1364940657454021,91100
2000-06-05,1.1656357049942017,1.1753493358691531,1.1462084432442983,1.1462084432442983,56300
2000-06-06,1.1462076902389526,1.1656349392260534,1.1462076902389526,1.1656349392260534,46400
2000-06-07,1.1656357049942017,1.1753493358691531,1.1462084432442983,1.1462084432442983,34100
2000-06-08,1.1850630044937134,1.1899198200859007,1.1559221109405893,1.1559221109405893,47700
2000-06-09,1.1947757005691528,1.1947757005691528,1.1753484534054268,1.1850620769872897,43400
2000-06-12,1.1947757005691528,1.1947757005691528,1.1850620769872897,1.1947757005691528,20200
2000-06-13,1.1758838891983032,1.195481954018275,1.1758838891983032,1.1758838891983032,39800
2000-06-14,1.1954821348190308,1.1954821348190308,1.1856831009270716,1.1856831009270716,27800
2000-06-15,1.1758838891983032,1.1856829216082891,1.1660848567883173,1.1758838891983032,38400
2000-06-16,1.1758838891983032,1.1856829216082891,1.1758838891983032,1.1758838891983032,41200
2000-06-19,1.1856836080551147,1.1856836080551147,1.1660855318889145,1.1758845699720146,43100
2000-06-20,1.1856836080551147,1.1856836080551147,1.1660855318889145,1.1758845699720146,26900
2000-06-21,1.1758838891983032,1.1856829216082891,1.1660848567883173,1.1758838891983032,24800
2000-06-22,1.1562856435775757,1.175883705333128,1.1562856435775757,1.166084674455352,45200
2000-06-23,1.1562856435775757,1.166084674455352,1.1464866126997997,1.1562856435775757,24600
2000-06-26,1.1562856435775757,1.166084674455352,1.1464866126997997,1.1464866126997997,14400
2000-06-27,1.1562856435775757,1.175883705333128,1.1464866126997997,1.166084674455352,31700
2000-06-28,1.1758838891983032,1.1758838891983032,1.1660848567883173,1.1660848567883173,55400
2000-06-29,1.1660850048065186,1.1758840384603548,1.1562859711526823,1.1758840384603548,40800
2000-06-30,1.1660850048065186,1.1758840384603548,1.1562859711526823,1.1660850048065186,24000
2000-07-03,1.1807833909988403,1.1856829071440638,1.1660848425631702,1.175883874853617,36100
2000-07-05,1.1856836080551147,1.1954826461382149,1.1758845699720146,1.1758845699720146,59800
2000-07-06,1.1758838891983032,1.195481954018275,1.1660848567883173,1.1856829216082891,65400
2000-07-07,1.1758838891983032,1.1758838891983032,1.1660848567883173,1.1758838891983032,35900
2000-07-10,1.1660850048065186,1.1758840384603548,1.1660850048065186,1.1758840384603548,26100
2000-07-11,1.1758838891983032,1.1758838891983032,1.1660848567883173,1.1660848567883173,32000
2000-07-12,1.1864835023880005,1.1963708649079003,1.1667087773482003,1.1667087773482003,18800
2000-07-13,1.1765960454940796,1.1963707689477616,1.1765960454940796,1.1765960454940796,22000
2000-07-14,1.1864835023880005,1.1963708649079003,1.1864835023880005,1.1963708649079003,11500
2000-07-17,1.1864835023880005,1.1963708649079003,1.1864835023880005,1.1963708649079003,30400
2000-07-18,1.1864835023880005,1.2062582274278004,1.1864835023880005,1.1864835023880005,21900
2000-07-19,1.1963697671890259,1.206257120636869,1.1864824137411827,1.1864824137411827,24000
2000-07-20,1.2062582969665527,1.2161456600564424,1.1864835707867731,1.1864835707867731,50100
2000-07-21,1.2062582969665527,1.2161456600564424,1.2062582969665527,1.2161456600564424,20900
2000-07-24,1.2062582969665527,1.2161456600564424,1.1963709338766628,1.2161456600564424,51000
2000-07-25,1.1864835023880005,1.1963708649079003,1.1864835023880005,1.1963708649079003,38900
2000-07-26,1.1963697671890259,1.206257120636869,1.1963697671890259,1.206257120636869,23000
2000-07-27,1.2062582969665527,1.2062582969665527,1.1864835707867731,1.2062582969665527,24100
2000-07-28,1.2062582969665527,1.2062582969665527,1.1963709338766628,1.2062582969665527,33300
2000-07-31,1.2161461114883423,1.2161461114883423,1.1963713779682066,1.1963713779682066,26300
2000-08-01,1.1963697671890259,1.2161444740847123,1.1963697671890259,1.2161444740847123,50900
2000-08-02,1.1864835023880005,1.2062582274278004,1.1864835023880005,1.2062582274278004,55100
2000-08-03,1.1963697671890259,1.206257120636869,1.1864824137411827,1.1864824137411827,40700
2000-08-04,1.1963697671890259,1.206257120636869,1.1963697671890259,1.206257120636869,30000
2000-08-07,1.235919713973999,1.235919713973999,1.196370283126831,1.196370283126831,96700
2000-08-08,1.2260332107543945,1.2359205753572524,1.2161458461515364,1.2161458461515364,47900
2000-08-09,1.2260332107543945,1.2359205753572524,1.2260332107543945,1.2260332107543945,20200
2000-08-10,1.2260332107543945,1.2458079399601105,1.2260332107543945,1.2359205753572524,40800
2000-08-11,1.246698260307312,1.246698260307312,1.226751088142395,1.226751088142395,29600
2000-08-14,1.2267510890960693,1.2566718473667051,1.2267510890960693,1.2367246751862813,39200
2000-08-15,1.2267510890960693,1.2466982612764932,1.2267510890960693,1.2466982612764932,22000
2000-08-16,1.2267510890960693,1.2466982612764932,1.2267510890960693,1.2367246751862813,19500
2000-08-17,1.2367241382598877,1.2466977200200482,1.2267505564997274,1.2367241382598877,48700
2000-08-18,1.2167774438858032,1.2267510294914246,1.2167774438858032,1.2267510294914246,49900
2000-08-21,1.2267510890960693,1.2267510890960693,1.2068039169156453,1.2167775030058574,38000
2000-08-22,1.2367241382598877,1.2367241382598877,1.216776974739567,1.216776974739567,35600
2000-08-23,1.2167774438858032,1.236724615097046,1.2167774438858032,1.236724615097046,59200
2000-08-24,1.2267510890960693,1.2367246751862813,1.2167775030058574,1.2267510890960693,24000
2000-08-25,1.2267510890960693,1.2267510890960693,1.2068039169156453,1.2167775030058574,20700
2000-08-28,1.2267510890960693,1.2267510890960693,1.2167775030058574,1.2267510890960693,30500
2000-08-29,1.2167774438858032,1.236724615097046,1.2068038582801819,1.2267510294914246,33000
2000-08-30,1.196830153465271,1.2167773226896923,1.196830153465271,1.196830153465271,43400
2000-08-31,1.2267510890960693,1.2367246751862813,1.2068039169156453,1.2068039169156453,46400
2000-09-01,1.2167774438858032,1.236724615097046,1.2167774438858032,1.2267510294914246,55300
2000-09-05,1.2367241382598877,1.2367241382598877,1.216776974739567,1.216776974739567,48200
2000-09-06,1.246698260307312,1.246698260307312,1.226751088142395,1.226751088142395,41800
2000-09-07,1.2267510890960693,1.2466982612764932,1.2267510890960693,1.2466982612764932,39500
2000-09-08,1.246698260307312,1.2566718463897706,1.226751088142395,1.2367246742248534,43200
2000-09-11,1.246698260307312,1.2566718463897706,1.2367246742248534,1.2367246742248534,43600
2000-09-12,1.246698260307312,1.246698260307312,1.226751088142395,1.246698260307312,61900
2000-09-13,1.2574824094772339,1.2574824094772339,1.2273028316497803,1.247422550201416,42900
2000-09-14,1.247422695159912,1.25748255560475,1.237362834715074,1.237362834715074,25400
2000-09-15,1.247422695159912,1.247422695159912,1.237362834715074,1.247422695159912,29200
2000-09-18,1.2273024320602417,1.2373622880607356,1.2172425760597478,1.2373622880607356,47300
2000-09-19,1.2273024320602417,1.2373622880607356,1.2172425760597478,1.2172425760597478,47200
2000-09-20,1.2273024320602417,1.2373622880607356,1.2273024320602417,1.2273024320602417,12700
2000-09-21,1.2172412872314453,1.2373609779294859,1.2172412872314453,1.2172412872314453,24700
2000-09-22,1.2071830034255981,1.227302720149358,1.2071830034255981,1.217242861787478,36300
2000-09-25,1.2172412872314453,1.2273011325804657,1.2172412872314453,1.2172412872314453,30100
2000-09-26,1.2071830034255981,1.227302720149358,1.2071830034255981,1.227302720149358,22600
2000-09-27,1.2071830034255981,1.227302720149358,1.2071830034255981,1.217242861787478,24800
2000-09-28,1.2273024320602417,1.2273024320602417,1.2172425760597478,1.2273024320602417,28300
2000-09-29,1.2273024320602417,1.2273024320602417,1.2172425760597478,1.2273024320602417,25700
2000-10-02,1.2574824094772339,1.2574824094772339,1.2373626909255981,1.2373626909255981,76700
2000-10-03,1.247422695159912,1.25748255560475,1.247422695159912,1.247422695159912,30900
2000-10-04,1.2574824094772339,1.2675422687530518,1.247422550201416,1.247422550201416,48300
2000-10-05,1.2675410509109497,1.2675410509109497,1.2474213516901411,1.2474213516901411,36700
2000-10-06,1.2574824094772339,1.2675422687530518,1.2574824094772339,1.2675422687530518,36300
2000-10-09,1.237362265586853,1.267541833040191,1.237362265586853,1.2574819772224117,19900
2000-10-10,1.2071830034255981,1.237362578511238,1.2071830034255981,1.237362578511238,58900
2000-10-11,1.1876115798950195,1.2079126325427978,1.1774610535711305,1.1977621062189086,32300
2000-10-12,1.1673108339309692,1.1876118919123775,1.1571603049402652,1.1876118919123775,24000
2000-10-13,1.1774615049362183,1.1774615049362183,1.1571604445062835,1.167310974721251,24900
2000-10-16,1.1571601629257202,1.177461218415645,1.1571601629257202,1.177461218415645,23200
2000-10-17,1.1774615049362183,1.1774615049362183,1.1571604445062835,1.167310974721251,43500
2000-10-18,1.1673108339309692,1.1673108339309692,1.136859246958857,1.1673108339309692,20100
2000-10-19,1.1571601629257202,1.1571601629257202,1.1470096351807577,1.1571601629257202,23500
2000-10-20,1.1571601629257202,1.177461218415645,1.1470096351807577,1.1571601629257202,38900
2000-10-23,1.1774615049362183,1.1774615049362183,1.1571604445062835,1.167310974721251,18100
2000-10-24,1.1774615049362183,1.1876120351511856,1.1571604445062835,1.167310974721251,55800
2000-10-25,1.1571601629257202,1.177461218415645,1.1571601629257202,1.1673106906706827,31000
2000-10-26,1.1470112800598145,1.167312364662643,1.1470112800598145,1.167312364662643,14100
2000-10-27,1.1673108339309692,1.1673108339309692,1.147009775949561,1.147009775949561,16100
2000-10-30,1.1470112800598145,1.167312364662643,1.1470112800598145,1.1571618223612288,29700
2000-10-31,1.1673108339309692,1.1774613629216732,1.147009775949561,1.147009775949561,48400
2000-11-01,1.1876115798950195,1.2079126325427978,1.1571600009233525,1.1571600009233525,53700
2000-11-02,1.1977622509002686,1.1977622509002686,1.177461195800264,1.1977622509002686,40900
2000-11-03,1.1876115798950195,1.1876115798950195,1.1774610535711305,1.1774610535711305,35100
2000-11-06,1.2180646657943726,1.2180646657943726,1.1774625102678935,1.1774625102678935,39500
2000-11-07,1.2079133987426758,1.2180639315052193,1.1977628659801323,1.1977628659801323,31500
2000-11-08,1.1876115798950195,1.2180631588666868,1.1876115798950195,1.2180631588666868,30300
2000-11-09,1.1673108339309692,1.1876118919123775,1.1571603049402652,1.1876118919123775,86500
2000-11-10,1.1673108339309692,1.1673108339309692,1.1571603049402652,1.1571603049402652,40200
2000-11-13,1.1475571393966675,1.1782952770590782,1.1475571393966675,1.1578031852841377,29300
2000-11-14,1.1680488586425781,1.1680488586425781,1.1475567734032346,1.1475567734032346,27500
2000-11-15,1.1680488586425781,1.1680488586425781,1.1475567734032346,1.1578028160229064,36900
2000-11-16,1.1680488586425781,1.1680488586425781,1.1475567734032346,1.1578028160229064,42300
2000-11-17,1.1680488586425781,1.1680488586425781,1.1475567734032346,1.1578028160229064,36800
2000-11-20,1.1578035354614258,1.16804958444781,1.1475574864750415,1.1475574864750415,46500
2000-11-21,1.1475571393966675,1.168049231171608,1.1475571393966675,1.1475571393966675,56400
2000-11-22,1.1680488586425781,1.1680488586425781,1.1475567734032346,1.1475567734032346,38500
2000-11-24,1.1680488586425781,1.1680488586425781,1.1475567734032346,1.1680488586425781,16700
2000-11-27,1.1885406970977783,1.1885406970977783,1.1578025756211117,1.1680486161133339,32000
2000-11-28,1.1680488586425781,1.1885409438819217,1.1578028160229064,1.1885409438819217,49100
2000-11-29,1.1578035354614258,1.1782956334341945,1.1578035354614258,1.1782956334341945,34500
2000-11-30,1.1065726280212402,1.1680488851335313,1.1065726280212402,1.1578028422814828,68900
2000-12-01,1.1475571393966675,1.1475571393966675,1.1065729558467865,1.1065729558467865,42700
2000-12-04,1.1782947778701782,1.1782947778701782,1.1475566532300867,1.1475566532300867,27900
2000-12-05,1.1680488586425781,1.1885409438819217,1.1680488586425781,1.17829490126225,52100
2000-12-06,1.1680488586425781,1.17829490126225,1.1578028160229064,1.1680488586425781,58700
2000-12-07,1.1782947778701782,1.1885408194168754,1.1578026947767839,1.1578026947767839,51500
2000-12-08,1.1885406970977783,1.1885406970977783,1.1680486161133339,1.1680486161133339,51600
2000-12-11,1.1885406970977783,1.1987867375900005,1.178294656605556,1.178294656605556,23300
2000-12-12,1.1578035354614258,1.1885416824205788,1.1475574864750415,1.1782956334341945,69100
2000-12-13,1.1792354583740234,1.1792354583740234,1.1585471169990404,1.1585471169990404,44900
2000-12-14,1.1688923835754395,1.1792365639610627,1.158548203189816,1.1688923835754395,15700
2000-12-15,1.1688923835754395,1.1688923835754395,1.127515662032946,1.158548203189816,102900
2000-12-18,1.158548355102539,1.179236718586513,1.158548355102539,1.168892536844526,68800
2000-12-19,1.158548355102539,1.179236718586513,1.158548355102539,1.158548355102539,59600
2000-12-20,1.1688923835754395,1.1792365639610627,1.158548203189816,1.158548203189816,44200
2000-12-21,1.1688923835754395,1.1895807443466861,1.158548203189816,1.1688923835754395,95700
2000-12-22,1.1999237537384033,1.2309562646109484,1.1585470725750102,1.1688912428658584,68800
2000-12-26,1.1999237537384033,1.1999237537384033,1.189579583447555,1.1999237537384033,46400
2000-12-27,1.1895800828933716,1.199924257527227,1.1895800828933716,1.1895800828933716,112600
2000-12-28,1.2206124067306519,1.2309565796690471,1.1999240608538613,1.1999240608538613,66600
2000-12-29,1.230956792831421,1.2413009675610966,1.220612618101745,1.220612618101745,95200
2001-01-02,1.2826789617538452,1.2826789617538452,1.2206138507012398,1.2206138507012398,70100
2001-01-03,1.3137106895446777,1.3137106895446777,1.2723339749133493,1.2930223322290135,53700
2001-01-04,1.3447418212890625,1.365430157001202,1.3033651498647836,1.3033651498647836,80900
2001-01-05,1.3240538835525513,1.3447422254830599,1.313709712587297,1.3447422254830599,45200
2001-01-08,1.3343980312347412,1.3447422020195068,1.3240538604499759,1.3240538604499759,30100
2001-01-09,1.3137106895446777,1.32405486820251,1.3033665108868457,1.32405486820251,61000
2001-01-10,1.3040294647216797,1.3248939361572265,1.2935972290039062,1.2935972290039062,23900
2001-01-11,1.3248933553695679,1.3248933553695679,1.3040288930802835,1.3144611242249256,27800
2001-01-12,1.3144612312316895,1.3248934632255918,1.3040289992377871,1.3248934632255918,15300
2001-01-16,1.3248933553695679,1.3248933553695679,1.3040288930802835,1.3248933553695679,30800
2001-01-17,1.3353265523910522,1.3457587910816073,1.314462075009942,1.314462075009942,46800
2001-01-18,1.3561915159225464,1.3561915159225464,1.3353270310621994,1.3353270310621994,67100
2001-01-19,1.3666223287582397,1.3666223287582397,1.3561900972410013,1.3561900972410013,8100
2001-01-22,1.3561915159225464,1.3666237583527197,1.345759273492373,1.3666237583527197,42000
2001-01-23,1.3353265523910522,1.3561910297721624,1.3353265523910522,1.3457587910816073,19800
2001-01-24,1.3457577228546143,1.35618995326434,1.3353254924448885,1.3353254924448885,37700
2001-01-25,1.3561915159225464,1.3561915159225464,1.345759273492373,1.345759273492373,46800
2001-01-26,1.3561915159225464,1.3561915159225464,1.345759273492373,1.3561915159225464,36400
2001-01-29,1.355355143547058,1.3753850036960478,1.3520169131138156,1.3637009584049318,29800
2001-01-30,1.358694314956665,1.3753857950935173,1.3470101037592714,1.3536867276506663,47500
2001-01-31,1.358694314956665,1.3770549908621836,1.3553559234193326,1.3670399754334561,56000
2001-02-01,1.363701581954956,1.3770548281600297,1.3470099446069888,1.367039813914599,21600
2001-02-02,1.3436713218688965,1.3637011853512437,1.3353255056221174,1.3520171381156758,51500
2001-02-05,1.358694314956665,1.358694314956665,1.3353260517451477,1.3353260517451477,39600
2001-02-06,1.368708848953247,1.368708848953247,1.3536864089386749,1.3586939950656873,16400
2001-02-07,1.3737163543701172,1.3737163543701172,1.3553556817385886,1.3570248772096116,34500
2001-02-08,1.3620325326919556,1.3787241718329255,1.352017676553988,1.3653709241934568,36900
2001-02-09,1.365370273590088,1.370377699273017,1.352017032313482,1.370377699273017,9800
2001-02-12,1.3787226676940918,1.393745094695362,1.370376857228598,1.377053473764374,25200
2001-02-13,1.3782199621200562,1.3782199621200562,1.354660748031663,1.3681232019350618,50500
2001-02-14,1.3782199621200562,1.3782199621200562,1.3512950543132585,1.3529779011724608,59000
2001-02-15,1.36812162399292,1.3714871533445347,1.3546591856166121,1.3714871533445347,34600
2001-02-16,1.3748531341552734,1.3782186642191696,1.3546594723170209,1.3546594723170209,37300
2001-02-20,1.3698056936264038,1.3714883795642039,1.3529775503678583,1.3647571543577994,24500
2001-02-21,1.3782199621200562,1.3799028089792584,1.358026281264958,1.3630748218425646,28500
2001-02-22,1.3597078323364258,1.3714874281547875,1.3479282365180643,1.3597078323364258,37200
2001-02-23,1.3445628881454468,1.3630738696959956,1.3210036102713365,1.3479285795128182,38000
2001-02-26,1.3597078323364258,1.3630735228473616,1.3210032741279272,1.3378313254702139,49000
2001-02-27,1.3462467193603516,1.368123247808171,1.3462467193603516,1.3597091737151459,43700
2001-02-28,1.3496112823486328,1.3630737254232093,1.337831524294643,1.3462455913374984,47200
2001-03-01,1.3698056936264038,1.3698056936264038,1.3395150999550494,1.3395150999550494,41000
2001-03-02,1.3883156776428223,1.3883156776428223,1.3630736386069409,1.3630736386069409,25400
2001-03-05,1.4169235229492188,1.4169235229492188,1.374853347470881,1.3799017235924862,58700
2001-03-06,1.4202896356582642,1.430386552524802,1.4068271868262463,1.4219724818835286,26500
2001-03-07,1.4303866624832153,1.443849112350135,1.408510141328206,1.408510141328206,51300
2001-03-08,1.4354337453842163,1.4387994350554756,1.4085088699538078,1.4303853713622439,35700
2001-03-09,1.4690905809402466,1.4690905809402466,1.4371173153549195,1.4371173153549195,25500
2001-03-12,1.4505800008773804,1.4707736709946149,1.4236551073877346,1.4522628468417393,26400
2001-03-13,1.4178471565246582,1.419543184834107,1.399191330347207,1.407671310152289,44400
2001-03-14,1.4025839567184448,1.416151865221216,1.3991918987216383,1.4076718819714271,32600
2001-03-15,1.4246315956115723,1.4246315956115723,1.3991918092315223,1.4008878381214502,33700
2001-03-16,1.433111310005188,1.4381992339801697,1.4246313288854273,1.4381992339801697,41600
2001-03-19,1.4314152002334595,1.433111228709639,1.4161514291743769,1.433111228709639,34100
2001-03-20,1.4246315956115723,1.4314155494290666,1.416151774646367,1.416151774646367,32200
2001-03-21,1.404279112815857,1.4195430425870312,1.399191190139514,1.4076711690948494,79200
2001-03-22,1.3737512826919556,1.3991910553653832,1.3652713045534364,1.3941031331791238,48500
2001-03-23,1.3483115434646606,1.3737514815630298,1.3483115434646606,1.3737514815630298,36800
2001-03-26,1.3143917322158813,1.339831588368468,1.3059117532079947,1.339831588368468,63100
2001-03-27,1.333047866821289,1.3364398428337163,1.3059119778507842,1.331351838379532,45600
2001-03-28,1.3364388942718506,1.3398308678767628,1.314391025404407,1.3228709998522021,32100
2001-03-29,1.3483115434646606,1.3567915228307836,1.3364396693973803,1.3398316449696142,52100
2001-03-30,1.3652722835540771,1.3652722835540771,1.348312315115494,1.3567922993347856,33100
2001-04-02,1.370359182357788,1.373751238200189,1.353399307501095,1.3652712603363115,30400
2001-04-03,1.361879825592041,1.3703598073232943,1.3517038960371968,1.353399924731887,13900
2001-04-04,1.3567922115325928,1.3737521788736444,1.3500082569446192,1.3601842696976973,25700
2001-04-05,1.3652722835540771,1.373752267773369,1.3567922993347856,1.3703602093887537,44600
2001-04-06,1.3601832389831543,1.3737511378776701,1.3584872111858117,1.3601832389831543,25800
2001-04-09,1.3686641454696655,1.3720562037682147,1.358488294058502,1.361880190614809,18000
2001-04-10,1.3595993518829346,1.3664400969792223,1.351048461286632,1.3664400969792223,33700
2001-04-11,1.3459184169769287,1.359599912814089,1.3339471488934873,1.359599912814089,38700
2001-04-12,1.3339473009109497,1.3424981960095663,1.3253963242641762,1.3390778216604884,38600
2001-04-16,1.332236886024475,1.332236886024475,1.3100044151010224,1.3253961382862043,26900
2001-04-17,1.320265531539917,1.3288165069533533,1.311714637674626,1.3288165069533533,46800
2001-04-18,1.3339473009109497,1.3339473009109497,1.3202657219664806,1.3288166986132541,34200
2001-04-19,1.3647297620773315,1.3647297620773315,1.335656558678931,1.3373667854897089,51500
2001-04-20,1.3424975872039795,1.3647300511649256,1.3424975872039795,1.3510485599729958,28200
2001-04-23,1.3510491847991943,1.3510491847991943,1.3339473129000974,1.3510491847991943,25200
2001-04-24,1.3527588844299316,1.3527588844299316,1.335657018179187,1.342497764679485,16600
2001-04-25,1.3459184169769287,1.3527591648955088,1.3253961732211883,1.3527591648955088,57300
2001-04-26,1.354469895362854,1.3681513962779248,1.3339476439902478,1.3373680192190156,40700
2001-04-27,1.3595993518829346,1.3681503240273512,1.351048461286632,1.3681503240273512,22100
2001-04-30,1.3595993518829346,1.3595993518829346,1.3493382342385032,1.351048461286632,30800
2001-05-01,1.354469895362854,1.3596004174319165,1.342498541288078,1.3578902705916218,39300
2001-05-02,1.36130952835083,1.3664400462083615,1.3510484110876564,1.3544687835087144,46900
2001-05-03,1.3578901290893555,1.368151253706373,1.3544697542170163,1.3544697542170163,33000
2001-05-04,1.3767006397247314,1.3784108659573795,1.3527579617561085,1.3681496716576411,27500
2001-05-07,1.3835413455963135,1.385251571784507,1.37157008847125,1.37157008847125,12300
2001-05-08,1.3749910593032837,1.388672549398144,1.3732808322673695,1.3869623223622298,33500
2001-05-09,1.3698610067367554,1.3767017541085027,1.364730405433874,1.3681507791197478,41700
2001-05-10,1.3852527141571045,1.3852527141571045,1.3698609919626041,1.3698609919626041,16100
2001-05-11,1.3968058824539185,1.400254700187567,1.3761124004541982,1.3968058824539185,31900
2001-05-14,1.383010983467102,1.4002554097872524,1.3812864914981051,1.4002554097872524,35100
2001-05-15,1.3950814008712769,1.3968058919781208,1.3812858009295714,1.3830102920364153,27400
2001-05-16,1.3812862634658813,1.3968063597114768,1.3795617717815756,1.3950818680271708,46900
2001-05-17,1.3812862634658813,1.389908557430832,1.3812862634658813,1.388184065746526,19500
2001-05-18,1.376112699508667,1.3950816945356115,1.372663798797248,1.3933572030657624,31800
2001-05-21,1.3795613050460815,1.3881835960939242,1.3761124050725968,1.3761124050725968,20900
2001-05-22,1.384735345840454,1.3881843298652765,1.3692153288702784,1.3778375422474194,27200
2001-05-23,1.386459469795227,1.3950817631117487,1.3795616680333231,1.386459469795227,21300
2001-05-24,1.400255799293518,1.400255799293518,1.38301136817652,1.396806978852779,26700
2001-05-25,1.4019789695739746,1.4226723660729839,1.3968056615633464,1.4019789695739746,34000
2001-05-29,1.4157741069793701,1.4174985972411225,1.40370300405999,1.4157741069793701,48500
2001-05-30,1.40542733669281,1.4174986041272748,1.3985295400687345,1.4174986041272748,25000
2001-05-31,1.40542733669281,1.4140496235870152,1.4002540303388644,1.4106008075031995,37700
2001-06-01,1.414050579071045,1.414050579071045,1.4002549765011074,1.408877269221457,17100
2001-06-04,1.40542733669281,1.4174986041272748,1.3968052142550487,1.4174986041272748,30500
2001-06-05,1.414050579071045,1.414050579071045,1.3985304850657265,1.408877269221457,11400
2001-06-06,1.4192240238189697,1.4192240238189697,1.4037040927950246,1.4123262218783594,29300
2001-06-07,1.414050579071045,1.4209483803560137,1.3968061580869005,1.414050579071045,34200
2001-06-08,1.4123263359069824,1.4123263359069824,1.4002552226504579,1.4054285334094563,11600
2001-06-11,1.414050579071045,1.4157750705064258,1.4019794679364883,1.412326087635664,26700
2001-06-12,1.4106022119522095,1.42267332694869,1.4054287359909112,1.4140510314698007,24100
2001-06-13,1.4205132722854614,1.4344228135761665,1.4100810334100267,1.4118197675250677,35700
2001-06-14,1.42399001121521,1.4344222459625167,1.417035243321921,1.4205127101759385,31700
2001-06-15,1.4205132722854614,1.423990574700732,1.4205132722854614,1.423990574700732,15900
2001-06-18,1.4152967929840088,1.4205128278825003,1.4152967929840088,1.4205128278825003,12500
2001-06-19,1.4170351028442383,1.4239898700480669,1.4170351028442383,1.4239898700480669,20900
2001-06-20,1.4118187427520752,1.4187735083492898,1.4048639771548608,1.4187735083492898,21200
2001-06-21,1.4048643112182617,1.4118190784692537,1.4048643112182617,1.4118190784692537,15700
2001-06-22,1.4013869762420654,1.4066030100991167,1.3996482430181396,1.4066030100991167,7800
2001-06-25,1.4031260013580322,1.4083422027313612,1.3909551964498261,1.4031260013580322,34500
2001-06-26,1.3822606801986694,1.403124972955425,1.3787832980725434,1.403124972955425,49300
2001-06-27,1.3857377767562866,1.3874765089147019,1.3770443646861479,1.3787830139372506,21200
2001-06-28,1.3822606801986694,1.3944316420011045,1.3787832980725434,1.3857380623247952,26400
2001-06-29,1.3926928043365479,1.3961701032928093,1.38226057583847,1.3961701032928093,14400
2001-07-02,1.4066027402877808,1.4066027402877808,1.390954475903515,1.399647974540851,21400
2001-07-03,1.4118187427520752,1.4135574756050517,1.4083414428608136,1.4083414428608136,27400
2001-07-05,1.4048643112182617,1.4170351124538152,1.3996482772337002,1.4066030444846924,30400
2001-07-06,1.42399001121521,1.4257287446422189,1.4066031743893606,1.4222514436029474,31500
2001-07-09,1.4257280826568604,1.4292055478962424,1.4170345853730741,1.4257280826568604,26500
2001-07-10,1.4048643112182617,1.4135578117356846,1.3909547767162773,1.4135578117356846,60600
2001-07-11,1.4113504886627197,1.4201166739987272,1.4060908443415463,1.4113504886627197,29800
2001-07-12,1.4025850296020508,1.414857595106696,1.393818839726805,1.4095979480620144,38000
2001-07-13,1.4025850296020508,1.416610866521978,1.393818839726805,1.4025850296020508,19100
2001-07-16,1.4113504886627197,1.4201166739987272,1.3973245754049997,1.402584303326712,20900
2001-07-17,1.4025850296020508,1.4201174093525424,1.393818839726805,1.4025850296020508,23600
2001-07-18,1.4166109561920166,1.4253771466221534,1.402585118384268,1.402585118384268,40200
2001-07-19,1.4148564338684082,1.4236226165488413,1.4043371484127105,1.4113500611168515,27100
2001-07-20,1.4078446626663208,1.4148575810566437,1.3938188258856752,1.4148575810566437,81300
2001-07-23,1.4183636903762817,1.4183636903762817,1.4060911287442115,1.4113507741292257,35400
2001-07-24,1.4271305799484253,1.4271305799484253,1.4095981971004292,1.4095981971004292,44300
2001-07-25,1.4341427087783813,1.4341427087783813,1.4095974197671135,1.4288828965038296,22200
2001-07-26,1.4306365251541138,1.4341430675476883,1.4113510435928869,1.4341430675476883,27200
2001-07-27,1.4131041765213013,1.4306363851702624,1.411350905496067,1.4183638223958768,31800
2001-07-30,1.4131041765213013,1.4271300103209212,1.4025847175710224,1.4271300103209212,25200
2001-07-31,1.4043385982513428,1.4131047899819889,1.4025853264649735,1.4131047899819889,27900
2001-08-01,1.4060916900634766,1.4183642565948205,1.4025851469395618,1.4166109850328632,36800
2001-08-02,1.4131041765213013,1.4201170934211114,1.4025847175710224,1.4060912596214914,49400
2001-08-03,1.4113504886627197,1.4236230478124834,1.4113504886627197,1.4201166739987272,22500
2001-08-06,1.4306365251541138,1.4306365251541138,1.4113510435928869,1.4201172323756788,44100
2001-08-07,1.4306365251541138,1.4376494427401185,1.4113510435928869,1.4201172323756788,33000
2001-08-08,1.4464151859283447,1.4727135769738775,1.4288828137639276,1.4376489998461361,63200
2001-08-09,1.4288830757141113,1.4551816387819245,1.4131041385147713,1.4464154510926535,51400
2001-08-10,1.4358965158462524,1.4376497874634435,1.4201175728950848,1.4218706773110916,37900
2001-08-13,1.4459720849990845,1.449507381276364,1.4247598015946783,1.4389013238642825,29100
2001-08-14,1.4406683444976807,1.4495068347286229,1.4318300228469178,1.4318300228469178,22200
2001-08-15,1.4335979223251343,1.449507174756818,1.4265271621977438,1.449507174756818,34800
2001-08-16,1.4442048072814941,1.4442048072814941,1.431831013544734,1.433598577949774,29700
2001-08-17,1.4406683444976807,1.4477391029663986,1.428294559322469,1.4459715397843538,34200
2001-08-20,1.4530422687530518,1.4530422687530518,1.4353652886500494,1.4477390735740454,18600
2001-08-21,1.4583461284637451,1.4601138611999362,1.4495076333630619,1.4530430988354441,29900
2001-08-22,1.437132477760315,1.4654155003821971,1.437132477760315,1.4654155003821971,34000
2001-08-23,1.4565781354904175,1.4565781354904175,1.4353658521867987,1.4459720781287293,24200
2001-08-24,1.4424364566802979,1.456577977347342,1.4318304004701266,1.456577977347342,34400
2001-08-27,1.4282951354980469,1.4477396869859265,1.4282951354980469,1.4353658968191165,34500
2001-08-28,1.4353662729263306,1.4406693031616173,1.4282955097525178,1.4371340058648567,39000
2001-08-29,1.4318313598632812,1.437134391521643,1.4265281596245827,1.433598924695844,16900
2001-08-30,1.4477412700653076,1.4477412700653076,1.4318321661317637,1.442438235420793,38300
2001-08-31,1.4565781354904175,1.4565781354904175,1.444204345708367,1.449507374389211,17100
2001-09-04,1.4654154777526855,1.4671832087842833,1.4459709421454396,1.4565769911748065,36600
2001-09-05,1.4618819952011108,1.47248805736892,1.45481106231548,1.4671850262850155,44400
2001-09-06,1.4654154777526855,1.4654154777526855,1.4583447222064043,1.460112453238002,13400
2001-09-07,1.4583461284637451,1.4724876531927293,1.456578395727554,1.463649158092046,30000
2001-09-10,1.4512748718261719,1.4760226159634797,1.4495071396920325,1.4583456317825148,48700
2001-09-17,1.4229919910430908,1.456578062444451,1.4035473568448427,1.456578062444451,55800
2001-09-18,1.4017798900604248,1.4265275573616696,1.4017798900604248,1.4194567952755996,42600
2001-09-19,1.2727391719818115,1.419457705818888,1.2621330220491516,1.417690140598725,90300
2001-09-20,1.1931917667388916,1.2727378508054445,1.1401609878344565,1.2727378508054445,136800
2001-09-21,1.2197060585021973,1.2197060585021973,1.0888969609298338,1.1666753273233967,111900
2001-09-24,1.3080923557281494,1.3080923557281494,1.237384644877142,1.237384644877142,86600
2001-09-25,1.3080923557281494,1.3257692623683663,1.2815769536227541,1.3080923557281494,77700
2001-09-26,1.3169293403625488,1.3434447137456305,1.3080909387615538,1.3080909387615538,25400
2001-09-27,1.3469816446304321,1.3505170262059656,1.3169308590933249,1.3328401183282983,54700
2001-09-28,1.3328393697738647,1.3505162677237637,1.308091712644006,1.3505162677237637,29000
2001-10-01,1.3310728073120117,1.34167895472886,1.3222343089862216,1.3346081897842945,21900
2001-10-02,1.3080923557281494,1.3416785204896313,1.3080923557281494,1.3416785204896313,24500
2001-10-03,1.334609031677246,1.3381444163797065,1.299255100362421,1.3116289889661428,32800
2001-10-04,1.3876373767852783,1.4000112437609185,1.3293035890102523,1.3381420774628627,50600
2001-10-05,1.369961142539978,1.4017795645384012,1.359355001873837,1.3964765363503873,48900
2001-10-08,1.361122488975525,1.3947086392606487,1.3505163495628705,1.3699609806311217,63000
2001-10-09,1.343446969985962,1.3858716555066712,1.343446969985962,1.3699623879001315,50600
2001-10-10,1.3257696628570557,1.3452143081802053,1.309860399929918,1.3452143081802053,30800
2001-10-11,1.3288010358810425,1.35555543684876,1.321666540296304,1.3377191978869136,51600
2001-10-12,1.3198827505111694,1.3288008260589506,1.3145318371425945,1.3288008260589506,33500
2001-10-15,1.3198827505111694,1.3448534811147923,1.3127482560529913,1.3270172449693474,28000
2001-10-16,1.3591231107711792,1.3591231107711792,1.3180997057717903,1.3288014525042495,34900
2001-10-17,1.3502033948898315,1.3591214638353155,1.3377179963063703,1.3591214638353155,18000
2001-10-18,1.398363471031189,1.398363471031189,1.3466382994287558,1.3591236328879914,35000
2001-10-19,1.3947956562042236,1.39657923809794,1.384093909692161,1.3912284073668693,20400
2001-10-22,1.398363471031189,1.398363471031189,1.3894453028032017,1.3894453028032017,12200
2001-10-23,1.3751753568649292,1.4090642537779956,1.3751753568649292,1.398362510287011,35000
2001-10-24,1.3787418603897095,1.3912272635806364,1.364472876771422,1.3912272635806364,18800
2001-10-25,1.3912273645401,1.3930109450968926,1.3644729757893566,1.3805255409999169,44200
2001-10-26,1.3876594305038452,1.4090628968746444,1.382308521386238,1.3858757657813712,25600
2001-10-29,1.3733912706375122,1.3983620828671914,1.3733912706375122,1.3947948361272187,27000
2001-10-30,1.3733912706375122,1.3733912706375122,1.3555550369376492,1.3680404430524888,21300
2001-10-31,1.3733912706375122,1.3983620828671914,1.3733912706375122,1.3787421832724065,38500
2001-11-01,1.3894437551498413,1.3894437551498413,1.3751747699187553,1.3876601745208859,22300
2001-11-02,1.3805257081985474,1.3947947796303326,1.3733912150075887,1.3894438672121798,25300
2001-11-05,1.4001458883285522,1.4037131356407953,1.3858768990795807,1.3930113937040665,31800
2001-11-06,1.4090642929077148,1.4161987887664964,1.4001461305592886,1.4126315408371057,22200
2001-11-07,1.4197661876678467,1.4536550040757028,1.4054971944329793,1.409064442741696,35700
2001-11-08,1.435818076133728,1.435818076133728,1.423332671236527,1.423332671236527,19500
2001-11-09,1.4447368383407593,1.4447368383407593,1.4286841803436714,1.4304678468099694,29300
2001-11-12,1.4286843538284302,1.4483041770407472,1.425117020462654,1.4483041770407472,69400
2001-11-13,1.4299418926239014,1.4479286521424717,1.4227472231233633,1.4389352723831865,60400
2001-11-14,1.4461312294006348,1.4461312294006348,1.4317418775884576,1.4425339772148926,44500
2001-11-15,1.4371379613876343,1.4461313499032935,1.406560629122473,1.4461313499032935,40600
2001-11-16,1.4137554168701172,1.4263460588619699,1.4047620276468087,1.4191513817902495,75500
2001-11-19,1.4173516035079956,1.431740945957052,1.4029622610589392,1.4155528928182404,37900
2001-11-20,1.406559944152832,1.4209492901566843,1.3957679346499428,1.417351953655721,22800
2001-11-21,1.4353400468826294,1.4353400468826294,1.4155546337976315,1.4191519738342355,35200
2001-11-23,1.4299418926239014,1.4533246113842622,1.4299418926239014,1.4317406028826487,8800
2001-11-26,1.4389368295669556,1.4605208614263034,1.4299434400752347,1.4461315068534049,48000
2001-11-27,1.4389368295669556,1.462319573631575,1.4299434400752347,1.4479302190586765,27000
2001-11-28,1.46232008934021,1.46232008934021,1.4389373370293197,1.4389373370293197,24400
2001-11-29,1.456923484802246,1.4821047673986527,1.453326060697261,1.4641181614775942,35700
2001-11-30,1.444332242012024,1.4910977122476738,1.444332242012024,1.4749096516634435,45500
2001-12-03,1.46232008934021,1.483904128811486,1.4461320168530785,1.46232008934021,36200
2001-12-04,1.4533253908157349,1.4659160263105344,1.4533253908157349,1.4659160263105344,22900
2001-12-05,1.483903408050537,1.501890184640753,1.4587219551311579,1.4731113077894848,40900
2001-12-06,1.4892994165420532,1.518078122711427,1.4839034520189505,1.5018902291421188,31000
2001-12-07,1.5036897659301758,1.5054884791411942,1.4857031484241892,1.5036897659301758,25200
2001-12-10,1.4946956634521484,1.5198769474505816,1.4928969512995083,1.5054875932987248,36100
2001-12-11,1.5180792808532715,1.523475421027706,1.5018913749342186,1.5126833122135872,63400
2001-12-12,1.486712098121643,1.5229733350695431,1.474020708416682,1.5229733350695431,45100
2001-12-13,1.484898567199707,1.490337880862387,1.4504504452052362,1.4776463218899676,45000
2001-12-14,1.4685819149017334,1.5048431604619814,1.4685819149017334,1.4867124512282286,21700
2001-12-17,1.4685819149017334,1.495777805845105,1.4522643111728075,1.4649557038920797,26200
2001-12-18,1.4522638320922852,1.4830859238775547,1.4522638320922852,1.4830859238775547,27200
2001-12-19,1.4703952074050903,1.4830867761381112,1.459516917527987,1.4703952074050903,30800
2001-12-20,1.486712098121643,1.4957774505854222,1.472207603342483,1.4830860608804612,33400
2001-12-21,1.4504501819610596,1.486711401928659,1.4504501819610596,1.468580878398427,33200
2001-12-24,1.4758332967758179,1.4867115775979032,1.4595157026355339,1.4685810519253757,15900
2001-12-26,1.4685819149017334,1.4848993457234017,1.4685819149017334,1.4848993457234017,42800
2001-12-27,1.4613295793533325,1.4848992578929248,1.4613295793533325,1.483086325402589,7200
2001-12-28,1.4740197658538818,1.4939633901954605,1.464954419186944,1.4794589046912021,32400
2001-12-31,1.4794589281082153,1.4975896217290658,1.461328407394474,1.4794589281082153,37000
2002-01-02,1.4722076654434204,1.4957775136805875,1.4703945602927404,1.4957775136805875,28500
2002-01-03,1.4830846786499023,1.4867107125116312,1.4685801973888761,1.484897609127239,35200
2002-01-04,1.5030276775360107,1.5139061204506854,1.4776447593397595,1.4776447593397595,27100
2002-01-07,1.4994041919708252,1.4994041919708252,1.4921517691045043,1.4994041919708252,34000
2002-01-08,1.50484299659729,1.506656101904685,1.492151432352764,1.499403853582344,42500
2002-01-09,1.5211598873138428,1.5211598873138428,1.493963839140455,1.517533678394528,17800
2002-01-10,1.5139076709747314,1.5392904422606943,1.495776971850048,1.5392904422606943,21600
2002-01-11,1.496910810470581,1.5316377784801105,1.4932554410677408,1.5316377784801105,36400
2002-01-14,1.526153564453125,1.5352920686895115,1.4987375288265794,1.5023930699657704,37400
2002-01-15,1.5097038745880127,1.5352919635874744,1.5097038745880127,1.5334643674487867,14500
2002-01-16,1.526153564453125,1.526153564453125,1.5023930699657704,1.5078762073687613,30200
2002-01-17,1.511532187461853,1.520670694352092,1.5078766452610808,1.520670694352092,37100
2002-01-18,1.511532187461853,1.511532187461853,1.5042211030603085,1.511532187461853,30100
2002-01-22,1.4987385272979736,1.5170158965588645,1.4895998426675283,1.5023940708725165,82500
2002-01-23,1.4841164350509644,1.5115324840181317,1.4841164350509644,1.4895995751220457,51400
2002-01-24,1.4676663875579834,1.4841159770001815,1.4676663875579834,1.4841159770001815,40100
2002-01-25,1.4950824975967407,1.4950824975967407,1.4640110881621509,1.4658388591420288,52400
2002-01-28,1.4822889566421509,1.5060494673888232,1.4731504461522815,1.5042216955684835,49800
2002-01-29,1.4895988702774048,1.5023930901304983,1.4804603659183637,1.4895988702774048,24500
2002-01-30,1.4822889566421509,1.4987385544133789,1.4768058154870463,1.4914276414379348,79900
2002-01-31,1.4950824975967407,1.4950824975967407,1.4804606783693848,1.4950824975967407,42400
2002-02-01,1.493255376815796,1.4969107460613524,1.4822889204673055,1.4969107460613524,47100
2002-02-04,1.4822889566421509,1.4969107825930392,1.4822889566421509,1.4969107825930392,26800
2002-02-05,1.493255376815796,1.5060494306341092,1.484116692243039,1.493255376815796,38600
2002-02-06,1.4987385272979736,1.5023940708725165,1.4877722451861684,1.4895998426675283,31400
2002-02-07,1.4914259910583496,1.5060478008290612,1.4822873163752246,1.5060478008290612,37800
2002-02-08,1.496910810470581,1.496910810470581,1.4822889842473848,1.4950832129221199,37400
2002-02-11,1.493255376815796,1.5151881152068662,1.4822889204673055,1.5023940613885527,32100
2002-02-12,1.4950824975967407,1.4950824975967407,1.4804606783693848,1.4950824975967407,39200
2002-02-13,1.5019004344940186,1.5203287318447902,1.4926864615639013,1.5019004344940186,48500
2002-02-14,1.520329236984253,1.5277005232246665,1.5166435059913828,1.5277005232246665,33300
2002-02-15,1.5332292318344116,1.5461291169861004,1.5166437907432113,1.5184866565856467,46000
2002-02-19,1.5258575677871704,1.5756138787860916,1.5111149961753383,1.5350717189808947,69500
2002-02-20,1.5111157894134521,1.5553435274656526,1.5111157894134521,1.5295441014745734,74700
2002-02-21,1.4963709115982056,1.525856025009774,1.494528048073698,1.525856025009774,46100
2002-02-22,1.520329236984253,1.520329236984253,1.494529647270142,1.498215378263012,45500
2002-02-25,1.520329236984253,1.5277005232246665,1.498215378263012,1.520329236984253,54600
2002-02-26,1.5129584074020386,1.5166439637619984,1.4963729644187704,1.5111155413493689,41100
2002-02-27,1.494530200958252,1.514801377438376,1.494530200958252,1.5129585112592026,35300
2002-02-28,1.5240154266357422,1.5240154266357422,1.4945300970550315,1.4963729631060847,50300
2002-03-01,1.5074292421340942,1.5295430966323695,1.5055863769895812,1.522171811799611,53500
2002-03-04,1.518486499786377,1.52954351795388,1.5074296573642154,1.5074296573642154,40800
2002-03-05,1.5129584074020386,1.5258581182799673,1.5111155413493689,1.5240154279726772,17500
2002-03-06,1.5258575677871704,1.5313861639505948,1.5129578615631463,1.5240148781446787,23000
2002-03-07,1.5240154266357422,1.5369151375023546,1.5148012721258564,1.5369151375023546,37600
2002-03-08,1.5350710153579712,1.5369138799010744,1.5221713150467189,1.5313854620170002,44500
2002-03-11,1.5571868419647217,1.5608725757358293,1.5258588078921442,1.5369158334600077,34400
2002-03-12,1.5756131410598755,1.5756131410598755,1.5571848473008365,1.5737702765349249,41700
2002-03-13,1.5769140720367432,1.5787714927755518,1.5601976396542478,1.5601976396542478,23100
2002-03-14,1.5824856758117676,1.5880577585763673,1.5731987531152227,1.5880577585763673,28900
2002-03-15,1.5973442792892456,1.5973442792892456,1.5750555995733246,1.5787704385704024,61500
2002-03-18,1.5862013101577759,1.6010603247200583,1.5731997166991352,1.5973456596462006,37500
2002-03-19,1.5899152755737305,1.6122037851256994,1.5769135121517526,1.5880578554944011,58100
2002-03-20,1.5843430757522583,1.5917725792195607,1.573198909117972,1.5899153362027363,49700
2002-03-21,1.5954878330230713,1.597345253654619,1.5750565603428077,1.5880583276302611,36800
2002-03-22,1.5899152755737305,1.5973447787577202,1.575056092072423,1.5787709322310821,33900
2002-03-25,1.5899152755737305,1.6029168618623804,1.575056092072423,1.5992020217037215,61900
2002-03-26,1.5862013101577759,1.593630817438917,1.575056960669351,1.593630817438917,32500
2002-03-27,1.5954878330230713,1.6047747590474293,1.5880583276302611,1.597345253654619,18600
2002-03-28,1.5917726755142212,1.6214906911812292,1.5917726755142212,1.6140611872644772,24900
2002-04-01,1.580628752708435,1.6103467729724334,1.580628752708435,1.606631931872747,38600
2002-04-02,1.5750560760498047,1.5917725023270617,1.5750560760498047,1.5787709161706736,49400
2002-04-03,1.5880579948425293,1.5973449189207527,1.5787710707643057,1.5899154150848427,38700
2002-04-04,1.5880579948425293,1.608489086107946,1.573198987170709,1.588057994842529,72100
2002-04-05,1.593629002571106,1.6029159203796957,1.578770004930652,1.5880569227392416,23400
2002-04-08,1.5899152755737305,1.6047742819417097,1.5787709322310821,1.5973447787577202,40900
2002-04-09,1.5917726755142212,1.6047744402185464,1.5769136676807172,1.5973449363017944,65200
2002-04-10,1.601060152053833,1.601060152053833,1.5750567908074564,1.5750567908074564,36300
2002-04-11,1.5892672538757324,1.6098585816320414,1.5761638115006364,1.606114638941435,45500
2002-04-12,1.6023693084716797,1.6192164985484072,1.579906031327699,1.5817780008431706,45500
2002-04-15,1.6136003732681274,1.6136003732681274,1.6004969469112154,1.6023689159681442,21800
2002-04-16,1.6004979610443115,1.6210890981554296,1.6004979610443115,1.6154733659471079,39600
2002-04-17,1.6042420864105225,1.6248334067069978,1.594882590116796,1.6098579984118968,16200
2002-04-18,1.609858751296997,1.6229621950530808,1.6023710436476588,1.609858751296997,15400
2002-04-19,1.6117290258407593,1.6210886962145503,1.602369533987832,1.6210886962145503,24100
2002-04-22,1.5817793607711792,1.6136021558103515,1.5817793607711792,1.6042424787068905,57600
2002-04-23,1.548084020614624,1.5873943240028936,1.5125173006144197,1.5836505620939227,89600
2002-04-24,1.5536993741989136,1.5593151049546194,1.527492333137516,1.5349800336520778,22400
2002-04-25,1.548084020614624,1.5761628597550754,1.5387243480608384,1.5443400801847476,29600
2002-04-26,1.5443403720855713,1.5686754539167052,1.5368526683314485,1.5480843132231024,41500
2002-04-29,1.5368521213531494,1.5593152246207147,1.5368521213531494,1.5593152246207147,37600
2002-04-30,1.5349807739257812,1.5443404487130805,1.5349807739257812,1.5368527445874307,33500
2002-05-01,1.5200059413909912,1.5480849763880866,1.5200059413909912,1.5443410336467345,38800
2002-05-02,1.5200059413909912,1.5387252980557216,1.5162621771706546,1.5349813553143692,29200
2002-05-03,1.531236171722412,1.531236171722412,1.5256202628160218,1.5256202628160218,27800
2002-05-06,1.531236171722412,1.5331079628370252,1.5181325627950184,1.5181325627950184,31300
2002-05-07,1.529366135597229,1.538725817086729,1.518134482105614,1.518134482105614,19300
2002-05-08,1.521876573562622,1.5368519743081623,1.516260842913259,1.5368519743081623,43800
2002-05-09,1.542468547821045,1.542468547821045,1.518133463681711,1.5200054344280343,30100
2002-05-10,1.5368521213531494,1.5611871945232307,1.5312363901664772,1.5424678525398219,21100
2002-05-13,1.5664836168289185,1.5759203009041691,1.5476102486784173,1.5476102486784173,15300
2002-05-14,1.5853569507598877,1.5853569507598877,1.5759204458067484,1.5759204458067484,11100
2002-05-15,1.5513850450515747,1.5853568568480347,1.5476102993020882,1.5853568568480347,16200
2002-05-16,1.5645965337753296,1.5759205927607738,1.5476105352920693,1.5476105352920693,25400
2002-05-17,1.5721465349197388,1.5740339089088118,1.5570479029869355,1.5589352769760083,26800
2002-05-20,1.5532726049423218,1.594793918048372,1.5476106649700778,1.57403335149026,49600
2002-05-21,1.5438374280929565,1.5532739428448354,1.5438374280929565,1.5532739428448354,16900
2002-05-22,1.5551607608795166,1.5664848265125348,1.538174752424948,1.5570481351500058,47300
2002-05-23,1.5249621868133545,1.5570468019806212,1.5193002488396494,1.5551594293261317,60200
2002-05-24,1.5438374280929565,1.5513867478884484,1.5287387885019725,1.5381753032538514,23400
2002-05-28,1.5532726049423218,1.5645966648766358,1.5419487249978339,1.551385411611458,27100
2002-05-29,1.5476106405258179,1.5759206999195374,1.540061327352124,1.5702585800468993,24100
2002-05-30,1.5476106405258179,1.5664840134549642,1.5438360739338828,1.5645966401640847,27700
2002-05-31,1.5759212970733643,1.5759212970733643,1.5532731689805481,1.5627098590209063,38400
2002-06-03,1.5759212970733643,1.6023438131984966,1.557047916992648,1.5683719810390562,49300
2002-06-04,1.5627094507217407,1.5947940804820653,1.5551601366598906,1.5853573929072913,25900
2002-06-05,1.5532726049423218,1.5778079181418136,1.5400613516771438,1.5759207248109501,50400
2002-06-06,1.5476106405258179,1.5759206999195374,1.5381739540612447,1.5532725804086323,53200
2002-06-07,1.5645965337753296,1.5759205927607738,1.5306245368088087,1.5381738494691677,51400
2002-06-10,1.5664836168289185,1.5740329280911634,1.5513849943044287,1.5740329280911634,38100
2002-06-11,1.528737187385559,1.5664837468293202,1.5268498144159228,1.5664837468293202,81600
2002-06-12,1.5224579572677612,1.5300702397944548,1.5072333922143741,1.5091364174732647,44100
2002-06-13,1.5414879322052002,1.5605185376267374,1.507232588358985,1.5091356126029318,31700
2002-06-14,1.4177879095077515,1.5224568545567263,1.3987572169748923,1.5224568545567263,94400
2002-06-17,1.2978949546813965,1.3702116115747545,1.2655427206984442,1.3702116115747545,119100
2002-06-18,1.3245376348495483,1.360696000515171,1.2579301573583535,1.2579301573583535,141000
2002-06-19,1.3302475214004517,1.341666035290522,1.2940892268156179,1.3131199320564675,61700
2002-06-20,1.328344464302063,1.3302474894075993,1.3131199004755387,1.322635207494337,33100
2002-06-21,1.3150231838226318,1.3302477506389254,1.3093140166393098,1.3302477506389254,45400
2002-06-24,1.284574270248413,1.3283449527163307,1.2655435584679253,1.3283449527163307,52200
2002-06-25,1.3017011880874634,1.3093134683076384,1.256027416020875,1.2940889078672884,38000
2002-06-26,1.2369972467422485,1.290283321914584,1.1494558958669971,1.1608743211013024,86500
2002-06-27,1.2331904172897339,1.2921856268068406,1.206547439934224,1.2084504643725684,60200
2002-06-28,1.1951285600662231,1.2522206323771228,1.1894193074623873,1.2465114705187785,51700
2002-07-01,1.1856138706207275,1.2046445726480375,1.172292333828838,1.1894200110261897,45900
2002-07-02,1.134230375289917,1.178001013927617,1.1094904293761083,1.1741948753828386,60200
2002-07-03,1.1418428421020508,1.1608735379879818,1.1342305637476784,1.1589705137721467,24300
2002-07-05,1.1627769470214844,1.2179660244210382,1.1380369907401564,1.1380369907401564,27200
2002-07-08,1.1513581275939941,1.1684857069145898,1.1380365963486352,1.162776544056227,69700
2002-07-09,1.1418428421020508,1.1551643745949605,1.1418428421020508,1.1532612596336094,68400
2002-07-10,1.1247159242630005,1.1627774322907725,1.1247159242630005,1.1418436074127767,61000
2002-07-11,1.0955015420913696,1.143549856948796,1.080126096000175,1.1224086643958475,94100
2002-07-12,1.0858919620513916,1.1147209700367169,1.0743603771862396,1.0935796852948263,51700
2002-07-15,1.082047462463379,1.1051106185958357,1.0801254869632562,1.0839693463186657,62500
2002-07-16,1.0762827396392822,1.0762827396392822,1.0551414455186108,1.0628292638174346,55800
2002-07-17,1.0512971878051758,1.0724384739948478,1.0397656021503265,1.0570630264550487,80300
2002-07-18,1.0705171823501587,1.1051119584934241,1.0455320204242158,1.0628294543183219,60000
2002-07-19,1.0282340049743652,1.066672715038063,1.0186243961921122,1.066672715038063,53600
2002-07-22,1.018624186515808,1.043609237522593,0.9897951828134972,1.0109364644145087,56000
2002-07-23,0.9609667062759399,1.057063376903534,0.864870035648346,0.999405337869007,133400
2002-07-24,0.9801859855651855,0.9801859855651855,0.8860112958472697,0.9129183369602566,99300
2002-07-25,0.9609667062759399,0.97057640999667,0.94943511679802,0.9609667062759399,35300
2002-07-26,0.9897960424423218,1.0090153643873758,0.9494354205352303,0.9494354205352303,60200
2002-07-29,1.018624186515808,1.0205460712186947,0.9494345959592373,0.9917170675163839,61800
2002-07-30,1.04745352268219,1.0762825380572318,0.9897955835770194,1.0224684615590727,45200
2002-07-31,1.04745352268219,1.0705167899691717,1.0243903470401217,1.0666729273621602,42900
2002-08-01,1.0897362232208252,1.091658108913891,1.0666730450344928,1.0666730450344928,45400
2002-08-02,1.0801265239715576,1.0916581131090386,1.0762826609257305,1.0801265239715576,29900
2002-08-05,0.9801859855651855,1.0858923559764477,0.9667325108311537,1.0474536341701146,52700
2002-08-06,0.9840306639671326,1.0186255514232812,0.9705771780852962,0.9705771780852962,26400
2002-08-07,1.0090153217315674,1.0282346428641307,0.9801862942102464,0.9801862942102464,27900
2002-08-08,1.0282340049743652,1.0359217286581257,1.003248857179696,1.0090146957649642,51300
2002-08-09,1.0301562547683716,1.0378439804898212,1.018624666186197,1.0359220032369991,46800
2002-08-12,1.018624186515808,1.0378434917690564,1.0090144880667458,1.0378434917690564,24700
2002-08-13,1.059043288230896,1.059043288230896,1.029895380927923,1.029895380927923,24500
2002-08-14,1.0687596797943115,1.0687596797943115,1.0298957285017423,1.0512708553831709,19600
2002-08-15,1.078475832939148,1.0881917755048016,1.0298958421339426,1.0298958421339426,30000
2002-08-16,1.1173385381698608,1.1173385381698608,1.0687586017276929,1.0862474084977136,27100
2002-08-19,1.1212257146835327,1.1212257146835327,1.0687593502849908,1.1212257146835327,38100
2002-08-20,1.1270545721054077,1.1659184845260593,1.08819056702588,1.08819056702588,51300
2002-08-21,1.12511146068573,1.1464866613263889,1.0881906932732777,1.1173386772998333,35300
2002-08-22,1.165919542312622,1.1950675494022298,1.134828384168486,1.1367715352230146,47400
2002-08-23,1.1698052883148193,1.2144988496897589,1.156202867841087,1.156202867841087,74200
2002-08-26,1.1892380714416504,1.195067710710029,1.167862943661866,1.1853516761490557,21900
2002-08-27,1.2242151498794556,1.2533630546288808,1.1756351850851745,1.1756351850851745,54200
2002-08-28,1.2611361742019653,1.2611361742019653,1.2242154727605088,1.2436474452715265,52400
2002-08-29,1.2514197826385498,1.2611357190581003,1.216442244742111,1.2611357190581003,23800
2002-08-30,1.2378168106079102,1.259192009490083,1.218384853741789,1.259192009490083,46700
2002-09-03,1.2008960247039795,1.2222712232029522,1.195066484078091,1.1989528753816425,39700
2002-09-04,1.165919542312622,1.2183859180103318,1.127055594632452,1.1989539441702468,34800
2002-09-05,1.13094162940979,1.175635201345029,1.0940208445364246,1.175635201345029,38800
2002-09-06,1.1600890159606934,1.163975407754273,1.1270547320447126,1.1270547320447126,24200
2002-09-09,1.134828805923462,1.1600903349744471,1.1134535804258638,1.1600903349744471,40000
2002-09-10,1.1328845024108887,1.1620324930842565,1.1076229043167094,1.1562028578860197,34600
2002-09-11,1.1285661458969116,1.1285661458969116,1.0873489400378276,1.1128643710153483,31100
2002-09-12,1.1069767475128174,1.1187530849385907,1.0696849655361962,1.0893122881691624,38200
2002-09-13,1.1069767475128174,1.1187530849385907,1.099125855895635,1.099125855895635,25200
2002-09-16,1.097163200378418,1.1167904297897466,1.0893123086138865,1.1148276600536078,23500
2002-09-17,1.1187528371810913,1.1678209457169284,1.089312046931581,1.095200167545487,44800
2002-09-18,1.1109013557434082,1.136416781056581,1.1030504700454995,1.1285658953586726,22800
2002-09-19,1.1344549655914307,1.1344549655914307,1.1089395209544755,1.1187530887140662,28600
2002-09-20,1.132492184638977,1.1383804001082656,1.108939509941843,1.1285667388561214,32100
2002-09-23,1.1481941938400269,1.1481941938400269,1.1187532978769434,1.142306070801427,15000
2002-09-24,1.091274380683899,1.148193361264195,1.089311705624213,1.1089389241708738,69200
2002-09-25,1.1050140857696533,1.1167904233485293,1.0893123023311522,1.1109022077640855,46100
2002-09-26,1.1266034841537476,1.1285662529951854,1.0893118120661234,1.1089390325306543,20100
2002-09-27,1.1305286884307861,1.148193134844432,1.10893870549195,1.128565920168191,40000
2002-09-30,1.1344549655914307,1.1678212082820518,1.1089395209544755,1.1481939791728597,38700
2002-10-01,1.1403429508209229,1.1540820563452712,1.1187529545940897,1.1187529545940897,21900
2002-10-02,1.1481941938400269,1.1481941938400269,1.128566961061314,1.128566961061314,13000
2002-10-03,1.1580078601837158,1.1638959832383797,1.1285669641403107,1.1638959832383797,32700
2002-10-04,1.1481941938400269,1.1521196403957694,1.1344551776899419,1.1481941938400269,15600
2002-10-07,1.069685459136963,1.1109027059416583,1.063797334502037,1.1089400289267008,83800
2002-10-08,1.0677212476730347,1.0696839218673837,1.040243153822713,1.0598703637158,38300
2002-10-09,1.0108031034469604,1.0598712143561333,0.9911758778012901,1.0598712143561333,31700
2002-10-10,0.9726898074150085,1.0104063615924939,0.877405905981374,1.0104063615924939,149300
2002-10-11,0.9865851402282715,1.0203315298036342,0.9726896348662029,0.9726896348662029,32100
2002-10-14,1.0024657249450684,1.0183463543479496,0.9548237420804067,1.0024657249450684,40600
2002-10-15,1.010406494140625,1.01239152638087,0.9726899350153693,0.9965108898346696,43300
2002-10-16,1.0024657249450684,1.0123910709938602,0.972689497486657,1.0123910709938602,46000
2002-10-17,1.05209219455719,1.0620175354682766,1.0243010128318222,1.0421667589901344,61100
2002-10-18,1.0163620710372925,1.0620189657539258,1.012391910394807,1.048123450833274,23100
2002-10-21,1.0203306674957275,1.0322411311642437,1.0024650193209288,1.0123903583833835,26600
2002-10-22,0.9687191247940063,1.0203311588802462,0.9647489683258341,0.9984953456332969,32300
2002-10-23,0.9865851402282715,0.9925404244234659,0.9726896348662029,0.9905552981397241,24100
2002-10-24,0.9925400018692017,1.022316220856476,0.9726892207630158,0.9786444077668762,15300
2002-10-25,0.9865851402282715,1.0262868139988288,0.9865851402282715,1.002465866530113,25600
2002-10-28,1.0044505596160889,1.0302566246708262,0.9925400898960561,1.0064356852307605,25800
2002-10-29,0.9726898074150085,0.9846002832622068,0.9726898074150085,0.9726898074150085,28900
2002-10-30,0.9984955191612244,1.0064358334775114,0.9726894503052851,0.9726894503052851,43400
2002-10-31,1.0024657249450684,1.0401821724489027,0.9925402842402586,1.0183463543479496,37700
2002-11-01,1.032241940498352,1.0520928234993407,1.022316593653883,1.022316593653883,35600
2002-11-04,1.04216730594635,1.0520927467225323,1.0024657321536583,1.0223165190500043,30300
2002-11-05,1.032241940498352,1.0520928234993407,1.0123911521533886,1.0421673819988464,29700
2002-11-06,1.0501075983047485,1.0719435107529502,1.0223164972426841,1.0322418431511275,41700
2002-11-07,1.0461370944976807,1.0620177184158566,1.0223161586204168,1.0421669385181367,24400
2002-11-08,1.04216730594635,1.0600330614810705,1.0223165190500043,1.032241865170168,30100
2002-11-11,1.0501075983047485,1.0600330388692083,1.0322418431511275,1.0421672837155873,17700
2002-11-12,1.0540783405303955,1.0719441055981194,1.0401827349603805,1.0401827349603805,40000
2002-11-13,1.0237653255462646,1.0739499012663707,1.0036915144021188,1.0438391366904107,71300
2002-11-14,0.97358238697052,1.0438408919791806,0.9695676179905863,1.003693202179844,125000
2002-11-15,0.953507661819458,0.9836184492313518,0.9434707007756419,0.9735814881875356,77800
2002-11-18,0.9615377187728882,0.9775967886590948,0.9535081838297849,0.9675599178400192,69900
2002-11-19,0.979604184627533,0.979604184627533,0.9494933818261894,0.9494933818261894,68800
2002-11-20,0.9715743064880371,0.981611173393669,0.9575225779566688,0.981611173393669,85400
2002-11-21,0.9936557412147522,1.0016852752097307,0.9555155025984019,0.9555155025984019,66400
2002-11-22,1.0036925077438354,1.0237663387547968,0.9956629753394509,1.0097147049069122,67600
2002-11-25,1.0418329238891602,1.0478550258492145,1.0036925938370038,1.023766426569827,64100
2002-11-26,1.0438395738601685,1.0498617675853041,1.0237657543089196,1.0458470036750545,38400
2002-11-27,1.0538771152496338,1.0538771152496338,1.0277810875183735,1.0538771152496338,19100
2002-11-29,1.0598982572555542,1.0598982572555542,1.0478538751231055,1.0538760661893298,14900
2002-12-02,1.0297889709472656,1.0679293138400847,1.025774203049054,1.063914545941873,40900
2002-12-03,1.0358107089996338,1.0518697749190726,1.0237664095600547,1.0358107089996338,34300
2002-12-04,1.0137288570404053,1.047854301227681,1.0036918997550472,1.0297879121213631,56400
2002-12-05,1.047856092453003,1.053878296262592,1.005701048664607,1.005701048664607,71500
2002-12-06,1.0578911304473877,1.06190589373161,1.0257730241736096,1.033802550742054,46900
2002-12-09,1.0237653255462646,1.0598982813252094,1.0237653255462646,1.0478538989192399,32500
2002-12-10,1.03380286693573,1.0538766894965184,1.0056995153506263,1.0056995153506263,78500
2002-12-11,1.0167889595031738,1.0572984413231317,1.0167889595031738,1.032992752231157,55900
2002-12-12,1.0309674739837646,1.035018422745534,1.0127381562646844,1.035018422745534,49200
2002-12-13,1.01273775100708,1.0350180085722513,1.01273775100708,1.0248905924293013,38900
2002-12-16,1.032992959022522,1.041094857008405,1.0086872650648726,1.0127382140578143,58600
2002-12-17,1.0309674739837646,1.0390693715073032,1.0127381562646844,1.0188146276984569,38900
2002-12-18,1.0248916149139404,1.032993517278296,1.0127387613674068,1.0127387613674068,24000
2002-12-19,1.0188140869140625,1.0431197665832739,1.0127376187056667,1.0127376187056667,43300
2002-12-20,1.0309674739837646,1.0309674739837646,1.0127381562646844,1.0147636789366876,52700
2002-12-23,1.0167889595031738,1.0309673264312706,1.0147635337032874,1.0147635337032874,38500
2002-12-24,1.0167889595031738,1.0269163782492747,1.012738011321178,1.0147635337032874,28700
2002-12-26,1.022865653038025,1.0329929774095212,1.0167891811493317,1.0167891811493317,29500
2002-12-27,1.0269166231155396,1.0390694705593495,1.0167892019545746,1.0167892019545746,50100
2002-12-30,1.0269166231155396,1.041094896842195,1.0188147248196662,1.0248911002504482,33800
2002-12-31,1.032992959022522,1.0512222777818803,1.026916583824231,1.026916583824231,55600
2003-01-02,1.0471711158752441,1.0471711158752441,1.035018271367369,1.035018271367369,17700
2003-01-03,1.0532472133636475,1.0613491075755066,1.0390689467839929,1.0390689467839929,17800
2003-01-06,1.0755280256271362,1.0816044977121215,1.0552732796475968,1.061349655150335,41500
2003-01-07,1.0755280256271362,1.0917318224107677,1.069451650124398,1.0917318224107677,22100
2003-01-08,1.0917320251464844,1.0917320251464844,1.0755282253537912,1.0775537486190105,30500
2003-01-09,1.1140120029449463,1.1140120029449463,1.0795788892189442,1.0917317358430203,52100
2003-01-10,1.1140120029449463,1.1140120029449463,1.0957826847177123,1.0998336335924044,23100
2003-01-13,1.1213651895523071,1.1234077959317537,1.102982219121452,1.1234077959317537,35800
2003-01-14,1.1172806024551392,1.1417914036133616,1.0927698986937955,1.1091103678680245,52300
2003-01-15,1.1172806024551392,1.1234083270939146,1.102982740626128,1.1070678579196855,40200
2003-01-16,1.1315786838531494,1.1438340370569837,1.1070679774454808,1.1438340370569837,58000
2003-01-17,1.1091102361679077,1.1336210344156215,1.1029826096536297,1.1111528432705786,52000
2003-01-21,1.1111522912979126,1.1254502417233998,1.0927692260932602,1.1254502417233998,29300
2003-01-22,1.105024814605713,1.1111525368268997,1.09276946756018,1.1111525368268997,48500
2003-01-23,1.1193233728408813,1.1234084907294764,1.0927700578665667,1.0927700578665667,35700
2003-01-24,1.1131947040557861,1.1213649329100193,1.0968542463473197,1.1091095896286696,19600
2003-01-27,1.0784714221954346,1.102982111987034,1.0641734711185897,1.092769275875456,60100
2003-01-28,1.0825567245483398,1.086641840220729,1.0539608174447763,1.0580459331171652,46400
2003-01-29,1.0682588815689087,1.09889730098154,1.0621311587276423,1.090727068791085,38900
2003-01-30,1.0825567245483398,1.1091099277204486,1.0703012801343323,1.0723438866689472,43800
2003-01-31,1.1070672273635864,1.1070672273635864,1.0845990463478614,1.0948118824632338,30300
2003-02-03,1.105024814605713,1.1193227681905882,1.09276946756018,1.1070674211450553,48000
2003-02-04,1.1152379512786865,1.1172804609683726,1.1029826009499706,1.1029826009499706,13800
2003-02-05,1.1070672273635864,1.1213650810489195,1.0948118824632338,1.1029821123968022,19100
2003-02-06,1.1131947040557861,1.1213649329100193,1.1029819666863998,1.1029819666863998,44700
2003-02-07,1.1029820442199707,1.1234076177913592,1.0845989793073123,1.0845989793073123,35000
2003-02-10,1.0927695035934448,1.1111525734663326,1.0907269943835927,1.0948121102001407,40800
2003-02-11,1.0927695035934448,1.1029823418332367,1.0866418785670446,1.0907269943835927,30400
2003-02-12,1.0837047100067139,1.102247118422327,1.0837047100067139,1.0857649339455293,25800
2003-02-13,1.0713428258895874,1.0713428258895874,1.0631017347859408,1.0713428258895874,22500
2003-02-14,1.0507404804229736,1.0734035383243137,1.0342582922189414,1.071343215678014,56800
2003-02-18,1.0569206476211548,1.0734028248700458,1.0507397820320579,1.0507397820320579,38700
2003-02-19,1.0610415935516357,1.0692826852954433,1.0528005018078281,1.0548607256229985,26500
2003-02-20,1.0610415935516357,1.0734032311673471,1.056921047679732,1.056921047679732,23200
2003-02-21,1.0754636526107788,1.0816445216752186,1.061041788529721,1.061041788529721,27800
2003-02-24,1.0631014108657837,1.073402820727346,1.036317922060467,1.0672219551621036,49700
2003-02-25,1.0528010129928589,1.069283204483363,1.0445599172476068,1.0631023335536187,31600
2003-02-26,1.0589804649353027,1.069281870889903,1.052799699955733,1.052799699955733,37000
2003-02-27,1.073402762413025,1.0816438505579544,1.0610411301956306,1.0775233064854897,28800
2003-02-28,1.0816442966461182,1.0919457101965149,1.0672223373238747,1.0816442966461182,31500
2003-03-03,1.0795842409133911,1.0940062037927385,1.0672226005489154,1.0837048859431344,32600
2003-03-04,1.091944932937622,1.0960654757764192,1.0795832061797404,1.0795832061797404,39300
2003-03-05,1.1125483512878418,1.1125483512878418,1.0857647567629916,1.0857647567629916,45500
2003-03-06,1.1125483512878418,1.1166688967346223,1.0960661695007194,1.1125483512878418,41600
2003-03-07,1.102246880531311,1.1146085162209753,1.0960661118072528,1.102246880531311,26500
2003-03-10,1.0960654020309448,1.1125475722771798,1.0940050816294236,1.102246166752541,30100
2003-03-11,1.1084277629852295,1.1104879865081878,1.0919455818353678,1.1104879865081878,47800
2003-03-12,1.070191740989685,1.0951282233327742,1.0681136512500413,1.0868160625517445,60100
2003-03-13,1.0785036087036133,1.0930499356620564,1.0660353709201245,1.0660353709201245,35000
2003-03-14,1.068112850189209,1.0805810820098576,1.068112850189209,1.068112850189209,27400
2003-03-17,1.0785036087036133,1.0847376780509848,1.0660353709201245,1.0701914501812875,36200
2003-03-18,1.0618807077407837,1.068114785401673,1.0223978525625996,1.0639587005981208,111900
2003-03-19,1.0805820226669312,1.0805820226669312,1.051489456426725,1.059801618209641,29200
2003-03-20,1.070191740989685,1.0805818924215858,1.06603566059917,1.0805818924215858,20600
2003-03-21,1.0805820226669312,1.0909722744399686,1.0701918699826785,1.0701918699826785,39600
2003-03-24,1.0826596021652222,1.0888936710185508,1.0660352864380287,1.0868156810970206,28500
2003-03-25,1.0826596021652222,1.0868156810970206,1.0722693552913574,1.0722693552913574,23700
2003-03-26,1.090971827507019,1.0930499166458199,1.0722694216127864,1.086815748318161,39700
2003-03-27,1.1013619899749756,1.1013619899749756,1.0722693388107971,1.0972059111070551,31600
2003-03-28,1.1034398078918457,1.1117519643322245,1.097205740105922,1.1117519643322245,49100
2003-03-31,1.0972062349319458,1.1117524657184128,1.0972062349319458,1.1034403055293558,40800
2003-04-01,1.113830804824829,1.1159087957932117,1.0909723096398944,1.0930503996970649,51700
2003-04-02,1.1117523908615112,1.120064550490891,1.1034402312321314,1.1034402312321314,44100
2003-04-03,1.1200642585754395,1.1200642585754395,1.1096741112910142,1.111752101112406,36400
2003-04-04,1.1325322389602661,1.1387664051937707,1.115907927789201,1.1221420940227058,64100
2003-04-07,1.1366889476776123,1.1408450277772306,1.130454877072568,1.1366889476776123,36800
2003-04-08,1.1429227590560913,1.1491569267954405,1.1304545226661276,1.1387666802594367,44000
2003-04-09,1.1387674808502197,1.1512357260057675,1.1366893904465596,1.1512357260057675,31900
2003-04-10,1.1429227590560913,1.1491569267954405,1.1346106014627821,1.1429227590560913,33100
2003-04-11,1.1525629758834839,1.1546585928943138,1.1441807076892019,1.1525629758834839,35200
2003-04-14,1.1399894952774048,1.15465851357193,1.1316072276589653,1.15465851357193,37500
2003-04-15,1.1399894952774048,1.1420850122197588,1.1274160938497455,1.1316072276589653,25700
2003-04-16,1.142085075378418,1.142085075378418,1.1316072902381908,1.1316072902381908,29400
2003-04-17,1.1357982158660889,1.142084865811754,1.1232248160502594,1.142084865811754,56800
2003-04-21,1.1378940343856812,1.1420851687693945,1.1232251140049474,1.1232251140049474,34100
2003-04-22,1.1525629758834839,1.1714231292828778,1.1357984394949199,1.142085090678372,89700
2003-04-23,1.1798045635223389,1.1944734725312307,1.1420842833864495,1.1420842833864495,64600
2003-04-24,1.1525629758834839,1.190283182757753,1.1525629758834839,1.1630408610885958,86700
2003-04-25,1.031019926071167,1.1106515691245202,1.012159773788922,1.1106515691245202,881400
2003-04-28,1.0582624673843384,1.0582624673843384,1.016351024165682,1.0247332928245083,575100
2003-04-29,1.054071307182312,1.0624535756353923,1.047784555880241,1.0582624414088522,414700
2003-04-30,1.051974892616272,1.060357154714852,1.0414970150308236,1.0414970150308236,353300
2003-05-01,1.0582624673843384,1.0666447360431648,1.0519757159279564,1.0582624673843384,234100
2003-05-02,1.062453031539917,1.068739679697995,1.0540707673794991,1.0540707673794991,126200
2003-05-05,1.0582624673843384,1.0687402532456092,1.0582624673843384,1.0666447360431648,242800
2003-05-06,1.0645488500595093,1.0729311166013558,1.0582622001153739,1.0582622001153739,94600
2003-05-07,1.062453031539917,1.0708352957003349,1.0603574155375772,1.062453031539917,127500
2003-05-08,1.070835828781128,1.072931345902182,1.0582624262812415,1.0624535604478704,105000
2003-05-09,1.0645488500595093,1.0687399833304325,1.060357716788586,1.060357716788586,93700
2003-05-12,1.0582624673843384,1.0729313875750224,1.0582624673843384,1.0687402532456092,69800
2003-05-13,1.0609989166259766,1.0694195349816042,1.0567886074481627,1.0567886074481627,111900
2003-05-14,1.063104271888733,1.0736299961323452,1.0609990668109885,1.0609990668109885,125500
2003-05-15,1.0588940382003784,1.067314658353002,1.0588940382003784,1.0631043482766902,112800
2003-05-16,1.0673147439956665,1.0694198490118836,1.060999228183579,1.0631044335815143,83800
2003-05-19,1.063104271888733,1.0820506156799163,1.0525784472634174,1.0778403059061308,167500
2003-05-20,1.0736305713653564,1.0736305713653564,1.063104841482237,1.0673151535118361,97100
2003-05-21,1.08204984664917,1.08204984664917,1.0631035163234572,1.067313823104908,96600
2003-05-22,1.0673147439956665,1.0799456752381236,1.0652095385977312,1.073630159426036,88900
2003-05-23,1.1094175577163696,1.1136278670283568,1.065209259749659,1.065209259749659,179300
2003-05-27,1.0967861413955688,1.1199428824909434,1.0883655265211867,1.0967861413955688,103600
2003-05-28,1.1136274337768555,1.1157326378046755,1.0883655877329348,1.0946809990530886,61300
2003-05-29,1.107312560081482,1.1220485939042801,1.094681530545224,1.1220485939042801,38700
2003-05-30,1.1094175577163696,1.1094175577163696,1.0883660111564342,1.0883660111564342,81500
2003-06-02,1.1136274337768555,1.119942945478662,1.0967862030809084,1.1009965107548951,90600
2003-06-03,1.1094175577163696,1.1157330718751963,1.0988917342455558,1.0988917342455558,80300
2003-06-04,1.103102445602417,1.1136282729095517,1.1009973403700273,1.111523167677162,232200
2003-06-05,1.107312560081482,1.1136279744679092,1.0988918402634094,1.1031021499815947,139600
2003-06-06,1.107312560081482,1.1136279744679092,1.100997045313353,1.107312560081482,72100
2003-06-09,1.1178382635116577,1.1178382635116577,1.100997024950395,1.100997024950395,106000
2003-06-10,1.1220484972000122,1.1241537020685177,1.1073124646472459,1.1157330833578818,127900
2003-06-11,1.1163398027420044,1.1269111414790811,1.0888541405555099,1.118454030162732,218800
2003-06-12,1.1226831674575806,1.1226831674575806,1.1142260517597917,1.120568938941519,72500
2003-06-13,1.1353684663772583,1.1353684663772583,1.1205685691978984,1.1205685691978984,53200
2003-06-16,1.131140112876892,1.131140112876892,1.1163402130420803,1.1269115556645521,113000
2003-06-17,1.139596700668335,1.139596700668335,1.1290253629311158,1.1311395901518757,164600
2003-06-18,1.1417109966278076,1.1417109966278076,1.1290253312095406,1.1311395583708983,83600
2003-06-19,1.1374825239181519,1.1417110793640042,1.129025413026447,1.1332539684722993,111600
2003-06-20,1.1332542896270752,1.1395970741849888,1.1290257329828852,1.1290257329828852,44900
2003-06-23,1.1226831674575806,1.1417117281859914,1.118454609608686,1.126911725306475,102500
2003-06-24,1.1142258644104004,1.1226829786861838,1.1099973072725087,1.1205687505256152,61600
2003-06-25,1.139596700668335,1.139596700668335,1.1142253691189572,1.1142253691189572,83300
2003-06-26,1.1353684663772583,1.1395970228308951,1.129025682105172,1.129025682105172,91700
2003-06-27,1.131140112876892,1.135368670089232,1.1121116558297404,1.131140112876892,58300
2003-06-30,1.1374825239181519,1.1374825239181519,1.1205683021347421,1.1205683021347421,117400
2003-07-01,1.1480543613433838,1.1480543613433838,1.1311401322050056,1.1311401322050056,94900
2003-07-02,1.1417109966278076,1.1480537789285876,1.133253886348963,1.1417109966278076,119100
2003-07-03,1.1459399461746216,1.1459399461746216,1.1353685042792538,1.1353685042792538,26500
2003-07-07,1.1459399461746216,1.1459399461746216,1.1332542763902254,1.1459399461746216,59100
2003-07-08,1.139596700668335,1.1459395839640343,1.1311395901518757,1.139596700668335,96200
2003-07-09,1.1374825239181519,1.1438253066785733,1.131139640341016,1.1332539684722993,121200
2003-07-10,1.1332542896270752,1.1374828462712652,1.1290257329828852,1.1290257329828852,39600
2003-07-11,1.1360149383544922,1.1360149383544922,1.1253980368752865,1.127521376670631,33000
2003-07-14,1.1402616500854492,1.1402616500854492,1.1296447492497312,1.136014869500915,53000
2003-07-15,1.14238440990448,1.14238440990448,1.1253972976941966,1.1338908537993384,80500
2003-07-16,1.1275215148925781,1.1360150776176583,1.1253981748369353,1.1338917375620154,81600
2003-07-17,1.1253987550735474,1.1360156633281693,1.1147817455676188,1.1211519715214373,86500
2003-07-18,1.1253987550735474,1.1338923221777675,1.1084115196138005,1.1084115196138005,60000
2003-07-21,1.1020405292510986,1.13176799076475,1.0935469688186268,1.112657429166075,66300
2003-07-22,1.110533595085144,1.110533595085144,1.0999165986474333,1.110533595085144,73800
2003-07-23,1.1275215148925781,1.1338917375620154,1.10416416677298,1.10416416677298,51900
2003-07-24,1.1232746839523315,1.1232746839523315,1.112657680388954,1.116904562815305,27200
2003-07-25,1.1169050931930542,1.1317687837385104,1.114781650971533,1.114781650971533,10500
2003-07-28,1.1232746839523315,1.1317682463025334,1.112657680388954,1.112657680388954,27100
2003-07-29,1.1275215148925781,1.1338917375620154,1.123274733530038,1.1253981748369353,28500
2003-07-30,1.1190271377563477,1.127520694299945,1.104163363179462,1.1147803594845491,62300
2003-07-31,1.114780068397522,1.1360139542120058,1.1020397369088317,1.1062865140717284,154600
2003-08-01,1.1084107160568237,1.1338915001481602,1.0935470350257133,1.1041639355834731,126200
2003-08-04,1.0850529670715332,1.099916641157366,1.082929527201451,1.0977933025384696,91200
2003-08-05,1.076560139656067,1.085053702389936,1.0638197955552635,1.0638197955552635,77900
2003-08-06,1.1020405292510986,1.1020405292510986,1.0680662875212115,1.0680662875212115,70300
2003-08-07,1.0999170541763306,1.1041638342599758,1.0914234940090402,1.0935469346764748,80900
2003-08-08,1.1020405292510986,1.1020405292510986,1.0829299676524236,1.0935469688186268,96600
2003-08-11,1.097792387008667,1.097792387008667,1.0744350741730715,1.0808052872195435,124000
2003-08-12,1.0956696271896362,1.1041631823421787,1.0914228496133649,1.0935462890270826,174400
2003-08-13,1.0956696271896362,1.1126567374947214,1.0935462890270826,1.0935462890270826,101900
2003-08-14,1.0999170541763306,1.102040494843765,1.08292993384175,1.08292993384175,80100
2003-08-15,1.0999170541763306,1.1062872749274102,1.0914234940090402,1.0914234940090402,114300
2003-08-18,1.0935471057891846,1.0999172262858046,1.0935471057891846,1.0956704455376447,112400
2003-08-19,1.0935471057891846,1.0956704455376447,1.0850535442928648,1.0956704455376447,125800
2003-08-20,1.0914226770401,1.097792893022845,1.0871759001353194,1.0914226770401,41300
2003-08-21,1.0935471057891846,1.0956704455376447,1.082930103293165,1.082930103293165,56000
2003-08-22,1.0999170541763306,1.102040494843765,1.0893001545928296,1.0914234940090402,42900
2003-08-25,1.0956696271896362,1.102039844179625,1.0914228496133649,1.0914228496133649,35700
2003-08-26,1.097792387008667,1.1084092737513185,1.0956689489094757,1.0956689489094757,38400
2003-08-27,1.0984339714050293,1.1026997302536352,1.0899024537078175,1.0899024537078175,120100
2003-08-28,1.102698802947998,1.1090973849882144,1.0877686086814464,1.0877686086814464,36300
2003-08-29,1.1090973615646362,1.1112302900020805,1.0984330244882916,1.1048316063933732,34900
2003-09-02,1.106965184211731,1.106965184211731,1.0984336688643472,1.0984336688643472,23700
2003-09-03,1.1090973615646362,1.1176288719071623,1.1048316063933732,1.1048316063933732,31000
2003-09-04,1.1112302541732788,1.1176288358720545,1.1069644991395542,1.11336308083833,72400
2003-09-05,1.1197621822357178,1.1261608680266753,1.0941676424792084,1.0941676424792084,59700
2003-09-08,1.1197621822357178,1.1261608680266753,1.1069649123574632,1.1090977398186754,73200
2003-09-09,1.1282929182052612,1.130425845900757,1.1154956571430583,1.1154956571430583,73400
2003-09-10,1.1304274797439575,1.1389589994496394,1.1282945489656684,1.1282945489656684,29800
2003-09-11,1.1474891901016235,1.1474891901016235,1.1240274872331226,1.1304261704531209,79500
2003-09-12,1.1368253231048584,1.1517555236499661,1.1325595660496377,1.138958252484304,107900
2003-09-15,1.1453566551208496,1.1474895841611916,1.13682514236679,1.13682514236679,27500
2003-09-16,1.1560215950012207,1.1581544232568635,1.1368256321819457,1.1368256321819457,100700
2003-09-17,1.1517550945281982,1.1560208499940805,1.1432235835964335,1.1432235835964335,41900
2003-09-18,1.1453566551208496,1.153888167874909,1.1346923150301025,1.1453566551208496,77100
2003-09-19,1.1453566551208496,1.1453566551208496,1.1389580714071321,1.14109089874382,30100
2003-09-22,1.1389576196670532,1.147489129037295,1.1304261102968112,1.1410904461578066,29800
2003-09-23,1.1410911083221436,1.1474897949147291,1.1325595940011448,1.1410911083221436,36300
2003-09-24,1.1453566551208496,1.1474895841611916,1.1346923150301025,1.1346923150301025,37900
2003-09-25,1.1453566551208496,1.1474895841611916,1.1325593859897605,1.13682514236679,55300
2003-09-26,1.1389225721359253,1.145357208009322,1.1389225721359253,1.1432122952931671,39300
2003-09-29,1.147501826286316,1.147501826286316,1.1389223814085718,1.1389223814085718,37200
2003-09-30,1.1539356708526611,1.1539356708526611,1.1410665123490045,1.1410665123490045,72000
2003-10-01,1.1582255363464355,1.1582255363464355,1.1475011851041101,1.1475011851041101,14200
2003-10-02,1.1625161170959473,1.1646609275673985,1.1453572242240626,1.1453572242240626,37100
2003-10-03,1.1668052673339844,1.1668052673339844,1.1560809134179018,1.1582258251111257,28300
2003-10-06,1.1689503192901611,1.1775297632931134,1.1582260654239909,1.164660597288685,47200
2003-10-07,1.1582255363464355,1.1668049764302986,1.1496460962625725,1.1603703452299048,55600
2003-10-08,1.1560816764831543,1.1582265895921162,1.1517919525403166,1.1517919525403166,38800
2003-10-09,1.1668052673339844,1.1668052673339844,1.1539361039996965,1.1539361039996965,43800
2003-10-10,1.1689503192901611,1.171095231428419,1.1582260654239909,1.1582260654239909,51500
2003-10-13,1.1689503192901611,1.1775297632931134,1.1603708752872088,1.164660597288685,42500
2003-10-14,1.1710948944091797,1.179674335943129,1.1668051736422052,1.168949982888187,73300
2003-10-15,1.1818196773529053,1.1839644873790653,1.1753850427243295,1.1775298527504896,26900
2003-10-16,1.1839646100997925,1.2032684137113567,1.168950529260236,1.168950529260236,56100
2003-10-17,1.1903990507125854,1.2011233047511871,1.179674694398942,1.179674694398942,16100
2003-10-20,1.1925430297851562,1.1968327488670285,1.1818187832179607,1.1903982213817053,42800
2003-10-21,1.1903990507125854,1.1968335826807381,1.183964416469391,1.18825413853984,36400
2003-10-22,1.18825364112854,1.1946882726781525,1.1861088321286684,1.1861088321286684,15500
2003-10-23,1.1925430297851562,1.1946879404635775,1.1839635916214117,1.1839635916214117,45400
2003-10-24,1.1925430297851562,1.1968327488670285,1.1818187832179607,1.1903982213817053,70400
2003-10-27,1.1903990507125854,1.1989784948534834,1.1861093286421363,1.1861093286421363,31200
2003-10-28,1.1968342065811157,1.1989791198719877,1.1903996712586897,1.1903996712586897,32400
2003-10-29,1.1946769952774048,1.2183980476044785,1.1925205920628714,1.1925205920628714,54100
2003-10-30,1.186051845550537,1.1968341761867123,1.186051845550537,1.194677668928307,53400
2003-10-31,1.1882083415985107,1.1968341648948981,1.1860518343604516,1.1925212532467044,18500
2003-11-03,1.1968344449996948,1.19899084991451,1.186052111941772,1.1903650245993513,30700
2003-11-04,1.1925204992294312,1.201146317071811,1.1903639933549062,1.1946769022760964,21700
2003-11-05,1.1882083415985107,1.201147076543092,1.1882083415985107,1.1903647460086453,31500
2003-11-06,1.186051845550537,1.1989905806171919,1.1817389338616522,1.186051845550537,36100
2003-11-07,1.186051845550537,1.1968341761867123,1.186051845550537,1.186051845550537,30400
2003-11-10,1.1882083415985107,1.1989905693050327,1.1817389227122577,1.1838953271223922,37000
2003-11-11,1.186051845550537,1.1989905806171919,1.186051845550537,1.1925212644978274,18100
2003-11-12,1.183895230293274,1.1925211557120838,1.183895230293274,1.1860517373549555,65700
2003-11-13,1.1925204992294312,1.201146317071811,1.1817381755125262,1.1860510844337162,56600
2003-11-14,1.1925204992294312,1.2033027201184763,1.1882075903082412,1.1903639933549062,55200
2003-11-17,1.1925204992294312,1.2054592259930013,1.1903639933549062,1.1903639933549062,47400
2003-11-18,1.2033028602600098,1.20545936638569,1.1925206381152231,1.1925206381152231,35400
2003-11-19,1.2054591178894043,1.2076155207426869,1.1968333008205734,1.1989897036738557,16300
2003-11-20,1.1946769952774048,1.2076157230482083,1.1946769952774048,1.2076157230482083,11300
2003-11-21,1.2054591178894043,1.2054591178894043,1.1946767951394404,1.1946767951394404,47300
2003-11-24,1.1968344449996948,1.2054602703148536,1.1903650245993513,1.1925215323421154,49300
2003-11-25,1.1968339681625366,1.203338546110852,1.1903293902142211,1.1903293902142211,27600
2003-11-26,1.1946654319763184,1.2033381306552948,1.1924972056132126,1.1968335549527007,56900
2003-11-28,1.1990026235580444,1.201170748057431,1.1946662711724751,1.1946662711724751,2200
2003-12-01,1.2120106220245361,1.2120106220245361,1.194665227633446,1.194665227633446,50300
2003-12-02,1.2055057287216187,1.2141784236242674,1.1990012592379715,1.1990012592379715,81000
2003-12-03,1.2120106220245361,1.2185150932278421,1.2055060474345245,1.2055060474345245,65300
2003-12-04,1.2098419666290283,1.2250192330277923,1.2055056195703342,1.2055056195703342,90500
2003-12-05,1.2185144424438477,1.2271871350074826,1.209841749880213,1.209841749880213,38100
2003-12-08,1.229356050491333,1.2358605218749321,1.2206833530553953,1.2271878244389942,75300
2003-12-09,1.231523871421814,1.2336920969429166,1.2271875237662917,1.2271875237662917,38500
2003-12-10,1.2228515148162842,1.2358605613860976,1.2228515148162842,1.2250197409379424,37100
2003-12-11,1.2336927652359009,1.2358608885447955,1.220683715222315,1.2228518385312095,39300
2003-12-12,1.2228515148162842,1.2336924386511512,1.2163470432247334,1.2271878636728888,66200
2003-12-15,1.2228515148162842,1.2336924386511512,1.2228515148162842,1.2228515148162842,57800
2003-12-16,1.2445333003997803,1.2445333003997803,1.21851520639673,1.21851520639673,46600
2003-12-17,1.2380285263061523,1.2467012221895795,1.2336921783644388,1.2358603006419506,39900
2003-12-18,1.2358607053756714,1.2380289317499487,1.2293562330262875,1.2380289317499487,54300
2003-12-19,1.2336927652359009,1.2358608885447955,1.2271881885357383,1.2315245385402669,39500
2003-12-22,1.2401975393295288,1.2423657665510144,1.2271884861609088,1.2271884861609088,100400
2003-12-23,1.2445333003997803,1.2467015265933923,1.233692479591867,1.233692479591867,28600
2003-12-24,1.25320565700531,1.2553737790427062,1.244532858695689,1.244532858695689,18400
2003-12-26,1.2488700151443481,1.2553744883181854,1.2445335618461406,1.2467017884952443,19600
2003-12-29,1.2532289028167725,1.2619470086090825,1.2466902715085306,1.2554084812288595,50700
2003-12-30,1.264127492904663,1.2663069689505606,1.2466911648970176,1.2510502209169057,42300
2003-12-31,1.2706644535064697,1.2772030814138564,1.2532282509907253,1.259766878898112,54000
2004-01-02,1.264127492904663,1.2772046609643275,1.264127492904663,1.2706660249704487,23700
2004-01-05,1.2706644535064697,1.2750235041354059,1.2554078282691759,1.2750235041354059,47000
2004-01-06,1.2663055658340454,1.2750236682138203,1.253228412264383,1.261946514644158,58900
2004-01-07,1.2684860229492188,1.270665498091401,1.2619473896665718,1.2619473896665718,19600
2004-01-08,1.2663055658340454,1.2706646170239329,1.2663055658340454,1.2684851433929782,30500
2004-01-09,1.2750239372253418,1.2750239372253418,1.2597673068057975,1.2597673068057975,41800
2004-01-12,1.281562328338623,1.281562328338623,1.2706646481331119,1.2750236994297202,51500
2004-01-13,1.2793833017349243,1.2924604612568593,1.275024248560946,1.2793833017349243,39400
2004-01-14,1.2881009578704834,1.2924600095209016,1.2793828545696468,1.2793828545696468,24900
2004-01-15,1.2837414741516113,1.2924595745181997,1.2815620010239415,1.2881005243349055,26900
2004-01-16,1.285921335220337,1.3011779622675217,1.279382706537274,1.2815622840742873,55700
2004-01-20,1.2968193292617798,1.3011783818133418,1.2815626972953187,1.2815626972953187,52900
2004-01-21,1.314256191253662,1.3164356664739683,1.298999448999302,1.3033585033679684,51000
2004-01-22,1.3164347410202026,1.3229733699405728,1.3033575871074434,1.3033575871074434,40300
2004-01-23,1.305537462234497,1.3164351458100423,1.3033579878761958,1.3098966188071255,61600
2004-01-26,1.3120756149291992,1.3164346659849917,1.307716563873407,1.307716563873407,32000
2004-01-27,1.3033578395843506,1.320794048178977,1.3033578395843506,1.3120759438816638,55200
2004-01-28,1.3143099546432495,1.3186909836473149,1.3055478966351188,1.3055478966351188,16900
2004-01-29,1.3011682033538818,1.3165018728349756,1.3011682033538818,1.3099302703567703,32600
2004-01-30,1.3011682033538818,1.303358667878565,1.2967871698524376,1.2989776343771207,16900
2004-02-02,1.3011682033538818,1.3186923373596589,1.2902155673742322,1.2924061363509933,59800
2004-02-03,1.2945960760116577,1.3099297392760727,1.2924056123750474,1.2967866441003035,31800
2004-02-04,1.2967866659164429,1.2967866659164429,1.2924056341174834,1.2945960977909445,19700
2004-02-05,1.2945960760116577,1.30116767582556,1.285834012561145,1.285834012561145,33400
2004-02-06,1.2858343124389648,1.2967869465324589,1.2748817827975307,1.283643848291502,72000
2004-02-09,1.288024663925171,1.2945961597119082,1.2770720316778856,1.2814530636863912,54000
2004-02-10,1.2967866659164429,1.298977129589904,1.2858340341930257,1.2924056341174834,35300
2004-02-11,1.3055490255355835,1.3055490255355835,1.296786959950947,1.296786959950947,26300
2004-02-12,1.3011682033538818,1.305549236855326,1.2967871698524376,1.305549236855326,29500
2004-02-13,1.3055490255355835,1.3055490255355835,1.2945963913287573,1.296786959950947,47300
2004-02-17,1.3077389001846313,1.314310498636701,1.3011674061845757,1.3033578693672563,56600
2004-02-18,1.3033576011657715,1.3099291982655552,1.3033576011657715,1.3033576011657715,33900
2004-02-19,1.312120795249939,1.3143113643274846,1.3011682632184596,1.3033587278439225,39800
2004-02-20,1.3011682033538818,1.3011682033538818,1.2770724668698994,1.2902155673742322,63400
2004-02-23,1.288024663925171,1.2989771917204138,1.283643631916665,1.2989771917204138,62200
2004-02-24,1.2902145385742188,1.2902145385742188,1.2814524785580812,1.2880240757961816,45300
2004-02-25,1.2902144193649292,1.2924160958127384,1.2836091800480673,1.2836091800480673,21500
2004-02-26,1.292417049407959,1.2968205105393382,1.2880135882765797,1.294618832467046,45000
2004-02-27,1.292417049407959,1.2990222935984252,1.2902153713356668,1.292417049407959,9700
2004-03-01,1.3034255504608154,1.3034255504608154,1.2902151691369692,1.2902151691369692,12900
2004-03-02,1.3034255504608154,1.3034255504608154,1.2880133864229393,1.2902151691369692,22900
2004-03-03,1.3012237548828125,1.312232458370574,1.2902151563818283,1.2946186167795772,29900
2004-03-04,1.3034255504608154,1.3078290109020974,1.2990220900195333,1.2990220900195333,20900
2004-03-05,1.3100305795669556,1.3210392822470556,1.3056271194922695,1.3056271194922695,39300
2004-03-08,1.3122329711914062,1.3122329711914062,1.3012242634014402,1.3078295090727834,58900
2004-03-09,1.3100305795669556,1.3100305795669556,1.3056271194922695,1.3078289020229974,24500
2004-03-10,1.3012237548828125,1.3144341360760599,1.3012237548828125,1.3056272152805615,31300
2004-03-11,1.3034255504608154,1.3078290109020974,1.2968203073055031,1.3012237677467853,35600
2004-03-12,1.3034255504608154,1.3056272281880672,1.2924168468642212,1.2990220900195333,40700
2004-03-15,1.2858117818832397,1.299022163959012,1.2836099990438856,1.294618703267088,55600
2004-03-16,1.2880125045776367,1.301222876856924,1.2792055897247785,1.2814073709313463,79300
2004-03-17,1.2990227937698364,1.3056279355167297,1.2814089424623407,1.2858124052892146,92900
2004-03-18,1.2968195676803589,1.3012230256101827,1.2836091938908876,1.2946178912088062,50600
2004-03-19,1.2880125045776367,1.307828115489921,1.2836090471512076,1.2880125045776367,60900
2004-03-22,1.292417049407959,1.2990222935984252,1.2858119102042875,1.2858119102042875,28000
2004-03-23,1.2946184873580933,1.3034254072731741,1.281408107485472,1.3034254072731741,57700
2004-03-24,1.2770050764083862,1.288013677506078,1.2770050764083862,1.283610216069641,62200
2004-03-25,1.2770050764083862,1.288013677506078,1.2748032931967668,1.2770050764083862,61200
2004-03-26,1.279205560684204,1.2880124753371274,1.2770038845143254,1.2770038845143254,39400
2004-03-29,1.288059115409851,1.2902722204602086,1.2792064841450428,1.2792064841450428,56800
2004-03-30,1.2924854755401611,1.294698580666712,1.285845949097124,1.285845949097124,72500
2004-03-31,1.2991245985031128,1.2991245985031128,1.2880588643448505,1.2880588643448505,66500
2004-04-01,1.2902714014053345,1.2946977142279474,1.2858450885827215,1.2946977142279474,88700
2004-04-02,1.288059115409851,1.2991248517250167,1.2792064841450428,1.283632799777447,84100
2004-04-05,1.279205560684204,1.296910810432368,1.268139726825795,1.288058185558286,70900
2004-04-06,1.279205560684204,1.2902712890110002,1.261500205404427,1.279205560684204,56600
2004-04-07,1.2637144327163696,1.274780275491867,1.261501221948591,1.2659275379524504,70600
2004-04-08,1.2681392431259155,1.290270796869595,1.2659260349857613,1.2659260349857613,39600
2004-04-12,1.2659275531768799,1.28141971214255,1.2659275531768799,1.28141971214255,42800
2004-04-13,1.2393690347671509,1.265926917779702,1.2327296167798363,1.2637138136278123,71200
2004-04-14,1.2128112316131592,1.239369116374436,1.2083849174862797,1.2349428022475566,143400
2004-04-15,1.2039575576782227,1.2371549375625066,1.188465418923807,1.2105969703361426,109700
2004-04-16,1.2371560335159302,1.2460086619230994,1.1973191001520136,1.1995323100196336,55100
2004-04-19,1.2371560335159302,1.2460086619230994,1.2260901952411412,1.2415823477195147,56500
2004-04-20,1.2283045053482056,1.2460097780218358,1.2238781871797981,1.2238781871797981,19000
2004-04-21,1.217236876487732,1.23494212326068,1.1995316297147838,1.217236876487732,57100
2004-04-22,1.223876714706421,1.223876714706421,1.2039582541470566,1.2061713578027513,85000
2004-04-23,1.2083853483200073,1.2128116640250308,1.1951064012049368,1.20617213770165,40600
2004-04-26,1.2039575576782227,1.217236488525624,1.1973180394887413,1.217236488525624,39800
2004-04-27,1.2260900735855103,1.2260900735855103,1.19953219099914,1.2039585047635353,81500
2004-04-28,1.2194145917892456,1.2305406797385383,1.2194145917892456,1.2305406797385383,26600
2004-04-29,1.21273934841156,1.2171897639502598,1.2038385173341608,1.21273934841156,33100
2004-04-30,1.21273934841156,1.2305411166726348,1.21273934841156,1.2305411166726348,18800
2004-05-03,1.2082887887954712,1.2216400338195563,1.2038383737874427,1.2038383737874427,59800
2004-05-04,1.201612949371338,1.2127389313386134,1.1904868612978228,1.2060633633794962,83000
2004-05-05,1.201612949371338,1.2127389313386134,1.1949372753059808,1.1971625353631798,44400
2004-05-06,1.21273934841156,1.21273934841156,1.1927125315405496,1.1927125315405496,28500
2004-05-07,1.1682350635528564,1.1904871387802294,1.1682350635528564,1.1904871387802294,192200
2004-05-10,1.1459832191467285,1.157109205948253,1.1304067102970516,1.1348571262389184,105300
2004-05-11,1.1504327058792114,1.1749100268421862,1.1348562096107366,1.1348562096107366,56000
2004-05-12,1.1459832191467285,1.1548840510304623,1.1370823872629947,1.1415328032048617,30000
2004-05-13,1.1459832191467285,1.152658790006386,1.1393075421807854,1.1482083740645193,60100
2004-05-14,1.1682350635528564,1.1682350635528564,1.143757727749614,1.143757727749614,34600
2004-05-17,1.1571093797683716,1.166010212989182,1.143758129937156,1.1526589631579662,59400
2004-05-18,1.1682350635528564,1.1682350635528564,1.1393073127041395,1.1393073127041395,35300
2004-05-19,1.154883861541748,1.1682351071767298,1.148208185671123,1.1571090160944442,23400
2004-05-20,1.166009545326233,1.1682348054103913,1.145982735100013,1.152658303140006,84400
2004-05-21,1.1571093797683716,1.1771363075683459,1.1571093797683716,1.1571093797683716,55300
2004-05-24,1.166009545326233,1.1704600654945496,1.1571087172020817,1.1615591312641573,56200
2004-05-25,1.1682350635528564,1.1793611542196751,1.1526585578405633,1.1615593879315125,68500
2004-05-26,1.1749482154846191,1.186138241175632,1.1615202486849998,1.1615202486849998,100000
2004-05-27,1.186140537261963,1.1906165348596376,1.1727124377527387,1.1749504899096763,75600
2004-05-28,1.183901071548462,1.1883770638018822,1.1771871365263678,1.1861391210332086,57100
2004-06-01,1.192853331565857,1.1950913815675208,1.1749493584169364,1.1749493584169364,50000
2004-06-02,1.186140537261963,1.1973304778980491,1.186140537261963,1.1928544803003744,62900
2004-06-03,1.1995677947998047,1.2040437896539924,1.1861398102372414,1.1950917999456168,46400
2004-06-04,1.201804757118225,1.2174707796684243,1.201804757118225,1.201804757118225,48400
2004-06-07,1.1995677947998047,1.2174717742165557,1.1950917999456168,1.1950917999456168,37600
2004-06-08,1.2174712419509888,1.21970918504161,1.199567270361665,1.199567270361665,49600
2004-06-09,1.2129939794540405,1.219707908414751,1.1995660148166423,1.206279943777353,54500
2004-06-10,1.1950914859771729,1.2129954606902813,1.1906154922988956,1.2129954606902813,54600
2004-06-14,1.1950914859771729,1.204043473333727,1.1883774421017035,1.1883774421017035,23700
2004-06-15,1.190614938735962,1.208518905124824,1.1816629555415308,1.1861389471387465,91000
2004-06-16,1.186140537261963,1.2107584706910728,1.186140537261963,1.2040445276526612,64800
2004-06-17,1.1950914859771729,1.1950914859771729,1.1794254547451493,1.1861394986206186,24100
2004-06-18,1.183901071548462,1.1950911055400495,1.183901071548462,1.1928530560553028,35300
2004-06-21,1.186140537261963,1.1995685300549865,1.186140537261963,1.186140537261963,36600
2004-06-22,1.1995677947998047,1.2040437896539924,1.1883777543062677,1.1883777543062677,42100
2004-06-23,1.1995677947998047,1.1995677947998047,1.190615805091429,1.1928537491604554,27900
2004-06-24,1.1950914859771729,1.197329429458258,1.1906154922988956,1.1928534357799807,24600
2004-06-25,1.1950914859771729,1.197329429458258,1.1906154922988956,1.1906154922988956,36400
2004-06-28,1.1973413228988647,1.2018426016296557,1.1928400441680738,1.195090629873994,20600
2004-06-29,1.201843500137329,1.206344782233314,1.1928409359453591,1.1928409359453591,20500
2004-06-30,1.2130968570709229,1.2130968570709229,1.1928411378696155,1.1928411378696155,36700
2004-07-01,1.2040936946868896,1.2175975365691787,1.2018431080326726,1.2018431080326726,35300
2004-07-02,1.217597484588623,1.217597484588623,1.2018430567246905,1.2063443371599556,27600
2004-07-06,1.2085951566696167,1.2175977192753522,1.2085951566696167,1.2175977192753522,20800
2004-07-07,1.2153468132019043,1.2175973996029554,1.2063442529597332,1.2108455330808188,57100
2004-07-08,1.2198492288589478,1.2198492288589478,1.2108466602364456,1.2108466602364456,49200
2004-07-09,1.2198492288589478,1.2198492288589478,1.2175985330437806,1.2175985330437806,18000
2004-07-12,1.217597484588623,1.2220987650238881,1.2153468980304858,1.2198481784657509,26900
2004-07-13,1.2198492288589478,1.2220998173550317,1.2175985330437806,1.2175985330437806,27200
2004-07-14,1.2243493795394897,1.2333519398264798,1.2153468192524994,1.2243493795394897,56000
2004-07-15,1.233351230621338,1.233351230621338,1.219847397955865,1.2220979830739827,32000
2004-07-16,1.2378520965576172,1.2491053403629684,1.2243482683825277,1.2243482683825277,91200
2004-07-19,1.2378520965576172,1.2423533726159803,1.2311001288106291,1.2378520965576172,38900
2004-07-20,1.2401041984558105,1.2446054796328967,1.23110152878263,1.23110152878263,28500
2004-07-21,1.2288509607315063,1.2401042175066013,1.2266002664488833,1.2401042175066013,37500
2004-07-22,1.2266008853912354,1.2378541478447223,1.2266008853912354,1.2266008853912354,14300
2004-07-23,1.2288509607315063,1.2378535232239782,1.2266002664488833,1.2266002664488833,30400
2004-07-26,1.2220985889434814,1.237853121856486,1.2220985889434814,1.2220985889434814,50600
2004-07-27,1.2153468132019043,1.231101239966212,1.2153468132019043,1.222098679724041,44900
2004-07-28,1.2221366167068481,1.2357158992579909,1.2153469214720043,1.2266630442238957,34400
2004-07-29,1.2334530353546143,1.2402427328123053,1.2221370168165693,1.2334530353546143,26000
2004-07-30,1.2425051927566528,1.2425051927566528,1.2289259134166288,1.2289259134166288,18200
2004-08-02,1.240241289138794,1.2447677128688517,1.2357148654087362,1.2425044470445956,25900
2004-08-03,1.240241289138794,1.2447677128688517,1.224398752124365,1.224398752124365,72100
2004-08-04,1.2425051927566528,1.2470317271218467,1.2357156070459003,1.2379787663099782,35000
2004-08-05,1.240241289138794,1.2515574024231653,1.240241289138794,1.240241289138794,45400
2004-08-06,1.2470320463180542,1.2538216337667014,1.2447687785561405,1.2470320463180542,45100
2004-08-09,1.2425051927566528,1.2538213128325992,1.2243994869699542,1.2470317271218467,64800
2004-08-10,1.2560851573944092,1.2560851573944092,1.242505763893885,1.242505763893885,38200
2004-08-11,1.2470320463180542,1.258348061371982,1.2470320463180542,1.249295206161421,37200
2004-08-12,1.2538220882415771,1.2560853568238612,1.2425059611673281,1.2470324983318963,32000
2004-08-13,1.2560851573944092,1.2606115859217275,1.2447690321168285,1.2560851573944092,30300
2004-08-16,1.26513671875,1.2719263006280932,1.249294181170352,1.2538206050619003,44400
2004-08-17,1.2696627378463745,1.2741891602948041,1.253820205317659,1.2628730502145182,43400
2004-08-18,1.26513671875,1.2741895665330965,1.2583470289534484,1.2606102948584517,10800
2004-08-19,1.26513671875,1.2673998767365449,1.26513671875,1.26513671875,29700
2004-08-20,1.2674000263214111,1.2674000263214111,1.2651368680677568,1.2651368680677568,34500
2004-08-23,1.2606099843978882,1.2719259873806465,1.2583467190502775,1.267399564603857,28800
2004-08-24,1.2606099843978882,1.2696628299514676,1.2583467190502775,1.2696628299514676,30800
2004-08-25,1.2606099843978882,1.2741892527282572,1.2583467190502775,1.2628731418270673,60100
2004-08-26,1.2628741264343262,1.2741902461581955,1.2606109672406618,1.2606109672406618,75400
2004-08-27,1.2742514610290527,1.2833532486541135,1.2697005672165222,1.2697005672165222,32200
2004-08-30,1.2924551963806152,1.2970060907568826,1.2765271203146198,1.2765271203146198,61400
2004-08-31,1.2856287956237793,1.2970059763095894,1.281077901649081,1.2970059763095894,71900
2004-09-01,1.2947306632995605,1.2970060561760874,1.2833533734112934,1.2833533734112934,21200
2004-09-02,1.2901791334152222,1.3061072012093007,1.2879036331578828,1.2924545251707373,37400
2004-09-03,1.301556944847107,1.301556944847107,1.283353367905478,1.2879042621408854,48000
2004-09-07,1.2879045009613037,1.3038326879897841,1.2879045009613037,1.3038326879897841,24100
2004-09-08,1.2970054149627686,1.3015563069678306,1.2879036309526444,1.2879036309526444,54900
2004-09-09,1.2924551963806152,1.303832486572224,1.287904302004348,1.2947306978196893,44300
2004-09-10,1.299281358718872,1.299281358718872,1.290179571601902,1.294730465160387,51100
2004-09-13,1.299281358718872,1.299281358718872,1.2924549641302139,1.297005857688699,40600
2004-09-14,1.2947306632995605,1.3015569504310187,1.292455161921156,1.292455161921156,34000
2004-09-15,1.3061076402664185,1.3083831412886833,1.2970058531810809,1.3015567467237497,46600
2004-09-16,1.3038324117660522,1.3083833058812162,1.297006016342369,1.297006016342369,22500
2004-09-17,1.3152092695236206,1.3334128400080711,1.2970055905373312,1.2970055905373312,54700
2004-09-20,1.308382272720337,1.3265858348065946,1.2970049921655316,1.3129331632419015,66100
2004-09-21,1.312934398651123,1.3174852934548644,1.297006212587083,1.3015571073908243,29400
2004-09-22,1.312934398651123,1.3174852934548644,1.3015571073908243,1.3038326090436403,44900
2004-09-23,1.3038324117660522,1.3174850941115444,1.3038324117660522,1.3174850941115444,22000
2004-09-24,1.3174846172332764,1.3174846172332764,1.3038319398295233,1.3038319398295233,16100
2004-09-27,1.3174846172332764,1.3197601177181526,1.308382832297441,1.315209225250235,26000
2004-09-28,1.312910556793213,1.3266344570489512,1.3037613626673854,1.3266344570489512,36800
2004-09-29,1.3106231689453125,1.3174851183200353,1.3014739758236722,1.3174851183200353,34700
2004-09-30,1.3174844980239868,1.3174844980239868,1.3037606057360032,1.3083352001430197,17900
2004-10-01,1.3174844980239868,1.3243463351010447,1.3060479574729784,1.3083352001430197,173300
2004-10-04,1.3312084674835205,1.3334957104735512,1.3106227352384976,1.3151973302855082,42300
2004-10-05,1.3174844980239868,1.3243463351010447,1.310622551879995,1.3220590924310034,39000
2004-10-06,1.3334952592849731,1.3334952592849731,1.3129095340051373,1.3151968852881912,48600
2004-10-07,1.3220593929290771,1.3334958270126012,1.3220593929290771,1.3220593929290771,33100
2004-10-08,1.3312084674835205,1.3312084674835205,1.319771925332519,1.322059277389499,42800
2004-10-11,1.3334952592849731,1.3334952592849731,1.3197714787873867,1.3334952592849731,47300
2004-10-12,1.3312084674835205,1.3334957104735512,1.3151973302855082,1.3334957104735512,36100
2004-10-13,1.33578360080719,1.3380708447189045,1.3266344070263456,1.3289216509380601,60400
2004-10-14,1.3312084674835205,1.338070305520562,1.3151973302855082,1.338070305520562,47500
2004-10-15,1.3243465423583984,1.33349573260426,1.3197719472354676,1.33349573260426,14100
2004-10-18,1.3334952592849731,1.344931797566418,1.3197714787873867,1.3220588300704406,73500
2004-10-19,1.3289203643798828,1.3334949568415375,1.3266331226824992,1.3334949568415375,27300
2004-10-20,1.3243465423583984,1.3426449228501216,1.3243465423583984,1.3403576798221317,56700
2004-10-21,1.3197722434997559,1.333496031949283,1.3197722434997559,1.3243468396495983,17300
2004-10-22,1.3312084674835205,1.3334957104735512,1.319771925332519,1.3243465203795297,23900
2004-10-25,1.340357780456543,1.3426450236562597,1.3220593985909725,1.3220593985909725,104200
2004-10-26,1.3517943620681763,1.3517943620681763,1.3334959782062743,1.3380705741717498,55000
2004-10-27,1.3471957445144653,1.3563916109242535,1.3357008566905426,1.349494656305225,24700
2004-10-28,1.3540928363800049,1.3563918582132828,1.333402187997477,1.3517939241701216,37500
2004-10-29,1.3517943620681763,1.3517943620681763,1.340299468424939,1.3448974039575479,27000
2004-11-01,1.3471957445144653,1.354092589510119,1.3425978113095711,1.3517936777193593,57800
2004-11-02,1.3517943620681763,1.3540932750227657,1.3425984910029585,1.3471964265355674,55400
2004-11-03,1.349495768547058,1.3563927288504969,1.3471968548615552,1.3471968548615552,45000
2004-11-04,1.349495768547058,1.3563927288504969,1.349495768547058,1.351794791856026,87100
2004-11-05,1.3448972702026367,1.3563921627026652,1.3402993351273091,1.3494952052779643,101100
2004-11-08,1.3448972702026367,1.3540931403532919,1.3448972702026367,1.3494952052779643,28300
2004-11-09,1.3448972702026367,1.3540931403532919,1.3448972702026367,1.3448972702026367,43600
2004-11-10,1.3471957445144653,1.3563916109242535,1.3471957445144653,1.349494656305225,23700
2004-11-11,1.3563929796218872,1.3609909174664299,1.344898080198788,1.3471971039328021,62200
2004-11-12,1.3655883073806763,1.3655883073806763,1.3540934125698025,1.3632892845691251,29100
2004-11-15,1.3586914539337158,1.374784285992223,1.356392540567329,1.374784285992223,37400
2004-11-16,1.3632903099060059,1.3747852133622491,1.356393455531079,1.356393455531079,59100
2004-11-17,1.372485637664795,1.379382598893594,1.3586918248306765,1.3701867236708485,45600
2004-11-18,1.3586914539337158,1.3770831993586097,1.3586914539337158,1.3724852630023863,56800
2004-11-19,1.3678874969482422,1.3747844571529744,1.3586916230909083,1.3678874969482422,39100
2004-11-22,1.3747847080230713,1.3770836220951779,1.3609908947199816,1.3632898087920882,33400
2004-11-23,1.3678874969482422,1.377083370805576,1.3678874969482422,1.3678874969482422,55900
2004-11-24,1.386279582977295,1.3931764346963191,1.3678877226051065,1.3678877226051065,63500
2004-11-26,1.3885892629623413,1.3885892629623413,1.383968228045986,1.3885892629623413,11000
2004-11-29,1.3793487548828125,1.39552206359571,1.3724174155570366,1.3862802043802407,70300
2004-11-30,1.386278510093689,1.393209951119625,1.3747261451076345,1.3816575861335707,40000
2004-12-01,1.3816585540771484,1.3885899999590228,1.374727108195274,1.3885899999590228,129800
2004-12-02,1.3839681148529053,1.3839681148529053,1.3747262661191466,1.379347190486026,67900
2004-12-03,1.3816585540771484,1.3816585540771484,1.3701061809978896,1.3724166996823792,45700
2004-12-06,1.3839681148529053,1.3839681148529053,1.3747262661191466,1.3839681148529053,41600
2004-12-07,1.3793487548828125,1.3862802043802407,1.3770383451647712,1.3839696844905471,33200
2004-12-08,1.3885892629623413,1.3932101877071605,1.3701054538115287,1.379347303301167,64800
2004-12-09,1.3885892629623413,1.3978311124519796,1.3816578207593446,1.3862787455041636,31500
2004-12-10,1.3885892629623413,1.4047624444834401,1.3885892629623413,1.3978311124519796,23500
2004-12-13,1.3955204486846924,1.404762297205397,1.3862786001639877,1.404762297205397,32900
2004-12-14,1.3955204486846924,1.4001413729450447,1.3885891173799263,1.3955204486846924,30600
2004-12-15,1.3816585540771484,1.4024527815511767,1.3816585540771484,1.3978318543537922,55800
2004-12-16,1.4001421928405762,1.4001421928405762,1.383968893372817,1.383968893372817,84200
2004-12-17,1.390899896621704,1.4024522654496991,1.390899896621704,1.4024522654496991,22500
2004-12-20,1.3932102918624878,1.3978312169527638,1.3839683315103914,1.3862788491413016,40800
2004-12-21,1.390899896621704,1.3955208221185913,1.386278971124817,1.386278971124817,30400
2004-12-22,1.3955204486846924,1.4001413729450447,1.3885891173799263,1.3885891173799263,52000
2004-12-23,1.3978322744369507,1.3978322744369507,1.3885904172647747,1.3909008264720049,28100
2004-12-27,1.3932102918624878,1.4001416244121294,1.388589366772212,1.388589366772212,50700
2004-12-28,1.3932102918624878,1.3978312169527638,1.3862788491413016,1.3862788491413016,70600
2004-12-29,1.3908891677856445,1.3978552727018625,1.3885672066285595,1.393211239665211,58300
2004-12-30,1.3978548049926758,1.4024988364754776,1.390888702407251,1.390888702407251,12200
2004-12-31,1.4024981260299683,1.4024981260299683,1.3932100677692973,1.397854096899633,25500
2005-01-03,1.3932101726531982,1.4024982316130945,1.3885661431732501,1.3978542021331464,35900
2005-01-04,1.3955333232879639,1.3955333232879639,1.3885672183131272,1.3908891794897513,41300
2005-01-05,1.3839229345321655,1.3955330704794926,1.3839229345321655,1.3932109990010422,60400
2005-01-06,1.3839229345321655,1.3885669667666038,1.3816008630537153,1.3839229345321655,47900
2005-01-07,1.3676695823669434,1.388567795252012,1.3676695823669434,1.381601687382813,151500
2005-01-10,1.3723121881484985,1.3792782887627038,1.3723121881484985,1.3769562183171644,146800
2005-01-11,1.374635100364685,1.376957061509686,1.3723130284972032,1.3723130284972032,133000
2005-01-12,1.3723121881484985,1.386244278654496,1.3653461982567063,1.3816002484858303,183300
2005-01-13,1.3769567012786865,1.3792787725386821,1.369990708943603,1.372312669481147,98500
2005-01-14,1.3699899911880493,1.3862440386025054,1.3699899911880493,1.3792780499169939,147800
2005-01-18,1.3723121881484985,1.3816002484858303,1.3699902284253722,1.3769562183171644,152100
2005-01-19,1.374635100364685,1.376957061509686,1.3699910673522022,1.3699910673522022,30900
2005-01-20,1.374635100364685,1.3885671994021336,1.3699910673522022,1.3699910673522022,425500
2005-01-21,1.3676695823669434,1.3908897573933927,1.3676695823669434,1.3792797252414322,354200
2005-01-24,1.374635100364685,1.379279133377168,1.3723130284972032,1.379279133377168,137500
2005-01-25,1.3699899911880493,1.3792780499169939,1.3676679211446163,1.3792780499169939,105500
2005-01-26,1.3769567012786865,1.3792787725386821,1.372312669481147,1.3746347407411426,119800
2005-01-27,1.3757888078689575,1.3827962703177936,1.3734530613059035,1.3804604123749027,56200
2005-01-28,1.3851318359375,1.3851318359375,1.3757886281461371,1.3757886281461371,282600
2005-01-31,1.3898024559020996,1.3898024559020996,1.3804592547253935,1.3851308553137465,43600
2005-02-01,1.396809458732605,1.396809458732605,1.3827946615201356,1.3851304053656934,95400
2005-02-02,1.413161277770996,1.420168626472122,1.3921390089080194,1.3968106118353698,105800
2005-02-03,1.4108257293701172,1.4154973333198266,1.403818379135465,1.4084899830851745,34700
2005-02-04,1.42951238155365,1.4318482396046748,1.4178334254380518,1.4178334254380518,45000
2005-02-07,1.4248405694961548,1.4388553816234162,1.4248405694961548,1.4388553816234162,68200
2005-02-08,1.4225046634674072,1.429512013054445,1.4225046634674072,1.4271762669853703,32800
2005-02-09,1.4388545751571655,1.4481977780052175,1.4248397708850875,1.4248397708850875,56700
2005-02-10,1.4411907196044922,1.4481980674511818,1.4318475148890486,1.4388548627357385,68100
2005-02-11,1.4458616971969604,1.4458616971969604,1.4318468961796722,1.4388542409984475,40800
2005-02-14,1.4505348205566406,1.476228705089391,1.443527357000489,1.4481989622446385,69900
2005-02-15,1.4481985569000244,1.4622134800896105,1.443526952963437,1.452870160836612,121800
2005-02-16,1.4552067518234253,1.4552067518234253,1.4341844678250193,1.4411919329511145,110700
2005-02-17,1.4598771333694458,1.466884592616725,1.4388548670073942,1.4552055309978549,73900
2005-02-18,1.4435276985168457,1.4481993048662254,1.429512879468707,1.4481993048662254,58600
2005-02-22,1.4271762371063232,1.4552058576272795,1.4038182200055265,1.4318478405264827,94400
2005-02-23,1.4318480491638184,1.4318480491638184,1.4154973791208674,1.4248405873226029,35800
2005-02-24,1.4259759187698364,1.4353727854487575,1.421277485430376,1.4330235127692836,18400
2005-02-25,1.442420244216919,1.4494679495751093,1.4212773521813007,1.4236265126210466,48100
2005-02-28,1.4377222061157227,1.4518175086831897,1.4353730450308984,1.4518175086831897,63900
2005-03-01,1.461213231086731,1.4682609328529697,1.4447687803312061,1.4471179395736729,96900
2005-03-02,1.4471168518066406,1.4659105596972202,1.4447676943299859,1.4612121327245753,70600
2005-03-03,1.449467420578003,1.4565150113446306,1.4424197177919396,1.4447689893937725,113400
2005-03-04,1.4588642120361328,1.4659118024602016,1.449467350124421,1.449467350124421,166100
2005-03-07,1.461213231086731,1.4659116615910837,1.4588640718442643,1.4588640718442643,50600
2005-03-08,1.4565147161483765,1.465911576612347,1.4541655570420902,1.4635624175060606,77300
2005-03-09,1.449467420578003,1.463562714130694,1.44711814897617,1.4541658517622331,37100
2005-03-10,1.4518165588378906,1.4518165588378906,1.4424196966074396,1.449467399289995,74800
2005-03-11,1.442420244216919,1.4541663824740774,1.442420244216919,1.4518171100148551,43600
2005-03-14,1.4353718757629395,1.4494671668482446,1.4353718757629395,1.4471178956576525,109200
2005-03-15,1.4377222061157227,1.4494683475983654,1.4377222061157227,1.4424206403048783,60000
2005-03-16,1.4377222061157227,1.447119074494034,1.4306746108417427,1.4424206403048783,184300
2005-03-17,1.4212770462036133,1.4330230699125688,1.4212770462036133,1.425975478091086,133800
2005-03-18,1.4330224990844727,1.4330224990844727,1.4212764800544095,1.4212764800544095,24500
2005-03-21,1.4259759187698364,1.4353727854487575,1.4259759187698364,1.4306743521092968,70500
2005-03-22,1.4071813821792603,1.42832437783105,1.4024829511476884,1.4259752183249799,87300
2005-03-23,1.397784948348999,1.397784948348999,1.3719436257681834,1.3954357881232275,93400
2005-03-24,1.397784948348999,1.414229518007263,1.3836896509359724,1.3836896509359724,34500
2005-03-28,1.386037826538086,1.3977838424123425,1.3766409690309296,1.3766409690309296,47500
2005-03-29,1.3872191905975342,1.394308946573591,1.3801295473093258,1.3801295473093258,39900
2005-03-30,1.4084886312484741,1.4084886312484741,1.3824930043190784,1.3824930043190784,25300
2005-03-31,1.4084886312484741,1.4108518085941257,1.399035696490125,1.4013988738357765,27200
2005-04-01,1.4108521938323975,1.4203052438598072,1.4061257251626438,1.4084890158414716,74500
2005-04-04,1.403763771057129,1.425032954958722,1.3990372982665527,1.4108534238989932,21300
2005-04-05,1.415578842163086,1.415578842163086,1.4013994343542173,1.403762725332987,9800
2005-04-06,1.413215160369873,1.4179416279555432,1.40612540264743,1.4179416279555432,26400
2005-04-07,1.4226688146591187,1.4226688146591187,1.4037629347600633,1.4037629347600633,31200
2005-04-08,1.420304775238037,1.420304775238037,1.4084885511184,1.4084885511184,25900
2005-04-11,1.415578842163086,1.420305424120625,1.4084891946026097,1.4179421331418554,19900
2005-04-12,1.420304775238037,1.420304775238037,1.4084885511184,1.4108517283296085,14700
2005-04-13,1.4084886312484741,1.4273945007651723,1.4084886312484741,1.4084886312484741,31300
2005-04-14,1.4084886312484741,1.4155782759733004,1.4061253412149513,1.4084886312484741,26900
2005-04-15,1.4084886312484741,1.4155782759733004,1.4061253412149513,1.4132150986276486,24400
2005-04-18,1.4084886312484741,1.4392107255570443,1.4061253412149513,1.4132150986276486,57000
2005-04-19,1.4108521938323975,1.425031712529561,1.3990360785019638,1.425031712529561,43200
2005-04-20,1.4061259031295776,1.4084891941075166,1.394309786303632,1.4061259031295776,42900
2005-04-21,1.4084886312484741,1.4132150986276486,1.399035696490125,1.4084886312484741,89900
2005-04-22,1.4013984203338623,1.403761709602609,1.3872190227848866,1.403761709602609,70400
2005-04-25,1.4084886312484741,1.4084886312484741,1.3872194716982529,1.3943092291109505,78300
2005-04-26,1.4179418087005615,1.4179418087005615,1.401399113698081,1.401399113698081,34900
2005-04-27,1.4143764972686768,1.4238849019325674,1.4024910481133757,1.4119994527772664,17000
2005-04-28,1.4238849878311157,1.4262621458150573,1.4096223799748608,1.419130785212364,30600
2005-04-29,1.4143764972686768,1.4310162621050477,1.4096222949367314,1.4310162621050477,34200
2005-05-02,1.4143764972686768,1.4310162621050477,1.407245250445321,1.4143764972686768,28900
2005-05-03,1.4286384582519531,1.431015501479898,1.4096215456830732,1.4096215456830732,12700
2005-05-04,1.4238849878311157,1.4310163484338088,1.4143765825936125,1.4167537405775539,29200
2005-05-05,1.4191304445266724,1.4286389608306307,1.4167534004625109,1.421507601939938,29000
2005-05-06,1.4238849878311157,1.4333935064177503,1.419130785212364,1.4262621458150573,13400
2005-05-09,1.4262614250183105,1.4310156252344086,1.4238842682357244,1.4238842682357244,16800
2005-05-10,1.4262614250183105,1.4333927820169947,1.4215072248022125,1.4333927820169947,11900
2005-05-11,1.4262614250183105,1.4310156252344086,1.4238842682357244,1.4262614250183105,19300
2005-05-12,1.4310163259506226,1.4333934838972158,1.4215079208625092,1.4286392813531592,15600
2005-05-13,1.4238849878311157,1.4310163484338088,1.419130785212364,1.4310163484338088,36600
2005-05-16,1.421507716178894,1.4262619180383909,1.4119993124599004,1.419130558574589,49300
2005-05-17,1.412000298500061,1.4238857547742,1.4048689340562235,1.4096231392357177,52200
2005-05-18,1.4191304445266724,1.4333931623080576,1.4096220415718181,1.4096220415718181,34700
2005-05-19,1.421507716178894,1.4357703217573843,1.419130558574589,1.4357703217573843,41000
2005-05-20,1.421507716178894,1.4333932775021927,1.421507716178894,1.421507716178894,25600
2005-05-23,1.4310163259506226,1.4333934838972158,1.4215079208625092,1.4215079208625092,56900
2005-05-24,1.4310163259506226,1.4333934838972158,1.4238849654599728,1.426262123406566,14700
2005-05-25,1.4238849878311157,1.4310163484338088,1.4238849878311157,1.4262621458150573,23300
2005-05-26,1.429862380027771,1.4346445238800924,1.4274712510939587,1.429862380027771,23200
2005-05-27,1.4394270181655884,1.4394270181655884,1.4298627281324878,1.4298627281324878,57200
2005-05-31,1.4609463214874268,1.4609463214874268,1.4394266178894897,1.4394266178894897,57800
2005-06-01,1.4609463214874268,1.4609463214874268,1.4537730489496814,1.458555192636412,15800
2005-06-02,1.4633378982543945,1.4633378982543945,1.4585557527312891,1.4585557527312891,19300
2005-06-03,1.4442074298858643,1.4705092529178634,1.441816417254879,1.4705092529178634,78600
2005-06-06,1.4609463214874268,1.4633373363231426,1.4513820341139656,1.4513820341139656,21600
2005-06-07,1.4609463214874268,1.4681194800098731,1.458555192636412,1.458555192636412,25200
2005-06-08,1.456164002418518,1.4609461455292816,1.4537728738554938,1.4537728738554938,20000
2005-06-09,1.451383113861084,1.4633384249643375,1.451383113861084,1.4561652611054623,17600
2005-06-10,1.4537736177444458,1.4633379088599743,1.4513826019732354,1.45855576330221,39300
2005-06-13,1.456164002418518,1.4609461455292816,1.4537728738554938,1.4537728738554938,14100
2005-06-14,1.4633378982543945,1.4633378982543945,1.448991461685078,1.4585557527312891,44900
2005-06-15,1.4657284021377563,1.4657284021377563,1.4561641151756253,1.4561641151756253,45800
2005-06-16,1.458554983139038,1.4752925406461705,1.4561639686467522,1.458554983139038,82000
2005-06-17,1.4729015827178955,1.4729015827178955,1.4537730085031637,1.4585551520568467,46600
2005-06-20,1.4729015827178955,1.4729015827178955,1.4585551520568467,1.4729015827178955,38100
2005-06-21,1.458554983139038,1.4705103976463159,1.4537728401391836,1.458554983139038,54900
2005-06-22,1.4537736177444458,1.4681200544177384,1.4537736177444458,1.45855576330221,69200
2005-06-23,1.4609463214874268,1.4657284651741573,1.4561641778006962,1.4561641778006962,33700
2005-06-24,1.4681196212768555,1.4705107503579522,1.4609464620641857,1.4609464620641857,43200
2005-06-27,1.4657284021377563,1.4705105456188219,1.458555129908511,1.4633372733895766,30300
2005-06-28,1.486169695854187,1.48857455629571,1.4645265252307667,1.471740877215221,66400
2005-06-29,1.486169695854187,1.486169695854187,1.474145737656744,1.474145737656744,41100
2005-06-30,1.4837645292282104,1.4861692743175952,1.4813596694688012,1.4813596694688012,36900
2005-07-01,1.4909788370132446,1.4909788370132446,1.478954882566215,1.4837644872790312,48500
2005-07-05,1.4813592433929443,1.4885737059260882,1.4813592433929443,1.4885737059260882,16700
2005-07-06,1.495787501335144,1.495787501335144,1.4813586962679826,1.4813586962679826,19400
2005-07-07,1.4981930255889893,1.4981930255889893,1.4837642141069927,1.4861689586856586,8600
2005-07-08,1.493383526802063,1.4981931309676892,1.4885739226364367,1.4981931309676892,28800
2005-07-11,1.5005992650985718,1.5030041267430156,1.4861704392422526,1.4933849095054696,41500
2005-07-12,1.495787501335144,1.5030019612036996,1.4933827578255918,1.500597103024198,21000
2005-07-13,1.5005992650985718,1.5005992650985718,1.4933849095054696,1.4933849095054696,31000
2005-07-14,1.4981930255889893,1.5030026294163215,1.495788166340323,1.5005977701676552,29600
2005-07-15,1.4981930255889893,1.5054074886649877,1.493383421761657,1.4981930255889893,60800
2005-07-18,1.5005992650985718,1.5150282056250057,1.4957896564797988,1.5030041267430156,105000
2005-07-19,1.5102171897888184,1.5150267939260116,1.5005978668444238,1.5005978668444238,68400
2005-07-20,1.5126217603683472,1.5222409675352369,1.4981929496180124,1.517431363951792,85200
2005-07-21,1.5198373794555664,1.5198373794555664,1.5030036967705072,1.5102181649698416,63200
2005-07-22,1.517432451248169,1.5222420582778748,1.512622844218463,1.517432451248169,34500
2005-07-25,1.5054075717926025,1.5198363840713487,1.498193108318226,1.5150267799784334,35300
2005-07-26,1.5150264501571655,1.5150264501571655,1.5030023852075127,1.5102168471113009,28000
2005-07-27,1.5065622329711914,1.5186534687291173,1.4944709972132655,1.5113987042122479,42700
2005-07-28,1.5162360668182373,1.5162360668182373,1.5017266445652682,1.5065631186495914,40500
2005-07-29,1.5162360668182373,1.5186543615157178,1.5113995927339143,1.5138178874313948,19000
2005-08-01,1.5210719108581543,1.5210719108581543,1.5065624946151421,1.511398966696146,44600
2005-08-02,1.5162360668182373,1.5210725409025603,1.5138178874313948,1.5162360668182373,26000
2005-08-03,1.5234909057617188,1.528327380068777,1.5138179571476023,1.5186544314546604,71200
2005-08-04,1.5234909057617188,1.5259090852599262,1.5186544314546604,1.5259090852599262,15100
2005-08-05,1.5162360668182373,1.5186543615157178,1.5162360668182373,1.5186543615157178,12800
2005-08-08,1.5065622329711914,1.5210716466943606,1.5065622329711914,1.513816997488061,47200
2005-08-09,1.4968905448913574,1.5089816754711454,1.4920540695973088,1.5017270201854058,46700
2005-08-10,1.4968905448913574,1.5089816754711454,1.4872175943032602,1.5065634954794545,67900
2005-08-11,1.4944720268249512,1.4993085013980811,1.4896355522518212,1.4896355522518212,43000
2005-08-12,1.5065622329711914,1.5065622329711914,1.4944709972132655,1.501725761730135,8800
2005-08-15,1.501725673675537,1.506562144633004,1.499307380541522,1.506562144633004,11900
2005-08-16,1.5186549425125122,1.528327894381771,1.5017272190859683,1.5017272190859683,86200
2005-08-17,1.5234909057617188,1.5234909057617188,1.5041448932228425,1.5162361366458097,34500
2005-08-18,1.5186549425125122,1.5234914184471418,1.5114001709552272,1.5234914184471418,27700
2005-08-19,1.5138174295425415,1.523490374785383,1.5113991355765295,1.5113991355765295,38900
2005-08-22,1.5138174295425415,1.5162356081979504,1.504144368989097,1.5138174295425415,23000
2005-08-23,1.5186549425125122,1.5186549425125122,1.5114001709552272,1.5114001709552272,18900
2005-08-24,1.5113996267318726,1.5186543956768674,1.5113996267318726,1.516236100924989,42600
2005-08-25,1.5113996267318726,1.516236100924989,1.508981331979994,1.5113996267318726,26700
2005-08-26,1.5138174295425415,1.5162356081979504,1.5089808416105177,1.5113991355765295,21900
2005-08-29,1.5223286151885986,1.5247603896495914,1.5077375045869716,1.5077375045869716,38300
2005-08-30,1.5174659490585327,1.5271934019249105,1.5077386121511578,1.5247615097185654,29100
2005-08-31,1.5126008987426758,1.5198964527377314,1.502873570721866,1.5174645627530805,46700
2005-09-01,1.5174659490585327,1.5174659490585327,1.5101705043575029,1.5150341728111902,17500
2005-09-02,1.5150328874588013,1.5247602161135203,1.5077373329883097,1.5077373329883097,29200
2005-09-06,1.5247610807418823,1.5296247478272245,1.515033746571198,1.515033746571198,46600
2005-09-07,1.527193546295166,1.532057215208631,1.5198979849454617,1.5198979849454617,59700
2005-09-08,1.5344884395599365,1.5344884395599365,1.5223293296307634,1.527192996794227,34200
2005-09-09,1.5369205474853516,1.5417842153335113,1.5344886555817774,1.5344886555817774,28800
2005-09-12,1.5442161560058594,1.55151171653584,1.5369207114348793,1.5393524876388724,23400
2005-09-13,1.5442161560058594,1.5490798243728463,1.5320570430678924,1.5417843798018662,22900
2005-09-14,1.5442161560058594,1.55151171653584,1.5320570430678924,1.5442161560058594,96200
2005-09-15,1.5442161560058594,1.5490798243728463,1.5369207114348793,1.5442161560058594,37900
2005-09-16,1.5539417266845703,1.5588053895240028,1.5417826275654234,1.544214401005705,71500
2005-09-19,1.5442161560058594,1.55151171653584,1.5393524876388724,1.5442161560058594,14100
2005-09-20,1.5393520593643188,1.5563749518922083,1.536920283836888,1.541783950850718,60200
2005-09-21,1.5442161560058594,1.5466480481688532,1.5369207114348793,1.5369207114348793,39600
2005-09-22,1.5417848825454712,1.5466485524983986,1.5320575426396166,1.5442166595424156,43400
2005-09-23,1.519897222518921,1.5393518884137303,1.5101698895715163,1.5393518884137303,62100
2005-09-26,1.519897222518921,1.5296245554663255,1.5004425566241115,1.52232911373525,24400
2005-09-27,1.502874732017517,1.5223295190510626,1.502874732017517,1.51017029164997,137400
2005-09-28,1.5187715291976929,1.5334456361682702,1.5114344174026864,1.5138801602075005,50600
2005-09-29,1.5212171077728271,1.5334455881753055,1.516325738935722,1.516325738935722,47500
2005-09-30,1.523662805557251,1.5285541742500741,1.5187714368644278,1.523662805557251,49700
2005-10-03,1.5212171077728271,1.5309999620664692,1.516325738935722,1.5187714816639906,55500
2005-10-04,1.523662805557251,1.5309999169061999,1.5187714368644278,1.5187714368644278,23900
2005-10-05,1.5187715291976929,1.5261085243732637,1.516325786392879,1.5261085243732637,17200
2005-10-06,1.5114343166351318,1.5212170539633,1.4992059532846354,1.5187714279409719,60200
2005-10-07,1.494314432144165,1.5065427942469076,1.4918686897519668,1.5040971684741256,21100
2005-10-10,1.4845318794250488,1.5040973545048797,1.4820861367303548,1.4943146169649641,15800
2005-10-11,1.489423155784607,1.4967601501746086,1.4796404188516556,1.4845317873181314,41900
2005-10-12,1.4674128293991089,1.4894240591583334,1.452738715099457,1.4894240591583334,56000
2005-10-13,1.4356180429458618,1.4747491088483544,1.4184983109442348,1.4747491088483544,87700
2005-10-14,1.4478474855422974,1.4674129731924086,1.4429561136297695,1.4527388574548252,34600
2005-10-17,1.4551832675933838,1.4674117454532574,1.4454005319532481,1.4527376419930538,72500
2005-10-18,1.457628607749939,1.4674113406916667,1.4478458748082113,1.4625199742208028,44600
2005-10-19,1.4527374505996704,1.4600744430534436,1.4429547162483778,1.447846083424024,25700
2005-10-20,1.442954659461975,1.462520127394576,1.4307261836944056,1.4454002846438563,43200
2005-10-21,1.4527374505996704,1.4551830758777973,1.4454003415265047,1.4454003415265047,32000
2005-10-24,1.4649665355682373,1.4674122786767012,1.4429554306893129,1.4429554306893129,41400
2005-10-25,1.4723025560379028,1.4747482973319792,1.4576284581315355,1.4649654487750374,40700
2005-10-26,1.4674128293991089,1.4723042008323262,1.4625214579658916,1.4674128293991089,35900
2005-10-27,1.4661812782287598,1.4711013449085752,1.461261211548944,1.4661812782287598,45800
2005-10-28,1.4686411619186401,1.476021320132904,1.4588010291687115,1.4637210955436757,14900
2005-10-31,1.4686411619186401,1.4735612282936044,1.4317407227582257,1.4686411619186401,47000
2005-11-01,1.4711012840270996,1.4735612586133802,1.4563410845985032,1.4661812175509008,27200
2005-11-02,1.4711012840270996,1.4711012840270996,1.4563410845985032,1.4686411921371814,37100
2005-11-03,1.4711012840270996,1.4711012840270996,1.4588010591847838,1.4588010591847838,28200
2005-11-04,1.4686411619186401,1.4686411619186401,1.4588010291687115,1.4612611210080113,42300
2005-11-07,1.4612616300582886,1.4686416735398555,1.456341561969352,1.4686416735398555,38800
2005-11-08,1.4612616300582886,1.4612616300582886,1.4514214938804153,1.456341561969352,33500
2005-11-09,1.4588019847869873,1.466182147835779,1.4514219390419076,1.4637220543849445,24200
2005-11-10,1.4563425779342651,1.4588025550430097,1.4440423404792682,1.451422506413018,31200
2005-11-11,1.4563425779342651,1.4588025550430097,1.4440423404792682,1.4440423404792682,19500
2005-11-14,1.4514213800430298,1.45388135524272,1.4489612875396725,1.4489612875396725,24700
2005-11-15,1.4514213800430298,1.4563414477460772,1.4465013123399821,1.4465013123399821,43600
2005-11-16,1.4686411619186401,1.476021320132904,1.4465009218831184,1.4465009218831184,68500
2005-11-17,1.4661812782287598,1.4711013449085752,1.461261211548944,1.4686412529168462,38800
2005-11-18,1.4637213945388794,1.471101554260693,1.4563413521207251,1.4637213945388794,44800
2005-11-21,1.4686411619186401,1.4711012537579398,1.4612611210080113,1.4612611210080113,20700
2005-11-22,1.4686411619186401,1.4686411619186401,1.4612611210080113,1.4637210955436757,24100
2005-11-23,1.4686411619186401,1.4735612282936044,1.4637210955436757,1.4735612282936044,25600
2005-11-25,1.4735621213912964,1.4735621213912964,1.4612620066508402,1.4612620066508402,11800
2005-11-28,1.482222557067871,1.484697108886048,1.4649011663131337,1.4649011663131337,76700
2005-11-29,1.4747986793518066,1.482222096513491,1.4723241283025195,1.4772731124080052,28700
2005-11-30,1.4772731065750122,1.482222090660957,1.4747986735285838,1.4797476576145285,35800
2005-12-01,1.48717200756073,1.48717200756073,1.4772739159725936,1.4772739159725936,73900
2005-12-02,1.482222557067871,1.4896460945292762,1.4797481232428193,1.4871716607042245,43200
2005-12-05,1.4970701932907104,1.5069681682882383,1.4822231128012493,1.4871722182931826,42700
2005-12-06,1.4846974611282349,1.4945954347629709,1.4822229087229744,1.4871720135334954,31700
2005-12-07,1.4772731065750122,1.4945946098723626,1.4723241224890675,1.4846966417004732,28900
2005-12-08,1.492120623588562,1.494595057375872,1.4747991151048998,1.4747991151048998,14500
2005-12-09,1.492120623588562,1.4970696091563052,1.4846970862403859,1.4970696091563052,28900
2005-12-12,1.489645004272461,1.4995429683146935,1.4871705722584223,1.4995429683146935,32900
2005-12-13,1.4970701932907104,1.4995446280435079,1.4871722182931826,1.4871722182931826,25200
2005-12-14,1.5094430446624756,1.5143920336091772,1.4945960778223704,1.497070631292323,34400
2005-12-15,1.4970701932907104,1.5168661432857662,1.4921212057919464,1.5119171557870024,35400
2005-12-16,1.5044924020767212,1.5341863031193494,1.4945944350625118,1.4945944350625118,54200
2005-12-19,1.4970701932907104,1.5069681682882383,1.4921212057919464,1.5069681682882383,29900
2005-12-20,1.5069682598114014,1.5143916825138115,1.4945957313164822,1.4945957313164822,32400
2005-12-21,1.5069682598114014,1.516866235410066,1.4995447191158147,1.4995447191158147,11800
2005-12-22,1.5143921375274658,1.5143921375274658,1.4970707340220089,1.5069687125946163,16600
2005-12-23,1.511917233467102,1.511917233467102,1.4995447050879251,1.511917233467102,30100
2005-12-27,1.494594931602478,1.511916438628498,1.494594931602478,1.5094418870563038,41500
2005-12-28,1.5107730627059937,1.5107730627059937,1.498328426930684,1.5008174015580829,17600
2005-12-29,1.5257070064544678,1.530684838503223,1.5008178462106914,1.5082845349433855,47600
2005-12-30,1.533173680305481,1.533173680305481,1.5057956636435093,1.5132623523037283,16200
2006-01-03,1.5232181549072266,1.5331738198140015,1.5107736331142014,1.5207292980209763,19200
2006-01-04,1.5281957387924194,1.5306847139547133,1.5182400755049796,1.5207290506672735,25700
2006-01-05,1.5281957387924194,1.5306847139547133,1.5157512190235536,1.5157512190235536,33100
2006-01-06,1.5306838750839233,1.5306838750839233,1.5182392434543033,1.525706046168236,29300
2006-01-09,1.5306838750839233,1.5331727302013656,1.515750388336861,1.5306838750839233,69700
2006-01-10,1.5406396389007568,1.5406396389007568,1.5257061511263728,1.5257061511263728,54700
2006-01-11,1.5456187725067139,1.5456187725067139,1.5281962960600308,1.5281962960600308,51800
2006-01-12,1.5381523370742798,1.5381523370742798,1.5257078097407772,1.5306856444103663,69600
2006-01-13,1.533173680305481,1.5356626556461384,1.5281958483050428,1.5306848236457002,41400
2006-01-17,1.5481075048446655,1.5481075048446655,1.52321833956052,1.5331740056741783,50600
2006-01-18,1.5381523370742798,1.5505969830887223,1.5331745024046908,1.5331745024046908,22400
2006-01-19,1.560551643371582,1.5804629691752285,1.535662486117024,1.535662486117024,111700
2006-01-20,1.5680174827575684,1.5729953111382264,1.5605506808461862,1.5630396543769103,59300
2006-01-23,1.5705074071884155,1.5705074071884155,1.560551743646878,1.560551743646878,36000
2006-01-24,1.5754858255386353,1.5754858255386353,1.5580634671947478,1.5680191344429448,84500
2006-01-25,1.565529465675354,1.570507297097181,1.558062777883045,1.570507297097181,85300
2006-01-26,1.5729963779449463,1.5804630662394492,1.5555739074563222,1.5605517392129475,89300
2006-01-27,1.5749990940093994,1.5825110659576986,1.5649832110108297,1.5649832110108297,65700
2006-01-30,1.5724953413009644,1.5800071946069234,1.5574713958915356,1.5674873992974068,57200
2006-01-31,1.5699903964996338,1.5724944257428621,1.559974518324093,1.5724944257428621,72700
2006-02-01,1.5674864053726196,1.5749982539154033,1.5599744374311562,1.569990315087321,26500
2006-02-02,1.562480092048645,1.5825119891303157,1.5599761795376943,1.5674881558681724,54100
2006-02-03,1.5524630546569824,1.5800067882927884,1.5399432625670522,1.5599750254299203,34600
2006-02-06,1.5524630546569824,1.5599750254299203,1.544951203282769,1.544951203282769,14900
2006-02-07,1.5424479246139526,1.5599757853568506,1.5374399814586652,1.5599757853568506,41600
2006-02-08,1.544951319694519,1.544951319694519,1.5349354375083906,1.5399433786014547,43600
2006-02-09,1.5424479246139526,1.552463810924528,1.534936069580413,1.5399440127357005,33100
2006-02-10,1.5524630546569824,1.5549670847142032,1.5399432625670522,1.5399432625670522,45800
2006-02-13,1.5524630546569824,1.5649829661456374,1.5424471732255483,1.5474551139412651,42900
2006-02-14,1.5524630546569824,1.5599750254299203,1.544951203282769,1.5524630546569822,20100
2006-02-15,1.5524630546569824,1.5649829661456374,1.544951203282769,1.5599750254299203,47500
2006-02-16,1.562480092048645,1.5624800920486448,1.5474562587865017,1.5474562587865017,63700
2006-02-17,1.5574719905853271,1.56498396615836,1.5524640466695725,1.5549680783268505,21800
2006-02-21,1.5599757432937622,1.5674877175235327,1.5499598572532551,1.5549678002735088,70600
2006-02-22,1.5724953413009644,1.5724953413009646,1.5524634538879778,1.5524634538879778,56700
2006-02-23,1.5775028467178345,1.5775028467178345,1.562478905466403,1.562478905466403,30000
2006-02-24,1.5769985914230347,1.592113578929305,1.5669218129622784,1.5669218129622784,25000
2006-02-27,1.5820379257202148,1.5820379257202148,1.5719611408572967,1.574480367103856,28700
2006-02-28,1.5820379257202148,1.5870762580900144,1.574480367103856,1.574480367103856,23800
2006-03-01,1.5795187950134277,1.5820380214123666,1.5694421296643253,1.5769996887378153,23200
2006-03-02,1.5769985914230347,1.5795176959457917,1.5694410376082781,1.5719601421310352,57300
2006-03-03,1.5694420337677002,1.5795186985010947,1.566922807522692,1.5744803661343973,74200
2006-03-06,1.541731834411621,1.5820386314743702,1.536693499794199,1.5795194041039728,76300
2006-03-07,1.5190589427947998,1.5417313818563114,1.5165397161638887,1.5316547155793423,182500
2006-03-08,1.5190589427947998,1.5240972759332843,1.5115013830254043,1.5190589427947998,119400
2006-03-09,1.5291352272033691,1.541730996842391,1.5115010055607694,1.5115010055607694,92600
2006-03-10,1.5266151428222656,1.5417301299642792,1.5215768137749275,1.5417301299642792,80000
2006-03-13,1.5266151428222656,1.5366918009169412,1.5215768137749275,1.5341726964548923,120600
2006-03-14,1.5392123460769653,1.5392123460769653,1.5266164525902925,1.5266164525902925,47700
2006-03-15,1.541731834411621,1.5568468382638871,1.536693499794199,1.536693499794199,83300
2006-03-16,1.571961522102356,1.5744807489598989,1.5366931869601916,1.5568465213271427,66600
2006-03-17,1.5694420337677002,1.5719611398893893,1.5568461427892974,1.566922807522692,350900
2006-03-20,1.571961522102356,1.576999975817442,1.5568465213271427,1.5744807489598989,22400
2006-03-21,1.5769985914230347,1.5769985914230347,1.5694410376082781,1.574479366777035,44500
2006-03-22,1.5669231414794922,1.5820382619243738,1.551808141157955,1.5769999284838614,65700
2006-03-23,1.5795187950134277,1.5820380214123666,1.554327131640671,1.5744804623388766,49000
2006-03-24,1.5795187950134277,1.579518795013428,1.5568462379162837,1.579518795013428,50500
2006-03-27,1.574480414390564,1.5845570794327977,1.56440374934833,1.5820379732339005,59800
2006-03-28,1.574480414390564,1.574480414390564,1.5618845230261102,1.574480414390564,55300
2006-03-29,1.5841118097305298,1.5967847525516299,1.5765080198662416,1.5967847525516299,51000
2006-03-30,1.5841118097305298,1.5891809626873419,1.5765080198662416,1.5866464466380057,126100
2006-03-31,1.591715693473816,1.5942502096726374,1.5841119031610582,1.5866465402180265,33000
2006-04-03,1.5714385509490967,1.589180643159706,1.553696579596603,1.5841114912221197,118300
2006-04-04,1.5663701295852661,1.5739739214672026,1.5587664585615015,1.5739739214672026,36800
2006-04-05,1.5815776586532593,1.5815776586532593,1.5536973692555744,1.5714393496253416,38500
2006-04-06,1.5841118097305298,1.5917155995948178,1.5765080198662416,1.5841118097305298,36600
2006-04-07,1.568904161453247,1.5891807708325905,1.5663695248517666,1.586646255089235,96400
2006-04-10,1.5841118097305298,1.5891809626873419,1.558766044946469,1.5866464466380057,70500
2006-04-11,1.5765084028244019,1.5866468320589464,1.5613009402598388,1.5841121945357681,31700
2006-04-12,1.589180827140808,1.5942499796652552,1.5765078854006254,1.5917154638320965,29500
2006-04-13,1.579042911529541,1.5917158563952383,1.576508274213138,1.5917158563952383,32200
2006-04-17,1.5714385509490967,1.5917152795575569,1.5663693990115104,1.5917152795575569,67500
2006-04-18,1.579042911529541,1.584112065304188,1.566369966663844,1.584112065304188,43100
2006-04-19,1.5993187427520752,1.622129983986565,1.586645924955881,1.586645924955881,63900
2006-04-20,1.5967837572097778,1.6043874214762455,1.589179972085246,1.6018529070067777,28300
2006-04-21,1.5967837572097778,1.6018529070067777,1.5866454576157782,1.6018529070067777,27600
2006-04-24,1.591715693473816,1.6043885161842164,1.58157726610409,1.6043885161842164,18400
2006-04-25,1.5841118097305298,1.606923058465254,1.5765080198662416,1.606923058465254,67400
2006-04-26,1.596351981163025,1.604002161899756,1.5759512154710715,1.604002161899756,72700
2006-04-27,1.5989022254943848,1.5989022254943848,1.5836017402740374,1.5989022254943848,49800
2006-04-28,1.5989022254943848,1.6014523671631664,1.5836017402740374,1.5989022254943848,65600
2006-05-01,1.596351981163025,1.6014521421866557,1.583601517805233,1.5989020008761252,57800
2006-05-02,1.5938020944595337,1.596352236177445,1.5810516290648775,1.596352236177445,57300
2006-05-03,1.5912525653839111,1.5989028718856113,1.5810522377799756,1.583602380479708,33700
2006-05-04,1.5887023210525513,1.5989026472232355,1.5836021579672093,1.5963526264793042,41900
2006-05-05,1.5989022254943848,1.5989022254943848,1.593802063754269,1.593802063754269,21800
2006-05-08,1.5989022254943848,1.6040023872345004,1.5861517603453716,1.6014523671631664,32400
2006-05-09,1.6014525890350342,1.6218532388218878,1.5963524265883209,1.619303096799799,38300
2006-05-10,1.6040023565292358,1.6065524981492003,1.5938020332442682,1.6065524981492003,21800
2006-05-11,1.596351981163025,1.6269529473048097,1.5887016788288637,1.6269529473048097,28200
2006-05-12,1.6065515279769897,1.6244020221473165,1.588700912209291,1.6244020221473165,30200
2006-05-15,1.5938020944595337,1.6091025799746512,1.5938020944595337,1.6091025799746512,26400
2006-05-16,1.6218539476394653,1.6295041338542524,1.6014532889366762,1.616753782963768,76100
2006-05-17,1.611653208732605,1.6295037197625912,1.5810521068572967,1.6295037197625912,53900
2006-05-18,1.5938020944595337,1.6116527216925625,1.5861517909032499,1.6116527216925625,50100
2006-05-19,1.5938020944595337,1.5989022562979063,1.588701932621161,1.596352236177445,26400
2006-05-22,1.596351981163025,1.6014521421866557,1.5810513764947023,1.596351981163025,58600
2006-05-23,1.6142035722732544,1.6142035722732544,1.596353057454111,1.5989030788864833,65100
2006-05-24,1.6014525890350342,1.6142029343530855,1.58615198009743,1.6014525890350344,63600
2006-05-25,1.6014525890350342,1.604002609459659,1.5912521425441433,1.5912521425441433,32900
2006-05-26,1.6086353063583374,1.6112009716374316,1.600938432858708,1.6060697634168968,34300
2006-05-30,1.6035054922103882,1.6086367048919512,1.5983742795288254,1.6009398247007267,61200
2006-05-31,1.6035054922103882,1.6086367048919512,1.5932430668472626,1.6035054922103882,49000
2006-06-01,1.606069564819336,1.6060695648193362,1.6035038998574973,1.6060695648193362,19700
2006-06-02,1.6214641332626343,1.6394233091192647,1.608636045647004,1.608636045647004,51000
2006-06-05,1.6240297555923462,1.634292177243979,1.6163330005224794,1.621464211348296,23100
2006-06-06,1.6214641332626343,1.6240296773831342,1.6188984668044242,1.6214641332626343,29000
2006-06-07,1.6240297555923462,1.6291609664181625,1.6060705788708467,1.6265954221741123,46300
2006-06-08,1.6086353063583374,1.6291601392404764,1.6035040981378024,1.6240289310199416,32500
2006-06-09,1.6265952587127686,1.6265952587127686,1.6086359614583357,1.6086359614583357,27800
2006-06-12,1.6188983917236328,1.6548168641087875,1.616332847722117,1.6291608124051056,30000
2006-06-13,1.606069564819336,1.641988017921605,1.6035038998574973,1.6163319799914129,25700
2006-06-14,1.606069564819336,1.6214631875774514,1.6035038998574973,1.6086351074435359,34900
2006-06-15,1.606069564819336,1.6188975226156128,1.6035038998574973,1.6137663150295742,23900
2006-06-16,1.6240297555923462,1.647120265477378,1.6035049122890803,1.6035049122890803,89900
2006-06-19,1.6265952587127686,1.6804730281383633,1.6163328380924367,1.6342920130091656,92100
2006-06-20,1.6214641332626343,1.6394233091192647,1.6188984668044242,1.6265953438413445,50600
2006-06-21,1.6240297555923462,1.6317266329999287,1.621464211348296,1.6317266329999287,38800
2006-06-22,1.6291615962982178,1.639424021917595,1.6214648382525663,1.624030383488529,32200
2006-06-23,1.6291615962982178,1.6291615962982178,1.6214648382525663,1.6214648382525663,26300
2006-06-26,1.6240297555923462,1.6317266329999287,1.6163330005224794,1.6291609664181625,41400
2006-06-27,1.6163324117660522,1.6188979550755918,1.6035043282053412,1.6163324117660525,31700
2006-06-28,1.62614107131958,1.6313034188474487,1.6003292106001632,1.6158163762638427,44600
2006-06-29,1.6183967590332031,1.6364650287769296,1.6054908344905388,1.613234413832141,31900
2006-06-30,1.6132363080978394,1.6390480644113723,1.6080739568351328,1.6261422477946872,28900
2006-07-03,1.6132363080978394,1.6209798965319806,1.610655070926405,1.610655070926405,30000
2006-07-05,1.6158156394958496,1.626140329843809,1.6106531712418526,1.6209779846698293,18000
2006-07-06,1.6183967590332031,1.6235591042342652,1.615815647972681,1.6209779931737431,14800
2006-07-07,1.6158156394958496,1.626140329843809,1.6132344053688512,1.6235590957168105,32500
2006-07-10,1.623559594154358,1.6313031758326384,1.6132349006366877,1.6261408290738033,44500
2006-07-11,1.6313037872314453,1.6313037872314453,1.6235602026509353,1.6235602026509353,20100
2006-07-12,1.62614107131958,1.6493715736549521,1.6158163762638427,1.6287221835434775,43400
2006-07-13,1.6364662647247314,1.646790962924626,1.6209792174248896,1.646790962924626,26000
2006-07-14,1.6364662647247314,1.651953312024573,1.6209792174248896,1.646790962924626,34100
2006-07-17,1.639047622680664,1.6545346722949543,1.628722922937804,1.6493723224235244,78000
2006-07-18,1.623559594154358,1.6545336747073691,1.6132349006366877,1.6519525628679792,45600
2006-07-19,1.62614107131958,1.62614107131958,1.5977480983762657,1.5977480983762657,77800
2006-07-20,1.639047622680664,1.6390476226806643,1.6261418095421538,1.6261418095421538,34200
2006-07-21,1.6338850259780884,1.641628611155474,1.6261415638808134,1.639047375069642,12300
2006-07-24,1.6493717432022095,1.654534091260742,1.6261412384788565,1.641628282654454,51200
2006-07-25,1.6493717432022095,1.662277674888584,1.641628282654454,1.662277674888584,37800
2006-07-26,1.6648586988449097,1.66485869884491,1.6493716554928735,1.6622775864929435,28600
2006-07-27,1.6747256517410278,1.685111537658063,1.6617433562494965,1.685111537658063,43600
2006-07-28,1.682513952255249,1.6877068915846705,1.6695315420269756,1.6799174206858185,20400
2006-07-31,1.6773217916488647,1.6799182006142792,1.6565500246875595,1.6721288499085385,42700
2006-08-01,1.6773217916488647,1.6851111423546057,1.6643393753933005,1.6851111423546057,33300
2006-08-02,1.682513952255249,1.682513952255249,1.6695315420269756,1.6773210129258276,46400
2006-08-03,1.6851118803024292,1.6877084142144207,1.672129582171126,1.672129582171126,28600
2006-08-04,1.6721302270889282,1.6851125302273287,1.6695336921754889,1.6851125302273287,35100
2006-08-07,1.6721302270889282,1.6877090651407682,1.6721302270889284,1.6773231731062084,19700
2006-08-08,1.6747256517410278,1.690304604426107,1.6643397658239925,1.66953270878251,37300
2006-08-09,1.6747256517410278,1.6773221851250497,1.6669362992080143,1.6747256517410276,33500
2006-08-10,1.6747256517410278,1.6929010140006027,1.672129242166532,1.6799185946995454,46500
2006-08-11,1.6747256517410278,1.6929010140006027,1.66953270878251,1.6825151280835673,50400
2006-08-14,1.6747256517410278,1.6799185946995454,1.66953270878251,1.6799185946995454,57900
2006-08-15,1.6773217916488647,1.6799182006142792,1.666935908168212,1.6799182006142792,64400
2006-08-16,1.6721302270889282,1.6799195842100487,1.6565513890370887,1.6799195842100487,220400
2006-08-17,1.6721302270889282,1.6773231731062084,1.6669372810716485,1.6773231731062084,44700
2006-08-18,1.6747256517410278,1.6773221851250497,1.66953270878251,1.6773221851250497,61600
2006-08-21,1.6747256517410278,1.6747256517410276,1.6643397658239925,1.6747256517410276,59000
2006-08-22,1.6747256517410278,1.6747256517410276,1.6643397658239925,1.6747256517410276,58500
2006-08-23,1.6695321798324585,1.6747251211457208,1.6591462972059337,1.672128712393833,86700
2006-08-24,1.6721302270889282,1.6747266381927688,1.6617443350543686,1.6721302270889284,66200
2006-08-25,1.7214628458023071,1.721462845802307,1.6695332748019955,1.6695332748019955,46000
2006-08-28,1.7032870054244995,1.7162694255297282,1.682515232303761,1.7162694255297282,74300
2006-08-29,1.6949310302734375,1.7132123041189824,1.6792614203476803,1.7079891008103967,66700
2006-08-30,1.7027651071548462,1.702765107154846,1.6844838417946422,1.6975419062706352,32200
2006-08-31,1.7027651071548462,1.7053767698624176,1.689707042678853,1.702765107154846,61400
2006-09-01,1.7001529932022095,1.7079877296097377,1.6870949331484757,1.7027645304944221,42700
2006-09-05,1.7079873085021973,1.7079873085021973,1.6923177150196191,1.7053757718538638,10900
2006-09-06,1.6975411176681519,1.7027643161258956,1.6844830592583546,1.7001527791624609,60800
2006-09-07,1.7001529932022095,1.7027645304944221,1.6818717340331601,1.6897064704406883,44100
2006-09-08,1.7079873085021973,1.7079873085021973,1.6897060538404265,1.7001525740263377,30100
2006-09-11,1.7105998992919922,1.7105998992919922,1.6870954340293984,1.7079882366935142,25900
2006-09-12,1.7132110595703125,1.715822721592879,1.6975414610276116,1.7105995220786454,61100
2006-09-13,1.7027651071548462,1.7158231716308392,1.689707042678853,1.7105999707466284,50700
2006-09-14,1.7001529932022095,1.7053761923175248,1.6897064704406883,1.6897064704406883,25300
2006-09-15,1.7079873085021973,1.7132105063297234,1.7027641106746711,1.7053757718538638,14500
2006-09-18,1.7053769826889038,1.721046587297061,1.7027653196554038,1.7079885211914563,60300
2006-09-19,1.6949310302734375,1.7158239680387701,1.6923194908846395,1.7053775614215987,43200
2006-09-20,1.6975411176681519,1.7158223745356926,1.6923179192104079,1.6923179192104079,42900
2006-09-21,1.7105998992919922,1.7105998992919922,1.6949301727629784,1.6975418353614562,18000
2006-09-22,1.7001529932022095,1.7079877296097377,1.6975413313791066,1.7079877296097377,27500
2006-09-25,1.7210463285446167,1.7262695292953816,1.7053767262923214,1.7053767262923214,25300
2006-09-26,1.7341035604476929,1.7367152220226896,1.7210456261653437,1.7236571632094624,131600
2006-09-27,1.7099394798278809,1.733579110139279,1.7099394798278806,1.733579110139279,43800
2006-09-28,1.7073118686676025,1.7256983492654854,1.7073118686676025,1.7178183932242064,81100
2006-09-29,1.717818260192871,1.7204449537524316,1.7125649983213922,1.7125649983213922,16000
2006-10-02,1.7151933908462524,1.720446657921295,1.7099401237712097,1.7125666946848477,20900
2006-10-03,1.7125648260116577,1.7256980419927768,1.7125648260116575,1.7125648260116575,42100
2006-10-04,1.7125648260116577,1.7256980419927768,1.6941783486876167,1.720444780649855,179300
2006-10-05,1.7230737209320068,1.7230737209320066,1.7125671837813323,1.7125671837813323,40100
2006-10-06,1.717818260192871,1.7204449537524316,1.7073117364499137,1.7204449537524316,24800
2006-10-09,1.7230737209320068,1.7257004178435764,1.7073139152059953,1.7073139152059953,34100
2006-10-10,1.7125648260116577,1.7283246100404226,1.7099382579640117,1.723071348697501,39100
2006-10-11,1.7151933908462524,1.7283264959099756,1.7151933908462522,1.7256999249963374,29700
2006-10-12,1.7151933908462524,1.7283264959099756,1.7151933908462522,1.7256999249963374,27500
2006-10-13,1.7283252477645874,1.7283252477645872,1.7204454154664885,1.723071984483296,28700
2006-10-16,1.7335772514343262,1.7598435487557764,1.7283239919700362,1.7283239919700362,82700
2006-10-17,1.7125648260116577,1.7467110873644636,1.7125648260116575,1.7467110873644636,38700
2006-10-18,1.717818260192871,1.733578045807307,1.7151916918809529,1.7230715220643495,54500
2006-10-19,1.7335772514343262,1.7493370298271964,1.717817473041456,1.717817473041456,36700
2006-10-20,1.7572160959243774,1.759842661708812,1.730949811842422,1.730949811842422,35700
2006-10-23,1.7624720335006714,1.7624720335006714,1.7519655038872195,1.7572187686939456,34500
2006-10-24,1.759844422340393,1.7861108579480551,1.7545911602683903,1.7572178539282155,52200
2006-10-25,1.7756038904190063,1.7782304581753055,1.7545907221305337,1.759843982890748,41700
2006-10-26,1.7729780673980713,1.7756047616908797,1.759844846429385,1.765098109767324,51900
2006-10-27,1.7645251750946045,1.7777327495823934,1.7566007311673435,1.7698081796983671,39800
2006-10-30,1.7539595365524292,1.7645255479928759,1.7486765308322059,1.7645255479928759,37900
2006-10-31,1.7592425346374512,1.7645255403347457,1.7486765232428614,1.7645255403347457,51300
2006-11-01,1.7486753463745117,1.7671659168491811,1.7486753463745117,1.7539583485163164,63800
2006-11-02,1.7645251750946045,1.7750911843021295,1.7539591658870797,1.7539591658870797,164900
2006-11-03,1.7645251750946045,1.7698081796983671,1.759242170490842,1.761883735771106,21800
2006-11-06,1.7539595365524292,1.769808553713099,1.7539595365524292,1.7671671138313834,33000
2006-11-07,1.7539595365524292,1.769808553713099,1.7539595365524292,1.7566011023909367,40000
2006-11-08,1.7645251750946045,1.7698081796983671,1.761883735771106,1.761883735771106,36200
2006-11-09,1.7618839740753174,1.7724499847119515,1.7566009687570003,1.7566009687570003,41700
2006-11-10,1.7750911712646484,1.7750911712646484,1.7645251621347275,1.7645251621347275,35100
2006-11-13,1.7750911712646484,1.7750911712646484,1.7618837228306294,1.7618837228306294,30100
2006-11-14,1.7830147743225098,1.793580777723441,1.7724487709215788,1.7724487709215788,38000
2006-11-15,1.7856574058532715,1.8041478598825917,1.7803742750371554,1.7962234155719605,57500
2006-11-16,1.7803735733032227,1.8147131543324082,1.7803735733032227,1.7803735733032227,80900
2006-11-17,1.7750911712646484,1.7856573063513337,1.7724497319605503,1.7750911712646484,57800
2006-11-20,1.7856574058532715,1.7962234155719605,1.7724498307265242,1.7724498307265242,38200
2006-11-21,1.7724494934082031,1.7830155011160547,1.772449493408203,1.7750909323567923,22300
2006-11-22,1.7777329683303833,1.790940544443349,1.7698083974712477,1.7698083974712477,46800
2006-11-24,1.788297414779663,1.7909389780746374,1.772448412879829,1.772448412879829,10600
2006-11-27,1.7777329683303833,1.7882989788380437,1.7724499630765531,1.7882989788380437,18200
2006-11-28,1.7851711511611938,1.7851711511611938,1.7745451422062832,1.7772017077810203,33400
2006-11-29,1.7825132608413696,1.7878262609926974,1.7798566974297478,1.7878262609926974,42400
2006-11-30,1.8011088371276855,1.8011088371276853,1.7825132731338422,1.7851697098918677,50000
2006-12-01,1.8276758193969727,1.830332259034766,1.7878282114536446,1.7904846510914378,54600
2006-12-04,1.8117351531982422,1.822361155425756,1.8090785893053944,1.8090785893053944,27900
2006-12-05,1.814392328262329,1.8303313380853785,1.811735889961149,1.811735889961149,39000
2006-12-06,1.825018048286438,1.8356440531668736,1.811735605521878,1.811735605521878,29500
2006-12-07,1.825018048286438,1.8276746128425319,1.8143920434060021,1.817048607962096,44000
2006-12-08,1.8223611116409302,1.8250175487980147,1.8117351096687213,1.8117351096687213,47600
2006-12-11,1.8117351531982422,1.827674156539513,1.8117351531982422,1.8250175926466652,30300
2006-12-12,1.814392328262329,1.8223618965098487,1.814392328262329,1.819705331536679,30900
2006-12-13,1.8303329944610596,1.8303329944610596,1.8170505375911057,1.8250199863786571,39300
2006-12-14,1.8276758193969727,1.8383018312922532,1.8197062471394856,1.830332259034766,45400
2006-12-15,1.838300108909607,1.8409565460584698,1.8276741069702862,1.8329871079399467,20000
2006-12-18,1.8542401790618896,1.8542401790618896,1.8409576056567327,1.8409576056567327,54000
2006-12-19,1.835644006729126,1.8542395781354468,1.8356440067291262,1.8462700113407473,65400
2006-12-20,1.8568960428237915,1.8568960428237915,1.835644033293008,1.835644033293008,46400
2006-12-21,1.851583480834961,1.8568964844813396,1.846270477188582,1.8542400459941497,35000
2006-12-22,1.843612790107727,1.8542387902039859,1.8409562267477055,1.8515822268439648,30900
2006-12-26,1.835644006729126,1.8436135735238255,1.8356440067291262,1.8409570090349368,39600
2006-12-27,1.8457950353622437,1.8511374183313727,1.8404526523931146,1.8404526523931146,18700
2006-12-28,1.8431227207183838,1.8511362263256967,1.8431227207183838,1.8431227207183838,33100
2006-12-29,1.8511383533477783,1.8511383533477783,1.8457959676801918,1.8457959676801918,12500
2007-01-03,1.8404525518417358,1.851137317196242,1.8404525518417358,1.8484661895438406,63900
2007-01-04,1.837782859802246,1.851138763242327,1.8244268289896157,1.8244268289896157,50900
2007-01-05,1.8217536211013794,1.8404518900621187,1.797712844011967,1.8297671285495807,115800
2007-01-08,1.8217536211013794,1.8351095093058498,1.8164112403451105,1.8164112403451105,28800
2007-01-09,1.8431227207183838,1.8431227207183838,1.8217532026023822,1.8217532026023822,31600
2007-01-10,1.837782859802246,1.8457963763917848,1.8244268289896157,1.8244268289896157,28000
2007-01-11,1.8404525518417358,1.856479699873495,1.82976778648723,1.82976778648723,35000
2007-01-12,1.8538081645965576,1.8591505460991011,1.8404521471539872,1.8484657830940139,36900
2007-01-16,1.8511383533477783,1.8538096098678323,1.8351111963450186,1.8431248385326593,59700
2007-01-17,1.8431227207183838,1.8538074797763846,1.840451467267696,1.840451467267696,29400
2007-01-18,1.8484653234481812,1.8538077036222698,1.8377805631000035,1.8377805631000035,31200
2007-01-19,1.8484653234481812,1.8538077036222698,1.843122943274092,1.848465323448181,22400
2007-01-22,1.8431227207183838,1.8538074797763846,1.840451467267696,1.8511362263256967,35600
2007-01-23,1.8618220090866089,1.8698356464725099,1.8404524792208001,1.8431237341402487,47300
2007-01-24,1.8564808368682861,1.859152093529139,1.848467321630784,1.8511384509191087,25200
2007-01-25,1.8591504096984863,1.867163917678162,1.8511367743463973,1.853808028587898,35100
2007-01-26,1.8644940853118896,1.8644940853118896,1.8457956747564728,1.8457956747564728,34600
2007-01-29,1.861270785331726,1.8693282911691382,1.8612707853317263,1.8639566633007671,24100
2007-01-30,1.855898141860962,1.8720130166475393,1.845154892003244,1.86932726821793,36100
2007-01-31,1.8746998310089111,1.8800714586250515,1.8505274427014264,1.8532133205443488,26900
2007-02-01,1.8746998310089111,1.8800714586250515,1.8585849481604895,1.8585849481604895,33700
2007-02-02,1.8800703287124634,1.882756204941188,1.8612695793202727,1.8612695793202727,26600
2007-02-05,1.8720126152038574,1.877384238980799,1.8666409914269162,1.8666409914269162,25700
2007-02-06,1.8746998310089111,1.8827573364679742,1.8585849481604895,1.8746998310089111,54900
2007-02-07,1.8908146619796753,1.8961862894484363,1.8746997795733922,1.8746997795733922,79700
2007-02-08,1.8827569484710693,1.9337873362732547,1.877385193892231,1.8800710711816502,438700
2007-02-09,1.8773843050003052,1.8934993049674373,1.877384305000305,1.8934993049674373,33800
2007-02-12,1.8881287574768066,1.8935003845051601,1.8693279988427238,1.880071252899431,41500
2007-02-13,1.8800703287124634,1.8908135774881072,1.8720128280959165,1.8720128280959165,13100
2007-02-14,1.8800703287124634,1.8908135774881072,1.8773844524837384,1.8800703287124632,41700
2007-02-15,1.8908146619796753,1.8988721672176672,1.8800714070421534,1.8800714070421534,34100
2007-02-16,1.8854413032531738,1.9042420461653915,1.8773838054137708,1.8854413032531736,56500
2007-02-20,1.9042426347732544,1.9042426347732544,1.8854418860496616,1.8854418860496616,32600
2007-02-21,1.90961492061615,1.9123006696102978,1.8881284163842964,1.8881284163842964,25800
2007-02-22,1.906929850578308,1.912301478909582,1.8935008437849845,1.9015582222470344,28300
2007-02-23,1.9176721572875977,1.9176721572875979,1.8908140289358837,1.898871531476227,33500
2007-02-26,1.9333330392837524,1.9387334058667558,1.9171319395347424,1.9171319395347424,90500
2007-02-27,1.8955333232879639,1.9333359462082402,1.8901329485850673,1.9198350738285432,23900
2007-02-28,1.9036322832107544,1.90903265318597,1.88743104453013,1.8928315432603224,25700
2007-03-01,1.9036322832107544,1.90903265318597,1.8658295646292666,1.868529813994363,44600
2007-03-02,1.8982313871383667,1.9090321240953612,1.895531138521648,1.903631755616864,17900
2007-03-05,1.873929500579834,1.8901306045972186,1.8712292521994718,1.8793298685856288,41300
2007-03-06,1.8847297430038452,1.9063312093698659,1.87932937641234,1.8820294953306447,57100
2007-03-07,1.873929500579834,1.8874303562168564,1.873929500579834,1.8820299882110616,56300
2007-03-08,1.8847297430038452,1.898230723860056,1.8766291287391397,1.8766291287391397,37200
2007-03-09,1.8874297142028809,1.9009306940024404,1.8847295954959002,1.8847295954959002,25700
2007-03-12,1.909030795097351,1.919831524535269,1.892829700940474,1.895529818922528,33300
2007-03-13,1.8847297430038452,1.9036310904515612,1.8847297430038452,1.9036310904515612,26300
2007-03-14,1.906331181526184,1.9063311815261843,1.8793293489630445,1.8820294678419114,40500
2007-03-15,1.8955333232879639,1.9063340726937572,1.8955333232879639,1.9063340726937572,5700
2007-03-16,1.906331181526184,1.9225322810640681,1.8928303296220612,1.8928303296220612,56400
2007-03-19,1.8955333232879639,1.9279355715053437,1.8928332003140602,1.92523544853144,53100
2007-03-20,1.8982313871383667,1.9171326124356363,1.8928310186598698,1.895531138521648,45400
2007-03-21,1.914433240890503,1.9171333618077087,1.9036324997116985,1.9036324997116985,23600
2007-03-22,1.9252325296401978,1.9279326485203867,1.9117315489745725,1.9144317966096553,21200
2007-03-23,1.944133996963501,1.9468342449442821,1.9198324089110217,1.9198324089110217,30700
2007-03-26,1.944133996963501,1.9468342449442821,1.9306331433243258,1.9333332625501967,35500
2007-03-27,1.944133996963501,1.9576349793575862,1.9360335105309778,1.9360335105309778,33300
2007-03-28,1.9381611347198486,1.95444818785084,1.9381611347198486,1.951733743714671,64600
2007-03-29,1.9408766031265259,1.9408766031265259,1.9191605222731019,1.9245895424864579,61200
2007-03-30,1.946305274963379,1.9653067775899487,1.9218746236571853,1.9327326621403762,83200
2007-04-02,1.9408766031265259,1.9598781091542459,1.9273039878741098,1.9300185626998139,45500
2007-04-03,1.9544488191604614,1.9571633936114616,1.940876335219562,1.9463053546835285,41100
2007-04-04,1.946305274963379,1.9598777583483533,1.9435907006235669,1.9435907006235669,36100
2007-04-05,1.9680227041244507,1.968022704124451,1.9463066122373143,1.9463066122373143,29200
2007-04-09,1.9707361459732056,1.9761651658200445,1.9680215713307645,1.9680215713307645,45700
2007-04-10,1.9680227041244507,1.9870243492447541,1.9653081279195,1.9843097730398032,34200
2007-04-11,1.9707361459732056,1.9734505911776035,1.9625925514839255,1.9625925514839255,20700
2007-04-12,1.9680227041244507,1.973451727096235,1.9625936811526667,1.973451727096235,24300
2007-04-13,1.9843106269836426,1.9843106269836426,1.9653089736860183,1.9788816016754889,27400
2007-04-16,1.973450779914856,1.9951668613790987,1.9707363344508535,1.973450779914856,61100
2007-04-17,1.9843106269836426,1.9978832549731131,1.9734525763673354,1.9734525763673354,55900
2007-04-18,1.989737629890442,1.9951666496804523,1.9761651451344366,1.9761651451344366,30200
2007-04-19,1.9870247840881348,1.9924538082480145,1.987024784088135,1.9924538082480145,13200
2007-04-20,1.9815939664840698,2.000595469127241,1.9788793921418861,1.98159396648407,36300
2007-04-23,2.0087409019470215,2.0087409019470215,1.9843102282504164,1.9843102282504164,20700
2007-04-24,2.014169454574585,2.030456523412883,2.0005968324902783,2.0195984775206846,39700
2007-04-25,2.030456781387329,2.030456781387329,2.006026110306848,2.006026110306848,51000
2007-04-26,2.029909610748291,2.0353663517678173,2.0053542111109386,2.013539387689712,25500
2007-04-27,2.038094997406006,2.0435517393363156,2.0299099495600363,2.032638255475696,58400
2007-04-30,2.0053539276123047,2.027180888604713,1.991712142041524,2.021724148356611,89300
2007-05-01,2.0053539276123047,2.0189958432820347,2.0053539276123047,2.0053539276123047,14400
2007-05-02,2.0108110904693604,2.027181314654171,1.997169302031507,1.997169302031507,22000
2007-05-03,2.027181625366211,2.027181625366211,2.016268140903596,2.0189965770687484,29600
2007-05-04,2.021723747253418,2.035365660216639,2.0189954427201284,2.0326372255844247,36300
2007-05-07,2.0189976692199707,2.0353679047691653,2.0189976692199707,2.0353679047691653,65700
2007-05-08,2.027181625366211,2.029910061531363,2.0135398348374407,2.0135398348374407,59900
2007-05-09,2.0326385498046875,2.0326385498046875,2.0189967580530572,2.0189967580530572,27500
2007-05-10,2.024454355239868,2.0435528977729205,2.021725917678539,2.0326394077257297,50500
2007-05-11,2.027181625366211,2.035366803762671,2.016268140903596,2.016268140903596,35000
2007-05-14,2.0408246517181396,2.0517381420937126,2.02718272369914,2.02718272369914,49200
2007-05-15,2.0326385498046875,2.065379136226419,2.0326385498046875,2.065379136226419,61200
2007-05-16,2.0435526371002197,2.054466255854348,2.032639148445138,2.032639148445138,60600
2007-05-17,2.038094997406006,2.0544653532959245,2.027181513545387,2.049008611365615,76300
2007-05-18,2.038094997406006,2.051736917281275,2.035366691490346,2.038094997406006,28900
2007-05-21,2.035367012023926,2.046280497603222,2.0271818327899487,2.0271818327899487,42200
2007-05-22,2.0408246517181396,2.049009834549353,2.0326394688869263,2.0326394688869263,51800
2007-05-23,2.0435526371002197,2.059923000181889,2.0380958927726787,2.0380958927726787,71800
2007-05-24,2.0135393142700195,2.051736500013919,2.005354137989702,2.051736500013919,76100
2007-05-25,2.0135393142700195,2.0135393142700195,2.005354137989702,2.005354137989702,48700
2007-05-29,2.026703119277954,2.0294456761703064,2.018475710145519,2.0294456761703064,49500
2007-05-30,2.015732765197754,2.023960303518589,2.0102477832412924,2.012990339605666,61500
2007-05-31,2.010249376296997,2.0321893215095193,2.010249376296997,2.010249376296997,61300
2007-06-01,1.999279499053955,2.023962003981563,1.9992794990539553,2.0129920308520473,72800
2007-06-04,2.002021551132202,2.0184765066627235,1.9828240376270796,1.985566464829319,61200
2007-06-05,1.9965358972549438,2.0047633068784143,1.9883083568591549,1.9910509139151906,42100
2007-06-06,1.980082392692566,2.0047649027559347,1.980082392692566,1.9883099396378296,70600
2007-06-07,1.933459997177124,1.9883098723821473,1.9334599971771242,1.9773398973411427,72700
2007-06-08,1.9307175874710083,1.9389451347747948,1.8978076598007183,1.9224901709396498,80800
2007-06-11,1.9471726417541504,1.9608851776399454,1.9279752484409582,1.9307176771546568,78700
2007-06-12,1.9416863918304443,1.95265636110173,1.9307164225591587,1.9334589802631545,48000
2007-06-13,1.9636260271072388,1.9636260271072388,1.9499136330220719,1.958141043318706,31200
2007-06-14,1.9526571035385132,1.9581420902596507,1.9389447021218689,1.9389447021218689,33500
2007-06-15,1.960883617401123,1.9636260439327233,1.9416861085905994,1.9416861085905994,29300
2007-06-18,1.960883617401123,1.9773385689077159,1.955398633565592,1.9691110277682544,65900
2007-06-19,1.9581423997879028,1.960884958968194,1.9553999713800314,1.9553999713800314,14400
2007-06-20,1.9581423997879028,1.969112374964228,1.9362024494352528,1.960884958968194,42900
2007-06-21,1.9499149322509766,1.960884907137339,1.947172373143178,1.9553999196941578,37800
2007-06-22,1.9499149322509766,1.9636273354727218,1.9252324233704528,1.9252324233704528,31900
2007-06-25,1.9526571035385132,1.9553996622852812,1.9307171566539634,1.9334597154007314,63800
2007-06-26,1.9471726417541504,1.9581426181538126,1.9389452248406205,1.9471726417541504,46300
2007-06-27,1.976950764656067,1.9769507646560667,1.927320117910032,1.930077434496408,43700
2007-06-28,1.96316397190094,1.9714357881919307,1.9521349711636582,1.9714357881919307,34000
2007-06-29,1.976950764656067,1.9769507646560667,1.9521354412830494,1.9521354412830494,32000
2007-07-02,1.9604073762893677,1.974193565613807,1.9604073762893675,1.974193565613807,9100
2007-07-03,1.9548932313919067,1.9604077344243132,1.9466214111052353,1.9466214111052353,17800
2007-07-05,1.9355911016464233,1.9686780975606446,1.9245621030083497,1.9686780975606446,69500
2007-07-06,1.9273184537887573,1.9355902649295917,1.9162894599182962,1.9218039568535268,83200
2007-07-09,1.9328347444534302,1.9383492461311767,1.9300774278765118,1.9328347444534304,33100
2007-07-10,1.9190469980239868,1.9328333077085356,1.9107751859180588,1.9107751859180588,60900
2007-07-11,1.9190469980239868,1.9300759931812286,1.9025035052881238,1.9162896834966796,37800
2007-07-12,1.9273184537887573,1.9355902649295917,1.9218039568535268,1.9328330821999655,70700
2007-07-13,1.9273184537887573,1.949376573005657,1.927318453788757,1.9383475791351958,42600
2007-07-16,1.9328347444534302,1.9521354345874973,1.927320111299593,1.9300774278765118,70600
2007-07-17,1.9300768375396729,1.9411058375218153,1.9245623375486014,1.9245623375486014,18200
2007-07-18,1.913533329963684,1.930076829871168,1.8997470143027555,1.9162905142102395,47100
2007-07-19,1.9300768375396729,1.9328341532732336,1.8969898375932448,1.8969898375932448,31600
2007-07-20,1.9245613813400269,1.9300758785912482,1.9162895697252023,1.9190468840888057,39100
2007-07-23,1.9190469980239868,1.9273186786539216,1.9025035052881238,1.9025035052881238,76200
2007-07-24,1.894230842590332,1.924560631391352,1.8749301754699925,1.9080171460842321,77200
2007-07-25,1.8914752006530762,1.8942323847109572,1.8749317018776666,1.8776888859355476,53300
2007-07-26,1.803242564201355,1.8776883533114659,1.7398257711463716,1.8721738552839022,307000
2007-07-27,1.8165549039840698,1.8248749284817967,1.7860478389221257,1.8165549039840696,39900
2007-07-30,1.8248752355575562,1.8248752355575562,1.7888214373488074,1.8165552096598,69700
2007-07-31,1.849835753440857,1.8581557801288662,1.8304221374281027,1.8581557801288662,36400
2007-08-01,1.7888203859329224,1.8581545114689948,1.7749536401723178,1.8082339886909886,117700
2007-08-02,1.8110086917877197,1.81655542044465,1.7832749162586254,1.7832749162586254,60400
2007-08-03,1.8193286657333374,1.8304221227245303,1.8026884802465482,1.8026884802465482,38900
2007-08-06,1.8248752355575562,1.8248752355575562,1.7832747093354944,1.8165552096598,34800
2007-08-07,1.8137809038162231,1.8387412339472053,1.7971407278103564,1.7971407278103564,61500
2007-08-08,1.830421805381775,1.84151526044968,1.813781622779917,1.813781622779917,74800
2007-08-09,1.8221018314361572,1.824875129158904,1.7999147884320847,1.824875129158904,28300
2007-08-10,1.7610887289047241,1.816556170624765,1.747221967658087,1.8026892771336305,82700
2007-08-13,1.783275842666626,1.7971427376349953,1.7777291111281806,1.7860492745581045,46400
2007-08-14,1.7610887289047241,1.7915958152385218,1.7527686986056412,1.788822383642496,45000
2007-08-15,1.7167136669158936,1.7721809371537238,1.7167136669158936,1.7721809371537238,94200
2007-08-16,1.7056198120117188,1.7888206978145023,1.564178107780428,1.6972996573092543,210500
2007-08-17,1.7610887289047241,1.7666354598522787,1.683434495638963,1.683434495638963,53400
2007-08-20,1.783275842666626,1.7999160372819625,1.758315616865877,1.758315616865877,19600
2007-08-21,1.8082355260849,1.8137822555539393,1.7888219068210305,1.7888219068210305,29400
2007-08-22,1.8581547737121582,1.8831151047460115,1.8165543983148937,1.8165543983148937,40800
2007-08-23,1.849835753440857,1.866475939061315,1.8442890249007045,1.8442890249007045,19300
2007-08-24,1.8581547737121582,1.866474928138232,1.8415145971043787,1.8415145971043787,14800
2007-08-27,1.8581547737121582,1.866474928138232,1.8581547737121582,1.8609282026023055,37000
2007-08-28,1.8553836345672607,1.8581569344379236,1.8470634704662274,1.8581569344379236,38600
2007-08-29,1.8715587854385376,1.8743479245868278,1.8631911019940348,1.8687695132904314,29800
2007-08-30,1.8631923198699951,1.8743491497554516,1.8631923198699951,1.865981593841311,32600
2007-08-31,1.8631923198699951,1.8687707348127234,1.8436679340703976,1.8687707348127234,32900
2007-09-04,1.8659814596176147,1.868770600388399,1.8408785276810888,1.8408785276810888,22000
2007-09-05,1.857613205909729,1.8687700315968858,1.8548240659878663,1.8548240659878663,47600
2007-09-06,1.8631923198699951,1.8687707348127234,1.849246349013126,1.849246349013126,33600
2007-09-07,1.857613205909729,1.8659808916750231,1.8325104146135522,1.8325104146135522,23500
2007-09-10,1.8520355224609375,1.8631923525420346,1.843667966400067,1.8492463814406157,33900
2007-09-11,1.8771377801895142,1.8799269202047288,1.8436673020077947,1.8436673020077947,29300
2007-09-12,1.8771377801895142,1.8827161932198009,1.8604025410986544,1.8604025410986544,38000
2007-09-13,1.857613205909729,1.8855054031274745,1.8576132059097288,1.8855054031274745,65800
2007-09-14,1.857613205909729,1.8771377173621802,1.8548240659878663,1.8576132059097288,25800
2007-09-17,1.8687705993652344,1.874349013903642,1.8492462149807536,1.8492462149807536,39000
2007-09-18,1.8715587854385376,1.8910832914758335,1.8548235515493483,1.8548235515493483,16200
2007-09-19,1.8855047225952148,1.8966615442555577,1.8715586290198838,1.8715586290198838,25900
2007-09-20,1.8855047225952148,1.8938722723405694,1.877137039850055,1.8799261787652382,33000
2007-09-21,1.9106088876724243,1.910608887672424,1.8910845021355627,1.8938736430694423,36600
2007-09-24,1.918976902961731,1.9412905662287403,1.902241655511474,1.9412905662287403,47400
2007-09-25,1.9412885904312134,1.9412885904312134,1.8966613093177842,1.8966613093177842,34800
2007-09-26,1.9070754051208496,1.9435340969730275,1.9070754051208496,1.9070754051208496,32700
2007-09-27,1.9154884815216064,1.9379246358544466,1.8986613657719764,1.8986613657719764,32500
2007-09-28,1.9210964441299438,1.9323145150133048,1.9210964441299438,1.923901028715761,32300
2007-10-01,1.9323151111602783,1.9351196966113504,1.9210970368159803,1.9210970368159803,50600
2007-10-02,1.9323151111602783,1.9351196966113504,1.9295106594392013,1.9323151111602785,22900
2007-10-03,1.9267048835754395,1.9379229509886657,1.9210958498688262,1.9210958498688262,32500
2007-10-04,1.9267048835754395,1.9351185010003153,1.9182913998804758,1.9210958498688262,23300
2007-10-05,1.9351203441619873,1.940729383211093,1.9267067187233091,1.9267067187233091,14000
2007-10-08,1.946338176727295,1.9519472150688135,1.9379245523500055,1.9379245523500055,30900
2007-10-09,1.9519461393356323,1.9631642098363011,1.9435325195951565,1.9435325195951565,20500
2007-10-10,1.9687756299972534,1.9687756299972534,1.9519485038624182,1.9519485038624182,53500
2007-10-11,1.9603618383407593,1.9799935507435644,1.9547527967585436,1.963166425996917,61600
2007-10-12,1.965970754623413,1.9743842490231533,1.9631661673367784,1.9631661673367784,62500
2007-10-15,1.9687756299972534,1.9715802178847812,1.9575575459073633,1.9715802178847812,38100
2007-10-16,1.9491431713104248,1.9715794646485953,1.940729678322413,1.9435341314083971,54000
2007-10-17,1.946338176727295,1.9519472150688135,1.9407291383857763,1.9407291383857763,27300
2007-10-18,1.9519461393356323,1.9743822803369697,1.9463371040852981,1.9463371040852981,16100
2007-10-19,1.946338176727295,1.9547516673745615,1.9351201000442575,1.949142629033043,26000
2007-10-22,1.9239033460617065,1.9379258846911107,1.9210987580977572,1.9351214304572757,37900
2007-10-23,1.9154884815216064,1.9239021062614357,1.9154884815216064,1.9154884815216064,18800
2007-10-24,1.9407292604446411,1.9435337129267705,1.9154885194553224,1.9154885194553224,25200
2007-10-25,1.9407292604446411,1.94914275162106,1.921097558149612,1.9351202217503516,24800
2007-10-26,1.9743843078613281,1.9771888952315417,1.9267073924083842,1.9267073924083842,9200
2007-10-29,1.9597198963165283,1.9738186547757883,1.9597198963165283,1.9597198963165283,12100
2007-10-30,1.9738179445266724,1.9738179445266726,1.945620572210284,1.945620572210284,14900
2007-10-31,1.9850982427597046,1.9850982427597044,1.9709994797904924,1.9738192861666422,15100
2007-11-01,1.9709992408752441,1.9766388529439365,1.9625400916837101,1.9738190469095904,11400
2007-11-02,1.9371638298034668,1.9879193008876899,1.9371638298034668,1.9879193008876899,113500
2007-11-05,1.9202439785003662,1.9315229339385316,1.917424306868702,1.9315229339385316,29600
2007-11-06,1.9343440532684326,1.9371637268143966,1.9174256086251096,1.9202452821710736,46100
2007-11-07,1.9174256324768066,1.920245306057846,1.9146058244399198,1.9146058244399198,31400
2007-11-08,1.9033241271972656,1.9089636007144388,1.8892253761765057,1.9061439311836794,43300
2007-11-09,1.883588194847107,1.9061462508229428,1.8779487144671025,1.8779487144671025,81400
2007-11-12,1.8892260789871216,1.8976853596376437,1.8751274571771905,1.8807669327923038,17800
2007-11-13,1.894866704940796,1.903325990726794,1.8835877468633222,1.8835877468633222,26100
2007-11-14,1.894866704940796,1.908965469765531,1.894866704940796,1.9005061839795327,30100
2007-11-15,1.8892260789871216,1.903324835252757,1.8892260789871216,1.8948655546022348,15900
2007-11-16,1.9061455726623535,1.9089652446212755,1.889227003085741,1.889227003085741,29500
2007-11-19,1.8807685375213623,1.9033264592289223,1.8751290570944725,1.8892276909337877,34600
2007-11-20,1.8864086866378784,1.9005073254748455,1.8723099133450447,1.8723099133450447,56800
2007-11-21,1.883588194847107,1.897686963025027,1.8751290415050095,1.8751290415050095,18600
2007-11-23,1.8864086866378784,1.8948678430488852,1.869490239359998,1.869490239359998,4800
2007-11-26,1.8976866006851196,1.900506273108831,1.886407642078689,1.8892273145024006,15700
2007-11-27,1.8892260789871216,1.900505030217348,1.8807669327923038,1.8892260789871216,21900
2007-11-28,1.888660192489624,1.9000034863910904,1.8716452516374247,1.8716452516374247,26800
2007-11-29,1.900002360343933,1.900002360343933,1.8773157859863272,1.8773157859863272,21000
2007-11-30,1.9028376340866089,1.9113450291068177,1.8886584620894533,1.8886584620894533,30300
2007-12-03,1.9170191287994385,1.9283624260519867,1.8943323990715721,1.8943323990715721,30200
2007-12-04,1.9311975240707397,1.9311975240707397,1.9141825839952862,1.917018474952557,32500
2007-12-05,1.951048493385315,1.951048493385315,1.9198543667580508,1.9198543667580508,36600
2007-12-06,1.9567193984985352,1.9992568031833757,1.9397044636691352,1.942540218529361,45900
2007-12-07,1.9425404071807861,1.9595553436626059,1.9425404071807861,1.9453762975391036,22700
2007-12-10,1.951048493385315,1.9652275435084474,1.942540955133249,1.942540955133249,30700
2007-12-11,1.9453765153884888,1.9623914537756946,1.9425406247125994,1.9453765153884885,39100
2007-12-12,1.951048493385315,1.9652275435084474,1.9453768462915155,1.9453768462915155,19600
2007-12-13,1.9567193984985352,1.965226798301894,1.9510477535554018,1.9623910434416683,14400
2007-12-14,1.9567193984985352,1.9680626883848016,1.956719398498535,1.965226798301894,32200
2007-12-17,1.9623905420303345,1.9708979396599644,1.9538830091780575,1.9567188985363655,30200
2007-12-18,1.951048493385315,1.9567201404791146,1.939705199197716,1.9538842493208484,29200
2007-12-19,1.9397048950195312,1.9623914798370934,1.9397048950195312,1.9397048950195312,30400
2007-12-20,1.9482120275497437,1.9510479178714881,1.9397046270298963,1.9397046270298963,19000
2007-12-21,1.9708973169326782,1.970897316932678,1.953882391826829,1.953882391826829,47800
2007-12-24,1.968063235282898,1.9708989909311418,1.948212404854314,1.956719942244484,7200
2007-12-26,1.976570963859558,1.9794068551988377,1.9453769704639303,1.9510486179197482,20800
2007-12-27,1.973147988319397,1.9845534570178052,1.964593818813635,1.9759992875120431,26600
2007-12-28,1.967445731163025,1.9759997667796083,1.9617429954306547,1.9645942953148674,13800
2007-12-31,1.9702976942062378,1.9817031695098115,1.9702976942062378,1.9702976942062378,16700
2008-01-02,1.9702976942062378,1.9731491310141265,1.956040918058766,1.9674463933623396,15900
2008-01-03,1.981701374053955,1.9845528082783948,1.9702959090839305,1.9702959090839305,30100
2008-01-04,1.9617440700531006,1.9674468089093706,1.956041331196831,1.956041331196831,26300
2008-01-07,1.9617440700531006,1.9674468089093706,1.950338592340561,1.9531898937866863,14300
2008-01-08,1.967445731163025,1.9874052382443492,1.9674457311630251,1.9731484668953954,25100
2008-01-09,1.9617440700531006,1.9817035880680356,1.9531898937866863,1.9531898937866863,23900
2008-01-10,1.973147988319397,1.9845534570178052,1.9531883501152265,1.9560397852717846,11500
2008-01-11,1.978851556777954,1.9931083306784074,1.9674460832720035,1.978851556777954,17400
2008-01-14,1.978851556777954,1.9959597670368796,1.9531891734075812,1.981702857172457,35700
2008-01-15,1.9874064922332764,1.9959606692112124,1.9560414938969166,1.9560414938969166,14300
2008-01-16,1.9988110065460205,2.00736504285107,1.9617431533202587,1.9617431533202587,46200
2008-01-17,1.978851556777954,1.9959597670368796,1.9588919101605564,1.9959597670368796,11500
2008-01-18,1.8904590606689453,1.9674460744717366,1.8904590606689453,1.9674460744717366,77400
2008-01-22,1.839133381843567,1.8704984862677545,1.4370903020833223,1.853390284571989,124000
2008-01-23,1.8562419414520264,1.8676474106129428,1.7963631603752566,1.8391336017467346,40500
2008-01-24,1.9104183912277222,1.910418391227722,1.8562424654033869,1.859093765516478,26800
2008-01-25,1.8790533542633057,1.9218238064349709,1.8762019182710872,1.896161562324762,18200
2008-01-28,1.9075673818588257,1.9104186824065013,1.8704995229912067,1.8704995229912067,30400
2008-01-29,1.929935336112976,1.9328029252316532,1.9184647061568776,1.9242000211349268,11800
2008-01-30,1.9155967235565186,1.9385381171346532,1.9098614093471542,1.9098614093471542,21300
2008-01-31,1.9270676374435425,1.932802952502514,1.8926557470897125,1.8926557470897125,20900
2008-02-01,1.9270676374435425,1.938538404302183,1.9242000482844053,1.9242000482844053,17900
2008-02-04,1.935670018196106,1.9385377431178348,1.9270669801715705,1.9270669801715705,9400
2008-02-05,1.9241987466812134,1.9356693690399795,1.912728124322447,1.9213310227212195,19900
2008-02-06,1.921332597732544,1.9471415875669755,1.9098619659707337,1.9127296922815447,41300
2008-02-07,1.9098618030548096,1.9500091475371948,1.9098618030548096,1.9098618030548096,19400
2008-02-08,1.9241987466812134,1.9356693690399795,1.8926544668243037,1.9041250891830699,18100
2008-02-11,1.9012593030929565,1.92133284286686,1.8926562598036163,1.9098622096415625,12500
2008-02-12,1.8811845779418945,1.9069935566823761,1.8811845779418948,1.8897876164356078,19900
2008-02-13,1.8811845779418945,1.8955229298511973,1.8754492645263052,1.8955229298511973,20400
2008-02-14,1.8439048528671265,1.9041257081982428,1.8353019516716234,1.892655082110473,35900
2008-02-15,1.8266993761062622,1.8525083597067915,1.8094934326194705,1.8266993761062622,28000
2008-02-19,1.8725810050964355,1.892654526486755,1.8266983774744001,1.8266983774744001,57600
2008-02-20,1.863978624343872,1.8725816627759637,1.8353020574713286,1.846772684220346,37900
2008-02-21,1.8496387004852295,1.8811829656051327,1.8496387004852295,1.8811829656051327,20300
2008-02-22,1.8783186674118042,1.8783186674118042,1.846774347078782,1.8525096656174425,31300
2008-02-25,1.8840538263320923,1.915598007251889,1.855377099327523,1.8639801447770474,45400
2008-02-26,1.8869191408157349,1.9012574870218109,1.8725809313502624,1.8926544519500446,63800
2008-02-27,1.9094173908233643,1.9094173908233643,1.8834586371953195,1.8863428820273596,12200
2008-02-28,1.9151866436004639,1.9151866436004639,1.90076513965977,1.90076513965977,25700
2008-02-29,1.8892278671264648,1.920955258075698,1.8834592380870618,1.918071012323479,58400
2008-03-03,1.877690315246582,1.883458943383371,1.8661529214380603,1.8661529214380603,26600
2008-03-04,1.8892278671264648,1.8921121128786835,1.8546159553550825,1.8661532134338883,49000
2008-03-05,1.8546167612075806,1.886344303477764,1.8546167612075808,1.8805756719318238,46400
2008-03-06,1.8661532402038574,1.8776906359831322,1.8459631070438025,1.848847352837396,62800
2008-03-07,1.8690377473831177,1.8805750063919353,1.854616104854608,1.8575004883743003,29700
2008-03-10,1.8488472700119019,1.8719217854668146,1.8459630243475182,1.85461589887563,28200
2008-03-11,1.8690377473831177,1.8748063768875265,1.8575004883743003,1.863269117878709,50200
2008-03-12,1.8834595680236816,1.9036497044309333,1.8690379241313682,1.8690379241313682,29000
2008-03-13,1.863269567489624,1.894997106187283,1.834426413007666,1.8690381983860158,47400
2008-03-14,1.8488472700119019,1.883459180729232,1.8488472700119019,1.883459180729232,26200
2008-03-17,1.8200031518936157,1.8488462807796302,1.770969764019947,1.770969764019947,63800
2008-03-18,1.8344258069992065,1.871921826671317,1.7680865048385994,1.8084669077735451,73500
2008-03-19,1.8257726430892944,1.8459629116471603,1.8171197690894607,1.8200040145777545,17600
2008-03-20,1.8055832386016846,1.8459636544308413,1.7825085777357301,1.8055832386016846,26500
2008-03-24,1.8344258069992065,1.851731693971326,1.8055826620456739,1.8084669077735451,35300
2008-03-25,1.8488472700119019,1.8603845277393583,1.8344257666200616,1.8344257666200616,11100
2008-03-26,1.8315415382385254,1.866153314346583,1.8113514042763117,1.8488474262925543,31300
2008-03-27,1.874487280845642,1.8773888919770152,1.8280603958394195,1.8280603958394195,38900
2008-03-28,1.8802886009216309,1.9209120812161655,1.8599767915929228,1.8773868545762948,60300
2008-03-31,1.8280590772628784,1.8570758594620016,1.8222557208230536,1.8570758594620016,57200
2008-04-01,1.8541741371154785,1.8541741371154787,1.833862458483093,1.8425674240789915,25900
2008-04-02,1.8454698324203491,1.906405166865572,1.8454698324203493,1.857076549613441,35800
2008-04-03,1.8570761680603027,1.871584492389309,1.8425677053683418,1.8454694532519158,35600
2008-04-04,1.8570761680603027,1.8773878497935024,1.8570761680603027,1.8570761680603027,37300
2008-04-07,1.8686844110488892,1.8802911353490692,1.8686844110488892,1.8773893850924903,23800
2008-04-08,1.8831915855407715,1.886093334007322,1.8628798997268474,1.8628798997268474,28600
2008-04-09,1.8831915855407715,1.9006017996141096,1.8744866168670846,1.8802899754372033,36500
2008-04-10,1.8715838193893433,1.8860922768642299,1.871583819389343,1.8860922768642299,8600
2008-04-11,1.8976997137069702,1.8976997137069702,1.8657811780654396,1.8831912506800133,30100
2008-04-14,1.874487280845642,1.8860940020971975,1.8628805595940863,1.8860940020971975,52800
2008-04-15,1.8773890733718872,1.8860941843331644,1.8628807395871512,1.8860941843331644,35100
2008-04-16,1.8976997137069702,1.9035030712451613,1.8831912506800133,1.8831912506800133,63000
2008-04-17,1.9093050956726074,1.915108449158794,1.8889934276523845,1.8889934276523845,45500
2008-04-18,1.9441266059875488,1.9441266059875488,1.9122082081840144,1.9122082081840144,17200
2008-04-21,1.9354214668273926,1.9905534286319913,1.926716361968583,1.9731433572773203,24100
2008-04-22,1.9354214668273926,1.9557331475597015,1.923814752590945,1.9325197190868066,13500
2008-04-23,1.9586352109909058,1.964438569044508,1.9325200305682098,1.9412251368300986,35600
2008-04-24,1.9470278024673462,1.9586345144468866,1.9383226993012304,1.949929411280771,46400
2008-04-25,1.9296189546585083,1.9470290336367753,1.9296189546585085,1.9470290336367753,29300
2008-04-28,1.9494634866714478,1.9553001982810738,1.9407084888360997,1.943626775061822,19600
2008-04-29,1.943626880645752,1.9523820181148885,1.9377901687190575,1.9377901687190575,24200
2008-04-30,1.9582176208496094,1.9582176208496092,1.9377890710984143,1.9552991969602485,23700
2008-05-01,1.9290351867675781,1.9582187466485466,1.9290351867675783,1.9582187466485466,53600
2008-05-02,1.9582176208496094,1.9582176208496092,1.9348707863671637,1.9348707863671637,46800
2008-05-05,1.9582176208496094,1.9669726142014712,1.9465442036083864,1.949462488339637,81000
2008-05-06,1.9669746160507202,1.9669746160507202,1.9465461846670062,1.949464472368286,43900
2008-05-07,1.9640547037124634,1.9728098378906893,1.9611362792670093,1.9611362792670093,9500
2008-05-08,1.9582176208496094,1.969891038090832,1.949462488339637,1.949462488339637,14400
2008-05-09,1.961137294769287,1.961137294769287,1.9494638692590933,1.9582190079708433,12400
2008-05-12,1.9552992582321167,1.9698910998199548,1.9377891318215796,1.9640543910164423,29600
2008-05-13,1.9552992582321167,1.961135967035629,1.934870846998881,1.934870846998881,43500
2008-05-14,1.9465441703796387,1.9552991635820474,1.9319523294981473,1.9436257465400975,21000
2008-05-15,1.9494634866714478,1.9698920468842298,1.9377900634521958,1.943626775061822,38700
2008-05-16,1.9698909521102905,1.9698909521102905,1.9465441186468726,1.9552991116166023,35700
2008-05-19,1.9698909521102905,1.9903195009698333,1.9465441186468726,1.9465441186468726,58000
2008-05-20,1.9669746160507202,1.9757297574710633,1.9553011869290975,1.9553011869290975,25600
2008-05-21,1.9582176208496094,1.9815644553320548,1.9582176208496092,1.9611359055808597,39900
2008-05-22,1.9552992582321167,1.9786462326042804,1.9494625494286042,1.9552992582321165,71800
2008-05-23,1.9465441703796387,1.9698910044635392,1.946544170379639,1.9494624550610724,32600
2008-05-27,1.9757283926010132,1.9961569490305509,1.9552998361714753,1.9640549715436075,41800
2008-05-28,1.9810101985931396,1.9927495070930188,1.9692708900932607,1.9692708900932607,9200
2008-05-29,1.983945608139038,2.001554575437217,1.9722061566632862,1.9722061566632862,17400
2008-05-30,1.983945608139038,2.0132938869693366,1.9692713987520725,1.9751410545181323,46300
2008-06-02,1.9898152351379395,2.0044893043691268,1.9751410259631221,1.9956848908191405,40100
2008-06-03,1.9898152351379395,1.9986196486879257,1.9898152351379395,1.9986196486879257,81100
2008-06-04,1.9898152351379395,1.992749993006725,1.9898152351379395,1.9898152351379395,14900
2008-06-05,1.9810101985931396,2.001554058439726,1.9751405443432002,1.989814749939847,44000
2008-06-06,1.9663364887237549,1.9927500094793154,1.966336488723755,1.9927500094793154,11000
2008-06-09,1.957531452178955,1.9751404137646271,1.957531452178955,1.9663358629999976,43700
2008-06-10,1.9634000062942505,1.9692696568684118,1.9545954604612548,1.9545954604612548,16500
2008-06-11,1.957531452178955,1.9692707599027364,1.9516617983170645,1.9545965552762163,24900
2008-06-12,1.957531452178955,1.9663358629999976,1.9516617983170645,1.9516617983170645,32800
2008-06-13,1.9663364887237549,1.9810106980198734,1.960466832994034,1.972206144453476,11800
2008-06-16,1.9898152351379395,1.992749993006725,1.9575320589195193,1.981010681644323,32200
2008-06-17,1.9663364887237549,1.9956849073159915,1.9487275215345918,1.9956849073159915,36000
2008-06-18,1.9692716598510742,1.981010972939669,1.9516626902181817,1.9545974485185051,43700
2008-06-19,1.9663364887237549,1.9751410422901523,1.954597177264313,1.957532075100989,33600
2008-06-20,1.9516640901565552,1.9751427331750926,1.9428595290527282,1.9487291898073626,22400
2008-06-23,1.9634000062942505,1.975139307442573,1.9369865087387714,1.9575303557200896,39300
2008-06-24,1.9604675769805908,1.9663372349378145,1.9369889451516964,1.9399238441021502,11900
2008-06-25,1.9810101985931396,1.9810101985931399,1.942857375996735,1.9487270302466744,16400
2008-06-26,1.9538577795028687,1.9715664437016795,1.942052003370328,1.9656635556354094,35700
2008-06-27,1.9007307291030884,1.9479538073524478,1.8977792163445661,1.9479538073524478,29200
2008-06-30,1.9154882431030273,1.9154882431030271,1.8948282127200848,1.8948282127200848,20900
2008-07-01,1.8948291540145874,1.9154891946608206,1.8948291540145874,1.8948291540145874,13500
2008-07-02,1.8859734535217285,1.90368210792852,1.8859734535217285,1.8948278510930618,19200
2008-07-03,1.8948291540145874,1.9007320428757928,1.86531470970856,1.8859747503547932,18000
2008-07-07,1.8446534872055054,1.9036823425017246,1.7443042924660404,1.9036823425017246,59700
2008-07-08,1.8387510776519775,1.8476054786063922,1.8210424164790766,1.844653964709611,66100
2008-07-09,1.847604751586914,1.8564590083213126,1.8387503541166426,1.8387503541166426,36100
2008-07-10,1.8505581617355347,1.859412568957784,1.8328494880270638,1.8328494880270638,20500
2008-07-11,1.8387510776519775,1.8505568517672446,1.8298966766975626,1.8357995637551963,35700
2008-07-14,1.821042776107788,1.844654329001251,1.8092369996610564,1.844654329001251,33300
2008-07-15,1.8121877908706665,1.8151393044015534,1.7708675865896304,1.800382018218942,79700
2008-07-16,1.847604751586914,1.8476047515869143,1.788575763502141,1.788575763502141,89700
2008-07-17,1.8446534872055054,1.8564592582647492,1.8387506016758834,1.8564592582647492,58300
2008-07-18,1.847604751586914,1.8476047515869143,1.829895956646371,1.835798841381261,29200
2008-07-21,1.862363338470459,1.8623633384704592,1.829897376863201,1.829897376863201,25900
2008-07-22,1.8594104051589966,1.8682646613415061,1.8417016113222489,1.8417016113222489,34100
2008-07-23,1.877119779586792,1.877119779586792,1.8505567193600612,1.877119779586792,43700
2008-07-24,1.862363338470459,1.8682662277866895,1.8505575598379984,1.8594119641803353,16100
2008-07-25,1.8417037725448608,1.8712183697506424,1.8239950986630098,1.8446552885598508,28700
2008-07-28,1.8269461393356323,1.8476063238570217,1.8269461393356325,1.8387519188518568,24500
2008-07-29,1.8441693782806396,1.8441693782806396,1.8263513337568207,1.8411996333907215,8000
2008-07-30,1.841200351715088,1.8471397022068674,1.8382307472718409,1.8382307472718409,11000
2008-07-31,1.870896577835083,1.870896577835083,1.8411996943732285,1.8411996943732285,32200
2008-08-01,1.838231086730957,1.8560491414966878,1.829321988545436,1.8560491414966878,22500
2008-08-04,1.8144736289978027,1.838231034679393,1.81150388248495,1.838231034679393,15500
2008-08-05,1.80853271484375,1.8293203560501106,1.8055629708970211,1.8174416634735657,27200
2008-08-06,1.793684959411621,1.8204120986601657,1.793684959411621,1.8085334015730878,30300
2008-08-07,1.7907160520553589,1.8055643583836336,1.7818069549741584,1.7936856566788961,25300
2008-08-08,1.8025941848754883,1.8115031375397987,1.781806392650015,1.781806392650015,19300
2008-08-11,1.81150221824646,1.8144719620309904,1.7728963986786315,1.793684180354811,22500
2008-08-12,1.7788357734680176,1.8233809397215703,1.7788357734680176,1.8233809397215703,34600
2008-08-13,1.7788357734680176,1.7818055173006715,1.7699268251804148,1.7699268251804148,37100
2008-08-14,1.7818071842193604,1.787746535835879,1.769928480986323,1.769928480986323,24400
2008-08-15,1.7699270248413086,1.7877450650317008,1.7699270248413088,1.7877450650317008,37900
2008-08-18,1.7847752571105957,1.7847752571105957,1.7639874751444102,1.7639874751444102,47700
2008-08-19,1.7788357734680176,1.7788357734680176,1.755078389227504,1.7699268251804148,37100
2008-08-20,1.7699270248413086,1.7758663715714396,1.763987678111178,1.7699270248413088,20100
2008-08-21,1.772897481918335,1.7788368315111582,1.7461704795532613,1.7461704795532613,19400
2008-08-22,1.772897481918335,1.7877459267030256,1.7639885283317318,1.7639885283317318,26300
2008-08-25,1.7610182762145996,1.784775809357827,1.7610182762145998,1.769927368843963,50000
2008-08-26,1.80853271484375,1.80853271484375,1.7580482005908422,1.7580482005908422,84200
2008-08-27,1.7989721298217773,1.819890461765389,1.790007089704664,1.7929954839085278,107800
2008-08-28,1.8079360723495483,1.81690096452964,1.7780527184308645,1.7780527184308645,72800
2008-08-29,1.8378190994262695,1.8378190994262695,1.792994215538921,1.792994215538921,28200
2008-09-02,1.8019602298736572,1.816901770970484,1.7929951912199968,1.7929951912199968,41200
2008-09-03,1.7929943799972534,1.8079360568283203,1.790005987633284,1.7929943799972534,21500
2008-09-04,1.7810401916503906,1.7929934700511865,1.7750635524499927,1.7870168308507886,35600
2008-09-05,1.7780523300170898,1.787017362733171,1.7631107988161028,1.7780523300170898,44100
2008-09-08,1.7810401916503906,1.7870168308507886,1.763110274049197,1.7780518008030324,83100
2008-09-09,1.775064468383789,1.7870177529524833,1.7660994337100726,1.7810411106681363,56700
2008-09-10,1.7870174646377563,1.7870174646377563,1.7690875406775022,1.7690875406775022,83300
2008-09-11,1.7601234912872314,1.7750651741864174,1.7571352402040636,1.7631118848648482,65000
2008-09-12,1.846785545349121,1.846785545349121,1.7511591978842591,1.7631124913173668,121700
2008-09-15,1.7840293645858765,1.792994399279808,1.7541461530967581,1.7900060068837,57800
2008-09-16,1.730238676071167,1.7481685935570377,1.6316240586517197,1.7123087585852963,155200
2008-09-17,1.5987532138824463,1.6585197757297803,1.5509400784000862,1.6585197757297803,136500
2008-09-18,1.6555298566818237,1.6585182461405834,1.4493356863377225,1.643576583835289,218200
2008-09-19,1.7182862758636475,1.730239560296191,1.6435781769130542,1.6884030647822883,99700
2008-09-22,1.7093217372894287,1.7242634184129617,1.6465670470561127,1.7033450933389018,126300
2008-09-23,1.6824263334274292,1.6913912250296625,1.6316248060334981,1.6585197658289634,83500
2008-09-24,1.6435787677764893,1.7093218557899943,1.5300223823496293,1.6465671612061419,80600
2008-09-25,1.688402533531189,1.6884025335311892,1.6316243790944975,1.6435776597659753,64800
2008-09-26,1.609578013420105,1.6336464471711138,1.5764838452828775,1.6095780134201052,79700
2008-09-29,1.5102957487106323,1.5584326192801536,1.5072872660296326,1.5494070277779637,45900
2008-09-30,1.56144118309021,1.56144118309021,1.4862272540981527,1.5343641227461302,60400
2008-10-01,1.564449667930603,1.5764838851101317,1.4952528474187194,1.5764838851101317,131500
2008-10-02,1.5012696981430054,1.5764836143255405,1.492244108538231,1.5674580247207661,87600
2008-10-03,1.4471173286437988,1.5163142137059868,1.4290659860353132,1.4802115284890154,56900
2008-10-06,1.377920150756836,1.4290656823414911,1.278637715779229,1.4290656823414911,126900
2008-10-07,1.2876631021499634,1.3658855486135963,1.2786373635206891,1.3207571423857223,128700
2008-10-08,1.2996978759765625,1.2996978759765625,1.1793554561429218,1.2786379058813997,211900
2008-10-09,1.2184662818908691,1.3538513605635203,1.131218022846112,1.3538513605635203,144000
2008-10-10,1.1131662130355835,1.1131662130355835,0.9055757425513269,0.9085842969758989,224800
2008-10-13,1.248551607131958,1.2485516071319582,1.1733376566235176,1.2034232081350487,24700
2008-10-14,1.248551607131958,1.3508424822711638,1.2034232081350487,1.3027055998527142,91800
2008-10-15,1.1763466596603394,1.269611904856168,1.113166905701267,1.269611904856168,54300
2008-10-16,1.2274916172027588,1.2575771679265084,1.146260558519024,1.203423176623759,52500
2008-10-17,1.1883797645568848,1.2455422803057221,1.1643112651435914,1.2034225318592104,87200
2008-10-20,1.2034233808517456,1.23350893668119,1.1733378250223012,1.1733378250223012,34000
2008-10-21,1.2184662818908691,1.2274918772907781,1.182363541643103,1.203423431612018,23100
2008-10-22,1.1883797645568848,1.2184653708911086,1.1763455507150242,1.1763455507150242,27500
2008-10-23,1.2004146575927734,1.2184660602986115,1.1432520377717812,1.2184660602986115,57000
2008-10-24,1.1643121242523193,1.1643121242523193,1.116175233366203,1.1432522344896434,24900
2008-10-27,1.1252011060714722,1.158295224604616,1.0830812471178322,1.0830812471178322,61600
2008-10-28,1.1643121242523193,1.1643121242523193,1.1131666776858207,1.1432522344896434,35800
2008-10-29,1.1697813272476196,1.188011741101028,1.160666156541384,1.160666156541384,22200
2008-10-30,1.200164794921875,1.2062415728250009,1.1728192219169018,1.2062415728250009,44800
2008-10-31,1.2214337587356567,1.2427025580366933,1.188011473669761,1.2001650318755412,99400
2008-11-03,1.2335879802703857,1.2457415450114204,1.2092808507883162,1.2153576331588336,52600
2008-11-04,1.242702603340149,1.2791632792866852,1.2244722653668807,1.242702603340149,62600
2008-11-05,1.203202724456787,1.2457401535366812,1.172818774101698,1.2244715114376132,70100
2008-11-06,1.1849734783172607,1.2244726280669438,1.172819843627473,1.1910502594416819,28600
2008-11-07,1.200164794921875,1.200164794921875,1.1758576108684646,1.1849728501640602,31300
2008-11-10,1.203202724456787,1.221433051205313,1.1849723977082611,1.221433051205313,23700
2008-11-11,1.1697813272476196,1.2092804727489108,1.1576277663059722,1.203203692278087,44700
2008-11-12,1.1637041568756104,1.2062416783600398,1.124205097049488,1.1545889892234282,80600
2008-11-13,1.1728198528289795,1.1819350970280713,1.1059752599359085,1.1788967064420226,55600
2008-11-14,1.1393970251083374,1.2001648809356311,1.0938211151276391,1.194088102596993,45000
2008-11-17,1.1515506505966187,1.1697809867018885,1.0907827911381365,1.1393970931931054,83300
2008-11-18,1.0907832384109497,1.1454743415936193,1.069514504233613,1.1393975604000943,39900
2008-11-19,1.0178613662719727,1.0968595612145058,1.0087461982910169,1.0968595612145058,63300
2008-11-20,0.9236712455749512,0.9874774953249568,0.8902489622225717,0.9419015819489764,102300
2008-11-21,0.9236712455749512,0.9510168225769063,0.853788217033604,0.9297480243662929,59400
2008-11-24,0.9753240942955017,0.9905160437123776,0.9267097837205703,0.9297481736039455,61200
2008-11-25,0.98393315076828,0.98393315076828,0.925512103217859,0.9685592101783617,61800
2008-11-26,1.0362049341201782,1.0362049341201782,0.9562603400138996,0.9808587274142028,49800
2008-11-28,1.0362049341201782,1.0362049341201782,1.0023822522443042,1.0146814092900767,43000
2008-12-01,1.0177563428878784,1.0269807119803909,0.9993076047028533,1.0269807119803909,20500
2008-12-02,1.0023818016052246,1.0423541173424573,0.983933074330529,1.0146809531216883,38900
2008-12-03,1.0054572820663452,1.017756442054752,0.9747093820953283,1.0023824920692437,51400
2008-12-04,0.98393315076828,1.011606243830133,0.9777835745323127,1.0054566675941656,36400
2008-12-05,1.0054572820663452,1.0054572820663452,0.9347370388242301,0.9900833320808368,67300
2008-12-08,1.0146814584732056,1.0331301949361018,0.9931579325998264,0.9931579325998264,24400
2008-12-09,0.9439608454704285,1.014681046507531,0.9378112691462223,1.014681046507531,87100
2008-12-10,0.9747087359428406,1.0023818275717504,0.9531851469227386,0.9593347228402741,65600
2008-12-11,0.9562601447105408,0.9931576816207873,0.9408862015432479,0.9408862015432479,91800
2008-12-12,0.9593355059623718,0.9870086934901089,0.9193632298683333,0.9224380203371054,53200
2008-12-15,0.968559980392456,1.0085322577128257,0.9193632580739804,0.9839339332079828,97900
2008-12-16,0.98393315076828,1.011606243830133,0.9408860438077774,0.9593347725156793,113200
2008-12-17,0.9747087359428406,1.020830555324357,0.9531851469227386,0.9716339479840728,82800
2008-12-18,0.9870086908340454,1.0239061763600197,0.9685599480710583,0.996233062215539,117900
2008-12-19,1.0269802808761597,1.0608030266594135,0.9931576084016442,0.9931576084016442,158600
2008-12-22,1.0577284097671509,1.076177143199325,1.0177560806886903,1.0177560806886903,156200
2008-12-23,1.0608035326004028,1.106925380699428,1.0454295832340612,1.070027902220208,110300
2008-12-24,1.073102593421936,1.0977009101462731,1.0392799079259725,1.0392799079259725,56100
2008-12-26,1.1007753610610962,1.1038501497056177,1.0638778973268388,1.0638778973268388,88000
2008-12-29,1.0939383506774902,1.121908338802768,1.0939383506774902,1.1188005623444037,94700
2008-12-30,1.0939383506774902,1.106369456510947,1.0815072448440335,1.0939383506774902,129400
2008-12-31,1.1654170751571655,1.1933870582866575,1.1001537070931287,1.115692586609513,181000
2009-01-02,1.243112325668335,1.2555434370697753,1.1498789160622636,1.165417805314064,61900
2009-01-05,1.2804052829742432,1.283513134005049,1.2431119597475355,1.2431119597475355,46100
2009-01-06,1.342560887336731,1.3549919943147157,1.2804052042563219,1.2804052042563219,161000
2009-01-07,1.3114829063415527,1.3518840761017927,1.2990517999830908,1.3114829063415527,87400
2009-01-08,1.3332377672195435,1.345668876847517,1.3021599931496097,1.3021599931496097,39700
2009-01-09,1.3176991939544678,1.342561568719178,1.3021603764409033,1.3332381596585918,61300
2009-01-12,1.3021595478057861,1.3456684166234845,1.2990516973664321,1.3425607143745957,32400
2009-01-13,1.299051284790039,1.3114823862184286,1.299051284790039,1.3052668355042338,16300
2009-01-14,1.2741897106170654,1.299051925740834,1.2058186190267022,1.299051925740834,105400
2009-01-15,1.2462196350097656,1.2804051023841008,1.2120340194449575,1.2804051023841008,76900
2009-01-16,1.277298092842102,1.2804057969298486,1.2462203110118735,1.2648669801100108,77700
2009-01-20,1.243112325668335,1.280405659872656,1.243112325668335,1.280405659872656,84100
2009-01-21,1.277298092842102,1.277298092842102,1.2462203110118735,1.2493280150996198,73900
2009-01-22,1.2710822820663452,1.277297837188335,1.2462200615783865,1.252435616700376,66900
2009-01-23,1.258650779724121,1.2804051417788467,1.2368962694789185,1.2710818860955293,54300
2009-01-26,1.2897282838821411,1.2959438358063018,1.252434972337177,1.2555426742040339,53600
2009-01-27,1.3114829063415527,1.3332374165640999,1.258650778413328,1.3052673531623218,31900
2009-01-28,1.3484877347946167,1.3578957046002764,1.3265355560197705,1.3265355560197705,71600
2009-01-29,1.3422162532806396,1.3453521946510127,1.3014479687064768,1.3422162532806396,90200
2009-01-30,1.3453525304794312,1.3578965981662772,1.2857681341983718,1.3202643951057393,123100
2009-02-02,1.332807183265686,1.342215299767344,1.3171270389419025,1.3359432719452182,59100
2009-02-03,1.3453525304794312,1.4112089606039138,1.3202643951057393,1.4112089606039138,102300
2009-02-04,1.351623773574829,1.3767118942710774,1.3233995630230524,1.332807683052643,102300
2009-02-05,1.3422162532806396,1.3610323501140122,1.3014479687064768,1.3077200009842678,117900
2009-02-06,1.3829838037490845,1.3829838037490845,1.3077194482288266,1.3296714771537441,83500
2009-02-09,1.3296719789505005,1.3892563576587122,1.310855882969545,1.3704402616777567,97500
2009-02-10,1.332807183265686,1.3641673223763144,1.3045829832976512,1.3390792110878118,80500
2009-02-11,1.3484877347946167,1.361031794226819,1.3328075857358717,1.3328075857358717,35900
2009-02-12,1.3484877347946167,1.3516236748841752,1.3202635263036693,1.345351645168074,53700
2009-02-13,1.3453525304794312,1.3704406658531232,1.3296723711023326,1.3704406658531232,30500
2009-02-17,1.3202624320983887,1.3516225546882956,1.2700862359545377,1.3202624320983887,102900
2009-02-18,1.2826322317123413,1.3798488340604942,1.238727918682039,1.313992401899312,67900
2009-02-19,1.2826322317123413,1.2920402079998892,1.2073676737265246,1.285768173962495,38400
2009-02-20,1.2606786489486694,1.2826308186638296,1.176006207957226,1.235590540438156,96600
2009-02-23,1.2136390209197998,1.2606793243469165,1.1854148837246303,1.2606793243469165,87400
2009-02-24,1.2449989318847656,1.2449989318847656,1.166598495933094,1.2355908885427829,67500
2009-02-25,1.234866738319397,1.2823616419051693,1.2063697659715062,1.234866738319397,54100
2009-02-26,1.2380338907241821,1.2633644827009858,1.187372631279456,1.2506991867125838,56900
2009-02-27,1.2317004203796387,1.2506983516781869,1.1968708041745653,1.2380330641458215,34100
2009-03-02,1.2190347909927368,1.231700151248744,1.171539973124154,1.231700151248744,79200
2009-03-03,1.1715412139892578,1.212703433073284,1.1177136212343997,1.2095371085283588,65100
2009-03-04,1.1620413064956665,1.1652076284960196,1.130378011001064,1.1652076284960196,22900
2009-03-05,1.0797171592712402,1.1335446482469913,1.0543865007327358,1.1335446482469913,66500
2009-03-06,1.060719609260559,1.0923829273748464,0.9878940757361611,1.070218657538633,56500
2009-03-09,1.060719609260559,1.101881900161795,1.0163910695881322,1.029056366637397,74200
2009-03-10,1.1050481796264648,1.1335450968320717,1.067052214527867,1.1113808278943775,59200
2009-03-11,1.124045968055725,1.1525429567880239,1.0892164074276074,1.133544939136121,40100
2009-03-12,1.133544683456421,1.1525426968231764,1.1082140996222065,1.1493763738438996,51400
2009-03-13,1.120879054069519,1.1652076379242158,1.1177127320435458,1.155708671846296,30900
2009-03-16,1.1588751077651978,1.1747067194509766,1.127211808902561,1.127211808902561,75100
2009-03-17,1.146209478378296,1.1683738051138992,1.1113799407083023,1.146209478378296,37200
2009-03-18,1.1620413064956665,1.1873718824984916,1.1398769770021233,1.1588749844953135,65800
2009-03-19,1.1778730154037476,1.1873719822024378,1.152542437273907,1.1873719822024378,37200
2009-03-20,1.1715412139892578,1.181040187624033,1.1525432667197073,1.1683748894443329,43400
2009-03-23,1.2158682346343994,1.2222008757920497,1.1588744642155475,1.1588744642155475,117100
2009-03-24,1.209536075592041,1.2443656913330727,1.1842055008647945,1.209536075592041,122900
2009-03-25,1.2158682346343994,1.2348662335983873,1.2095355934767493,1.2158682346343994,57700
2009-03-26,1.2285349369049072,1.2380339090367138,1.2158695652380451,1.2348675849927784,59400
2009-03-27,1.231091856956482,1.2406848478439896,1.215103665873484,1.2406848478439896,39100
2009-03-30,1.1959182024002075,1.2342898727371345,1.1927205632054636,1.2342898727371345,23300
2009-03-31,1.218301773071289,1.2310923308613702,1.2023135758336878,1.2246970519663296,30900
2009-04-01,1.2151042222976685,1.2183018619785408,1.1863254651698167,1.1895231048506891,68300
2009-04-02,1.231091856956482,1.2438824860605893,1.2246965805232828,1.2246965805232828,86300
2009-04-03,1.2470799684524536,1.2470799684524536,1.2214987896783593,1.2214987896783593,76600
2009-04-06,1.2278934717178345,1.2694628194815063,1.2055100178192137,1.2406840930404228,52800
2009-04-07,1.2246968746185303,1.2310921525874736,1.2087086796961724,1.2151039576651155,10200
2009-04-08,1.2342900037765503,1.2406853590827385,1.2310923642423264,1.2406853590827385,42900
2009-04-09,1.2598718404769897,1.2630694816462094,1.224697711377795,1.2630694816462094,49300
2009-04-13,1.2566739320755005,1.2694644940324602,1.234290372413058,1.2598715725647402,36600
2009-04-14,1.2470799684524536,1.26626579535475,1.2438823306354043,1.2438823306354043,35700
2009-04-15,1.263068675994873,1.2758592325132647,1.2470804803468833,1.266266315124471,49100
2009-04-16,1.272661566734314,1.2950451164105217,1.2598710104837547,1.2662662886090343,107500
2009-04-17,1.295045256614685,1.2982428197857705,1.279056983332835,1.2918475409681254,137200
2009-04-20,1.2662665843963623,1.2886501393011467,1.2662665843963623,1.2854524232538231,33400
2009-04-21,1.3078364133834839,1.3110339780194071,1.2758599284087593,1.2758599284087593,64600
2009-04-22,1.2918484210968018,1.3589989706690853,1.2694649299853038,1.288650855747234,72700
2009-04-23,1.2822552919387817,1.3110339836887146,1.2790575748134865,1.3078364190389642,58600
2009-04-24,1.2822552919387817,1.3334175461391469,1.2822552919387817,1.295045855488873,95900
2009-04-27,1.295045256614685,1.3142310930676206,1.2822546989793946,1.2822546989793946,77500
2009-04-28,1.3008555173873901,1.3395906303125606,1.294399665233195,1.294399665233195,100200
2009-04-29,1.3105390071868896,1.3299065605242764,1.3008553074780123,1.316994858299352,57600
2009-04-30,1.3202238082885742,1.342819226438227,1.316995803455914,1.3299075149470705,98900
2009-05-01,1.3395905494689941,1.3525022529981698,1.3137671424106425,1.3299066948622886,89400
2009-05-04,1.3750978708267212,1.3815537228715562,1.3525023117099721,1.3525023117099721,133600
2009-05-05,1.404149055480957,1.410604907192056,1.3718697969254636,1.3815536514519347,172800
2009-05-06,1.429972529411316,1.4461122364060666,1.4041491213554376,1.4202888283501882,144800
2009-05-07,1.4332010746002197,1.4687083510703256,1.4202893656874016,1.4364289248685687,145900
2009-05-08,1.4848477840423584,1.494531641863719,1.446112660596313,1.4525685145039873,153400
2009-05-11,1.452568531036377,1.4816199509114085,1.4364288191236483,1.4816199509114085,88700
2009-05-12,1.449341058731079,1.465480776564155,1.3976942079368466,1.452569063865597,56100
2009-05-13,1.404149055480957,1.4461121685629217,1.384781500347661,1.4073770582963294,55600
2009-05-14,1.4073781967163086,1.4106060482230252,1.3815547689834944,1.4106060482230252,37100
2009-05-15,1.404149055480957,1.4267446134296256,1.394465354874132,1.4267446134296256,65500
2009-05-18,1.4235156774520874,1.4267436781513974,1.3880085932769495,1.4041481350148635,91700
2009-05-19,1.4009215831756592,1.433200850408343,1.4009215831756594,1.4235169932786942,109300
2009-05-20,1.4138333797454834,1.4396567951695602,1.404149522001606,1.407377525889464,161300
2009-05-21,1.4009215831756592,1.4493404070648412,1.3718701657064003,1.407377436622196,63700
2009-05-22,1.404149055480957,1.4332004651407242,1.3976932037698584,1.413832910007428,79400
2009-05-26,1.4202890396118164,1.4396565985345628,1.3880097747405726,1.4041493302163564,96200
2009-05-27,1.4066144227981567,1.4359187831980897,1.4033582964978044,1.4359187831980897,64600
2009-05-28,1.4228944778442383,1.442430768344863,1.406614313390702,1.406614313390702,126700
2009-05-29,1.4554544687271118,1.4554544687271118,1.4228939955948487,1.4261501205383664,139900
2009-06-01,1.4652224779129028,1.4782466652957282,1.4456861968386647,1.4587103842214901,245200
2009-06-02,1.4652224779129028,1.484758758987141,1.4456861968386647,1.4587103842214901,80400
2009-06-03,1.4391753673553467,1.4880161905742384,1.4294071406072897,1.4456874667671527,178700
2009-06-04,1.4587106704711914,1.4749909855247667,1.4424303554176159,1.4424303554176159,62100
2009-06-05,1.4652224779129028,1.4815027897717148,1.4652224779129028,1.474990696080302,42000
2009-06-08,1.474990963935852,1.4749909639358523,1.46196661892727,1.4749909639358523,35000
2009-06-09,1.4782462120056152,1.4880144271776845,1.468478152094059,1.468478152094059,99300
2009-06-10,1.4912714958190918,1.5140639111989997,1.4815034286995796,1.497783592318976,86100
2009-06-11,1.4977833032608032,1.5140636189988783,1.4880152380264362,1.4880152380264362,35700
2009-06-12,1.5173195600509644,1.5531361608352567,1.501039399883991,1.5075514950028994,49300
2009-06-15,1.5140630006790161,1.5303431545079311,1.4652222286712024,1.5303431545079311,113600
2009-06-16,1.5173195600509644,1.536855845407689,1.5075514950028994,1.5075514950028994,68600
2009-06-17,1.5042943954467773,1.5238306681494052,1.4977823045459016,1.5238306681494052,76400
2009-06-18,1.5140630006790161,1.543367339675277,1.507550908095343,1.5108068767569125,97000
2009-06-19,1.5270880460739136,1.5368561128216285,1.51080772781356,1.5238319203175943,19300
2009-06-22,1.4945260286331177,1.523830354015803,1.4912699062236736,1.5108061748989512,119200
2009-06-23,1.4815037250518799,1.5075521162620007,1.4749916272493495,1.5010400184594705,83100
2009-06-24,1.5108072757720947,1.5108072757720947,1.4782468042542731,1.4912709928614016,114000
2009-06-25,1.523831844329834,1.5303439402571173,1.5108076524752672,1.5205758739964992,60300
2009-06-26,1.5461530685424805,1.5461530685424805,1.5166086925412001,1.5297394915347755,70000
2009-06-29,1.542871117591858,1.5461538973657374,1.5231749085432469,1.542871117591858,31200
2009-06-30,1.5363057851791382,1.5527193717397385,1.5198923551501,1.5527193717397385,35600
2009-07-01,1.5560024976730347,1.5560024976730347,1.5166100650429455,1.5428716867963383,34400
2009-07-02,1.5461530685424805,1.5560010895219263,1.5297394915347755,1.5363048910315633,39500
2009-07-06,1.5264579057693481,1.5461541176237914,1.5198925018178668,1.5461541176237914,34600
2009-07-07,1.542871117591858,1.542871117591858,1.5231749085432469,1.5264576883171264,38400
2009-07-08,1.5166093111038208,1.5494363219765481,1.5100439089292754,1.5363055176274572,21400
2009-07-09,1.5264579057693481,1.5527195215752725,1.5100443176248566,1.5297405294792998,41800
2009-07-10,1.5592846870422363,1.5592846870422363,1.5264576723055527,1.536305698460781,42100
2009-07-13,1.5560024976730347,1.5658506840963633,1.5363062813579902,1.5494370922346865,36400
2009-07-14,1.5592846870422363,1.565850089989573,1.536305698460781,1.565850089989573,41400
2009-07-15,1.572415828704834,1.5888294178438505,1.5560022395658177,1.575698609145272,35600
2009-07-16,1.5855460166931152,1.5921114184721779,1.5560016304215707,1.5560016304215707,32800
2009-07-17,1.5822644233703613,1.6085260475704293,1.5756990173203445,1.5953952354703953,52200
2009-07-20,1.6019597053527832,1.6183731326201856,1.585546121553845,1.6052423281936494,43500
2009-07-21,1.6085257530212402,1.6249391868748824,1.598677567483776,1.598677567483776,35400
2009-07-22,1.598677396774292,1.6150909854068618,1.5921119926275804,1.6019601771134386,9300
2009-07-23,1.6380702257156372,1.674180035695511,1.5921123853522838,1.6183740084170573,128400
2009-07-24,1.6413525342941284,1.6643315261256135,1.6347871304182149,1.6413525342941284,60900
2009-07-27,1.6544828414916992,1.680744449050055,1.6380692585019627,1.680744449050055,73400
2009-07-28,1.6315038204193115,1.674179010020703,1.6315038204193115,1.657765583926608,88800
2009-07-29,1.6539987325668335,1.6573068057460205,1.6440746707668836,1.6573068057460205,35700
2009-07-30,1.6539987325668335,1.6672307098083592,1.6473827439460706,1.6539987325668335,193100
2009-07-31,1.6539987325668335,1.6672307098083592,1.6539987325668335,1.6539987325668335,173400
2009-08-03,1.67384672164917,1.687078699074253,1.6506906822864673,1.6606147442240864,68400
2009-08-04,1.6837702989578247,1.7036182593827365,1.6705383253412167,1.6705383253412167,66800
2009-08-05,1.6506909132003784,1.6870789350784572,1.6506909132003784,1.6837710191282511,139100
2009-08-06,1.6506909132003784,1.6804629454404099,1.644074923562331,1.6672309661643148,89500
2009-08-07,1.6771548986434937,1.683770887765381,1.6539988578480762,1.667230836091851,105900
2009-08-10,1.6837702989578247,1.7003101871098005,1.6738462398765848,1.6837702989578245,43100
2009-08-11,1.6936944723129272,1.6936944723129272,1.6738465087003842,1.680462496571232,40600
2009-08-12,1.7102341651916504,1.7102341651916504,1.6903862057067691,1.70361817869669,44500
2009-08-13,1.7201582193374634,1.7201582193374636,1.6936942709995908,1.7135422322529954,24100
2009-08-14,1.7201582193374634,1.7267742064219316,1.7036183304950803,1.7267742064219316,63900
2009-08-17,1.6771548986434937,1.6970028660091558,1.6573069312778315,1.6970028660091558,83700
2009-08-18,1.6804629564285278,1.6903870198193074,1.6606149873846046,1.6903870198193074,55000
2009-08-19,1.6870794296264648,1.6870794296264648,1.6738474464715656,1.6771555211291311,116600
2009-08-20,1.6870794296264648,1.6870794296264648,1.6705395295516816,1.6771555211291311,38800
2009-08-21,1.6936944723129272,1.7069264480546225,1.680462496571232,1.680462496571232,70100
2009-08-24,1.6970024108886719,1.7102343855837523,1.6738463763034908,1.703618398236212,74400
2009-08-25,1.6970024108886719,1.7135423003887322,1.6837704361935915,1.7102343855837523,83100
2009-08-26,1.6970024108886719,1.7102343855837523,1.6936943383461114,1.703618398236212,88300
2009-08-27,1.6963361501693726,1.7096668730107438,1.6830054273280015,1.7096668730107438,77500
2009-08-28,1.7129991054534912,1.7129991054534912,1.6896704249611527,1.709666504918036,40600
2009-08-31,1.6930036544799805,1.712999741865794,1.6863382920180425,1.6996690169419184,37300
2009-09-01,1.6930036544799805,1.6996690169419184,1.669674965320586,1.683005690244462,44500
2009-09-02,1.6830061674118042,1.6830061674118042,1.6663426770751244,1.6830061674118042,59900
2009-09-03,1.6796728372573853,1.6963363219539527,1.6763402356669324,1.6763402356669324,53800
2009-09-04,1.6963361501693726,1.6996687514223396,1.6830054273280015,1.6830054273280015,18900
2009-09-08,1.6996692419052124,1.716332729722976,1.6863385152169204,1.70966736637883,61100
2009-09-09,1.7063333988189697,1.7096661575920782,1.6930026815559063,1.699668040187438,109700
2009-09-10,1.6963361501693726,1.7096668730107438,1.6930033900016541,1.7096668730107438,80400
2009-09-11,1.722998023033142,1.722998023033142,1.6963365707402547,1.6963365707402547,88300
2009-09-14,1.7196640968322754,1.7263294553891957,1.7096661384542364,1.7263294553891957,31100
2009-09-15,1.7463258504867554,1.7496586098321645,1.726329771158439,1.73966049071065,57700
2009-09-16,1.7996478080749512,1.8029804065065578,1.756322916061746,1.756322916061746,111400
2009-09-17,1.7963166236877441,1.809647346916559,1.7796532991091036,1.799649383952326,46300
2009-09-18,1.8029828071594238,1.8029828071594238,1.792984839637797,1.7996502042904912,28100
2009-09-21,1.7996478080749512,1.8163111180622182,1.7963150507287275,1.8163111180622182,37900
2009-09-22,1.8063132762908936,1.8129786324836241,1.7963151625444842,1.7996479200981628,17700
2009-09-23,1.8196452856063843,1.8196452856063843,1.8063145637196132,1.8163125256773214,45100
2009-09-24,1.8163135051727295,1.8263116314369334,1.8096481406348686,1.8196462668990727,27600
2009-09-25,1.8229780197143555,1.8229780197143555,1.8029819354243064,1.8096472968543227,28400
2009-09-28,1.832375168800354,1.8491552250819907,1.815595112518717,1.815595112518717,40500
2009-09-29,1.832375168800354,1.8357310840407952,1.8223071030260765,1.832375168800354,33800
2009-09-30,1.832375168800354,1.8357310840407952,1.8256631782929946,1.8256631782929946,54300
2009-10-01,1.8155951499938965,1.825663215975986,1.8122392346841867,1.8189512253300864,35900
2009-10-02,1.792102336883545,1.8122382984182996,1.7686103017464658,1.8122382984182996,42000
2009-10-05,1.7786792516708374,1.7921032327378532,1.7585431200438366,1.7853912422043454,77100
2009-10-06,1.7954586744308472,1.8122387263520394,1.7820346969044676,1.79210276006247,113000
2009-10-07,1.7954586744308472,1.7954586744308472,1.7820346969044676,1.7820346969044676,64900
2009-10-08,1.7954586744308472,1.7954586744308472,1.78539077129928,1.79210276006247,88800
2009-10-09,1.8021703958511353,1.8122384575155912,1.7887464203161347,1.7954584080836349,129400
2009-10-12,1.7954586744308472,1.808882651957227,1.79210276006247,1.7954586744308472,74100
2009-10-13,1.7954586744308472,1.818950715115229,1.7954586744308472,1.8055267375888495,123700
2009-10-14,1.8055262565612793,1.8290181309605305,1.8021701830605905,1.8088821700355755,64600
2009-10-15,1.7988152503967285,1.8189512223008941,1.788747184431406,1.7954591750661277,151300
2009-10-16,1.8055262565612793,1.8122382435362643,1.7954581960856055,1.8021701830605905,176700
2009-10-19,1.808882474899292,1.818950537071807,1.7988145727531961,1.8055265608593998,126900
2009-10-20,1.808882474899292,1.8122385489656034,1.8088824748992918,1.8122385489656034,47900
2009-10-21,1.8055262565612793,1.8122382435362643,1.8021701830605905,1.8088821700355755,45800
2009-10-22,1.8256627321243286,1.8290186465446272,1.8055267655232237,1.8122387543902585,137100
2009-10-23,1.8290181159973145,1.8357301029173885,1.8122382287103245,1.8256622025504727,43300
2009-10-26,1.812238097190857,1.842441956126012,1.8021700375282188,1.839086042922719,79000
2009-10-27,1.808882474899292,1.8256625251780108,1.7954584986868845,1.8122385489656034,114000
2009-10-28,1.787928581237793,1.825106725674203,1.7845488378323302,1.8082075251587293,55900
2009-10-29,1.8014469146728516,1.825105750521066,1.7913075287112123,1.8149662033967928,46800
2009-10-30,1.7507504224777222,1.8115874149055173,1.733851383263227,1.7913084711504919,76300
2009-11-02,1.7777888774871826,1.784548524273105,1.740610739583264,1.7541300331551084,63600
2009-11-03,1.7676488161087036,1.7811681057752498,1.7575092682774711,1.7811681057752498,50000
2009-11-04,1.7777888774871826,1.7777888774871826,1.7575097759667238,1.7608896799410307,72400
2009-11-05,1.7710286378860474,1.7845480893254904,1.7676488958981762,1.7777884441870953,43300
2009-11-06,1.787928581237793,1.8082075251587293,1.7811689332641474,1.8082075251587293,21300
2009-11-09,1.8082072734832764,1.8284862145816871,1.8048275305482235,1.8082072734832764,39400
2009-11-10,1.835245132446289,1.8386250352011577,1.8082065550578745,1.8149661994049782,59300
2009-11-11,1.838625431060791,1.8386254310607912,1.8183464936533855,1.8352455275782227,37900
2009-11-12,1.8318660259246826,1.838625672615218,1.8217264753075346,1.8217264753075346,43300
2009-11-13,1.8251051902770996,1.8386244748510898,1.8251051902770996,1.828484930839305,44500
2009-11-16,1.8487646579742432,1.8487646579742434,1.8217260771220842,1.8217260771220842,60400
2009-11-17,1.8487646579742432,1.8487646579742434,1.8251059803099314,1.8487646579742434,35800
2009-11-18,1.8420038223266602,1.8487634631711367,1.818345159952267,1.8487634631711367,60900
2009-11-19,1.8183461427688599,1.8487644624288397,1.8149662399385078,1.8487644624288397,63000
2009-11-20,1.811586618423462,1.8420049401009233,1.8014470704225427,1.8183462633698586,83900
2009-11-23,1.8251051902770996,1.845384117138085,1.7980666211291194,1.8251051902770996,79200
2009-11-24,1.845384955406189,1.8487646975036456,1.8284857614309318,1.8284857614309318,46600
2009-11-25,1.8583191633224487,1.8685296172208778,1.8481085471317809,1.8685296172208778,40900
2009-11-27,1.837896466255188,1.8549139284521234,1.834492876440544,1.8481069111149302,27700
2009-11-30,1.865125298500061,1.865125298500061,1.8515112582570954,1.8583182783785783,42100
2009-12-01,1.8923536539077759,1.9195817383494127,1.8549149566544334,1.9195817383494127,95700
2009-12-02,1.8821423053741455,1.9127738046098897,1.8821423053741457,1.9025633589620108,44500
2009-12-03,1.8685287237167358,1.8957569664409413,1.8617217036087248,1.878739335024833,73900
2009-12-04,1.8889496326446533,1.8957566516222573,1.8719320040545764,1.8787390230321803,30200
2009-12-07,1.8617212772369385,1.9025635508234602,1.8617212772369385,1.8855459233047325,76000
2009-12-08,1.8991599082946777,1.9093705169841857,1.8787388532077813,1.892352889932379,55000
2009-12-09,1.9229851961135864,1.9263886252856475,1.8991605427404639,1.9127745840130557,47100
2009-12-10,1.9400020837783813,1.9502126928116281,1.9127740094125567,1.9331950651869252,69600
2009-12-11,1.9229851961135864,1.9468096871945353,1.9161781754772904,1.9400026665582393,58900
2009-12-14,1.9331949949264526,1.960423230594813,1.9161775302123611,1.9161775302123611,47100
2009-12-15,1.9536160230636597,1.960423203606126,1.929791540333494,1.957019613334893,48800
2009-12-16,1.926386833190918,1.9638254930078929,1.9229834071850236,1.9570184787040812,89800
2009-12-17,1.9536160230636597,1.957019613334893,1.9263879500622607,1.9263879500622607,46900
2009-12-18,1.9570212364196777,1.9570212364196777,1.933196571638054,1.933196571638054,35800
2009-12-21,1.9502122402191162,1.9570192572308442,1.9331946165437521,1.9331946165437521,116600
2009-12-22,1.9536160230636597,1.960423203606126,1.9434055768341933,1.957019613334893,67600
2009-12-23,1.9536160230636597,1.9638266315852426,1.94680900481331,1.9638266315852426,79400
2009-12-24,2.0012662410736084,2.0012662410736084,1.9502134993773261,1.953616928934576,75100
2009-12-28,2.0046677589416504,2.0182817887724362,1.9978607440262575,2.0148783624607582,72000
2009-12-29,1.9834309816360474,2.0450919900243334,1.9765797584817932,2.0382407668700795,97300
2009-12-30,1.9868556261062622,1.9868556261062622,1.9697274955888455,1.9697274955888455,14000
2009-12-31,1.9868556261062622,1.9868556261062622,1.9765787151266205,1.9868556261062622,42200
2010-01-04,1.9868556261062622,1.9937068456440374,1.9765787151266205,1.9868556261062622,54900
2010-01-05,1.9868556261062622,1.9868556261062622,1.9765787151266205,1.9868556261062622,32900
2010-01-06,1.9868556261062622,2.0039835932777206,1.9697274955888455,1.9868556261062622,87700
2010-01-07,1.9971336126327515,2.003984836420584,1.9731544110483692,1.9731544110483692,66700
2010-01-08,2.003983736038208,2.003983736038208,2.000558207698271,2.003983736038208,31300
2010-01-11,1.9868556261062622,2.0039835932777206,1.9868556261062622,2.0039835932777206,75600
2010-01-12,1.9902820587158203,2.003984504018653,1.9765796134129876,2.000558974365961,89200
2010-01-13,1.9937065839767456,2.0039833302616405,1.976578455707338,2.000557802615321,62400
2010-01-14,2.003983736038208,2.017686176089897,1.983430075960674,2.003983736038208,85900
2010-01-15,2.000558614730835,2.0039841437677284,1.9902817009281475,2.0039841437677284,34400
2010-01-19,1.9937065839767456,2.017685767538792,1.9937065839767456,2.0039833302616405,124000
2010-01-20,1.9834309816360474,2.000559121194705,1.9834309816360474,2.000559121194705,45000
2010-01-21,2.003983736038208,2.003983736038208,1.9868557676465814,1.9868557676465814,89000
2010-01-22,1.9902820587158203,2.000558974365961,1.980005306411712,2.000558974365961,117600
2010-01-25,1.9868556261062622,1.9937068456440374,1.9800044065684872,1.9937068456440374,100900
2010-01-26,1.9937065839767456,1.9937065839767456,1.9834296743459137,1.9902808929844893,88500
2010-01-27,1.9861220121383667,1.999914512409919,1.9826738048606924,1.9895700549964686,67700
2010-01-28,1.9826724529266357,1.999913148719869,1.9792242480002047,1.999913148719869,43100
2010-01-29,1.9792261123657227,2.003363076328579,1.9757780686108093,2.003363076328579,36000
2010-02-01,1.9826724529266357,1.9964649437934379,1.9688799620598332,1.9723280025668035,34200
2010-02-02,1.9999146461486816,2.020603397939513,1.993018395551738,2.0171551904312492,73600
2010-02-03,1.972328782081604,2.017154477324704,1.9723287820816042,2.017154477324704,67300
2010-02-04,1.9757767915725708,1.9930174924625017,1.9585360906826397,1.9826730390446412,79200
2010-02-05,1.8826771974563599,1.9930173114050511,1.8344034695373361,1.9930173114050511,152700
2010-02-08,1.924054503440857,1.9343989549776213,1.8861250670320269,1.8930213132500433,75600
2010-02-09,1.913710594177246,1.9585361212352148,1.913710594177246,1.920606841756896,108200
2010-02-10,1.9275028705596924,1.9481916109504134,1.9206066237627852,1.9378471585453063,56200
2010-02-11,1.913710594177246,1.9378473784962649,1.9033661405980151,1.9378473784962649,91400
2010-02-12,1.9275028705596924,1.9481916109504134,1.9068141301689712,1.917158418154585,53500
2010-02-16,1.9619848728179932,1.9619848728179932,1.9240554183728473,1.9585366658595447,96100
2010-02-17,1.95508873462677,1.9861219413413433,1.9481924847368168,1.9861219413413433,65100
2010-02-18,1.9757767915725708,2.017154276404994,1.9447435957384986,1.9447435957384986,104100
2010-02-19,1.9861220121383667,1.9930182622741428,1.965433097311466,1.9757775547249163,58100
2010-02-22,2.003361701965332,2.027498649369554,1.9861211661790332,2.027498649369554,44000
2010-02-23,2.006809711456299,2.013705957980087,1.9895690129370842,1.9930172184087218,87900
2010-02-24,2.0130581855773926,2.019999758679377,1.9957041700723526,2.019999758679377,69400
2010-02-25,2.009587049484253,2.040824207046228,2.002645477303829,2.040824207046228,69100
2010-02-26,2.023470401763916,2.030411974657611,2.0130581251734494,2.023470401763916,52000
2010-03-01,2.0304114818573,2.0685902062563577,2.0234699106483904,2.026940779002901,39500
2010-03-02,2.037353038787842,2.082473334079593,2.026940764797506,2.082473334079593,61000
2010-03-03,2.0269408226013184,2.054707108034194,2.0130576798848807,2.054707108034194,51000
2010-03-04,2.0199990272521973,2.0199990272521973,2.013057456663706,2.013057456663706,32100
2010-03-05,2.0304114818573,2.0408239214207198,2.006116065376173,2.006116065376173,45600
2010-03-08,2.0442943572998047,2.0512359276021774,2.037352786997432,2.0512359276021774,48900
2010-03-09,2.0547072887420654,2.0616488607107835,2.0373532760702058,2.0442948480389234,38300
2010-03-10,2.0477652549743652,2.079002239039165,2.044294387022669,2.072060668635866,114900
2010-03-11,2.0408236980438232,2.0616484093911978,2.013057416247324,2.047765268492948,48700
2010-03-12,2.051236629486084,2.0790029201965328,2.0408243532197394,2.0408243532197394,72100
2010-03-15,2.0477652549743652,2.0755315365875617,2.0477652549743652,2.0755315365875617,38800
2010-03-16,2.082473039627075,2.085943907466496,2.0547067589120616,2.0581774612513946,66600
2010-03-17,2.061647653579712,2.0928847918991123,2.0547060856754045,2.0824723572926342,74600
2010-03-18,2.0442943572998047,2.0790022088116684,2.0442943572998047,2.0547067955034093,130900
2010-03-19,2.0477652549743652,2.082473106990861,2.044294387022669,2.0477652549743652,77800
2010-03-22,2.0477652549743652,2.0616483957809635,2.002644964602874,2.002644964602874,105400
2010-03-23,2.0581777095794678,2.061648577837664,2.0442945675468995,2.061648577837664,52900
2010-03-24,2.0651185512542725,2.068589418286656,2.0547062811572196,2.061647849721938,68700
2010-03-25,2.0651185512542725,2.09635569254553,2.0651185512542725,2.0824725554160928,49100
2010-03-26,2.075533151626587,2.099828749693366,2.0685915758218245,2.0824747274313493,71500
2010-03-29,2.0748324394226074,2.088804361582346,2.067846478342738,2.088804361582346,48500
2010-03-30,2.0783257484436035,2.0957907378826857,2.0678468880269407,2.074832850490877,30900
2010-03-31,2.0713396072387695,2.1062695831027423,2.053874785865252,2.0678467095874535,50200
2010-04-01,2.085312604904175,2.092298570363072,2.0748337399951065,2.092298570363072,18600
2010-04-05,2.0992844104766846,2.1097632739286754,2.07832635045564,2.07832635045564,47000
2010-04-06,2.130721092224121,2.1342141576239113,2.0957912710188453,2.0957912710188453,44500
2010-04-07,2.106268882751465,2.134212720904318,2.0992829232132513,2.134212720904318,49300
2010-04-08,2.1237335205078125,2.130719479461125,2.0957896846945623,2.1167475615545,23700
2010-04-09,2.1237335205078125,2.1272265832636683,2.102775643647875,2.1202406243103558,14000
2010-04-12,2.137706756591797,2.141199821501587,2.109762903547486,2.1307207933307195,40600
2010-04-13,2.120241403579712,2.1446921856236982,2.0992835190169545,2.1446921856236982,55200
2010-04-14,2.1237335205078125,2.148184460123606,2.1167475615545,2.130719479461125,47400
2010-04-15,2.137706756591797,2.1481857847626644,2.116748866808564,2.1481857847626644,29400
2010-04-16,2.106268882751465,2.148184639980744,2.078324878040198,2.141198680442531,75700
2010-04-19,2.0957908630371094,2.1202418164002665,2.088804900155992,2.1167487516804613,25900
2010-04-20,2.102776527404785,2.130720374962302,2.081818641736647,2.081818641736647,49800
2010-04-21,2.120241403579712,2.1516781471446174,2.0957904549772643,2.120241403579712,47300
2010-04-22,2.130721092224121,2.144693020706231,2.106270300659691,2.144693020706231,47400
2010-04-23,2.130721092224121,2.1412001218649666,2.106270300659691,2.1377070564651763,37600
2010-04-26,2.127228260040283,2.141200188960209,2.109763265611111,2.141200188960209,49400
2010-04-27,2.1237335205078125,2.1377054384144376,2.1202406243103558,2.134212542216981,30500
2010-04-28,2.151150941848755,2.151150941848755,2.1300612464509436,2.151150941848755,28400
2010-04-29,2.1652116775512695,2.179271480579051,2.144121973009597,2.151151874523488,49400
2010-04-30,2.1616971492767334,2.165212016781327,2.140607441430875,2.1581821141660407,43300
2010-05-03,2.1616971492767334,2.165212016781327,2.0281288319801973,2.154667246661447,21500
2010-05-04,2.144120693206787,2.1546656229865033,2.137090795888967,2.1546656229865033,49200
2010-05-05,2.105456829071045,2.1476363937041505,2.105456829071045,2.1265466951906102,80100
2010-05-06,1.9789201021194458,2.1441229465059846,1.7469329116197299,2.1441229465059846,278900
2010-05-07,2.007038116455078,2.066792342487088,1.9367391255974282,2.0000082173693134,86000
2010-05-10,2.0773379802703857,2.119517560116073,2.0527334069336605,2.0913977843502534,63000
2010-05-11,2.105456829071045,2.105456829071045,2.0527326665902073,2.080852264608261,39400
2010-05-12,2.094911813735962,2.119516542869916,2.0878819150699757,2.1089716110679344,26200
2010-05-13,2.1019434928894043,2.126548242865236,2.098428456775937,2.098428456775937,21800
2010-05-14,2.087881565093994,2.1195161875912594,2.084366532547197,2.1195161875912594,35600
2010-05-17,2.098428249359131,2.098428249359131,2.0316442458659076,2.0738236694214582,69000
2010-05-18,2.03867506980896,2.1300638620880923,2.00352536671078,2.1300638620880923,52100
2010-05-19,2.0175838470458984,2.070308199229926,2.010553944595101,2.010553944595101,71000
2010-05-20,1.9824351072311401,2.0175846331808454,1.9437707124895447,2.0140697643889554,138600
2010-05-21,1.950799822807312,1.98594933443501,1.9121352762137978,1.9121352762137978,135400
2010-05-24,1.950799822807312,1.9964941041202735,1.9507998228073118,1.9507998228073118,61700
2010-05-25,1.97540283203125,1.9859477609678544,1.915648625804397,1.9507982771891055,133600
2010-05-26,1.9782352447509766,2.0171628282589475,1.910996461309404,2.0171628282589475,68800
2010-05-27,1.999468445777893,2.0242405127960628,1.9746962100126728,1.9888517250936415,49100
2010-05-28,2.010084390640259,2.0348566189239046,1.9746956136257647,1.9746956136257647,40800
2010-06-01,2.0348572731018066,2.0631683038149986,1.9853129693537201,1.9853129693537201,32600
2010-06-02,2.0348572731018066,2.0490127884584024,2.0136240000669123,2.0136240000669123,28300
2010-06-03,2.0242412090301514,2.0383968977269937,2.0242412090301514,2.0242412090301514,24900
2010-06-04,2.0242412090301514,2.070246733240341,2.013624653441405,2.027780173391139,22500
2010-06-07,2.0383965969085693,2.0596298736996483,2.017163151370407,2.0242409103007666,74300
2010-06-08,2.0242412090301514,2.070246733240341,2.013624653441405,2.034857933366006,56100
2010-06-09,2.010084390640259,2.0313176568489553,1.9994678419094103,2.0313176568489553,44400
2010-06-10,2.0348572731018066,2.0667072670276747,2.0136240000669123,2.0313183098891305,54300
2010-06-11,2.056091547012329,2.0773248303832785,2.031319298705987,2.0348582636413797,37000
2010-06-14,2.077322244644165,2.105633253898741,2.0454724436062297,2.066705700547162,43100
2010-06-15,2.0914788246154785,2.1127120924735987,2.073784519107218,2.105634336520892,30300
2010-06-16,2.063168525695801,2.1056350763325993,2.052551972410137,2.0702462841352673,93900
2010-06-17,2.056091547012329,2.0808637953186713,2.056091547012329,2.056091547012329,31200
2010-06-18,2.087940216064453,2.102095729224454,2.0560902270809374,2.0560902270809374,84700
2010-06-21,2.1127116680145264,2.1127116680145264,2.0773228953608536,2.0773228953608536,63900
2010-06-22,2.0914788246154785,2.123328810776165,2.0879400310126317,2.123328810776165,57300
2010-06-23,2.077322244644165,2.105633253898741,2.066705700547162,2.0914777492714527,53200
2010-06-24,2.1127116680145264,2.1233283841841177,2.0667063479382413,2.0667063479382413,34000
2010-06-25,2.1304080486297607,2.1339470134413063,2.0914802794384113,2.1304080486297607,37700
2010-06-28,2.1118876934051514,2.1403787332475637,2.1012037020558547,2.1403787332475637,43000
2010-06-29,2.0976436138153076,2.126134502248527,2.072714171345786,2.10832778188731,27000
2010-06-30,2.0655906200408936,2.0976427717519233,2.0549064562578687,2.0976427717519233,43600
2010-07-01,2.079836368560791,2.0976430844280842,2.0584682076286107,2.0584682076286107,22400
2010-07-02,2.047783613204956,2.072713213978817,2.047783613204956,2.072713213978817,28100
2010-07-06,2.044222593307495,2.0727136443153644,2.0335385977712104,2.0655909240181587,24600
2010-07-07,2.0655906200408936,2.1047654910009324,2.0335382985108414,2.0335382985108414,49500
2010-07-08,2.0905184745788574,2.0905184745788574,2.0655890609335668,2.0655890609335668,24900
2010-07-09,2.101203680038452,2.126133106138242,2.0869582451760067,2.104764953844574,34900
2010-07-12,2.1118876934051514,2.119010410911009,2.094080984549997,2.1154491370675705,26900
2010-07-13,2.1475021839141846,2.154624903851751,2.111888414407315,2.111888414407315,61900
2010-07-14,2.1439414024353027,2.151064124576852,2.1154505138691073,2.147502848415623,51600
2010-07-15,2.129694938659668,2.179553969782815,2.1225722199277897,2.1724312510509365,47000
2010-07-16,2.1546237468719482,2.172430452244583,2.1332554287144707,2.1332554287144707,58900
2010-07-19,2.1261324882507324,2.1617462348759107,2.1225712154795726,2.154623519514661,44400
2010-07-20,2.1688694953918457,2.1795534862097226,2.1368171833002707,2.1403786267855445,79200
2010-07-21,2.1795530319213867,2.1795530319213867,2.154623611996445,2.158184884920464,50300
2010-07-22,2.1937994956970215,2.2187290971732208,2.1866767766779667,2.2187290971732208,74500
2010-07-23,2.200922727584839,2.200922727584839,2.1795545655483712,2.1795545655483712,24700
2010-07-26,2.21516752243042,2.218728966639927,2.190238092239897,2.190238092239897,25900
2010-07-27,2.2080438137054443,2.225850687130057,2.200921098299385,2.225850687130057,49600
2010-07-28,2.2216622829437256,2.2324123372440514,2.214495637032281,2.2216622829437256,27100
2010-07-29,2.2288265228271484,2.235993161002176,2.2073266083020657,2.2216598846521207,54200
2010-07-30,2.2574949264526367,2.2574949264526367,2.2144948945351155,2.2144948945351155,38800
2010-08-02,2.2431626319885254,2.268245809934085,2.23957922321554,2.268245809934085,41300
2010-08-03,2.235994815826416,2.2503282736505676,2.2288281723474697,2.235994815826416,32500
2010-08-04,2.2467446327209473,2.2467446327209473,2.22882794045455,2.2467446327209473,30600
2010-08-05,2.253911018371582,2.2574944247626316,2.232411092623946,2.2574944247626316,31500
2010-08-06,2.286160707473755,2.3327439595538317,2.24674409641629,2.261077378461514,77700
2010-08-09,2.2574949264526367,2.300494787503899,2.2539115192652353,2.278994856978268,78700
2010-08-10,2.2574949264526367,2.2718282134697243,2.243161639435549,2.268244806282323,55500
2010-08-11,2.2252449989318848,2.2539115736578568,2.2216615916580067,2.243161693568749,56700
2010-08-12,2.2467446327209473,2.253911275454258,2.2216612977212393,2.2395779899876365,48700
2010-08-13,2.253911018371582,2.253911018371582,2.2359943281487746,2.253911018371582,34800
2010-08-16,2.261078357696533,2.2825782900756275,2.2288283736947543,2.2395784253174384,102600
2010-08-17,2.2467446327209473,2.2825778463875013,2.2467446327209473,2.2718279677206556,76500
2010-08-18,2.2574949264526367,2.2646615699611803,2.2467448757566917,2.261078162773779,41700
2010-08-19,2.2395782470703125,2.2754114648501855,2.2395782470703125,2.2539115341822615,77700
2010-08-20,2.2216622829437256,2.2395789831554964,2.214495637032281,2.2252456913326064,63000
2010-08-23,2.2431626319885254,2.2646625720274343,2.225245929856267,2.225245929856267,61200
2010-08-24,2.261078357696533,2.261078357696533,2.2216617295683894,2.235995017821119,26700
2010-08-25,2.253911018371582,2.2646610666785105,2.228827686232896,2.228827686232896,43900
2010-08-26,2.2574949264526367,2.2754114497908664,2.232411588739604,2.2574949264526367,49400
2010-08-27,2.2711944580078125,2.2747994390772934,2.2459589029088263,2.263984323965696,33400
2010-08-30,2.245957612991333,2.29282354330023,2.2351423321881043,2.29282354330023,27500
2010-08-31,2.245957612991333,2.3000336732013635,2.2243272232879323,2.3000336732013635,46000
2010-09-01,2.2603793144226074,2.2603793144226074,2.238748910923727,2.2531691799229807,53500
2010-09-02,2.2603793144226074,2.2603793144226074,2.2351437577223305,2.245959045423354,43200
2010-09-03,2.2603793144226074,2.2675894489222346,2.2531691799229807,2.263984467624004,27300
2010-09-07,2.245957612991333,2.2603778727936,2.245957612991333,2.2603778727936,22000
2010-09-08,2.263983964920044,2.2892193441137914,2.249563527219595,2.2567738320213833,39200
2010-09-09,2.267587423324585,2.282007679442467,2.253167167206703,2.282007679442467,32100
2010-09-10,2.29282546043396,2.296430442447285,2.253169626868184,2.2711950526444094,95700
2010-09-13,2.29282546043396,2.3072457322936604,2.2711950526444094,2.3072457322936604,90000
2010-09-14,2.3216657638549805,2.3252707454951804,2.2892200695772673,2.3036403399444323,68000
2010-09-15,2.3216657638549805,2.339691015862346,2.2892200695772673,2.339691015862346,90200
2010-09-16,2.3360848426818848,2.339689822483334,2.2892189019413847,2.300034185151921,123300
2010-09-17,2.3072445392608643,2.3324799160150005,2.3072445392608643,2.3216648036641168,58900
2010-09-20,2.2892184257507324,2.3072438367177144,2.2856134466991715,2.3036386857630946,41100
2010-09-21,2.3144564628601074,2.3144564628601074,2.285615911730912,2.303641170235037,64700
2010-09-22,2.3432955741882324,2.3432955741882324,2.3072449074275028,2.325270154856298,40800
2010-09-23,2.3757400512695312,2.3757400512695312,2.3216639926948264,2.339689230951027,43700
2010-09-24,2.3288750648498535,2.3937662582584713,2.3144547996479385,2.3757410127076377,102300
2010-09-27,2.332479953765869,2.3505053705132295,2.3180596891292264,2.3505053705132295,61200
2010-09-28,2.349886417388916,2.3643918752250017,2.3353809595528303,2.3607655972253285,47600
2010-09-29,2.3390071392059326,2.382523683803177,2.3317544105928403,2.368018226576992,38400
2010-09-30,2.3643929958343506,2.386151192900825,2.3390083461307407,2.386151192900825,38200
2010-10-01,2.3643929958343506,2.393403925256316,2.3498875311233673,2.393403925256316,25700
2010-10-04,2.3643929958343506,2.382524913182469,2.342634798767876,2.357140263478859,35200
2010-10-05,2.357139825820923,2.357139825820923,2.3426343638032168,2.3498870948120696,47300
2010-10-06,2.349886417388916,2.3643918752250017,2.3426336884708734,2.3426336884708734,34600
2010-10-07,2.3680193424224854,2.3680193424224854,2.3426346938556977,2.3535137054423414,43700
2010-10-08,2.357139825820923,2.3680190087935755,2.3462606428482697,2.3498870948120696,58600
2010-10-11,2.349886417388916,2.3752710550614142,2.3426336884708734,2.3716446041430443,30400
2010-10-12,2.349886417388916,2.3680183261433716,2.3353809595528303,2.346259966470546,89300
2010-10-13,2.3643929958343506,2.368019448471486,2.3498875311233673,2.3607667161159944,76300
2010-10-14,2.357139825820923,2.375271739802429,2.3462606428482697,2.357139825820923,33100
2010-10-15,2.349886417388916,2.3716446041430443,2.346259966470546,2.3716446041430443,24800
2010-10-18,2.357139825820923,2.3680190087935755,2.339007911839417,2.3498870948120696,46600
2010-10-19,2.3390071392059326,2.3571390471980087,2.3353808613587312,2.3426335899718236,49000
2010-10-20,2.3680193424224854,2.3680193424224854,2.3426346938556977,2.349887425886384,31600
2010-10-21,2.3607659339904785,2.378897672412744,2.353513031119106,2.378897672412744,67000
2010-10-22,2.357139825820923,2.375271739802429,2.335381632794364,2.375271739802429,39800
2010-10-25,2.3680193424224854,2.378898354009129,2.3571401579170703,2.375272074453172,29100
2010-10-26,2.3861501216888428,2.3861501216888428,2.360765656299835,2.378897392589312,47700
2010-10-27,2.3781261444091797,2.4036582362539707,2.3744788021017222,2.3890685191778465,48200
2010-10-28,2.3890693187713623,2.40001152327911,2.374479596812229,2.3890693187713623,30300
2010-10-29,2.396364212036133,2.40365907311398,2.385421833457758,2.40365907311398,40000
2010-11-01,2.396364212036133,2.4000115556134527,2.374479628802591,2.3927166945356055,37900
2010-11-02,2.381772994995117,2.392715192782573,2.381772994995117,2.392715192782573,35000
2010-11-03,2.400010347366333,2.414600062177067,2.3781257751502314,2.396363005625209,22100
2010-11-04,2.41095232963562,2.425542042081453,2.385420245893867,2.3890677609668707,56700
2010-11-05,2.400010347366333,2.4109527204359433,2.3781257751502314,2.400010347366333,36900
2010-11-08,2.41095232963562,2.421894527008449,2.4000099583397,2.41095232963562,30300
2010-11-09,2.4182467460632324,2.4328364558557025,2.400009521861115,2.414599231653585,36900
2010-11-10,2.4146015644073486,2.418249082340874,2.378127254688234,2.4073067024635257,17100
2010-11-11,2.392716646194458,2.4036590245517586,2.3708320634030606,2.400011507124924,30900
2010-11-12,2.374478578567505,2.400010494085566,2.3452989732390876,2.3927156362342443,66400
2010-11-15,2.3270609378814697,2.3963621453143977,2.2650545852350046,2.3963621453143977,128700
2010-11-16,2.286940097808838,2.3380041024863116,2.246818292886401,2.3380041024863116,93700
2010-11-17,2.3051769733428955,2.319766686712152,2.2723500313005167,2.2723500313005167,26800
2010-11-18,2.348947048187256,2.3598892506069715,2.3234149526693004,2.3234149526693004,47200
2010-11-19,2.3635354042053223,2.3708302595855857,2.323413612652337,2.3270611273040043,37700
2010-11-22,2.338003158569336,2.3562403826956944,2.3161185939715407,2.3343558180978996,92500
2010-11-23,2.3234148025512695,2.345299379899889,2.308825084318857,2.3380045207836826,35700
2010-11-24,2.338003158569336,2.3452980134352677,2.3161185939715407,2.3416506729638313,26700
2010-11-26,2.3409392833709717,2.3446083761555268,2.329931655096675,2.329931655096675,7000
2010-11-29,2.32259464263916,2.340940642091201,2.3189255477250024,2.340940642091201,66500
2010-11-30,2.32259464263916,2.329933007427893,2.3115871829362695,2.3189255477250024,36800
2010-12-01,2.315255880355835,2.326263513129298,2.3115867860716057,2.3225942438846814,34000
2010-12-02,2.3336002826690674,2.337269374447087,2.315254298898166,2.3262619241527607,15900
2010-12-03,2.3189244270324707,2.3482778720014346,2.3189244270324707,2.3225935201734247,33200
2010-12-06,2.3372714519500732,2.392309277223333,2.318925626832602,2.318925626832602,46200
2010-12-07,2.3336002826690674,2.3409386411853745,2.311585207120147,2.3409386411853745,16000
2010-12-08,2.32259464263916,2.3446097370053587,2.3042488181475367,2.340940642091201,47300
2010-12-09,2.3042469024658203,2.34827705459287,2.289570010129865,2.34827705459287,39800
2010-12-10,2.2932398319244385,2.3152549133156755,2.2638863900694557,2.2969090996364683,43300
2010-12-13,2.2785627841949463,2.2969087702032014,2.260216798186691,2.2932395030174346,46500
2010-12-14,2.271226406097412,2.2932415035361053,2.256549674471616,2.2932415035361053,49800
2010-12-15,2.274895191192627,2.282233556004458,2.208849907886148,2.2455417319453033,95000
2010-12-16,2.311586380004883,2.315255473644578,2.274894393845792,2.274894393845792,71800
2010-12-17,2.3042469024658203,2.3372694290809717,2.293239276953922,2.3262619785293452,31900
2010-12-20,2.3042469024658203,2.32993107039313,2.28590091826608,2.28590091826608,37800
2010-12-21,2.2932398319244385,2.326262541491451,2.2895705642124082,2.326262541491451,46600
2010-12-22,2.315255880355835,2.34460933447122,2.28590242624045,2.28590242624045,23600
2010-12-23,2.2895708084106445,2.3482778733424303,2.2859017152675953,2.3482778733424303,102400
2010-12-27,2.3189244270324707,2.3299318814156655,2.2969093433057477,2.3005784364467017,66500
2010-12-28,2.3189244270324707,2.3409395107591937,2.315255158931184,2.333601149516953,41900
2010-12-29,2.336643934249878,2.351409442837654,2.321878425662102,2.351409442837654,30900
2010-12-30,2.325568199157715,2.3440249834572597,2.325568199157715,2.3440249834572597,34300
2010-12-31,2.336643934249878,2.3587921971315415,2.336643934249878,2.3587921971315415,45000
2011-01-03,2.329261064529419,2.347718037358877,2.3255697755747704,2.329261064529419,39300
2011-01-04,2.340334892272949,2.3551003976611495,2.325569386884749,2.344026180610645,50400
2011-01-05,2.344024658203125,2.3624816159602227,2.329259162404884,2.329259162404884,64400
2011-01-06,2.340334892272949,2.3587916859988454,2.3292606752224447,2.351408933304745,43900
2011-01-07,2.344024658203125,2.3550988680611025,2.3329506243637415,2.351407406102245,35900
2011-01-10,2.358790397644043,2.358790397644043,2.340333613999113,2.358790397644043,48800
2011-01-11,2.3514089584350586,2.3957054750730715,2.3440262056620567,2.362483175603917,123300
2011-01-12,2.3735568523406982,2.399396571088376,2.362482812890753,2.399396571088376,36900
2011-01-13,2.384631633758545,2.384631633758545,2.3551006201917946,2.362483373583482,45800
2011-01-14,2.3550994396209717,2.3993959377660254,2.3550994396209717,2.3993959377660254,37500
2011-01-18,2.358790397644043,2.3809386436291264,2.3514076489823483,2.3809386436291264,61300
2011-01-19,2.358790397644043,2.373555894967432,2.3514076489823483,2.373555894967432,21300
2011-01-20,2.3514089584350586,2.380939969527067,2.3514089584350586,2.380939969527067,63300
2011-01-21,2.3624818325042725,2.373555867358697,2.3587903702070574,2.3587903702070574,42800
2011-01-24,2.38093900680542,2.410470181975345,2.362482220345186,2.362482220345186,73300
2011-01-25,2.3735568523406982,2.399396571088376,2.3735568523406982,2.377248316169802,44600
2011-01-26,2.38093900680542,2.3993959692842934,2.377247719920829,2.392013219496472,52600
2011-01-27,2.3876233100891113,2.398763154903771,2.3764836423362783,2.3839101465254426,48900
2011-01-28,2.3876233100891113,2.413616163282099,2.372770301710783,2.3839101465254426,54400
2011-01-31,2.365344524383545,2.3839108790927432,2.361631359678834,2.372771030854848,47200
2011-02-01,2.372770071029663,2.3913364182284633,2.372770071029663,2.3801965744968214,52600
2011-02-02,2.391336441040039,2.402476107816136,2.361630426888033,2.365343590126128,46100
2011-02-03,2.391336441040039,2.3987629445780407,2.376483433964036,2.391336441040039,59400
2011-02-04,2.391336441040039,2.402476107816136,2.380196597202131,2.391336441040039,24500
2011-02-07,2.391336441040039,2.406189448116042,2.376483433964036,2.3950496042781344,73900
2011-02-08,2.406189441680908,2.4173292854890236,2.395049597872793,2.406189441680908,32200
2011-02-09,2.3876233100891113,2.4173295039075944,2.3876233100891113,2.4061896590929353,34600
2011-02-10,2.413616418838501,2.421042923813992,2.4024765728443422,2.40618991386301,27300
2011-02-11,2.413616418838501,2.4247562648326597,2.4099030778198327,2.4099030778198327,33100
2011-02-14,2.4247562885284424,2.4247562885284424,2.4024765963223977,2.4247562885284424,31800
2011-02-15,2.428469657897949,2.428469657897949,2.395050293824444,2.395050293824444,45000
2011-02-16,2.4247562885284424,2.432182793576508,2.41361644242542,2.4173297834803766,43200
2011-02-17,2.4247562885284424,2.4396092986245743,2.4099031013704635,2.428469452521552,64400
2011-02-18,2.406189441680908,2.4247557890071634,2.402476101390933,2.4247557890071634,62500
2011-02-22,2.391336441040039,2.4247557954919516,2.3839099375020374,2.41732929195395,73100
2011-02-23,2.3839111328125,2.4173305040211295,2.3839111328125,2.4173305040211295,39800
2011-02-24,2.3868982791900635,2.439193519494487,2.3831630066632274,2.439193519494487,46600
2011-02-25,2.39436936378479,2.4055755392890266,2.383163366396671,2.4055755392890266,33400
2011-02-28,2.4093103408813477,2.4167810637167904,2.386898172375019,2.386898172375019,33600
2011-03-01,2.4018399715423584,2.4317230453983236,2.4018399715423584,2.4205168704378233,14400
2011-03-02,2.398106098175049,2.4167828298542036,2.3943706449694906,2.3943706449694906,33400
2011-03-03,2.431723117828369,2.4391938419858525,2.409310767239805,2.4205169425340873,55700
2011-03-04,2.4055752754211426,2.4242519950580617,2.4055752754211426,2.4130459988991295,22300
2011-03-07,2.398106098175049,2.420518283059762,2.398106098175049,2.409312101559299,51100
2011-03-08,2.4205162525177,2.4242515244735716,2.3906333644064794,2.413045530489895,43200
2011-03-09,2.4242537021636963,2.4242537021636963,2.4055769693750366,2.4055769693750366,11400
2011-03-10,2.416781187057495,2.43172281160701,2.4055751912904726,2.4055751912904726,20700
2011-03-11,2.427987575531006,2.427987575531006,2.4093106767804784,2.4093106767804784,10300
2011-03-14,2.4205162525177,2.4205162525177,2.3906333644064794,2.413045530489895,33800
2011-03-15,2.383162260055542,2.3981037017141444,2.371956089753573,2.3981037017141444,43900
2011-03-16,2.357016086578369,2.3981051652741465,2.357016086578369,2.3981051652741465,91800
2011-03-17,2.3719561100006104,2.386897551786753,2.3458086759328785,2.386897551786753,35300
2011-03-18,2.3794283866882324,2.3906345644130416,2.3607516613017534,2.3868991124660544,35200
2011-03-21,2.4018399715423584,2.4055754225678947,2.3794277997374653,2.3794277997374653,34700
2011-03-22,2.4055752754211426,2.4093105481020873,2.3794276541901387,2.398104551943155,24200
2011-03-23,2.4093103408813477,2.4242517865522335,2.3906336228507814,2.3906336228507814,28500
2011-03-24,2.4130465984344482,2.4167818720434435,2.4055758731003163,2.4167818720434435,17500
2011-03-25,2.4055752754211426,2.4242519950580617,2.4055752754211426,2.420516722377117,34100
2011-03-28,2.4242537021636963,2.4354598843298705,2.409312244686279,2.409312244686279,33300
2011-03-29,2.43477201461792,2.4385292856611045,2.415985121906736,2.4234998431581922,41900
2011-03-30,2.438530445098877,2.4422878970936885,2.427258447444787,2.438530445098877,41000
2011-03-31,2.43477201461792,2.442286735869376,2.415985121906736,2.415985121906736,40300
2011-04-01,2.442288875579834,2.4535610569152175,2.4310166942444504,2.446046329080043,20300
2011-04-04,2.4272584915161133,2.4535601184618305,2.4272584915161133,2.4422879414379017,35800
2011-04-05,2.43477201461792,2.43477201461792,2.4272572933664636,2.4272572933664636,27000
2011-04-06,2.4498038291931152,2.453561283039618,2.4310169182911237,2.4310169182911237,26700
2011-04-07,2.4310147762298584,2.4535591211136576,2.427257504859294,2.4535591211136576,17700
2011-04-08,2.4310147762298584,2.44980167057799,2.4235000543236263,2.4422869486717578,27100
2011-04-11,2.4272584915161133,2.4310157644139725,2.415986314492184,2.419743766555219,25900
2011-04-12,2.4310147762298584,2.4347722267655256,2.4122280610468296,2.4347722267655256,43300
2011-04-13,2.4235010147094727,2.4310157395936423,2.4235010147094727,2.4310157395936423,15600
2011-04-14,2.4197421073913574,2.423499377712939,2.4122273875831413,2.4197421073913574,38600
2011-04-15,2.4310147762298584,2.457316392484222,2.4235000543236263,2.4385294981360905,50300
2011-04-18,2.442288875579834,2.446046329080043,2.423501966409276,2.4272594199094852,54800
2011-04-19,2.4235010147094727,2.461074818295496,2.4197437418499743,2.461074818295496,57300
2011-04-20,2.438530445098877,2.4535600739129504,2.438530445098877,2.4460453490884997,15300
2011-04-21,2.46858811378479,2.46858811378479,2.438529052488136,2.453558672718998,66000
2011-04-25,2.46858811378479,2.479860105001599,2.4498012228700152,2.479860105001599,38400
2011-04-26,2.4761037826538086,2.4761037826538086,2.461074335831809,2.4723463313657392,12500
2011-04-27,2.482905864715576,2.4904641704445214,2.475347558986631,2.4904641704445214,23800
2011-04-28,2.4866857528686523,2.490464997089658,2.46779007237647,2.4715691363931933,30800
2011-04-29,2.4753475189208984,2.4866848872286993,2.467789213314291,2.4866848872286993,23000
2011-05-02,2.471569776535034,2.494244707121078,2.467790711539525,2.4753490217348726,70000
2011-05-03,2.4753475189208984,2.4866848872286993,2.4715682760154847,2.482905824527506,50000
2011-05-04,2.4791269302368164,2.486685236906273,2.4753478670042113,2.4791269302368164,39000
2011-05-05,2.4640121459960938,2.4866870828366383,2.4640121459960938,2.482908016798737,47700
2011-05-06,2.4753475189208984,2.4866848872286993,2.464009970408877,2.467789213314291,84400
2011-05-09,2.4866857528686523,2.490464997089658,2.4715691363931933,2.479127444630923,40000
2011-05-10,2.501803159713745,2.520699026379792,2.486686538462643,2.494244849088194,35200
2011-05-11,2.5206987857818604,2.5206987857818604,2.5055821659736233,2.5206987857818604,40400
2011-05-12,2.5206987857818604,2.5206987857818604,2.486686301111166,2.5169195407276397,36000
2011-05-13,2.524477005004883,2.5433728635377735,2.5055813266762548,2.5395936197494904,50500
2011-05-16,2.5131397247314453,2.543372955311581,2.4866855578716915,2.505581417086411,67300
2011-05-17,2.5131397247314453,2.5244770960968617,2.5093604808067935,2.516918788451828,46200
2011-05-18,2.524477005004883,2.532035312377187,2.5169186976325792,2.5206979414208623,32000
2011-05-19,2.516918897628784,2.532035513574569,2.516918897628784,2.520698141717369,35000
2011-05-20,2.5358145236968994,2.5358145236968994,2.520697909145845,2.5358145236968994,29500
2011-05-23,2.516918897628784,2.535814757663154,2.5093605896558917,2.535814757663154,81000
2011-05-24,2.5282557010650635,2.53959306956523,2.5093598466258213,2.5093598466258213,29400
2011-05-25,2.516918897628784,2.5282564496902613,2.5131398337444764,2.5282564496902613,39400
2011-05-26,2.5313613414764404,2.5313613414764404,2.512357235508673,2.512357235508673,32300
2011-05-27,2.5313613414764404,2.535162271412983,2.5237596628416705,2.5313613414764404,33200
2011-05-31,2.5313613414764404,2.5465646987459802,2.5237596628416705,2.5465646987459802,37200
2011-06-01,2.5237603187561035,2.546565360587345,2.5237603187561035,2.546565360587345,31100
2011-06-02,2.5047566890716553,2.54276509942603,2.5009557574170196,2.52756173528428,84200
2011-06-03,2.508556604385376,2.5199592143149396,2.508556604385376,2.508556604385376,39100
2011-06-06,2.5161595344543457,2.5275621500509975,2.5085578511360533,2.523761217772638,35100
2011-06-07,2.5047566890716553,2.5237608036296444,2.5047566890716553,2.5123583711425304,38500
2011-06-08,2.5047566890716553,2.52756173528428,2.5047566890716553,2.52756173528428,25800
2011-06-09,2.5237603187561035,2.5237603187561035,2.5085569575352755,2.5161586381456895,19300
2011-06-10,2.5123586654663086,2.527562031389139,2.4971552995434787,2.527562031389139,36600
2011-06-13,2.474349021911621,2.5123574178439436,2.466747161486829,2.5123574178439436,53700
2011-06-14,2.489553213119507,2.489553213119507,2.4705489181766387,2.4705489181766387,51400
2011-06-15,2.4553463459014893,2.5009564509752047,2.447744661722537,2.5009564509752047,38500
2011-06-16,2.4515442848205566,2.4857519385003104,2.4401418544195477,2.4401418544195477,67700
2011-06-17,2.4515442848205566,2.470548577140056,2.4515442848205566,2.4591459655006838,21300
2011-06-20,2.4591455459594727,2.470548155653509,2.447743117503769,2.451543866576226,32000
2011-06-21,2.4819495677948,2.497152919225602,2.466746035125752,2.4743478920793986,46000
2011-06-22,2.4819495677948,2.5199579463718056,2.4743478920793986,2.489551243510201,52900
2011-06-23,2.4591455459594727,2.4819507653475457,2.447743117503769,2.478149835036756,54500
2011-06-24,2.4705488681793213,2.4933539129062163,2.4629471866036896,2.4705488681793213,48000
2011-06-27,2.5123586654663086,2.5161594163278074,2.462947635597902,2.462947635597902,38700
2011-06-28,2.511591911315918,2.5230602651520533,2.481009209085096,2.507769005179741,46600
2011-06-29,2.5039479732513428,2.538353240293639,2.4924794293796966,2.515416334836668,42600
2011-06-30,2.5039479732513428,2.5230619699889916,2.5001250645320203,2.5039479732513428,22700
2011-07-01,2.5039479732513428,2.5230619699889916,2.496302338099019,2.5039479732513428,36300
2011-07-05,2.5154170989990234,2.5192400088797133,2.50777146152402,2.5154170989990234,40200
2011-07-06,2.523061513900757,2.53453005569926,2.511593154388542,2.5154158801305173,23900
2011-07-07,2.5459983348846436,2.5459983348846436,2.5307070678266075,2.5307070678266075,23800
2011-07-08,2.5268847942352295,2.5459987903339028,2.5192391593384973,2.5459987903339028,39100
2011-07-11,2.507770299911499,2.5383528356455196,2.503947574087892,2.5230615677785093,37400
2011-07-12,2.507770299911499,2.5230615677785093,2.503947574087892,2.5230615677785093,19100
2011-07-13,2.5001258850097656,2.5230627979940485,2.5001258850097656,2.5115944326450976,30800
2011-07-14,2.523061513900757,2.523061513900757,2.4848333450495597,2.5077702463602782,48900
2011-07-15,2.5307083129882812,2.5307083129882812,2.507771401115785,2.5307083129882812,20100
2011-07-18,2.507770299911499,2.5307072017120147,2.481010490001085,2.5307072017120147,91300
2011-07-19,2.5307083129882812,2.5307083129882812,2.4848344892432883,2.4963030363227223,173800
2011-07-20,2.523061513900757,2.523061513900757,2.4886562530778233,2.523061513900757,79500
2011-07-21,2.523061513900757,2.538352781441236,2.5001246125900387,2.519238788158781,41000
2011-07-22,2.5345308780670166,2.5498221505689855,2.5230623325473664,2.5345308780670166,49200
2011-07-25,2.488656759262085,2.530707662408268,2.488656759262085,2.5115936652380912,52000
2011-07-26,2.5001258850097656,2.53453134562938,2.477188972025483,2.477188972025483,114100
2011-07-27,2.4801297187805176,2.5070459220659402,2.4532136988467292,2.4762846516549626,60800
2011-07-28,2.487819194793701,2.487819194793701,2.4493676197875334,2.46090318396517,79600
2011-07-29,2.4685940742492676,2.476284391042658,2.4070715399021454,2.441677873796594,121300
2011-08-01,2.4724385738372803,2.522425713203975,2.430141932851529,2.503200017306335,51700
2011-08-02,2.476285219192505,2.4916658579230684,2.4455239417313783,2.4455239417313783,73600
2011-08-03,2.457059144973755,2.4916656711999803,2.4301431208881685,2.4916656711999803,81800
2011-08-04,2.387845516204834,2.4532132967908877,2.264800271375109,2.4339874142591293,621400
2011-08-05,2.3916914463043213,2.42245290613296,2.310943187228115,2.42245290613296,147200
2011-08-08,2.226349115371704,2.35708470154225,2.168671640099308,2.345549133147115,333700
2011-08-09,2.272491216659546,2.2840267860415437,2.0763880039788267,2.2532655121584235,221800
2011-08-10,2.2417311668395996,2.280182780189418,2.1725182628099264,2.276337710530314,100600
2011-08-11,2.3532397747039795,2.3532397747039795,2.2571106971423625,2.272491334884088,127400
2011-08-12,2.330169439315796,2.3493953332944186,2.307098476552477,2.3493953332944186,55800
2011-08-15,2.3916914463043213,2.3993817654235636,2.337859212469627,2.3724657401820517,80600
2011-08-16,2.4186079502105713,2.4224532019155345,2.364775709802937,2.399382058389141,100100
2011-08-17,2.403226613998413,2.4570588388135186,2.3878459783369546,2.426297567490601,57400
2011-08-18,2.372464656829834,2.3955356036525406,2.3493937100071274,2.3532387761351186,70900
2011-08-19,2.3686201572418213,2.3955363620656223,2.3647750898965043,2.3724654079387837,73100
2011-08-22,2.3686201572418213,2.3955363620656223,2.3570847718542245,2.3878460440233424,26700
2011-08-23,2.4224514961242676,2.4416771910560566,2.360928795628477,2.360928795628477,77700
2011-08-24,2.395538091659546,2.437834963106519,2.372467120875318,2.437834963106519,41500
2011-08-25,2.4186079502105713,2.4262982702688047,2.3916917383309078,2.4224532019155345,13800
2011-08-26,2.4186079502105713,2.4416789103852716,2.376311098214441,2.395536990035871,26000
2011-08-29,2.4333081245422363,2.4565193088225166,2.410096940261956,2.437176747488664,45900
2011-08-30,2.4371750354766846,2.456517583223219,2.421700923493071,2.421700923493071,28000
2011-08-31,2.4487826824188232,2.483599557257464,2.4178344312138664,2.452651306052507,59100
2011-09-01,2.4410462379455566,2.4836001863645425,2.4371777977981077,2.4410462379455566,49600
2011-09-02,2.4603869915008545,2.4603869915008545,2.4062273977452144,2.4410442530929797,47500
2011-09-06,2.4603869915008545,2.47199248697276,2.4062273977452144,2.4139644562151594,51000
2011-09-07,2.4449126720428467,2.49133501901724,2.4449126720428467,2.487466397869703,56800
2011-09-08,2.4333081245422363,2.4565193088225166,2.4139653787422883,2.421702624635144,52700
2011-09-09,2.4410462379455566,2.4526519273202525,2.4178350436623393,2.425572108423412,54800
2011-09-12,2.4603869915008545,2.4603869915008545,2.4178330776831443,2.421701699151129,46400
2011-09-13,2.452650308609009,2.452650308609009,2.4294391296448103,2.452650308609009,42600
2011-09-14,2.483597755432129,2.483597755432129,2.433306791476601,2.456517963040846,28300
2011-09-15,2.506809711456299,2.5222838306748026,2.471992850981639,2.5222838306748026,41500
2011-09-16,2.51454758644104,2.5184162097331444,2.475862275850554,2.4913364000867486,40500
2011-09-19,2.487467050552368,2.50294117027073,2.4797299906931873,2.487467050552368,24200
2011-09-20,2.526150703430176,2.5300191383230026,2.49520230195794,2.510676410461096,46500
2011-09-21,2.4681246280670166,2.545495230888588,2.456518945410747,2.530021110324274,64100
2011-09-22,2.4410462379455566,2.4758631216034703,2.402360914140194,2.464257432228774,86300
2011-09-23,2.425569772720337,2.460386622851355,2.417832715409666,2.44878094465235,29300
2011-09-26,2.4603869915008545,2.4603869915008545,2.4023589607432543,2.4255701361530897,31400
2011-09-27,2.499073028564453,2.5571010766141824,2.452650663911102,2.4603877246866603,61700
2011-09-28,2.5294253826141357,2.552773902340592,2.4399226308839492,2.525533869880956,71000
2011-09-29,2.53721022605896,2.548884587919747,2.5138616878950732,2.5411017418651176,27700
2011-09-30,2.428248405456543,2.5294255151293408,2.428248405456543,2.509968321559172,64800
2011-10-03,2.3971168994903564,2.44770545127302,2.3893340596436037,2.43603128428166,33300
2011-10-04,2.2881574630737305,2.377660226663411,2.2803746221336523,2.377660226663411,91700
2011-10-05,2.319289207458496,2.3582034185451963,2.3037235230238156,2.319289207458496,52200
2011-10-06,2.3659861087799072,2.373768950497305,2.3231803865554284,2.3231803865554284,33000
2011-10-07,2.3659861087799072,2.3815517922147027,2.342637583627714,2.3815517922147027,22200
2011-10-10,2.3932251930236816,2.436030898174961,2.377659515797309,2.3932251930236816,50300
2011-10-11,2.4165751934051514,2.4282493657178126,2.393226663222206,2.4087923500108364,43000
2011-10-12,2.4827287197113037,2.4827287197113037,2.416574477674103,2.416574477674103,24500
2011-10-13,2.4515979290008545,2.4788377864081808,2.43214072894624,2.4632721005875338,28100
2011-10-14,2.4866201877593994,2.509968712344279,2.474946018245749,2.4827288597740425,43100
2011-10-17,2.4749460220336914,2.525534399266234,2.4671631804934866,2.5021858746456194,54600
2011-10-18,2.5138607025146484,2.5138607025146484,2.4749464874950564,2.4944035022260453,39900
2011-10-19,2.5060787200927734,2.56055863982849,2.4827301830631803,2.5255357415052617,32000
2011-10-20,2.4866201877593994,2.521643067415508,2.4827288597740425,2.4905117013023355,24600
2011-10-21,2.568338632583618,2.5722301438780155,2.5099672620699622,2.5372072844583275,73900
2011-10-24,2.552773952484131,2.568339632607522,2.54109978517036,2.568339632607522,50400
2011-10-25,2.5333168506622314,2.568339536855382,2.5333168506622314,2.5488825302053066,49800
2011-10-26,2.5216453075408936,2.5566682183099076,2.5216453075408936,2.5488853698676537,70600
2011-10-27,2.5639185905456543,2.6187198500729547,2.5365178674559266,2.583490375622184,86400
2011-10-28,2.583489418029785,2.595232634044704,2.548260143289201,2.5874038855854535,52900
2011-10-31,2.5678329467773438,2.5795761674828417,2.5365179404322307,2.575661698363622,25500
2011-11-01,2.5404317378997803,2.560003706455028,2.50520245581331,2.513031205904984,73600
2011-11-02,2.5208609104156494,2.571747898603832,2.5091176875059937,2.5639191455481267,68600
2011-11-03,2.6030633449554443,2.606977628810008,2.5326043690510263,2.5326043690510263,76400
2011-11-04,2.6030633449554443,2.6030633449554443,2.524775614689672,2.587405836232735,98000
2011-11-07,2.5482609272003174,2.5952334324057804,2.5443464584404567,2.5874046815382035,43000
2011-11-08,2.5560882091522217,2.6030606873638553,2.5443449962732947,2.563916955520827,103500
2011-11-09,2.505202054977417,2.5874040111136267,2.505202054977417,2.5560890157573746,52100
2011-11-10,2.505202054977417,2.548260266918312,2.505202054977417,2.524773833749027,63300
2011-11-11,2.516946315765381,2.556090265755251,2.513032032757706,2.5247750684329175,55700
2011-11-14,2.528690814971924,2.5365195715926427,2.4934613168525472,2.5365195715926427,72300
2011-11-15,2.5952322483062744,2.6226327705149726,2.509115841402215,2.5286878029673354,131300
2011-11-16,2.5482609272003174,2.618719685008512,2.5482609272003174,2.579575930670626,92300
2011-11-17,2.5482609272003174,2.599147714513497,2.5443464584404567,2.583490212778343,62400
2011-11-18,2.5874056816101074,2.5913199652307544,2.575662457443734,2.575662457443734,16400
2011-11-21,2.5130319595336914,2.583490731488514,2.505203207094267,2.583490731488514,110800
2011-11-22,2.5482609272003174,2.579575930670626,2.5208602058377254,2.5482609272003174,53200
2011-11-23,2.528690814971924,2.5600058414548004,2.4973757884890473,2.524776343335424,60700
2011-11-25,2.528690814971924,2.5678345980755193,2.5091188300939855,2.5091188300939855,14800
2011-11-28,2.583026647567749,2.5948393521475537,2.5475887215849045,2.5948393521475537,38200
2011-11-29,2.571214437484741,2.5909020304576758,2.5357765072742295,2.5909020304576758,45200
2011-11-30,2.5397138595581055,2.5948395685184287,2.5318387851004283,2.5948395685184287,68100
2011-12-01,2.555464506149292,2.583027365997311,2.5318392781752563,2.5594021380232754,71400
2011-12-02,2.5318384170532227,2.57908904468716,2.5318384170532227,2.5436511209008463,52000
2011-12-05,2.5594019889831543,2.575152140048676,2.5357767623848724,2.5594019889831543,72000
2011-12-06,2.586963653564453,2.586963653564453,2.551525736140282,2.571213509766271,58000
2011-12-07,2.575152635574341,2.583027712622469,2.5554648490756966,2.575152635574341,18500
2011-12-08,2.5475881099700928,2.5909010993555404,2.5279005240723618,2.575150955534746,86300
2011-12-09,2.5633394718170166,2.575151990552094,2.5554642089848314,2.5554642089848314,52100
2011-12-12,2.52396297454834,2.571213595270706,2.5160879023873672,2.571213595270706,147300
2011-12-13,2.5318384170532227,2.5672763408395363,2.516088270427429,2.539713490366119,70800
2011-12-14,2.551527738571167,2.559402816650594,2.5279025043328853,2.5279025043328853,56900
2011-12-15,2.5475881099700928,2.575150955534746,2.5475881099700928,2.575150955534746,48700
2011-12-16,2.5397138595581055,2.579089419603075,2.5318387851004283,2.5475889340157822,90300
2011-12-19,2.555464506149292,2.563339769897259,2.5318392781752563,2.555464506149292,46700
2011-12-20,2.571214437484741,2.5790895122252335,2.551526656755214,2.5790895122252335,60100
2011-12-21,2.602715015411377,2.602715015411377,2.55940200581799,2.5751521569871105,119400
2011-12-22,2.598775863647461,2.602713493014823,2.583025721691019,2.598775863647461,90900
2011-12-23,2.630277395248413,2.630277395248413,2.58302694696555,2.598777096393171,67800
2011-12-27,2.5948407649993896,2.634216155443765,2.583028053987741,2.6105909211771396,89200
2011-12-28,2.637611150741577,2.6534526444097457,2.6217696570734086,2.6217696570734086,65700
2011-12-29,2.6296913623809814,2.6455328618230816,2.6098895825011414,2.6415725813853412,40100
2011-12-30,2.649494171142578,2.6732564278396773,2.6178111622131124,2.6178111622131124,30100
2012-01-03,2.633652448654175,2.673256206537459,2.625731697077518,2.6692957363263234,47700
2012-01-04,2.625730276107788,2.633651023397964,2.5980075661694157,2.633651023397964,35600
2012-01-05,2.6217727661132812,2.6257332386496164,2.605931253659391,2.6217727661132812,95500
2012-01-06,2.6217727661132812,2.6376142785671717,2.6019709699687805,2.609891726195726,55700
2012-01-09,2.617811918258667,2.6296929556157433,2.605930692055907,2.617811918258667,76700
2012-01-10,2.633652448654175,2.6415732002308316,2.6098901939242043,2.6415732002308316,69100
2012-01-11,2.625730276107788,2.625730276107788,2.6178095288176118,2.6178095288176118,14900
2012-01-12,2.641573190689087,2.6455334720403036,2.61385046584812,2.61385046584812,95100
2012-01-13,2.613849639892578,2.641572355973389,2.613849639892578,2.641572355973389,89100
2012-01-17,2.625730276107788,2.649492517978316,2.6019680342372595,2.6019680342372595,74000
2012-01-18,2.649494171142578,2.649494171142578,2.633652666677845,2.6415734189102116,60200
2012-01-19,2.6574137210845947,2.6732552183821787,2.6336514751382185,2.653453252337427,141600
2012-01-20,2.641573190689087,2.653454223588349,2.6376127204922577,2.653454223588349,40300
2012-01-23,2.633652448654175,2.6574147033841453,2.633652448654175,2.6534542331730098,70500
2012-01-24,2.673255443572998,2.6772159126537898,2.6415724463089036,2.653453475860159,104200
2012-01-25,2.689096689224243,2.700977906503315,2.6732551920825087,2.6732551920825087,71400
2012-01-26,2.697018623352051,2.728701631562754,2.677216837643174,2.681177119246699,105600
2012-01-27,2.740030288696289,2.7479954852951916,2.712152005647496,2.7161346988995807,144100
2012-01-30,2.747994899749756,2.751977402247978,2.676307955729488,2.7360470124446357,100000
2012-01-31,2.700204849243164,2.7479960384567725,2.700204849243164,2.7479960384567725,116900
2012-02-01,2.736048936843872,2.736048936843872,2.7161360305365703,2.7161360305365703,70800
2012-02-02,2.7280797958374023,2.7440101738351763,2.712149417839629,2.7400276742882754,78700
2012-02-03,2.7440125942230225,2.747995287187989,2.7161345030892705,2.747995287187989,65000
2012-02-06,2.712151527404785,2.7360471129879054,2.708169024760215,2.724099415148962,71700
2012-02-07,2.7081680297851562,2.7240984143211144,2.7002028375171774,2.720115723234543,54200
2012-02-08,2.6922380924224854,2.7240988667863877,2.6922380924224854,2.712150981447327,124500
2012-02-09,2.7081680297851562,2.716133222053135,2.6842722630760556,2.6842722630760556,87000
2012-02-10,2.700204849243164,2.708170047445432,2.688256956987109,2.7041873533916454,58400
2012-02-13,2.7161338329315186,2.7201163350086204,2.7002034448126997,2.7002034448126997,68400
2012-02-14,2.72011661529541,2.72011661529541,2.6922385281674606,2.7121514204152497,42400
2012-02-15,2.736048936843872,2.736048936843872,2.704188134827901,2.7161360305365703,80200
2012-02-16,2.736048936843872,2.736048936843872,2.7201185358358866,2.724101231040563,51700
2012-02-17,2.759944200515747,2.759944200515747,2.728083402399802,2.7360486019287884,64300
2012-02-21,2.732064723968506,2.779855897122357,2.732064723968506,2.763925506071073,54000
2012-02-22,2.740030288696289,2.7639258784929974,2.740030288696289,2.740030288696289,32300
2012-02-23,2.771890163421631,2.77587266545861,2.744011889541958,2.744011889541958,78900
2012-02-24,2.759944200515747,2.779857294290881,2.755961695703922,2.775874599573719,64500
2012-02-27,2.7871735095977783,2.7871735095977783,2.7471279516054534,2.7511324119285443,37200
2012-02-28,2.7911782264709473,2.8071966420924865,2.775160001801708,2.7911782264709473,61600
2012-02-29,2.763145923614502,2.8031914779664264,2.763145923614502,2.775159494443946,68900
2012-03-01,2.7871735095977783,2.7991870815193343,2.7791643979993133,2.783168858322404,35000
2012-03-02,2.795182228088379,2.811200449032544,2.7871731176162964,2.7911775773762098,61000
2012-03-05,2.7671496868133545,2.7991861222282135,2.763145227862606,2.78717255442375,39500
2012-03-06,2.7431225776672363,2.7711545563531113,2.7431225776672363,2.7711545563531113,69500
2012-03-07,2.751133441925049,2.7791654384907134,2.7431243273280526,2.759142556522045,47600
2012-03-08,2.7991857528686523,2.7991857528686523,2.7711539710556234,2.7711539710556234,61000
2012-03-09,2.7871735095977783,2.803191732794708,2.7791643979993133,2.7991870815193343,49800
2012-03-12,2.8031909465789795,2.8192091652832523,2.7871727278747063,2.795181837226843,68300
2012-03-13,2.8071982860565186,2.815207403081473,2.795184515042881,2.8031936320678352,47800
2012-03-14,2.8152055740356445,2.8152055740356445,2.7991871594405255,2.8071964622142294,29300
2012-03-15,2.7711548805236816,2.8071959729141573,2.7511320089840274,2.8071959729141573,97100
2012-03-16,2.7551376819610596,2.779165022152587,2.731110341769532,2.7591421431834844,86100
2012-03-19,2.727104902267456,2.763145997625686,2.7231004422011362,2.739118664370956,60500
2012-03-20,2.7591423988342285,2.763147051380034,2.731110594822965,2.731110594822965,31600
2012-03-21,2.763145923614502,2.7831686053143314,2.7511321618327917,2.775159494443946,64600
2012-03-22,2.763145923614502,2.775159494443946,2.7511321618327917,2.763145923614502,36500
2012-03-23,2.727104902267456,2.767150457692005,2.727104902267456,2.739118664370956,56800
2012-03-26,2.7671496868133545,2.7751587956670694,2.7471270101551766,2.7471270101551766,31600
2012-03-27,2.775160312652588,2.775160312652588,2.7471285118176754,2.7511329729573823,33100
2012-03-28,2.7864346504211426,2.7904611902023144,2.766301375499865,2.766301375499865,32600
2012-03-29,2.774355173110962,2.782408446205421,2.7703286325663203,2.782408446205421,25600
2012-03-30,2.770328998565674,2.790462087959097,2.770328998565674,2.7824088138006875,32900
2012-04-02,2.770328998565674,2.8146219104343255,2.7663022654838687,2.7783822727240834,56700
2012-04-03,2.8065683841705322,2.8105951168906285,2.7783820231505936,2.7864352965856023,34800
2012-04-04,2.814621686935425,2.8186484196974817,2.79046186637864,2.79046186637864,36100
2012-04-05,2.822676181793213,2.822676181793213,2.798516160420907,2.8065694368765906,39200
2012-04-09,2.8025403022766113,2.818646840289287,2.7904603027645654,2.818646840289287,36900
2012-04-10,2.7461681365966797,2.8065675739194424,2.7421414050390935,2.7864344921468978,40500
2012-04-11,2.7864346504211426,2.806567733337281,2.75422156415121,2.7783813788536595,20600
2012-04-12,2.7864346504211426,2.7864346504211426,2.766301375499865,2.7864346504211426,32900
2012-04-13,2.8025403022766113,2.806566840777241,2.7743537647518903,2.7985135717709033,37000
2012-04-16,2.814621686935425,2.8307284259784673,2.8065684134164965,2.814621686935425,59000
2012-04-17,2.8025403022766113,2.8307268398013323,2.782407033758228,2.8307268398013323,60600
2012-04-18,2.810593605041504,2.8226736046986445,2.7824070671782293,2.810593605041504,35800
2012-04-19,2.810593605041504,2.826700143247638,2.802540335938437,2.8186468741445707,38400
2012-04-20,2.8267011642456055,2.8267011642456055,2.7985146162014143,2.8025413482099344,28700
2012-04-23,2.8186452388763428,2.842805032168972,2.81461851065842,2.8226719670942657,81000
2012-04-24,2.8267011642456055,2.8387811682660162,2.8186478922337153,2.8226746242422354,26000
2012-04-25,2.810593605041504,2.8589132196599056,2.810593605041504,2.826700143247638,58400
2012-04-26,2.8259785175323486,2.8462219938221955,2.8097838137229103,2.8178811656276297,46800
2012-04-27,2.8705129623413086,2.87861031117919,2.8219286762579956,2.838123566989783,35600
2012-04-30,2.830028772354126,2.95148931588653,2.821931415655713,2.95148931588653,35000
2012-05-01,2.8421740531921387,2.8664661160161216,2.8300279252520704,2.8300279252520704,37700
2012-05-02,2.846221685409546,2.8664649664497612,2.842172913367857,2.846221685409546,25000
2012-05-03,2.838127374649048,2.8624194537531813,2.8340785982702172,2.850273317672973,41000
2012-05-04,2.8259785175323486,2.943390216678825,2.8219297450519405,2.943390216678825,28200
2012-05-07,2.830028772354126,2.850272260628264,2.8138340589573003,2.830028772354126,45000
2012-05-08,2.8421740531921387,2.8543201811322074,2.8300279252520704,2.8381254725828855,34600
2012-05-09,2.8421740531921387,2.8664661160161216,2.8300279252520704,2.8421740531921387,38000
2012-05-10,2.858368158340454,2.8745628634710765,2.846222226020544,2.8624169311511665,37500
2012-05-11,2.862417221069336,2.882660508004886,2.8502710944630993,2.8502710944630993,8700
2012-05-14,2.838127374649048,2.882662756478484,2.8340785982702172,2.8664680370757285,33200
2012-05-15,2.850269317626953,2.8786101333366347,2.8421719692893315,2.858366665964575,35000
2012-05-16,2.8340742588043213,2.870512418195436,2.8340742588043213,2.8624150708925202,82600
2012-05-17,2.789541721343994,2.8745640550517613,2.777395783989281,2.842174631364268,111600
2012-05-18,2.7409582138061523,2.7895423604687273,2.672130576172719,2.7692990625541065,96400
2012-05-21,2.7935891151428223,2.8097838189825755,2.7369076517036857,2.7490535830554514,33500
2012-05-22,2.789541721343994,2.809785207676774,2.7814443654221206,2.7976390772658677,52000
2012-05-23,2.809783935546875,2.8178812878026713,2.765248401611941,2.793589231035282,50000
2012-05-24,2.801687240600586,2.805735821150277,2.7733464045281444,2.7895411128392107,22200
2012-05-25,2.809783935546875,2.81383251514672,2.793589231035282,2.809783935546875,29400
2012-05-29,2.8048996925354004,2.829325501579765,2.8048996925354004,2.8089707577689986,36200
2012-05-30,2.7967567443847656,2.8089697415481027,2.7804728775796526,2.8089697415481027,33300
2012-05-31,2.813040256500244,2.817111319747714,2.7723305946204464,2.8089693873717545,19700
2012-06-01,2.7845444679260254,2.8130411431644817,2.7723314684530864,2.8008283378105836,57200
2012-06-04,2.7601189613342285,2.796757575473822,2.7601189613342285,2.796757575473822,31800
2012-06-05,2.7682602405548096,2.7967569121132723,2.7519763727731124,2.7519763727731124,47400
2012-06-06,2.7723302841186523,2.8008271413023444,2.7723302841186523,2.7845432783742226,30500
2012-06-07,2.8415393829345703,2.8415393829345703,2.7926877497208165,2.8130424998336467,51700
2012-06-08,2.874105930328369,2.874105930328369,2.8008285113086675,2.813041317419091,47500
2012-06-11,2.8578219413757324,2.8700349411006787,2.84968000626545,2.8700349411006787,21400
2012-06-12,2.8537511825561523,2.886318924271757,2.8456090530081983,2.8700350534139547,44200
2012-06-13,2.8415393829345703,2.8700362660354943,2.8293263775715647,2.8537523882975764,65000
2012-06-14,2.829324722290039,2.8618926528313136,2.8211827881844758,2.8374666563956024,25100
2012-06-15,2.8211824893951416,2.878176216216943,2.79675668966537,2.853750416487171,102100
2012-06-18,2.8211824893951416,2.8618923497304287,2.808969686589756,2.8252535530762706,59900
2012-06-19,2.8537511825561523,2.8537511825561523,2.837467117579297,2.8496801177821753,49000
2012-06-20,2.87003493309021,2.886318803265325,2.853751062915095,2.853751062915095,34100
2012-06-21,2.865961790084839,2.8822456484508625,2.8537489933697726,2.865961790084839,40000
2012-06-22,2.886319160461426,2.886319160461426,2.8659642231639864,2.8741061592591484,32400
2012-06-25,2.886319160461426,2.8903900314494724,2.8659642231639864,2.8741061592591484,39800
2012-06-26,2.8781778812408447,2.9066745670180576,2.8659648772512445,2.898532629064695,49400
2012-06-27,2.90191650390625,2.918288372306641,2.889637505021924,2.918288372306641,31800
2012-06-28,2.889636993408203,2.9387525899134004,2.881451060657337,2.914194791660802,66200
2012-06-29,2.9141948223114014,2.955124486496218,2.9141948223114014,2.9223807551483647,36000
2012-07-02,2.9182870388031006,2.9264729692627567,2.8896361846103154,2.92237990644894,70800
2012-07-03,2.942845106124878,2.942845106124878,2.9141942492455777,2.9264732436704195,10900
2012-07-05,2.922381639480591,2.946939445422837,2.9141957041665085,2.946939445422837,25100
2012-07-06,2.9755866527557373,3.000144428459907,2.9182851761126747,2.9182851761126747,80800
2012-07-09,2.9387519359588623,2.9633097287466645,2.922380074100327,2.9510309299367576,58900
2012-07-10,2.930565357208252,2.9592162067112175,2.930565357208252,2.9592162067112175,37300
2012-07-11,2.9264750480651855,2.9387538548928513,2.914196046069404,2.930567918618369,45400
2012-07-12,2.930565357208252,2.934658419352081,2.914193498968827,2.9264724902323684,82500
2012-07-13,2.9469387531280518,2.9755896175807246,2.9264740172344683,2.9510318174075967,75800
2012-07-16,2.9592185020446777,2.983776308452207,2.946939501256865,2.963311372195218,65800
2012-07-17,2.9674038887023926,2.983775756612823,2.9264742189263164,2.983775756612823,52900
2012-07-18,2.9960546493530273,3.004240583019236,2.9551247858539327,2.97558971760348,81600
2012-07-19,3.0574514865875244,3.06154455426085,3.0042429730117486,3.024707725873752,57300
2012-07-20,3.0369832515716553,3.0533551131568406,3.0042395284012846,3.0247042577987737,48900
2012-07-23,3.0738208293914795,3.0779136982579103,2.9755894394126767,3.041076902619855,113000
2012-07-24,3.0328900814056396,3.082005859593374,3.0124253527313964,3.082005859593374,62000
2012-07-25,2.9878690242767334,3.0369846313466886,2.9755900249252076,3.0328915665068226,94300
2012-07-26,2.9919610023498535,3.049262526855723,2.9755891382053195,2.9796822018254607,62600
2012-07-27,2.987025737762451,3.024054847870223,2.9829112832015925,2.9829112832015925,41900
2012-07-30,2.999366283416748,3.0034807346501613,2.987023322092174,3.0034807346501613,51000
2012-07-31,3.032283306121826,3.044626472579706,3.011711623609327,3.0199403358519215,45800
2012-08-01,3.0569686889648438,3.0569686889648438,3.015825137898358,3.0446257217388615,48200
2012-08-02,3.0034830570220947,3.052855332871996,2.991139889965627,3.040512165815528,56900
2012-08-03,3.0405118465423584,3.052855012302715,3.0199401651923834,3.0322831347647754,20200
2012-08-06,3.044625997543335,3.061083419460763,2.9993679891764358,3.061083419460763,56700
2012-08-07,3.036395788192749,3.0446244950907846,3.0199383743966783,3.028167081294714,44800
2012-08-08,3.073428153991699,3.073428153991699,3.0363990314921754,3.0446277471796317,44000
2012-08-09,3.0528533458709717,3.077539467728544,3.0528533458709717,3.0651963087058296,23800
2012-08-10,3.073428153991699,3.073428153991699,3.0528564628670876,3.0651994383042434,38000
2012-08-13,3.0610830783843994,3.089883661624811,3.0610830783843994,3.073426045353202,55000
2012-08-14,3.0569686889648438,3.065197399178141,3.048739978751547,3.061083142165456,42600
2012-08-15,3.085768461227417,3.0981116213949917,3.0610823370801428,3.0734253010598422,56400
2012-08-16,3.08988356590271,3.1022265324891376,3.065197240354021,3.065197240354021,60800
2012-08-17,3.0775399208068848,3.102226046298772,3.0775399208068848,3.102226046298772,28500
2012-08-20,3.073428153991699,3.0816568696791555,3.069313894242,3.073428153991699,14900
2012-08-21,3.044625997543335,3.0816550987635756,3.028168575625907,3.0734263878048615,65400
2012-08-22,3.0610830783843994,3.073426045353202,3.019939528175185,3.019939528175185,31700
2012-08-23,3.0610830783843994,3.077540498468085,3.0487399152276735,3.077540498468085,29100
2012-08-24,3.0528533458709717,3.0939968823002593,3.0446246385851143,3.0446246385851143,46100
2012-08-27,3.044625997543335,3.061083419460763,3.044625997543335,3.04874025492872,51200
2012-08-28,3.0610830783843994,3.0610830783843994,3.032282495143988,3.0446256583007134,66100
2012-08-29,3.076798439025879,3.080933818225487,3.0354436610541202,3.0354436610541202,66800
2012-08-30,3.064389228820801,3.0726601771865063,3.06025385323543,3.0726601771865063,52300
2012-08-31,3.0519840717315674,3.060255023259497,3.0395775458421537,3.060255023259497,24900
2012-09-04,3.0189013481140137,3.0602561205823338,3.0189013481140137,3.0602561205823338,38000
2012-09-05,3.0395777225494385,3.068526153177642,2.9982229625056127,3.0395777225494385,56000
2012-09-06,3.064389228820801,3.064389228820801,3.0188991114069035,3.0561182804550957,42600
2012-09-07,3.0519840717315674,3.056119448898013,3.0354421686757087,3.047848497370083,24200
2012-09-10,3.068525552749634,3.068525552749634,3.035441751188184,3.0437127015785466,35700
2012-09-11,3.0395777225494385,3.060255201168877,3.0354423451425814,3.0519842491601117,78400
2012-09-12,3.047849655151367,3.05612060982117,3.039578700481565,3.039578700481565,26000
2012-09-13,3.0561206340789795,3.060256210044264,3.0354433458379053,3.0354433458379053,85000
2012-09-14,3.0561206340789795,3.0767981195151695,3.0561206340789795,3.060256210044264,139100
2012-09-17,3.0519840717315674,3.064390400425942,3.043713120203638,3.060255023259497,58900
2012-09-18,3.064389228820801,3.064389228820801,3.0519829048697247,3.0519829048697247,33900
2012-09-19,3.068525552749634,3.068525552749634,3.056119028566584,3.056119028566584,60400
2012-09-20,3.0519840717315674,3.0685259747874265,3.047848497370083,3.047848497370083,51100
2012-09-21,3.068525552749634,3.093338403920721,3.0602546023592714,3.068525552749634,31300
2012-09-24,3.093339443206787,3.0974748211938476,3.0643910085170494,3.0685265836991884,36600
2012-09-25,3.109882354736328,3.114017931255188,3.089204866532313,3.0974758223748906,28500
2012-09-26,3.133988618850708,3.1423015781236576,3.0757979039400616,3.079954284478245,67600
2012-09-27,3.100735902786255,3.133987730452082,3.084109988953341,3.1132052390626765,43300
2012-09-28,3.0841100215911865,3.129831384213812,3.0757970645867574,3.092422978595616,48300
2012-10-01,3.0841100215911865,3.113205272008425,3.0841100215911865,3.092422978595616,42700
2012-10-02,3.096581220626831,3.096581220626831,3.092424838722772,3.092424838722772,25500
2012-10-03,3.0841100215911865,3.096579357999566,3.0841100215911865,3.088266400995137,16500
2012-10-04,3.096581220626831,3.096581220626831,3.0841118767180054,3.0841118767180054,32100
2012-10-05,3.1090497970581055,3.1132061776711883,3.0757979593670965,3.092423878212601,109300
2012-10-08,3.1256778240203857,3.1256778240203857,3.0882693822895444,3.0924259639026244,43200
2012-10-09,3.10489559173584,3.1215217214875075,3.096582625958375,3.1173651395004063,39400
2012-10-10,3.079953193664551,3.1090486399135573,3.0550143246781936,3.1007356835847717,68900
2012-10-11,3.079953193664551,3.0965791063221224,3.0633272810069796,3.079953193664551,39700
2012-10-12,3.0841100215911865,3.092422978595616,3.0674841075823283,3.0757970645867574,21900
2012-10-15,3.113208293914795,3.113208293914795,3.0924259803291614,3.1048953288411973,52300
2012-10-16,3.100735902786255,3.1215183941756597,3.0882663683133065,3.1132052390626765,65500
2012-10-17,3.0882675647735596,3.109050064214545,3.0757982236662507,3.109050064214545,54900
2012-10-18,3.0882675647735596,3.1007371040774716,3.063328684362339,3.067485263529177,49800
2012-10-19,3.075798988342285,3.0965812947533675,3.0633294459383134,3.092424912749812,32400
2012-10-22,3.113208293914795,3.113208293914795,3.0924259803291614,3.100738945402759,35600
2012-10-23,3.0924246311187744,3.096581012743803,3.0674857467787,3.096581012743803,46000
2012-10-24,3.0924246311187744,3.0924246311187744,3.0716421284037283,3.0882680512971112,27400
2012-10-25,3.1173627376556396,3.1173627376556396,3.084110900165433,3.092423859537985,43800
2012-10-26,3.10489559173584,3.1173651395004063,3.0882696601809103,3.1173651395004063,37700
2012-10-31,3.0882675647735596,3.092424143940398,3.046702764088192,3.0757982236662507,73000
2012-11-01,3.0716419219970703,3.0799548828851515,3.0633289611089887,3.0633289611089887,40800
2012-11-02,3.067483901977539,3.0882661939973697,3.034232076188598,3.0757968584247743,59500
2012-11-05,3.113208293914795,3.113208293914795,3.0633305034732086,3.075800050181966,47300
2012-11-06,3.067483901977539,3.0965791504446045,3.063327324655664,3.0965791504446045,32400
2012-11-07,3.0259201526641846,3.07579790837378,3.0259201526641846,3.038389492493292,65100
2012-11-08,3.0259201526641846,3.0425460712340495,3.000981076612804,3.0259201526641846,60700
2012-11-09,3.005138397216797,3.03007728122813,3.0009818174499254,3.0134513585539078,30100
2012-11-12,2.942789316177368,3.030075456758605,2.876285665523669,3.0259190776910048,158900
2012-11-13,2.9136953353881836,2.9843553958421487,2.8762869165269205,2.959416516000173,183200
2012-11-14,2.7973148822784424,2.917852951647324,1.957704779331397,2.90953998818039,551300
2012-11-15,2.7515931129455566,2.7848449623279015,2.6102727530705914,2.7848449623279015,470900
2012-11-16,2.851349115371704,2.8596620784638858,2.689246037779153,2.751593360068852,148900
2012-11-19,2.9178519248962402,2.9427908065214,2.8679741616459213,2.8679741616459213,132900
2012-11-20,2.9178519248962402,2.9511037670631195,2.892913043271081,2.9511037670631195,72500
2012-11-21,2.934478282928467,2.946947824696089,2.9220089393574873,2.9220089393574873,89100
2012-11-23,2.9469478130340576,2.951104194809055,2.91369596604751,2.9261653095691447,22300
2012-11-26,2.9261631965637207,2.9718845522527944,2.9261631965637207,2.9386327292776495,59600
2012-11-27,2.942789316177368,2.942789316177368,2.9261634035139434,2.938632937109768,35000
2012-11-28,2.9670283794403076,2.9670283794403076,2.9377761141043455,2.9377761141043455,31800
2012-11-29,2.9670283794403076,3.0004596536906147,2.9503127423151545,2.9628495697920756,27100
2012-11-30,2.9712088108062744,3.0129979236254907,2.9628509882424314,2.9628509882424314,75700
2012-12-03,2.9712088108062744,3.0004610901466218,2.9503141547635625,2.9712088108062744,30800
2012-12-04,2.958669662475586,2.983743110549746,2.9252383983767065,2.983743110549746,31800
2012-12-05,2.9712088108062744,2.9962822784978043,2.958671977327406,2.9712088108062744,24700
2012-12-06,2.9712088108062744,2.987924455933961,2.958671977327406,2.987924455933961,49100
2012-12-07,2.941953182220459,3.0046368839663087,2.929416561430886,3.0046368839663087,68000
2012-12-10,2.9335970878601074,2.9837439989393304,2.925239269346904,2.925239269346904,34700
2012-12-11,2.9461331367492676,2.975385394182536,2.9335963126592537,2.9628487693585805,75700
2012-12-12,2.9670283794403076,2.9753861980028846,2.933597105190001,2.9419549237525775,42200
2012-12-13,2.962850332260132,2.979565973686934,2.946134690833329,2.958671322270349,52000
2012-12-14,2.9335970878601074,2.9795651893157844,2.9168814508336998,2.975386180426127,64900
2012-12-17,2.9377753734588623,2.983743264330967,2.9335963655980914,2.9335963655980914,49400
2012-12-18,2.975386381149292,2.975386381149292,2.9377762949357082,2.9670285620722594,109900
2012-12-19,2.962850332260132,2.9753869636971517,2.950313501556948,2.958671322270349,34700
2012-12-20,2.9879231452941895,2.9879231452941895,2.9544918697033036,2.9586706795191042,51500
2012-12-21,3.0046372413635254,3.0046372413635254,2.937774724489951,2.937774724489951,59900
2012-12-24,2.9712088108062744,2.987924455933961,2.958671977327406,2.9837454450189353,16900
2012-12-26,2.9795641899108887,3.017174260972087,2.962848558491235,2.9670273667131264,41800
2012-12-27,2.9703238010406494,2.9745250034142883,2.940914583089547,2.9703238010406494,29000
2012-12-28,2.9703238010406494,2.9703238010406494,2.9325119780083617,2.9493171881707325,66300
2012-12-31,2.9661202430725098,2.9787242417028463,2.9325098471699618,2.9451138458002983,44700
2013-01-02,3.0165352821350098,3.0543470707380362,2.9703210964354496,3.0207366810170018,71800
2013-01-03,3.04594349861145,3.0837552751147776,3.0081317221081227,3.0081317221081227,49600
2013-01-04,3.054349660873413,3.062752265429209,3.0249404447611785,3.0249404447611785,85800
2013-01-07,3.04594349861145,3.06695008563189,3.041742101073898,3.0501448961490025,54400
2013-01-08,3.0711514949798584,3.0711514949798584,3.0291385183705346,3.0291385183705346,55300
2013-01-09,3.062751293182373,3.079556496959283,3.0333420864058653,3.0585500924050613,76100
2013-01-10,3.0711514949798584,3.0795540903017233,3.062748899657994,3.0795540903017233,33600
2013-01-11,3.0711514949798584,3.0837554881294933,3.0669502974857634,3.0795540903017233,25200
2013-01-14,3.075355052947998,3.08375765417188,3.066952451724116,3.071153652169149,50100
2013-01-15,3.100562334060669,3.104763533797645,3.071153134566708,3.071153134566708,54300
2013-01-16,3.1257705688476562,3.1257705688476562,3.087958764279455,3.087958764279455,46100
2013-01-17,3.104764461517334,3.1383748707912353,3.1005632605250173,3.1089658628434926,58600
2013-01-18,3.104764461517334,3.1215696661542847,3.1005632605250173,3.1005632605250173,31300
2013-01-22,3.104764461517334,3.1215696661542847,3.0879592568803838,3.1215696661542847,67600
2013-01-23,3.117368459701538,3.117368459701538,3.1005632550940234,3.113167058382739,34900
2013-01-24,3.096360921859741,3.117367521463673,3.096360921859741,3.1089649216888566,49300
2013-01-25,3.1299705505371094,3.1299705505371094,3.096360159710822,3.096360159710822,56700
2013-01-28,3.1299705505371094,3.1425745472638327,3.1089641564375454,3.1131653551239657,43900
2013-01-29,3.1375732421875,3.1460189227324644,3.1122362005526063,3.1122362005526063,45400
2013-01-30,3.1544644832611084,3.1586874240533764,3.1333503833824685,3.1375731228138366,45400
2013-01-31,3.124904155731201,3.1713554895042018,3.124904155731201,3.1713554895042018,24700
2013-02-01,3.133350133895874,3.171355792556563,3.133350133895874,3.150241492998206,52300
2013-02-04,3.124904155731201,3.1544639306551305,3.124904155731201,3.141795513219408,30600
2013-02-05,3.167133092880249,3.167133092880249,3.137573111523443,3.1544644719099324,38900
2013-02-06,3.1291263103485107,3.1629090190191342,3.1249035724450964,3.1629090190191342,51700
2013-02-07,3.171355962753296,3.171355962753296,3.1375730413747243,3.1460187213791437,50600
2013-02-08,3.146019458770752,3.1713567060836705,3.146019458770752,3.1544651407547444,38500
2013-02-11,3.146019458770752,3.1713567060836705,3.13757377678676,3.1544651407547444,53500
2013-02-12,3.1586873531341553,3.167133033168168,3.14179599306613,3.162910092470714,49800
2013-02-13,3.146019458770752,3.150242400443219,3.141796718459227,3.146019458770752,37600
2013-02-14,3.1375732421875,3.1502418636854004,3.129127561642535,3.1375732421875,34000
2013-02-15,3.1502416133880615,3.167132973135915,3.1417959335141346,3.167132973135915,54100
2013-02-19,3.167133092880249,3.167133092880249,3.141796052300515,3.141796052300515,50300
2013-02-20,3.167133092880249,3.167133092880249,3.1544644719099324,3.158687412687004,53700
2013-02-21,3.167133092880249,3.167133092880249,3.137573111523443,3.162910152103177,104200
2013-02-22,3.175579309463501,3.175579309463501,3.1460193231136904,3.1586879462238757,57600
2013-02-25,3.162910223007202,3.1713561047506804,3.158687483496367,3.1713561047506804,23600
2013-02-26,3.1578166484832764,3.174794141024503,3.1493279022126632,3.153572174154132,38800
2013-02-27,3.1493277549743652,3.1747939925956,3.1493277549743652,3.1620607725911496,39500
2013-02-28,3.1535723209381104,3.1705498142695596,3.136594827606661,3.1493280487990907,76900
2013-03-01,3.1790390014648438,3.1790390014648438,3.1450840100966944,3.153572757938732,33400
2013-03-04,3.1747941970825195,3.1747941970825195,3.1493279578210167,3.1663054506620187,16200
2013-03-05,3.1663055419921875,3.1790385607963754,3.162061067465668,3.174794288657541,18000
2013-03-06,3.1705498695373535,3.1705498695373535,3.162061122723656,3.166305597324349,29600
2013-03-07,3.1790390014648438,3.1790390014648438,3.1578172330536067,3.1578172330536067,74100
2013-03-08,3.1747941970825195,3.1747941970825195,3.1620609762579286,3.17054972267843,60400
2013-03-11,3.191772699356079,3.191772699356079,3.1620619762941495,3.1620619762941495,42400
2013-03-12,3.1705498695373535,3.1917718377654403,3.162061122723656,3.166305597324349,57500
2013-03-13,3.183283567428589,3.183283567428589,3.1578173231756863,3.1578173231756863,40500
2013-03-14,3.1705498695373535,3.1832830909517433,3.153572375909959,3.1790386163510505,49300
2013-03-15,3.1578166484832764,3.183282887295116,3.1493279022126632,3.183282887295116,71800
2013-03-18,3.1408393383026123,3.1790385975444253,3.1408393383026123,3.16630557859305,75300
2013-03-19,3.1747941970825195,3.1790384690989306,3.153572229837428,3.153572229837428,39700
2013-03-20,3.1875274181365967,3.1875274181365967,3.1578167044688654,3.1578167044688654,50000
2013-03-21,3.1875274181365967,3.1875274181365967,3.174794197311089,3.1832829437322014,28600
2013-03-22,3.191772699356079,3.191772699356079,3.1747952011457605,3.1790394745044686,35400
2013-03-25,3.191772699356079,3.19601717510253,3.1832839502509196,3.19601717510253,54500
2013-03-26,3.199451208114624,3.216514931617985,3.1866533137792885,3.1909193463629437,40600
2013-03-27,3.1951851844787598,3.2250468024010805,3.1653237699720687,3.1994512170743614,48700
2013-03-28,3.2165133953094482,3.237843141208703,3.1994496799562575,3.212247568178917,48200
2013-04-01,3.2165133953094482,3.2293112835321076,3.1909178222796624,3.1994496799562575,40700
2013-04-02,3.220781087875366,3.225046917207194,3.2079831930486087,3.220781087875366,42600
2013-04-03,3.199451208114624,3.2293128259533206,3.1909193463629437,3.2293128259533206,41200
2013-04-04,3.203716516494751,3.229312095963884,3.203716516494751,3.207982344698481,30000
2013-04-05,3.199451208114624,3.2250467933696654,3.1951851755309693,3.216514931617985,55900
2013-04-08,3.225045919418335,3.2293119508459434,3.203716372527017,3.220780091406301,15600
2013-04-09,3.2165133953094482,3.2293112835321076,3.212247568178917,3.2293112835321076,23600
2013-04-10,3.2335777282714844,3.2335777282714844,3.220780041020017,3.2335777282714844,31500
2013-04-11,3.2335777282714844,3.2591733061899903,3.2293119003261856,3.2335777282714844,46100
2013-04-12,3.2335777282714844,3.246375618938523,3.225045868965316,3.2335777282714844,29600
2013-04-15,3.2335777282714844,3.2549074782446916,3.225045868965316,3.2549074782446916,41500
2013-04-16,3.2634387016296387,3.2634387016296387,3.2293112710551144,3.2293112710551144,46000
2013-04-17,3.225045919418335,3.2591733571769033,3.225045919418335,3.2549075291648695,31800
2013-04-18,3.259171962738037,3.259171962738037,3.2250445395809093,3.2250445395809093,60400
2013-04-19,3.259171962738037,3.276235674316601,3.2293105691832937,3.2293105691832937,36500
2013-04-22,3.267704963684082,3.2847686812425714,3.242109387346348,3.2762368224633267,76300
2013-04-23,3.2933003902435303,3.2933003902435303,3.271970845973259,3.2762366734610935,47400
2013-04-24,3.2975645065307617,3.2975645065307617,3.2719689462182786,3.2719689462182786,50100
2013-04-25,3.3103654384613037,3.3103654384613037,3.280503822208804,3.289035683507287,40900
2013-04-26,3.296645164489746,3.3095058242946314,3.2923581416104497,3.296645164489746,19400
2013-04-29,3.305220603942871,3.309507424478391,3.292359733503109,3.30093357899075,11600
2013-04-30,3.309507131576538,3.3223680008780723,3.2966464666915867,3.2966464666915867,37800
2013-05-01,3.300933837890625,3.300933837890625,3.2966470170188797,3.300933837890625,26200
2013-05-02,3.305220603942871,3.3137944494305116,3.288072912967589,3.292359733503109,28800
2013-05-03,3.305220603942871,3.3137944494305116,3.305220603942871,3.309507424478391,23700
2013-05-06,3.296645164489746,3.322366688516019,3.2880713231476553,3.322366688516019,55500
2013-05-07,3.309507131576538,3.309507131576538,3.2837855973900525,3.2880726219627583,35100
2013-05-08,3.2923595905303955,3.3137943055269825,3.2880727701810333,3.300933435645712,56000
2013-05-09,3.296645164489746,3.3095058242946314,3.296645164489746,3.3095058242946314,25500
2013-05-10,3.296645164489746,3.305219005831837,3.2880713231476553,3.305219005831837,29800
2013-05-13,3.2923595905303955,3.3480896859882487,3.2880727701810333,3.300933435645712,71700
2013-05-14,3.2923595905303955,3.322368150642299,3.2794989250657167,3.2794989250657167,76700
2013-05-15,3.3137965202331543,3.3223703710786237,3.292361790911117,3.3137965202331543,36100
2013-05-16,3.318079948425293,3.322366971669958,3.300932264279673,3.305219287524338,60400
2013-05-17,3.305220603942871,3.3223682949181526,3.30093357899075,3.30093357899075,59400
2013-05-20,3.335226058959961,3.335226058959961,3.305217525494581,3.313791362996631,47400
2013-05-21,3.3137965202331543,3.3395180727695624,3.3137965202331543,3.3395180727695624,31200
2013-05-22,3.309507131576538,3.3266550254507776,3.2966464666915867,3.3137941561492434,22600
2013-05-23,3.2837862968444824,3.305221015440492,3.2794994757752565,3.3009339899546397,33700
2013-05-24,3.249490261077881,3.288072665071743,3.2237687265541677,3.288072665071743,74100
2013-05-28,3.2280545234680176,3.262349889789528,3.20661981730882,3.2537760482091502,73100
2013-05-29,3.1280925273895264,3.201339698182232,3.115166435218305,3.1927223718858393,130900
2013-05-30,3.1625640392303467,3.1927245995853926,3.1108598399225094,3.1108598399225094,42000
2013-05-31,3.072082281112671,3.153947049672094,3.050538845272085,3.145329716426546,122400
2013-06-03,3.0246870517730713,3.0720824905819497,3.0117609482966703,3.0505390532724292,80400
2013-06-04,3.050537347793579,3.067772005824353,2.9902160446858708,3.007450702716645,63600
2013-06-05,3.0376133918762207,3.050539290906091,3.0246872873928905,3.0376133918762207,25300
2013-06-06,3.0333049297332764,3.0333049297332764,2.985909482422402,2.985909482422402,105300
2013-06-07,3.02899432182312,3.050537543013587,3.00745089517931,3.0333028838798763,121700
2013-06-10,3.0031425952911377,3.037612124379182,2.99452526438247,3.0246860252894936,68600
2013-06-11,2.990216016769409,3.003141907445149,2.977289920640341,2.985907249575277,62800
2013-06-12,2.942819833755493,3.0548452860075135,2.9298939464668905,2.998832559881503,122200
2013-06-13,2.990216016769409,3.016068003574217,2.865264644486172,2.8954251930317843,157500
2013-06-14,3.0160698890686035,3.024687223390661,2.9772917818926157,3.024687223390661,65800
2013-06-17,3.0333049297332764,3.046231035528417,3.011761488559202,3.020379029391617,46400
2013-06-18,3.02899432182312,3.050537543013587,3.0160682247461654,3.02899432182312,35600
2013-06-19,3.0160698890686035,3.046230661922534,3.0160698890686035,3.046230661922534,56700
2013-06-20,2.942819833755493,2.9772891404627995,2.8006338408612166,2.804942606926267,169400
2013-06-21,2.942819833755493,2.9729805798510234,2.908350527048187,2.92558518040184,118400
2013-06-24,2.9126594066619873,2.9255852944545,2.8264859310810118,2.9083506404289614,111500
2013-06-25,2.8911170959472656,2.9212778547936007,2.8868083280606345,2.8868083280606345,102400
2013-06-26,2.955249071121216,2.9682485844299378,2.907583706867645,2.9162501179479725,81300
2013-06-27,2.985581874847412,2.985581874847412,2.9335834002100385,2.9335834002100385,46200
2013-06-28,2.9595813751220703,2.98991390903401,2.9422485576362427,2.946581865319441,59500
2013-07-01,2.994246244430542,3.007245957532478,2.942247805269658,2.942247805269658,76800
2013-07-02,2.9769153594970703,3.0245807295786755,2.9682489473571025,2.9769153594970703,45600
2013-07-03,2.963916540145874,2.98558247226839,2.946583711798416,2.9509168155734744,62700
2013-07-05,2.9335827827453613,2.9682484252071366,2.929249680749403,2.942249193360805,102000
2013-07-08,2.9595813751220703,2.9639146828052687,2.911916023724303,2.911916023724303,98900
2013-07-09,2.9379160404205322,2.946582450885698,2.9032501919363454,2.90758350048069,132300
2013-07-10,2.9682469367980957,2.9812466495143997,2.903248786463423,2.903248786463423,51000
2013-07-11,3.02891206741333,3.02891206741333,2.963914117549154,2.989913338819513,85400
2013-07-12,3.0245790481567383,3.050578270123172,3.0115793338617967,3.0115793338617967,47100
2013-07-15,3.05057954788208,3.05057954788208,3.015913904073528,3.024580315025666,52000
2013-07-16,3.054912567138672,3.072245387400219,3.0375797468771246,3.0462461570078982,103600
2013-07-17,3.0722460746765137,3.0809124867460054,3.041913529121511,3.041913529121511,65900
2013-07-18,3.09824538230896,3.102578485131816,3.054913320962565,3.054913320962565,48800
2013-07-19,3.1069116592407227,3.111244761874828,3.0765791143077523,3.0765791143077523,32400
2013-07-22,3.080913543701172,3.0982463737864516,3.0765802328680354,3.085246647910675,32100
2013-07-23,3.111243963241577,3.119910372908743,3.0939111439072455,3.1069108617197467,59100
2013-07-24,3.0852444171905518,3.1329097687734726,3.067911599637396,3.1329097687734726,45200
2013-07-25,3.0722460746765137,3.08524558946897,3.0592463532604945,3.0809124867460054,30600
2013-07-26,3.0722460746765137,3.0809124867460054,3.05491325053753,3.0722460746765137,18100
2013-07-29,3.0626602172851562,3.093155988858694,3.040877345243889,3.0495904525130233,33300
2013-07-30,3.075730323791504,3.09315654144292,3.0539476555956844,3.080086982072808,18400
2013-07-31,3.071375608444214,3.071375608444214,3.040879606456836,3.0583058339533324,19000
2013-08-01,3.049591064453125,3.0670172824881905,3.045234406075906,3.058304173470658,44400
2013-08-02,3.053947687149048,3.0757303555699256,3.0495910288227304,3.0495910288227304,56800
2013-08-05,3.045233964920044,3.071373495922775,3.0278077494094733,3.0539472804122045,82900
2013-08-06,3.0278096199035645,3.049592506617059,3.0147400540650704,3.049592506617059,61600
2013-08-07,3.0190961360931396,3.0495921322004564,3.006026571859274,3.0103830240249034,51500
2013-08-08,3.053947687149048,3.053947687149048,3.014738593159804,3.0365212615806816,34900
2013-08-09,3.049591064453125,3.062660831847877,3.023451737400527,3.062660831847877,33800
2013-08-12,3.0278096199035645,3.040879393479062,3.0190965067655675,3.0278096199035645,40900
2013-08-13,3.0190961360931396,3.0365223602296125,3.0103830240249034,3.0365223602296125,34700
2013-08-14,3.03216552734375,3.036521978962381,3.0103826460397394,3.0278088679881674,75500
2013-08-15,2.992957353591919,3.0365229219928245,2.984244239911738,3.0365229219928245,95100
2013-08-16,3.0016696453094482,3.02345252741349,2.9755303114267733,2.9755303114267733,51300
2013-08-19,2.9711735248565674,3.010382417394045,2.9624604145441347,3.010382417394045,62900
2013-08-20,2.975529432296753,2.975529432296753,2.9406769974171207,2.953746764365432,25300
2013-08-21,2.9450337886810303,2.971173116021542,2.9319640211423206,2.971173116021542,35900
2013-08-22,2.9581027030944824,2.9624593605691683,2.923250274244446,2.9276067239822696,64300
2013-08-23,2.9711735248565674,2.9711735248565674,2.9319644245821532,2.9363208758699013,22000
2013-08-26,2.9711735248565674,2.9973128557938646,2.9450341939192697,2.949390645207018,49100
2013-08-27,2.949390411376953,2.979886398921188,2.9276075334543683,2.979886398921188,104500
2013-08-28,2.9572770595550537,2.9616583110309875,2.935371219994522,2.948514765512755,41400
2013-08-29,2.9704196453094482,2.9704196453094482,2.9266079803442473,2.9485138128268478,61300
2013-08-30,2.9616565704345703,2.974799899318763,2.948513032640932,2.957275321533542,26800
2013-09-03,2.9748008251190186,2.9748008251190186,2.952894991615363,2.952894991615363,24300
2013-09-04,2.9704196453094482,2.9748006864602674,2.952894853977667,2.952894853977667,24400
2013-09-05,2.9485137462615967,2.966038328288244,2.9309891642349495,2.966038328288244,70700
2013-09-06,2.9572770595550537,2.9748016476396515,2.935371219994522,2.939752471470456,58600
2013-09-09,2.9616565704345703,2.979181148219791,2.9441317837399037,2.9660376104261528,49600
2013-09-10,2.9704196453094482,2.979181936520588,2.9397515216157077,2.9748006864602674,69500
2013-09-11,2.9704196453094482,2.987944227731728,2.9485138128268478,2.952894853977667,41900
2013-09-12,2.9616565704345703,2.987943437112402,2.952894072632514,2.987943437112402,82600
2013-09-13,2.9572770595550537,2.987945193157884,2.95289580807912,2.9791828991155853,54600
2013-09-16,2.966038703918457,3.0010878724105092,2.966038703918457,2.983563288164483,50000
2013-09-17,2.9485137462615967,2.9791818692629777,2.922226873221626,2.9572760372749203,55100
2013-09-18,3.0010876655578613,3.0010876655578613,2.9397516249244116,2.9397516249244116,90000
2013-09-19,3.00985050201416,3.0229940461271663,2.996707166810701,3.0054694599161893,64500
2013-09-20,3.0010876655578613,3.0010876655578613,2.9791820412149552,2.987944332734019,75600
2013-09-23,2.99670672416687,3.0010877656177173,2.9748008901840888,2.9791821405444514,57400
2013-09-24,3.0054705142974854,3.022995106656452,2.9748023732144833,2.9748023732144833,72600
2013-09-25,2.99670672416687,3.00546901597808,2.992325473806508,3.0010877656177173,42200
2013-09-26,3.0002307891845703,3.004636515299442,2.982608304878252,2.9958252731462824,26200
2013-09-27,3.0222599506378174,3.0486936854153517,3.000231733284881,3.004637460786128,35600
2013-09-30,3.0090436935424805,3.022260669111608,3.0090436935424805,3.022260669111608,32100
2013-10-01,2.991420269012451,3.0178540018517253,2.9693920532747384,3.0178540018517253,37800
2013-10-02,2.991420269012451,2.9958259961906473,2.942958320435464,2.978203507631131,39400
2013-10-03,2.9826090335845947,2.9870147607758666,2.9429583291696892,2.9870147607758666,58400
2013-10-04,2.9958255290985107,3.0002310455131895,2.9693915903040318,2.9693915903040318,22400
2013-10-07,2.9693922996520996,2.995826244761294,2.9561755371741545,2.9693922996520996,38100
2013-10-08,2.9737980365753174,2.9870150091716012,2.9517698189403947,2.969392309017672,47200
2013-10-09,2.978201150894165,2.982606664509516,2.9517672288961854,2.9517672288961854,45900
2013-10-10,2.9958255290985107,3.0090422884191486,2.9782030432865927,2.9782030432865927,17500
2013-10-11,2.991420269012451,3.0090427575719674,2.982609024732693,2.982609024732693,34400
2013-10-14,2.9958255290985107,3.0046367720044698,2.9782030432865927,2.982608559701271,26900
2013-10-15,2.9826090335845947,3.0002315221964118,2.978203516469958,3.0002315221964118,37500
2013-10-16,3.0002307891845703,3.013447757452601,2.9561745784187745,2.973797062725093,74100
2013-10-17,3.0046370029449463,3.017853763281442,2.9693918185355157,2.9826087889486295,80900
2013-10-18,3.0310702323913574,3.0310702323913574,3.0134477481395017,3.0134477481395017,36200
2013-10-21,3.0398833751678467,3.0398833751678467,3.0222608798977375,3.0354776463119624,41600
2013-10-22,3.0707225799560547,3.083939556202102,3.0442888375406705,3.0442888375406705,57300
2013-10-23,3.0707225799560547,3.0795338274278494,3.053100085012465,3.06191133248426,55700
2013-10-24,3.0839390754699707,3.1103728137647977,3.079533347382494,3.1103728137647977,62700
2013-10-25,3.0927510261535645,3.0971567552447468,3.083939778047925,3.083939778047925,49500
2013-10-28,3.0927510261535645,3.105968003350386,3.083939778047925,3.105968003350386,91400
2013-10-29,3.1104736328125,3.114904608360015,3.0794574378215245,3.1104736328125,68000
2013-10-30,3.0971810817718506,3.1237665139063475,3.0883193414872028,3.1016120575544512,61200
2013-10-31,3.106043815612793,3.1104745812307546,3.0838893536811627,3.0838893536811627,63900
2013-11-01,3.106043815612793,3.106043815612793,3.0661658686481013,3.097181861815655,51900
2013-11-04,3.106043815612793,3.1149055581293235,3.079458376782594,3.1149055581293235,29700
2013-11-05,3.1104736328125,3.1104736328125,3.0705956980070375,3.1104736328125,54800
2013-11-06,3.1149039268493652,3.1149039268493652,3.0883185019419934,3.0971802398176185,43300
2013-11-07,3.106043815612793,3.119336323747285,3.0838893536811627,3.119336323747285,47600
2013-11-08,3.0794551372528076,3.0927478426842274,3.061731670864505,3.0927478426842274,53100
2013-11-11,3.1237664222717285,3.13262816229642,3.083888486520342,3.1016119665697253,114500
2013-11-12,3.083888292312622,3.119335250179118,3.083888292312622,3.1149044860860733,66900
2013-11-13,3.0883188247680664,3.1104732774132113,3.079457085966112,3.1104732774132113,60800
2013-11-14,3.106043815612793,3.1149055581293235,3.092751096197693,3.101612838714224,44100
2013-11-15,3.1149039268493652,3.137058165898179,3.10604218897374,3.137058165898179,47600
2013-11-18,3.1149039268493652,3.132627402600615,3.1016112143956795,3.1016112143956795,56400
2013-11-19,3.101609706878662,3.1104714404470997,3.101609706878662,3.106040679303078,17400
2013-11-20,3.0927515029907227,3.1016132466728483,3.0794587818272166,3.0927515029907227,38200
2013-11-21,3.101609706878662,3.101609706878662,3.0750245061733494,3.083886239741787,61800
2013-11-22,3.106043815612793,3.106043815612793,3.0883201192991243,3.106043815612793,57300
2013-11-25,3.0794551372528076,3.1193330422666814,3.0794551372528076,3.1193330422666814,55100
2013-11-26,3.074998617172241,3.079455026343901,3.0571725554787665,3.070541995497164,47500
2013-11-27,3.0883703231811523,3.1195660602852917,3.0750008733533596,3.0839139107397457,36800
2013-11-29,3.0883703231811523,3.1151094353403117,3.0839139107397457,3.1151094353403117,12200
2013-12-02,3.052717447280884,3.0928262122280468,3.052717447280884,3.088369588343463,61900
2013-12-03,3.0705437660217285,3.0705437660217285,3.048261282308158,3.052717694049456,46300
2013-12-04,3.052717447280884,3.0660871064311124,3.02597834148395,3.0304349653685336,56300
2013-12-05,3.04380464553833,3.0571743057142897,3.03934823381537,3.0571743057142897,45900
2013-12-06,3.052717447280884,3.0571740711654676,3.0304349653685336,3.0304349653685336,22900
2013-12-09,3.048262596130371,3.0571756359580893,3.0393495563026534,3.052719009792414,38900
2013-12-10,3.04380464553833,3.06163071743725,3.04380464553833,3.0571743057142897,41500
2013-12-11,3.0304360389709473,3.0571751542408347,3.0304360389709473,3.0571751542408347,51900
2013-12-12,3.0393478870391846,3.0660869918367504,3.034891263321166,3.034891263321166,44600
2013-12-13,3.0393478870391846,3.0660869918367504,3.034891263321166,3.0660869918367504,36000
2013-12-16,3.0304360389709473,3.0527185287773877,3.0259794135075,3.034892451930796,169800
2013-12-17,3.0393478870391846,3.0482609219717065,3.0170651934561223,3.0170651934561223,69500
2013-12-18,3.04380464553833,3.0571743057142897,3.02152216191645,3.02152216191645,57800
2013-12-19,3.04380464553833,3.0482612697648297,3.02152216191645,3.02152216191645,66800
2013-12-20,3.052717447280884,3.0571740711654676,3.0304349653685336,3.0304349653685336,38900
2013-12-23,3.0883703231811523,3.110653022898905,3.0527181736356064,3.0527181736356064,68300
2013-12-24,3.1106536388397217,3.11956667799098,3.0883709347097685,3.097283973861027,64100
2013-12-26,3.115109443664551,3.11956606862144,3.0928269563908275,3.11956606862144,24200
2013-12-27,3.097181797027588,3.119592749851259,3.0882174586434568,3.097181797027588,56600
2013-12-30,3.1016621589660645,3.1151085513807972,3.083733493262051,3.083733493262051,55200
2013-12-31,3.1106271743774414,3.1106271743774414,3.0882162304665544,3.0882162304665544,30000
2014-01-02,3.097181797027588,3.1016640730829965,3.0837353963147343,3.0926997346988654,43000
2014-01-03,3.0882179737091064,3.1061466534675874,3.070289293950625,3.1061466534675874,143000
2014-01-06,3.1016621589660645,3.1016621589660645,3.0702868871207643,3.074769160410044,93400
2014-01-07,3.106144428253174,3.115108761710445,3.08373370147328,3.088215761338631,33800
2014-01-08,3.106144428253174,3.110626701845094,3.08373370147328,3.0926980349305513,36700
2014-01-09,3.0926973819732666,3.1151081040216133,3.0926973819732666,3.10166171353791,52100
2014-01-10,3.1195907592773438,3.1195907592773438,3.0971798207538273,3.0971798207538273,64300
2014-01-13,3.1106271743774414,3.124073569742693,3.101662839558407,3.1195915091964763,49300
2014-01-14,3.1106271743774414,3.1106271743774414,3.0971805652855893,3.0971805652855893,39700
2014-01-15,3.1375198364257812,3.1375198364257812,3.1106268349036066,3.124073228801405,111900
2014-01-16,3.159930467605591,3.159930467605591,3.133037254997583,3.133037254997583,49400
2014-01-17,3.17337703704834,3.1778593106416757,3.1420019768012644,3.1420019768012644,40700
2014-01-21,3.150967597961426,3.1599319350849675,3.1375209854127855,3.1599319350849675,67600
2014-01-22,3.159930467605591,3.177859133526558,3.142001801684623,3.146483861301587,57000
2014-01-23,3.182342529296875,3.20027120274546,3.1554495191239975,3.16441385584829,34600
2014-01-24,3.155449867248535,3.18234288038838,3.155449867248535,3.1644142049618167,47700
2014-01-27,3.128556489944458,3.1599317751521934,3.119592153274626,3.1599317751521934,61900
2014-01-28,3.124072790145874,3.137519395882193,3.1195907307181328,3.133037122727904,37200
2014-01-29,3.133089303970337,3.1511214559243372,3.1285813734619405,3.142105379947337,44000
2014-01-30,3.1421048641204834,3.15562908334587,3.128580859855269,3.137596934352136,28200
2014-01-31,3.133089303970337,3.146613525415941,3.1285813734619405,3.142105379947337,27700
2014-02-03,3.1285817623138428,3.1466139165090623,3.1195656852162332,3.1195656852162332,49000
2014-02-04,3.1466145515441895,3.1511224835226472,3.1240742467710687,3.1240742467710687,33900
2014-02-05,3.1375973224639893,3.1781697701986733,3.133089177177825,3.151121328402085,32300
2014-02-06,3.155630111694336,3.1601382578919583,3.1421058880617108,3.1421058880617108,27000
2014-02-07,3.1916937828063965,3.1916937828063965,3.1421052593559584,3.1421052593559584,37300
2014-02-10,3.1916937828063965,3.200709858437367,3.1691537012090696,3.1916937828063965,31100
2014-02-11,3.1871869564056396,3.1871869564056396,3.1781708776518016,3.1871869564056396,37800
2014-02-12,3.1871869564056396,3.1962030351594777,3.1781708776518016,3.182678809548584,38800
2014-02-13,3.196202516555786,3.2007104477211286,3.169154284683016,3.182678293139282,33900
2014-02-14,3.2232506275177,3.2232506275177,3.1916942507030948,3.200710327655806,40900
2014-02-18,3.2502987384796143,3.2502987384796143,3.2142344319991,3.2232505086192282,55400
2014-02-19,3.2457900047302246,3.2502981497037715,3.2232499247430413,3.2367739297433147,36400
2014-02-20,3.2502987384796143,3.2502987384796143,3.232266585239357,3.245790592689439,28800
2014-02-21,3.2412831783294678,3.250299256386229,3.2412831783294678,3.250299256386229,65100
2014-02-24,3.2412831783294678,3.2593153344429906,3.2412831783294678,3.250299256386229,47500
2014-02-25,3.2322661876678467,3.2548062689656074,3.2322661876678467,3.2322661876678467,41400
2014-02-26,3.2549335956573486,3.2640002546248432,3.241333715289207,3.241333715289207,40600
2014-02-27,3.259467124938965,3.2685337841615767,3.259467124938965,3.2685337841615767,25900
2014-02-28,3.2730674743652344,3.2776009127087935,3.2458674928025926,3.2458674928025926,45100
2014-03-03,3.2776010036468506,3.2866676644192885,3.264000904405072,3.2866676644192885,46500
2014-03-04,3.2685329914093018,3.2866663054564587,3.2639995548144354,3.2866663054564587,31500
2014-03-05,3.259467124938965,3.273067005689779,3.2549336872445553,3.264000346467167,33800
2014-03-06,3.259467124938965,3.282133664912391,3.2549336872445553,3.264000346467167,43900
2014-03-07,3.232266426086426,3.2639996182021402,3.2277329894035187,3.2639996182021402,42900
2014-03-10,3.2367985248565674,3.2503986140258756,3.2277318707990563,3.2277318707990563,11300
2014-03-11,3.232266426086426,3.241333083286081,3.2277329894035187,3.232266426086426,48100
2014-03-12,3.2367985248565674,3.2458651789140784,3.2367985248565674,3.2367985248565674,11300
2014-03-13,3.2639992237091064,3.2639992237091064,3.2413326915325666,3.2503993476364093,33000
2014-03-14,3.2639992237091064,3.2730658798129486,3.2594660037402514,3.268532659844094,52000
2014-03-17,3.2730674743652344,3.2912010115732335,3.254934153323473,3.254934153323473,40100
2014-03-18,3.2730674743652344,3.2776009127087935,3.268534252187913,3.2730674743652344,23600
2014-03-19,3.2639992237091064,3.3002660642906085,3.2503993476364093,3.3002660642906085,66900
2014-03-20,3.259467124938965,3.264000346467167,3.2458670280219435,3.264000346467167,23200
2014-03-21,3.2639992237091064,3.2730658798129486,3.2458659115014217,3.2458659115014217,42400
2014-03-24,3.2458655834198,3.2685323294713906,3.2413323639091485,3.254932238607214,43100
2014-03-25,3.2639992237091064,3.268532659844094,3.2458659115014217,3.2503993476364093,30100
2014-03-26,3.250399351119995,3.2685326633471137,3.250399351119995,3.2685326633471137,20500
2014-03-27,3.2868688106536865,3.2868688106536865,3.2595162531613617,3.2640749040540142,33100
2014-03-28,3.277752637863159,3.291428813537562,3.2731937677190963,3.2823112906283294,27000
2014-03-31,3.277752637863159,3.295987683681625,3.277752637863159,3.277752637863159,36900
2014-04-01,3.295987844467163,3.300546497454714,3.2823114507467026,3.300546497454714,22100
2014-04-02,3.3005473613739014,3.3005473613739014,3.2914298356333807,3.3005473613739014,14300
2014-04-03,3.2823100090026855,3.314221435414167,3.2823100090026855,3.314221435414167,17200
2014-04-04,3.295987844467163,3.3096642381876236,3.2914289741007083,3.300546497454714,19800
2014-04-07,3.295987844467163,3.3096642381876236,3.2914289741007083,3.2914289741007083,33700
2014-04-08,3.305107831954956,3.305107831954956,3.2959903018033465,3.3005489581896184,22700
2014-04-09,3.309662342071533,3.327897378332634,3.291427088431653,3.291427088431653,38400
2014-04-10,3.309662342071533,3.309662342071533,3.3005446065622035,3.309662342071533,62400
2014-04-11,3.295987844467163,3.305105367821169,3.2914289741007083,3.2914289741007083,36200
2014-04-14,3.3187801837921143,3.3278977028116477,3.3005449283742476,3.3005449283742476,74200
2014-04-15,3.3233392238616943,3.3278980925948227,3.3096630524199604,3.3233392238616943,53400
2014-04-16,3.346133232116699,3.350691883606349,3.3142218021738232,3.3233393225319547,55100
2014-04-17,3.3506925106048584,3.355251380326419,3.3370163361979226,3.3461338582621707,34800
2014-04-21,3.3506925106048584,3.3689275547333546,3.3415749885406103,3.3689275547333546,36900
2014-04-22,3.3506925106048584,3.3598100326691065,3.332457466476362,3.332457466476362,69700
2014-04-23,3.364370346069336,3.364370346069336,3.3461352941160305,3.350693948414874,22200
2014-04-24,3.368928909301758,3.3826053065865294,3.3552527293959464,3.373487780856335,37100
2014-04-25,3.3962810039520264,3.400839874858884,3.373487301554528,3.373487301554528,51100
2014-04-28,3.419196844100952,3.4375303216656525,3.396279887868931,3.4375303216656525,31600
2014-04-29,3.423781633377075,3.432948376253561,3.4008648854620556,3.4008648854620556,43200
2014-04-30,3.4329471588134766,3.451280856617083,3.4054469399365344,3.4054469399365344,21300
2014-05-01,3.419196844100952,3.4375303216656525,3.410030105318602,3.414613365433631,22500
2014-05-02,3.4008638858795166,3.4696145465221475,3.4008638858795166,3.4604478063399515,45100
2014-05-05,3.405447006225586,3.4146137460296693,3.391697005795619,3.3962802664215026,45100
2014-05-06,3.4008638858795166,3.4146138868766474,3.396280406512256,3.396280406512256,18300
2014-05-07,3.423781633377075,3.423781633377075,3.4100316283385412,3.4100316283385412,13500
2014-05-08,3.4375295639038086,3.4421130415607575,3.405445875961899,3.4237793494852062,53700
2014-05-09,3.41461443901062,3.4375314024478834,3.41461443901062,3.4375314024478834,33500
2014-05-12,3.41461443901062,3.423781180675053,3.4008644357901505,3.410031177454584,25400
2014-05-13,3.405447006225586,3.4146137460296693,3.4008637455997026,3.410030485403786,11700
2014-05-14,3.4100310802459717,3.4100310802459717,3.405447600268235,3.4100310802459717,25900
2014-05-15,3.4100310802459717,3.4146143416713546,3.3962808588651145,3.4146143416713546,40400
2014-05-16,3.4421143531799316,3.4421143531799316,3.396280433354384,3.396280433354384,57400
2014-05-19,3.428363561630249,3.44211377899468,3.4237800829913416,3.44211377899468,61600
2014-05-20,3.377946615219116,3.414613572572828,3.3687798758806884,3.4100303121797664,100100
2014-05-21,3.3962810039520264,3.400864484125567,3.3641975169466978,3.3641975169466978,44200
2014-05-22,3.4008638858795166,3.405447146694452,3.3916971456973206,3.3916971456973206,26800
2014-05-23,3.405447006225586,3.4146137460296693,3.3871135266174193,3.3871135266174193,26900
2014-05-27,3.4008638858795166,3.419197366243908,3.396280406512256,3.405447146694452,42700
2014-05-28,3.4331212043762207,3.4331212043762207,3.4008638295099796,3.4100802537198893,47000
2014-05-29,3.4192965030670166,3.433121028806452,3.4192965030670166,3.4285129268055985,35600
2014-05-30,3.4331212043762207,3.4331212043762207,3.414688355956401,3.423904780166311,29700
2014-06-02,3.3962550163269043,3.4192961833876145,3.3962550163269043,3.4192961833876145,64100
2014-06-03,3.405473232269287,3.4239060877284655,3.3870403768101087,3.391648700543388,50900
2014-06-04,3.3962550163269043,3.4146878620807306,3.387038593449991,3.4146878620807306,45100
2014-06-05,3.4146888256073,3.423905251084822,3.396255974652255,3.396255974652255,18200
2014-06-06,3.428514242172241,3.428514242172241,3.4146894913919965,3.428514242172241,15400
2014-06-09,3.42390513420105,3.4331215593639457,3.419297031488056,3.419297031488056,24000
2014-06-10,3.42390513420105,3.437729881813848,3.42390513420105,3.428513456650952,46700
2014-06-11,3.4192965030670166,3.433121028806452,3.4146881813292884,3.4192965030670166,24600
2014-06-12,3.4377284049987793,3.4377284049987793,3.4146872421213468,3.433120084528567,24000
2014-06-13,3.428514242172241,3.4377306694467515,3.4146894913919965,3.4146894913919965,36600
2014-06-16,3.4377284049987793,3.4561612474059995,3.428511983795169,3.428511983795169,52300
2014-06-17,3.428514242172241,3.4561635239957726,3.428514242172241,3.4469470967212623,41700
2014-06-18,3.456160306930542,3.456160306930542,3.437727469539186,3.4423355690186477,20100
2014-06-19,3.456160306930542,3.4607686261467583,3.446943888234864,3.456160306930542,26700
2014-06-20,3.4653778076171875,3.4653778076171875,3.442336643815499,3.442336643815499,31600
2014-06-23,3.4607715606689453,3.4792044136902307,3.4515549144213615,3.4792044136902307,24000
2014-06-24,3.456160306930542,3.4607686261467583,3.437727469539186,3.437727469539186,14900
2014-06-25,3.474595785140991,3.474595785140991,3.456162933739998,3.456162933739998,26800
2014-06-26,3.474595069885254,3.493126225918604,3.4699621704225136,3.493126225918604,29700
2014-06-27,3.4653289318084717,3.4792274070416407,3.460696033094492,3.474594508327661,27400
2014-06-30,3.488492727279663,3.493125404744535,3.4560631013905483,3.4699613546939165,33100
2014-07-01,3.479228973388672,3.5023928146606105,3.474596072588963,3.4931272339700614,43000
2014-07-02,3.4653289318084717,3.474594508327661,3.460696033094492,3.4653289318084717,10300
2014-07-03,3.4653289318084717,3.4977585600800203,3.4375322022509027,3.4792274070416407,47200
2014-07-07,3.4467995166778564,3.4699633592008663,3.442166615627926,3.4467995166778564,48800
2014-07-08,3.4421653747558594,3.4606965304574917,3.4375326962848516,3.4467982741356678,25300
2014-07-09,3.456063747406006,3.465329324976446,3.437532592265126,3.4606964257368285,57500
2014-07-10,3.474595069885254,3.474595069885254,3.4375327578185533,3.4560639138519034,55400
2014-07-11,3.456063747406006,3.479227801786503,3.4421652705959485,3.4745949025468854,30700
2014-07-14,3.4467995166778564,3.460697778009886,3.442166615627926,3.451432196818906,21700
2014-07-15,3.4421653747558594,3.4606965304574917,3.4328997969050428,3.4606965304574917,64100
2014-07-16,3.4375336170196533,3.456064777684811,3.4329007163989336,3.4421662967315125,58500
2014-07-17,3.4375336170196533,3.446799197352232,3.4190024563544954,3.4375336170196533,38300
2014-07-18,3.4375336170196533,3.4375336170196533,3.4143695557337757,3.4329007163989336,28100
2014-07-21,3.4329006671905518,3.4514318275900773,3.423635086990789,3.4329006671905518,37200
2014-07-22,3.42826771736145,3.4514315555808737,3.4190021378919124,3.432900396641799,42400
2014-07-23,3.456063747406006,3.456063747406006,3.423634115455069,3.432899693025509,26000
2014-07-24,3.4375336170196533,3.456064777684811,3.4282680366870744,3.456064777684811,25300
2014-07-25,3.4375336170196533,3.451431877064091,3.4375336170196533,3.446799197352232,20500
2014-07-28,3.4467995166778564,3.451432196818906,3.437533935486876,3.437533935486876,23800
2014-07-29,3.4654273986816406,3.474743054776104,3.4467960864927147,3.4467960864927147,34800
2014-07-30,3.4561126232147217,3.4700859998654927,3.4467969647466017,3.4700859998654927,28300
2014-07-31,3.38158917427063,3.4467988186207292,3.38158917427063,3.4467988186207292,42400
2014-08-01,3.3629586696624756,3.4048792793870857,3.353643003290674,3.4002215572526877,48300
2014-08-04,3.325695276260376,3.376931541142399,3.321037555145441,3.376931541142399,56000
2014-08-05,3.3070642948150635,3.3536426213696173,3.3070642948150635,3.3396692344547416,31500
2014-08-06,3.325695276260376,3.3303532194782677,3.3070639475947234,3.321037555145441,33500
2014-08-07,3.3489861488342285,3.3536438721753807,3.3303548112634926,3.3303548112634926,42600
2014-08-08,3.3629586696624756,3.3722743360342773,3.339669614784474,3.353643003290674,40300
2014-08-11,3.38158917427063,3.38158917427063,3.3629576252105218,3.3629576252105218,13300
2014-08-12,3.3769338130950928,3.400223100647336,3.3676181424948166,3.400223100647336,19700
2014-08-13,3.3769338130950928,3.39090743004706,3.3583024718945405,3.3862494836953685,22900
2014-08-14,3.4002206325531006,3.4048783534208185,3.3909049687147204,3.3909049687147204,24900
2014-08-15,3.4141921997070312,3.4141921997070312,3.3582982464320073,3.4141921997070312,77700
2014-08-18,3.4374828338623047,3.446798496470214,3.400220183430667,3.400220183430667,41500
2014-08-19,3.4467995166778564,3.4467995166778564,3.4188525205821825,3.423510242213304,35000
2014-08-20,3.4654273986816406,3.4700851156774917,3.428164774303789,3.4374804303982516,35400
2014-08-21,3.4747447967529297,3.4794025160838125,3.460771194554537,3.465429135988292,16600
2014-08-22,3.4654273986816406,3.488716427866418,3.456111742587178,3.4700851156774917,27900
2014-08-25,3.4467995166778564,3.479404234404652,3.4467995166778564,3.4654308474083058,14400
2014-08-26,3.4374828338623047,3.465429821686033,3.4374828338623047,3.4421405541148014,12300
2014-08-27,3.442164659500122,3.4655808352482786,3.442164659500122,3.442164659500122,54800
2014-08-28,3.4562156200408936,3.465582048957809,3.4374827622070634,3.4374827622070634,32500
2014-08-29,3.465583324432373,3.465583324432373,3.4515335642294813,3.456216892068233,22300
2014-09-02,3.4562156200408936,3.470265151759626,3.4468491911239783,3.4562156200408936,18300
2014-09-03,3.446848154067993,3.4562145801668245,3.4327984032631402,3.4562145801668245,44600
2014-09-04,3.432797908782959,3.460897183031869,3.432797908782959,3.456214082313641,49100
2014-09-05,3.4608988761901855,3.4608988761901855,3.432799588194401,3.4515324468582573,21700
2014-09-08,3.437483072280884,3.4702654647905407,3.437483072280884,3.4702654647905407,27500
2014-09-09,3.409381866455078,3.446847564441424,3.4046985425501974,3.446847564441424,16600
2014-09-10,3.414067268371582,3.423433699181811,3.4093841646231304,3.423433699181811,17500
2014-09-11,3.409381866455078,3.4234313915433705,3.409381866455078,3.4187482909516644,27700
2014-09-12,3.3531858921051025,3.3953349491409206,3.3204034906891207,3.3812851890245277,228300
2014-09-15,3.3485031127929688,3.3578695460090495,3.339136679576888,3.3578695460090495,58000
2014-09-16,3.3812851905822754,3.390651622893065,3.3250865967175347,3.3250865967175347,36900
2014-09-17,3.3719170093536377,3.3766003347366054,3.3625505819009485,3.3625505819009485,28500
2014-09-18,3.3719170093536377,3.3812834368063274,3.3625505819009485,3.3625505819009485,17500
2014-09-19,3.3578686714172363,3.3906510674783124,3.3578686714172363,3.3859679637467264,25800
2014-09-22,3.3391358852386475,3.357868747214498,3.3391358852386475,3.3438189890759453,41900
2014-09-23,3.3297691345214844,3.348501994698579,3.3250858078205567,3.3391355646100314,24100
2014-09-24,3.3391358852386475,3.3391358852386475,3.3250861271000947,3.329769454250722,22300
2014-09-25,3.3063535690307617,3.3344528645773104,3.3063535690307617,3.329769760309561,44700
2014-09-26,3.2922239303588867,3.306353746078614,3.2828041280743356,3.306353746078614,36400
2014-09-29,3.3063530921936035,3.3110631046972987,3.2875134913503388,3.3110631046972987,53300
2014-09-30,3.3063530921936035,3.315772892615236,3.292223279268276,3.292223279268276,26700
2014-10-01,3.311062812805176,3.33932221157882,3.3063528007166996,3.3063528007166996,112400
2014-10-02,3.325193166732788,3.34403277025988,3.306353563205696,3.306353563205696,72800
2014-10-03,3.3393213748931885,3.3487411721242206,3.3251915667538,3.3251915667538,19300
2014-10-06,3.348743438720703,3.3534532282311984,3.3299038315070537,3.3299038315070537,38000
2014-10-07,3.334611654281616,3.3534512503837735,3.334611654281616,3.3487414636510846,24400
2014-10-08,3.3628718852996826,3.3675818977901786,3.3299026962092366,3.3299026962092366,57100
2014-10-09,3.344031810760498,3.377001219765927,3.344031810760498,3.377001219765927,29700
2014-10-10,3.3581621646881104,3.3770017658561025,3.344032351519236,3.344032351519236,48100
2014-10-13,3.334611654281616,3.344031452332695,3.325191856230538,3.344031452332695,34600
2014-10-14,3.344031810760498,3.362871408881965,3.320482425401527,3.320482425401527,122200
2014-10-15,3.3063530921936035,3.3299027055405634,3.273383678425011,3.3299027055405634,76300
2014-10-16,3.311062812805176,3.3440319990815586,3.273383389854579,3.273383389854579,71300
2014-10-17,3.3157732486724854,3.3581624674145862,3.3157732486724854,3.3581624674145862,26700
2014-10-20,3.353451728820801,3.353451728820801,3.325192330635796,3.3346121300307976,50700
2014-10-21,3.3864216804504395,3.391131468608121,3.3487424768459135,3.3487424768459135,85100
2014-10-22,3.3911304473876953,3.4240998529059836,3.3722908512588736,3.405260256777162,48700
2014-10-23,3.409971237182617,3.4241010515182486,3.386421846070937,3.400551435820789,60700
2014-10-24,3.4335193634033203,3.442939160678796,3.4099697579217896,3.4288095770584235,28900
2014-10-27,3.4288079738616943,3.4429375508755458,3.414678172262265,3.4429375508755458,24600
2014-10-28,3.4523603916168213,3.46178019280406,3.424100988055104,3.433520789242343,50300
2014-10-29,3.46183180809021,3.4713032951865936,3.4476246903546666,3.46183180809021,38400
2014-10-30,3.457097053527832,3.4855115220176076,3.457097053527832,3.476040032521016,21900
2014-10-31,3.46183180809021,3.4807747822829773,3.4570961774510502,3.4807747822829773,24700
2014-11-03,3.4902472496032715,3.4997187393596905,3.457097148364869,3.457097148364869,33000
2014-11-04,3.4902472496032715,3.5139260869033833,3.4855116176341263,3.5044545971469643,37800
2014-11-05,3.471303939819336,3.4997184063851483,3.438153841734941,3.480775428674607,92100
2014-11-06,3.485588788986206,3.4903504041231166,3.442733117468346,3.485588788986206,59900
2014-11-07,3.4665415287017822,3.4903500561268332,3.4665415287017822,3.4903500561268332,18300
2014-11-10,3.452256441116333,3.4713033550406807,3.4474945991066837,3.4474945991066837,15300
2014-11-11,3.461778402328491,3.4808253080231357,3.4332080437865247,3.4332080437865247,54200
2014-11-12,3.4474942684173584,3.485588319669134,3.43797081236869,3.485588319669134,26200
2014-11-13,3.4474942684173584,3.457017951523129,3.4427326539215755,3.4474942684173584,11100
2014-11-14,3.428447723388672,3.4617799366562942,3.4141626513147814,3.457018321650706,78000
2014-11-17,3.433208703994751,3.4522556133521283,3.418923408448183,3.4474937724842487,34200
2014-11-18,3.452256441116333,3.452256441116333,3.418924228220162,3.418924228220162,59700
2014-11-19,3.442734718322754,3.4522581800820697,3.4332112565634376,3.437972873914476,20700
2014-11-20,3.428447723388672,3.442733022519689,3.4141626513147814,3.4379711804569744,35600
2014-11-21,3.428447723388672,3.4522564795879918,3.3951157371781764,3.4522564795879918,91100
2014-11-24,3.4046385288238525,3.428447053312767,3.3903532324848378,3.418923598105785,92900
2014-11-25,3.4094274044036865,3.4190044386950365,3.3902733358209867,3.4142160357166156,74000
2014-11-26,3.4094274044036865,3.4237930700079655,3.3998503701123366,3.4237930700079655,43600
2014-11-28,3.4237914085388184,3.4237914085388184,3.409425749905787,3.41421437889493,24200
2014-12-01,3.4142158031463623,3.428581239437585,3.3998501385206468,3.409427172159626,70000
2014-12-02,3.4094274044036865,3.4190044386950365,3.3998503701123366,3.3998503701123366,33000
2014-12-03,3.4094274044036865,3.4142160357166156,3.4046390014252657,3.4046390014252657,22300
2014-12-04,3.4142158031463623,3.419004205798606,3.404638769507383,3.404638769507383,23200
2014-12-05,3.3998496532440186,3.414215315819255,3.390272620972014,3.404638283547251,70200
2014-12-08,3.385484218597412,3.3998496528364663,3.3806955882947536,3.3950612508682685,106700
2014-12-09,3.385484218597412,3.39027262056561,3.3759071863265557,3.385484218597412,29700
2014-12-10,3.375906229019165,3.399848688739701,3.361540570519327,3.399848688739701,84100
2014-12-11,3.361542224884033,3.3759078904538553,3.3519651906156547,3.3519651906156547,37100
2014-12-12,3.347177743911743,3.3663320475618956,3.3328123015923645,3.3663320475618956,36800
2014-12-15,3.294503688812256,3.3711199793268714,3.284926652497929,3.3567545390226594,69400
2014-12-16,3.22267484664917,3.2801370474955336,3.1747896792772003,3.232251880123564,113600
2014-12-17,3.2609832286834717,3.304079996764835,3.217886460602109,3.2466177915460217,103200
2014-12-18,3.3184452056884766,3.3375992727774975,3.2705600379659248,3.2705600379659248,105900
2014-12-19,3.3902742862701416,3.3998513232463736,3.3184463947811156,3.3280234317573476,64100
2014-12-22,3.3806979656219482,3.4429488333249307,3.34717821493543,3.4094290826384124,40200
2014-12-23,3.3950612545013428,3.4429464159068672,3.3567531253769234,3.3567531253769234,57800
2014-12-24,3.438157796859741,3.4621004918081506,3.375907200995907,3.375907200995907,25400
2014-12-26,3.442946195602417,3.4525232272707145,3.423792132265822,3.4333691639341195,14300
2014-12-29,3.438133955001831,3.47184123392975,3.438133955001831,3.4622106156092096,33100
2014-12-30,3.4236862659454346,3.4622087181150265,3.4188708446182723,3.4573932967878642,20100
2014-12-31,3.418869733810425,3.4429463733997627,3.38997790407033,3.40923912389706,20600
2015-01-02,3.409241199493408,3.414056622187717,3.3803493521635306,3.3947953906344654,36100
2015-01-05,3.3851630687713623,3.4140549015400605,3.3851630687713623,3.4092394812726727,20800
2015-01-06,3.3851630687713623,3.3996088703497733,3.370717037581075,3.3851630687713623,42200
2015-01-07,3.409241199493408,3.418871815270034,3.3947953906344654,3.409241199493408,25500
2015-01-08,3.409241199493408,3.4333178537409683,3.404426006411091,3.404426006411091,22300
2015-01-09,3.418869733810425,3.418869733810425,3.404423933746304,3.418869733810425,17000
2015-01-12,3.4236862659454346,3.4285014576606705,3.4044250398606386,3.4236862659454346,21300
2015-01-13,3.418869733810425,3.4285003437237895,3.40923912389706,3.40923912389706,19400
2015-01-14,3.418869733810425,3.418869733810425,3.375532104006209,3.3996085139836953,57500
2015-01-15,3.4333152770996094,3.4525764941976638,3.409238640921131,3.4525764941976638,51400
2015-01-16,3.495915651321411,3.519992066867682,3.4188705245823914,3.4188705245823914,199000
2015-01-20,3.47183895111084,3.491100175087196,3.47183895111084,3.4862847542871562,37500
2015-01-21,3.4429452419281006,3.481467668921749,3.414053421682864,3.481467668921749,114600
2015-01-22,3.486287832260132,3.491103257311613,3.447765350296699,3.4573959707875574,64600
2015-01-23,3.510359048843384,3.5151744664194537,3.486282420186529,3.486282420186529,32300
2015-01-26,3.500730276107788,3.51036088669028,3.4910996655252964,3.51036088669028,35600
2015-01-27,3.5055437088012695,3.5055437088012695,3.486282268944338,3.4910976863115053,32900
2015-01-28,3.4910218715667725,3.524915370733258,3.4910218715667725,3.505547492009142,34000
2015-01-29,3.4764938354492188,3.5200711311514237,3.4764938354492188,3.4813358598074324,33900
2015-01-30,3.4861767292022705,3.491018752277006,3.4668090986640645,3.481334937007903,20500
2015-02-02,3.495863437652588,3.505547260936036,3.4764957910856915,3.505547260936036,26900
2015-02-03,3.4910218715667725,3.5103895194103143,3.476496020243829,3.5103895194103143,68300
2015-02-04,3.5055458545684814,3.5297555185048606,3.495862035170023,3.495862035170023,34100
2015-02-05,3.5103893280029297,3.5345990019275884,3.4813378578216763,3.5345990019275884,46600
2015-02-06,3.4764938354492188,3.524913155509637,3.4668100176132213,3.524913155509637,53700
2015-02-09,3.4764938354492188,3.4764938354492188,3.452284406299439,3.4619682241354366,34000
2015-02-10,3.471652030944824,3.4861776422124704,3.461968213139584,3.47649382440723,32200
2015-02-11,3.4764938354492188,3.4813358598074324,3.4668100176132213,3.4813358598074324,20500
2015-02-12,3.4910218715667725,3.4910218715667725,3.47165422372323,3.4861798441655996,43500
2015-02-13,3.4861767292022705,3.500702567546109,3.4764929139331677,3.500702567546109,32100
2015-02-17,3.452284812927246,3.4910200888336766,3.452284812927246,3.471652450880461,51800
2015-02-18,3.4571261405944824,3.476493775934922,3.4522843471995848,3.476493775934922,33800
2015-02-19,3.4813361167907715,3.4958617291767973,3.457126454973467,3.457126454973467,30600
2015-02-20,3.4861767292022705,3.491018752277006,3.4716511217388,3.481334937007903,29800
2015-02-23,3.495863437652588,3.500705464734591,3.4764957910856915,3.4910216414511432,34500
2015-02-24,3.520071268081665,3.520071268081665,3.4813359952308773,3.495861607109704,32300
2015-02-25,3.5298101902008057,3.54441640348214,3.510335393930949,3.5200727920658776,29900
2015-02-26,3.51033616065979,3.544417177654968,3.505467344449935,3.544417177654968,38000
2015-02-27,3.5346786975860596,3.559022074724883,3.5005976910022696,3.510335088289372,49900
2015-03-02,3.5200717449188232,3.549283930633599,3.515202931220786,3.549283930633599,25400
2015-03-03,3.51033616065979,3.534679777393194,3.505467344449935,3.5200735609215643,25600
2015-03-04,3.51033616065979,3.524942144973484,3.485992543926386,3.485992543926386,42900
2015-03-05,3.505465507507324,3.515202902666485,3.5005969260066503,3.5005969260066503,15300
2015-03-06,3.4762537479400635,3.5152033333488064,3.461647769490706,3.5005973548994485,38300
2015-03-09,3.505465507507324,3.505465507507324,3.4665159268706804,3.4957281123481634,62800
2015-03-10,3.466514825820923,3.490858422065611,3.456777433754595,3.456777433754595,40700
2015-03-11,3.456777334213257,3.4859895095710454,3.442171362613229,3.466514725999186,31500
2015-03-12,3.456777334213257,3.4908583215428766,3.432433970827299,3.466514725999186,46600
2015-03-13,3.4713845252990723,3.4811219198545027,3.4567783173870272,3.4811219198545027,43000
2015-03-16,3.481121778488159,3.505465147809266,3.461646990168158,3.461646990168158,50800
2015-03-17,3.4762537479400635,3.5005973548994485,3.4713851658428916,3.4713851658428916,28900
2015-03-18,3.4762537479400635,3.490859958547263,3.4713851658428916,3.4713851658428916,8900
2015-03-19,3.456777334213257,3.4859895095710454,3.456777334213257,3.476252117785116,48200
2015-03-20,3.490858554840088,3.495727134979558,3.471383769966711,3.476252350106181,27800
2015-03-23,3.51033616065979,3.51520474471171,3.485992543926386,3.4908613601362406,55600
2015-03-24,3.544414520263672,3.544414520263672,3.5005961358591384,3.5005961358591384,29500
2015-03-25,3.500595808029175,3.5444141883301272,3.4957269959256294,3.5200705921278783,41800
2015-03-26,3.481121778488159,3.5152025419692667,3.4713843843281587,3.4957277536492652,36400
2015-03-27,3.4909141063690186,3.5251866054126673,3.4860179016691317,3.5104984582407863,43500
2015-03-30,3.5007050037384033,3.510497176097881,3.490912831378926,3.490912831378926,28800
2015-03-31,3.5349791049957275,3.5398753101438896,3.495810397666077,3.495810397666077,9100
2015-04-01,3.5056023597717285,3.5300829170852217,3.4958101835391107,3.510498564619986,13800
2015-04-02,3.525186061859131,3.5349782362851454,3.500705742526022,3.500705742526022,28300
2015-04-06,3.5056023597717285,3.5398750933178396,3.5056023597717285,3.5056023597717285,31700
2015-04-07,3.510498523712158,3.520290699830668,3.495810142802447,3.5056023189209564,63600
2015-04-08,3.510498523712158,3.5251866711579756,3.5007063475936486,3.5251866711579756,4200
2015-04-09,3.5056023597717285,3.5251867122369642,3.4958101835391107,3.5251867122369642,11800
2015-04-10,3.5007050037384033,3.5202893484573585,3.4958088008267625,3.5153931455457177,23700
2015-04-13,3.4958102703094482,3.5153946232607916,3.4958102703094482,3.5153946232607916,22000
2015-04-14,3.5056023597717285,3.5153945360043464,3.4958101835391107,3.500706388387368,23300
2015-04-15,3.5007050037384033,3.534977490264673,3.4958088008267625,3.534977490264673,34100
2015-04-16,3.530083417892456,3.530083417892456,3.5056028571059454,3.5104990626488197,45600
2015-04-17,3.5056023597717285,3.534978888469582,3.500706388387368,3.5300829170852217,19700
2015-04-20,3.5153958797454834,3.520292086465289,3.5056036997698574,3.5056036997698574,18800
2015-04-21,3.5349791049957275,3.5398753101438896,3.515394751330902,3.515394751330902,35200
2015-04-22,3.5153958797454834,3.534980239696735,3.5104999064896636,3.520292086465289,35700
2015-04-23,3.5007050037384033,3.525185317905195,3.5007050037384033,3.5153931455457177,69100
2015-04-24,3.510498523712158,3.5300828759491774,3.5007063475936486,3.510498523712158,49400
2015-04-27,3.525186061859131,3.54477041071116,3.5153938874331168,3.5153938874331168,32700
2015-04-28,3.5153400897979736,3.520263648082685,3.500569884480201,3.510416766281443,31900
2015-04-29,3.5104165077209473,3.5104165077209473,3.5054929497988816,3.5054929497988816,15000
2015-04-30,3.505493640899658,3.520264082809654,3.495646757882398,3.515340523916919,20500
2015-05-01,3.495647430419922,3.515341200243383,3.495647430419922,3.510417875171645,21200
2015-05-04,3.4907219409942627,3.52026257741336,3.4857983842070253,3.5153390206261226,35600
2015-05-05,3.4857993125915527,3.5104166335479348,3.4710291078322606,3.495646194020471,34300
2015-05-06,3.456259250640869,3.4808765757449596,3.436565484464881,3.475953016816857,63000
2015-05-07,3.4513356685638428,3.4661058747079556,3.446412110003676,3.446412110003676,14200
2015-05-08,3.47102952003479,3.4857997265481195,3.456259078753261,3.4759528439498335,14000
2015-05-11,3.461181402206421,3.4808751603746644,3.4513345231222994,3.4759516034485456,23100
2015-05-12,3.47102952003479,3.4759528439498335,3.461182637436504,3.461182637436504,26500
2015-05-13,3.46610426902771,3.4759511468182627,3.46610426902771,3.4759511468182627,14300
2015-05-14,3.47102952003479,3.47102952003479,3.461182637436504,3.461182637436504,14600
2015-05-15,3.456259250640869,3.5005703419209477,3.4513359264809775,3.5005703419209477,43600
2015-05-18,3.4857993125915527,3.4857993125915527,3.451335344974424,3.4562586683047973,43800
2015-05-19,3.4857993125915527,3.495646194020471,3.4611822264033423,3.4611822264033423,66200
2015-05-20,3.4759533405303955,3.4858002245354243,3.4759533405303955,3.4858002245354243,25700
2015-05-21,3.4759533405303955,3.500570667927084,3.461183131906969,3.461183131906969,42700
2015-05-22,3.4513356685638428,3.490723197972402,3.446412110003676,3.4759527570600954,83000
2015-05-26,3.4464123249053955,3.4710296497048603,3.4365654419392513,3.451335883772572,73700
2015-05-27,3.4464123249053955,3.4711711284473177,3.441460469750031,3.441460469750031,61700
2015-05-28,3.461265802383423,3.4662176552272133,3.431555393672699,3.44145886324294,38500
2015-05-29,3.461265802383423,3.486024594367696,3.426603776946248,3.426603776946248,35200
2015-06-01,3.451364278793335,3.466219609583237,3.446412659275016,3.4612677539474452,17800
2015-06-02,3.4464123249053955,3.4464123249053955,3.436508850712116,3.4464123249053955,18300
2015-06-03,3.3919436931610107,3.431557596875754,3.372136741303639,3.416702501041471,72900
2015-06-04,3.372133731842041,3.386989050536182,3.367182116355514,3.386989050536182,71200
2015-06-05,3.3473763465881348,3.377086758194156,3.332521022726443,3.377086758194156,148600
2015-06-08,3.3077645301818848,3.347378676007843,3.3077645301818848,3.3325233418084177,72500
2015-06-09,3.302812099456787,3.3275706688933373,3.2929086244586734,3.2929086244586734,76300
2015-06-10,3.322617530822754,3.327569147999898,3.29785873658495,3.29785873658495,42400
2015-06-11,3.3176684379577637,3.3275719166694935,3.307764959246034,3.3275719166694935,67000
2015-06-12,3.3176684379577637,3.3176684379577637,3.307764959246034,3.3176684379577637,17400
2015-06-15,3.3077645301818848,3.32261986438131,3.2978610527547767,3.32261986438131,34400
2015-06-16,3.29290771484375,3.312714659368615,3.29290771484375,3.312714659368615,83400
2015-06-17,3.3127143383026123,3.3176659558952193,3.2929073956974224,3.3028108670000176,44600
2015-06-18,3.3127143383026123,3.3176659558952193,3.3127143383026123,3.3176659558952193,53100
2015-06-19,3.3176684379577637,3.3176684379577637,3.3028133379489475,3.3028133379489475,40800
2015-06-22,3.3176684379577637,3.3176684379577637,3.307764959246034,3.3176684379577637,25700
2015-06-23,3.3176684379577637,3.3176684379577637,3.3028133379489475,3.3127168166606773,34100
2015-06-24,3.3077645301818848,3.317668007608993,3.3028129095270944,3.3028129095270944,45800
2015-06-25,3.302812099456787,3.312715574454901,3.2929086244586734,3.302812099456787,26900
2015-06-26,3.2878670692443848,3.3028120242935604,3.2878670692443848,3.2978302934298345,24200
2015-06-29,3.168307304382324,3.267939512443247,3.168307304382324,3.267939512443247,151000
2015-06-30,3.2131423950195312,3.2430323016382014,3.2031791719939657,3.2031791719939657,69300
2015-07-01,3.22310471534729,3.23804966447098,3.2031782748769753,3.2031782748769753,61700
2015-07-02,3.22310471534729,3.248012884706138,3.22310471534729,3.2330679355824476,29700
2015-07-06,3.233067274093628,3.238049001962894,3.198196129176202,3.198196129176202,28000
2015-07-07,3.243032455444336,3.243032455444336,3.228087501426212,3.2380507249242996,39000
2015-07-08,3.238050937652588,3.2430326684999065,3.208161265194681,3.2131427584999983,73700
2015-07-09,3.238050937652588,3.30281201341572,3.2330692068052698,3.2480141618052234,66400
2015-07-10,3.238050937652588,3.2579773859578594,3.2330692068052698,3.2330692068052698,36400
2015-07-13,3.238050937652588,3.252995892652542,3.2330692068052698,3.238050937652588,38300
2015-07-14,3.252995729446411,3.2579772225018018,3.21314259729334,3.21314259729334,45800
2015-07-15,3.2480132579803467,3.2729214302017375,3.228086815220008,3.2729214302017375,85700
2015-07-16,3.302811861038208,3.302811861038208,3.2430325188803555,3.252995742573331,80100
2015-07-17,3.282886505126953,3.2928497321324435,3.2779047728531734,3.2928497321324435,36100
2015-07-20,3.2779033184051514,3.287866540989831,3.272921825883793,3.282885048468473,66700
2015-07-21,3.2779033184051514,3.282885048468473,3.2529953807144336,3.272921825883793,94100
2015-07-22,3.252995729446411,3.2779036698073427,3.2480139988490313,3.272922176751952,19700
2015-07-23,3.243032455444336,3.2629589024405115,3.2380507249242996,3.2629589024405115,28100
2015-07-24,3.1932132244110107,3.2280845940180467,3.1932132244110107,3.2181213794934322,50900
2015-07-27,3.183253765106201,3.198198723294272,3.178272270738212,3.178272270738212,47100
2015-07-28,3.1932132244110107,3.1981949504442038,3.1782685213949753,3.1832500098863967,30500
2015-07-29,3.208254814147949,3.2132675879228816,3.1631386550055214,3.208254814147949,70100
2015-07-30,3.1731653213500977,3.2032426894394734,3.1430879532607214,3.1982299142747475,95100
2015-07-31,3.208254814147949,3.2132675879228816,3.1731644415889937,3.1831902281724656,33900
2015-08-03,3.1982290744781494,3.2182806479392227,3.1882032877476125,3.193216061596076,41600
2015-08-04,3.1831910610198975,3.2032426394331197,3.1781782859334267,3.188204075140038,40600
2015-08-05,3.203239917755127,3.2082529276158924,3.1731625756909314,3.1731625756909314,19900
2015-08-06,3.1932129859924316,3.193212985992432,3.1831872089184126,3.193212985992432,17800
2015-08-07,3.1831910610198975,3.198229864346649,3.1831910610198975,3.198229864346649,15700
2015-08-10,3.178175449371338,3.1831882199838466,3.1681496691128634,3.1681496691128634,45700
2015-08-11,3.1731653213500977,3.173165321350097,3.1481009674591207,3.1681525461853712,61200
2015-08-12,3.1831910610198975,3.1831910610198975,3.1481009183135935,3.1581267075202044,37500
2015-08-13,3.1831910610198975,3.188204075140038,3.1531136934000643,3.1831910610198975,87300
2015-08-14,3.188202381134033,3.2182797327726935,3.1831893696774856,3.2132667213161454,45100
2015-08-17,3.208254814147949,3.218280600731421,3.178177454397533,3.178177454397533,40800
2015-08-18,3.1932129859924316,3.198225994046132,3.168148662824074,3.168148662824074,50000
2015-08-19,3.163137912750244,3.198228277074969,3.1581251401515984,3.198228277074969,54300
2015-08-20,3.163137912750244,3.1831894812119295,3.1581251401515984,3.168150924382441,101900
2015-08-21,3.14308762550354,3.208255369085082,3.1380748508615395,3.208255369085082,93600
2015-08-24,3.012751579284668,3.208254519206168,3.0127515792846675,3.208254519206168,161900
2015-08-25,3.0277910232543945,3.0678941776232755,3.017765234662174,3.057868389031055,58700
2015-08-26,3.0328025817871094,3.052854149349872,3.007738002816886,3.052854149349872,43600
2015-08-27,3.0580334663391113,3.093357372215551,3.0277559358554873,3.0328023112483025,72400
2015-08-28,3.047943115234375,3.07822066716556,3.0428969768914746,3.063082011512264,51500
2015-08-31,3.0630810260772705,3.0832660542042607,3.052988512013775,3.0580346487332646,40500
2015-09-01,3.0328030586242676,3.047941707284497,3.0126177927031583,3.0126177927031583,56500
2015-09-02,3.012617588043213,3.0378489882621618,3.0025250760805267,3.0277564762994755,55700
2015-09-03,3.0277576446533203,3.0328040228941973,3.012618750555248,3.0277576446533203,67800
2015-09-04,3.0075719356536865,3.027756962822543,3.00252555854922,3.027756962822543,39600
2015-09-08,3.0328030586242676,3.0328030586242676,3.0075716566912423,3.0126177927031583,37000
2015-09-09,3.0176637172698975,3.0428951154230615,3.0075712061335214,3.0428951154230615,32100
2015-09-10,3.0328030586242676,3.037849194636183,3.017664169339556,3.02775668198787,35300
2015-09-11,3.0328030586242676,3.042895571272581,3.0075716566912423,3.0075716566912423,28900
2015-09-14,3.037850856781006,3.042897236178505,3.0277583386106217,3.032804718008121,20100
2015-09-15,3.0328030586242676,3.047941707284497,3.02775668198787,3.042895571272581,47700
2015-09-16,3.022711992263794,3.042897269449884,3.0176658534357337,3.0277583717164704,60600
2015-09-17,3.0428953170776367,3.0479414526680126,3.017663917252372,3.017663917252372,25700
2015-09-18,3.0428953170776367,3.0428953170776367,3.0277564290575856,3.0277564290575856,21000
2015-09-21,3.0277576446533203,3.052989054608588,3.0227112664124434,3.052989054608588,82800
2015-09-22,3.022711992263794,3.022711992263794,2.9974808168742597,3.012619473983057,55200
2015-09-23,3.022711992263794,3.022711992263794,3.007573335154997,3.012619473983057,26700
2015-09-24,2.997479200363159,3.0176642260390465,2.9924328236319435,2.9924328236319435,37000
2015-09-25,3.0025253295898438,3.0176642191243133,2.997479193494678,3.0176642191243133,37300
2015-09-28,2.982203722000122,3.00252536381334,2.982203722000122,2.997445074486575,37500
2015-09-29,2.9212381839752197,2.9822030966304975,2.9212381839752197,2.9771228083690717,64100
2015-09-30,3.002526044845581,3.002526044845581,2.926319991887515,2.93140028236659,36600
2015-10-01,2.9771246910095215,2.997446341412056,2.9568030406069865,2.982204982483564,41900
2015-10-02,2.946641683578491,2.9771241536806374,2.936480860211109,2.951721974135613,25500
2015-10-05,2.9618823528289795,2.9669628848764877,2.9415607091451488,2.9415607091451488,33600
2015-10-06,2.951721429824829,2.9568019616982157,2.941560608331148,2.946641140204535,31200
2015-10-07,2.9771246910095215,2.997446341412056,2.9568030406069865,2.9568030406069865,29200
2015-10-08,3.0177664756774902,3.022846764599177,2.9669623751953225,2.9669623751953225,30600
2015-10-09,3.058411121368408,3.058411121368408,3.012687289396353,3.012687289396353,26600
2015-10-12,3.0787312984466553,3.099052937993916,3.053329370139105,3.058409658899394,47900
2015-10-13,3.0533297061920166,3.06857081640339,3.043168643046996,3.0533297061920166,34600
2015-10-14,3.093972682952881,3.093972682952881,3.043168341277992,3.043168341277992,26000
2015-10-15,3.1396942138671875,3.1396942138671875,3.0888901474135886,3.109211773995028,31000
2015-10-16,3.1701769828796387,3.195579139870239,3.1092120968057047,3.1396945398426714,45500
2015-10-19,3.144775629043579,3.165097261359453,3.1396950998381272,3.1498559159960644,42200
2015-10-20,3.149857759475708,3.154938291654582,3.1396969373710677,3.1396969373710677,9300
2015-10-21,3.1600170135498047,3.1955799943959087,3.1549367261449257,3.1549367261449257,39000
2015-10-22,3.1600170135498047,3.2057408114586545,3.14477590908218,3.149856196487059,46300
2015-10-23,3.1600170135498047,3.1752583602704174,3.1600170135498047,3.1650975432076716,35700
2015-10-26,3.149857759475708,3.160018581580348,3.1346166474453017,3.1498577594757076,32900
2015-10-27,3.129535436630249,3.149857076432805,3.109213796827693,3.1447767876086936,43000
2015-10-28,3.124422550201416,3.134649782614659,3.098854347250081,3.10396808537493,27100
2015-10-29,3.0732858180999756,3.1295354640213606,3.0681720809236266,3.124421970681421,52300
2015-10-30,3.1090805530548096,3.10908055305481,3.0835126023823856,3.0835126023823856,20300
2015-11-02,3.1755588054656982,3.1755588054656982,3.1295361363371788,3.1295361363371788,35400
2015-11-03,3.1448757648468018,3.1602164854500487,3.1193075720595798,3.1448757648468018,28200
2015-11-04,3.160215377807617,3.1806698273336518,3.1448746625812274,3.165329112107262,40200
2015-11-05,3.1499900817871094,3.1653310502430636,3.144876588192739,3.160217312812272,34600
2015-11-06,3.1141953468322754,3.1295360736769857,3.1039681143236493,3.109081608659734,38300
2015-11-09,3.052830934524536,3.1090808209895777,3.03237647468932,3.0937400980313634,71200
2015-11-10,3.0630605220794678,3.078401500682027,3.0272653117344683,3.0272653117344683,42900
2015-11-11,3.088628053665161,3.1090825247090472,3.0835145578224537,3.1090825247090472,28200
2015-11-12,3.0630605220794678,3.093742479284586,3.0477197873134916,3.0835152414950744,27200
2015-11-13,3.0681724548339844,3.0835134243961875,3.0528314852717813,3.0835134243961875,41900
2015-11-16,3.088628053665161,3.0937417933443965,3.0323781363762095,3.0374918760554452,44700
2015-11-17,3.037490129470825,3.0681718183944025,3.027262899829633,3.05794458875321,43200
2015-11-18,3.037490129470825,3.047717359112018,3.027262899829633,3.027262899829633,25400
2015-11-19,3.0323774814605713,3.042604714773695,3.027263986722248,3.0323774814605717,19900
2015-11-20,3.052830934524536,3.063058164442144,3.0272629816487138,3.0272629816487138,40900
2015-11-23,3.0426039695739746,3.0630584311904796,3.027263245279803,3.0477177068963086,42400
2015-11-24,3.047717571258545,3.047717571258545,3.042603834163796,3.042603834163796,28300
2015-11-25,3.0271267890930176,3.0374231286960236,3.021978496549464,3.021978496549464,30400
2015-11-27,3.001383066177368,3.032272056672525,2.9859386936717267,2.996235023836779,30100
2015-11-30,3.0168282985687256,3.021976341957756,3.0013836774337856,3.0013836774337856,28900
2015-12-01,3.021976947784424,3.037421572015604,3.0168289033633466,3.037421572015604,19500
2015-12-02,3.0322725772857666,3.037420865994144,3.0219762453529286,3.0322725772857666,40500
2015-12-03,3.0116806030273438,3.0374215614954982,3.0116806030273438,3.0374215614954982,26900
2015-12-04,2.9962358474731445,3.011680224224296,2.9807912252380504,3.011680224224296,25200
2015-12-07,2.960200071334839,2.9859410397139863,2.960200071334839,2.965348363204295,56500
2015-12-08,2.955051898956299,2.980792868376312,2.955051898956299,2.980792868376312,45600
2015-12-09,2.960200071334839,3.011681762609066,2.9344591029556915,2.9807927478445295,62600
2015-12-10,2.944756507873535,2.9807938275611288,2.934460165889102,2.9704974855766957,29800
2015-12-11,2.8675332069396973,2.9550519648544538,2.857236868038897,2.9550519648544538,114500
2015-12-14,2.8572356700897217,2.867532004673592,2.810902041720316,2.8520873800557967,72200
2015-12-15,2.831494092941284,2.867531378862023,2.810901428267698,2.831494092941284,264000
2015-12-16,2.8829779624938965,2.908718935791031,2.8109035809396805,2.831496261383742,192900
2015-12-17,2.8829779624938965,2.9190152760130617,2.882977962493896,2.9138669831599886,48700
2015-12-18,2.913865566253662,2.9190138566033093,2.882976560607764,2.882976560607764,34500
2015-12-21,2.924161434173584,2.9396060572704044,2.9138651006036898,2.9241614341735844,20700
2015-12-22,2.955051898956299,2.9704965297051222,2.9293111750203633,2.9344592216139196,36800
2015-12-23,2.98594069480896,2.9859406948089595,2.9447551010628445,2.9653480206779217,50300
2015-12-24,2.991088628768921,3.006533256531775,2.949903282046682,2.949903282046682,22200
2015-12-28,2.955051898956299,2.9859411604539456,2.908718497677984,2.980792868376312,103700
2015-12-29,2.975788116455078,3.001709715643628,2.9498667644732186,2.9602353547073004,47900
2015-12-30,2.955051898956299,2.980973506591981,2.9083933513015507,2.980973506591981,111100
2015-12-31,2.97060489654541,2.97060489654541,2.93431469549757,2.955051882608687,96300
2016-01-04,2.9654181003570557,2.970602516584616,2.9291281755904235,2.960233931336068,53200
2016-01-05,2.9446825981140137,2.970604199524061,2.9032082336233067,2.9602356084013843,100100
2016-01-06,2.9498677253723145,2.960236318983894,2.9135775241283994,2.9446833049631387,67800
2016-01-07,2.929128885269165,2.9498660607905305,2.913575880024825,2.9498660607905305,36700
2016-01-08,2.955051898956299,2.955051898956299,2.9083933513015507,2.9498677257532253,72700
2016-01-11,2.9446825981140137,2.9446825981140137,2.918761243910678,2.9446825981140137,33500
2016-01-12,2.892839193344116,2.939497969755045,2.8876550221910535,2.9291293802422467,92300
2016-01-13,2.8409972190856934,2.8772874184165893,2.8358127989498114,2.872102998280708,87800
2016-01-14,2.866917610168457,2.866917610168457,2.8150744196111352,2.85136460355993,54400
2016-01-15,2.8824708461761475,2.882470846176148,2.825443475457823,2.830627894253441,78700
2016-01-19,2.8358123302459717,2.866918351506533,2.815075147543409,2.8254437388946902,99800
2016-01-20,2.7476789951324463,2.835811884150999,2.659545858907215,2.835811884150999,103700
2016-01-21,2.7476789951324463,2.7736003458296636,2.695835799324655,2.7476789951324463,105700
2016-01-22,2.7839672565460205,2.8150730069468857,2.773598673079065,2.773598673079065,41400
2016-01-25,2.8047051429748535,2.8202581457683844,2.783967970721207,2.783967970721207,70600
2016-01-26,2.8565502166748047,2.8772874026914805,2.8150755974346957,2.8202600175422434,55200
2016-01-27,2.8774383068084717,2.8774383068084717,2.8513271528716557,2.8617715646434982,47900
2016-01-28,2.9035496711730957,2.919216415817091,2.8722164308995626,2.877438762119047,75700
2016-01-29,2.9244391918182373,2.9714391878860793,2.893105944111181,2.9035503600135333,43700
2016-02-01,2.934882640838623,2.9662158782231054,2.924438228377129,2.924438228377129,30300
2016-02-02,2.9505491256713867,3.0079935136866673,2.9296603025775414,2.9453267953907183,56300
2016-02-03,2.934882640838623,2.9766602906845994,2.934882640838623,2.9766602906845994,25000
2016-02-04,2.934882640838623,2.9871047031460938,2.924438228377129,2.9557714657616114,62700
2016-02-05,2.929659366607666,2.9453258544157017,2.9296593666076665,2.9296593666076665,45200
2016-02-08,2.9192163944244385,2.9296608077724104,2.89310523654728,2.89310523654728,20900
2016-02-09,2.929659366607666,2.9453258544157017,2.9087705501873966,2.9192149583975313,64500
2016-02-10,2.934882640838623,2.9766602906845994,2.903549403454141,2.913993815915635,101300
2016-02-11,2.887882709503174,2.9505491799372576,2.8722159673874437,2.9087715329812016,89200
2016-02-12,2.95577073097229,2.966215140837358,2.8826598619168156,2.940104240681875,73900
2016-02-16,2.940105438232422,2.960994266470901,2.9244386925463246,2.9557719349040434,59300
2016-02-17,2.9662153720855713,2.971437701932428,2.929660059215143,2.9401044698944645,29300
2016-02-18,2.9871034622192383,3.0236590151554794,2.9609925664199217,2.9609925664199217,44800
2016-02-19,2.9871034622192383,2.9871034622192383,2.966214645974052,2.9871034622192383,33300
2016-02-22,3.0549941062927246,3.0758829353021344,2.9975497020096062,3.0132164482739054,69100
2016-02-23,3.065438985824585,3.096772234091954,3.0288836540199156,3.0288836540199156,55000
2016-02-24,3.1019952297210693,3.128106151018043,2.9975507974894517,2.9975507974894517,90400
2016-02-25,3.091477632522583,3.138795996315528,3.049416753283247,3.138795996315528,58300
2016-02-26,3.170341730117798,3.201887387792776,3.0862197256152553,3.0862197256152553,101200
2016-02-29,3.1335394382476807,3.1650851070042116,3.1230242153288374,3.1440546611665248,36000
2016-03-01,3.170341730117798,3.186114433603986,3.1387958217402185,3.1650839951540006,45400
2016-03-02,3.170341730117798,3.191372168567783,3.1230231182540305,3.191372168567783,53100
2016-03-03,3.1808578968048096,3.186115382632019,3.165084937917828,3.186115382632019,26300
2016-03-04,3.170341730117798,3.2124026070177685,3.159826510892805,3.2124026070177685,66100
2016-03-07,3.175600290298462,3.186115513086098,3.1387968851903905,3.1650850675108253,77100
2016-03-08,3.1545703411102295,3.1808585275672385,3.1545703411102295,3.1808585275672385,64200
2016-03-09,3.191373109817505,3.2018883321438114,3.159827442838585,3.159827442838585,68900
2016-03-10,3.2229197025299072,3.2386924151984955,3.201889251836625,3.2229197025299077,68100
2016-03-11,3.2492058277130127,3.259721047192889,3.2071449497935083,3.2071449497935083,21600
2016-03-14,3.2439491748809814,3.254464397056338,3.217660994091253,3.217660994091253,78600
2016-03-15,3.2386906147003174,3.259721053702064,3.2281753951994436,3.259721053702064,27800
2016-03-16,3.270237684249878,3.2807529082878757,3.2229193014302466,3.2229193014302466,45300
2016-03-17,3.291269302368164,3.296526790504362,3.2492081437646503,3.2492081437646503,50900
2016-03-18,3.3017830848693848,3.343843974369188,3.275494903580669,3.275494903580669,52700
2016-03-21,3.3122987747192383,3.3175562612973803,3.291268327001245,3.291268327001245,39800
2016-03-22,3.3333280086517334,3.354358448711782,3.301782348561661,3.328070273285411,38600
2016-03-23,3.343844175338745,3.349101661490864,3.328071215477004,3.3333289523318146,36000
2016-03-24,3.3122987747192383,3.3438444462962287,3.307041037438384,3.3280714851563773,22800
2016-03-28,3.317556142807007,3.317556142807007,3.29652569584014,3.3070409193235735,30100
2016-03-29,3.3122661113739014,3.3228484207395432,3.2963925211743605,3.2963925211743605,36200
2016-03-30,3.3334288597106934,3.344011163138581,3.312264252854919,3.312264252854919,33500
2016-03-31,3.3016819953918457,3.365176073997103,3.280517386624106,3.3334291608454936,57200
2016-04-01,3.3175556659698486,3.3175556659698486,3.275226447313462,3.2910997781585847,41500
2016-04-04,3.2910993099212646,3.3334287748573206,3.2805170067627527,3.3334287748573206,53000
2016-04-05,3.2593512535095215,3.275224828812526,3.2381866546401286,3.248768954074825,52000
2016-04-06,3.2858080863952637,3.285808086395264,3.2170229938609105,3.2381875989019435,76800
2016-04-07,3.2858080863952637,3.285808086395264,3.2540611788337146,3.259352203942976,64900
2016-04-08,3.2910993099212646,3.301681613079776,3.2646436781759895,3.2910993099212646,57700
2016-04-11,3.2805163860321045,3.306972265073477,3.2540607592926936,3.2540607592926936,124800
2016-04-12,3.306973457336426,3.312264735973149,3.2858088473936364,3.301682178699702,50700
2016-04-13,3.3122661113739014,3.3334307301051846,3.2805189309748193,3.3334307301051846,36800
2016-04-14,3.3281373977661133,3.3281373977661133,3.280516908823507,3.3016815145086653,108300
2016-04-15,3.3334288597106934,3.3334288597106934,3.312264252854919,3.3334288597106934,26200
2016-04-18,3.3810484409332275,3.4022130436697444,3.312263608190529,3.312263608190529,142800
2016-04-19,3.359884262084961,3.3916311701949766,3.354593236884291,3.3757578422909678,35600
2016-04-20,3.3651764392852783,3.3863410503504254,3.3598851603679587,3.3757587448178517,29600
2016-04-21,3.34930157661438,3.3810484810962733,3.344010552018382,3.3810484810962733,46800
2016-04-22,3.3704676628112793,3.3757589420377276,3.3334297174344587,3.3334297174344587,31900
2016-04-25,3.359884262084961,3.359884262084961,3.344010934180952,3.359884262084961,26400
2016-04-26,3.3810484409332275,3.3863397177683394,3.3545928136635634,3.365175115031822,49500
2016-04-27,3.3970236778259277,3.4023480342301338,3.3331298776270972,3.3331298776270972,37600
2016-04-28,3.3810484409332275,3.407670971558329,3.365075125671181,3.365075125671181,39500
2016-04-29,3.4183216094970703,3.41832160949707,3.381050099120902,3.3863747094138086,26300
2016-05-02,3.4023478031158447,3.428970345002641,3.402347803115845,3.428970345002641,33700
2016-05-03,3.407672166824341,3.407672166824341,3.3916985920681775,3.3916985920681775,12500
2016-05-04,3.4023478031158447,3.418321379026198,3.3916988371394017,3.412996769092288,36000
2016-05-05,3.4129953384399414,3.423644299952575,3.402346376927308,3.418319946141893,39300
2016-05-06,3.428969383239746,3.434293737788896,3.397022494270931,3.4023468488200814,22200
2016-05-09,3.4129953384399414,3.434293261465209,3.3970220231166257,3.434293261465209,73200
2016-05-10,3.428969383239746,3.439618346229351,3.4236447747992913,3.434293737788896,39600
2016-05-11,3.4183216094970703,3.434294932593004,3.402348032509743,3.41832160949707,29600
2016-05-12,3.4183216094970703,3.4502685095803316,3.4076726428026496,3.4289705761914906,77300
2016-05-13,3.407672166824341,3.42897009723832,3.407672166824341,3.42897009723832,47600
2016-05-16,3.455590009689331,3.455590009689331,3.4129941781201536,3.4129941781201536,78600
2016-05-17,3.4129953384399414,3.4609157921924276,3.4076709846292594,3.4609157921924276,52500
2016-05-18,3.4023478031158447,3.434294701045175,3.402347803115845,3.4236457350687317,49400
2016-05-19,3.3970236778259277,3.418321611225538,3.391699067530329,3.3970236778259277,47800
2016-05-20,3.4183216094970703,3.434294932593004,3.402348032509743,3.4289705761914906,56400
2016-05-23,3.4715657234191895,3.4822146879064033,3.4289698654703336,3.4342942207682703,89600
2016-05-24,3.4662415981292725,3.4715659537805155,3.4609169885866726,3.4715659537805155,36100
2016-05-25,3.514160633087158,3.5407831640668896,3.466240432771422,3.471564786632605,66900
2016-05-26,3.5623738765716553,3.562373876571655,3.5141612167417833,3.5141612167417833,48800
2016-05-27,3.551659345626831,3.583801027954389,3.5195176632992733,3.562373239736017,31900
2016-05-31,3.551659345626831,3.5998717413984753,3.53558837674336,3.540945451517645,24700
2016-06-01,3.551659345626831,3.5784439531801033,3.5248744826341736,3.551659345626831,26100
2016-06-02,3.567732572555542,3.578446474212723,3.557018670898361,3.567732572555542,23700
2016-06-03,3.5570173263549805,3.5838021980931023,3.5355895311402703,3.573088300485747,28600
2016-06-06,3.573090076446533,3.583803979379103,3.5570190943278814,3.573090076446533,37300
2016-06-07,3.626657724380493,3.63737162179836,3.5891589556982297,3.599872853116096,39100
2016-06-08,3.6052298545837402,3.642728622486319,3.6052298545837407,3.632014725291219,33700
2016-06-09,3.6587984561920166,3.6695123507974636,3.610585802747807,3.610585802747807,28900
2016-06-10,3.6534416675567627,3.6855833516453713,3.6534416675567627,3.6641555622529656,25300
2016-06-13,3.6052298545837402,3.6534425196814184,3.6052298545837407,3.6534425196814184,48200
2016-06-14,3.6052298545837402,3.6213008280961194,3.589158881071362,3.61594375177884,44600
2016-06-15,3.6212995052337646,3.6534411850776936,3.6212995052337646,3.6373702174360467,54300
2016-06-16,3.63737154006958,3.6534425135550093,3.6159437457153123,3.6427286163778754,75400
2016-06-17,3.6695125102996826,3.67486958555496,3.6320140052703738,3.6320140052703738,45200
2016-06-20,3.701655387878418,3.74451098196751,3.6855846678147537,3.6962985663370267,64900
2016-06-21,3.6480867862701416,3.7177272713935454,3.642729963420408,3.7177272713935454,64200
2016-06-22,3.63737154006958,3.6962981022635444,3.626657642892446,3.6748703079092766,50200
2016-06-23,3.6695125102996826,3.7070112707683993,3.64808472015739,3.6641556904838133,50800
2016-06-24,3.6480867862701416,3.6802284896872006,3.6159450828530826,3.6159450828530826,72200
2016-06-27,3.63737154006958,3.6480854372467135,3.589158875052749,3.632014719200742,76700
2016-06-28,3.6912593841552734,3.6912593841552734,3.6481498260205396,3.658927215554223,38300
2016-06-29,3.680481195449829,3.7397569534906956,3.6589264210628194,3.6858700175231713,79200
2016-06-30,3.707425355911255,3.7289801335773376,3.691259144185084,3.7020365330181253,103900
2016-07-01,3.7505342960357666,3.7667002481569853,3.7074247477749465,3.750534296035766,39900
2016-07-05,3.7128119468688965,3.739755533095817,3.6643138513947546,3.7235893299690486,148400
2016-07-06,3.734369993209839,3.7397588179698116,3.68587185513662,3.7289814254031732,66000
2016-07-07,3.739757537841797,3.739757537841797,3.7128139371714064,3.739757537841797,61300
2016-07-08,3.734369993209839,3.7613136031030883,3.7074266402698965,3.7289814254031732,69800
2016-07-11,3.7505342960357666,3.7720890701661762,3.734368086961371,3.734368086961371,116700
2016-07-12,3.745143413543701,3.7505322325881,3.7343660324079377,3.7505322325881,86300
2016-07-13,3.7613120079040527,3.7828667838957966,3.7397572319123094,3.76670057342539,70900
2016-07-14,3.76669979095459,3.793643383823774,3.7397564550385507,3.7505338407955953,67400
2016-07-15,3.755922555923462,3.788254971445247,3.7397566051157245,3.788254971445247,41100
2016-07-18,3.782865524291992,3.79903172937944,3.7505333710702113,3.7505333710702113,153400
2016-07-19,3.76669979095459,3.7882548194218244,3.7559224051975453,3.7828659980667294,90300
2016-07-20,3.777479410171509,3.788256801567654,3.7559243704259386,3.7559243704259386,75600
2016-07-21,3.755922555923462,3.788254971445247,3.750533991305268,3.782866149873898,47300
2016-07-22,3.79903244972229,3.79903244972229,3.7613114686679645,3.7613114686679645,41300
2016-07-25,3.788254499435425,3.7936430633822136,3.772088293688813,3.7936430633822136,38600
2016-07-26,3.782865524291992,3.793642908699253,3.7828655242919926,3.793642908699253,42900
2016-07-27,3.777446746826172,3.8045447473308327,3.777446746826172,3.777446746826172,35400
2016-07-28,3.7937049865722656,3.7937049865722656,3.7503483995024,3.7557678436733113,33100
2016-07-29,3.7937049865722656,3.7991246891688206,3.777446137208244,3.7882852839757106,27600
2016-08-01,3.7828664779663086,3.8045447751583237,3.744929328667438,3.7882859230514687,65200
2016-08-02,3.7395102977752686,3.788286342646957,3.7178319981821364,3.772027747164966,45300
2016-08-03,3.7449288368225098,3.7774462783398137,3.7449288368225093,3.7557679839949443,32600
2016-08-04,3.723249673843384,3.7720259539526593,3.723249673843384,3.739508520021673,32800
2016-08-05,3.717830181121826,3.7395084701198646,3.717830181121826,3.73408876865756,40800
2016-08-08,3.7286717891693115,3.7395109408298017,3.712412932465696,3.712412932465696,16600
2016-08-09,3.7395102977752686,3.739510297775268,3.7232514438675612,3.7232514438675612,31000
2016-08-10,3.723249673843384,3.7774453970616935,3.717830230734349,3.739508520021673,59000
2016-08-11,3.755770206451416,3.761189912457542,3.7449310528649717,3.750350758871097,43700
2016-08-12,3.750347137451172,3.7611862805710947,3.7449274366784318,3.7449274366784318,87200
2016-08-15,3.76118803024292,3.7937054747295207,3.7503488820807203,3.7937054747295207,57300
2016-08-16,3.7937049865722656,3.7937049865722656,3.7503483995024,3.7611875462698663,50000
2016-08-17,3.750347137451172,3.7937037099308637,3.7449274366784318,3.7937037099308637,59900
2016-08-18,3.76118803024292,3.788285771435582,3.73950973391852,3.7611880302429204,40700
2016-08-19,3.7449288368225098,3.7828659811388574,3.7449288368225093,3.7828659811388574,27500
2016-08-22,3.696153163909912,3.728670608595693,3.6094397196554855,3.7124117570399635,175000
2016-08-23,3.7340893745422363,3.739509076883929,3.7015719357689747,3.7124110820267284,116300
2016-08-24,3.76118803024292,3.777446623273382,3.7449291787867818,3.755768326948982,62600
2016-08-25,3.755770206451416,3.78828766721075,3.750350758871097,3.782868219630431,48000
2016-08-26,3.7286717891693115,3.7774478424286375,3.723252084126186,3.7449303874471664,30700
2016-08-29,3.7188704013824463,3.7678746337862146,3.713425630911653,3.7678746337862146,150800
2016-08-30,3.724313974380493,3.7624281316641848,3.7188689464066953,3.7188689464066953,31200
2016-08-31,3.724313974380493,3.74064853903544,3.6807547891230037,3.74064853903544,71900
2016-09-01,3.7079782485961914,3.740647629596619,3.691643687912558,3.7297578359298096,31900
2016-09-02,3.751539707183838,3.756984737148733,3.729760106590897,3.729760106590897,27400
2016-09-06,3.7406487464904785,3.7624283403271117,3.729758949572162,3.7352039778479393,51500
2016-09-07,3.7406487464904785,3.7624283403271117,3.729758949572162,3.7352039778479393,57300
2016-09-08,3.751539707183838,3.756984737148733,3.729760106590897,3.735205136555792,21400
2016-09-09,3.6916441917419434,3.735203372354064,3.680754396588913,3.7297583449609504,49800
2016-09-12,3.697089910507202,3.7243145352093876,3.658975487850796,3.6916451413467235,35900
2016-09-13,3.6263070106506348,3.6807562738187585,3.6045274092367166,3.6644214429416557,53000
2016-09-14,3.653531074523926,3.6698656432295227,3.6154166481553864,3.6426412755090984,11400
2016-09-15,3.6644225120544434,3.6916471515814235,3.6535327081703315,3.6807573476973126,41000
2016-09-16,3.6480844020843506,3.6698639903043695,3.609970252515904,3.6154150197543227,62900
2016-09-19,3.65897798538208,3.686202628667158,3.6480881799947364,3.653533212505128,23900
2016-09-20,3.67531156539917,3.702536199366578,3.631752358757997,3.6644217637388765,61900
2016-09-21,3.7352027893066406,3.7352027893066406,3.6589739755011896,3.6807538220407157,35700
2016-09-22,3.756985902786255,3.7569859027862553,3.7406510674568656,3.7569859027862553,41600
2016-09-23,3.7460947036743164,3.762429273285607,3.72431510443706,3.762429273285607,10700
2016-09-26,3.724313974380493,3.746093567009238,3.7188689464066953,3.74064853903544,19000
2016-09-27,3.729759931564331,3.7460947610591506,3.724315161488262,3.7460947610591506,19400
2016-09-28,3.7199130058288574,3.741794825557697,3.7199130058288574,3.741794825557697,42100
2016-09-29,3.714442729949951,3.7363245515019363,3.7144427299499516,3.7308542265398845,43000
2016-09-30,3.7199130058288574,3.736324240199554,3.7199130058288574,3.725383330335134,40400
2016-10-03,3.698033094406128,3.7253852527558524,3.698033094406128,3.7199149254267083,45300
2016-10-04,3.659738779067993,3.7089730160979983,3.6159751287532917,3.698032103519323,123400
2016-10-05,3.665208101272583,3.687089920437947,3.6542671916899017,3.6761490108552652,34500
2016-10-06,3.626913070678711,3.6652061029138827,3.6269130706787105,3.654265199296445,50400
2016-10-07,3.632384777069092,3.6597371769678584,3.6269144536004294,3.6269144536004294,23800
2016-10-10,3.648796558380127,3.681619284349065,3.6269147410675013,3.6269147410675013,22400
2016-10-11,3.621445417404175,3.6597387414620184,3.621445417404175,3.648797828995767,47900
2016-10-12,3.6378564834594727,3.643326808615417,3.6105040751240587,3.6214449862878446,13100
2016-10-13,3.665208101272583,3.6706786864898544,3.6269150481591272,3.6269150481591272,49500
2016-10-14,3.6816210746765137,3.6816210746765137,3.643327745331921,3.6816210746765137,36900
2016-10-17,3.665208101272583,3.6652081012725835,3.648796867324491,3.6597377769071726,37400
2016-10-18,3.648796558380127,3.665207790938677,3.637855649723814,3.6542668822823643,67300
2016-10-19,3.654266357421875,3.676148171591626,3.6487960343053376,3.676148171591626,61300
2016-10-20,3.665208101272583,3.7199129100378525,3.6269150481591272,3.648796867324491,86100
2016-10-21,3.665208101272583,3.681619596072536,3.648796867324491,3.648796867324491,26900
2016-10-24,3.6870899200439453,3.6870899200439453,3.6706786860976064,3.6870899200439453,18000
2016-10-25,3.659738779067993,3.687090930088716,3.632386367195339,3.687090930088716,42700
2016-10-26,3.659738779067993,3.6706796916466686,3.659738779067993,3.659738779067993,12600
2016-10-27,3.6498429775238037,3.677326840279524,3.633352869554804,3.660836470204984,14200
2016-10-28,3.633352279663086,3.64984238495484,3.6333522796630855,3.6333522796630855,22100
2016-10-31,3.6498429775238037,3.666333347598344,3.638849484842624,3.644346362235984,29600
2016-11-01,3.6168620586395264,3.64434591804538,3.5948750759570465,3.64434591804538,32800
2016-11-02,3.5618953704833984,3.6003727295327512,3.550901876770093,3.6003727295327512,43100
2016-11-03,3.5344128608703613,3.572890234678788,3.52891624295811,3.550903238818449,35200
2016-11-04,3.545405387878418,3.5673923777175403,3.5234183980392952,3.528915276551873,30300
2016-11-07,3.5838825702667236,3.5838825702667236,3.5618955815373115,3.5728890759020175,38600
2016-11-08,3.567392349243164,3.600373095844194,3.5124248750840996,3.5893796010123813,117700
2016-11-09,3.545405387878418,3.5618957613105566,3.5179217816323116,3.528915276551873,75400
2016-11-10,3.462953805923462,3.5454048748361893,3.4244764482201147,3.5454048748361893,82100
2016-11-11,3.468449831008911,3.473946707790177,3.407985496942542,3.407985496942542,130400
2016-11-14,3.4409663677215576,3.4684499663840507,3.407985629957732,3.4684499663840507,56800
2016-11-15,3.484940767288208,3.5014308761088504,3.4244764233662255,3.4244764233662255,56800
2016-11-16,3.501431465148926,3.528915333947635,3.4684509798538334,3.4959348486525426,55000
2016-11-17,3.484940767288208,3.5069277537861003,3.462953780790315,3.495934260537154,61900
2016-11-18,3.512425422668457,3.523418919214147,3.4904384295770763,3.4904384295770763,24700
2016-11-21,3.539909839630127,3.5509033378669477,3.5179228431564846,3.523419461222059,28100
2016-11-22,3.567392349243164,3.567392349243164,3.5399087432164276,3.5399087432164276,28400
2016-11-23,3.5563976764678955,3.567391167658464,3.539907570734794,3.539907570734794,15800
2016-11-25,3.572890281677246,3.572890281677246,3.5563999035122413,3.572890281677246,17700
2016-11-28,3.607137680053711,3.623709374343919,3.601613606355421,3.623709374343919,30600
2016-11-29,3.6181859970092773,3.618185997009278,3.607138111693011,3.607138111693011,15300
2016-11-30,3.607137680053711,3.6458051423324163,3.5960897960594624,3.6458051423324163,34900
2016-12-01,3.540850877761841,3.5960905730711246,3.540850877761841,3.5960905730711246,41900
2016-12-02,3.5574214458465576,3.5739931372274807,3.5077058448992164,3.546373563791847,45400
2016-12-05,3.5353269577026367,3.5684706158289337,3.529802882980397,3.551898655064595,50300
2016-12-06,3.5574214458465576,3.56294525517277,3.535325681737136,3.535325681737136,58100
2016-12-07,3.6016135215759277,3.6016135215759277,3.557421986639171,3.557421986639171,32800
2016-12-08,3.5850400924682617,3.6016120429672465,3.5574205261729097,3.5905641637686623,82500
2016-12-09,3.6126596927642822,3.6126596927642822,3.5795160572731293,3.6071358852168567,44100
2016-12-12,3.6181859970092773,3.6402817676418113,3.5905661520174292,3.6126619226499628,84300
2016-12-13,3.651329278945923,3.6623771631305355,3.6292335105766984,3.6292335105766984,40100
2016-12-14,3.645805597305298,3.667901368051204,3.634757711932344,3.667901368051204,56500
2016-12-15,3.651329278945923,3.6623771631305355,3.6402813947613106,3.645805205152449,38700
2016-12-16,3.6679012775421143,3.6844732368937967,3.6458055073414424,3.6458055073414424,59800
2016-12-19,3.6789493560791016,3.6955213163021265,3.6734255449396747,3.6734255449396747,27200
2016-12-20,3.701044797897339,3.7010447978973393,3.673425217854731,3.673425217854731,37100
2016-12-21,3.6899960041046143,3.706567958769266,3.684472194817919,3.684472194817919,39300
2016-12-22,3.701044797897339,3.70656887194727,3.673425217854731,3.70656887194727,34300
2016-12-23,3.684473991394043,3.7065697661194497,3.6679020286487827,3.7065697661194497,33400
2016-12-27,3.6789493560791016,3.701045127441554,3.6789493560791016,3.6789493560791016,42300
2016-12-28,3.685609817504883,3.6911605618550776,3.668958113802414,3.668958113802414,28200
2016-12-29,3.7078113555908203,3.7189125768927034,3.6856089129870546,3.691159655974993,29700
2016-12-30,3.7078113555908203,3.7244633198806416,3.7022608772768755,3.7078113555908203,45000
2017-01-03,3.7078113555908203,3.7133620985787585,3.7078113555908203,3.7133620985787585,22200
2017-01-04,3.7300143241882324,3.741115547055571,3.7022613993569005,3.7022613993569005,86700
2017-01-05,3.7355663776397705,3.74111685868241,3.7244651508803672,3.73556637763977,27500
2017-01-06,3.785519599914551,3.8077220391783584,3.730013237081078,3.7355639792340067,101700
2017-01-09,3.7744195461273193,3.80217247144244,3.768868802259874,3.779970025320729,58000
2017-01-10,3.7799699306488037,3.796621897160045,3.763318228811592,3.796621897160045,45400
2017-01-11,3.7688682079315186,3.7910706505520344,3.7577669866212604,3.7910706505520344,23000
2017-01-12,3.7799699306488037,3.8132735989972573,3.763318228811592,3.763318228811592,39900
2017-01-13,3.7910702228546143,3.8021714429124653,3.763317305046969,3.7966209652205216,39300
2017-01-17,3.8077216148376465,3.8132720916980642,3.779968436513784,3.8132720916980642,65700
2017-01-18,3.7910702228546143,3.8077221852783727,3.7910702228546143,3.7966209652205216,27500
2017-01-19,3.7633180618286133,3.8021722075074553,3.75221683953837,3.791070985217212,32700
2017-01-20,3.7799699306488037,3.779969930648804,3.7577674850831686,3.7577674850831686,42100
2017-01-23,3.7744195461273193,3.7910712483815847,3.768868802259874,3.7744195461273193,38300
2017-01-24,3.7744195461273193,3.7855207691881745,3.7633183230664637,3.7633183230664637,45400
2017-01-25,3.7799699306488037,3.8132735989972573,3.779969930648804,3.7910711534316217,115200
2017-01-26,3.8188235759735107,3.8188235759735103,3.774418693757954,3.774418693757954,93500
2017-01-27,3.8199403285980225,3.8310934285653246,3.8087872286307194,3.8310934285653246,45800
2017-01-30,3.8087856769561768,3.8087856769561763,3.792056166776155,3.8087856769561763,30000
2017-01-31,3.8422446250915527,3.8422446250915527,3.803208927499647,3.803208927499647,34900
2017-02-01,3.8310916423797607,3.8422447371471105,3.814362133184114,3.831091642379761,33600
2017-02-02,3.825514316558838,3.8366674086690686,3.814361224448607,3.8366674086690686,34800
2017-02-03,3.8422446250915527,3.8478213052679657,3.8255151163838064,3.836668210825886,36000
2017-02-06,3.8032093048095703,3.847821687003808,3.8032093048095708,3.842245006274142,44700
2017-02-07,3.8143632411956787,3.8310927552509826,3.8087865592366903,3.8199396572438364,53800
2017-02-08,3.8366687297821045,3.836668729782104,3.8032094419300884,3.8143625378807604,44600
2017-02-09,3.8533990383148193,3.8589757203997874,3.8310928417966226,3.8366695238815907,36500
2017-02-10,3.8812825679779053,3.8812825679779057,3.8422465845676097,3.8757058849574855,56900
2017-02-13,3.8980135917663574,3.8980135917663574,3.8812840680610425,3.8980135917663574,29500
2017-02-14,3.8980135917663574,3.914743381382657,3.8478247547394284,3.8924371725015807,87200
2017-02-15,3.847822666168213,3.8868583775662926,3.847822666168213,3.8868583775662926,81800
2017-02-16,3.8645517826080322,3.881281561419768,3.8366691724695565,3.8366691724695565,47000
2017-02-17,3.858976364135742,3.886858981479314,3.8422465810008934,3.886858981479314,36900
2017-02-21,3.886857748031616,3.8924344292771664,3.853398458290705,3.8589751395362555,39900
2017-02-22,3.8812825679779053,3.8868589850874438,3.8478232675880304,3.8478232675880304,43400
2017-02-23,3.9091641902923584,3.9147406056031313,3.8812813160061057,3.8812813160061057,77500
2017-02-24,3.938296318054199,3.938296318054199,3.8710705753392975,3.8710705753392975,40800
2017-02-27,3.927090883255005,3.9326928709593236,3.9158863735859417,3.9158863735859417,61300
2017-02-28,3.966304302215576,3.966304302215576,3.921487346708301,3.9270895997117736,42500
2017-03-01,3.9719083309173584,3.977510319295154,3.9438975876376463,3.971908330917359,57600
2017-03-02,3.932692289352417,3.9663050119979726,3.9326922893524174,3.949498784240282,71900
2017-03-03,3.9495012760162354,3.9607055239669484,3.9382970280655227,3.9495012760162354,21700
2017-03-06,3.9495012760162354,3.9495012760162354,3.9158882650337548,3.9495012760162354,38000
2017-03-07,3.927090883255005,3.9438971134981733,3.904682131047092,3.9438971134981733,39900
2017-03-08,3.8934786319732666,3.9102851325558725,3.8878766431992413,3.9102851325558725,43200
2017-03-09,3.826251745223999,3.8878752016714158,3.7926390236518164,3.8878752016714158,51600
2017-03-10,3.837458372116089,3.871071114590745,3.837458372116089,3.837458372116089,41800
2017-03-13,3.826251745223999,3.8598644667961812,3.8094455180029905,3.826251745223999,42800
2017-03-14,3.826251745223999,3.826251745223999,3.8038432641758773,3.826251745223999,21200
2017-03-15,3.887873888015747,3.8878738880157466,3.80384197891336,3.8374546891282995,42200
2017-03-16,3.8934786319732666,3.899080887877557,3.8766723985209257,3.893478631973267,45400
2017-03-17,3.8766727447509766,3.8934789797043017,3.876672744750976,3.876672744750976,26200
2017-03-20,3.887873888015747,3.904680109558179,3.8766696512774335,3.8934758728198657,29400
2017-03-21,3.8766727447509766,3.9046832253832813,3.876672744750976,3.8878769904299557,44900
2017-03-22,3.910285234451294,3.9214894794215733,3.88227448846046,3.88227448846046,31600
2017-03-23,3.915889263153076,3.9382980318966054,3.893480761539957,3.9102872713150014,38900
2017-03-24,3.887873888015747,3.9270888501648806,3.8654654145391203,3.904680109558179,54200
2017-03-27,3.927090883255005,3.9270908832550053,3.8878759008039236,3.9214886284204735,42500
2017-03-28,3.932692289352417,3.9326922893524174,3.9158857944645526,3.9326922893524174,27400
2017-03-29,3.9450740814208984,3.950701722123328,3.9281906226066625,3.950701722123328,26900
2017-03-30,3.950702667236328,3.9675861300895368,3.9281915623344092,3.9675861300895368,27600
2017-03-31,3.933821439743042,3.939449353343304,3.922565880896209,3.9281937944964707,56200
2017-04-03,3.933821439743042,3.933821439743042,3.9169382356496376,3.922565880896209,15100
2017-04-04,3.9394469261169434,3.9394469261169434,3.928191374205036,3.933819015984227,31800
2017-04-05,3.9619593620300293,3.967587274054962,3.933820338612601,3.9619593620300297,80900
2017-04-06,3.9675869941711426,3.9675869941711426,3.9507035276409654,3.9675869941711426,33800
2017-04-07,3.9675869941711426,3.978842549073395,3.961959082543218,3.9732146374454707,13600
2017-04-10,3.97884202003479,3.97884202003479,3.9675864666291094,3.9732141091551694,34700
2017-04-11,3.9675869941711426,3.978842549073395,3.9675869941711426,3.978842549073395,28700
2017-04-12,3.9957263469696045,3.9957263469696045,3.9732152337864006,3.9732152337864006,19600
2017-04-13,3.97884202003479,3.9957252159665306,3.9675864666291094,3.9957252159665306,79900
2017-04-17,3.9957263469696045,4.006981903561206,3.9732152337864006,3.9732152337864006,53200
2017-04-18,4.001351356506348,4.023862453358001,3.9844678996908867,4.001351356506348,27900
2017-04-19,4.012608051300049,4.035119154582933,3.995724589661127,4.01823569294401,49900
2017-04-20,3.9957263469696045,4.012609816033826,3.9957263469696045,4.012609816033826,12400
2017-04-21,4.023862361907959,4.023862361907959,4.001351265567914,4.0126068137379365,23200
2017-04-24,4.040746212005615,4.040746212005615,4.006979561963357,4.040746212005615,48300
2017-04-25,4.029491901397705,4.0407474548738165,4.018236347921594,4.02386425883643,64300
2017-04-26,4.047579765319824,4.047579765319824,4.024967608942698,4.030620782816063,34400
2017-04-27,4.041928768157959,4.075847018727716,4.036275591617185,4.036275591617185,43100
2017-04-28,4.070194244384766,4.070194244384766,4.041929167562757,4.041929167562757,53700
2017-05-01,4.047579765319824,4.081497999885513,4.047579765319824,4.070191921696949,32200
2017-05-02,4.064542293548584,4.070195202420229,4.041930118945235,4.070195202420229,30800
2017-05-03,4.064542293548584,4.070195202420229,4.041930118945235,4.04758302781688,43600
2017-05-04,4.047579765319824,4.070191921696949,4.041926861004626,4.058885843508387,85600
2017-05-05,4.070194244384766,4.070194244384766,4.041929167562757,4.064541336843692,26400
2017-05-08,4.0532331466674805,4.0871513829693535,4.041927067900189,4.0871513829693535,56300
2017-05-09,4.041928768157959,4.053234851681211,4.030622684634706,4.047581675140438,24100
2017-05-10,4.03062105178833,4.053233209674415,4.0249678775377165,4.047580035423802,36500
2017-05-11,4.036275863647461,4.053235124854479,4.02496977936222,4.030622956283996,26000
2017-05-12,4.064542293548584,4.064542293548584,4.036276940515205,4.036276940515205,12400
2017-05-15,4.064542293548584,4.087154468151933,4.053236206246909,4.087154468151933,35300
2017-05-16,4.064542293548584,4.070195202420229,4.04758302781688,4.064542293548584,33100
2017-05-17,4.047579765319824,4.0532329391931885,4.030620782816063,4.0532329391931885,18300
2017-05-18,4.047579765319824,4.058885843508387,4.030620782816063,4.047579765319824,58200
2017-05-19,4.0532331466674805,4.064539225434771,4.024967814970162,4.064539225434771,49300
2017-05-22,4.058887004852295,4.081499167699297,4.053234098919666,4.053234098919666,40200
2017-05-23,4.087152481079102,4.092805387202444,4.06454031746923,4.075846399274166,28500
2017-05-24,4.0928053855896,4.0928053855896,4.070193221988638,4.081499303789119,33600
2017-05-25,4.087152481079102,4.092805387202444,4.075846399274166,4.075846399274166,27900
2017-05-26,4.054218292236328,4.1110000079456315,4.054218292236328,4.093965628611129,32100
2017-05-30,4.093967914581299,4.093967914581299,4.065576905495523,4.065576905495523,42100
2017-05-31,4.116678237915039,4.116678237915039,4.093965552056034,4.110999931072001,27100
2017-06-01,4.111001014709473,4.111001014709473,4.0996446687865,4.0996446687865,35500
2017-06-02,4.145069599151611,4.145069599151611,4.116678603925349,4.116678603925349,89300
2017-06-05,4.111001014709473,4.139392014895229,4.105322977126308,4.139392014895229,27600
2017-06-06,4.122359275817871,4.139393666119109,4.1110026546080425,4.139393666119109,13400
2017-06-07,4.12803316116333,4.145067805077447,4.105320483115493,4.145067805077447,26700
2017-06-08,4.116678237915039,4.16210360963305,4.093965552056034,4.16210360963305,24000
2017-06-09,4.099645137786865,4.122358102987826,4.099645137786865,4.116679793998417,29700
2017-06-12,4.12803316116333,4.133711466053529,4.099642178225294,4.099642178225294,25300
2017-06-13,4.105322360992432,4.12803504942962,4.105322360992432,4.116678705211026,16300
2017-06-14,4.116678237915039,4.1337128876875795,4.099643588142499,4.099643588142499,26400
2017-06-15,4.145069599151611,4.1961730114996465,4.122356911273241,4.133713255212426,160200
2017-06-16,4.167782306671143,4.167782306671143,4.128034967318381,4.145069618685736,33800
2017-06-19,4.145069599151611,4.162103979682091,4.133713255212426,4.162103979682091,13400
2017-06-20,4.156426906585693,4.156426906585693,4.13939225134984,4.13939225134984,8800
2017-06-21,4.156426906585693,4.179139599729059,4.133714213442328,4.179139599729059,32700
2017-06-22,4.145069599151611,4.162103979682091,4.116678603925349,4.162103979682091,22500
2017-06-23,4.105322360992432,4.150747737866808,4.093966016773838,4.12803504942962,47200
2017-06-26,4.105322360992432,4.145069701135812,4.099644053504833,4.099644053504833,27800
2017-06-27,4.111001014709473,4.12235763138909,4.088288322863526,4.12235763138909,26400
2017-06-28,4.10644006729126,4.123550354353437,4.100736819576392,4.10644006729126,34500
2017-06-29,4.072216987609863,4.100734022610099,4.066513743784977,4.100734022610099,38900
2017-06-30,4.0779194831848145,4.106436239092163,4.037995698564285,4.060809212073578,44700
2017-07-03,4.0665130615234375,4.089326576912635,4.06080954669686,4.0665130615234375,22500
2017-07-05,4.037996768951416,4.066513804376559,4.037996768951416,4.060810288508088,24000
2017-07-06,4.043701648712158,4.049404894545661,4.015184603668557,4.043701648712158,40300
2017-07-07,4.032293796539307,4.0437005570856694,4.01518351974045,4.026590280286813,52500
2017-07-10,4.049402236938477,4.066512507126972,4.020885482569009,4.026588724659495,39400
2017-07-11,4.043701648712158,4.06651517596356,4.020888121460756,4.037998130919959,49000
2017-07-12,4.06080961227417,4.083623128031778,4.043699611435243,4.043699611435243,44500
2017-07-13,4.100733757019043,4.100733757019043,4.060809964996167,4.066513480410257,25000
2017-07-14,4.0779194831848145,4.100732996694107,4.066512726430168,4.100732996694107,59900
2017-07-17,4.083622932434082,4.106436447098967,4.066512932414692,4.095029689766525,51900
2017-07-18,4.129251956939697,4.129251956939697,4.089328422965131,4.089328422965131,34200
2017-07-19,4.123547554016113,4.15776783294239,4.106437278573674,4.106437278573674,43600
2017-07-20,4.163471698760986,4.163471698760986,4.123547900678015,4.123547900678015,58700
2017-07-21,4.146359443664551,4.157766198823468,4.146359443664551,4.146359443664551,28000
2017-07-24,4.140660285949707,4.163473818768265,4.134956766765686,4.157770299584244,49800
2017-07-25,4.10644006729126,4.1349571217419605,4.10644006729126,4.123550354353437,39200
2017-07-26,4.129251956939697,4.129251956939697,4.112141948653077,4.112141948653077,26200
2017-07-27,4.118937969207764,4.147581323642227,4.113209134421345,4.124666530828305,51300
2017-07-28,4.130398273468018,4.141855677941138,4.096026060048656,4.096026060048656,9500
2017-07-31,4.1533122062683105,4.1533122062683105,4.1361259666010515,4.1533122062683105,31100
2017-08-01,4.1533122062683105,4.164769608324479,4.141854804212142,4.141854804212142,52300
2017-08-02,4.170496940612793,4.170496940612793,4.14185330922816,4.147581871605538,31100
2017-08-03,4.1533122062683105,4.17049844593557,4.1533122062683105,4.17049844593557,44900
2017-08-04,4.147582530975342,4.159040203883432,4.141853967687254,4.159040203883432,14900
2017-08-07,4.164767265319824,4.170496099708001,4.147581035321153,4.147581035321153,32900
2017-08-08,4.141855716705322,4.170499364739238,4.141855716705322,4.159041960158887,42200
2017-08-09,4.147582530975342,4.153311367429387,4.13612513123321,4.13612513123321,36000
2017-08-10,4.1132121086120605,4.147584322686883,4.107483542849295,4.141855756924117,46400
2017-08-11,4.101752758026123,4.118938993493326,3.9871787654645896,3.9871787654645896,115900
2017-08-14,4.1533122062683105,4.159041043879401,4.118940000099805,4.124668564544883,63700
2017-08-15,4.118937969207764,4.153310158428647,4.118937969207764,4.136123927235267,25400
2017-08-16,4.124669075012207,4.15331272028056,4.118940509858164,4.118940509858164,57900
2017-08-17,4.118937969207764,4.141852762021686,4.118937969207764,4.130395365614725,14400
2017-08-18,4.13612699508667,4.1475843999918265,4.118941024311975,4.124669590181513,15500
2017-08-21,4.141855716705322,4.153313121285675,4.124669473251758,4.13612687783211,32100
2017-08-22,4.13612699508667,4.141855834122288,4.113212185276357,4.113212185276357,32100
2017-08-23,4.170496940612793,4.199140298831512,4.124667075764197,4.124667075764197,40800
2017-08-24,4.181955337524414,4.181955337524414,4.147582862385547,4.164769099954981,42500
2017-08-25,4.1533122062683105,4.1819558479917385,4.1533122062683105,4.1819558479917385,13100
2017-08-28,4.176229953765869,4.176229953765869,4.153315133503286,4.153315133503286,20600
2017-08-29,4.16586971282959,4.183131725173526,4.1601158916285295,4.171623808401028,13800
2017-08-30,4.16586971282959,4.183131725173526,4.1601158916285295,4.16586971282959,13000
2017-08-31,4.16586971282959,4.188885820744964,4.154361796057092,4.16586971282959,65100
2017-09-01,4.177379131317139,4.177379131317139,4.148609193747886,4.165870936793071,18800
2017-09-05,4.148608207702637,4.188886055852221,4.1371002902842395,4.188886055852221,60000
2017-09-06,4.16586971282959,4.177377903972466,4.148607974856032,4.154361796057092,33400
2017-09-07,4.154364585876465,4.165872510376987,4.154364585876465,4.154364585876465,30800
2017-09-08,4.16586971282959,4.188885820744964,4.1601158916285295,4.188885820744964,31500
2017-09-11,4.177379131317139,4.183132954208714,4.160117113901495,4.160117113901495,32200
2017-09-12,4.171623229980469,4.194639060334182,4.171623229980469,4.194639060334182,62100
2017-09-13,4.177379131317139,4.194640874362324,4.171625034055105,4.194640874362324,40300
2017-09-14,4.171623229980469,4.177377324754067,4.142853304853157,4.171623229980469,23300
2017-09-15,4.177379131317139,4.188887051470749,4.165870936793071,4.183132954208714,41800
2017-09-18,4.183130741119385,4.18888483533721,4.183130741119385,4.183130741119385,39400
2017-09-19,4.211903095245361,4.211903095245361,4.177379333116769,4.1888872538263,24100
2017-09-20,4.188885688781738,4.194639509801535,4.183131593391573,4.188885688781738,16700
2017-09-21,4.183130741119385,4.194638655184721,4.183130741119385,4.18888483533721,12900
2017-09-22,4.194640636444092,4.2234105723815265,4.177378894377985,4.177378894377985,32500
2017-09-25,4.188885688781738,4.2003936051917,4.171623676981611,4.183131593391573,23800
2017-09-26,4.200394153594971,4.200394153594971,4.183132139541115,4.183132139541115,27500
2017-09-27,4.171623229980469,4.2061469755110386,4.171623229980469,4.188885239930924,28400
2017-09-28,4.1612229347229,4.178561485335132,4.155443601576765,4.172781876602084,55000
2017-09-29,4.201674461364746,4.201674461364746,4.155438747853228,4.155438747853228,16400
2017-10-02,4.184337615966797,4.201676153308848,4.178558287243915,4.195896824585966,23400
2017-10-03,4.178558349609375,4.19011728281436,4.161219812008544,4.1843376784185145,11200
2017-10-04,4.190116882324219,4.201675814424405,4.166999018123848,4.172778346380601,34400
2017-10-05,4.178558349609375,4.20745582041519,4.172778745213529,4.19011728281436,36800
2017-10-06,4.1727800369262695,4.178559643111232,4.161221100143136,4.161221100143136,24700
2017-10-09,4.1727800369262695,4.195898186079328,4.161221100143136,4.167000706328099,45100
2017-10-10,4.207455158233643,4.230573021005257,4.17277808848956,4.17277808848956,55900
2017-10-11,4.242134094238281,4.242134094238281,4.201677676168241,4.230575157016384,55500
2017-10-12,4.207455158233643,4.242131952391063,4.207455158233643,4.21901408961945,27200
2017-10-13,4.207455158233643,4.247911280290635,4.201675554747408,4.230573021005257,25000
2017-10-16,4.219017028808594,4.224796360734352,4.19589914993185,4.201678481857608,34100
2017-10-17,4.2132368087768555,4.219016415449231,4.195898539933357,4.207457477691294,37400
2017-10-18,4.230573654174805,4.236352982939341,4.201676183592011,4.201676183592011,36900
2017-10-19,4.207455158233643,4.236352348904829,4.195896226847836,4.236352348904829,21600
2017-10-20,4.219017028808594,4.230575968246965,4.207458089370221,4.207458089370221,16000
2017-10-23,4.207455158233643,4.21901408961945,4.207455158233643,4.213234486133215,28500
2017-10-24,4.207455158233643,4.230573021005257,4.207455158233643,4.207455158233643,23400
2017-10-25,4.201674461364746,4.207454063346981,4.195895134969102,4.201674461364746,26100
2017-10-26,4.207455158233643,4.21901408961945,4.195896226847836,4.195896226847836,19900
2017-10-27,4.224796295166016,4.224796295166016,4.2016784166480585,4.2016784166480585,17500
2017-10-30,4.214346885681152,4.225956645278131,4.208541867483411,4.225956645278131,17000
2017-10-31,4.214346885681152,4.220151627080391,4.20273684928567,4.20273684928567,11200
2017-11-01,4.214346885681152,4.220151627080391,4.20273684928567,4.20273684928567,26300
2017-11-02,4.220149993896484,4.237564764951747,4.208540238792441,4.214345254743661,19100
2017-11-03,4.231761932373047,4.2375669513193595,4.2143474291311875,4.2143474291311875,8900
2017-11-06,4.225955486297607,4.24336998251785,4.220150469691909,4.225955486297607,29800
2017-11-07,4.231761932373047,4.2375669513193595,4.220152171278961,4.225957190225274,37100
2017-11-08,4.214346885681152,4.231761386677371,4.214346885681152,4.225956645278131,30800
2017-11-09,4.1853203773498535,4.220149639739091,4.173710623220107,4.214344901073405,70700
2017-11-10,4.173711776733398,4.202736031680182,4.173711776733398,4.196931291410205,124600
2017-11-13,4.1795172691345215,4.196932046675252,4.173712527819943,4.1795172691345215,49600
2017-11-14,4.1795172691345215,4.185322287247598,4.162102768392289,4.1795172691345215,92400
2017-11-15,4.1795172691345215,4.2027367879898305,4.167907509706867,4.2027367879898305,43400
2017-11-16,4.191126823425293,4.19693184125424,4.179517064565884,4.185322082394831,23700
2017-11-17,4.202735900878906,4.208540917766663,4.196931160789589,4.202735900878906,47000
2017-11-20,4.196932315826416,4.20854207599861,4.185322555654222,4.20854207599861,28800
2017-11-21,4.208540439605713,4.208540439605713,4.196930683947702,4.202735423377503,16500
2017-11-22,4.196932315826416,4.214347094483965,4.196932315826416,4.20854207599861,33900
2017-11-24,4.214346885681152,4.214346885681152,4.20273684928567,4.20273684928567,14900
2017-11-27,4.196932315826416,4.220151836170803,4.191127297341061,4.196932315826416,41300
2017-11-28,4.214346885681152,4.225956645278131,4.196932107886432,4.20273684928567,50200
2017-11-29,4.227172374725342,4.238833528776045,4.221341658688069,4.221341658688069,48200
2017-11-30,4.238834381103516,4.244665098313205,4.209681351102866,4.233003941917725,43100
2017-12-01,4.250496864318848,4.250496864318848,4.227174544247676,4.238835704283262,20200
2017-12-04,4.227172374725342,4.250494682826747,4.227172374725342,4.244664244813317,25200
2017-12-05,4.227172374725342,4.250494682826747,4.221341658688069,4.233003090762614,28400
2017-12-06,4.2679877281188965,4.291310042642175,4.227173538691198,4.250495853214477,157300
2017-12-07,4.238834381103516,4.273817850289955,4.238834381103516,4.273817850289955,26200
2017-12-08,4.238834381103516,4.256326254708685,4.227173224708036,4.227173224708036,23200
2017-12-11,4.238834381103516,4.256326254708685,4.233003941917725,4.256326254708685,43000
2017-12-12,4.233004570007324,4.262157326309736,4.233004570007324,4.238835010058231,23900
2017-12-13,4.227172374725342,4.262155836877449,4.227172374725342,4.250494682826747,42600
2017-12-14,4.262157440185547,4.262157440185547,4.227173964873605,4.233004683104236,36200
2017-12-15,4.238834381103516,4.267987411104165,4.238834381103516,4.267987411104165,50500
2017-12-18,4.244665622711182,4.273818378289546,4.238834904781148,4.238834904781148,41500
2017-12-19,4.227172374725342,4.2563253988640195,4.227172374725342,4.244664244813317,37300
2017-12-20,4.221342086791992,4.244664675282481,4.221342086791992,4.227172803420582,33600
2017-12-21,4.203849792480469,4.227172099060969,4.1746967702429325,4.227172099060969,64900
2017-12-22,4.168867111206055,4.1921894221423335,4.168867111206055,4.168867111206055,58600
2017-12-26,4.203849792480469,4.227172099060969,4.198019076823432,4.198019076823432,28400
2017-12-27,4.203849792480469,4.2096802301136815,4.198019076823432,4.2096802301136815,35000
2017-12-28,4.216736793518066,4.228449940417593,4.216736793518066,4.216736793518066,43800
2017-12-29,4.199163913726807,4.2225901891210045,4.175737638332609,4.199163913726807,98300
2018-01-02,4.164027214050293,4.1933099377429945,4.164027214050293,4.175740359380057,37100
2018-01-03,4.169882297515869,4.193308580593562,4.158169155977022,4.164025866378107,48700
2018-01-04,4.164027214050293,4.181596792413232,4.164027214050293,4.175740359380057,53900
2018-01-05,4.187450408935547,4.193306837639075,4.152310998924758,4.164024135595021,74900
2018-01-08,4.187450408935547,4.187450408935547,4.164024135595021,4.169880564298549,33300
2018-01-09,4.164027214050293,4.199166650039583,4.164027214050293,4.187453504709819,59200
2018-01-10,4.140600681304932,4.164026970594808,4.123030824705826,4.1464571139957025,119400
2018-01-11,4.140600681304932,4.158170258640641,4.140600681304932,4.140600681304932,63000
2018-01-12,4.140600681304932,4.181596547930518,4.123030824705826,4.175740115239747,97300
2018-01-16,4.128887176513672,4.175739751006662,4.117174032890424,4.14060032013692,66100
2018-01-17,4.134742259979248,4.140598969512154,4.128885829709623,4.140598969512154,24000
2018-01-18,4.11717414855957,4.140600436464211,4.11131743695172,4.140600436464211,35800
2018-01-19,4.1054606437683105,4.134743361443691,4.1054606437683105,4.134743361443691,28000
2018-01-22,4.11717414855957,4.11717414855957,4.09374758139155,4.09374758139155,46000
2018-01-23,4.1054606437683105,4.140600072536781,4.1054606437683105,4.140600072536781,69500
2018-01-24,4.11717414855957,4.12888729251189,4.11131743695172,4.12303058090404,29200
2018-01-25,4.152313232421875,4.152313232421875,4.111317092392845,4.117173803509859,60400
2018-01-26,4.140600681304932,4.158170258640641,4.1288875366599935,4.134743969350764,39900
2018-01-29,4.11717414855957,4.12888729251189,4.11131743695172,4.11717414855957,66800
2018-01-30,4.118349552154541,4.135999745101507,4.112466060992119,4.124233043316963,45500
2018-01-31,4.106583118438721,4.1536499286493145,4.0889329243395895,4.100699626892238,52900
2018-02-01,4.059516429901123,4.106583241522417,4.059516429901123,4.094816538617093,33700
2018-02-02,4.0536346435546875,4.077168059265913,4.03598472204149,4.059518137752716,40600
2018-02-05,4.0006842613220215,4.059517795641964,3.9948007676198167,4.059517795641964,77100
2018-02-06,4.006565570831299,4.0242157630112985,3.9771489579183483,3.994798869558061,88500
2018-02-07,3.9947993755340576,4.018332781061243,3.9947993755340576,3.9947993755340576,63500
2018-02-08,3.9889185428619385,4.006568467261141,3.9830350477018777,4.00068525264157,64800
2018-02-09,4.018335342407227,4.030102052671094,3.9948019218794935,3.9948019218794935,74000
2018-02-12,4.030099868774414,4.059516768763419,4.000683249325759,4.053633276549478,26700
2018-02-13,4.030099868774414,4.041866572661946,4.000683249325759,4.035983360988355,39200
2018-02-14,4.006565570831299,4.0242157630112985,4.000682360464824,4.000682360464824,63600
2018-02-15,4.018335342407227,4.030102052671094,4.0006854172816775,4.018335342407227,35300
2018-02-16,4.035983085632324,4.047749788717069,4.012449679462833,4.01833289073504,65800
2018-02-20,4.006565570831299,4.035982464284537,4.000682360464824,4.000682360464824,40400
2018-02-21,4.012450218200684,4.024216922865303,4.000683513536063,4.024216922865303,39100
2018-02-22,4.018335342407227,4.030102052671094,4.0124521275455445,4.018335342407227,16100
2018-02-23,4.018335342407227,4.030102052671094,4.018335342407227,4.018335342407227,25800
2018-02-26,4.041866302490234,4.041866302490234,4.030099599389228,4.030099599389228,61500
2018-02-27,4.02531623840332,4.084425084708533,4.02531623840332,4.060781546186448,26600
2018-02-28,4.031227111816406,4.048959624112115,4.025316086482369,4.043048880631279,51500
2018-03-01,4.019404888153076,4.043048423107245,4.019404888153076,4.025315630965033,54700
2018-03-02,4.019404888153076,4.025315630965033,4.013493863487949,4.019404888153076,25200
2018-03-05,4.019404888153076,4.025315630965033,4.001672096010864,4.001672096010864,19100
2018-03-06,4.019404888153076,4.037137398442118,3.995761353198907,4.025315630965033,73700
2018-03-07,4.001672744750977,4.013494514144574,4.001672744750977,4.013494514144574,45000
2018-03-08,4.007584095001221,4.013494839250201,3.9957623246500233,4.007584095001221,48100
2018-03-09,4.007584095001221,4.019405865352418,3.9957623246500233,4.001673068899003,9500
2018-03-12,4.02531623840332,4.04304903322149,4.001672699881236,4.001672699881236,75500
2018-03-13,4.02531623840332,4.037138007664363,4.007583725438363,4.007583725438363,17200
2018-03-14,4.054869174957275,4.066690939473351,4.031225645925125,4.031225645925125,22600
2018-03-15,4.048958778381348,4.060780544726936,4.025315245690171,4.060780544726936,43900
2018-03-16,4.048958778381348,4.084424077418111,4.043048036135125,4.060780544726936,38300
2018-03-19,4.043050289154053,4.0607828076274375,4.025317488827368,4.048961034694081,58500
2018-03-20,4.031227111816406,4.054870649446151,3.989850780037751,4.037137855297242,75100
2018-03-21,3.989851474761963,4.01940604287187,3.983940448398681,4.01940604287187,70300
2018-03-22,3.9839401245117188,4.007583946189396,3.972118354599494,3.9898511503944447,146500
2018-03-23,3.9839401245117188,4.019405716101621,3.9839401245117188,3.9839401245117188,49600
2018-03-26,4.007584095001221,4.013494839250201,3.9780295281966085,3.989851298547806,83300
2018-03-27,3.989851474761963,4.001673245635275,3.983940448398681,3.995762501125244,65300
2018-03-28,3.979161262512207,4.002917427174694,3.979161262512207,3.9851004452757395,82800
2018-03-29,4.014797210693359,4.03855338374632,3.9910407544444766,3.9969799393056777,71200
2018-04-02,4.0029168128967285,4.008855994748848,3.985099833731925,4.008855994748848,71600
2018-04-03,4.0029168128967285,4.014795176600968,3.9791606518798046,4.008855994748848,69100
2018-04-04,3.996978521347046,4.002917420905455,3.9851004390344054,3.9851004390344054,22200
2018-04-05,4.014797210693359,4.020736112358639,3.9851018527791973,3.9969799393056777,75800
2018-04-06,4.014797210693359,4.02667529721984,3.9910407544444766,3.9910407544444766,37500
2018-04-09,4.0029168128967285,4.038551337617892,4.0029168128967285,4.0266732571094295,54600
2018-04-10,4.026673316955566,4.026673316955566,4.014795236270568,4.014795236270568,25800
2018-04-11,4.014797210693359,4.02667529721984,4.002918840970957,4.002918840970957,34400
2018-04-12,4.0029168128967285,4.032612155765771,3.967282571371343,4.008855994748848,221200
2018-04-13,4.014797210693359,4.020736112358639,3.9969799393056777,4.008858025832159,32800
2018-04-16,4.026673316955566,4.032612215700175,4.002916872389787,4.026673316955566,60800
2018-04-17,4.03855037689209,4.03855037689209,4.02667229920929,4.032611196452835,35000
2018-04-18,4.044489860534668,4.068246019344606,4.044489860534668,4.050429041835028,33700
2018-04-19,4.014797210693359,4.03855338374632,4.014797210693359,4.03855338374632,27100
2018-04-20,4.026673316955566,4.026673316955566,4.014795236270568,4.020734135015176,22300
2018-04-23,4.026673316955566,4.026673316955566,4.008856054330177,4.008856054330177,51600
2018-04-24,4.014797210693359,4.03261419888512,4.014797210693359,4.03261419888512,35800
2018-04-25,4.008856296539307,4.020734377941962,4.00291711424008,4.014795478838534,25500
2018-04-26,4.008856296539307,4.026673560241189,4.00291711424008,4.00291711424008,32000
2018-04-27,4.021984100341797,4.027951572586362,4.010049440397404,4.010049440397404,19000
2018-04-30,4.027951240539551,4.039885899500102,4.0160165815790005,4.0160165815790005,30900
2018-05-01,4.033920764923096,4.033920764923096,4.027953290133957,4.027953290133957,28200
2018-05-02,4.016016960144043,4.03391909254475,4.016016960144043,4.021984147914451,30600
2018-05-03,4.027951240539551,4.027951240539551,4.010049109826368,4.027951240539551,24300
2018-05-04,4.021984100341797,4.039886232530755,4.01601691264197,4.039886232530755,46000
2018-05-07,4.021984100341797,4.027951572586362,4.01601691264197,4.021984100341797,23800
2018-05-08,3.9981155395507812,4.016017675138708,3.986180877340428,4.016017675138708,88100
2018-05-09,4.010049819946289,4.010049819946289,3.998115158872288,3.998115158872288,35500
2018-05-10,3.986180543899536,4.010049866323594,3.986180543899536,4.004082677989963,33000
2018-05-11,3.9981155395507812,3.9981155395507817,3.9921483507180007,3.9921483507180007,28500
2018-05-14,3.986180543899536,4.004082677989963,3.974245882687508,3.974245882687508,42700
2018-05-15,3.974243640899658,3.992145764891871,3.9682764559319925,3.9861782953795974,59400
2018-05-16,3.974243640899658,3.9981129498595367,3.974243640899658,3.9802111104119318,57600
2018-05-17,3.974243640899658,3.9861782953795974,3.974243640899658,3.974243640899658,41900
2018-05-18,3.9682776927948,3.9802123509946234,3.9623102214225394,3.974244879622363,88200
2018-05-21,3.956342935562134,3.986179438042495,3.9503754643392477,3.9802122513642986,62500
2018-05-22,3.9444079399108887,3.9742444398364225,3.9265058123198364,3.9324732830317424,61800
2018-05-23,3.956342935562134,3.9802122513642986,3.944408277661051,3.944408277661051,46100
2018-05-24,3.974243640899658,3.9861782953795974,3.9265050229799012,3.9265050229799012,59900
2018-05-25,3.986180543899536,3.986180543899536,3.962311221475479,3.9682786943538777,31000
2018-05-29,3.9682776927948,3.986179537822187,3.9682776927948,3.986179537822187,50400
2018-05-30,3.993460178375244,4.017444901867192,3.9694754548832965,3.9754717787165124,64300
2018-05-31,3.987464427947998,3.9934604662930546,3.9814681036824635,3.987464427947998,30700
2018-06-01,3.9994590282440186,3.9994590282440186,3.9754742896034463,3.9934627006235566,101500
2018-06-04,3.987464427947998,4.017445191514237,3.975472065337407,4.017445191514237,67600
2018-06-05,3.9694764614105225,3.9874651515510453,3.9694764614105225,3.981468826197361,31800
2018-06-06,3.9574835300445557,3.993460619254358,3.933498803904688,3.993460619254358,85800
2018-06-07,3.9514882564544678,3.957484296189988,3.933499565406819,3.933499565406819,27300
2018-06-08,3.933499336242676,3.951488026242311,3.933499336242676,3.94549170093559,65400
2018-06-11,3.945491313934326,3.951487638652886,3.927502911619647,3.933498950417707,42000
2018-06-12,3.939495086669922,3.957483488124032,3.933498762238228,3.94549112518113,58300
2018-06-13,3.9514882564544678,3.981469026973157,3.9394958910628834,3.9454919307984038,59400
2018-06-14,3.9574835300445557,3.9634798545397674,3.9394951283998996,3.9514874914698335,85000
2018-06-15,3.975473403930664,3.9754734039306636,3.9275039373363603,3.9694770776460886,81800
2018-06-18,3.9814696311950684,3.9814696311950684,3.9694772639835403,3.9694772639835403,51900
2018-06-19,3.975473403930664,3.98746577057924,3.963481037282088,3.963481037282088,64600
2018-06-20,3.9814696311950684,3.993461998406597,3.9694772639835403,3.9694772639835403,37500
2018-06-21,3.975473403930664,3.98746577057924,3.9754734039306636,3.9754734039306636,52200
2018-06-22,3.993460178375244,3.99945650220846,3.9754717787165124,3.9754717787165124,44300
2018-06-25,3.9994590282440186,4.005455069943842,3.9934627006235566,3.9934627006235566,65300
2018-06-26,4.0174455642700195,4.023441889091918,3.9934608368234312,3.9994571616453305,60900
2018-06-27,4.0174455642700195,4.029437927993313,3.9994571616453305,3.9994571616453305,62500
2018-06-28,4.024677276611328,4.036727197395177,4.000577435043632,4.01865245986579,117600
2018-06-29,4.024677276611328,4.036727197395177,4.01865245986579,4.030702380649639,38000
2018-07-02,4.01865291595459,4.024677733383902,4.0126278112324725,4.0126278112324725,45700
2018-07-03,4.024677276611328,4.030702380649639,4.01262735582748,4.01262735582748,43900
2018-07-05,4.030701637268066,4.036726452902448,4.018651718706582,4.018651718706582,22300
2018-07-06,4.054800510406494,4.060825324608542,4.030700679012998,4.030700679012998,34200
2018-07-09,4.0367255210876465,4.054800538403898,4.0367255210876465,4.042750622623948,59200
2018-07-10,4.030701637268066,4.036726452902448,4.024676534340965,4.036726452902448,32100
2018-07-11,4.024677276611328,4.042752301433487,4.024677276611328,4.030702380649639,27400
2018-07-12,4.048775672912598,4.048775672912598,4.030700941835238,4.030700941835238,20600
2018-07-13,4.0367255210876465,4.060825352647546,4.030700706843999,4.042750622623948,54100
2018-07-16,4.030701637268066,4.036726452902448,4.030701637268066,4.030701637268066,42600
2018-07-17,4.0367255210876465,4.042750622623948,4.030700706843999,4.030700706843999,18500
2018-07-18,4.0367255210876465,4.042750622623948,4.030700706843999,4.042750622623948,33300
2018-07-19,4.048775672912598,4.048775672912598,4.036725756430134,4.036725756430134,11800
2018-07-20,4.054800510406494,4.066850426103242,4.042750594709746,4.048775408911794,67100
2018-07-23,4.048775672912598,4.060825589395062,4.036725756430134,4.060825589395062,47100
2018-07-24,4.042752742767334,4.04877756017058,4.036727638071283,4.042752742767334,66200
2018-07-25,4.042752742767334,4.0548026648666315,4.036727638071283,4.042752742767334,42000
2018-07-26,4.066851615905762,4.066851615905762,4.042751777461591,4.042751777461591,36400
2018-07-27,4.066851615905762,4.0728767191631725,4.054801696683676,4.066851615905762,18700
2018-07-30,4.068061828613281,4.0801691443157155,4.055954512910847,4.055954512910847,28500
2018-07-31,4.104382514953613,4.104382514953613,4.062006781661589,4.062006781661589,33200
2018-08-01,4.0801682472229,4.098329361114118,4.074114735033237,4.098329361114118,22200
2018-08-02,4.062008380889893,4.080169210407129,4.062008380889893,4.074115696788444,12800
2018-08-03,4.098329067230225,4.098329067230225,4.062007130713485,4.062007130713485,36600
2018-08-06,4.104382514953613,4.1104360261890065,4.080167604028837,4.1104360261890065,49000
2018-08-07,4.086223602294922,4.098330919940458,4.080169799141543,4.098330919940458,52600
2018-08-08,4.098329067230225,4.098329067230225,4.080167954641309,4.086221755057978,50100
2018-08-09,4.092276096343994,4.098329608899654,4.0801684939104135,4.092276096343994,30700
2018-08-10,4.086223602294922,4.092277405448302,4.080169799141543,4.080169799141543,61700
2018-08-13,4.0801682472229,4.110436674154558,4.074114735033237,4.074114735033237,42600
2018-08-14,4.0801682472229,4.098329361114118,4.0801682472229,4.0801682472229,42200
2018-08-15,4.092276096343994,4.104383410116444,4.086222295127204,4.098329608899654,40700
2018-08-16,4.110436916351318,4.116490717558799,4.098329602597485,4.098329602597485,53100
2018-08-17,4.122544288635254,4.128598089928684,4.110436974709527,4.122544288635254,59200
2018-08-20,4.122544288635254,4.1346516025609805,4.10438346207723,4.128598089928684,123400
2018-08-21,4.128598213195801,4.134651726008836,4.110437097434409,4.116490898908587,93000
2018-08-22,4.116489887237549,4.1285971985492615,4.116489887237549,4.122543398562869,14100
2018-08-23,4.110436916351318,4.1225442301051505,4.110436916351318,4.116490717558799,32000
2018-08-24,4.116489887237549,4.122543398562869,4.116489887237549,4.122543398562869,35500
2018-08-27,4.110436916351318,4.116490717558799,4.104383403804967,4.116490717558799,58000
2018-08-28,4.110436916351318,4.116490717558799,4.104383403804967,4.104383403804967,26700
2018-08-29,4.116489887237549,4.122543398562869,4.104382575925835,4.104382575925835,40600
2018-08-30,4.111624717712402,4.12378927587024,4.105542293620512,4.117706851778349,56400
2018-08-31,4.117706775665283,4.123789199644745,4.1055422177322995,4.1055422177322995,64200
2018-09-04,4.111624717712402,4.117706851778349,4.105542293620512,4.117706851778349,27600
2018-09-05,4.105544090270996,4.123791080505893,4.105544090270996,4.105544090270996,60100
2018-09-06,4.117706775665283,4.123789199644745,4.11162464171176,4.11162464171176,139900
2018-09-07,4.111624717712402,4.12378927587024,4.105542293620512,4.12378927587024,63100
2018-09-10,4.117706775665283,4.117706775665283,4.11162464171176,4.11162464171176,38400
2018-09-11,4.123788356781006,4.123788356781006,4.111623801334344,4.117705934044735,22600
2018-09-12,4.129871845245361,4.13595426997837,4.117707285805317,4.123789710538326,39900
2018-09-13,4.123788356781006,4.135952912227669,4.123788356781006,4.135952912227669,58400
2018-09-14,4.117706775665283,4.135953757577728,4.11162464171176,4.135953757577728,57100
2018-09-17,4.123788356781006,4.123788356781006,4.111623801334344,4.123788356781006,61900
2018-09-18,4.117706775665283,4.123789199644745,4.1055422177322995,4.1055422177322995,40600
2018-09-19,4.093377590179443,4.117706705631623,4.081213032453353,4.111624571781545,69500
2018-09-20,4.075130462646484,4.087295019936961,4.069048329014208,4.069048329014208,37600
2018-09-21,4.093377590179443,4.093377590179443,4.075130608577341,4.075130608577341,35100
2018-09-24,4.087296485900879,4.099461047554339,4.069049788433703,4.099461047554339,31800
2018-09-25,4.075130462646484,4.081212886304685,4.056883771723732,4.081212886304685,54800
2018-09-26,4.050804138183594,4.081215697369658,4.050804138183594,4.069051131700458,19400
2018-09-27,4.052023887634277,4.076470463521945,4.045912097949274,4.076470463521945,57000
2018-09-28,4.064249038696289,4.076472332243481,4.045913952662349,4.045913952662349,41700
2018-10-01,4.076469421386719,4.100915991024706,4.039799566929737,4.070357633264173,72500
2018-10-02,4.100918292999268,4.11314158467958,4.076471709638644,4.076471709638644,52700
2018-10-03,4.070361137390137,4.100919521458023,4.064249635432368,4.100919521458023,12300
2018-10-04,4.052023887634277,4.070358673836942,4.039800599690444,4.064247175578111,50100
2018-10-05,4.039803504943848,4.052026801678152,4.015356911475238,4.052026801678152,82500
2018-10-08,4.033690452575684,4.064248830592116,4.033690452575684,4.033690452575684,85500
2018-10-09,4.052023887634277,4.058135385893108,4.03368881000544,4.045912097949274,111300
2018-10-10,4.009242534637451,4.045912401217606,4.009242534637451,4.015354324780574,42300
2018-10-11,4.009242534637451,4.033689112357554,3.9786844582004193,4.015354324780574,60000
2018-10-12,4.02146577835083,4.045912355796486,4.009242489628003,4.009242489628003,34300
2018-10-15,4.015353679656982,4.033688464288219,3.9909071058645686,4.033688464288219,41200
2018-10-16,4.058136940002441,4.076472024652906,3.9970204768780326,4.015355561528497,52100
2018-10-17,4.052023887634277,4.070358673836942,4.03368881000544,4.070358673836942,16800
2018-10-18,4.02146577835083,4.045912355796486,4.003130990979684,4.039800857148167,49900
2018-10-19,4.039803504943848,4.058138304332114,4.009245117394895,4.009245117394895,72900
2018-10-22,4.033690452575684,4.064248830592116,4.015355658906857,4.058137038418313,25500
2018-10-23,4.02146577835083,4.02757756842534,4.003130990979684,4.003130990979684,41800
2018-10-24,4.009242534637451,4.033689112357554,4.003131035920522,4.021465823497503,82900
2018-10-25,4.0459113121032715,4.0459113121032715,4.0153532438921316,4.021464740963913,47200
2018-10-26,3.9970192909240723,4.015354370134343,3.966460922715687,3.9970192909240727,60000
2018-10-29,3.990907907485962,4.0153544861887625,3.984796117097159,4.0153544861887625,74400
2018-10-30,3.992135763168335,4.0105611340111755,3.9859938752669435,3.992135763168335,60300
2018-10-31,3.992135763168335,4.016702729051233,3.961426909384045,4.016702729051233,53200
2018-11-01,3.9982781410217285,4.0044197368143815,3.9859943637136817,3.9859943637136817,44000
2018-11-02,3.961427688598633,3.9921365484233693,3.9491442032410164,3.985994659313865,33500
2018-11-05,3.9982781410217285,3.998278141021728,3.973710879267005,3.973710879267005,52200
2018-11-06,4.016702651977539,4.016702651977539,3.998277574349578,4.004419169271789,30600
2018-11-07,4.047409534454346,4.053551126386163,4.010559104279885,4.010559104279885,77100
2018-11-08,4.059696674346924,4.059696674346924,4.041271296203412,4.053554784011936,49500
2018-11-09,4.047409534454346,4.059693011179166,4.035126057729525,4.059693011179166,18200
2018-11-12,4.041272163391113,4.047414055044046,4.035130564599695,4.041272163391113,30000
2018-11-13,4.047409534454346,4.059693011179166,4.041267649661343,4.059693011179166,94700
2018-11-14,4.02284574508667,4.0535543146212865,4.0167038554628975,4.0535543146212865,45400
2018-11-15,4.010561943054199,4.035128913892946,3.992136568494442,4.035128913892946,29800
2018-11-16,3.992135763168335,4.0105611340111755,3.979852280226886,3.979852280226886,184700
2018-11-19,3.9982781410217285,4.0044197368143815,3.9798527679210283,3.9859943637136817,18300
2018-11-20,3.992135763168335,3.998277651069727,3.973710392325494,3.992135763168335,31600
2018-11-21,3.9798505306243896,4.01670096324873,3.9737086454230637,3.9921340081658365,54900
2018-11-23,3.9552862644195557,3.9675697503115472,3.9552862644195557,3.961427860934849,8600
2018-11-26,3.967569351196289,3.9859944317501137,3.955285866539947,3.96142746243743,49400
2018-11-27,3.9982781410217285,3.998278141021728,3.9614273948203285,3.9675692834743517,36300
2018-11-28,4.004420757293701,4.004420757293701,3.973711891920533,4.004420757293701,65000
2018-11-29,4.011826515197754,4.011826515197754,3.9933102633253488,4.005654333138339,34300
2018-11-30,4.055030822753906,4.055030822753906,4.005654250218239,4.005654250218239,65000
2018-12-03,4.048858165740967,4.0982344381771325,4.048858165740967,4.07354630195905,65400
2018-12-04,4.042687892913818,4.061203855317123,4.036515709242106,4.048859782279615,37900
2018-12-06,4.048858165740967,4.0612022338500084,3.9747937570867182,3.98096564398834,87000
2018-12-07,4.024170875549316,4.055031199462777,4.017998987350141,4.042687128758565,47200
2018-12-10,4.036514759063721,4.061202899327254,4.024170688931954,4.042686941282527,46000
2018-12-11,4.073547840118408,4.079720023656426,4.042687805346048,4.048859694578156,68700
2018-12-12,4.073547840118408,4.092064096426552,4.061203767348283,4.079720023656426,46000
2018-12-13,4.079719066619873,4.0920631364942786,4.0673749967454675,4.079719066619873,20400
2018-12-14,4.073547840118408,4.09823598565866,4.0673759508863006,4.085891912888535,45100
2018-12-17,4.042687892913818,4.092064185063851,4.03034381987631,4.085892001392139,155600
2018-12-18,4.011826515197754,4.048858724636725,4.011826515197754,4.042686836883149,134200
2018-12-19,3.95627760887146,4.024170132359055,3.95627760887146,4.011826063934565,84800
2018-12-20,3.9377613067626953,3.9624494414384794,3.839008473753779,3.9624494414384794,160200
2018-12-21,3.85752534866333,3.9562779034112463,3.85752534866333,3.937761946548926,114800
2018-12-24,3.8081488609313965,3.8390088854325324,3.7340844489616964,3.79580479226978,72300
2018-12-26,3.826664924621582,3.845181175288775,3.7526005105644518,3.80814896826021,149400
2018-12-27,3.826664924621582,3.8390089936311043,3.7711167612316445,3.8390089936311043,49200
2018-12-28,3.8961498737335205,3.8961498737335205,3.8341090360551933,3.8589252527934685,85100
2018-12-31,3.9395785331726074,3.9457827359476267,3.8589256720933824,3.908558406795524,65900
2019-01-02,3.8899452686309814,4.0202305409255805,3.877537161547334,3.9085575771727563,42900
2019-01-03,3.914761543273926,3.9333738521032253,3.858924912618639,3.871333019893968,71900
2019-01-04,3.9395785331726074,3.964394752607343,3.914762313737872,3.914762313737872,43300
2019-01-07,4.020233154296875,4.032641269446475,3.927172142758473,3.927172142758473,51200
2019-01-08,4.051253318786621,4.069865342348228,3.995416656436239,3.995416656436239,131500
2019-01-09,4.069864749908447,4.113293291618383,4.045048524883552,4.045048524883552,34600
2019-01-10,4.076069355010986,4.094681377694003,4.057457036495203,4.063661241278052,17700
2019-01-11,4.082272052764893,4.100884365758467,4.076068145655487,4.094680162816382,36300
2019-01-14,4.032639026641846,4.063659445179837,4.014026716352523,4.063659445179837,56500
2019-01-15,4.057455062866211,4.069863170563588,4.014026538009082,4.014026538009082,38800
2019-01-16,4.1132917404174805,4.1132917404174805,4.063659309085028,4.069863215085271,43700
2019-01-17,4.1132917404174805,4.125699848250594,4.094679430751498,4.094679430751498,22100
2019-01-18,4.131904602050781,4.131904602050781,4.11329258439854,4.11329258439854,49300
2019-01-22,4.150516986846924,4.150516986846924,4.063660212701216,4.113292655070191,39900
2019-01-23,4.1132917404174805,4.1753322795830465,4.069863215085271,4.169128077750177,49700
2019-01-24,4.088476181030273,4.107088197851217,4.069863868376657,4.100884290855127,45600
2019-01-25,4.088476181030273,4.107088197851217,4.08227197820151,4.107088197851217,46800
2019-01-28,4.076069355010986,4.08227326396107,4.032640809029336,4.032640809029336,42500
2019-01-29,4.082272052764893,4.113292475809956,4.063660035603998,4.063660035603998,119100
2019-01-30,4.120924949645996,4.120924949645996,4.089752933106746,4.0959874553259485,58700
2019-01-31,4.145863056182861,4.158331805184137,4.108456809179035,4.108456809179035,49900
2019-02-01,4.1645660400390625,4.189503538095467,4.127159792954457,4.127159792954457,121200
2019-02-04,4.152097225189209,4.164565974019749,4.139628476358669,4.14586299941315,161900
2019-02-05,4.152097225189209,4.17080049707423,4.14586299941315,4.152097225189209,182500
2019-02-06,4.152097225189209,4.164565974019749,4.14586299941315,4.14586299941315,123900
2019-02-07,4.145863056182861,4.158331805184137,4.139628533043011,4.158331805184137,17500
2019-02-08,4.158330917358398,4.158330917358398,4.1333934246801345,4.1333934246801345,83500
2019-02-11,4.1832709312438965,4.1832709312438965,4.164567651823775,4.164567651823775,18600
2019-02-12,4.201972484588623,4.208207008034918,4.177034985360321,4.1832695088066165,72600
2019-02-13,4.201972484588623,4.226910281095365,4.1832695088066165,4.208207008034918,59200
2019-02-14,4.201972484588623,4.208207008034918,4.189503734974472,4.195738258420768,27200
2019-02-15,4.214441299438477,4.226910048366111,4.208206776335447,4.220675525263082,39700
2019-02-19,4.239378929138184,4.239378929138184,4.208206907210436,4.220675656525849,64900
2019-02-20,4.226909160614014,4.239377906922913,4.220674638820383,4.233143385129282,16800
2019-02-21,4.251845836639404,4.251845836639404,4.233142572128949,4.245611316043151,32400
2019-02-22,4.264314651489258,4.289252139732492,4.233142642546062,4.233142642546062,60900
2019-02-25,4.332894802093506,4.332894802093506,4.2643168231396755,4.2643168231396755,225600
2019-02-26,4.332894802093506,4.345363552564971,4.307957301150575,4.326660575497003,83200
2019-02-27,4.340409755706787,4.3529361791523415,4.3216202698652015,4.346673116756311,42100
2019-02-28,4.359198570251465,4.371724990909808,4.321619308276435,4.3404087899372366,45200
2019-03-01,4.359198570251465,4.359198570251465,4.35293521059558,4.35293521059558,40100
2019-03-04,4.359198570251465,4.365461631253924,4.346672149593122,4.346672149593122,62900
2019-03-05,4.359198570251465,4.365461631253924,4.346672149593122,4.365461631253924,33600
2019-03-06,4.327885150909424,4.365464437037518,4.32162208588155,4.365464437037518,79100
2019-03-07,4.3341450691223145,4.346671487873687,4.315355291668564,4.3341450691223145,114000
2019-03-08,4.3341450691223145,4.352934547922683,4.290302454165819,4.321618650370941,59000
2019-03-11,4.346673965454102,4.371726817236835,4.321621113671367,4.340410603181642,145000
2019-03-12,4.352936267852783,4.377989115254398,4.334146781628322,4.334146781628322,69200
2019-03-13,4.365462303161621,4.371725663781528,4.34040945798894,4.359199241195187,200400
2019-03-14,4.365462303161621,4.365462303161621,4.359199241195187,4.359199241195187,14300
2019-03-15,4.377989768981934,4.396779556665611,4.346673854380528,4.365463343410663,53800
2019-03-18,4.384252071380615,4.390515431979111,4.352935865695079,4.371725648837095,88300
2019-03-19,4.390516757965088,4.4093062481282725,4.384253395474985,4.384253395474985,185100
2019-03-20,4.4155707359313965,4.4218338013640865,4.3717280832880165,4.3967809423260515,60100
2019-03-21,4.4155707359313965,4.4218338013640865,4.3967809423260515,4.4218338013640865,37400
2019-03-22,4.4155707359313965,4.4218338013640865,4.4030443064123785,4.4155707359313965,90300
2019-03-25,4.4155707359313965,4.4280971654504135,4.384254512807034,4.4280971654504135,41000
2019-03-26,4.4155707359313965,4.4280971654504135,4.4030443064123785,4.409307371845069,41800
2019-03-27,4.421832084655762,4.428095446310436,4.409305659999936,4.41556902165461,17100
2019-03-28,4.410507678985596,4.429382721541487,4.404215798124703,4.429382721541487,22100
2019-03-29,4.42938232421875,4.435674204515251,4.4105072833559795,4.42938232421875,22000
2019-04-01,4.423092365264893,4.441967413046503,4.423092365264893,4.429383947854271,25500
2019-04-02,4.404215335845947,4.423090676434023,4.3979234556454685,4.416798796233544,100300
2019-04-03,4.404215335845947,4.416798796233544,4.3916318754583505,4.410507216046426,165800
2019-04-04,4.404215335845947,4.410507216046426,4.379048415070754,4.410507216046426,345500
2019-04-05,4.416797637939453,4.416797637939453,4.391630723764219,4.416797637939453,86700
2019-04-08,4.397922992706299,4.410506751782651,4.391631413181452,4.391631413181452,182200
2019-04-09,4.404215335845947,4.404215335845947,4.385339995257872,4.385339995257872,42800
2019-04-10,4.397922992706299,4.410506751782651,4.372756074580254,4.391631413181452,402300
2019-04-11,4.404215335845947,4.410507216046426,4.3979234556454685,4.410507216046426,58800
2019-04-12,4.404215335845947,4.410507216046426,4.3979234556454685,4.404215335845947,97700
2019-04-15,4.410507678985596,4.416799259833096,4.397923917263811,4.410507678985596,355500
2019-04-16,4.397922992706299,4.416798331307497,4.397922992706299,4.416798331307497,111900
2019-04-17,4.397922992706299,4.410506751782651,4.397922992706299,4.410506751782651,32800
2019-04-18,4.379049301147461,4.416799689948837,4.372757419673855,4.397924345541439,41600
2019-04-22,4.39163064956665,4.39792222799752,4.372755314247486,4.39792222799752,49400
2019-04-23,4.39163064956665,4.39792222799752,4.372755314247486,4.39792222799752,152800
2019-04-24,4.39163064956665,4.404214106441667,4.379047192691633,4.39163064956665,41300
2019-04-25,4.39163064956665,4.4105059848858135,4.385338771122504,4.39163064956665,243900
2019-04-26,4.410507678985596,4.4230911406939875,4.391632336416311,4.397923917263811,80000
2019-04-29,4.424410820007324,4.430731551559802,4.40544892673896,4.411769658291438,78300
2019-04-30,4.430733680725098,4.44337484851563,4.4180922115453525,4.4180922115453525,145800
2019-05-01,4.437053680419922,4.449694846975396,4.424412513864448,4.437053680419922,103300
2019-05-02,4.430733680725098,4.44969528171629,4.411771778344693,4.44337484851563,53600
2019-05-03,4.443376064300537,4.449696499230577,4.430734893051161,4.437055327981201,50400
2019-05-06,4.443376064300537,4.449696499230577,4.430734893051161,4.437055327981201,92900
2019-05-07,4.411770343780518,4.443373403675167,4.405449611245941,4.443373403675167,84000
2019-05-08,4.424410820007324,4.424410820007324,4.40544892673896,4.411769658291438,50000
2019-05-09,4.392809867858887,4.418092203393302,4.38016870009168,4.418092203393302,84500
2019-05-10,4.411770343780518,4.411770343780518,4.386488016420444,4.399129180100481,74300
2019-05-13,4.392809867858887,4.399130602437097,4.373848266902683,4.392809867858887,104100
2019-05-14,4.399129390716553,4.424411719287063,4.399129390716553,4.399129390716553,45000
2019-05-15,4.411770343780518,4.424411507460555,4.399129180100481,4.411770343780518,102600
2019-05-16,4.430733680725098,4.44337484851563,4.411771778344693,4.411771778344693,45900
2019-05-17,4.430733680725098,4.4370541139257575,4.4244129461352255,4.4370541139257575,37200
2019-05-20,4.443376064300537,4.443376064300537,4.399131814233073,4.424414156731825,38500
2019-05-21,4.449696063995361,4.456016799696451,4.424413723969534,4.424413723969534,38400
2019-05-22,4.468656539916992,4.487618138174772,4.443374207980505,4.449694640270042,147100
2019-05-23,4.462334632873535,4.468655364890214,4.44337303960168,4.468655364890214,73700
2019-05-24,4.462334632873535,4.4749757955178024,4.449693470229268,4.4749757955178024,28000
2019-05-28,4.462334632873535,4.481296527534481,4.456014202245947,4.468655364890214,120400
2019-05-29,4.424410820007324,4.456013874991576,4.418090088454846,4.456013874991576,114000
2019-05-30,4.432031154632568,4.4383806120078555,4.4193319371087645,4.4193319371087645,44800
2019-05-31,4.406634330749512,4.425683012613228,4.393935108582587,4.412983790446304,51100
2019-06-03,4.406634330749512,4.419333552916436,4.393935108582587,4.406634330749512,102900
2019-06-04,4.432031154632568,4.444730372156371,4.387583741912642,4.412982176960249,78100
2019-06-05,4.463781356811523,4.476480580045088,4.432033147340931,4.4383826075710315,135400
2019-06-06,4.476480007171631,4.5082279098059495,4.463780785563238,4.476480007171631,32500
2019-06-07,4.5082292556762695,4.514579019762764,4.470131579477551,4.470131579477551,78000
2019-06-10,4.5082292556762695,4.514579019762764,4.495530030276696,4.501879794363191,108600
2019-06-11,4.501876354217529,4.514575569912893,4.482827379287891,4.508225810678619,65600
2019-06-12,4.501876354217529,4.520925026373982,4.495526594983255,4.508225810678619,38300
2019-06-13,4.527275562286377,4.527275562286377,4.495527366214804,4.495527366214804,51100
2019-06-14,4.546324729919434,4.546324729919434,4.514576833183906,4.5399752716816355,53400
2019-06-17,4.552675724029541,4.559025183987099,4.527277278652604,4.552675724029541,89100
2019-06-18,4.552675724029541,4.565374946718009,4.54632596129863,4.552675724029541,144100
2019-06-19,4.565372943878174,4.57172240105021,4.546323966815626,4.552673726760881,88200
2019-06-20,4.590771198272705,4.628868848132134,4.565372765033086,4.571722221956387,57000
2019-06-21,4.603470802307129,4.609820562538014,4.571722606699166,4.584421824387705,93300
2019-06-24,4.609821796417236,4.609821796417236,4.590772813399102,4.603472034486754,54900
2019-06-25,4.609821796417236,4.622521017504888,4.590772813399102,4.616171255574405,57700
2019-06-26,4.590771198272705,4.616169631512324,4.584421438576197,4.616169631512324,52400
2019-06-27,4.617560386657715,4.636694058588903,4.611182698760251,4.636694058588903,107600
2019-06-28,4.668581485748291,4.764248893605851,4.604802808350887,4.611180797738337,642600
2019-07-01,4.643072128295898,4.694094848806941,4.617560463920975,4.694094848806941,73800
2019-07-02,4.630317211151123,4.649450582435857,4.61756122480203,4.649450582435857,47700
2019-07-03,4.655826568603516,4.6813379220655085,4.649448578178356,4.655826568603516,36600
2019-07-05,4.643072128295898,4.643072128295898,4.630316448168138,4.643072128295898,18900
2019-07-08,4.636691093444824,4.662202436959082,4.623935421687695,4.655824753140119,77300
2019-07-09,4.649449348449707,4.662205027293929,4.617559999279467,4.643071661087283,49700
2019-07-10,4.662203311920166,4.700470334373169,4.649447637769165,4.662203311920166,52800
2019-07-11,4.662203311920166,4.687714660222168,4.655825626904296,4.681336975206298,43700
2019-07-12,4.668581485748291,4.681337160403917,4.655825811092664,4.655825811092664,35600
2019-07-15,4.687714576721191,4.694092565742713,4.668581217895137,4.687714576721191,76300
2019-07-16,4.681337356567383,4.694093031757514,4.662203691722543,4.694093031757514,65600
2019-07-17,4.687714576721191,4.694092565742713,4.668581217895137,4.674958902797403,82700
2019-07-18,4.7004714012146,4.7196050688434,4.687715724168509,4.694093714751219,62400
2019-07-19,4.694094181060791,4.706849859374026,4.694094181060791,4.694094181060791,44200
2019-07-22,4.719603061676025,4.738736417048403,4.7068473900547065,4.719603061676025,55600
2019-07-23,4.706849098205566,4.719604774456016,4.694093421955117,4.719604774456016,33600
2019-07-24,4.751492977142334,4.77062664021168,4.694092596172811,4.719603944185767,99100
2019-07-25,4.719603061676025,4.764247760291041,4.719603061676025,4.751492088669722,84900
2019-07-26,4.719603061676025,4.751492088669722,4.7068473900547065,4.732358733297344,53900
2019-07-29,4.706849098205566,4.738738136772035,4.706849098205566,4.706849098205566,32400
2019-07-30,4.7529683113098145,4.7657795343007985,4.701723419345878,4.701723419345878,82200
2019-07-31,4.7529683113098145,4.804213203273751,4.701723419345878,4.7914019802827665,122600
2019-08-01,4.7465643882751465,4.79780930011688,4.733753160314714,4.7465643882751465,39300
2019-08-02,4.7529683113098145,4.7657795343007985,4.708128878119545,4.74015708831883,56300
2019-08-05,4.663293361663818,4.7209437570463395,4.656887592485823,4.7209437570463395,51500
2019-08-06,4.676102638244629,4.6953193268511955,4.650480183140036,4.650480183140036,59300
2019-08-07,4.637669086456299,4.6825085398297155,4.618452396041825,4.656886082314559,78100
2019-08-08,4.65688419342041,4.688912405045181,4.6376672053568155,4.644072969859235,49000
2019-08-09,4.7337541580200195,4.7337541580200195,4.656886774056538,4.676103772769324,29700
2019-08-12,4.695319175720215,4.740158623431859,4.676102487732188,4.740158623431859,52600
2019-08-13,4.676102638244629,4.733753009508085,4.644074416642009,4.720941781955788,32700
2019-08-14,4.644072532653809,4.68891196361845,4.618450087943623,4.676100741263357,48400
2019-08-15,4.669697284698486,4.67610305176299,4.6440748273280406,4.67610305176299,21200
2019-08-16,4.650481224060059,4.727348606579111,4.650481224060059,4.650481224060059,30100
2019-08-19,4.682508945465088,4.701725942988074,4.637669488207328,4.637669488207328,48400
2019-08-20,4.701724052429199,4.701724052429199,4.676101602997189,4.701724052429199,31900
2019-08-21,4.701724052429199,4.772185635645382,4.682507062633347,4.688912827713194,29700
2019-08-22,4.7337541580200195,4.740159926072226,4.7017262340904855,4.714537464751065,31500
2019-08-23,4.708130359649658,4.746564040716723,4.701724898860354,4.746564040716723,25200
2019-08-26,4.708130359649658,4.733752813694368,4.688913671837999,4.733752813694368,36700
2019-08-27,4.714535236358643,4.714535236358643,4.69531824672904,4.69531824672904,92000
2019-08-28,4.727346897125244,4.733752357296977,4.714535671338064,4.720941131509797,45800
2019-08-29,4.702900409698486,4.728634450527356,4.702900409698486,4.728634450527356,23500
2019-08-30,4.741501331329346,4.767235371400483,4.70290027122264,4.70290027122264,63800
2019-09-03,4.7479352951049805,4.760802315954561,4.722201253405818,4.722201253405818,45300
2019-09-04,4.76723575592041,4.786536440917512,4.747935377697289,4.747935377697289,33400
2019-09-05,4.780100345611572,4.792967360140215,4.767233331082928,4.792967360140215,46600
2019-09-06,4.786535739898682,4.81870313448409,4.786535739898682,4.7994027590876325,30500
2019-09-09,4.825136661529541,4.825136661529541,4.780101942249985,4.799402623876631,38600
2019-09-10,4.857303619384766,4.895904669962697,4.792968228314334,4.805835245173644,156700
2019-09-11,4.831569194793701,4.883037258067192,4.831569194793701,4.883037258067192,17900
2019-09-12,4.870170593261719,4.889470964993405,4.818702219504838,4.857303576515968,65300
2019-09-13,4.850870609283447,4.928072720811425,4.792968872250503,4.921639364904388,60500
2019-09-16,4.863736152648926,4.8766031673342205,4.825135108593041,4.8766031673342205,36500
2019-09-17,4.799402236938477,4.8637373258839185,4.799402236938477,4.844436952587237,63400
2019-09-18,4.818700313568115,4.825133972783229,4.799399949470287,4.825133972783229,33400
2019-09-19,4.838004112243652,4.850871132218744,4.805836408918947,4.805836408918947,24700
2019-09-20,4.870170593261719,4.89590462675322,4.825135881264653,4.825135881264653,60100
2019-09-23,4.889471530914307,4.902338549149321,4.850870476209262,4.850870476209262,28400
2019-09-24,4.889471530914307,4.915205567384335,4.87017115694874,4.915205567384335,26200
2019-09-25,4.883039951324463,4.902340332310285,4.870172928409239,4.889473309395061,21700
2019-09-26,4.883039951324463,4.902340332310285,4.876606286479839,4.8959069742396855,35700
2019-09-27,4.897254943847656,4.903715850288831,4.845568924610157,4.871411934228907,29100
2019-09-30,4.871408939361572,4.936016423688757,4.871408939361572,4.9166343324269945,85000
2019-10-01,4.877869129180908,4.916633614113783,4.864947634203283,4.864947634203283,28900
2019-10-02,4.832644939422607,4.903713333434463,4.813262538120168,4.897252430309377,55300
2019-10-03,4.81326150894165,4.845565401514179,4.81326150894165,4.81326150894165,31900
2019-10-04,4.8455657958984375,4.852026698167901,4.826183397162822,4.826183397162822,16700
2019-10-07,4.852025508880615,4.871407594792682,4.826182214210025,4.839103707508969,50200
2019-10-08,4.871408939361572,4.877869841830684,4.845565945630698,4.852026848099809,35000
2019-10-09,4.864948272705078,4.87786976937859,4.839104971285274,4.864948272705078,40000
2019-10-10,4.8455657958984375,4.877869691100204,4.839104893628973,4.8455657958984375,44900
2019-10-11,4.826184272766113,4.858488173828701,4.826184272766113,4.839105771576582,31500
2019-10-14,4.8455657958984375,4.8455657958984375,4.806801306499983,4.8455657958984375,26800
2019-10-15,4.839102745056152,4.864946034586752,4.826181254327173,4.864946034586752,16800
2019-10-16,4.839102745056152,4.871406625914921,4.832642153727982,4.8584851351859415,33200
2019-10-17,4.826184272766113,4.87140967263917,4.826184272766113,4.839105771576582,10800
2019-10-18,4.832644939422607,4.839105534474876,4.813262538120168,4.832644939422607,26900
2019-10-21,4.8455657958984375,4.87140878883074,4.826183397162822,4.826183397162822,32000
2019-10-22,4.864948272705078,4.864948272705078,4.832644376984909,4.832644376984909,46200
2019-10-23,4.871408939361572,4.8843304362270095,4.852026848099809,4.858487442496135,33900
2019-10-24,4.897254943847656,4.942480364716956,4.858490429419533,4.864951335860708,50500
2019-10-25,4.884330749511719,4.9166346477837015,4.864948657006774,4.8907916523952375,31600
2019-10-28,4.961859226226807,4.974780722594346,4.852026661139107,4.916634142976805,81400
2019-10-29,4.9101738929748535,4.948938387226558,4.890791799885409,4.923095391058755,52100
2019-10-30,4.930934906005859,4.976351523664116,4.885518597722999,4.904982641451254,75000
2019-10-31,4.9503984451293945,4.976350705416742,4.904981834938863,4.904981834938863,61600
2019-11-01,4.943909168243408,4.982837550350607,4.917956913505276,4.982837550350607,56700
2019-11-04,4.930934906005859,4.9568871705604645,4.911470862277604,4.9568871705604645,66900
2019-11-05,4.930934906005859,4.982839435115069,4.930934906005859,4.9568871705604645,203900
2019-11-06,4.924447059631348,4.976351589426474,4.833613823114475,4.924447059631348,128500
2019-11-07,4.956887245178223,4.963375466102242,4.904982715287677,4.904982715287677,156400
2019-11-08,4.956887245178223,4.963375466102242,4.904982715287677,4.917958847760313,85100
2019-11-11,4.969864368438721,4.969864368438721,4.91795982820053,4.91795982820053,42300
2019-11-12,4.9503984451293945,4.969862485657232,4.8984939245547,4.969862485657232,83300
2019-11-13,4.976351261138916,4.976351261138916,4.930934645876592,4.963375129546163,68600
2019-11-14,4.943909168243408,4.98932576872278,4.937421259246515,4.943909168243408,60200
2019-11-15,4.963376522064209,4.995816705459772,4.956888299759815,4.969864434993134,58900
2019-11-18,5.008791923522949,5.054208543210969,4.9503994803531075,4.989327878924805,90100
2019-11-19,4.943909168243408,5.060694623940284,4.943909168243408,5.002301896091846,51100
2019-11-20,4.924447059631348,4.995815633411946,4.917958838719256,4.950399324528911,59400
2019-11-21,4.963376522064209,4.976352657297528,4.9114719811309335,4.930936029293178,40200
2019-11-22,5.015279293060303,5.041231554368154,4.9503986397906745,4.9503986397906745,44900
2019-11-25,4.969864368438721,5.002304860775322,4.943912098319625,4.982840503498269,43700
2019-11-26,4.9503984451293945,4.995814745944579,4.937422314985721,4.956886355513558,45500
2019-11-27,5.0038251876831055,5.0038251876831055,4.932156038591839,4.945186821215557,44100
2019-11-29,4.984279632568359,4.997310416403793,4.977764085311446,4.990794869146879,16500
2019-12-02,4.984279632568359,5.003825652982313,4.984279632568359,5.003825652982313,44400
2019-12-03,4.990794658660889,4.990794658660889,4.932156289213699,4.9386715255174405,76500
2019-12-04,4.964731216430664,5.023369874402749,4.938669659704908,5.016854329882179,57600
2019-12-05,5.0038251876831055,5.0038251876831055,4.97776362243567,4.990794405059387,23100
2019-12-06,4.997309684753418,5.016855702305662,4.9647325745952156,5.01034046668103,39500
2019-12-09,5.029886722564697,5.029886722564697,4.971248356451154,5.0168559400196475,56700
2019-12-10,5.0038251876831055,5.023371516957864,4.984279169086711,5.010340734334147,90500
2019-12-11,4.958216190338135,5.042916097906649,4.951700645544562,5.01685454008891,64000
2019-12-12,5.055948257446289,5.082009820779242,4.951701693436137,4.958217239608546,97300
2019-12-13,5.055948257446289,5.088525056273309,5.029886383434995,5.075494274606833,39400
2019-12-16,5.042916774749756,5.108070988717156,5.042916774749756,5.075493881733456,75600
2019-12-17,5.075494766235352,5.088525549164031,5.0429176535744675,5.062463983306673,42900
2019-12-18,5.08201265335083,5.08852789247631,5.04943552568789,5.055951075491883,43000
2019-12-19,5.049432754516602,5.075494318072742,5.036401972738531,5.068979082522879,69300
2019-12-20,5.192770957946777,5.192770957946777,5.055947915053705,5.068978695837727,65400
2019-12-23,5.166709899902344,5.244894902904345,5.121102318052722,5.212317792430315,55800
2019-12-24,5.134134292602539,5.186257432924852,5.108072722441383,5.186257432924852,24200
2019-12-26,5.114585876464844,5.147162981236802,5.10155509669172,5.10807064191743,25600
2019-12-27,5.114585876464844,5.127616656237968,5.10155509669172,5.10155509669172,19000
2019-12-30,5.07729434967041,5.116551741612395,5.070751295018403,5.116551741612395,29300
2019-12-31,5.090377330780029,5.11000585989671,5.0642054386413795,5.090377330780029,63500
2020-01-02,5.103462219238281,5.142719582525986,5.070747593836965,5.129633794763418,31800
2020-01-03,5.090377330780029,5.11000585989671,5.070748489673504,5.103463120854432,37500
2020-01-06,5.038034915924072,5.11000693243439,4.998777537461146,5.070749553971465,345300
2020-01-07,5.064207553863525,5.064207553863525,5.005321629928119,5.024950167243262,44800
2020-01-08,5.083834171295166,5.0903772221877075,5.018405222318941,5.083834171295166,161000
2020-01-09,5.116549491882324,5.142721075002755,5.0838348569868455,5.103463700322108,56800
2020-01-10,5.142722129821777,5.149264870948921,5.123093282460459,5.123093282460459,34900
2020-01-13,5.149264812469482,5.168893659607879,5.123093224278248,5.123093224278248,43800
2020-01-14,5.142722129821777,5.1885222536816125,5.13617907670469,5.13617907670469,54300
2020-01-15,5.1885223388671875,5.195065392091699,5.162350749949039,5.175436544408114,26600
2020-01-16,5.227779865264893,5.240865972071923,5.208151329034262,5.21469407044782,47000
2020-01-17,5.221236705780029,5.253951034208253,5.221236705780029,5.2474086053085145,19400
2020-01-21,5.195064544677734,5.221236129326799,5.188521492520519,5.188521492520519,43700
2020-01-22,5.260493755340576,5.267036807807551,5.2081505835644375,5.2081505835644375,39600
2020-01-23,5.260493755340576,5.280122288761672,5.227779116985532,5.2539507028736026,40300
2020-01-24,5.247408390045166,5.267036923898896,5.227779232211595,5.267036923898896,41900
2020-01-27,5.214694499969482,5.221237553911933,5.201608704074564,5.201608704074564,57700
2020-01-28,5.227779865264893,5.234322918668408,5.208151329034262,5.21469407044782,54500
2020-01-29,5.247408390045166,5.260493871287705,5.227779232211595,5.227779232211595,26600
2020-01-30,5.288137912750244,5.288137912750244,5.235584727517444,5.248722945515687,72800
2020-01-31,5.261859893798828,5.28813632189043,5.261859893798828,5.261859893798828,21100
2020-02-03,5.307844638824463,5.347259602759715,5.294706735165778,5.307844638824463,68100
2020-02-04,5.3275532722473145,5.373537513894076,5.320984631851866,5.334122539122533,63900
2020-02-05,5.301276683807373,5.340691657482857,5.301276683807373,5.327553124097778,58800
2020-02-06,5.347259521484375,5.347259521484375,5.320983088086793,5.320983088086793,38500
2020-02-07,5.347259521484375,5.373535954881957,5.347259521484375,5.3538281599740785,56400
2020-02-10,5.3275532722473145,5.373537513894076,5.320984631851866,5.340691805997753,78900
2020-02-11,5.314413547515869,5.334120714922158,5.307844282887253,5.314413547515869,51700
2020-02-12,5.340688228607178,5.353826127077594,5.314411805186993,5.320981067661878,54500
2020-02-13,5.314413547515869,5.334120714922158,5.294706380109579,5.334120714922158,95900
2020-02-14,5.3341193199157715,5.3341193199157715,5.307842894752813,5.327550057005184,65800
2020-02-18,5.3603973388671875,5.3603973388671875,5.2881373048040725,5.2881373048040725,82400
2020-02-19,5.419519901275635,5.419519901275635,5.353828500365291,5.353828500365291,75100
2020-02-20,5.445796966552734,5.445796966552734,5.406381996149348,5.4195205284437105,45500
2020-02-21,5.458932876586914,5.458932876586914,5.399810762621661,5.399810762621661,86500
2020-02-24,5.3341193199157715,5.40637933249406,5.307842894752813,5.393241433152277,99600
2020-02-25,5.137046813964844,5.3866728861910635,5.097632170981757,5.3866728861910635,160600
2020-02-26,5.097632884979248,5.189600398154504,5.0713561394036795,5.150185749650823,130000
2020-02-27,4.920851230621338,5.039584792586809,4.914254764354844,5.0263921745906455,99500
2020-02-28,4.72955846786499,4.835099419766372,4.72955846786499,4.802118029565614,97800
2020-03-02,4.953831672668457,4.973620437360201,4.7295569092504035,4.782327367810712,126900
2020-03-03,4.90106201171875,5.019795884959238,4.82850277200158,4.953832796790531,106400
2020-03-04,5.079162120819092,5.10554735408022,4.914254255668643,4.914254255668643,37500
2020-03-05,4.973621368408203,5.052777071066392,4.934043517079109,5.039584453956693,81200
2020-03-06,4.940639972686768,4.94723643891633,4.835099029308336,4.88127334930481,90400
2020-03-09,4.676787853240967,4.782328802012912,4.6174209122883285,4.782328802012912,116500
2020-03-10,4.74934720993042,4.802118000094094,4.637210106491832,4.696576734303592,88600
2020-03-11,4.432724475860596,4.73615505497565,4.419531855661544,4.73615505497565,191200
2020-03-12,4.069927215576172,4.168872023181689,3.5488182519955696,4.083119835621115,225300
2020-03-13,4.182064533233643,4.195257152931606,4.043541869136594,4.135890207022338,104800
2020-03-16,3.8918254375457764,4.030348060789069,3.825862358510107,3.951192051409494,76500
2020-03-17,3.977578639984131,4.056734355571662,3.825863361172935,3.9182116960250553,203400
2020-03-18,3.3707172870635986,3.898422334974499,3.298157728956248,3.898422334974499,233900
2020-03-19,3.6543586254119873,3.667551243338005,3.0738828075935576,3.225598071011174,184200
2020-03-20,3.5686070919036865,3.7994784188371487,3.542221851317613,3.693937141955976,267100
2020-03-23,3.2255985736846924,3.4696625151558953,3.067287133901408,3.3179472280951456,252800
2020-03-24,3.4762563705444336,3.568604649388328,3.3047524241200574,3.3047524241200574,165400
2020-03-25,3.7137250900268555,3.7533029387606445,3.3839093693751656,3.568605996799514,187300
2020-03-26,3.9050190448760986,4.023752617287939,3.6939368238293073,3.7005332906761685,137300
2020-03-27,3.9314045906066895,4.010560311737512,3.812671008910456,3.8720376424901346,68700
2020-03-30,4.018945693969727,4.078633108015117,3.866411437369657,3.866411437369657,118100
2020-03-31,4.052104473114014,4.14495129354368,4.005680904781837,4.045472399251694,148300
2020-04-01,3.859781503677368,3.979156071992577,3.81335790232622,3.9459963115653407,52400
2020-04-02,3.8929381370544434,3.959257293789632,3.800091317625179,3.800091317625179,24100
2020-04-03,3.7602994441986084,3.9393613074349876,3.7205079541721524,3.9393613074349876,49900
2020-04-06,3.926097869873047,3.9725211214269853,3.7934592402918486,3.7934592402918486,99700
2020-04-07,4.032209873199463,4.078633456561387,3.979154530062858,3.979154530062858,75900
2020-04-08,4.2112717628479,4.304118612200315,4.012314228521299,4.012314228521299,51700
2020-04-09,4.443389415740967,4.556132186066885,4.304118971954223,4.304118971954223,68300
2020-04-13,4.3505401611328125,4.476546698749472,4.324012502290846,4.363803990553795,35800
2020-04-14,4.430123329162598,4.463283062265793,4.377068009185207,4.377068009185207,53500
2020-04-15,4.390334129333496,4.416861803159967,4.357174695167816,4.396966205907522,58800
2020-04-16,4.324012756347656,4.423491640967219,4.284221265746763,4.377068077148848,87200
2020-04-17,4.357174396514893,4.416861500415922,4.343910560510798,4.383702068523083,54700
2020-04-20,4.257694244384766,4.337277237531188,4.257694244384766,4.29085366674509,57700
2020-04-21,4.15821647644043,4.257695403062742,4.091897297437152,4.171480312241085,120900
2020-04-22,4.284221172332764,4.304116759082075,4.198006119793349,4.198006119793349,108000
2020-04-23,4.277590274810791,4.3240138503748815,4.251062607698378,4.2974861832624685,53000
2020-04-24,4.304116725921631,4.324012628752307,4.237797576877123,4.244429649898898,82700
2020-04-27,4.317381858825684,4.330645691666412,4.251062378387324,4.251062378387324,68200
2020-04-28,4.304116725921631,4.3638041181790115,4.290852896112729,4.3638041181790115,61200
2020-04-29,4.398758411407471,4.412087969831667,4.298786564325127,4.305451502438095,75800
2020-04-30,4.338776111602783,4.425418093526199,4.332111172638484,4.425418093526199,69600
2020-05-01,4.252132415771484,4.312115257747052,4.212143748520547,4.305450638772734,29300
2020-05-04,4.272127628326416,4.272127628326416,4.178820715407129,4.185485653802242,44400
2020-05-05,4.265461444854736,4.325444279424075,4.2587965089016775,4.265461444854736,25600
2020-05-06,4.252132415771484,4.2787915272721095,4.245467478995489,4.2654619715217965,45200
2020-05-07,4.258798599243164,4.305452220408608,4.24546903859615,4.298787281184204,43100
2020-05-08,4.285457611083984,4.292122550138161,4.252133869218457,4.252133869218457,154700
2020-05-11,4.245469570159912,4.298787819423799,4.245469570159912,4.29212319716673,136300
2020-05-12,4.212146282196045,4.2721291602523035,4.205481341410978,4.2721291602523035,98800
2020-05-13,4.165489673614502,4.218807890588504,4.118836074861428,4.218807890588504,98900
2020-05-14,4.172155380249023,4.172155380249023,4.0788481655087026,4.118836835625254,42700
2020-05-15,4.158824920654297,4.172154793286191,4.092177146503104,4.172154793286191,66000
2020-05-18,4.258798599243164,4.278793099114581,4.20548035665511,4.20548035665511,68300
2020-05-19,4.252132415771484,4.272126590496114,4.225473304270859,4.272126590496114,44800
2020-05-20,4.272127628326416,4.298786746303355,4.258798069337947,4.272127628326416,59100
2020-05-21,4.285457611083984,4.325446292003688,4.238804308911889,4.252133869218457,73700
2020-05-22,4.29878568649292,4.29878568649292,4.258797019386203,4.272126575088443,36100
2020-05-26,4.365435600280762,4.38542978325752,4.33211153825042,4.33211153825042,55600
2020-05-27,4.405422687530518,4.418752243951721,4.365434018266908,4.412087306840273,27800
2020-05-28,4.493825435638428,4.534008634962821,4.386670237440043,4.386670237440043,101200
2020-05-29,4.5808892250061035,4.587586265265213,4.480431066337996,4.51391690632891,49400
2020-06-01,4.53400993347168,4.580890505783582,4.53400993347168,4.560798740693404,48500
2020-06-02,4.607678413391113,4.614375454215112,4.560797850232284,4.560797850232284,28600
2020-06-03,4.65455961227417,4.661256973820114,4.580890551355438,4.580890551355438,34400
2020-06-04,4.627769470214844,4.654558269977629,4.614375070333452,4.654558269977629,17000
2020-06-05,4.681347846984863,4.7349257747536635,4.6545590427743315,4.661256403500833,33400
2020-06-08,4.721531867980957,4.721531867980957,4.681348338101797,4.71483450655184,27100
2020-06-09,4.661254405975342,4.701437595071108,4.627768255388403,4.681345840849425,56700
2020-06-10,4.694741249084473,4.728227085263314,4.6344662968758525,4.694741249084473,32400
2020-06-11,4.493825435638428,4.614375033611609,4.487128076077188,4.614375033611609,45500
2020-06-12,4.554100036621094,4.6411634686455026,4.493825082694641,4.513916521105021,45200
2020-06-15,4.554100036621094,4.560797076308669,4.480430683971835,4.534008278863058,71900
2020-06-16,4.594283103942871,4.654557736831267,4.574191346748308,4.641163338484107,67300
2020-06-17,4.547402858734131,4.6344666135744275,4.534008459477752,4.6344666135744275,44500
2020-06-18,4.520615100860596,4.547403905540098,4.507220698520844,4.547403905540098,51500
2020-06-19,4.493825435638428,4.5541003942988585,4.493825435638428,4.527311594749262,44700
2020-06-22,4.4871296882629395,4.50722145481777,4.473735283675651,4.4871296882629395,12900
2020-06-23,4.513918399810791,4.520615761633483,4.480432548740698,4.500523995513197,22200
2020-06-24,4.493825435638428,4.507219835413226,4.353184078329208,4.487128076077188,65400
2020-06-25,4.467037200927734,4.5206148068016,4.426853996522336,4.5206148068016,46800
2020-06-26,4.420157432556152,4.467038005816777,4.420157432556152,4.460340644201925,28300
2020-06-29,4.3811259269714355,4.45515393478756,4.360936266082819,4.45515393478756,66600
2020-06-30,4.482070446014404,4.502260094188118,4.408042484819122,4.414772153607979,66600
2020-07-01,4.52918004989624,4.5359097196341756,4.488801068757779,4.488801068757779,24700
2020-07-02,4.549367904663086,4.576287214793347,4.549367904663086,4.576287214793347,35200
2020-07-06,4.56282901763916,4.576288677004909,4.482070740541075,4.576288677004909,101100
2020-07-07,4.535910606384277,4.562830253309538,4.51572127231993,4.522450943373486,59400
2020-07-08,4.549367904663086,4.549367904663086,4.502258951483383,4.508988618564204,39700
2020-07-09,4.4955291748046875,4.5291784745008945,4.4686098634091245,4.5291784745008945,22500
2020-07-10,4.52918004989624,4.5359097196341756,4.475341408378291,4.475341408378291,24600
2020-07-13,4.508990287780762,4.549369588827957,4.508990287780762,4.549369588827957,31700
2020-07-14,4.542638778686523,4.542638778686523,4.488800148209622,4.488800148209622,35700
2020-07-15,4.5560994148254395,4.583018735845389,4.542639754315464,4.576289066042212,53100
2020-07-16,4.589748859405518,4.589748859405518,4.542639885805195,4.542639885805195,42700
2020-07-17,4.609938621520996,4.616668613052127,4.589749288734921,4.609938621520996,34700
2020-07-20,4.643588066101074,4.643588066101074,4.603209078505859,4.643588066101074,24900
2020-07-21,4.657046318054199,4.677235645284802,4.6301270011443485,4.6301270011443485,42700
2020-07-22,4.6772379875183105,4.683967980567756,4.609939661542513,4.609939661542513,54500
2020-07-23,4.643588066101074,4.67050739116455,4.643588066101074,4.67050739116455,39600
2020-07-24,4.6503167152404785,4.6637763748151295,4.589748407606348,4.657046705479603,55600
2020-07-27,4.643588066101074,4.65031773691511,4.630128403569335,4.636858074383371,27200
2020-07-28,4.663777828216553,4.670507820552985,4.636858500678217,4.636858500678217,24700
2020-07-29,4.704154968261719,4.704154968261719,4.670505982532792,4.670505982532792,33800
2020-07-30,4.678463935852051,4.719028612926102,4.678463935852051,4.705507053901417,43000
2020-07-31,4.732550144195557,4.732550144195557,4.678463908414025,4.6987460856424015,34000
2020-08-03,4.732550144195557,4.732550144195557,4.691985467359408,4.691985467359408,38500
2020-08-04,4.752833366394043,4.752833366394043,4.698746800010137,4.712268361011253,51500
2020-08-05,4.759592533111572,4.759592533111572,4.732549419362704,4.746070976237138,57400
2020-08-06,4.739311218261719,4.759593396061005,4.71226777723033,4.7460718367350125,33900
2020-08-07,4.759592533111572,4.779875029612896,4.739310358989594,4.739310358989594,24400
2020-08-10,4.786636829376221,4.8001583895910915,4.759593708946479,4.779876210458498,28500
2020-08-11,4.7731146812438965,4.813679356892048,4.7257890651313605,4.779875621708281,141100
2020-08-12,4.793398857116699,4.800159477566744,4.75959478772798,4.766355730557523,28800
2020-08-13,4.786636829376221,4.793397770673369,4.766354650243628,4.779876210458498,17800
2020-08-14,4.732550144195557,4.793397320639477,4.732550144195557,4.766354202748711,40700
2020-08-17,4.752833366394043,4.766354927395159,4.732550863702648,4.732550863702648,40300
2020-08-18,4.725790977478027,4.74607348469935,4.725790977478027,4.732551920678307,16600
2020-08-19,4.746070384979248,4.7663528789538105,4.6919841642194875,4.6919841642194875,38600
2020-08-20,4.7731146812438965,4.779875621708281,4.7257890651313605,4.7731146812438965,53900
2020-08-21,4.725790977478027,4.766355991920673,4.719030356657264,4.739312863878586,28700
2020-08-24,4.759592533111572,4.766353472738461,4.752831915864028,4.766353472738461,13000
2020-08-25,4.752833366394043,4.779876488396274,4.732550863702648,4.746072424703764,32700
2020-08-26,4.759592533111572,4.766353472738461,4.712266922861381,4.732549419362704,59800
2020-08-27,4.759592533111572,4.773114089986006,4.725788479735814,4.766353472738461,46200
2020-08-28,4.774537086486816,4.781328578032773,4.740578657202285,4.754161964145781,43000
2020-08-31,4.754159927368164,4.781326529616438,4.72699332511989,4.781326529616438,12500
2020-09-01,4.7949090003967285,4.7949090003967285,4.733783993997528,4.733783993997528,22100
2020-09-02,4.808494567871094,4.808494567871094,4.7677446523291485,4.80170307720654,40400
2020-09-03,4.788120269775391,4.808495067738656,4.747370026145709,4.801703576368093,37300
2020-09-04,4.7949090003967285,4.801700811708368,4.733783993997528,4.801700811708368,25000
2020-09-08,4.754159927368164,4.767743228492301,4.740576626244027,4.767743228492301,33800
2020-09-09,4.788120269775391,4.801703576368093,4.754161841367847,4.760953656589986,31500
2020-09-10,4.747368812561035,4.767743929167321,4.665868993838874,4.760952439532887,187300
2020-09-11,4.733785629272461,4.754160746394526,4.720202325808251,4.754160746394526,37900
2020-09-14,4.754159927368164,4.815284944352503,4.7473681148803735,4.7745350409800915,90200
2020-09-15,4.760952472686768,4.8764103880880985,4.740577355938595,4.8764103880880985,135600
2020-09-16,4.774537086486816,4.781328578032773,4.767745271089277,4.774537086486816,31600
2020-09-17,4.760952472686768,4.781327265583446,4.747368845620323,4.754160659153545,63500
2020-09-18,4.754159927368164,4.760951739855955,4.699826722871617,4.760951739855955,47600
2020-09-21,4.7202019691467285,4.7202019691467285,4.6862438749778486,4.693035364271035,56100
2020-09-22,4.699826717376709,4.720201507113371,4.69303490489686,4.699826717376709,28800
2020-09-23,4.638701915740967,4.699826935490585,4.625118614002324,4.6862436337519435,29300
2020-09-24,4.618329048156738,4.652287154717959,4.618329048156738,4.618329048156738,24300
2020-09-25,4.638701915740967,4.6454937285360165,4.60474382332009,4.60474382332009,22400
2020-09-28,4.645493984222412,4.672660589194937,4.63191068173615,4.665868776026068,63800
2020-09-29,4.66732931137085,4.680976459780614,4.653682162961085,4.653682162961085,29300
2020-09-30,4.653682231903076,4.687799940746081,4.653682231903076,4.674152792134142,51000
2020-10-01,4.674153804779053,4.708271846387343,4.660506653210488,4.6673303916816495,50700
2020-10-02,4.674153804779053,4.680977543250214,4.612741785407392,4.612741785407392,53600
2020-10-05,4.6946234703063965,4.7082706183153356,4.6877997336150905,4.701446881624029,59400
2020-10-06,4.735564708709717,4.762859003542446,4.694623266460623,4.694623266460623,68600
2020-10-07,4.769683361053467,4.776507098802572,4.749212798553598,4.756036210928979,31700
2020-10-08,4.776505947113037,4.790153093946986,4.762858800279089,4.762858800279089,195400
2020-10-09,4.783330917358398,4.803801480204084,4.783330917358398,4.7901543298490505,18700
2020-10-12,4.803802490234375,4.8174496434588105,4.796979076309056,4.796979076309056,42600
2020-10-13,4.790153503417969,4.810624388105603,4.78333009210454,4.810624388105603,32100
2020-10-14,4.796978950500488,4.810626103367005,4.790155211380335,4.790155211380335,52100
2020-10-15,4.769683361053467,4.8038013990515465,4.680977047931163,4.8038013990515465,105400
2020-10-16,4.776505947113037,4.790153093946986,4.742387917341343,4.742387917341343,78300
2020-10-19,4.721918106079102,4.783330439224947,4.721918106079102,4.783330439224947,37700
2020-10-20,4.749211311340332,4.80379989474389,4.728740429877186,4.728740429877186,26400
2020-10-21,4.749211311340332,4.783329338654367,4.742387575728076,4.762858457191221,28300
2020-10-22,4.749211311340332,4.776505603042111,4.742387575728076,4.769681867429855,82500
2020-10-23,4.749211311340332,4.776505603042111,4.749211311340332,4.762858457191221,62400
2020-10-26,4.701449871063232,4.756038497809425,4.701449871063232,4.756038497809425,39800
2020-10-27,4.756035804748535,4.756035804748535,4.715094357871602,4.72191809503794,42400
2020-10-28,4.7082719802856445,4.74921343615567,4.674153937707073,4.728742545533773,179000
2020-10-29,4.689075946807861,4.7233526208655805,4.661654476805803,4.70278668180889,65500
2020-10-30,4.647943019866943,4.682219688600668,4.647943019866943,4.661653752738364,39000
2020-11-02,4.689075946807861,4.716497416809919,4.654798945860435,4.654798945860435,62300
2020-11-03,4.75762939453125,4.764484598259424,4.709641660875267,4.716497191493133,18900
2020-11-04,4.7850518226623535,4.826184033947789,4.7850518226623535,4.7850518226623535,41300
2020-11-05,4.812471866607666,4.826182599628043,4.785050400566911,4.785050400566911,56000
2020-11-06,4.812471866607666,4.819327396562684,4.79190560363227,4.79190560363227,31900
2020-11-09,4.860459804534912,4.922157942333674,4.833038337315535,4.833038337315535,90200
2020-11-10,4.887881278991699,4.894736482361857,4.826182814211907,4.826182814211907,36000
2020-11-11,4.9153032302856445,4.929013965265798,4.908447699350715,4.922158434330868,48200
2020-11-12,4.86731481552124,4.929013277771133,4.86731481552124,4.929013277771133,42500
2020-11-13,4.887881278991699,4.922157949621837,4.867315015101877,4.867315015101877,21800
2020-11-16,4.935868263244629,4.935868263244629,4.901591595531191,4.901591595531191,54800
2020-11-17,4.949580192565918,4.956435723900129,4.93586945678722,4.949580192565918,42100
2020-11-18,4.9153032302856445,4.963290639271327,4.9153032302856445,4.929013965265798,81100
2020-11-19,4.908448696136475,4.9153042284635955,4.894737958372006,4.894737958372006,18800
2020-11-20,4.8810272216796875,4.901593491775794,4.874172016240834,4.894737959447168,24000
2020-11-23,4.942724227905273,4.970145695245107,4.881025762945811,4.881025762945811,38300
2020-11-24,5.018135070800781,5.038701014599554,4.956436585624898,4.990713594475896,47900
2020-11-25,5.01127815246582,5.038699621207628,5.004422948725215,5.004422948725215,48100
2020-11-27,5.03331184387207,5.053968535052507,5.026426499029903,5.026426499029903,4300
2020-11-30,4.991999626159668,5.047083707433244,4.98511395183696,5.047083707433244,50600
2020-12-01,5.0195417404174805,5.0195417404174805,4.985114024953036,5.005770719897108,62500
2020-12-02,5.026427268981934,5.033312614878803,4.998885228740417,4.998885228740417,23200
2020-12-03,5.03331184387207,5.053968535052507,5.012655481018601,5.019540825860767,30600
2020-12-04,5.03331184387207,5.060853879894675,5.026426499029903,5.026426499029903,14200
2020-12-07,5.005770683288574,5.033312724127896,4.998885337242256,5.012656357661917,35100
2020-12-08,5.0195417404174805,5.02642741484118,4.998885373800436,5.005770719897108,26700
2020-12-09,5.0195417404174805,5.047083781458224,5.012656394320809,5.047083781458224,11700
2020-12-10,5.03331184387207,5.040197517041205,5.0057698078494655,5.040197517041205,25600
2020-12-11,5.026427268981934,5.05396930922345,5.026427268981934,5.040198289102691,19900
2020-12-14,5.040197372436523,5.10216678754598,5.026426354820315,5.026426354820315,56200
2020-12-15,5.047082424163818,5.074624457797778,5.040197079918798,5.074624457797778,34600
2020-12-16,5.03331184387207,5.081510571075112,5.026426499029903,5.06773955306381,37700
2020-12-17,5.03331184387207,5.060853879894675,5.012655481018601,5.012655481018601,60200
2020-12-18,5.012653827667236,5.067737881543768,4.998882814198104,5.067737881543768,37400
2020-12-21,5.005770683288574,5.005770683288574,4.950686601609931,4.991999662868913,85000
2020-12-22,5.012653827667236,5.012653827667236,4.991997143300107,4.991997143300107,41300
2020-12-23,5.053969383239746,5.067740403562183,5.005770647947705,5.005770647947705,69800
2020-12-24,5.060854911804199,5.088396953442633,5.033312870165766,5.088396953442633,11500
2020-12-28,5.0677385330200195,5.074623876476292,5.047081845997398,5.053967517780572,32200
2020-12-29,5.10216760635376,5.10216760635376,5.053969201125518,5.074625566701333,44400
2020-12-30,5.117382526397705,5.131213276614276,5.089721025964564,5.103551776181135,35300
2020-12-31,5.179619789123535,5.179619789123535,5.1173815894201455,5.131212337104348,45700
2021-01-04,5.124295711517334,5.179618690520068,5.11046496676665,5.179618690520068,42000
2021-01-05,5.117382526397705,5.131213276614276,5.089721025964564,5.110466986413872,13900
2021-01-06,5.117382526397705,5.145044026830847,5.08280548598073,5.08280548598073,34300
2021-01-07,5.138128280639648,5.151959030301153,5.1242975309781436,5.138128280639648,26500
2021-01-08,5.145041465759277,5.151956672549799,5.117379979095324,5.117379979095324,23500
2021-01-11,5.110465049743652,5.1381265396941505,5.082803559793154,5.124295794718901,32900
2021-01-12,5.082803726196289,5.131211500069942,5.068972980768242,5.110465217052382,39300
2021-01-13,5.131211280822754,5.1519572332028964,5.089719046311502,5.110464998691644,22900
2021-01-14,5.110465049743652,5.1519572846693995,5.103549842131513,5.14504207705726,55800
2021-01-15,5.103551387786865,5.145043635278904,5.068974350001298,5.145043635278904,74500
2021-01-19,5.131211280822754,5.138126488365812,5.068972764180391,5.124295743528728,102700
2021-01-20,5.158872127532959,5.165787334214157,5.110464361760869,5.110464361760869,68700
2021-01-21,5.1657891273498535,5.1657891273498535,5.131212422439834,5.158873918268266,66800
2021-01-22,5.200367450714111,5.20728299126048,5.151959656142897,5.151959656142897,147000
2021-01-25,5.186534881591797,5.214196374580205,5.179619343469191,5.186534881591797,47100
2021-01-26,5.158872127532959,5.214195099986246,5.1450413844196365,5.214195099986246,47900
2021-01-27,5.131211280822754,5.158872770496923,5.131211280822754,5.1519572332028964,36100
2021-01-28,5.125656604766846,5.202055040813824,5.1187111117556645,5.1187111117556645,47700
2021-01-29,5.125656604766846,5.139547259609872,5.097875295080792,5.111765949923819,31500
2021-02-01,5.132601737976074,5.160383047507202,5.104820428444947,5.125656576182959,33800
2021-02-02,5.174273490905762,5.188164145103898,5.153437675198218,5.153437675198218,22500
2021-02-03,5.181217193603516,5.202053002112768,5.14649040451582,5.202053002112768,28900
2021-02-04,5.181217193603516,5.188162352713531,5.160381053915057,5.188162352713531,22500
2021-02-05,5.222891807556152,5.25067312053416,5.18121983808914,5.18121983808914,53000
2021-02-08,5.229836940765381,5.243727596296551,5.195110136347781,5.23678210294129,19300
2021-02-09,5.229836940765381,5.229836940765381,5.181219480816611,5.2090007918789505,43600
2021-02-10,5.229836940765381,5.26456341400363,5.229836940765381,5.243727596296551,22700
2021-02-11,5.209000110626221,5.257617564216616,5.209000110626221,5.222890764340718,30500
2021-02-12,5.229836940765381,5.23678210294129,5.20205529852369,5.229836940765381,28500
2021-02-16,5.24372673034668,5.250671891375664,5.208999931663868,5.2367812381383985,37700
2021-02-17,5.215945243835449,5.236781057382517,5.2020542598983575,5.229835896593256,32300
2021-02-18,5.222891807556152,5.236782464045157,5.209001151067148,5.236782464045157,44600
2021-02-19,5.229836940765381,5.2784540695348,5.2090007918789505,5.23678210294129,44500
2021-02-22,5.174273490905762,5.2298364388776255,5.174273490905762,5.2228909461888975,42800
2021-02-23,5.1881632804870605,5.195108772018309,5.097874208835674,5.1881632804870605,59700
2021-02-24,5.202054500579834,5.208999992869725,5.181218686068763,5.202054500579834,22600
2021-02-25,5.126722812652588,5.2243745838897055,5.10579759940191,5.217399623672903,28100
2021-02-26,5.105799198150635,5.161600227758778,5.098823903149431,5.126724417953502,28000
2021-03-01,5.217399597167969,5.231349850130974,5.126722786608302,5.126722786608302,84300
2021-03-02,5.196475028991699,5.2243755401663945,5.18950006749819,5.18950006749819,16900
2021-03-03,5.1615986824035645,5.217399695305181,5.1615986824035645,5.217399695305181,37900
2021-03-04,5.182523250579834,5.196473502068062,5.140672496115152,5.182523250579834,28300
2021-03-05,5.1894989013671875,5.210424113745945,5.1406728514829965,5.210424113745945,56100
2021-03-08,5.175549507141113,5.238325819887667,5.175549507141113,5.210424977755625,25500
2021-03-09,5.210425853729248,5.231351405696193,5.196475596618073,5.196475596618073,29400
2021-03-10,5.2243733406066895,5.231348631763798,5.175547632907681,5.231348631763798,55800
2021-03-11,5.238325595855713,5.259250810809431,5.217400048301699,5.238325595855713,42200
2021-03-12,5.238325595855713,5.252275850024957,5.203449794132455,5.245300556640188,32400
2021-03-15,5.245301723480225,5.252277018416678,5.2383267611441395,5.252277018416678,40800
2021-03-16,5.231350421905518,5.266226224425009,5.231350421905518,5.2383257154495375,51200
2021-03-17,5.231350421905518,5.245300676393254,5.182524364898291,5.2383257154495375,51100
2021-03-18,5.16857385635376,5.203449657158961,5.16857385635376,5.182524110155783,45700
2021-03-19,5.175549507141113,5.182524468223892,5.168574213458025,5.182524468223892,46000
2021-03-22,5.182523250579834,5.189498542624063,5.161598039647608,5.161598039647608,43000
2021-03-23,5.196475028991699,5.203450323085537,5.175549811910843,5.182524773404352,34300
2021-03-24,5.196475028991699,5.231350834260232,5.196475028991699,5.203450323085537,32400
2021-03-25,5.203448295593262,5.224373504520736,5.196473004217304,5.2104232543690205,31000
2021-03-26,5.203448295593262,5.231348795896695,5.182522754065587,5.217398545744978,63900
2021-03-29,5.2243733406066895,5.231348631763798,5.2034481323357396,5.21042309089266,39200
2021-03-30,5.225776195526123,5.239786305941982,5.204760862888644,5.218770973304503,33700
2021-03-31,5.253796100616455,5.253796100616455,5.246790878815833,5.253796100616455,49000
2021-04-01,5.246790885925293,5.2608013295455205,5.232780776332426,5.253796107735407,35400
2021-04-05,5.274811267852783,5.288821376990708,5.253795937132221,5.253795937132221,36100
2021-04-06,5.281815528869629,5.29582563634565,5.274810642145273,5.281815528869629,44100
2021-04-07,5.302831172943115,5.323846168395181,5.267805735153232,5.267805735153232,29500
2021-04-08,5.316841125488281,5.3378561203246795,5.302831017588242,5.33085123338832,22500
2021-04-09,5.330849647521973,5.330849647521973,5.316839543789778,5.323844428642265,27100
2021-04-12,5.337858200073242,5.337858200073242,5.323848086714551,5.337858200073242,27800
2021-04-13,5.337858200073242,5.344863423766314,5.330853310407622,5.337858200073242,23400
2021-04-14,5.337858200073242,5.351868313431934,5.330853310407622,5.330853310407622,18100
2021-04-15,5.386892318725586,5.393897206512037,5.351866877711245,5.358872099525057,60100
2021-04-16,5.421917915344238,5.463948581968012,5.372882694328821,5.379887582747855,37500
2021-04-19,5.400902271270752,5.428922489656468,5.379886940467789,5.428922489656468,22700
2021-04-20,5.407906532287598,5.42191663985723,5.393896424717966,5.41491175308607,37200
2021-04-21,5.407906532287598,5.42191663985723,5.400901645516439,5.41491175308607,23800
2021-04-22,5.407906532287598,5.41491175308607,5.3868915379468065,5.407906532287598,26100
2021-04-23,5.407906532287598,5.428921860655702,5.393896424717966,5.400901645516439,43600
2021-04-26,5.407906532287598,5.41491175308607,5.400901645516439,5.407906532287598,11800
2021-04-27,5.407906532287598,5.42191663985723,5.393896424717966,5.41491175308607,12500
2021-04-28,5.421917915344238,5.428923137790664,5.400902916059742,5.400902916059742,26300
2021-04-29,5.430358409881592,5.465529260092977,5.416290136879855,5.437392714089503,34700
2021-04-30,5.437392711639404,5.451460984634801,5.4233244386440065,5.4233244386440065,15900
2021-05-03,5.49366569519043,5.507733967908156,5.444426572971348,5.45146087703725,41400
2021-05-04,5.500699043273926,5.521801280976057,5.472562502728404,5.521801280976057,38600
2021-05-05,5.486630916595459,5.521801425490822,5.486630916595459,5.514767457877361,42300
2021-05-06,5.486630916595459,5.493664884208919,5.479596613567968,5.479596613567968,8100
2021-05-07,5.542904376983643,5.549938345076564,5.5077335302768775,5.5077335302768775,16400
2021-05-10,5.556972026824951,5.564005994130856,5.542903756799126,5.556972026824951,26600
2021-05-11,5.556972026824951,5.556972026824951,5.521801184053382,5.542903756799126,34600
2021-05-12,5.416290283203125,5.54290507905339,5.416290283203125,5.528836805671593,54900
2021-05-13,5.444427013397217,5.451461318032158,5.402222191829886,5.416290465685663,18000
2021-05-14,5.472562313079834,5.578074168762078,5.458494043294601,5.5006988526503005,75600
2021-05-17,5.500699043273926,5.521801280976057,5.486630773001164,5.500699043273926,37900
2021-05-18,5.542904376983643,5.556972648583538,5.465528715477191,5.486631290584061,70600
2021-05-19,5.549939155578613,5.564007429233011,5.5358708819242155,5.556973460112863,315900
2021-05-20,5.606210708618164,5.620278978404114,5.556971932074345,5.556971932074345,85000
2021-05-21,5.592144012451172,5.6413834736789035,5.578075738706436,5.634349169099483,54500
2021-05-24,5.620279788970947,5.627314092585427,5.599177548955624,5.627314092585427,18900
2021-05-25,5.599178314208984,5.641383470836028,5.564007462157817,5.59214400963311,43600
2021-05-26,5.613247394561768,5.648417916252783,5.549939985938128,5.627315670321004,63500
2021-05-27,5.587078094482422,5.615367070172464,5.587078094482422,5.615367070172464,27400
2021-05-28,5.594150543212891,5.608295032002092,5.587078467433897,5.608295032002092,39000
2021-06-01,5.608297824859619,5.629514737224767,5.587081249725852,5.587081249725852,57600
2021-06-02,5.686089515686035,5.686089515686035,5.587078100661386,5.5941501759761225,109600
2021-06-03,5.700234889984131,5.700234889984131,5.664873498309875,5.671945911537216,50700
2021-06-04,5.721452236175537,5.735596390098432,5.664874271558879,5.71437982198282,60200
2021-06-07,5.721452236175537,5.7285246503682545,5.6790184254817735,5.700235668059925,22300
2021-06-08,5.735594749450684,5.7426671616203615,5.686089213187636,5.728523011743354,60100
2021-06-09,5.728524684906006,5.77803023562842,5.657801891477519,5.77803023562842,62200
2021-06-10,5.749741077423096,5.770957645018193,5.7073072677703784,5.714379681789585,32200
2021-06-11,5.749741077423096,5.770957645018193,5.742668663403889,5.742668663403889,33800
2021-06-14,5.79217529296875,5.79217529296875,5.721453162973173,5.742669734525581,43700
2021-06-15,5.813392162322998,5.813392162322998,5.770958347504901,5.799247332562764,50600
2021-06-16,5.855825901031494,5.87704314783984,5.778031352788912,5.806320340737367,52900
2021-06-17,5.869968891143799,5.877041304528346,5.792173692838709,5.855824064374705,66200
2021-06-18,5.728524684906006,5.869969597300435,5.707307442199934,5.8487530290569065,57800
2021-06-21,5.728524684906006,5.7568136673848915,5.686090873956405,5.728524684906006,48000
2021-06-22,5.799246311187744,5.813391138456763,5.714379370961092,5.714379370961092,29300
2021-06-23,5.763885021209717,5.827535396140836,5.749740868148634,5.827535396140836,79800
2021-06-24,5.799246311187744,5.806318724822253,5.763884917477684,5.785102158381212,41000
2021-06-25,5.855825901031494,5.8628983166342765,5.792175509531803,5.813392756340149,78700
2021-06-28,5.905330181121826,5.905330181121826,5.862896376013412,5.862896376013412,47000
2021-06-29,5.9074625968933105,5.921679963487587,5.886135530071377,5.9003535746193325,23700
2021-06-30,5.886137008666992,5.9714432635225885,5.886137008666991,5.886137008666991,49400
2021-07-01,5.914571762084961,5.943007177173685,5.89324537025686,5.89324537025686,28800
2021-07-02,5.928790092468262,5.935899116069256,5.893245652417095,5.935899116069256,15900
2021-07-06,5.978550434112549,5.978550434112549,5.9287886370290614,5.9287886370290614,10100
2021-07-07,5.971443176269531,5.992770248137192,5.971443176269531,5.971443176269531,34300
2021-07-08,5.9074625968933105,5.957224396903796,5.9074625968933105,5.935898008035542,40000
2021-07-09,5.9074625968933105,5.957224396903796,5.893244552345355,5.928788985761564,39200
2021-07-12,5.921678066253662,5.9430044482892015,5.907460704214456,5.928787086249995,26300
2021-07-13,5.992769241333008,5.992769241333008,5.921680369624972,5.935898415148069,24800
2021-07-14,5.978550434112549,6.014094865438027,5.957224046498717,5.999876821726381,52800
2021-07-15,5.985661506652832,6.021205950155818,5.971443458070088,6.006987901573075,110600
2021-07-16,5.985661506652832,6.021205950155818,5.950117063149845,5.985661506652831,47900
2021-07-19,5.935898780822754,5.978551564112174,5.921680734423769,5.928789757623262,53700
2021-07-20,5.971443176269531,5.978552200225418,5.928790388441888,5.971443176269531,60200
2021-07-21,5.95011568069458,5.992769138578795,5.943006658054926,5.978551093299485,11500
2021-07-22,5.928790092468262,5.978551901767611,5.914572045266272,5.978551901767611,12400
2021-07-23,5.928790092468262,5.950116485317439,5.928790092468262,5.928790092468262,24800
2021-07-26,5.971443176269531,6.0212056660069,5.9501167823557095,5.9501167823557095,51600
2021-07-27,5.9572272300720215,6.014098079403411,5.943009178762174,5.978553629082792,37900
2021-07-28,5.992769241333008,6.00698660890238,5.971442173048362,5.971442173048362,26500
2021-07-29,5.9949116706848145,6.030637653701986,5.959185006238197,6.030637653701986,40900
2021-07-30,6.037783622741699,6.094946018016949,5.973475757699666,5.973475757699666,54500
2021-08-02,6.030641078948975,6.0806587101547285,5.987769602406709,6.016350813911497,57300
2021-08-03,6.116383075714111,6.116383075714111,6.0163485326630255,6.052075203854812,46500
2021-08-04,6.030641078948975,6.0806587101547285,5.994915075640364,6.073513236921073,43300
2021-08-05,6.030641078948975,6.044932025416285,6.002059867444186,6.009205340677842,41000
2021-08-06,6.059220314025879,6.094946987110811,6.023494322370558,6.030639111843855,34000
2021-08-09,6.037783622741699,6.08780122967967,6.037783622741698,6.08780122967967,16500
2021-08-10,6.030641078948975,6.0592222904537625,5.987769602406709,6.03778655218263,82200
2021-08-11,6.052077293395996,6.102094241475611,6.030640874422038,6.059222084957505,24900
2021-08-12,6.07351016998291,6.08065563960832,6.044928972910758,6.044928972910758,21600
2021-08-13,6.080657958984375,6.102093694607457,6.052076751010349,6.102093694607457,63100
2021-08-16,6.07351016998291,6.08065563960832,6.044928972910758,6.08065563960832,48100
2021-08-17,6.07351016998291,6.08065563960832,6.059219230732089,6.07351016998291,30900
2021-08-18,6.07351016998291,6.102091367055062,6.044928972910758,6.08065563960832,35900
2021-08-19,6.102093696594238,6.13067490457757,6.052076752980845,6.073512488610906,54100
2021-08-20,6.07351016998291,6.102091367055062,6.07351016998291,6.102091367055062,33900
2021-08-23,6.080657958984375,6.1092391669584005,6.066367014282487,6.087803431335319,72500
2021-08-24,6.080657958984375,6.116384639309344,6.044931278659405,6.102093694607457,34100
2021-08-25,6.066366195678711,6.109238342569399,6.066366195678711,6.0949473997959505,27900
2021-08-26,6.059220314025879,6.116383399819537,6.009203380564741,6.080656726734605,46000
2021-08-27,6.087802410125732,6.094947199848411,6.0377847934891715,6.094947199848411,50900
2021-08-30,6.082775115966797,6.118683015188423,6.075593399145229,6.075593399145229,54500
2021-08-31,6.168952941894531,6.1904974049540495,6.082774404770329,6.082774404770329,26300
2021-09-01,6.140227794647217,6.16895397851572,6.140227794647217,6.140227794647217,24200
2021-09-02,6.1474103927612305,6.197681050513347,6.140228674543401,6.154591426092715,44900
2021-09-03,6.161771297454834,6.176134729585369,6.1474085502104385,6.1545895813895655,24100
2021-09-07,6.161771297454834,6.176134729585369,6.140226834145171,6.140226834145171,19900
2021-09-08,6.161771297454834,6.183315760764496,6.104318938704972,6.1545895813895655,46000
2021-09-09,6.19049596786499,6.197677682179679,6.118680879376025,6.176133224121586,32300
2021-09-10,6.176136493682861,6.212043714493144,6.161773057449681,6.212043714493144,25900
2021-09-13,6.161771297454834,6.197679192895032,6.1545895813895655,6.197679192895032,27900
2021-09-14,6.176136493682861,6.204862681262889,6.140228587986244,6.190499245029708,22400
2021-09-15,6.183316230773926,6.20486138060743,6.161771765826614,6.1976796639962615,48900
2021-09-16,6.168952941894531,6.197679120935932,6.1617712259126485,6.197679120935932,42100
2021-09-17,6.161771297454834,6.183315760764496,6.1545895813895655,6.183315760764496,33700
2021-09-20,6.068411827087402,6.154590376343394,6.068411827087402,6.154590376343394,80100
2021-09-21,6.082775115966797,6.125864047123779,6.068411682323661,6.068411682323661,19100
2021-09-22,6.0468668937683105,6.104319255499767,6.0468668937683105,6.104319255499767,38800
2021-09-23,6.0755934715271,6.104319654269389,6.04686728878481,6.054049005691938,27700
2021-09-24,6.061230182647705,6.104319800234599,6.018141249947047,6.08277533388427,33800
2021-09-27,6.0755934715271,6.125864120104551,6.054049005691938,6.0612300377128445,38200
2021-09-28,6.032504558563232,6.068412462400717,6.003778372470505,6.068412462400717,35900
2021-09-29,6.027451038360596,6.0418876882028645,5.991358381139659,6.034669019076641,29500
2021-09-30,5.854208469390869,6.070763800065011,5.854208469390869,6.027453146976434,96300
2021-10-01,5.9047369956970215,5.9624849775474855,5.897518325863152,5.955266307713616,43300
2021-10-04,5.948047637939453,5.955266307773394,5.897518325922351,5.933610986681814,33600
2021-10-05,5.940829277038574,5.948047947247899,5.926392625030206,5.948047947247899,161700
2021-10-06,5.933611869812012,5.962485865035,5.91195585708701,5.962485865035,45100
2021-10-07,5.919173717498779,5.9480477087681285,5.919173717498779,5.933611057338581,58600
2021-10-08,5.9263916015625,5.933610270525185,5.919172932599815,5.933610270525185,23500
2021-10-11,5.919173717498779,5.92639238741868,5.854207065040178,5.919173717498779,80300
2021-10-12,5.897518157958984,5.919173478433813,5.897518157958984,5.897518157958984,18900
2021-10-13,5.9047369956970215,5.919173646954515,5.82533300434495,5.9047369956970215,51400
2021-10-14,5.919173717498779,5.92639238741868,5.911955047578878,5.92639238741868,94600
2021-10-15,5.9263916015625,5.984139576443656,5.9263916015625,5.955265589003078,37200
2021-10-18,5.948047637939453,5.969703647441278,5.897518325922351,5.940828968105511,37200
2021-10-19,5.976922035217285,6.013014698430577,5.919174049440136,5.940829372003994,49100
2021-10-20,5.991360187530518,6.041889509828278,5.991360187530518,5.991360187530518,24500
2021-10-21,5.984139442443848,6.020232098038907,5.976920773642807,5.99857678004593,36300
2021-10-22,6.005796432495117,6.013015103305889,5.99135977928391,5.998578450094683,27300
2021-10-25,5.991360187530518,6.027452855633369,5.976922844925223,5.998578858833165,29900
2021-10-26,5.991360187530518,5.998578858833165,5.94804884812502,5.991360187530518,41600
2021-10-27,6.005796432495117,6.0418890981386415,5.998578450094683,5.998578450094683,39800
2021-10-28,5.986203670501709,6.007971490092766,5.949923509858943,5.986203670501709,51700
2021-10-29,5.971693515777588,5.993462035324938,5.949925688216999,5.993462035324938,33800
2021-11-01,5.971693515777588,5.986205862142488,5.942669515034549,5.957181861399449,55300
2021-11-02,5.949924945831299,5.986205115230028,5.928157120986731,5.986205115230028,59800
2021-11-03,5.935412883758545,5.971692358667549,5.920900540205642,5.9644368788777244,31600
2021-11-04,5.9136433601379395,5.949923520847711,5.906387881585193,5.942667350308454,50900
2021-11-05,5.92815637588501,5.957180369358674,5.92815637588501,5.92815637588501,37400
2021-11-08,5.964437484741211,5.971692965268042,5.928157314160265,5.935413486673793,41400
2021-11-09,5.957179546356201,5.9862035358201116,5.935411727254892,5.9862035358201116,29100
2021-11-10,5.949924945831299,5.978948942952947,5.942668773554217,5.949924945831299,33300
2021-11-11,5.971693515777588,5.9789496889600375,5.93541403383886,5.971693515777588,38000
2021-11-12,5.971693515777588,5.993462035324938,5.92090168747396,5.993462035324938,67000
2021-11-15,5.964437484741211,6.000717655322157,5.9499251397141535,6.000717655322157,34700
2021-11-16,6.022484302520752,6.022484302520752,5.957180146649756,5.9716917968507754,64100
2021-11-17,5.971693515777588,6.022486036067977,5.957181861399449,6.022486036067977,42700
2021-11-18,5.92815637588501,5.993460534197399,5.92815637588501,5.971692020102211,44100
2021-11-19,5.957179546356201,5.9644357167188025,5.928155556892291,5.935411727254892,31800
2021-11-22,5.935412883758545,5.978948530444001,5.920900540205642,5.971692358667549,13800
2021-11-23,5.957179546356201,5.9644357167188025,5.913643216167089,5.9426672056309995,31300
2021-11-24,5.971693515777588,5.986205862142488,5.928157860656411,5.949925688216999,34900
2021-11-26,5.94266939163208,5.971693391772421,5.935413910587055,5.971693391772421,9800
2021-11-29,5.974033832550049,5.974033832550049,5.930268404242426,5.94485664846532,23500
2021-11-30,5.988622665405273,6.010505379168078,5.93026829827851,5.9740337258041185,50400
2021-12-01,5.944854736328125,5.995915313782189,5.922972029212793,5.981326378612823,65700
2021-12-02,5.944854736328125,5.952149203912808,5.922972029212793,5.922972029212793,26300
2021-12-03,5.908385276794434,5.9594451714613115,5.908385276794434,5.94485623261998,43700
2021-12-06,5.915679454803467,5.959445578679176,5.893796740685082,5.959445578679176,59400
2021-12-07,5.952150344848633,5.9667392828144745,5.930267633538721,5.944855875865712,24200
2021-12-08,5.915679454803467,5.974033822878453,5.915679454803467,5.952151108760067,55200
2021-12-09,5.915679454803467,5.930268394641683,5.908385680523298,5.930268394641683,65500
2021-12-10,5.922974109649658,5.93756304994337,5.915679639502803,5.93756304994337,31200
2021-12-13,5.974033832550049,5.988622772411883,5.930268404242426,5.930268404242426,32500
2021-12-14,5.959444522857666,5.974032764472376,5.94485558560414,5.974032764472376,19000
2021-12-15,6.010502815246582,6.046974453052705,5.959442939701188,5.98862011081836,61300
2021-12-16,6.07615327835083,6.105330457411241,6.003209982880392,6.025093388904816,65100
2021-12-17,6.083448886871338,6.098037131315508,6.025094517816755,6.061566172385607,41000
2021-12-20,6.098036289215088,6.105330758249329,6.010504747720769,6.054270866287356,218600
2021-12-21,6.13450813293457,6.163685314356277,6.083448239356303,6.119919890043156,34500
2021-12-22,6.170982360839844,6.192865082135396,6.112627973625594,6.112627973625594,35900
2021-12-23,6.178274631500244,6.200157344997809,6.156391222363759,6.16368569207592,27100
2021-12-27,6.258511066436768,6.411691436411325,6.178273994788703,6.178273994788703,134500
2021-12-28,6.294984340667725,6.346044245294218,6.243924436041232,6.273101623776232,35800
2021-12-29,6.229335784912109,6.309572881016139,6.222041313728362,6.309572881016139,58200
2021-12-30,6.216078281402588,6.2529035320122395,6.208713793187245,6.23817385319832,30200
2021-12-31,6.230809211730957,6.282364145698148,6.20134914912352,6.216078829235591,28000
2022-01-03,6.186617374420166,6.2455374863759285,6.1276972624644035,6.2455374863759285,58600
2022-01-04,6.1571574211120605,6.245537590519431,6.127697364642937,6.179252990251266,56400
2022-01-05,5.914109706878662,6.193980496438264,5.8993800349981065,6.1645204502942486,195900
2022-01-06,5.936206817626953,5.9656668714600585,5.8993815747398,5.914111250464809,86800
2022-01-07,6.039316177368164,6.076141417343823,5.892015919848556,5.936206348295954,231200
2022-01-10,6.076141834259033,6.083507023236135,6.039316591756605,6.083507023236135,123800
2022-01-11,6.068775653839111,6.120331265873213,6.0393156051266095,6.061410466065245,161900
2022-01-12,6.083507537841797,6.1129675938591586,6.024587425807074,6.068777158641547,146400
2022-01-13,6.149791240692139,6.164520913679921,6.083505956289727,6.083505956289727,147400
2022-01-14,6.189028263092041,6.248253359885738,6.152013107110115,6.240850752300659,192500
2022-01-18,6.21123743057251,6.270462519992375,6.152012341152644,6.152012341152644,413600
2022-01-19,6.226043701171875,6.255656247552454,6.211237780990984,6.240850327371563,253500
2022-01-20,6.248255729675293,6.285271605715157,6.233449802870815,6.263062362498883,141800
2022-01-21,6.21123743057251,6.23344666260027,6.174221573180405,6.174221573180405,61200
2022-01-24,6.159416675567627,6.196432543342894,6.03356314874309,6.196432543342894,174000
2022-01-25,6.189028263092041,6.189028263092041,6.10759393150542,6.137206479902268,75700
2022-01-26,6.1816253662109375,6.255656380729032,6.159415426438579,6.189027973449579,124500
2022-01-27,6.196432590484619,6.218641828911164,6.174223352058076,6.189029275669451,52200
2022-01-28,6.2038350105285645,6.218640932004501,6.18162577530523,6.1964316967811675,47600
2022-01-31,6.189028263092041,6.2260441250928125,6.159415714695193,6.211238203903811,92500
2022-02-01,6.2408528327941895,6.277868001115747,6.196433642381609,6.203836958453552,41600
2022-02-02,6.196432590484619,6.263061011783211,6.152014113631532,6.263061011783211,37200
2022-02-03,6.144611835479736,6.211240268019275,6.129805203351359,6.203836951955086,39300
2022-02-04,6.1668195724487305,6.1668195724487305,6.129803707181742,6.1446103356961,18000
2022-02-07,6.085385799407959,6.211239329404422,6.0779824844625265,6.181626775641664,87600
2022-02-08,6.129803657531738,6.166819522498906,6.085385184386257,6.085385184386257,54600
2022-02-09,6.137206554412842,6.196431651925578,6.1224006330440846,6.137206554412842,22200
2022-02-10,6.040964603424072,6.196430635395371,6.033561290944788,6.1149963161794485,48500
2022-02-11,6.02616024017334,6.107594580412022,5.99654768863028,6.040966162935409,38700
2022-02-14,6.011353969573975,6.0927883146648565,5.996548045929706,6.026160599237205,56600
2022-02-15,5.966934680938721,6.026159779497315,5.95953136711418,5.9965472302180185,67600
2022-02-16,5.976609706878662,5.991495750961773,5.917066950157517,5.976609706878662,68500
2022-02-17,5.931952953338623,5.97661002324335,5.917067263370381,5.946838643306866,41000
2022-02-18,5.946839809417725,5.954282833312764,5.909625754651268,5.946839809417725,22400
2022-02-22,5.857524871826172,5.939396349251111,5.850082203825468,5.939396349251111,36900
2022-02-23,5.842639446258545,5.879853852660712,5.783096679937384,5.872410829419125,48400
2022-02-24,5.805425643920898,5.83519702835923,5.723554159264039,5.797982620359867,88300
2022-02-25,5.902184009552002,5.931955401776747,5.805427162273077,5.805427162273077,68700
2022-02-28,5.931952953338623,5.984053045678893,5.730995961315931,5.961724688177951,84800
2022-03-01,6.103138446807861,6.1254668038748425,5.931952838048716,5.931952838048716,69800
2022-03-02,6.088254928588867,6.110583292317978,6.05848354034809,6.110583292317978,25600
2022-03-03,6.0435967445373535,6.088254176283289,6.02871140715924,6.073368129099378,26500
2022-03-04,6.0584821701049805,6.09569586463494,6.006381720112734,6.036153101620136,37300
2022-03-07,6.0138258934021,6.080811692059749,5.954283118996602,6.080811692059749,32400
2022-03-08,6.021267890930176,6.058482296039415,5.961725126677687,5.961725126677687,58900
2022-03-09,6.065923690795898,6.065923690795898,5.998938623508135,6.04359533503331,28000
2022-03-10,6.028710842132568,6.058482223904341,5.9840534145720445,6.028710842132568,19100
2022-03-11,6.065923690795898,6.125466446033221,6.028710001126796,6.125466446033221,37400
2022-03-14,6.088254928588867,6.177569093311197,6.043597491324759,6.103140267806313,40500
2022-03-15,6.095696449279785,6.095696449279785,6.028711366817812,6.095696449279785,31500
2022-03-16,6.023119926452637,6.060530751049661,5.970744843372017,6.015637618822806,40500
2022-03-17,6.1129045486450195,6.210172392398913,5.985708192470852,6.0231190113842,52600
2022-03-18,6.038084030151367,6.105423373968277,6.038084030151367,6.105423373968277,34100
2022-03-21,6.060530185699463,6.090458699874806,6.030601671524121,6.038083264903909,30500
2022-03-22,6.053049087524414,6.112906127828184,6.038084470672369,6.090459916102322,53400
2022-03-23,6.038084030151367,6.135351891936664,5.985709302094727,6.0306024358233845,38200
2022-03-24,6.03060245513916,6.090459491267654,5.97822701336261,6.0680125675553525,55000
2022-03-25,5.948298454284668,6.045566315710846,5.925852244279288,6.045566315710846,66700
2022-03-28,6.000673294067383,6.015637194719958,5.955780165005497,5.978226372760401,41800
2022-03-29,6.03060245513916,6.038084049491105,5.970745062234587,6.038084049491105,40700
2022-03-30,6.060530185699463,6.075494086011103,6.0006731573487775,6.030601671524121,29200
2022-03-31,6.060530185699463,6.120387214050149,6.053047878767612,6.075494086011103,137100
2022-04-01,6.097940444946289,6.157797474785972,6.030601821540707,6.030601821540707,72700
2022-04-04,6.150317192077637,6.1652810959508715,6.060531628181525,6.150317192077637,54600
2022-04-05,6.105422496795654,6.180244137742994,6.097940189990511,6.105422496795654,62400
2022-04-06,6.105422496795654,6.127868703659036,6.0680116763219845,6.097940189990511,65500
2022-04-07,6.068012237548828,6.1129053689797805,6.053048336106588,6.1129053689797805,58300
2022-04-08,6.060530185699463,6.090458699874806,6.023119364592269,6.023119364592269,20600
2022-04-11,5.993190288543701,6.060529617513046,5.993190288543701,6.023118799913188,28400
2022-04-12,6.038084030151367,6.09045947176016,6.008155512182979,6.038084030151367,35300
2022-04-13,6.03060245513916,6.075494875459453,5.993191629170812,6.045566357395206,60100
2022-04-14,6.0328593254089355,6.062948368938532,6.02533688518169,6.02533688518169,52300
2022-04-18,6.010291576385498,6.1080811402322635,5.987724974691424,6.040380617770708,90500
2022-04-19,6.025334358215332,6.070467545891616,5.987722890232371,5.987722890232371,33100
2022-04-20,6.070469379425049,6.085514258114043,6.047902778770857,6.047902778770857,42000
2022-04-21,5.972680568695068,6.085514655401246,5.957636047713557,6.085514655401246,40600
2022-04-22,5.935068130493164,5.965157167607507,5.904979093378821,5.9576350876737285,55000
2022-04-25,5.859846115112305,5.920024195270689,5.822234635668488,5.920024195270689,61200
2022-04-26,5.7921462059021,5.874891254183469,5.7921462059021,5.837280129466256,65800
2022-04-27,5.799667835235596,5.844801393800157,5.792145396130016,5.814712354757116,29900
2022-04-28,5.7921462059021,5.837280129466256,5.7921462059021,5.829757689309001,35300
2022-04-29,5.731966972351074,5.8523234799542205,5.724444892388788,5.844801041302317,45100
2022-05-02,5.64169979095459,5.73948934008331,5.626655272526296,5.73948934008331,59700
2022-05-03,5.686834335327148,5.731967898461926,5.664267733104597,5.6717898142822225,28000
2022-05-04,5.724445819854736,5.739490340906418,5.656745295777332,5.709401298803055,45200
2022-05-05,5.626656532287598,5.709401581513947,5.619134092044432,5.709401581513947,39900
2022-05-06,5.64169979095459,5.664266747941838,5.581521717241412,5.619132833967342,49300
2022-05-09,5.5363874435424805,5.611610025922902,5.5363874435424805,5.604087588340076,51300
2022-05-10,5.558956623077393,5.7018797753849775,5.543912099607633,5.558956623077393,77500
2022-05-11,5.566478252410889,5.634178418807387,5.528866769876415,5.5514337311350355,38200
2022-05-12,5.4611663818359375,5.574000107480586,5.423554900827943,5.574000107480586,138400
2022-05-13,5.516406059265137,5.5391074776508695,5.471003583320474,5.471003583320474,23200
2022-05-16,5.501272201538086,5.531540520490213,5.486138042062022,5.531540520490213,31400
2022-05-17,5.531540393829346,5.539107653807515,5.5012720755703,5.531540393829346,37500
2022-05-18,5.486136436462402,5.523972004492831,5.471002281415575,5.523972004492831,59800
2022-05-19,5.501272201538086,5.516406361014149,5.463436622434514,5.471003882585959,17600
2022-05-20,5.501272201538086,5.5466746799662765,5.4558697231098945,5.493705302213466,46900
2022-05-23,5.531540393829346,5.5693759720665605,5.493705176418947,5.5012720755703,33800
2022-05-24,5.6072096824646,5.6072096824646,5.508837854974851,5.546673062216533,20100
2022-05-25,5.705582618713379,5.728284034695642,5.607210417501515,5.607210417501515,45900
2022-05-26,5.788820743560791,5.826655956289535,5.70558269823472,5.713149957276531,40800
2022-05-27,5.894760608673096,5.9174620279152235,5.803955653358219,5.803955653358219,35400
2022-05-31,5.917459487915039,5.962861946084003,5.864489772971249,5.962861946084003,56100
2022-06-01,5.955296039581299,6.046100976507857,5.864491102654741,5.947729141917458,72100
2022-06-02,5.917459487915039,5.993130251529981,5.917459487915039,5.977996098806992,18400
2022-06-03,5.940162181854248,5.955296338768997,5.887192813066004,5.887192813066004,16500
2022-06-06,5.932595252990723,5.97799772349911,5.887192782482336,5.97799772349911,21700
2022-06-07,6.015834808349609,6.053670392634324,5.925029839058545,5.940164000607055,33300
2022-06-08,6.061235427856445,6.061235427856445,5.993131545485601,6.015832599058054,54900
2022-06-09,5.94773006439209,6.076370231243035,5.925028646226158,6.061236433568149,27700
2022-06-10,5.894760608673096,5.970431404768826,5.803955653358219,5.909894767892242,50700
2022-06-13,5.539106845855713,5.7509850427638,5.523972688933706,5.728283987794171,45600
2022-06-14,5.463437557220459,5.576943953125122,5.433169233089467,5.508840404243832,37200
2022-06-15,5.584510326385498,5.645046965019461,5.486138108191894,5.486138108191894,51000
2022-06-16,5.442175388336182,5.54873536282512,5.358449512624145,5.487843948831441,57500
2022-06-17,5.373672962188721,5.503067412748892,5.373672962188721,5.404118672562703,52800
2022-06-21,5.525901794433594,5.655295880118896,5.343227171977682,5.36606163588773,88300
2022-06-22,5.533513069152832,5.563958779229868,5.518290214114314,5.518290214114314,24500
2022-06-23,5.518288612365723,5.632460173485705,5.518288612365723,5.533511462985628,30700
2022-06-24,5.6172380447387695,5.6172380447387695,5.5411237818577765,5.5411237818577765,44100
2022-06-27,5.678131103515625,5.678131103515625,5.594405208568558,5.624850922559939,21200
2022-06-28,5.6705193519592285,5.693353818353378,5.602016678659842,5.693353818353378,34900
2022-06-29,5.6705193519592285,5.708576674968968,5.655296495343639,5.6705193519592285,28500
2022-06-30,5.6705193519592285,5.784690958046914,5.6629081051222,5.761856854594296,54600
2022-07-01,5.83035945892334,5.8455823153588495,5.678130894568237,5.678130894568237,38200
2022-07-05,5.723797798156738,5.8836379256842894,5.716186553624742,5.837969369668049,19500
2022-07-06,5.708575248718262,5.7466325622196255,5.678129543093746,5.678129543093746,25200
2022-07-07,5.6476850509643555,5.7770795091417275,5.640073441452031,5.7694678996294035,27900
2022-07-08,5.685739994049072,5.708574451549481,5.60962574061669,5.60962574061669,33900
2022-07-11,5.6705193519592285,5.708576674968968,5.64768524850661,5.708576674968968,25300
2022-07-12,5.678131103515625,5.754245388494078,5.67051949354701,5.700965207538391,20100
2022-07-13,5.678131103515625,5.700965207538391,5.609628065564249,5.65529663655132,12500
2022-07-14,5.708575248718262,5.708575248718262,5.624849376780124,5.655295082404639,34900
2022-07-15,5.664939880371094,5.733837548723823,5.664939880371094,5.710871780951012,29700
2022-07-18,5.634317874908447,5.741492295549107,5.6036966118682585,5.695560400988825,29200
2022-07-19,5.695561408996582,5.710872043226372,5.62666337244537,5.67259527513474,18500
2022-07-20,5.657285213470459,5.733838392367243,5.657285213470459,5.68025134965667,20600
2022-07-21,5.603697299957275,5.63431856675751,5.603697299957275,5.626663067540304,29500
2022-07-22,5.603697299957275,5.672594967740655,5.565420533939835,5.611352434140187,38700
2022-07-25,5.626663684844971,5.626663684844971,5.573076644582641,5.626663684844971,23900
2022-07-26,5.626663684844971,5.634319184902066,5.596042414685258,5.619008549822209,18300
2022-07-27,5.70321798324585,5.741494760999609,5.641975430867359,5.657286068961982,35800
2022-07-28,5.779769420623779,5.779769420623779,5.680250126962665,5.680250126962665,47100
2022-07-29,5.8563232421875,5.8563232421875,5.795080705359729,5.810391339566672,55000
2022-08-01,6.047706604003906,6.047706604003906,5.833357351150932,5.833357351150932,95000
2022-08-02,6.070671558380127,6.124258955654444,5.955841994989029,6.001773893352325,27300
2022-08-03,6.116604804992676,6.147226077317883,5.986464580127726,6.116604804992676,54000
2022-08-04,6.001774311065674,6.07832748033247,5.917565642355046,6.07832748033247,53500
2022-08-05,5.9788079261779785,6.0017740585087465,5.9558421588815005,5.9634972929688965,9600
2022-08-08,5.9941205978393555,6.01708673798034,5.955844184316933,6.001776099564489,36200
2022-08-09,6.040050506591797,6.063016639103469,6.017084739114417,6.017084739114417,31300
2022-08-10,6.108950138092041,6.108950138092041,6.017086314068855,6.063018226080448,56500
2022-08-11,6.070671558380127,6.116603456743421,6.047705791715619,6.108948322866679,27600
2022-08-12,6.1114678382873535,6.119164710147741,6.065285506051375,6.1114678382873535,12300
2022-08-15,6.126861095428467,6.142255204029061,6.049890552425496,6.111466986827872,22500
2022-08-16,6.1114678382873535,6.1345588208930675,6.080679616796701,6.1345588208930675,10300
2022-08-17,6.065284729003906,6.119163926197597,6.0421933823319645,6.080678837777032,32300
2022-08-18,6.04988956451416,6.103768752305836,6.042192327958526,6.072980540132181,25900
2022-08-19,6.019102096557617,6.072981291011053,5.980616643069889,6.042193075030665,25600
2022-08-22,5.965222358703613,6.057587003913795,5.957525121423861,5.980616466238644,29700
2022-08-23,5.942131042480469,6.0498901627686585,5.926736934871367,5.949828279797258,22700
2022-08-24,5.9498291015625,5.97292044967767,5.903646772356686,5.911343643712058,19800
2022-08-25,5.965222358703613,6.026798788843735,5.934434143633553,5.972919595983366,42700
2022-08-26,5.942131042480469,5.972919624723149,5.903645956969952,5.949828279797258,40800
2022-08-29,6.072981834411621,6.1037700531468895,5.888252522000014,5.888252522000014,63100
2022-08-30,6.149951457977295,6.149951457977295,6.011404494468201,6.103769136807597,35400
2022-08-31,6.157650947570801,6.2269246381788435,6.1114686095069715,6.157650947570801,38900
2022-09-01,6.103769779205322,6.134557996558793,5.895949128557144,6.111467017055941,58400
2022-09-02,6.057587623596191,6.2038322106763,5.934434750717589,6.2038322106763,49700
2022-09-06,5.9498291015625,6.088376089179941,5.92673775344733,6.026799650238856,19800
2022-09-07,5.957526206970215,6.057588107692857,5.9344352249724,5.9344352249724,33500
2022-09-08,6.019102096557617,6.019102096557617,5.942131189582161,6.011404859050277,26200
2022-09-09,6.196135520935059,6.196135520935059,5.996011717772896,6.026799938717145,60400
2022-09-12,6.149951457977295,6.234619597325103,6.119163243864163,6.226922360284588,38600
2022-09-13,6.026800632476807,6.111468433332079,5.9960124079884505,6.111468433332079,64700
2022-09-14,6.04988956451416,6.21922473146926,5.988313140166851,5.988313140166851,57200
2022-09-15,5.980617046356201,6.072981700525719,5.942131590273314,5.996011155384454,34000
2022-09-16,6.037119388580322,6.037119388580322,5.936500645988344,5.959720128699094,74400
2022-09-19,6.106775760650635,6.129995603131274,5.890058953143418,6.006157427412865,29800
2022-09-20,5.8436198234558105,5.998417548036448,5.804920207777208,5.951978230662257,58100
2022-09-21,5.696561813354492,5.905538926540764,5.665602268368888,5.812660291583952,64400
2022-09-22,5.650123596191406,5.68108314720613,5.634643820684045,5.68108314720613,42300
2022-09-23,5.5030646324157715,5.619163114015587,5.464365015526867,5.5649837241845,59900
2022-09-26,5.278610706329346,5.472108161368393,5.255390849335134,5.44888830437418,67200
2022-09-27,5.123810768127441,5.348267709666134,5.085111511797965,5.301828380630575,161300
2022-09-28,5.201208591461182,5.224428435787453,5.108329952289906,5.116070023420965,126000
2022-09-29,5.092850685119629,5.247648801519379,5.038671658086616,5.1547697840527515,72700
2022-09-30,4.89935302734375,5.139289706086096,4.89935302734375,5.116070229889664,493100
2022-10-03,5.085111141204834,5.1083306194969325,4.922573316892331,4.953532867326431,84300
2022-10-04,5.247649192810059,5.255388896220339,5.170249944305442,5.170249944305442,81700
2022-10-05,5.1779890060424805,5.216688253673751,5.139289389344313,5.216688253673751,63000
2022-10-06,5.123810768127441,5.1702500971630005,5.108330991782255,5.131550840833524,28600
2022-10-07,5.038671493530273,5.123810067249334,4.953532550744283,5.116070364668932,65300
2022-10-10,5.007711887359619,5.046411509868541,4.984492409107828,4.984492409107828,26400
2022-10-11,5.04641056060791,5.085110175837198,4.999971243772894,5.038670859002182,39400
2022-10-12,4.969012260437012,5.054151202117261,4.953532486410323,5.038671428090572,34200
2022-10-13,4.9303131103515625,5.007711987855716,4.86839400834824,4.891613856132966,88000
2022-10-14,4.8936896324157715,5.018369499981037,4.870311971459627,4.9716145496440625,37700
2022-10-17,4.885895729064941,5.002783261368693,4.878103425084809,4.917065688135912,95400
2022-10-18,4.956029415130615,4.971614398101218,4.917066771916457,4.948236737857662,64600
2022-10-19,4.901480197906494,4.940442828473233,4.878102916826597,4.917065175818153,45700
2022-10-20,4.839141368865967,4.917066275857516,4.8001787295825595,4.901481294459206,56300
2022-10-21,4.870312690734863,4.893690355143553,4.776802776250843,4.776802776250843,97500
2022-10-24,4.917064666748047,4.956027293280934,4.862517063917034,4.870309737853669,48100
2022-10-25,5.033952236175537,5.033952236175537,4.917064726726231,4.948234679702693,50900
2022-10-26,5.026160717010498,5.057330677148917,4.971613472555882,5.026160717010498,72100
2022-10-27,5.065123558044434,5.096293519444841,4.948236017005281,5.04953857734423,89600
2022-10-28,5.127464294433594,5.135256971807805,5.057331684366925,5.057331684366925,58600
2022-10-31,5.119670867919922,5.174218111297575,5.080708232728546,5.166425807204437,74300
2022-11-01,5.189804553985596,5.189804553985596,5.127464617366902,5.158634585676249,46200
2022-11-02,5.127464294433594,5.244351854019604,5.127464294433594,5.150841954980919,57000
2022-11-03,5.14304780960083,5.150840484750739,5.065122915977751,5.065122915977751,40400
2022-11-04,5.174217224121094,5.228764829721188,5.143047269942516,5.166424921364031,43600
2022-11-07,5.135254859924316,5.213179743743129,5.088499929633029,5.158632139282382,81900
2022-11-08,5.182011127471924,5.197596108257506,5.111878528149179,5.111878528149179,38900
2022-11-09,5.127464294433594,5.18980422712605,5.104087005461577,5.18980422712605,29000
2022-11-10,5.283312797546387,5.291105100837692,5.14304762255101,5.205387535182204,81200
2022-11-11,5.275521278381348,5.322276223097287,5.244351315237387,5.322276223097287,39300
2022-11-14,5.244350433349609,5.291105370203258,5.228765454398393,5.228765454398393,35200
2022-11-15,5.275521278381348,5.330068899670913,5.252143620235742,5.252143620235742,46700
2022-11-16,5.309243202209473,5.364139500081515,5.2778739959827154,5.2778739959827154,35100
2022-11-17,5.2308197021484375,5.3092427104515565,5.2308197021484375,5.301400596596444,56900
2022-11-18,5.2308197021484375,5.28571562098542,5.2308197021484375,5.2308197021484375,82300
2022-11-21,5.254345893859863,5.2935575810776205,5.238661293762833,5.2935575810776205,43300
2022-11-22,5.293559551239014,5.317086647116074,5.254347849427412,5.254347849427412,48200
2022-11-23,5.340612888336182,5.364139982095579,5.277874470245083,5.277874470245083,68800
2022-11-25,5.348455429077148,5.371982149112633,5.332770824403335,5.332770824403335,23200
2022-11-28,5.332770824432373,5.371982149141885,5.3249283351201875,5.371982149141885,41200
2022-11-29,5.32492733001709,5.340611931730453,5.285715638758482,5.285715638758482,57400
2022-11-30,5.497459888458252,5.513144494638497,5.340613452705293,5.387667271246029,90700
2022-12-01,5.497459888458252,5.520986610753365,5.458248186032385,5.497459888458252,66200
2022-12-02,5.458246231079102,5.505300032766807,5.442561630516533,5.466088344385198,46300
2022-12-05,5.379824161529541,5.473931781230242,5.379824161529541,5.458247177946792,39100
2022-12-06,5.395508766174316,5.403350880842801,5.356297070980578,5.371981674267985,49000
2022-12-07,5.411191940307617,5.450403251194786,5.3955073411626815,5.3955073411626815,19800
2022-12-08,5.419034481048584,5.450403681816854,5.387665280280315,5.387665280280315,55600
2022-12-09,5.411191940307617,5.47393033688736,5.411191940307617,5.419034052904914,46000
2022-12-12,5.466088771820068,5.513142951137671,5.434719568241936,5.4425620561116705,49700
2022-12-13,5.466088771820068,5.583723472213268,5.426877454322605,5.583723472213268,74900
2022-12-14,5.442561149597168,5.513142032867196,5.442561149597168,5.466087861386949,51600
2022-12-15,5.458246231079102,5.466088344385198,5.411192429391395,5.434719143260061,50600
2022-12-16,5.397739887237549,5.445507449826201,5.349971945026054,5.40570095785757,65700
2022-12-19,5.365897178649902,5.413665145010774,5.334052120824677,5.3579361040051126,67700
2022-12-20,5.389779567718506,5.413663543834882,5.334050543195578,5.365895591602131,51000
2022-12-21,5.4295854568481445,5.437546528242171,5.365894987581537,5.39774041202628,61800
2022-12-22,5.413665294647217,5.445510353352656,5.334052268260575,5.4295878239999364,111300
2022-12-23,5.405702590942383,5.429586569263577,5.389780065269239,5.405702590942383,41600
2022-12-27,5.389779567718506,5.437547140328335,5.381818495428329,5.397741019631605,58700
2022-12-28,5.3738579750061035,5.43754808285909,5.365896521712986,5.42958700918896,43200
2022-12-29,5.381819248199463,5.413664301060279,5.342012742311956,5.349973815715672,56600
2022-12-30,5.35793399810791,5.445508062518444,5.32608895279915,5.437546611379812,136200
2023-01-03,5.461431980133057,5.485315580403539,5.3340513867395485,5.397741873247793,71200
2023-01-04,5.517158508300781,5.533081028887772,5.445507355470737,5.469390946539807,17600
2023-01-05,5.469393730163574,5.556967827773895,5.453471201472882,5.517161316235651,78000
2023-01-06,5.556967258453369,5.564928332171576,5.485315696874562,5.485315696874562,52100
2023-01-09,5.620655536651611,5.636578058526772,5.572887971026132,5.572887971026132,14800
2023-01-10,5.620655536651611,5.652500580401932,5.580849421775144,5.652500580401932,42200
2023-01-11,5.676384925842285,5.676384925842285,5.628617357079505,5.644539880000432,20200
2023-01-12,5.7082319259643555,5.724154454336547,5.644541812475591,5.7082319259643555,57700
2023-01-13,5.7002692222595215,5.708230674511687,5.668424172496737,5.676385624748902,28900
2023-01-17,5.668423175811768,5.716190742056922,5.644539582500626,5.700268219975204,54700
2023-01-18,5.6147589683532715,5.718884019321324,5.606749143393704,5.718884019321324,26300
2023-01-19,5.57471227645874,5.62277009481602,5.566702449101065,5.5907315492444996,27800
2023-01-20,5.606750011444092,5.61475983764376,5.566701644304819,5.574711470504488,17900
2023-01-23,5.646798133850098,5.670826847548624,5.61475959429905,5.622769038222053,22900
2023-01-24,5.686845779418945,5.686845779418945,5.630778529500817,5.646797798324496,47700
2023-01-25,5.670826435089111,5.6788362603590485,5.630778454527894,5.638787897868341,22600
2023-01-26,5.694855690002441,5.694855690002441,5.67082659544265,5.6788364209390805,12800
2023-01-27,5.710874557495117,5.734903268435785,5.646797485747373,5.646797485747373,49800
2023-01-30,5.702865123748779,5.718884392784553,5.694855680195642,5.694855680195642,25800
2023-01-31,5.7989821434021,5.806991970825995,5.726895606235003,5.766943597565703,79500
2023-02-01,5.871068000793457,5.911116366811529,5.766942554690087,5.766942554690087,54400
2023-02-02,5.8950958251953125,5.927134358327126,5.879076558629405,5.911115091761219,19600
2023-02-03,5.823009490966797,5.895096388364692,5.823009490966797,5.871067295255568,33000
2023-02-06,5.7989821434021,5.823011243744193,5.774953424989598,5.774953424989598,22800
2023-02-07,5.790971755981445,5.823010296606636,5.7349041189225956,5.798981200172977,27300
2023-02-08,5.766942977905273,5.798981520299116,5.766942977905273,5.798981520299116,12800
2023-02-09,5.726894378662109,5.8069907260842655,5.726894378662109,5.7829616308928635,36500
2023-02-10,5.742915630340576,5.782963626909652,5.718886526855417,5.726896355327018,24700
2023-02-13,5.790971755981445,5.798981200172977,5.694856134105873,5.77495248566885,36300
2023-02-14,5.774951934814453,5.78296137824199,5.750922840672853,5.78296137824199,17200
2023-02-15,5.766942977905273,5.806991346862352,5.734904435511432,5.766942977905273,38600
2023-02-16,5.737129211425781,5.769360244191438,5.688782662277298,5.729071645346477,35000
2023-02-17,5.729071617126465,5.7693602157729735,5.712956100823018,5.745187133429911,19200
2023-02-21,5.608204364776611,5.721012965062438,5.5920888504500645,5.6726664220827985,33600
2023-02-22,5.616263389587402,5.6807258478726155,5.600147871072166,5.640436859472391,28100
2023-02-23,5.688782215118408,5.696840164788547,5.624320154654048,5.624320154654048,27400
2023-02-24,5.696840763092041,5.72101384619283,5.600147278016203,5.608205228532618,28700
2023-02-27,5.809648513793945,5.809648513793945,5.704897478057636,5.721012992461363,32900
2023-02-28,5.7935333251953125,5.874110901745306,5.785475375428216,5.82576435581531,28500
2023-03-01,5.7613019943237305,5.817706102857117,5.729070965383461,5.817706102857117,26100
2023-03-02,5.737129211425781,5.745187161729305,5.712956128963649,5.729071645346477,24100
2023-03-03,5.769359111785889,5.785474625005576,5.74518603406843,5.785474625005576,48700
2023-03-06,5.737129211425781,5.785475760574266,5.737129211425781,5.7774181944949605,27300
2023-03-07,5.664609909057617,5.753245062202776,5.664609909057617,5.753245062202776,29900
2023-03-08,5.640435695648193,5.712955706115411,5.632377745941085,5.65655121083822,30400
2023-03-09,5.608204364776611,5.704897450735891,5.608204364776611,5.6726664220827985,23400
2023-03-10,5.495395660400391,5.632377337469331,5.495395660400391,5.632377337469331,35800
2023-03-13,5.438991546630859,5.600146698026543,5.438991546630859,5.479280526591874,39100
2023-03-14,5.495395660400391,5.559857716485577,5.487337711277662,5.511511174421687,41800
2023-03-15,5.503453254699707,5.527626717972874,5.438991198270149,5.447049147435926,28300
2023-03-16,5.538321018218994,5.578865251067476,5.43290632213971,5.43290632213971,39200
2023-03-17,5.481559753417969,5.56264783537358,5.465341750368372,5.554538833848782,32300
2023-03-20,5.473451614379883,5.595083949808921,5.473451614379883,5.473451614379883,47500
2023-03-21,5.489668846130371,5.538321699538706,5.473451228327592,5.513995466163792,54100
2023-03-22,5.481559753417969,5.554538833848782,5.4734507518931705,5.4734507518931705,28600
2023-03-23,5.441015720367432,5.5058861883314005,5.441015720367432,5.473450954349416,40000
2023-03-24,5.489668846130371,5.513995466163792,5.441015992722035,5.473451228327592,36600
2023-03-27,5.522103786468506,5.635627105017853,5.481559937458697,5.522103786468506,33500
2023-03-28,5.554539203643799,5.595083440650085,5.481560118354382,5.562648205708456,36000
2023-03-29,5.65995454788208,5.668063164201322,5.5950840706939715,5.603192687013213,37200
2023-03-30,5.716715335845947,5.741041566896704,5.603191635414181,5.676171101883392,45700
2023-03-31,5.781586647033691,5.822130500271644,5.7248247885103245,5.757260025764098,37600
2023-04-03,5.765369415283203,5.854566130387226,5.732934175852912,5.781587034998348,45500
2023-04-04,5.789694786071777,5.805912403362682,5.692389082326351,5.805912403362682,55800
2023-04-05,5.814021587371826,5.830239205170497,5.789694967344566,5.789694967344566,18000
2023-04-06,5.797802925109863,5.854564383850487,5.724823464833704,5.854564383850487,37900
2023-04-10,5.822129726409912,5.854564959352482,5.797803495032222,5.797803495032222,45600
2023-04-11,5.797802925109863,5.862673384618255,5.757258694587899,5.854564383850487,159500
2023-04-12,5.805912494659424,5.830239114307559,5.773477259567578,5.814021496761636,59700
2023-04-13,5.797802925109863,5.830238154864059,5.741041079710802,5.830238154864059,39600
2023-04-14,5.66806173324585,5.8140206567289345,5.66806173324585,5.797803041526197,94500
2023-04-17,5.65995454788208,5.70049878945392,5.5950840706939715,5.70049878945392,144800
2023-04-18,5.65995454788208,5.70049878945392,5.6194103063102405,5.692389786476134,95200
2023-04-19,5.66240119934082,5.695037486099135,5.646083055961663,5.646083055961663,32600
2023-04-20,5.654242038726807,5.670560182410735,5.637923895042878,5.670560182410735,29700
2023-04-21,5.646084308624268,5.670561334595961,5.637925040596828,5.662402455623834,39000
2023-04-24,5.637923717498779,5.66240112678147,5.629764840441364,5.66240112678147,46100
2023-04-25,5.61344575881958,5.662400180145575,5.605286494071003,5.605286494071003,19500
2023-04-26,5.580810070037842,5.621605230943467,5.564491927864553,5.5889689465968875,73400
2023-04-27,5.597127914428711,5.621604931858802,5.56449163181847,5.58080977312359,37000
2023-04-28,5.646084308624268,5.670561334595961,5.580811720626003,5.662402455623834,53500
2023-05-01,5.637923717498779,5.670560003838886,5.629764840441364,5.629764840441364,45000
2023-05-02,5.597127914428711,5.662400479649191,5.588968649248562,5.629764197038951,16200
2023-05-03,5.531857490539551,5.605288960309652,5.531857490539551,5.5808119334047275,61900
2023-05-04,5.54001522064209,5.556333364878898,5.482901521285639,5.5318563430513095,46800
2023-05-05,5.556332588195801,5.5808099956571,5.531855569789694,5.572650730151603,53200
2023-05-08,5.556332588195801,5.5808099956571,5.540014446239998,5.540014446239998,43200
2023-05-09,5.564493179321289,5.57265205771527,5.523697620185528,5.57265205771527,35700
2023-05-10,5.580810070037842,5.613446354384421,5.540014520077019,5.564491927864553,45800
2023-05-11,5.531857490539551,5.5889708126879265,5.531857490539551,5.548175638161276,42500
2023-05-12,5.526108264923096,5.575375156267708,5.517896920596436,5.5507419063646255,30000
2023-05-15,5.534319877624512,5.558953522003362,5.517897578551444,5.550742568236075,25900
2023-05-16,5.45220947265625,5.575376936105991,5.435787170298856,5.575376936105991,46100
2023-05-17,5.435784816741943,5.468629407235857,5.435784816741943,5.46041845538158,24100
2023-05-18,5.419363498687744,5.493264036393629,5.394730247144764,5.493264036393629,41700
2023-05-19,5.534319877624512,5.550742568236075,5.386519185966895,5.386519185966895,139000
2023-05-22,5.542531490325928,5.567165135893211,5.526109190460577,5.567165135893211,57700
2023-05-23,5.501475811004639,5.550743104522309,5.468631209685213,5.550743104522309,21200
2023-05-24,5.45220947265625,5.526110029033809,5.44399851724684,5.526110029033809,28100
2023-05-25,5.435784816741943,5.4522071119889,5.427573864887667,5.4522071119889,23000
2023-05-26,5.435784816741943,5.4522071119889,5.41115156964071,5.4522071119889,29900
2023-05-30,5.435784816741943,5.435784816741943,5.419362521494987,5.435784816741943,19100
2023-05-31,5.468629837036133,5.48505213357378,5.427574291461232,5.48505213357378,58000
2023-06-01,5.509685516357422,5.542530107895955,5.4932632205881555,5.501474172703581,44200
2023-06-02,5.534319877624512,5.534319877624512,5.485052980405307,5.534319877624512,18400
2023-06-05,5.534319877624512,5.558953522003362,5.517897578551444,5.542531222930293,11100
2023-06-06,5.558952331542969,5.575374627099171,5.509685444874362,5.517896396883258,32200
2023-06-07,5.567164421081543,5.608219969704222,5.509686183163637,5.542530778677166,51200
2023-06-08,5.608219623565674,5.6328532644496665,5.58358637422012,5.58358637422012,16600
2023-06-09,5.575374603271484,5.63285283324175,5.56716365129768,5.591796898757502,18000
2023-06-12,5.526108264923096,5.575375156267708,5.526108264923096,5.534319217711307,45300
2023-06-13,5.600008964538574,5.600008964538574,5.534319382583691,5.542530727154974,43400
2023-06-14,5.608219623565674,5.624641920308856,5.567164077476938,5.567164077476938,27000
2023-06-15,5.608219623565674,5.641064217052039,5.567164077476938,5.624641920308856,83900
2023-06-16,5.5528564453125,5.635488555448629,5.511540784263538,5.61069884360397,56900
2023-06-20,5.610697269439697,5.618960635742541,5.5115392379195205,5.561118253679609,99500
2023-06-21,5.5528564453125,5.585909525778413,5.536330102089095,5.544593470710349,36700
2023-06-22,5.528067588806152,5.561120278011222,5.528067588806152,5.528067588806152,36300
2023-06-23,5.51154088973999,5.544593576819343,5.461961859120962,5.53633020803995,46400
2023-06-26,5.519802570343018,5.528065937185005,5.478486918190133,5.50327623067806,38700
2023-06-27,5.5528564453125,5.561119813933754,5.511540784263538,5.561119813933754,31100
2023-06-28,5.56938362121582,5.577646991072532,5.536330929827294,5.577646991072532,27000
2023-06-29,5.528067588806152,5.544593933408687,5.511541244203618,5.528067588806152,38500
2023-06-30,5.561119079589844,5.577645420630951,5.536329371018657,5.577645420630951,46000
2023-07-03,5.594172477722168,5.627225164035103,5.5445934482527655,5.5445934482527655,46900
2023-07-05,5.610697269439697,5.652013312915933,5.577644592266305,5.627223608026393,40300
2023-07-06,5.5528564453125,5.577646157157159,5.519803758865689,5.577646157157159,60900
2023-07-07,5.5528564453125,5.561119813933754,5.528067127486944,5.528067127486944,21100
2023-07-10,5.5528564453125,5.561119813933754,5.528067127486944,5.528067127486944,14200
2023-07-11,5.610697269439697,5.618960635742541,5.552854887376765,5.552854887376765,15300
2023-07-12,5.6685404777526855,5.709856133232126,5.635487795761514,5.635487795761514,23700
2023-07-13,5.693331241607666,5.734647301624129,5.676804896404911,5.709857586810421,33400
2023-07-14,5.718120574951172,5.742909894091971,5.660278173590766,5.709857205891489,34700
2023-07-17,5.709856986999512,5.759436017399583,5.70159401227572,5.742909673932893,12300
2023-07-18,5.709856986999512,5.742909673932893,5.66027795659944,5.70159401227572,63400
2023-07-19,5.7539262771606445,5.762240993261887,5.712351507195259,5.720666619782892,28800
2023-07-20,5.770556926727295,5.787186757781811,5.712352319793265,5.737297264618263,20000
2023-07-21,5.795500755310059,5.81213058429928,5.770556210069426,5.81213058429928,28800
2023-07-24,5.770556926727295,5.795501475065845,5.753927095672779,5.770556926727295,27900
2023-07-25,5.795500755310059,5.82044569703709,5.753926381080204,5.753926381080204,23200
2023-07-26,5.812130451202393,5.828760676297183,5.787185906532986,5.812130451202393,10700
2023-07-27,5.745611190795898,5.845390559870938,5.745611190795898,5.787185960951031,27700
2023-07-28,5.787185192108154,5.82044484521907,5.73729571244178,5.745610427476339,32700
2023-07-31,5.820444583892822,5.820444583892822,5.770555106466385,5.812129472745255,33600
2023-08-01,5.812130451202393,5.87033504957499,5.778870793985591,5.778870793985591,35700
2023-08-02,5.770556926727295,5.828761533661324,5.762241812956813,5.828761533661324,35100
2023-08-03,5.704035758972168,5.787184887371056,5.704035758972168,5.7788697762880075,20600
2023-08-04,5.712352752685547,5.7539275317156715,5.704038034771409,5.720667867086163,28600
2023-08-07,5.704035758972168,5.753925236011501,5.69572064788912,5.712350473568897,22200
2023-08-08,5.704035758972168,5.737295410331723,5.670776107612613,5.670776107612613,28900
2023-08-09,5.745611190795898,5.787185960951031,5.704036817127158,5.704036817127158,42700
2023-08-10,5.7539262771606445,5.79550065063964,5.720666619782892,5.787185934538397,13200
2023-08-11,5.7539262771606445,5.762240993261887,5.728981335884135,5.737296448471769,25100
2023-08-14,5.7539262771606445,5.787185934538397,5.6957216785063824,5.737296448471769,26000
2023-08-15,5.704035758972168,5.753925236011501,5.62088663057328,5.720665584651946,34300
2023-08-16,5.698178291320801,5.748382457884615,5.639606564169393,5.681443569132862,45400
2023-08-17,5.698178291320801,5.7400152962842705,5.664708846944924,5.689811129720456,34400
2023-08-18,5.67307710647583,5.689811830725546,5.6396072589891,5.647974820607607,18200
2023-08-21,5.656342029571533,5.698178638093797,5.647974468474716,5.656342029571533,24800
2023-08-22,5.639607906341553,5.698179647432469,5.614506016579263,5.664710195091187,40900
2023-08-23,5.689812183380127,5.740016359240929,5.622872883245067,5.64797517066913,41400
2023-08-24,5.614505290985107,5.731648359040537,5.589403005479584,5.714913635032619,26300
2023-08-25,5.631239891052246,5.639607053378402,5.61450516741265,5.622872329738806,6900
2023-08-28,5.606138706207275,5.681445176856694,5.589403979283778,5.63960816005427,24100
2023-08-29,5.622872829437256,5.6898121289317425,5.597770941240727,5.606138104310464,30200
2023-08-30,5.647975444793701,5.698179623091164,5.58940370395299,5.647975444793701,75200
2023-08-31,5.656342029571533,5.714913361300157,5.6396069073779,5.681443914887437,41500
2023-09-01,5.622872829437256,5.6981792920014795,5.622872829437256,5.647975116621103,28900
2023-09-05,5.597771167755127,5.647975345167021,5.555934153751549,5.647975345167021,41500
2023-09-06,5.589402198791504,5.614504480674152,5.547565594303404,5.597769759081465,35900
2023-09-07,5.597771167755127,5.614505893559092,5.555934153751549,5.555934153751549,24900
2023-09-08,5.589402198791504,5.631239202266839,5.572667477198817,5.606136920384191,19500
2023-09-11,5.622872829437256,5.631240391494311,5.581036216113935,5.622872829437256,28100
2023-09-12,5.606138706207275,5.622873433130772,5.564302088392213,5.614506269162705,34500
2023-09-13,5.622872829437256,5.631240391494311,5.597770941240727,5.597770941240727,51600
2023-09-14,5.631239891052246,5.656342176005281,5.597770443773055,5.631239891052246,29900
2023-09-15,5.650609016418457,5.650609016418457,5.591660641024729,5.642187647839515,25400
2023-09-18,5.701135635375977,5.760084006759354,5.600081628621268,5.625344929533481,73200
2023-09-19,5.6253437995910645,5.701134490209759,5.616922834829459,5.675870792819245,47000
2023-09-20,5.64218807220459,5.684294115160305,5.591661061589523,5.659030409076279,48900
2023-09-21,5.574818134307861,5.633766507892244,5.566397167540345,5.633766507892244,19500
2023-09-22,5.524291038513184,5.583239411131535,5.524291038513184,5.557975708137117,22400
2023-09-25,5.515870094299316,5.549554764060138,5.482185424538494,5.515870094299316,22800
2023-09-26,5.39797306060791,5.4821851320702875,5.389552094393422,5.473763764302883,51700
2023-09-27,5.3306050300598145,5.423238090421028,5.3306050300598145,5.389553414208407,55600
2023-09-28,5.296919345855713,5.330604015658218,5.271656044280303,5.313761680756965,52900
2023-09-29,5.347445487976074,5.389551519213654,5.322182190475825,5.339024522660282,54200
2023-10-02,5.280077934265137,5.3558686553505295,5.229550920725878,5.32218397965769,45300
2023-10-03,5.254814624786377,5.254814624786377,5.195866638634933,5.195866638634933,29800
2023-10-04,5.271655559539795,5.30534022624492,5.221128157929206,5.30534022624492,33000
2023-10-05,5.254814624786377,5.271657365461691,5.221129946541826,5.254814624786377,15700
2023-10-06,5.339025974273682,5.339025974273682,5.212708247769629,5.254813888902325,33000
2023-10-09,5.3558669090271,5.364287874428081,5.296918545008714,5.364287874428081,9100
2023-10-10,5.3306050300598145,5.389553414208407,5.322184061783167,5.322184061783167,19200
2023-10-11,5.448500156402588,5.549554563587494,5.339025184411069,5.38955218722706,131400
2023-10-12,5.39797306060791,5.4821851320702875,5.389552094393422,5.4821851320702875,61200
2023-10-13,5.332690715789795,5.442905406971838,5.315734640551383,5.4089932564950125,35600
2023-10-16,5.366604804992676,5.383560886356599,5.332692642264829,5.332692642264829,29400
2023-10-17,5.29878044128418,5.332692603767209,5.25639003604796,5.30725868403737,42700
2023-10-18,5.213999271392822,5.290301423671386,5.205521029881424,5.264867507666801,51400
2023-10-19,5.180088043212891,5.247912370412916,5.171609800180448,5.205521963780461,39900
2023-10-20,5.137698173522949,5.214000751729824,5.129220333869363,5.188566424239226,78100
2023-10-23,5.09530782699585,5.1292199918789425,5.07835134028941,5.1292199918789425,74500
2023-10-24,5.163130760192871,5.188564674843154,5.095306448772404,5.095306448772404,53500
2023-10-25,5.129219055175781,5.1546529720608865,5.129219055175781,5.146175134520791,22700
2023-10-26,5.137698173522949,5.18008858458564,5.137698173522949,5.137698173522949,32100
2023-10-27,5.103784561157227,5.163131038987067,5.061394162098083,5.163131038987067,72600
2023-10-30,5.137698173522949,5.146176417441456,5.086829922806674,5.086829922806674,45100
2023-10-31,5.205522060394287,5.222478142508996,5.137697731935451,5.197044221469376,87800
2023-11-01,5.264869213104248,5.324215710113605,5.2224788003454305,5.230957044603169,71800
2023-11-02,5.3750834465026855,5.383561285681055,5.281824789951232,5.281824789951232,35400
2023-11-03,5.408994674682617,5.502252910812959,5.383560353023997,5.383560353023997,52700
2023-11-06,5.392038822174072,5.468340981835015,5.366604499443862,5.400516660240912,30800
2023-11-07,5.366604804992676,5.417473049084446,5.341170885079224,5.417473049084446,58900
2023-11-08,5.366604804992676,5.400516967720523,5.324214803715301,5.366604804992676,55100
2023-11-09,5.281824111938477,5.366604514163644,5.281824111938477,5.341170595628516,44000
2023-11-10,5.400516986846924,5.408995229691346,5.307258741147495,5.307258741147495,110100
2023-11-13,5.383559703826904,5.425950100057854,5.358125789500158,5.358125789500158,32600
2023-11-14,5.536165714263916,5.561599632759465,5.425950989410283,5.425950989410283,48100
2023-11-15,5.47681999206543,5.612468654272779,5.468341748545019,5.527688240393186,45500
2023-11-16,5.539125442504883,5.539125442504883,5.487916317494123,5.496451375149557,13200
2023-11-17,5.496448993682861,5.564727797447133,5.487913939725441,5.564727797447133,51400
2023-11-20,5.479379177093506,5.504983524477813,5.479379177093506,5.487913823897021,18000
2023-11-21,5.504984378814697,5.522054082044595,5.462310324226868,5.462310324226868,59300
2023-11-22,5.5220537185668945,5.5391234206732145,5.479379666787996,5.496449368894315,26200
2023-11-24,5.530589580535889,5.530589580535889,5.4964501713391245,5.530589580535889,15800
2023-11-27,5.530589580535889,5.5391242293481495,5.513519875937507,5.5391242293481495,21400
2023-11-28,5.539125442504883,5.598869625171077,5.513521083486477,5.513521083486477,42400
2023-11-29,5.513520240783691,5.598868769423369,5.487915478704845,5.487915478704845,81500
2023-11-30,5.547658920288086,5.564728623763865,5.5220541615875005,5.556193975512892,74800
2023-12-01,5.633007526397705,5.667146933887025,5.539123952315156,5.5476590076744055,36700
2023-12-04,5.61593770980835,5.667146820013351,5.590333358192764,5.590333358192764,36800
2023-12-05,5.598867416381836,5.615937117984649,5.590332769067324,5.607402470670137,24300
2023-12-06,5.61593770980835,5.641542468397766,5.598868006406682,5.598868006406682,28400
2023-12-07,5.607403755187988,5.633008109970639,5.607403755187988,5.6159384044575775,26600
2023-12-08,5.650076866149902,5.658611920959302,5.598867758214944,5.62447251566933,49400
2023-12-11,5.641541004180908,5.641541004180908,5.547657456351547,5.624471305209545,72700
2023-12-12,5.667147159576416,5.667147159576416,5.615938046303076,5.633007750727523,45500
2023-12-13,5.701285362243652,5.735424763869908,5.615936858178014,5.64154161288459,79700
2023-12-14,5.7610297203063965,5.7866344759095565,5.752494666114082,5.752494666114082,65500
2023-12-15,5.686300754547119,5.755017315634345,5.677711389202722,5.746427950289948,65000
2023-12-18,5.677711486816406,5.720659133442791,5.677711486816406,5.677711486816406,36900
2023-12-19,5.677711486816406,5.720659133442791,5.677711486816406,5.694890627383565,50400
2023-12-20,5.634762763977051,5.712069092174917,5.6175836254422995,5.694889953640165,58400
2023-12-21,5.634762763977051,5.660531676570662,5.6089942609664085,5.634762763977051,66500
2023-12-22,5.694889545440674,5.746426957350819,5.65194149739075,5.65194149739075,55900
2023-12-26,5.712070465087891,5.7292496077517,5.694891322424082,5.703480688964452,36000
2023-12-27,5.712070465087891,5.746428750415508,5.677712179760273,5.712070465087891,51300
2023-12-28,5.712070465087891,5.737838974292069,5.677712179760273,5.712070465087891,61900
2023-12-29,5.712070465087891,5.746428750415508,5.712070465087891,5.7292496077517,41600
2024-01-02,5.75501823425293,5.772197377266878,5.712070581509596,5.737839091238981,42000
2024-01-03,5.737837314605713,5.746427088244534,5.712068812855149,5.712068812855149,40400
2024-01-04,5.712070465087891,5.746428750415508,5.669122403636834,5.712070465087891,92000
2024-01-05,5.686300754547119,5.7206590350907325,5.669121614275312,5.694890529474528,58600
2024-01-08,5.737837314605713,5.737837314605713,5.712068812855149,5.712068812855149,18900
2024-01-09,5.729249477386475,5.755017986004308,5.72065970145849,5.72065970145849,30300
2024-01-10,5.75501823425293,5.763608010551443,5.737839091238981,5.746428867537494,34600
2024-01-11,5.677711486816406,5.737838274009949,5.660532346249249,5.72924890851788,96500
2024-01-12,5.703481197357178,5.720660341552288,5.6605335416609535,5.6605335416609535,48300
2024-01-16,5.64335298538208,5.720658910124983,5.64335298538208,5.712069544968217,50600
2024-01-17,5.59181547164917,5.677711169687245,5.557456782850943,5.651942255484324,56300
2024-01-18,5.577115535736084,5.611702266786668,5.525235439160208,5.594408901261375,91000
2024-01-19,5.542529106140137,5.568469361992127,5.533882629060393,5.55117599552626,45700
2024-01-22,5.585762977600098,5.603056344837302,5.55117624312569,5.568469610362894,83000
2024-01-23,5.577115535736084,5.585762424651908,5.5425288046855,5.568469059126616,114200
2024-01-24,5.577115535736084,5.611702266786668,5.568469059126616,5.611702266786668,53400
2024-01-25,5.585762977600098,5.603056344837302,5.577116087828297,5.585762977600098,92800
2024-01-26,5.594409465789795,5.637643090118881,5.585762988307817,5.594409465789795,55700
2024-01-29,5.654936790466309,5.663583680763989,5.603056685599494,5.620350053888432,48500
2024-01-30,5.672229766845703,5.672229766845703,5.637643032657517,5.65493639975161,47200
2024-01-31,5.654936790466309,5.698170417341865,5.63764342217737,5.698170417341865,46600
2024-02-01,5.724109649658203,5.750049905462489,5.654936183921946,5.654936183921946,65500
2024-02-02,5.637643814086914,5.706817292051369,5.637643814086914,5.689523922560255,58000
2024-02-05,5.611702919006348,5.628996698847964,5.603056441391944,5.628996698847964,25100
2024-02-06,5.6203484535217285,5.646288704721988,5.594408202321469,5.594408202321469,39200
2024-02-07,5.637643814086914,5.646290704985697,5.611703553697018,5.611703553697018,29000
2024-02-08,5.611702919006348,5.663583433918388,5.611702919006348,5.620349808927156,20300
2024-02-09,5.654936790466309,5.663583680763989,5.620350053888432,5.620350053888432,38900
2024-02-12,5.680877208709717,5.732757315034583,5.637643580619111,5.637643580619111,127300
2024-02-13,5.6289963722229,5.672229582399101,5.585762749740319,5.620349482803832,116600
2024-02-14,5.6203484535217285,5.654935180251204,5.6203484535217285,5.6203484535217285,36400
2024-02-15,5.646289348602295,5.698169444612707,5.585762363770304,5.646289348602295,85900
2024-02-16,5.631493091583252,5.6576052986559455,5.587973299848031,5.6576052986559455,70400
2024-02-20,5.6140851974487305,5.657605405041759,5.605381404953801,5.640197405012439,42700
2024-02-21,5.631493091583252,5.666309506026661,5.596677092179294,5.596677092179294,34700
2024-02-22,5.631493091583252,5.675013298357924,5.605381299550009,5.675013298357924,68800
2024-02-23,5.648900985717773,5.683717399510528,5.631492986341118,5.648900985717773,54000
2024-02-26,5.587972164154053,5.666308354411712,5.570564167990058,5.666308354411712,66200
2024-02-27,5.596677780151367,5.640197992275765,5.587973986750189,5.587973986750189,65700
2024-02-28,5.6140851974487305,5.63149319747805,5.570565404895161,5.570565404895161,56700
2024-02-29,5.64019775390625,5.666309963085219,5.614085544727281,5.657605755012401,42500
2024-03-01,5.648900985717773,5.657605192925823,5.614084986964462,5.648900985717773,62900
2024-03-04,5.64019775390625,5.666309963085219,5.605381751693948,5.605381751693948,105300
2024-03-05,5.6140851974487305,5.701125612634787,5.605381404953801,5.6837176126054665,67900
2024-03-06,5.6576056480407715,5.692421649594787,5.631493439355521,5.631493439355521,40700
2024-03-07,5.648900985717773,5.675013192302479,5.631492986341118,5.657605192925823,120300
2024-03-08,5.709828853607178,5.735941058648662,5.648900651869994,5.675012856911478,103500
2024-03-11,5.744645118713379,5.744645118713379,5.718533327491277,5.727237119552165,26700
2024-03-12,5.727238178253174,5.744646180632321,5.701126382204211,5.744646180632321,70600
2024-03-13,5.718533992767334,5.744645787027199,5.6837179903945225,5.6837179903945225,57700
2024-03-14,5.6576056480407715,5.727237651148803,5.614085438578513,5.727237651148803,71000
2024-03-15,5.666308403015137,5.675012193652108,5.648899991662453,5.666308403015137,30200
2024-03-18,5.668937683105469,5.695223513924419,5.651413935159204,5.651413935159204,73400
2024-03-19,5.695222854614258,5.712746600531878,5.686460772755918,5.686460772755918,55500
2024-03-20,5.712746620178223,5.73903244804458,5.695222874200338,5.70398495608881,79300
2024-03-21,5.668937683105469,5.747794757763213,5.66017601803189,5.747794757763213,228000
2024-03-22,5.686460971832275,5.695223053997365,5.677699307466259,5.695223053997365,34000
2024-03-25,5.695222854614258,5.712746600531878,5.686460772755918,5.695222854614258,73000
2024-03-26,5.712746620178223,5.730270366156107,5.695222874200338,5.721508702066695,73700
2024-03-27,5.782841205596924,5.782841205596924,5.7039845630299455,5.7039845630299455,67800
2024-03-28,5.81788969039917,5.826651773182774,5.78284219486296,5.791604277646564,78800
2024-04-01,5.844174861907959,5.861698607699926,5.774079878740094,5.817889034320482,116500
2024-04-02,5.809128284454346,5.844175781553388,5.774080787355304,5.8266520330038665,43700
2024-04-03,5.835413455963135,5.861699286595005,5.800365960320042,5.817889708141589,48200
2024-04-04,5.782841205596924,5.861698265962933,5.774079542111274,5.809127031651937,69500
2024-04-05,5.809128284454346,5.8354136983790665,5.774080787355304,5.774080787355304,38000
2024-04-08,5.809128284454346,5.809128284454346,5.791604535904825,5.809128284454346,35400
2024-04-09,5.852936744689941,5.852936744689941,5.826651333918959,5.826651333918959,13300
2024-04-10,5.756556510925293,5.800365669382202,5.739032763982713,5.800365669382202,56000
2024-04-11,5.782841205596924,5.782841205596924,5.73903205257061,5.765317460826592,34800
2024-04-12,5.695222854614258,5.747794092367117,5.677699108696638,5.747794092367117,60000
2024-04-15,5.607604503631592,5.721509068686081,5.607604503631592,5.677699492034635,31000
2024-04-16,5.619071960449219,5.645535593223192,5.592608748300418,5.627893311582268,41800
2024-04-17,5.680819988250732,5.698462269369129,5.619071794023765,5.619071794023765,45600
2024-04-18,5.689640998840332,5.707283280207854,5.654356436105289,5.698462349836676,31500
2024-04-19,5.707283973693848,5.733747609273282,5.698463042250848,5.707283973693848,40300
2024-04-22,5.733746528625488,5.760210159217282,5.724925178219844,5.724925178219844,67800
2024-04-23,5.786673545837402,5.80431582656213,5.751388984387948,5.751388984387948,33700
2024-04-24,5.795494556427002,5.804315485959169,5.7513886468907875,5.769030926580248,24100
2024-04-25,5.777851581573486,5.7954938591403105,5.760209304006662,5.760209304006662,16000
2024-04-26,5.795494556427002,5.821957765648629,5.786673206269708,5.813136836116462,33400
2024-04-29,5.795494556427002,5.821957765648629,5.760209997048081,5.804315485959169,68800
2024-04-30,5.777851581573486,5.839599342744833,5.751387954910712,5.839599342744833,101600
2024-05-01,5.848421096801758,5.8572420258834175,5.786672910729719,5.786672910729719,68700
2024-05-02,5.839600086212158,5.866063716244144,5.839600086212158,5.857242366025105,32400
2024-05-03,5.883706569671631,5.892527500125509,5.8572429370596515,5.883706569671631,37100
2024-05-06,5.918990612030029,5.927811541707911,5.901348332049133,5.910169261727014,39400
2024-05-07,5.945453643798828,5.954274993837905,5.918990434931839,5.945453643798828,47400
2024-05-08,5.963096618652344,5.971917548472762,5.927811637495248,5.954275268206785,33600
2024-05-09,6.024844646453857,6.0424869274729325,5.971917803396631,5.980739154218748,89500
2024-05-10,6.007203102111816,6.033666737198304,5.998382170833127,6.033666737198304,36900
2024-05-13,6.042487144470215,6.060129426122859,6.024844862817572,6.03366621395648,23400
2024-05-14,6.033666133880615,6.051308415299119,6.007202501440276,6.051308415299119,20400
2024-05-15,6.077771186828613,6.077771186828613,6.042486626547689,6.068950257070951,39300
2024-05-16,6.053804874420166,6.107064102707727,6.044928124738878,6.107064102707727,41100
2024-05-17,6.071557998657227,6.0893110748938435,6.053804922420609,6.053804922420609,44900
2024-05-20,6.1070637702941895,6.115940096225608,6.071557620035117,6.071557620035117,46700
2024-05-21,6.133693218231201,6.151446293496413,6.089310741701522,6.089310741701522,102000
2024-05-22,6.115940093994141,6.160322993435137,6.10706376806596,6.133693169117199,53000
2024-05-23,6.036052703857422,6.098188267881172,6.036052703857422,6.098188267881172,25100
2024-05-24,6.053804874420166,6.080434276930586,6.018298722228459,6.027175048643025,41600
2024-05-28,6.027174949645996,6.080434177058768,6.000545547572967,6.044928025450253,30900
2024-05-29,5.973916053771973,6.0094222073509975,5.965039303743847,6.0094222073509975,31200
2024-05-30,6.053804874420166,6.053804874420166,5.973915820355464,5.982792146770031,62000
2024-05-31,6.115940093994141,6.115940093994141,6.036051467573726,6.062680868624964,52900
2024-06-03,6.12481689453125,6.16919937107759,6.080433994718208,6.115940145261961,58800
2024-06-04,6.098186492919922,6.107063241349206,6.0094211249603875,6.0538040205734855,105300
2024-06-05,6.089310169219971,6.1070632428161415,6.080433420788554,6.089310169219971,20300
2024-06-06,6.053804874420166,6.107064102707727,6.053804874420166,6.062681200834732,40100
2024-06-07,6.044928550720215,6.05380530102704,6.009422396026418,6.009422396026418,23500
2024-06-10,6.098186492919922,6.098186492919922,6.027174198552294,6.044927272144201,41700
2024-06-11,6.053804874420166,6.089311026611873,6.036051798324313,6.089311026611873,35700
2024-06-12,6.071557998657227,6.09818740137879,6.062681248905555,6.080434325142172,34400
2024-06-13,6.027174949645996,6.06268110125451,6.018298623377224,6.06268110125451,48100
2024-06-14,6.0182976722717285,6.044927070136364,5.991667851140447,6.009420924139086,17500
2024-06-17,6.000545978546143,6.027175382531757,5.982792478200073,5.982792478200073,34900
2024-06-18,6.0121588706970215,6.0121588706970215,5.967491844038597,6.0121588706970215,27200
2024-06-20,6.0121588706970215,6.030025596165125,5.9853585695067,6.0121588706970215,32400
2024-06-21,6.0032243728637695,6.065758115384949,5.994291224490041,6.012157947213768,24300
2024-06-24,6.047892093658447,6.074692393838534,5.994291919274594,5.994291919274594,29400
2024-06-25,6.047892093658447,6.101492268042301,6.0210917934783605,6.056825669043916,32700
2024-06-26,6.03895902633667,6.047892175867246,6.003225150285385,6.003225150285385,33700
2024-06-27,6.092558860778809,6.092558860778809,6.003224814610269,6.083625285771434,37900
2024-06-28,6.083626747131348,6.101493475461597,6.056826867624176,6.101493475461597,44200
2024-07-01,6.06575870513916,6.119358878521714,6.06575870513916,6.06575870513916,59700
2024-07-02,6.092558860778809,6.110425584817256,6.074692136740361,6.074692136740361,11100
2024-07-03,6.137226104736328,6.137226104736328,6.08362592697165,6.092559502920603,18100
2024-07-05,6.092558860778809,6.137225457886776,6.092558860778809,6.092558860778809,52600
2024-07-08,6.06575870513916,6.128292453740295,6.056825555896891,6.083625429600011,49100
2024-07-09,6.119359493255615,6.137226219511309,6.092559616860254,6.092559616860254,34100
2024-07-10,6.137226104736328,6.137226104736328,6.092559502920603,6.119359378814769,59500
2024-07-11,6.190825462341309,6.208692185895887,6.137225291677574,6.164025589997586,42000
2024-07-12,6.217626571655273,6.22655972160961,6.155092818069536,6.164026394000218,51000
2024-07-15,6.146160125732422,6.217627034593621,6.146160125732422,6.199760307378321,76100
2024-07-16,6.217626571655273,6.235493297540292,6.155092818069536,6.155092818069536,57200
2024-07-17,6.235494136810303,6.253360865100104,6.181893951940899,6.181893951940899,64400
2024-07-18,6.184257507324219,6.247178456601304,6.175268555360737,6.2381899332546435,23400
2024-07-19,6.166279315948486,6.211222784696323,6.157290365028857,6.211222784696323,14400
2024-07-22,6.220212459564209,6.22920098291321,6.157291081653919,6.175268556968741,20100
2024-07-23,6.1932454109191895,6.292121729538928,6.1752679374080355,6.202234361983156,39700
2024-07-24,6.184257507324219,6.20223498263436,6.175268555360737,6.1932460306708785,76800
2024-07-25,6.175268173217773,6.247178070008354,6.166279650427348,6.229200595810709,43200
2024-07-26,6.2291998863220215,6.256166308855485,6.202233892405303,6.202233892405303,27000
2024-07-29,6.238190650939941,6.265156652699102,6.211224220563911,6.265156652699102,38300
2024-07-30,6.265155792236328,6.292122218908762,6.229200842417622,6.265155792236328,62700
2024-07-31,6.319087982177734,6.337065455199739,6.274144085314339,6.292121558336344,48600
2024-08-01,6.382009506225586,6.408975932529441,6.292122132907413,6.292122132907413,98600
2024-08-02,6.390999794006348,6.408977272428461,6.346055883642617,6.373022315584234,52300
2024-08-05,6.238190650939941,6.33706699082956,6.229201697942308,6.33706699082956,81500
2024-08-06,6.310099124908447,6.328076598196977,6.229200280801681,6.229200280801681,62600
2024-08-07,6.310099124908447,6.382009018062563,6.301110602572569,6.3640315447740345,76700
2024-08-08,6.337066650390625,6.373021603215853,6.328077697875894,6.346055174288509,46200
2024-08-09,6.346053600311279,6.373020022550288,6.319087606689012,6.364031072265038,28900
2024-08-12,6.346053600311279,6.373020022550288,6.346053600311279,6.364031072265038,17100
2024-08-13,6.382009506225586,6.408975932529441,6.355043508538537,6.382009506225586,49600
2024-08-14,6.382009506225586,6.399986980889221,6.364032031561951,6.382009506225586,31400
2024-08-15,6.390999794006348,6.399988318908957,6.35504483716212,6.382010840486843,23400
2024-08-16,6.399987697601318,6.417965174278188,6.38201022092445,6.40897665024818,28600
2024-08-19,6.429830074310303,6.466003485402313,6.411743368764298,6.429830074310303,15300
2024-08-20,6.4207868576049805,6.456960270678274,6.4207868576049805,6.4479171330205,58400
2024-08-21,6.429830074310303,6.475046622564777,6.420786505926763,6.456959917018772,55300
2024-08-22,6.4207868576049805,6.47504697721492,6.402700151068333,6.456960270678274,49700
2024-08-23,6.466004371643066,6.4840910796680635,6.45696080202,6.45696080202,46600
2024-08-26,6.511220455169678,6.520264024138666,6.475047041735932,6.475047041735932,66500
2024-08-27,6.538350582122803,6.547393719664977,6.4840904632064795,6.493133600748654,53700
2024-08-28,6.556436538696289,6.574523242933505,6.511219562492725,6.5202631302218546,102200
2024-08-29,6.574524402618408,6.62878452490104,6.547394125866533,6.601654679370284,62500
2024-08-30,6.5835676193237305,6.619741032241353,6.5745240504837765,6.610697463401399,45500
2024-09-03,6.601653099060059,6.628782938096447,6.556436125704723,6.565479692864197,44500
2024-09-04,6.637827396392822,6.646870533545332,6.610697122493143,6.610697122493143,47900
2024-09-05,6.601653099060059,6.646869641194378,6.601653099060059,6.61973980215799,39600
2024-09-06,6.592609882354736,6.646869994532922,6.57452317829534,6.592609882354736,53700
2024-09-09,6.619741439819336,6.6378281473917475,6.583568024674514,6.583568024674514,20900
2024-09-10,6.664957523345947,6.674001092105259,6.628784110750885,6.637827679510197,48600
2024-09-11,6.673999786376953,6.673999786376953,6.610696111110036,6.646869516627986,15200
2024-09-12,6.637827396392822,6.674000807445011,6.637827396392822,6.674000807445011,11600
2024-09-13,6.7101731300354,6.728259832627638,6.655913022258686,6.655913022258686,26600
2024-09-16,6.737304210662842,6.773477622517645,6.71921750473544,6.773477622517645,36000
2024-09-17,6.800608158111572,6.80965172703302,6.737304469324738,6.791565020411225,85400
2024-09-18,6.800608158111572,6.845825140276611,6.782521451489777,6.800608158111572,53400
2024-09-19,6.766955852508545,6.830623603537774,6.730574404406435,6.830623603537774,76900
2024-09-20,6.821527481079102,6.839718203680604,6.73966901252182,6.7942411803263285,39000
2024-09-23,6.857909679412842,6.867005258562982,6.8306238093645915,6.857909679412842,31800
2024-09-24,6.848814010620117,6.867004733829291,6.8215277089558315,6.867004733829291,52100
2024-09-25,6.812432289123535,6.857909315055895,6.812432289123535,6.830623446457329,41200
2024-09-26,6.812432289123535,6.839718591423164,6.794241565490803,6.839718591423164,18900
2024-09-27,6.894289970397949,6.912480691941176,6.821527084225044,6.83971780576827,41000
2024-09-30,6.876099586486816,6.90338588699198,6.839718141613952,6.90338588699198,72900
2024-10-01,6.939767837524414,6.957958561286296,6.876100087507296,6.903386390000651,46000
2024-10-02,6.930671215057373,6.939766792419083,6.921576071396662,6.921576071396662,32500
2024-10-03,6.930671215057373,6.948861936079794,6.903385350374241,6.930671215057373,12500
2024-10-04,6.876099586486816,6.930671753796112,6.867004442119117,6.894290308923249,78800
2024-10-07,6.7942399978637695,6.921575467613991,6.785144854996446,6.848812589871557,54600
2024-10-08,6.812432289123535,6.857909315055895,6.757860118225339,6.757860118225339,74900
2024-10-09,6.812432289123535,6.821527867790432,6.748764973259504,6.785146420524968,96300
2024-10-10,6.7942399978637695,6.830621870435948,6.785144854996446,6.7942399978637695,54500
2024-10-11,6.812432289123535,6.821527867790432,6.766955696892236,6.8033371441577,25100
2024-10-14,6.848814010620117,6.894290601792525,6.812432130500719,6.812432130500719,44600
2024-10-15,6.857909679412842,6.903386707761372,6.839718954813647,6.848814533963787,49200
2024-10-16,6.903385639190674,6.939767082757603,6.857908617881503,6.876099339664968,41600
2024-10-17,6.896983623504639,6.933572361334464,6.896983623504639,6.933572361334464,50900
2024-10-18,6.942719459533691,6.951866425504097,6.896983321165239,6.896983321165239,40000
2024-10-21,6.924424648284912,6.979307749111468,6.924424648284912,6.933571613669948,14700
2024-10-22,6.906129837036133,6.970159899128344,6.878688070302267,6.924424202801347,38800
2024-10-23,6.88783597946167,6.933571679163086,6.869541612346679,6.92442471369165,21900
2024-10-24,6.878688812255859,6.915277547732848,6.8695418464726785,6.896983179994354,24200
2024-10-25,6.88783597946167,6.942719080806641,6.869541612346679,6.8786885778181155,50200
2024-10-28,6.933571815490723,6.97930795226352,6.842099978117256,6.906130482364746,72000
2024-10-29,6.814657688140869,6.93357128572677,6.796363322063968,6.924424320774366,47900
2024-10-30,6.787217140197754,6.851247210768434,6.750628403822468,6.787217140197754,50900
2024-10-31,6.832951545715332,6.832951545715332,6.732332757866389,6.814657180999882,54300
2024-11-01,6.896983623504639,6.896983623504639,6.805511778930073,6.869542288218349,44800
2024-11-04,6.787217140197754,6.87868898113597,6.768922772010111,6.832952842580791,31300
2024-11-05,6.778069019317627,6.842099519271092,6.768922054279758,6.768922054279758,25400
2024-11-06,6.8512468338012695,6.878688602658913,6.7780693650770445,6.787216766753632,39400
2024-11-07,6.878688812255859,6.878688812255859,6.805511341301882,6.842100076778871,35100
2024-11-08,6.896983623504639,6.933572361334464,6.860394885674812,6.878689254589726,41900
2024-11-11,6.951866626739502,7.034191503716914,6.942719660504319,6.942719660504319,64700
2024-11-12,6.896983623504639,6.997602870622741,6.869542288218349,6.951866730249378,27300
2024-11-13,6.860394477844238,6.951866316981068,6.851247075844488,6.915277581326336,27800
2024-11-14,6.878688812255859,6.906130581949667,6.832952674823558,6.887836214211172,52200
2024-11-15,6.869541645050049,6.906130379454215,6.823805508958782,6.906130379454215,43600
2024-11-18,6.945899486541748,6.945899486541748,6.863100546428336,6.8998999778823356,27200
2024-11-19,6.955099582672119,6.964299660482848,6.890700354048578,6.964299660482848,39100
2024-11-20,6.945899486541748,6.9550991250633345,6.909100055087748,6.9550991250633345,12800
2024-11-21,6.991899490356445,7.028698926725383,6.945900414237216,6.982699850606154,28100
2024-11-22,7.047098636627197,7.056298715050561,6.973499763975825,7.037898996887718,24100
2024-11-25,7.083898544311523,7.129898062121356,7.019499745798455,7.083898544311523,56600
2024-11-26,7.074697017669678,7.093096732151007,7.028697512124459,7.065496941087115,17800
2024-11-27,7.1114983558654785,7.1298980752866035,7.065498837970709,7.1022982768129586,40800
2024-11-29,7.1666975021362305,7.175897581173356,7.074698905184555,7.148297782745895,36500
2024-12-02,7.093098163604736,7.13909767843309,7.083898085165512,7.13909767843309,42500
2024-12-03,7.083898544311523,7.139098141156888,7.074698903959906,7.074698903959906,24600
2024-12-04,7.0194993019104,7.120697532798355,6.991899505233031,7.1114978930284884,22300
2024-12-05,7.0654988288879395,7.093098627326104,6.982700310941272,7.037899469133688,28500
2024-12-06,7.083898544311523,7.129898062121356,7.037899465185605,7.102298263698674,26000
2024-12-09,7.074697017669678,7.1574959521775545,7.037897588707021,7.05629730318835,42400
2024-12-10,7.037899017333984,7.083898093532785,7.010299220667595,7.065498375316488,39700
2024-12-11,6.991899490356445,7.074698441528498,6.927500696052747,7.03789900515956,34900
2024-12-12,6.9275007247924805,7.0562987526181,6.909101006531678,6.964300161314086,38900
2024-12-13,6.9275007247924805,6.955100082841741,6.872301131326186,6.9275007247924805,20000
2024-12-16,6.902517318725586,6.958033490580887,6.847001146870284,6.939528099962454,39700
2024-12-17,6.800738334655762,6.884012823876308,6.782232941629348,6.884012823876308,58700
2024-12-18,6.735969066619873,6.837748498400445,6.70821075900487,6.809990631988773,72600
2024-12-19,6.680452823638916,6.791485619082581,6.6064312541453765,6.680452823638916,89700
2024-12-20,6.717463493347168,6.735968884188208,6.495398362051373,6.698957661302808,85900
2024-12-23,6.76372766494751,6.76372766494751,6.643442387605081,6.754475188876835,40200
2024-12-24,6.837749004364014,6.86550731403301,6.745222040806297,6.763727433517841,16900
2024-12-26,6.79148530960083,6.847001484191163,6.782232393234106,6.809990701130942,11700
2024-12-27,6.7267165184021,6.800738087821119,6.7267165184021,6.75447482753591,18600
2024-12-30,6.735969066619873,6.782232324373769,6.70821075900487,6.754474457962098,37400
2024-12-31,6.76372766494751,6.800738451636968,6.726716878258052,6.754475188876835,46200
2025-01-02,6.79148530960083,6.800737784764218,6.735969135010497,6.745221610173885,97900
2025-01-03,6.79148530960083,6.847001484191163,6.745221610173885,6.800737784764218,55500
2025-01-06,6.76372766494751,6.819243844981697,6.754475188876835,6.76372766494751,54000
2025-01-07,6.772979736328125,6.809990518395219,6.754474345294578,6.782232211243236,46500
2025-01-08,6.782233715057373,6.791486633227444,6.745222924783934,6.772981238090725,20400
2025-01-10,6.735969066619873,6.800737715715995,6.7267161503470945,6.782232324373769,50200
2025-01-13,6.7082109451293945,6.735969253514574,6.65269476956238,6.726716336985066,33200
2025-01-14,6.7452216148376465,6.7914853142965805,6.689705440208929,6.717463748124956,88500
2025-01-15,6.837749004364014,6.856254397075557,6.782232826229384,6.791485743186838,37100
2025-01-16,6.967287063598633,6.995044931542559,6.856254268212861,6.884012577360143,57400
2025-01-17,6.995044708251953,7.078319191832217,6.985792232967113,7.0042976247401345,80300
2025-01-21,7.025753498077393,7.081587246053335,7.0071422487520785,7.035058900876457,41000
2025-01-22,6.979226112365723,7.035059868017379,6.960614860481837,7.035059868017379,28000
2025-01-23,7.025753498077393,7.025753498077393,6.932696807723638,6.960613903575202,44100
2025-01-24,6.997837066650391,7.0815879184298,6.979225815557991,6.997837066650391,47300
2025-01-27,6.923391819000244,7.016448071192342,6.8675580676849854,6.988531417398319,42300
2025-01-28,6.93269681930542,6.997836413916434,6.895474320592608,6.895474320592608,52300
2025-01-29,6.951307773590088,7.007141963016421,6.932696525023699,6.932696525023699,33200
2025-01-30,7.025753498077393,7.081587246053335,6.951308057048951,6.997836402225829,81100
2025-01-31,7.025753498077393,7.100198495378649,7.0071422487520785,7.044364747402707,59400
2025-02-03,7.035058498382568,7.081586840897439,6.951307659346665,6.960613505340503,59000
2025-02-04,7.035058498382568,7.1001980891579555,7.02575309611589,7.02575309611589,42800
2025-02-05,7.062975883483887,7.081587132510798,7.035058788079932,7.035058788079932,38900
2025-02-06,7.062975883483887,7.109503784187575,7.035058788079932,7.062975883483887,55300
2025-02-07,7.081587314605713,7.109503967000335,7.044364815594758,7.081587314605713,17200
2025-02-10,7.025753498077393,7.118809744703962,6.997836402225829,7.044364747402707,34600
2025-02-11,7.109504699707031,7.109504699707031,7.01644844258925,7.035059694012806,29100
2025-02-12,7.044363975524902,7.109503119162364,7.025752728238893,7.053669377304338,43900
2025-02-13,7.0722808837890625,7.1095033797252825,7.0350583878528425,7.0722808837890625,22000
2025-02-14,7.044363975524902,7.118808964668936,7.03505813001833,7.044363975524902,45100
2025-02-18,7.065890789031982,7.1220435085443174,7.037814206144743,7.056531779315521,37100
2025-02-19,7.047173023223877,7.065890595883002,7.0190964411041215,7.065890595883002,57800
2025-02-20,7.047173023223877,7.065890595883002,7.0190964411041215,7.0190964411041215,21000
2025-02-21,7.093966960906982,7.112684534170768,7.056531814379411,7.056531814379411,89500
2025-02-24,7.075249195098877,7.1126843406076965,7.06589063185274,7.08460820460715,53400
2025-02-25,7.112683296203613,7.131400866209593,7.065889594319697,7.103324734331658,40100
2025-02-26,7.103324890136719,7.131401022630479,7.075248311380879,7.093965881797412,17500
2025-02-27,7.103324890136719,7.131401022630479,7.093965881797412,7.112683452213945,16200
2025-02-28,7.150118827819824,7.168836398850945,7.122042694404189,7.14076026543531,56400
2025-03-03,7.16883659362793,7.215630745608175,7.12204288790979,7.12204288790979,51500
2025-03-04,7.131401062011719,7.206271344091304,7.131401062011719,7.159477640922605,24900
2025-03-05,7.093966960906982,7.15011968069834,7.075249387643197,7.112684534170768,75200
2025-03-06,7.009737968444824,7.122043859262026,6.972302820259813,7.075249700899678,57100
2025-03-07,7.047173023223877,7.0565315864223725,6.991019858984366,6.991019858984366,24900
2025-03-10,7.0565314292907715,7.08460801078533,6.99101970331155,7.065890438542999,32500
2025-03-11,7.065890789031982,7.1220435085443174,7.028455642690426,7.028455642690426,23700
2025-03-12,7.047173023223877,7.150119449718001,7.047173023223877,7.047173023223877,16200
2025-03-13,7.047173023223877,7.084608168542128,7.0190964411041215,7.065890595883002,12700
2025-03-14,7.075249195098877,7.1126843406076965,7.047173059098331,7.093966767853287,16400
2025-03-17,7.153371334075928,7.153371334075928,7.078072759319587,7.143959236638839,27400
2025-03-18,7.078072547912598,7.14395902326396,7.078072547912598,7.115721834166264,29100
2025-03-19,7.078072547912598,7.096897191039431,7.059247904785765,7.068660450756629,9900
2025-03-20,7.068660259246826,7.096896998764616,7.059247713530975,7.068660259246826,53800
2025-03-21,7.068660259246826,7.096896998764616,7.059247713530975,7.068660259246826,24100
2025-03-24,7.049835205078125,7.096897036276371,7.040423108127407,7.059247750843729,49400
2025-03-25,7.078072547912598,7.096897191039431,7.049835358814901,7.078072547912598,19800
2025-03-26,7.049835205078125,7.106309582041973,6.97453663421284,7.096897036276371,64500
2025-03-27,7.031010150909424,7.078071979353626,6.993360867680004,7.068659882953701,23800
2025-03-28,7.059248447418213,7.068660994112603,7.02159915827051,7.059248447418213,39800
2025-03-31,7.087485313415527,7.096897410863032,7.04983557718078,7.087485313415527,45800
2025-04-01,7.068660259246826,7.153370926615078,7.002773785680513,7.059247713530975,51700
2025-04-02,7.087485313415527,7.106309957125446,7.040423479733276,7.106309957125446,37400
2025-04-03,7.031010150909424,7.068659882953701,7.0121855092947145,7.068659882953701,42100
2025-04-04,6.739229202270508,6.955712844462631,6.710992459140849,6.955712844462631,63700
2025-04-07,6.55098295211792,6.626281534516869,6.3156746577137275,6.372148594512939,104600
2025-04-08,6.54157018661499,6.880414244917813,6.522745541643442,6.786291020060068,71700
2025-04-09,6.739229202270508,6.748641749190354,6.428622334954624,6.5321581069982315,63400
2025-04-10,6.626280784606934,6.7298165480956085,6.55098221072968,6.7298165480956085,59700
2025-04-11,6.645105361938477,6.710991837832766,6.588631432092614,6.59804397814104,49400
2025-04-14,6.748641014099121,6.776877754153112,6.70157918225595,6.70157918225595,26200
2025-04-15,6.805115222930908,6.861589154176674,6.758053389151983,6.767465935433732,51100
2025-04-16,6.758052825927734,6.823939297964191,6.74864072924531,6.805114655784471,32400
2025-04-17,6.855584621429443,6.874523134551109,6.732487446771647,6.732487446771647,26900
2025-04-21,6.732486248016357,6.808238480938911,6.732486248016357,6.808238480938911,17800
2025-04-22,6.846115589141846,6.865053650115889,6.741956028025115,6.741956028025115,55400
2025-04-23,6.865053653717041,6.902929775684995,6.846115592733064,6.865053653717041,123700
2025-04-24,6.912397861480713,6.950273977035217,6.8745217459262085,6.883990549055378,33100
2025-04-25,6.902929306030273,6.931336621332985,6.893460501942009,6.902929306030273,14000
2025-04-28,6.969212532043457,7.007088650300301,6.8839910402060855,6.8839910402060855,43400
2025-04-29,7.0165581703186035,7.035496231380124,6.921867865011003,6.988151304485819,36800
2025-04-30,7.0165581703186035,7.0165581703186035,6.931337121301259,7.00708936554734,75600
2025-05-01,7.0165581703186035,7.08284160979342,6.997620109257084,7.00708936554734,60100
2025-05-02,7.063903331756592,7.073372136237011,6.988151089837322,7.054434075757194,27500
2025-05-05,7.026027202606201,7.073372127991063,7.007089142148462,7.054434067533323,17900
2025-05-06,7.054433822631836,7.09230994223241,7.016557703031262,7.016557703031262,39600
2025-05-07,7.063903331756592,7.092310196716829,7.054434075757194,7.063903331756592,33100
2025-05-08,7.054433822631836,7.082841138091747,7.026026958690886,7.073371882432123,20700
2025-05-09,7.054433822631836,7.082841138091747,7.035495762831549,7.054433822631836,29900
2025-05-12,7.073371887207031,7.101779202686119,7.016557707767817,7.0923099470201025,34300
2025-05-13,7.101779937744141,7.101779937744141,7.035496495778353,7.035496495778353,20200
2025-05-14,7.063903331756592,7.101779452716227,7.035496015277376,7.092310196716829,61400
2025-05-15,7.11124849319458,7.11124849319458,7.0639031176704465,7.0639031176704465,44100
2025-05-16,7.130187511444092,7.13965631691021,7.082842129556431,7.12071825445895,80900
2025-05-19,7.1139960289001465,7.171136960476343,7.066379191402847,7.066379191402847,43100
2025-05-20,7.171136856079102,7.171136856079102,7.123519565162865,7.123519565162865,37200
2025-05-21,7.085425853729248,7.161613155256637,7.0663790283474,7.161613155256637,26600
2025-05-22,7.085425853729248,7.1235195044929425,7.028285377583706,7.075902213982255,33700
2025-05-23,7.037808895111084,7.075902547671218,7.02828570902713,7.066379361587264,22300
2025-05-27,7.1235198974609375,7.133043083621138,7.066379418163249,7.104473071028375,38100
2025-05-28,7.028285503387451,7.094949166361103,7.018761863469989,7.094949166361103,37800
2025-05-29,7.1139960289001465,7.1139960289001465,7.018761899793399,7.066379191402847,54100
2025-05-30,7.152090072631836,7.161613258403851,7.1044727814353275,7.133042792863517,66000
2025-06-02,7.161613464355469,7.171137104513506,7.113996171789596,7.142566638151552,24000
2025-06-03,7.152090072631836,7.171136898288011,7.113995967207343,7.161613258403851,15200
2025-06-04,7.152090072631836,7.161613258403851,7.133042792863517,7.161613258403851,13600
2025-06-05,7.094949245452881,7.152090177370347,7.094949245452881,7.152090177370347,4600
2025-06-06,7.1235198974609375,7.1425667238935,7.094949430756012,7.1139962571885755,18000
2025-06-09,7.1139960289001465,7.142566494688245,7.094949203078797,7.133042854721496,35100
2025-06-10,7.133042812347412,7.17113691787596,7.09494916093101,7.133042812347412,55300
2025-06-11,7.133042812347412,7.161613277965786,7.113995986639211,7.133042812347412,57100
2025-06-12,7.180661201477051,7.180661201477051,7.123520715616623,7.123520715616623,43400
2025-06-13,7.180661201477051,7.180661201477051,7.1425675442367655,7.152091185602944,17400
2025-06-16,7.154799461364746,7.212268133655593,7.145221653794124,7.18353379751017,11800
2025-06-17,7.154799461364746,7.164377725652147,7.135643389506724,7.145221653794124,19500
2025-06-18,7.1164870262146,7.145221361183295,7.1164870262146,7.145221361183295,21800
2025-06-20,7.126065254211426,7.173955203295655,7.126065254211426,7.154799132318612,30400
2025-06-23,7.17395544052124,7.20268977629536,7.1260654898534055,7.1260654898534055,23600
2025-06-24,7.212267875671387,7.231423946844193,7.164377469380989,7.183533540553796,43500
2025-06-25,7.193111896514893,7.231424039350605,7.18353363244758,7.18353363244758,31200
2025-06-26,7.2026896476745605,7.221845718942973,7.183533576406147,7.212267911667149,14200
2025-06-27,7.241002082824707,7.25058034720436,7.212268203119318,7.221846010782186,28500
2025-06-30,7.2984700202941895,7.2984700202941895,7.202689663738512,7.250580070374733,51200
2025-07-01,7.336782455444336,7.336782455444336,7.202689950919929,7.298470311294506,42000
2025-07-02,7.365517616271973,7.365517616271973,7.250581170958666,7.365517616271973,43500
2025-07-03,7.355938911437988,7.365517176333744,7.327205030184338,7.365517176333744,8500
2025-07-07,7.308048725128174,7.355938677936343,7.269736580194921,7.346360870061426,42300
2025-07-08,7.2697367668151855,7.3463610586487,7.1356437993897295,7.327204985690321,65900
2025-07-09,7.4134063720703125,7.442140707100472,7.26015780315416,7.2697360670698,104000
2025-07-10,7.355938911437988,7.394251057587393,7.327205030184338,7.394251057587393,28700
2025-07-11,7.4134063720703125,7.461296778214991,7.346360351527877,7.365516422642396,107900
2025-07-14,7.403829574584961,7.413407383090034,7.250580984769194,7.403829574584961,22000
2025-07-15,7.384673118591309,7.432563528788107,7.35593878112987,7.422985264062027,31300
2025-07-16,7.4134063720703125,7.432562899901593,7.384672493756915,7.394250300955794,19400
2025-07-17,7.451719284057617,7.461297091658853,7.413406683502332,7.413406683502332,36300
2025-07-18,7.493134021759033,7.522027596785769,7.473871485322844,7.473871485322844,54500
2025-07-21,7.473871231079102,7.522027340903867,7.464239733561101,7.512396302640946,24800
2025-07-22,7.541290283203125,7.550921781240318,7.5027652095645605,7.5027652095645605,48500
2025-07-23,7.512396335601807,7.570183943198119,7.502764838041548,7.560552445637859,44500
2025-07-24,7.522027969360352,7.541290506750636,7.512396930292768,7.531659467683053,18300
2025-07-25,7.522027969360352,7.541290506750636,7.493134392902483,7.531659467683053,26200
2025-07-28,7.541290283203125,7.560552820022408,7.5027652095645605,7.560552820022408,27900
2025-07-29,7.473871231079102,7.54128987668479,7.464239733561101,7.54128987668479,36500
2025-07-30,7.522027969360352,7.522027969360352,7.444977819799214,7.502765431970067,89700
2025-07-31,7.531659126281738,7.541290164912758,7.4642400188442135,7.531659126281738,61800
2025-08-01,7.55092191696167,7.560552955916869,7.483502807254829,7.531659379796159,34600
2025-08-04,7.5990777015686035,7.608709199362328,7.512396517700545,7.56055262890389,123100
2025-08-05,7.62797212600708,7.666497200643066,7.589447051371095,7.599078090402533,57100
2025-08-06,7.666496753692627,7.6857592898876295,7.627971681302621,7.656865255967581,52500
2025-08-07,7.685759544372559,7.705022081205368,7.64723447070694,7.66649700753975,77300
2025-08-08,7.70502233505249,7.724285331775036,7.695390836691217,7.70502233505249,56400
2025-08-11,7.743547439575195,7.75317893797327,7.685759826952111,7.733915941177121,28100
2025-08-12,7.714653491973877,7.772440642563458,7.6761279594889915,7.772440642563458,56700
2025-08-13,7.656865119934082,7.762809756006997,7.637602584081302,7.733915263345205,42600
2025-08-14,7.6761274337768555,7.7050214663478895,7.656864898481189,7.685758931052223,24800
2025-08-15,7.6761274337768555,7.7050214663478895,7.656864898481189,7.7050214663478895,22100
2025-08-18,7.7080841064453125,7.727451133376226,7.669350052583484,7.6790333351757685,34300
2025-08-19,7.620931625366211,7.746817520899949,7.620931625366211,7.708083470235154,89300
2025-08-20,7.6693501472473145,7.727451228757206,7.62093234844923,7.6693501472473145,47600
2025-08-21,7.679032802581787,7.746817623011813,7.620931725818756,7.669349520661105,29800
2025-08-22,7.649982929229736,7.737134318447193,7.5628310782659405,7.679033238386776,49000
2025-08-25,7.659666061401367,7.688716831734709,7.6015649824810145,7.659666061401367,121000
2025-08-26,7.59188175201416,7.688716884208966,7.59188175201416,7.659666113677358,47600
2025-08-27,7.640299320220947,7.6790333742800225,7.601565266161873,7.611249010549815,29400
2025-08-28,7.688716888427734,7.708083914877323,7.630615809078971,7.630615809078971,34800
2025-08-29,7.679032802581787,7.717766853757141,7.669349520661105,7.708083571836458,40900
2025-09-02,7.640299320220947,7.688717118667965,7.601565266161873,7.6499830646088895,42900
2025-09-03,7.659666061401367,7.688716831734709,7.6015649824810145,7.659666061401367,26400
2025-09-04,7.688716888427734,7.746817967776498,7.611248782629382,7.630615809078971,73100
2025-09-05,7.688716888427734,7.72745094132691,7.659666117880186,7.72745094132691,60100
2025-09-08,7.649982929229736,7.698400265073582,7.649982929229736,7.679033238386776,22100
2025-09-09,7.630615711212158,7.688716789815744,7.611248685010962,7.679033045841982,34200
2025-09-10,7.698399543762207,7.727450311943636,7.6596654940178315,7.679032518890019,21700
2025-09-11,7.698399543762207,7.717766568634395,7.688716262199261,7.717766568634395,16000
2025-09-12,7.717766761779785,7.737133787136654,7.679032711066048,7.679032711066048,28100
2025-09-15,7.679032802581787,7.727450597424136,7.669349520661105,7.698399828169464,39800
2025-09-16,7.688716888427734,7.746817967776498,7.669349861978146,7.698400170779362,51800
2025-09-17,7.611248970031738,7.756501902853198,7.5918819431053,7.669350050811053,103500
2025-09-18,7.633643627166748,7.653117188897833,7.5849594906958675,7.653117188897833,50800
2025-09-19,7.643380165100098,7.653117178095063,7.594696492984272,7.643380165100098,30900
2025-09-22,7.672590732574463,7.692064294259725,7.594696485833416,7.672590732574463,38900
2025-09-23,7.662853240966797,7.6920638138133635,7.623906120028911,7.6920638138133635,73200
2025-09-24,7.740747451782227,7.740747451782227,7.65311666216676,7.711537343339172,49000
2025-09-25,7.799169063568115,7.808906076488864,7.682327229950794,7.711537804426707,81400
2025-09-26,7.789432525634766,7.838116664634526,7.789432525634766,7.789432525634766,48200
2025-09-29,7.789432525634766,7.867326776605296,7.760221949377637,7.828379651120031,59900
2025-09-30,7.828379154205322,7.857589264321949,7.789432031192267,7.828379154205322,61600
2025-10-01,7.818641662597656,7.8575887832261,7.789431554269474,7.828378674897918,83700
2025-10-02,7.789432525634766,7.847853678149022,7.760221949377637,7.838116664634526,30800
2025-10-03,7.76995849609375,7.818642167882367,7.76995849609375,7.808906083525507,35600
2025-10-06,7.779694557189941,7.8186416778945835,7.76022099683762,7.799168581828564,82100
2025-10-07,7.83811616897583,7.83811616897583,7.799169045953462,7.8089060588522194,53100
2025-10-08,7.857589244842529,7.8673262577148195,7.8283791347983165,7.838116147670606,57700
2025-10-09,7.91601037979126,7.935483476929451,7.857589231231376,7.857589231231376,164300
2025-10-10,7.83811616897583,7.916010415020565,7.83811616897583,7.867326279099441,64300
2025-10-13,7.896536827087402,7.94522096570807,7.877063728782761,7.877063728782761,17400
2025-10-14,7.83811616897583,7.945220525144175,7.8089060588522194,7.925747427919321,81100
2025-10-15,7.925747871398926,7.935483956269799,7.8868007461972995,7.916010857955341,46000
2025-10-16,7.906273365020752,7.984167610699958,7.896536352167687,7.916010377873816,49600
2025-10-17,7.9287872314453125,7.9385751477237445,7.850478300121278,7.889632765783295,47200
2025-10-20,7.96794319152832,7.997308812903453,7.909211015261781,7.918999866892249,24800
2025-10-21,7.870055675506592,8.007096782691644,7.850478907917967,8.007096782691644,38500
2025-10-22,7.850478649139404,7.899421033255742,7.821112098450234,7.889633116542158,43300
2025-10-23,7.821111679077148,7.8994206096836805,7.791746063478721,7.8994206096836805,45200
2025-10-24,7.830901145935059,7.889633315276683,7.830901145935059,7.879844464800385,19400
2025-10-27,7.850478649139404,7.899421033255742,7.821112098450234,7.879844266312435,43700
2025-10-28,7.752592086791992,7.860266639783273,7.73301485290648,7.840689872655834,106200
2025-10-29,7.762380599975586,7.821112302612852,7.7525922162484155,7.762380599975586,15000
2025-10-30,7.781958103179932,7.8113241888926765,7.74280363340167,7.781958103179932,54600
2025-10-31,7.821111679077148,7.840689378486825,7.791746063478721,7.830900528781987,46400
2025-11-03,7.791746139526367,7.811323372369074,7.752591673840952,7.801534522568696,66900
2025-11-04,7.830901145935059,7.830901145935059,7.752592209157001,7.79174667754603,30300
2025-11-05,7.801535129547119,7.821112363912983,7.762380660815391,7.821112363912983,31100
2025-11-06,7.791746139526367,7.821111755411404,7.752591673840952,7.811323372369074,23100
2025-11-07,7.781958103179932,7.830901423781807,7.762380868290801,7.762380868290801,35000
2025-11-10,7.899420738220215,7.948364054024708,7.821111806339467,7.821111806339467,110100
2025-11-11,7.9287872314453125,7.948363997518273,7.899420682061727,7.9287872314453125,30200
2025-11-12,7.96794319152832,7.977731109642516,7.899422163631312,7.948365488267383,33000
2025-11-13,7.948364734649658,7.977730353240514,7.918999116058801,7.9581535853520045,23600
2025-11-14,7.9287872314453125,7.948363997518273,7.889632765783295,7.909209531856256,19600
2025-11-17,7.89237642288208,7.961262197134723,7.89237642288208,7.9218987634906,34800
2025-11-18,7.882534980773926,7.921898412674866,7.823489363673391,7.921898412674866,27400
2025-11-19,7.734921932220459,7.8825350375365195,7.725080839549797,7.8825350375365195,65000
2025-11-20,7.685717582702637,7.8333306913862515,7.685717582702637,7.705399299243843,55900
2025-11-21,7.725080966949463,7.774285492615991,7.685717534115894,7.725080966949463,36100
2025-11-24,7.803807735443115,7.8234894516148215,7.705399154584582,7.705399154584582,33600
2025-11-25,7.8333306312561035,7.85301234764623,7.803807822046349,7.8431712548266,67000
2025-11-26,7.882534980773926,7.9120573200750695,7.793967024372247,7.8136487403227175,73200
2025-11-28,7.980943202972412,7.980943202972411,7.902216338068728,7.912057430806254,43100
2025-12-01,7.971103191375732,8.020306778947338,7.902216479478591,7.951421005548471,59100
2025-12-02,7.980943202972412,8.020306635424253,7.971103048733145,8.010466481184986,36700
2025-12-03,7.931739807128906,8.010466673926857,7.892376373729931,7.971103240527881,26400
2025-12-04,7.971103191375732,8.00062553161835,7.9120575723922215,7.971103191375732,71300
2025-12-05,7.87269401550293,7.980943220356721,7.87269401550293,7.951420880578098,48000
2025-12-08,7.8333306312561035,7.912057496816606,7.823489538436474,7.882535156855984,60100
2025-12-09,7.803807735443115,7.912057409012065,7.784126019271408,7.793967111981826,66000
2025-12-10,7.823489665985107,7.833330758965179,7.7152404586991645,7.823489665985107,42100
2025-12-11,7.823489665985107,7.862853099407112,7.764444515852101,7.784126232563103,65900
2025-12-12,7.734921932220459,7.862852852195194,7.734921932220459,7.8234894200107945,50400
2025-12-15,7.807155609130859,7.807155609130859,7.708205694102222,7.777470870537475,79700
2025-12-16,7.777470588684082,7.826945308490243,7.747785379336068,7.777470588684082,67400
2025-12-17,7.737890720367432,7.797260667971634,7.718100737832698,7.767575458254332,42300
2025-12-18,7.8269453048706055,7.856630514204891,7.747785375753038,7.757680602807931,59200
2025-12-19,7.836841106414795,7.866525846094762,7.826945878634519,7.866525846094762,26300
2025-12-22,7.856630802154541,7.896210768163951,7.836840819149836,7.846735574736982,26700
2025-12-23,7.9061055183410645,7.9061055183410645,7.8665255523587385,7.8665255523587385,22500
2025-12-24,7.965475559234619,7.985265069451517,7.906105141262367,7.906105141262367,24100
2025-12-26,7.9061055183410645,7.985265450305717,7.9061055183410645,7.955580711734179,18700
2025-12-29,7.916000843048096,7.965476037049314,7.787365716109264,7.9357912981129175,47400
2025-12-30,7.916000843048096,7.965476037049314,7.906105615515685,7.925896070580507,35400
2025-12-31,7.916000843048096,7.955580809516903,7.896210859813692,7.955580809516903,42600
2026-01-02,7.935791492462158,7.955581004350792,7.85663108575547,7.945685776576045,16500
2026-01-05,7.9061055183410645,7.955580711734179,7.876420779769527,7.945685484323391,60700
2026-01-06,7.886315822601318,7.916001034084524,7.826945871465336,7.866525838889324,57500
2026-01-07,7.856630802154541,7.965475944595625,7.826945591732277,7.9160007511686565,50700
2026-01-08,7.866525650024414,7.92589607156542,7.826945683550688,7.826945683550688,32200
2026-01-09,7.955580711364746,7.965475938775074,7.8863155349836855,7.90610551797393,47800
2026-01-12,7.955580711364746,7.975371166185402,7.925895972794586,7.935791200204914,26900
2026-01-13,7.985265731811523,8.024845699189168,7.945685764433878,7.96547621995313,37700
2026-01-14,8.034740447998047,8.034740447998047,7.975370972301023,8.005055710149534,37200
2026-01-15,8.05453109741211,8.05453109741211,8.02484541518383,8.02484541518383,20400
2026-01-16,8.05453109741211,8.084215835979563,7.955580710639497,8.05453109741211,40900
2026-01-20,8.034740447998047,8.084215640186102,8.024845220828276,8.044635675167818,36000
2026-01-21,8.034740447998047,8.084215640186102,7.995160482979763,8.07432041301633,89900
2026-01-22,7.9951605796813965,8.05453099975731,7.9951605796813965,8.05453099975731,100600
2026-01-23,7.968301773071289,8.047885233208282,7.958353603376745,7.978249942765832,49200
2026-01-26,8.00809383392334,8.057833735740944,7.9683021022112,7.998145663817875,33000
2026-01-27,8.018041610717773,8.03793700124305,7.9881971018653495,8.008093441100298,49900
2026-01-28,8.018041610717773,8.067780561385803,8.008093441100298,8.047885170860525,62900
2026-01-29,8.02798843383789,8.067780161626432,7.988196706049349,8.047884772086974,98400
2026-01-30,8.077728271484375,8.087676440535926,7.968301258046162,8.037936543987787,120600
2026-02-02,8.047884941101074,8.097624839058748,7.988196873809937,7.988196873809937,37300
2026-02-03,8.077728271484375,8.097624609587477,8.047884713039338,8.067780102432824,47200
2026-02-04,8.067780494689941,8.107572224121212,8.047885104329138,8.097625003295642,55700
2026-02-05,8.077728271484375,8.107571829929412,8.047884713039338,8.087676440535926,67100
2026-02-06,8.067780494689941,8.097625003295642,8.037936934793905,8.037936934793905,55400
2026-02-09,8.097624778747559,8.117520168556661,8.057833050419719,8.057833050419719,52100
2026-02-10,8.147363662719727,8.157311831899845,8.07772837587816,8.07772837587816,73200
2026-02-11,8.187155723571777,8.187155723571777,8.127468603483804,8.187155723571777,103200
2026-02-12,8.217000007629395,8.256791736169818,8.187155499691846,8.187155499691846,141700
2026-02-13,8.217000007629395,8.306531634022758,8.217000007629395,8.236895397544785,105300
2026-02-17,8.217000007629395,8.286635295397724,8.217000007629395,8.276687126085209,60300
2026-02-18,8.217000007629395,8.276687126085209,8.17720827908897,8.2468435668573,81500
2026-02-19,8.217000007629395,8.236895397544785,8.147363771151422,8.17720827908897,65800
2026-02-20,8.199999809265137,8.270000457763672,8.199999809265137,8.239999771118164,99600
2026-02-23,8.229999542236328,8.289999961853027,8.199999809265137,8.210000038146973,35800
2026-02-24,8.25,8.260000228881836,8.220000267028809,8.25,48500
2026-02-25,8.279999732971191,8.289999961853027,8.210000038146973,8.289999961853027,15300
2026-02-26,8.260000228881836,8.319999694824219,8.239999771118164,8.25,42500
2026-02-27,8.289999961853027,8.319999694824219,8.270000457763672,8.289999961853027,67200
2026-03-02,8.289999961853027,8.3100004196167,8.260000228881836,8.3100004196167,47200
2026-03-03,8.270000457763672,8.350000381469727,8.180000305175781,8.25,85400
2026-03-04,8.279999732971191,8.319999694824219,8.25,8.270000457763672,43800
2026-03-05,8.239999771118164,8.300000190734863,8.220000267028809,8.279999732971191,53200
2026-03-06,8.199999809265137,8.220000267028809,8.119999885559082,8.170000076293945,26700
2026-03-09,8.119999885559082,8.15999984741211,8.039999961853027,8.15999984741211,32100
2026-03-10,8.170000076293945,8.170000076293945,8.0600004196167,8.119999885559082,36700
2026-03-11,8.15999984741211,8.199999809265137,8.140000343322754,8.15999984741211,51500
2026-03-12,8.069999694824219,8.170000076293945,8.069999694824219,8.170000076293945,19400
