Price,Close,High,Low,Open,Volume
Ticker,GOOGL,GOOGL,GOOGL,GOOGL,GOOGL
Date,,,,,
2004-08-19,2.490427255630493,2.5827572954589217,2.3817159233319996,2.481989031399962,893181924
2004-08-20,2.688241720199585,2.7073537035375184,2.4943987649737753,2.507057167082632,456686856
2004-08-23,2.7152962684631348,2.8165613648024785,2.70660928211129,2.7488034860650825,365122512
2004-08-24,2.602860927581787,2.769899455050317,2.5705956277951882,2.7609641833881122,304946748
2004-08-25,2.630908489227295,2.680548236350195,2.5782904755091205,2.605095820723387,183772044
2004-08-26,2.6783134937286377,2.679306406845387,2.5976491753725153,2.6048466722640646,141897960
2004-08-27,2.6346309185028076,2.695936396185277,2.623214425873778,2.683029942494617,124235640
2004-08-30,2.531876802444458,2.6182498358999844,2.531876802444458,2.6130379289755172,103935960
2004-08-31,2.5408122539520264,2.5740704729604866,2.5356003461739887,2.5390747148951314,98357544
2004-09-01,2.488194227218628,2.5557042876132665,2.473798285822101,2.549002655301851,182765052
2004-09-02,2.5194668769836426,2.5408122653657093,2.4556799451219002,2.461884766169496,302373324
2004-09-03,2.4822373390197754,2.5251754549545162,2.4651109461503293,2.505567606733172,103048848
2004-09-07,2.5212044715881348,2.5316292332775507,2.4723095820919467,2.5070572901165935,116950932
2004-09-08,2.539074659347534,2.557192783621596,2.49439876666183,2.5003555365889762,99712188
2004-09-09,2.5393221378326416,2.5492500863975356,2.5068090225813076,2.5447830415877366,81234684
2004-09-10,2.614278793334961,2.644807502499695,2.514254441244164,2.5217009350306685,173977848
2004-09-13,2.668137788772583,2.6907241389147325,2.6423251212069436,2.6465441153047085,156882960
2004-09-14,2.76716947555542,2.7798278777641383,2.6505155315963256,2.6668972992907065,216579204
2004-09-15,2.77982759475708,2.835176057884583,2.7351517062975,2.7440869785750914,214261524
2004-09-16,2.8287224769592285,2.8741429911424348,2.771140373116624,2.788265819013118,185326488
2004-09-17,2.916088581085205,2.916088581085205,2.818298810940094,2.8398913029508077,189450360
2004-09-20,2.9625022411346436,3.0180985259732296,2.8982184973560288,2.9026864887731016,212575212
2004-09-21,2.924776077270508,2.9888117711129074,2.916585665987041,2.9736709669300865,144575280
2004-09-22,2.9381775856018066,2.970196017423874,2.8992106539526175,2.913854643940497,151624224
2004-09-23,2.998739004135132,3.0436627028909884,2.9044224338825355,2.949595129405384,170713116
2004-09-24,2.9741673469543457,3.0801484680446922,2.972429808097537,3.001717553087702,182469348
2004-09-27,2.9351999759674072,3.000228348451981,2.9237832465065368,2.967466229465142,141322536
2004-09-28,3.148651123046875,3.1620534400031715,2.9835984140161047,3.0106527541058012,338581080
2004-09-29,3.2533907890319824,3.351181504349281,3.1330146686838987,3.1446801570088776,610329060
2004-09-30,3.2166569232940674,3.2836711067560604,3.20176511898891,3.224103416607082,275160564
2004-10-01,3.290621280670166,3.3318218616629407,3.1992841355599073,3.2464414868859595,302497200
2004-10-04,3.3521742820739746,3.397097988401454,3.326609663830695,3.3568903241992145,260455284
2004-10-05,3.434328079223633,3.4382992588078083,3.282181581570367,3.3422460865933514,299464236
2004-10-06,3.4023101329803467,3.436314161105962,3.375504785180652,3.4139758589337346,267628104
2004-10-07,3.446241855621338,3.4718064737474648,3.38915561311785,3.398338700517289,282301416
2004-10-08,3.418443441390991,3.466841513878358,3.4008211837810918,3.4430144358121795,221390388
2004-10-11,3.357138156890869,3.446489698296677,3.322142402529142,3.400324084960485,209442348
2004-10-12,3.410252094268799,3.4154651839083314,3.310972602063514,3.336785270036888,233310456
2004-10-13,3.497122287750244,3.5628945690709655,3.476770523277136,3.557186796163209,395324280
2004-10-14,3.5244247913360596,3.533855693399535,3.439043476927177,3.499852849480532,208842948
2004-10-15,3.576793670654297,3.6112935609935515,3.523182743658049,3.5971466172905338,263895840
2004-10-18,3.7021350860595703,3.703127762840384,3.5048168112191243,3.554208747366334,280726992
2004-10-19,3.671854257583618,3.7825511920769976,3.657210265785884,3.7353931355247827,362197440
2004-10-20,3.4869461059570312,3.6979144902582135,3.4648558578195696,3.6740874126474155,454453092
2004-10-21,3.707594871520996,3.7262098067012226,3.514992648016622,3.583992430234043,582996420
2004-10-22,4.279693126678467,4.471799477138401,4.072446919600773,4.232783832389927,1474200324
2004-10-25,4.651247501373291,4.825731123974666,4.282671698858712,4.378227827891795,1309257432
2004-10-26,4.512256145477295,4.781303216594,4.4675804918954265,4.624937956129067,891391716
2004-10-27,4.615754127502441,4.703864933849369,4.511510789575685,4.5350900508182725,533725740
2004-10-28,4.797684669494629,4.824739014714589,4.606572388951211,4.633377500875172,593278128
2004-10-29,4.731664657592773,4.962737989828441,4.730671980696159,4.9364285051045,845653500
2004-11-01,4.865442752838135,4.906147698794754,4.7473005133885815,4.8038897049574345,488507004
2004-11-02,4.8366522789001465,4.945362917943467,4.798677071959173,4.933697192400952,453398148
2004-11-03,4.757228851318359,5.003689835566469,4.734394447182695,4.91880532766311,554992452
2004-11-04,4.584233283996582,4.725706983696114,4.550726305338438,4.677060147482808,575807616
2004-11-05,4.203247547149658,4.524664778815698,4.183391650912432,4.516722420320807,792530676
2004-11-08,4.2826714515686035,4.354400497822008,4.204488824744394,4.242463554269084,447224328
2004-11-09,4.187115669250488,4.3484443193143,4.101983353055532,4.3211426350749,442125432
2004-11-10,4.166267395019531,4.281927248524803,4.128292186720717,4.236010625772906,425334240
2004-11-11,4.542535781860352,4.56065414122134,4.159067948883255,4.197787068698542,598820580
2004-11-12,4.517219543457031,4.710814653235809,4.403047074097129,4.597387046019434,669174156
2004-11-15,4.5884528160095215,4.674081710127864,4.436555298833543,4.4787495002592745,475583940
2004-11-16,4.282423973083496,4.454425198077246,4.239981485894158,4.405530548596009,835859304
2004-11-17,4.281430721282959,4.405530443494992,4.194560868441696,4.195057916188307,724590684
2004-11-18,4.158324718475342,4.3290849792252795,4.113399830089658,4.226579165292339,664518816
2004-11-19,4.204489231109619,4.218885172159155,4.133007992414708,4.197043446093723,350421228
2004-11-22,4.0977630615234375,4.206970722371165,4.00369572778048,4.082126632615304,494233272
2004-11-23,4.157827854156494,4.23998167054769,4.132511995289163,4.1689965319635345,496035468
2004-11-24,4.337523460388184,4.398333068459965,4.281679127708145,4.33901318488423,610628760
2004-11-26,4.45244026184082,4.468324982750307,4.351422744088457,4.363336284770573,258944796
2004-11-29,4.493640422821045,4.540798001301565,4.40577790040268,4.476515213980179,426237336
2004-11-30,4.516723155975342,4.542039959845622,4.473785039391048,4.485202004238848,307692000
2004-12-01,4.466587066650391,4.529629363416247,4.456410594115787,4.515977813263637,314249436
2004-12-02,4.452687740325928,4.505057941644499,4.431590876518132,4.465097854948098,250185564
2004-12-03,4.477508068084717,4.493888888336372,4.408011715768974,4.466338445637519,234533232
2004-12-06,4.3754987716674805,4.484953798784374,4.368796902987024,4.445986861382201,249909840
2004-12-07,4.254873275756836,4.373263802134198,4.233031551386644,4.368299945842201,274561164
2004-12-08,4.218885898590088,4.310718681717005,4.187860370229785,4.22806875126713,301370328
2004-12-09,4.304512977600098,4.306250989479984,4.181406876809446,4.225586429403548,305853840
2004-12-10,4.260334014892578,4.340501520519428,4.251398979327116,4.304512617938552,172515312
2004-12-13,4.2305498123168945,4.298308148698512,4.205729113737135,4.273240108591835,192551256
2004-12-14,4.435066223144531,4.438292540664906,4.209452894062148,4.244200835060687,443092464
2004-12-15,4.4621195793151855,4.484705693469847,4.384681338519663,4.417691740295185,458381160
2004-12-16,4.379965782165527,4.479742333699653,4.367059564911592,4.391879322614186,342569088
2004-12-17,4.4695658683776855,4.479989683143681,4.3819511538208005,4.3871628247396,295152552
2004-12-20,4.5921759605407715,4.677556571918692,4.513993320233285,4.5172205840036295,392986620
2004-12-21,4.560654640197754,4.663161405951681,4.551968363598543,4.624193521542404,220431348
2004-12-22,4.623945236206055,4.637596788469697,4.542288466409581,4.564377534918482,156123720
2004-12-23,4.663656711578369,4.681031155285805,4.616499601626832,4.652488034388679,144439416
2004-12-27,4.763185501098633,4.7976842098298285,4.693440856748292,4.694681347967971,243919836
2004-12-28,4.7842817306518555,4.8038898148030995,4.740846568144856,4.768149197269467,165666168
2004-12-29,4.787756443023682,4.803145534835933,4.759958181572167,4.759958181572167,107016876
2004-12-30,4.904409885406494,4.920046790106857,4.761695700168335,4.789493958739066,235935828
2004-12-31,4.7850260734558105,4.960998453474073,4.7793173554293045,4.9448659218428785,306433260
2005-01-03,5.0312395095825195,5.054321724679223,4.851294520044957,4.899445722332966,633134232
2005-01-04,4.827467918395996,5.036699963897833,4.802152533028159,4.998725703525029,549685764
2005-01-05,4.802896976470947,4.887035191320229,4.771127539732416,4.801407252079403,329134536
2005-01-06,4.679790019989014,4.862216015539497,4.659190203237735,4.841864486216347,415068516
2005-01-07,4.81133508682251,4.821263272519705,4.685498300736219,4.731663678482008,386129484
2005-01-10,4.841367244720459,4.916819662931778,4.76119973020553,4.827467878585745,301282416
2005-01-11,4.803640842437744,4.907140754197772,4.794705805801149,4.855266181679122,278069652
2005-01-12,4.84930944442749,4.862960522693307,4.728188697761921,4.823248724945842,326784888
2005-01-13,4.848068714141846,4.899198424716486,4.816299274411545,4.8493096783232845,273702024
2005-01-14,4.963232517242432,4.964225666847094,4.818284697083855,4.864697888608416,385226388
2005-01-18,5.060776233673096,5.088574495604163,4.930719015549422,4.988053551500853,526377096
2005-01-19,4.896964073181152,5.095524026891698,4.882321262650809,5.079390072972614,449857692
2005-01-20,4.81307315826416,4.870903321154796,4.7654189966731355,4.777828639007188,359703936
2005-01-21,4.673088550567627,4.848813129653028,4.669117370967232,4.828460656852859,369965664
2005-01-24,4.485450744628906,4.6991495957149985,4.475523031401669,4.683264876208688,560347092
2005-01-25,4.396098613739014,4.5231773192806894,4.375498797374719,4.515730588290465,425941632
2005-01-26,4.696916103363037,4.701135570789417,4.4464830028740145,4.449461506107745,491823684
2005-01-27,4.668125152587891,4.687484004763833,4.596643912763172,4.685002549314398,264830904
2005-01-28,4.724217891693115,4.832432430883093,4.6249383894710165,4.716275531515347,487839672
2005-01-31,4.855266571044922,4.873634166488795,4.758469938945566,4.8073645934117,383484132
2005-02-01,4.762936592102051,4.881079319199801,4.731416384351639,4.824490120580303,752806440
2005-02-02,5.111904144287109,5.380951705937567,5.054819318863494,5.34992712839219,1310660028
2005-02-03,5.233521938323975,5.2958203266160995,5.108181245329644,5.112649000145939,519004476
2005-02-04,5.072192192077637,5.156331831326458,5.028509213647312,5.12456239246804,592179228
2005-02-07,4.865442752838135,5.122824566919358,4.852536537255979,5.094530680527506,517897584
2005-02-08,4.930222988128662,4.964474829052638,4.82821280054895,4.888525362137278,458740800
2005-02-09,4.7549943923950195,5.003689970241973,4.702376372128806,4.982841392087956,686173140
2005-02-10,4.665641784667969,4.770629981699518,4.597883924376337,4.764672976484066,758548692
2005-02-11,4.651247501373291,4.773360924696225,4.618236153211593,4.632880381110894,524115360
2005-02-14,4.789989948272705,4.792223588844799,4.492399787360167,4.538316400348642,1540945512
2005-02-15,4.845587730407715,4.960007098302449,4.79222484662591,4.805131064540612,1030280688
2005-02-16,4.924513816833496,4.947347744780941,4.822503638623484,4.832431824063208,660630708
2005-02-17,4.911855220794678,4.957772308121198,4.884801826932978,4.910118627859565,416159424
2005-02-18,4.913097381591797,4.935186922649448,4.8810791810975545,4.926996748117539,339096564
2005-02-22,4.749782085418701,4.936675347339759,4.725458905135485,4.877107651347606,538808652
2005-02-23,4.813818454742432,4.82697296056006,4.682520738163936,4.797684972396122,622816560
2005-02-24,4.688229084014893,4.71205616505923,4.522928295457407,4.551223604474174,1031539428
2005-02-25,4.613272190093994,4.7137931191445155,4.604337154043411,4.694681137094223,398541060
2005-02-28,4.665890693664551,4.712553123918064,4.612776573651357,4.6164999392486274,312423264
2005-03-01,4.617988586425781,4.709573540598236,4.51722030809376,4.698157048415111,372075552
2005-03-02,4.596146583557129,4.657947920581239,4.57579505586189,4.615257620067822,291128580
2005-03-03,4.641567707061768,4.659933881879575,4.574553278379956,4.619725981355945,304039656
2005-03-04,4.614017486572266,4.647524466076077,4.593416724014947,4.6338733868470365,270693036
2005-03-07,4.686243057250977,4.705850667869821,4.64206303388409,4.660678440762501,346349304
2005-03-08,4.596643447875977,4.712055470416287,4.5909347294272,4.69344053653655,321522156
2005-03-09,4.5010857582092285,4.582991739769316,4.471550912148515,4.572070879170862,453961584
2005-03-10,4.46708345413208,4.497364113352637,4.403047530779155,4.492648071406186,437981580
2005-03-11,4.412975788116455,4.491158419791328,4.396843254473654,4.478500964045083,320810868
2005-03-14,4.343231678009033,4.427867409681878,4.283168357902158,4.426130343827114,445418136
2005-03-15,4.433081150054932,4.4675812824358365,4.323873924982944,4.350927325568514,416467116
2005-03-16,4.358372211456299,4.433080715611349,4.34372940139332,4.3856748426734615,283967748
2005-03-17,4.449958324432373,4.458644601327758,4.363336276061079,4.396347627934093,330093576
2005-03-18,4.468573093414307,4.477508129394681,4.42563403361427,4.438044147368624,283316400
2005-03-21,4.489421844482422,4.5214390974122916,4.399325673080492,4.449461286084161,299048652
2005-03-22,4.432831764221191,4.515730439361859,4.414217774930073,4.496867216798646,225042732
2005-03-23,4.442263603210449,4.473536938455416,4.417195561291192,4.417195561291192,193606200
2005-03-24,4.448965072631836,4.488924684171311,4.4477236356032765,4.484953504465095,148059792
2005-03-28,4.502824306488037,4.586716132844306,4.491158581181195,4.509277887691149,349170480
2005-03-29,4.456907749176025,4.548989751188222,4.419677404736685,4.4936410458401825,258661080
2005-03-30,4.478748798370361,4.503568551315298,4.457650991571205,4.483464839916195,249194556
2005-03-31,4.48023796081543,4.502079212858978,4.409004540177895,4.416699085156535,270473256
2005-04-01,4.468573093414307,4.540798243463889,4.46733118347494,4.5112633928837615,247032720
2005-04-04,4.598877906799316,4.599622769126917,4.463609962250077,4.466339232404099,322732944
2005-04-05,4.680286884307861,4.722232328545881,4.655467125600235,4.6594383059105935,349118532
2005-04-06,4.6964192390441895,4.707091814200215,4.655714291834587,4.696915813862013,209893896
2005-04-07,4.809101104736328,4.830445780260117,4.682023363572564,4.685497968209377,387300312
2005-04-08,4.766659736633301,4.842359970094624,4.7517676936046715,4.8073642128450285,204459336
2005-04-11,4.795947074890137,4.834914006837654,4.773360489504111,4.792471524396996,216203580
2005-04-12,4.814064979553223,4.825481469007419,4.701134427905854,4.790237905332788,292491216
2005-04-13,4.7885003089904785,4.823000432349943,4.709077194297331,4.801903571446004,261969768
2005-04-14,4.751767635345459,4.823993735745307,4.718260657173961,4.796940338718881,245861892
2005-04-15,4.59168004989624,4.724217768082467,4.58324064215158,4.7182607616407894,462632904
2005-04-18,4.640574932098389,4.663161521874319,4.55420211781967,4.581255516792478,261749988
2005-04-19,4.750527381896973,4.765418952559986,4.666883366597712,4.699149855152887,336862800
2005-04-20,4.9168195724487305,4.9763882157972175,4.8624649647863665,4.928733111947065,617441940
2005-04-21,5.068718433380127,5.088077286334035,4.947100627478577,4.974402786589075,709365924
2005-04-22,5.356380939483643,5.559655989282462,5.317910102251172,5.532353357262846,1326875796
2005-04-25,5.547989845275879,5.578021745084662,5.398821604176582,5.406268334899853,792806400
2005-04-26,5.429349899291992,5.510014923627003,5.417932935949739,5.4658353757812925,690189120
2005-04-27,5.454914569854736,5.481471861724003,5.379462161045219,5.410486734171669,410181408
2005-04-28,5.446724891662598,5.512001306954874,5.403537543133513,5.447965382854921,346964688
2005-04-29,5.460375785827637,5.51622011523424,5.406268049446059,5.507780708226729,366441192
2005-05-02,5.517213344573975,5.552209102618143,5.465588004107212,5.5112568109843325,390305304
2005-05-03,5.614010334014893,5.6626571702683846,5.493138342109738,5.506292846162613,710496792
2005-05-04,5.671344757080078,5.7055966002324405,5.634115829320962,5.63982360281086,482856660
2005-05-05,5.6336188316345215,5.674323310951144,5.606317617701631,5.674323310951144,300083616
2005-05-06,5.659430980682373,5.689959929787064,5.620960144410314,5.668863065340623,270285444
2005-05-09,5.609791278839111,5.671344331057725,5.595147050416029,5.658935162331963,221250528
2005-05-10,5.653971195220947,5.653971195220947,5.577525628653835,5.596140090771474,253578168
2005-05-11,5.740592002868652,5.757717686915669,5.657197696502956,5.683010129820257,458692848
2005-05-12,5.6768059730529785,5.763924128012045,5.6638997548844054,5.728679133178298,357570072
2005-05-13,5.6897125244140625,5.735629153046049,5.642058829380126,5.688223272549172,296323380
2005-05-16,5.734635353088379,5.748782533641603,5.673082301321855,5.700632273105887,227028744
2005-05-17,5.78626012802124,5.794202487019359,5.713537933002733,5.722473441571893,312043644
2005-05-18,5.935924053192139,5.956028238311324,5.795940092473059,5.798173733176845,491987520
2005-05-19,5.936420917510986,5.985812617232206,5.9138352743199425,5.9652128005327585,388271340
2005-05-20,5.996732711791992,5.998222436166022,5.948085880590146,5.986804526463737,326213460
2005-05-23,6.340241432189941,6.406013955793828,6.024035798166275,6.035204476343009,854676468
2005-05-24,6.353891372680664,6.588191940830475,6.291842216617907,6.377718452913846,1160562276
2005-05-25,6.473275184631348,6.477494651868861,6.220608454490801,6.272730839962763,721593684
2005-05-26,6.433313846588135,6.5464936401920655,6.41097649482666,6.47699776522075,541322136
2005-05-27,6.602090835571289,6.603331326758316,6.434556423633379,6.464587849812335,486876636
2005-05-31,6.881811141967773,6.909857215485771,6.685733604258342,6.687222382894071,888582528
2005-06-01,7.148127555847168,7.269497057841383,6.9997051317047765,7.028992167522305,1406260332
2005-06-02,7.145646572113037,7.192307580922738,7.063740100494695,7.166245914940453,718245036
2005-06-03,6.9560227394104,7.180394169776812,6.885285416824993,7.118096254848779,750540708
2005-06-06,7.22109842300415,7.290842120825373,6.9949894606037075,7.008888353514008,900134964
2005-06-07,7.275205135345459,7.4357903383064485,7.205213623815914,7.373989000813152,971947080
2005-06-08,6.938647747039795,7.276942877812086,6.899928627412973,7.26850441667809,1027007964
2005-06-09,7.106182098388672,7.160537648712273,6.963467447284104,7.066718116866205,656986356
2005-06-10,7.0116190910339355,7.13025743874583,6.950065566910448,7.123059941291773,507356136
2005-06-13,7.017824172973633,7.053564792944836,6.863195967593874,6.9451019688402535,511615872
2005-06-14,6.908616065979004,6.980345116049771,6.893724496593968,6.914573072075736,403272324
2005-06-15,6.820505142211914,6.882554292866899,6.637582116011552,6.825469471524161,834488676
2005-06-16,6.886030197143555,6.907374875275676,6.777567375774379,6.807102228189,497997504
2005-06-17,6.957015037536621,6.957015037536621,6.847806885630138,6.9247490249002785,416958624
2005-06-20,7.115862846374512,7.139937741316548,6.744308512668636,6.852523524371419,840147012
2005-06-21,7.144156455993652,7.205213402307831,7.072923036674853,7.1498651745380695,604686708
2005-06-22,7.180394172668457,7.255349543863268,7.164757740307114,7.189577496734409,418541040
2005-06-23,7.190569877624512,7.3171515287593705,7.110898467500349,7.148127864145236,561693744
2005-06-24,7.377712726593018,7.396326716409595,7.187343902465208,7.220106018996201,710137152
2005-06-27,7.547728061676025,7.556911385718267,7.2935730187483845,7.41866495024458,711403884
2005-06-28,7.495607376098633,7.675550971211632,7.495607376098633,7.601836561603253,760698540
2005-06-29,7.26527738571167,7.55467740609878,7.251130205616724,7.508015925719434,731216052
2005-06-30,7.3007707595825195,7.419410059680848,7.223580799229381,7.30548680193498,603172224
2005-07-01,7.228793144226074,7.352643638084366,7.178408769458315,7.322859552235093,368734896
2005-07-05,7.339489459991455,7.346191328887058,7.203476659993648,7.249890329832293,299460240
2005-07-06,7.235493183135986,7.386398011450441,7.232019051181598,7.378952699803567,319691988
2005-07-07,7.335268974304199,7.341721608601278,7.1607853730532955,7.182626622667926,426457116
2005-07-08,7.352396011352539,7.383917164082612,7.298289215632412,7.352892586203128,298005696
2005-07-11,7.280915260314941,7.361579357393981,7.223085095185798,7.356615500268218,335276388
2005-07-12,7.241947650909424,7.306974835350841,7.220850787144981,7.281907264595292,234361404
2005-07-13,7.4176716804504395,7.427102818230275,7.249889459832372,7.260064986884369,457058484
2005-07-14,7.4680562019348145,7.613500126322242,7.447703728635451,7.578504371257613,426281292
2005-07-15,7.475502014160156,7.530354613773373,7.440505786037741,7.476743451190675,337198464
2005-07-18,7.434549808502197,7.493124831870593,7.390121966126586,7.44596724660903,248063688
2005-07-19,7.691682815551758,7.702852437685823,7.490642386204457,7.498087697460981,504351144
2005-07-20,7.743805408477783,7.758945265578337,7.490643048661987,7.584213352817042,571843584
2005-07-21,7.791955471038818,7.88776035949136,7.724197128138061,7.794685686664585,790784424
2005-07-22,7.505535125732422,7.675551007910138,7.354878569213251,7.6040697660392045,934536528
2005-07-25,7.342965126037598,7.527624766849387,7.320874638350463,7.505286464656835,385965648
2005-07-26,7.348921298980713,7.39632669816851,7.249641799943439,7.322116188936966,392283324
2005-07-27,7.36976957321167,7.402034638495973,7.257334636080736,7.389873285397564,288427284
2005-07-28,7.284637928009033,7.381684263974704,7.279177023239631,7.381684263974704,236786976
2005-07-29,7.142171859741211,7.268256953739362,7.123060820381614,7.250883453568262,334197468
2005-08-01,7.237728595733643,7.259818137503783,7.150610919962131,7.151106548971617,226269504
2005-08-02,7.4258623123168945,7.43405248652952,7.225565780198391,7.237479319786695,291316392
2005-08-03,7.378953456878662,7.439018206166643,7.3367592545045675,7.3963269560034535,236986776
2005-08-04,7.389626502990723,7.421146710490584,7.328072975001751,7.335518287409594,209250540
2005-08-05,7.256094455718994,7.408985121130082,7.230282022361006,7.38391707711078,237350412
2005-08-08,7.228793144226074,7.338000828435518,7.209929921383429,7.287118932973017,179092728
2005-08-09,7.236735820770264,7.264285321054627,7.160786824166365,7.246414774177294,230940828
2005-08-10,7.090545177459717,7.255598127226965,7.070689279510771,7.23003351082758,274884840
2005-08-11,7.050089359283447,7.11288432386265,6.9649579847518,7.095758166470994,300295404
2005-08-12,7.1908183097839355,7.202731850153602,6.990273950025444,7.0329642545821915,263172564
2005-08-15,7.048848628997803,7.2665196086495545,7.043139437132396,7.192803783164726,326661012
2005-08-16,7.0898003578186035,7.142915417195264,7.0324672502135375,7.0706893219502485,284083632
2005-08-17,7.076150417327881,7.112634951180184,7.048848261165624,7.086326417572871,155176668
2005-08-18,6.949320316314697,6.961978717398176,6.825469358601842,6.848055472288785,474437088
2005-08-19,6.949569225311279,6.985557659646168,6.940137140808933,6.9741411674737535,221494284
2005-08-22,6.800897598266602,6.9860542670812125,6.784516777452546,6.980345075498013,272247480
2005-08-23,6.939144611358643,6.943116737282078,6.803628387167362,6.854261051248183,232635132
2005-08-24,7.0133562088012695,7.067463952103714,6.861458686446617,6.889256947469031,343380276
2005-08-25,7.013853073120117,7.048848831219557,6.948824467884988,7.01285992341325,174888936
2005-08-26,7.038424491882324,7.074165109602243,7.015590090106944,7.035941617799919,150061788
2005-08-29,7.15929651260376,7.175926093896988,7.005165363949961,7.005165363949961,235883880
2005-08-30,7.130010604858398,7.1856071303904585,7.095510472689054,7.1329891083868775,191488320
2005-08-31,7.098487854003906,7.160537951680875,7.057783379620815,7.153836556265472,201158640
2005-09-01,7.104692459106445,7.135717979932288,7.073667884137373,7.096253997937056,109574316
2005-09-02,7.15929651260376,7.19751953166588,7.109408714580872,7.111146253518713,137242620
2005-09-06,7.126039028167725,7.182628227419396,7.118344482325653,7.172948327954399,168323508
2005-09-07,7.31864070892334,7.334277614427669,7.080618196347694,7.095758054075437,299680020
2005-09-08,7.331546306610107,7.428095582649278,7.281161935056631,7.317647414247969,264267468
2005-09-09,7.4233808517456055,7.423628666232521,7.360585890374992,7.3784559632807225,175444380
2005-09-12,7.6877121925354,7.729409343674375,7.470787029549049,7.4894010184302635,415044540
2005-09-13,7.73586368560791,7.831419824010905,7.5991060209756816,7.669346299655872,411584004
2005-09-14,7.520427227020264,7.775575432422801,7.453413266672132,7.662644849560907,450580968
2005-09-15,7.510994911193848,7.6135007292385275,7.394093151792286,7.434052766411483,618029352
2005-09-16,7.450931072235107,7.55765587748653,7.442739479489304,7.5457423382648035,302888808
2005-09-19,7.54003381729126,7.59488641873072,7.4635887235129506,7.47078716681605,230245524
2005-09-20,7.64229154586792,7.726431187076623,7.575774636405023,7.598608566420079,373665960
2005-09-21,7.741322994232178,7.787488373554294,7.593893711596762,7.654701900238779,404383212
2005-09-22,7.728168964385986,7.923005075354909,7.6983853503083175,7.731395282172445,519735744
2005-09-23,7.827200412750244,7.8731170331438145,7.758449862334609,7.768625390240552,339012648
2005-09-26,7.800394535064697,7.965943595503159,7.757704706900805,7.929953744026183,395380224
2005-09-27,7.791955471038818,7.902900216208434,7.778056105502481,7.817023986485728,274649076
2005-09-28,7.594886779785156,7.8207469939129215,7.584958593237233,7.798905267264549,319576104
2005-09-29,7.6847333908081055,7.712035546257909,7.596871337353559,7.611763379150871,224327448
2005-09-30,7.854500770568848,7.880313673907911,7.751002288603682,7.798904257299878,365685948
2005-10-03,7.909602165222168,7.945094968719369,7.763413375761499,7.784261951350389,366045588
2005-10-04,7.7189860343933105,7.974134233206523,7.712532453029204,7.941123828749932,365406228
2005-10-05,7.711788654327393,7.815783253163886,7.644526407257108,7.76093159415912,332802864
2005-10-06,7.762421131134033,7.805359248823699,7.696399376951806,7.796919841054599,319432248
2005-10-07,7.76837682723999,7.8597139573128905,7.707567696728712,7.81305247915225,270541188
2005-10-10,7.710299015045166,7.813797513095352,7.673068669222054,7.776320298624962,222665112
2005-10-11,7.597367763519287,7.759937847371483,7.5665910019387015,7.709305659784793,341362296
2005-10-12,7.4700422286987305,7.624421193316705,7.421146161058755,7.575030442566647,371875752
2005-10-13,7.38242769241333,7.495607509164833,7.214645449077583,7.495607509164833,422285292
2005-10-14,7.350161552429199,7.451674682588763,7.260809775471404,7.443484036036112,340423236
2005-10-17,7.570066452026367,7.57503030846184,7.310945673826063,7.383916633483804,302365332
2005-10-18,7.527376651763916,7.643533548470322,7.513973387226531,7.56907380527763,282828888
2005-10-19,7.661899089813232,7.690939257443307,7.544253424156406,7.545246100841619,280147572
2005-10-20,7.525391101837158,7.72221256992546,7.475999401008168,7.6939182069809675,555911532
2005-10-21,8.436281204223633,8.598354730219919,8.265023407709963,8.582718769774724,914780304
2005-10-24,8.653454780578613,8.66958826194511,8.493117845956945,8.522406305270634,376890732
2005-10-25,8.610268592834473,8.622431367858834,8.509748587162266,8.582222987247155,274856868
2005-10-26,8.821981430053711,8.835880796666506,8.592397376943318,8.594631490855493,355943700
2005-10-27,8.762908935546875,8.862933288663289,8.728658516154928,8.85077240820922,205170624
2005-10-28,8.889740943908691,8.90910074473455,8.811558297012862,8.81776406470968,235903860
2005-10-31,9.236473083496094,9.301252922801094,8.92299817456863,8.941116061233261,573142284
2005-11-01,9.416171073913574,9.528357281681991,9.158788248867115,9.22952605677532,653589756
2005-11-02,9.423617362976074,9.555658994805318,9.361319440062024,9.473752511221841,422193384
2005-11-03,9.579235076904297,9.594871980535363,9.465807936604437,9.491373498438701,297638064
2005-11-04,9.690428733825684,9.724183522218304,9.566825124882394,9.679259111942969,352643004
2005-11-07,9.804601669311523,9.86516204555895,9.733120429925846,9.806338262479878,383276340
2005-11-08,9.677274703979492,9.818499637215888,9.64451211607493,9.785240474490323,315584100
2005-11-09,9.41046142578125,9.637314790469183,9.382662692513605,9.597106415130376,418257324
2005-11-10,9.70705795288086,9.713263719428467,9.367770601482395,9.390852345280786,364782852
2005-11-11,9.68968391418457,9.851013026569,9.651213082191818,9.806833949030645,282273444
2005-11-14,9.852751731872559,9.883775837267978,9.717731609278328,9.732375365367716,312003684
2005-11-15,9.749253273010254,9.853496159254876,9.703336650990972,9.788467553210015,344651004
2005-11-16,9.882038116455078,9.899411613494099,9.78176594920221,9.833639571703898,347460192
2005-11-17,10.013583183288574,10.022518692170356,9.916289518621827,9.972630422829749,368119512
2005-11-18,9.933167457580566,10.039645392217873,9.924231948635095,10.014576404275585,280742976
2005-11-21,10.160269737243652,10.175658828659126,9.76637899041654,9.907355174750327,412990596
2005-11-22,10.336736679077148,10.35758619716632,10.082582160222437,10.142645003219327,383456160
2005-11-23,10.495338439941406,10.541503821811178,10.319614313980258,10.350886233652819,402996600
2005-11-25,10.638300895690918,10.641527213449754,10.555898791665102,10.567812804708288,193410396
2005-11-28,10.510726928710938,10.703328913533156,10.48491449634294,10.668084397047398,439895664
2005-11-29,10.01581859588623,10.583201202245524,9.981070654596795,10.535049524232553,858972168
2005-11-30,10.049821853637695,10.137683443413739,9.817755872524861,10.033689318997954,623240136
2005-12-01,10.277667999267578,10.311174031550339,10.133712373440257,10.156298488641253,389406204
2005-12-02,10.367268562316895,10.41268860936149,10.271960240359343,10.348405338697354,301438260
2005-12-05,10.073152542114258,10.362304773537836,10.034185130401658,10.349894185424796,411164424
2005-12-06,10.040637016296387,10.335249629731932,9.970148935985296,10.143887681659278,604406988
2005-12-07,10.032695770263672,10.094249294829492,9.903383900363531,10.080845557769974,466169364
2005-12-08,10.19228744506836,10.19228744506836,9.99347876167723,10.059500508340395,356043600
2005-12-09,10.156298637390137,10.319614063169317,10.140413917584413,10.300253319468986,305430264
2005-12-12,10.240936279296875,10.30546831718859,10.174915462528464,10.29107237404797,277725996
2005-12-13,10.362055778503418,10.374713234975289,10.216859183967166,10.238204335678475,326225448
2005-12-14,10.398538589477539,10.417650569975871,10.312414553434035,10.35088443717293,264950784
2005-12-15,10.487643241882324,10.502287942812941,10.337483744611763,10.402263585555772,241590168
2005-12-16,10.676276206970215,10.734602470980319,10.492607827857103,10.556892044303753,652566780
2005-12-19,10.538525581359863,11.074883188635932,10.427083776882606,10.72715687480581,876594528
2005-12-20,10.66610050201416,10.727157459216446,10.540262748836115,10.619438541584424,402984612
2005-12-21,10.581464767456055,10.842818294134187,10.44197734631099,10.76066493993152,448427124
2005-12-22,10.723185539245605,10.743536594869228,10.571535367318148,10.716483197725388,301562136
2005-12-23,10.695633888244629,10.734601295388613,10.642271486942573,10.725914546827752,183620196
2005-12-27,10.539518356323242,10.718717558503545,10.492857345951714,10.718717558503545,267843888
2005-12-28,10.590398788452148,10.617452186102573,10.45562648333306,10.532071579882428,284431284
2005-12-29,10.42807674407959,10.641031689546354,10.403754034613788,10.622416280446746,277554168
2005-12-30,10.296778678894043,10.379926112204565,10.268980893534938,10.356594662633192,303180516
2006-01-03,10.802360534667969,10.813281397823571,10.380174493433536,10.486900250766157,524323152
2006-01-04,11.050806999206543,11.143136808580039,10.91454592592728,11.01754878318246,610844544
2006-01-05,11.199727058410645,11.207421604350275,10.95798211251162,11.069671733678108,431899668
2006-01-06,11.557628631591797,11.677756219695576,11.249365410659273,11.339461101737108,709565724
2006-01-09,11.588406562805176,11.749735692956596,11.440480224416648,11.576244735247855,511164324
2006-01-10,11.659391403198242,11.671552284094128,11.467781624079738,11.526852273042156,363520116
2006-01-11,11.705804824829102,11.792177632049741,11.644995689879257,11.696869315451732,359935704
2006-01-12,11.507246017456055,11.789200288042082,11.454380182881746,11.75767866056367,404606988
2006-01-13,11.572274208068848,11.588158928489865,11.457109512088028,11.524122526087593,305957736
2006-01-17,11.593619346618652,11.662867425990735,11.479945311938323,11.493099344608208,330481188
2006-01-18,11.042616844177246,11.351623524755604,11.001415322862279,11.101936252103513,818608572
2006-01-19,10.832639694213867,11.255571994804825,10.747012224103257,11.197989178769479,580910508
2006-01-20,9.91455364227295,10.921496846149722,9.797403586843394,10.888486439431505,1643023332
2006-01-23,10.610502243041992,10.632591782413177,10.070173041549987,10.11112674865342,908746344
2006-01-24,10.995954513549805,11.043608668175802,10.78374493136917,10.822215762838807,617965416
2006-01-25,10.747011184692383,11.273936605887991,10.653191657923914,11.20022220928376,748842408
2006-01-26,10.778532981872559,10.920503250808887,10.512712222823016,10.909333627792643,516526956
2006-01-27,10.759174346923828,10.876572214590533,10.647236911185125,10.79665298103351,337749912
2006-01-30,10.59362506866455,10.75396199218303,10.548453783194404,10.653441055705866,343212444
2006-01-31,10.738572120666504,10.91082304451594,10.522888399389993,10.686699443201931,881757360
2006-02-01,9.972134590148926,9.977594075298914,9.618202561866843,9.655680243796496,1083815100
2006-02-02,9.829669952392578,10.089286878930974,9.828180227681315,10.022769488251893,471835692
2006-02-03,9.470027923583984,9.776553625968146,9.247146229053744,9.769604416115346,730540728
2006-02-06,9.55813980102539,9.67727520062409,9.42063680724776,9.563351472271382,357258384
2006-02-07,9.131731986999512,9.523390441677101,9.018305796217867,9.505768185316951,664542792
2006-02-08,9.16052532196045,9.200486832573368,8.802871268053108,9.145633750015794,831331836
2006-02-09,8.904631614685059,9.292566306229327,8.838611749479925,9.213143648864467,476019504
2006-02-10,8.99993896484375,9.046849678184394,8.764894498466695,8.983558616960186,608331060
2006-02-13,8.58023452758789,8.701852788645514,8.485671553038996,8.603565976067502,787923288
2006-02-14,8.521164894104004,8.728907220457451,8.498330963562747,8.571053168511364,585573840
2006-02-15,8.497832298278809,8.587681121352704,8.384901733274306,8.47028232912695,517362120
2006-02-16,9.09549617767334,9.108898021337263,8.550202219948686,8.579489726985859,851767380
2006-02-17,9.152334213256836,9.23647385622074,9.025008637714512,9.17988513191609,572235192
2006-02-21,9.098723411560059,9.271221208081565,9.061989170977592,9.094999573334317,347092560
2006-02-22,9.071420669555664,9.157297849505573,9.030965426710537,9.112622193446471,258788952
2006-02-23,9.383655548095703,9.462334757245817,9.06893965735208,9.074399143006776,501561936
2006-02-24,9.367026329040527,9.433295902421738,9.26998140905548,9.364545346339545,259112628
2006-02-27,9.689188003540039,9.721950592232933,9.438507569297952,9.463079037889209,408079512
2006-02-28,9.000190734863281,9.866900318834938,8.401782003517466,9.759182339499041,1575926496
2006-03-01,9.054296493530273,9.169708060430542,8.967427104364294,9.147618518449942,481965552
2006-03-02,9.343446731567383,9.458858273776853,8.989762537609218,9.041387396021854,732478788
2006-03-03,9.386387825012207,9.611255867140747,9.326323068222063,9.53828489164595,478001520
2006-03-06,9.136200904846191,9.51594537711811,9.112373826668335,9.454143095027636,357230412
2006-03-07,9.045609474182129,9.144889459120392,8.889245129507632,9.05975760271034,414736848
2006-03-08,8.78326416015625,8.935906564825068,8.70036546815728,8.784505124556581,469354176
2006-03-09,8.513222694396973,8.898675453092848,8.475992821692206,8.820741575358307,555859584
2006-03-10,8.37671184539795,8.550451545888759,8.229033336444953,8.525631318430996,772250976
2006-03-13,8.365791320800781,8.590163689012945,8.325831708296317,8.461844971215093,545150304
2006-03-14,8.715752601623535,8.74578355501495,8.255591376841487,8.367777560143814,737289972
2006-03-15,8.55045223236084,8.744046427818366,8.451917595609155,8.70607216723467,510241248
2006-03-16,8.408234596252441,8.655936545835578,8.386641629190938,8.652462413459352,400267332
2006-03-17,8.433550834655762,8.482942538085767,8.312926645247208,8.408979363128067,341725932
2006-03-20,8.642036437988281,8.689194967029009,8.47698442391618,8.496840796015983,415887696
2006-03-21,8.436777114868164,8.728161552552216,8.415927592821221,8.687209735351995,392850756
2006-03-22,8.44422435760498,8.540524895400768,8.376713814892613,8.432558157481488,303536160
2006-03-23,8.485672950744629,8.581476905131192,8.443727034494126,8.497089443610967,297090612
2006-03-24,9.07911491394043,9.185592852305707,8.997458149911642,9.149107371821911,606616776
2006-03-27,9.175664901733398,9.225800040505158,9.059259253332272,9.111131931014016,280667052
2006-03-28,9.362062454223633,9.378444696045884,9.212399514065726,9.225801360738908,357474168
2006-03-29,9.803359031677246,9.903135571191015,9.419395094738086,9.43006814259067,760338900
2006-03-30,9.64103889465332,9.766626935102533,9.521158154685898,9.659652412416186,587879532
2006-03-31,9.679757118225098,9.726170313825122,9.53158202176875,9.648483307356559,1459395144
2006-04-03,9.672310829162598,9.741063274972927,9.628380505785138,9.668092307421539,324583092
2006-04-04,10.035674095153809,10.04957346094247,9.633591312071491,9.677274762876772,627999372
2006-04-05,10.126265525817871,10.28958093206649,9.997946818540658,10.131477196394425,535883580
2006-04-06,10.205442428588867,10.272704199730892,10.06272776612693,10.089036773950019,343596060
2006-04-07,10.08084487915039,10.246890979364498,10.027731238604778,10.235970117204372,280754964
2006-04-10,10.334506034851074,10.354113647949065,10.058260020679057,10.103681013856992,372431196
2006-04-11,10.167716979980469,10.402017090889645,10.082336366963943,10.335499702552836,443843712
2006-04-12,10.150094032287598,10.209165630901204,10.0567710649808,10.151334996490776,240439320
2006-04-13,9.9815673828125,10.170198679504427,9.940366801890951,10.142152130559644,261853884
2006-04-17,10.09722900390625,10.238205197002841,9.948805133284313,10.013584983215203,330049620
2006-04-18,10.033190727233887,10.171934672094778,9.965185517823251,10.124776145699114,325178496
2006-04-19,10.188565254211426,10.266499133321389,10.094993523006979,10.239943255053396,270996732
2006-04-20,10.300253868103027,10.325074098817815,10.131478947641769,10.201223597320375,490369140
2006-04-21,10.848773956298828,11.186820362897185,10.825691265323172,11.141649076512808,901149948
2006-04-24,10.933161735534668,11.037404614862,10.834378341730222,10.90585957863617,353102544
2006-04-25,10.602065086364746,10.94656510257998,10.573274146840351,10.911569341501654,382377240
2006-04-26,10.572527885437012,10.6735444433341,10.51196751359386,10.616458203431845,290820888
2006-04-27,10.425097465515137,10.595857723219172,10.409212746386538,10.496578701593831,333182484
2006-04-28,10.373224258422852,10.566571584334246,10.332520255178125,10.390349942364596,296555148
2006-05-01,9.900652885437012,10.410453617458153,9.891967082504173,10.386378724498385,414033552
2006-05-02,9.7988920211792,9.989756465148343,9.640044829939901,9.95476070935066,523647828
2006-05-03,9.783255577087402,9.965186412131095,9.701598809715456,9.83736331796278,322565112
2006-05-04,9.797651290893555,9.899909763854929,9.734608987713996,9.804601446836653,185893920
2006-05-05,9.786481857299805,9.944833426422985,9.723936127740865,9.868388330565333,242357400
2006-05-08,9.798395156860352,9.856473600325216,9.680997305843757,9.806586276519093,204539256
2006-05-09,10.146370887756348,10.151334744445812,9.772832159162625,9.8212297618849,365258376
2006-05-10,10.001917839050293,10.218594684830665,9.9741191115425,10.134207244517965,247240512
2006-05-11,9.605297088623047,10.044857562269375,9.555161001960274,10.012840308872875,355356288
2006-05-12,9.285865783691406,9.552430954348218,9.271469841907184,9.519420549074278,403100496
2006-05-15,9.337242126464844,9.435280185087409,9.139923153368,9.330540730947806,343260396
2006-05-16,9.215624809265137,9.35362342659343,9.180629053034554,9.332029515548694,259384356
2006-05-17,9.295047760009766,9.427585936746324,9.188818588703555,9.198498486656966,425326248
2006-05-18,9.207929611206055,9.476481041987832,9.200980401692403,9.401276917961585,233166600
2006-05-19,9.183855056762695,9.295048088205608,8.949307167388728,9.264767429223545,455472072
2006-05-22,9.206938743591309,9.258563612285654,9.065465037831864,9.129996123699794,343831824
2006-05-23,9.321854591369629,9.527860326900099,9.271717556028333,9.28785198259184,358960680
2006-05-24,9.462581634521484,9.516938129762172,9.22331865895962,9.365784547273945,381769848
2006-05-25,9.505768775939941,9.506017536270074,9.240692416550486,9.408722925628728,327456216
2006-05-26,9.465063095092773,9.577498026299699,9.432300510886824,9.54448668178293,146533320
2006-05-30,9.231508255004883,9.456377168602453,9.219346429778954,9.388865702019322,172467360
2006-05-31,9.228530883789062,9.388123409711762,9.103439430453939,9.277673819619748,318932748
2006-06-01,9.496585845947266,9.505769169693629,9.223070541138986,9.271221273650692,250868880
2006-06-02,9.417657852172852,9.6072832244534,9.368267101525676,9.601326218295066,255200544
2006-06-05,9.293558120727539,9.467546579300736,9.286361096670287,9.336744994354834,222117660
2006-06-06,9.679509162902832,9.679756977393769,9.339724282552421,9.34667443858069,409981608
2006-06-07,9.593135833740234,9.800381588329197,9.592887073381432,9.760174158320288,356095548
2006-06-08,9.761662483215332,9.785738323057858,9.39656174544464,9.62391167739675,413965620
2006-06-09,9.594625473022461,9.814529628248998,9.564343865356056,9.734112877232361,246053700
2006-06-12,9.469780921936035,9.691919192094627,9.45637907589604,9.638555839007996,200563236
2006-06-13,9.593382835388184,9.605295900577296,9.384895208940044,9.453894509653065,306057636
2006-06-14,9.54051685333252,9.707058602764667,9.394824627016844,9.675537922373774,310569120
2006-06-15,9.70457649230957,9.735600594234958,9.50601751070326,9.595864444907301,271156572
2006-06-16,9.697129249572754,9.702838440710751,9.630116247098266,9.657417455349952,211971816
2006-06-19,9.633591651916504,9.798892431026092,9.604800715532276,9.700853423596099,305018676
2006-06-20,9.609517097473145,9.726170571658809,9.593135802264142,9.63086130370251,161434404
2006-06-21,9.98082160949707,10.027235751641363,9.673552440564071,9.706066270243722,349426224
2006-06-22,9.926713943481445,10.076874382528223,9.630116903532763,9.967171075554235,236239524
2006-06-23,10.04858112335205,10.169949695292791,9.94632358975464,9.996458733896594,212379408
2006-06-26,10.032695770263672,10.133961093604725,10.008619930653698,10.095490258983192,141905952
2006-06-27,9.9855375289917,10.126514655177994,9.953023699711983,10.06967717109807,164119716
2006-06-28,10.079605102539062,10.088787480192945,9.956001483932589,10.027482718629418,148271580
2006-06-29,10.36999797821045,10.379676931287278,10.072407768907478,10.126266749274995,266061672
2006-06-30,10.407726287841797,10.407726287841797,10.233987488339682,10.315147695162695,250069680
2006-07-03,10.503776550292969,10.517922783182376,10.410701412888828,10.425345166405396,86181732
2006-07-05,10.460590362548828,10.493849527069651,10.316138158107094,10.462080087092248,199224576
2006-07-06,10.503527641296387,10.55788413858098,10.473495742756622,10.508243683188587,147336516
2006-07-07,10.43552303314209,10.620182662457335,10.322094935989432,10.57451385703692,241434324
2006-07-10,10.37967586517334,10.554159950837127,10.33450458455056,10.509733059473515,177278544
2006-07-11,10.537532806396484,10.54969368775475,10.25135909096128,10.387371412463656,238613148
2006-07-12,10.356098175048828,10.492358293692398,10.343191960146068,10.476225761528129,196071732
2006-07-13,10.147115707397461,10.38315334564627,10.097476192540917,10.275434435003609,276703020
2006-07-14,10.014825820922852,10.213137002759378,9.89345630927932,10.18434606652398,301781916
2006-07-17,10.123784065246582,10.200974497816285,10.020285569944903,10.042872631785688,232243524
2006-07-18,10.003655433654785,10.190301348878657,9.871861643884024,10.169948403032677,341130528
2006-07-19,9.90313720703125,9.956251803022397,9.795418290381766,9.804105040441115,340399260
2006-07-20,9.608274459838867,10.038154984134794,9.572036797575342,10.034183331810599,501046452
2006-07-21,9.682488441467285,9.72319244779177,9.374225161335133,9.583952851866977,469713816
2006-07-24,9.702095031738281,9.776306964411534,9.461591050948568,9.749749194266242,323120556
2006-07-25,9.663871765136719,9.712271256949434,9.52587315156448,9.556152864900428,230213556
2006-07-26,9.568068504333496,9.727164480608396,9.50601934266807,9.63508246912055,221054724
2006-07-27,9.49112606048584,9.617459433609092,9.380677407672788,9.61448093031882,225418356
2006-07-28,9.633094787597656,9.668834929609694,9.474495424545344,9.481196819404692,163180656
2006-07-31,9.595370292663574,9.659156991066892,9.513712573772812,9.63011823802439,183628188
2006-08-01,9.320116996765137,9.574769095685715,9.320116996765137,9.558387800575584,218309472
2006-08-02,9.114608764648438,9.361318502940534,9.064223915208638,9.322350145883515,283628088
2006-08-03,9.317137718200684,9.379683444300133,9.018554375998775,9.058762748144188,252826920
2006-08-04,9.278915405273438,9.448435638229586,9.22679302234882,9.420635962032122,203604192
2006-08-07,9.38067626953125,9.424856292810306,9.211901373176763,9.220588121636265,157718124
2006-08-08,9.456377983093262,9.543246414169584,9.408971642074054,9.501549264578784,229498272
2006-08-09,9.355609893798828,9.547716272994307,9.341213951388548,9.501055259132023,172267560
2006-08-10,9.28760051727295,9.373726444515722,9.244414592281181,9.279658158602928,170305524
2006-08-11,9.14612865447998,9.314406980976875,9.133719013459249,9.29256525609496,150509340
2006-08-14,9.169212341308594,9.310686047768021,9.15034911739021,9.220589395753699,198533268
2006-08-15,9.455632209777832,9.473005706016634,9.247888969010766,9.28536759569665,267660072
2006-08-16,9.623167037963867,9.64128492335985,9.484175285253414,9.517930073879173,233893872
2006-08-17,9.575514793395996,9.679757682848818,9.528852834722771,9.590157604135667,203004792
2006-08-18,9.51495361328125,9.60753219680522,9.450173764608516,9.588171451528936,197889912
2006-08-21,9.364544868469238,9.406737651800489,9.312919054556868,9.384400295919239,160771068
2006-08-22,9.389116287231445,9.413191182055046,9.303486919248284,9.375217866434761,166397436
2006-08-23,9.268489837646484,9.388618371826693,9.249378802387156,9.372981468342049,145546308
2006-08-24,9.275936126708984,9.342204737878705,9.239450650883848,9.29355743677852,139160700
2006-08-25,9.264272689819336,9.31540098301737,9.245409466227652,9.259804461957573,98569332
2006-08-28,9.4551362991333,9.4551362991333,9.307457787303582,9.322598116889177,166393440
2006-08-29,9.405496597290039,9.489139657093787,9.362060962814486,9.450916639263736,178221600
2006-08-30,9.450173377990723,9.546971425270508,9.394576856419684,9.41195130145513,161614224
2006-08-31,9.395073890686035,9.484920840145382,9.386882769701531,9.468540489890229,118277604
2006-09-01,9.396808624267578,9.46332694532411,9.361812870765736,9.456128029680375,106809084
2006-09-05,9.539772987365723,9.565585420367196,9.368018628296262,9.428331189320042,162809028
2006-09-06,9.435033798217773,9.510734513809036,9.423120729860926,9.483681113162543,148815036
2006-09-07,9.394079208374023,9.474991580104597,9.367024867115612,9.416416561908921,153526320
2006-09-08,9.378193855285645,9.45116386276255,9.350147312170485,9.350147312170485,123212664
2006-09-11,9.533072471618652,9.547964042988601,9.37621061392278,9.388372442217674,180986832
2006-09-12,9.72691535949707,9.74751612306704,9.552680003369401,9.555658506789138,217470312
2006-09-13,10.091022491455078,10.095738533796903,9.806338491446628,9.807580401513778,390337272
2006-09-14,10.026738166809082,10.083823460336227,9.975856747824125,10.034680526091098,214429356
2006-09-15,10.173174858093262,10.17739432478188,10.095240996221799,10.113606695547707,313214472
2006-09-18,10.292560577392578,10.391839602397447,10.16299994584886,10.176153976838576,283983732
2006-09-19,10.0225191116333,10.312415710268269,9.74776284290802,10.311671320961157,571144284
2006-09-20,9.853495597839355,10.111374947529072,9.794424001761833,10.104176977116923,365546088
2006-09-21,10.09797191619873,10.13768371762758,9.924481900005304,9.935402763630348,427256316
2006-09-22,10.021774291992188,10.112863136165592,9.96170954975629,10.05155837570896,185798016
2006-09-25,10.026738166809082,10.16250266387985,9.990004873361862,10.066449963219155,229262508
2006-09-26,10.098468780517578,10.11857202150141,9.971886653182283,10.064465227616063,211364424
2006-09-27,10.0004301071167,10.206434893139475,9.986778555090424,10.08432193524796,234832932
2006-09-28,10.016809463500977,10.101196904294305,9.941357530712475,10.029219103071561,204091704
2006-09-29,9.975114822387695,10.067444644859497,9.962952048355376,10.055281870827177,132303564
2006-10-02,9.963696479797363,10.076874870058644,9.947811760256945,9.975113917547299,145929924
2006-10-03,10.028227806091309,10.088292553593467,9.88303215872325,9.959972884130917,218369412
2006-10-04,10.317626953125,10.319365437864128,10.003655474210253,10.051309629883146,266205528
2006-10-05,10.221077919006348,10.38066853700135,10.197498657268397,10.292806962044475,231360408
2006-10-06,10.436761856079102,10.471757608998784,10.169947970464511,10.18161416729446,293166540
2006-10-09,10.647732734680176,10.720951512736384,10.509237538461026,10.543489852241539,303028668
2006-10-10,10.58940601348877,10.867388622531175,10.483673401665481,10.711272106189366,391152456
2006-10-11,10.585680961608887,10.670317164218973,10.517674811348355,10.548947671138672,225190584
2006-10-12,10.609013557434082,10.664610073922802,10.523632956362208,10.636811342750045,193566240
2006-10-13,10.605538368225098,10.660141734506936,10.562351493325785,10.616955805464407,144755100
2006-10-16,10.467787742614746,10.652696125939118,10.45761126930784,10.615466256450027,172603224
2006-10-17,10.440238952636719,10.517427490220424,10.342447761780031,10.431799072223772,208231560
2006-10-18,10.4072265625,10.542246664318967,10.36230309728559,10.498563217272702,240451308
2006-10-19,10.574762344360352,10.66014295430558,10.413681969761575,10.430062319420717,459679860
2006-10-20,11.408958435058594,11.419631483759016,11.25805359556803,11.392080565419251,465450084
2006-10-23,11.932906150817871,12.028710090061576,11.42633175554272,11.473738096223693,603575820
2006-10-24,11.747501373291016,11.860430996641007,11.700342846388626,11.821215774903811,346061592
2006-10-25,12.077357292175293,12.124514872128326,11.792176752958342,11.851247398669615,367132500
2006-10-26,12.040128707885742,12.210392399485226,12.017790406655228,12.104163216642394,280986732
2006-10-27,11.794411659240723,12.043602365891173,11.727148943702836,12.010344148634932,263895840
2006-10-30,11.828413963317871,11.924964186742217,11.665595121560733,11.784979273722083,262261476
2006-10-31,11.823945045471191,11.967155310323061,11.760653993067764,11.86539343007487,251164584
2006-11-01,11.60329818725586,11.891953840497695,11.5477016663881,11.882770516162386,216834948
2006-11-02,11.663115501403809,11.757927251124038,11.575500776829692,11.603298565240669,209258532
2006-11-03,11.710025787353516,11.758425290916092,11.542739623603579,11.720698837933936,196111692
2006-11-06,11.837846755981445,11.905108527969574,11.723178638903248,11.758918785662493,199460340
2006-11-07,11.729134559631348,11.889222720515864,11.709279132969991,11.83784661485824,195688116
2006-11-08,11.789446830749512,11.95673390388467,11.630599637937456,11.674035274404737,318281400
2006-11-09,11.730623245239258,11.900887864722579,11.711511263742127,11.826675944091832,194972832
2006-11-10,11.753458023071289,11.78249677092634,11.672544708024212,11.759165322656234,111756132
2006-11-13,11.939111709594727,11.942585841679543,11.768101743136084,11.78696496561566,173502324
2006-11-14,12.144372940063477,12.160505475035174,11.92595756068997,11.930921417604338,288647064
2006-11-15,12.209647178649902,12.406219849921955,12.209647178649902,12.246876098853285,334493172
2006-11-16,12.308183670043945,12.352362752077006,12.225284991751025,12.285845368674268,203500296
2006-11-17,12.379912376403809,12.401505341963368,12.236204564877848,12.242410331535883,220219560
2006-11-20,12.287087440490723,12.370232988517719,12.22751926662525,12.370232988517719,204775020
2006-11-21,12.649454116821289,12.658141810482624,12.306443918910022,12.324066174827749,336762900
2006-11-22,12.608750343322754,12.732601765842062,12.553401646645911,12.682216925141434,179847972
2006-11-24,12.53404426574707,12.59609341857487,12.50922403710186,12.521633678496059,69238692
2006-11-27,12.031440734863281,12.454123309363712,12.031440734863281,12.443946836547754,292695012
2006-11-28,12.149336814880371,12.158271378996647,11.839832579786997,11.941593538395264,311592096
2006-11-29,12.028958320617676,12.279391877080752,11.969391097546339,12.266981290137597,252359388
2006-11-30,12.032930374145508,12.171673382026242,11.952017998196027,12.017542229514417,222876900
2006-12-01,11.933402061462402,12.121785518710869,11.876315821378583,12.061969535960749,225030744
2006-12-04,12.03392219543457,12.09795859193704,11.89741330570567,11.988005577488092,195800004
2006-12-05,12.087286949157715,12.14784732899188,12.034916744233886,12.097214663196159,163955880
2006-12-06,12.129728317260742,12.22131279498757,12.025732306420926,12.086292680649349,177833988
2006-12-07,11.979071617126465,12.2064215504162,11.973611185593949,12.167454140356165,186385428
2006-12-08,12.015557289123535,12.126998143679108,11.913546627403804,11.961698308134709,158837004
2006-12-11,12.011088371276855,12.134443231680212,12.00786205373272,12.035659839222188,130405464
2006-12-12,11.957724571228027,12.071399519861979,11.920494706080326,12.00910161487765,167072760
2006-12-13,11.888479232788086,12.050056171727983,11.839583163931485,12.029951984794101,186297516
2006-12-14,11.966166496276855,12.006622688706244,11.84554136253235,11.919752351071988,189766044
2006-12-15,11.920992851257324,12.015556777941288,11.909575413656654,11.979071297201646,207424368
2006-12-18,11.486645698547363,11.98155395633071,11.435019884638448,11.975845710110592,320343336
2006-12-19,11.63134479522705,11.648222665274027,11.379919958739894,11.459840135248479,263216520
2006-12-20,11.489126205444336,11.702577716821382,11.474979970658342,11.665347846039658,174537288
2006-12-21,11.322833061218262,11.547453246843164,11.227029115751417,11.520895479083725,277853868
2006-12-22,11.307445526123047,11.383394049342519,11.236709620113182,11.355099686938573,159372468
2006-12-26,11.355844497680664,11.403994285272173,11.282873535257576,11.330775508360636,82889028
2006-12-27,11.616453170776367,11.617694134988371,11.394811476542566,11.417149778215512,169090740
2006-12-28,11.480688095092773,11.630103205617973,11.472993549842327,11.59386648489396,124523352
2006-12-29,11.429064750671387,11.528095027301367,11.413675658122559,11.469272183686638,102265632
2007-01-03,11.605530738830566,11.83064653491849,11.444698204435921,11.566067703879682,307951740
2007-01-04,11.99445915222168,12.011584835280951,11.624394574425734,11.640528053711163,315188496
2007-01-05,12.092000961303711,12.099695505905656,11.866636404501934,11.975596263691887,274609116
2007-01-08,12.002401351928711,12.15851879664528,11.9681499862661,12.10441105963187,189985824
2007-01-09,12.050054550170898,12.11830851573723,11.943328809054824,12.048813586176177,215040744
2007-01-10,12.148344039916992,12.249857187153502,11.964180023985495,12.023500386086097,238501260
2007-01-11,12.402995109558105,12.45337901132439,12.315132576651413,12.340448434779644,288039672
2007-01-12,12.53404426574707,12.53404426574707,12.409945014234655,12.459335765326285,178769052
2007-01-16,12.51617431640625,12.732603382910973,12.491849716491462,12.597334506952905,302453244
2007-01-17,12.34243392944336,12.60279521348496,12.270457061219235,12.494084103027628,267696036
2007-01-18,12.10788631439209,12.322577834967795,12.097958601499986,12.27393052842562,237042720
2007-01-19,12.155540466308594,12.180608508864934,12.080832913455337,12.111609201750932,198932868
2007-01-22,11.934394836425781,12.22751773497566,11.876315448546526,12.223794842807516,215955828
2007-01-23,11.88996696472168,12.031440650130072,11.846283516703995,11.933153837947028,186433380
2007-01-24,12.386862754821777,12.398528954056559,11.995205159512802,12.023996098259966,242129628
2007-01-25,12.114338874816895,12.52163331978892,12.054027262683391,12.434763940804457,254485260
2007-01-26,12.306692123413086,12.357821354054508,12.088028967802535,12.18482699826377,219640140
2007-01-29,12.223051071166992,12.378919770799817,12.174155946076308,12.360305307578075,190836972
2007-01-30,12.268967628479004,12.360305242606136,12.19202690171004,12.26102526837477,167052780
2007-01-31,12.447174072265625,12.534044400529591,12.29850335085127,12.322827004930907,487755756
2007-02-01,11.95698070526123,12.559111208308622,11.951519328498193,12.55886339384518,625721652
2007-02-02,11.950777053833008,12.037646436188941,11.859190683499797,11.978326079665404,251208540
2007-02-05,11.594860076904297,11.863907168594316,11.570784236427732,11.851496580753782,287987724
2007-02-06,11.702081680297852,11.747253912979579,11.59734221913928,11.61819079639902,212663124
2007-02-07,11.665594100952148,11.773312991913757,11.635065629909633,11.760158016846857,164627208
2007-02-08,11.690912246704102,11.758422776861877,11.544971269461453,11.616949081355624,162904932
2007-02-09,11.464059829711914,11.731865966689272,11.454379930279039,11.70630134661191,194149656
2007-02-12,11.374706268310547,11.476467216279136,11.29354513524174,11.434026622378902,229949820
2007-02-13,11.39480972290039,11.486147323246433,11.34914092272737,11.396050686921413,162341496
2007-02-14,11.5643310546875,11.643754651345107,11.397789316191746,11.417149113457294,227724048
2007-02-15,11.453634262084961,11.56929553119192,11.435019798991252,11.566069213427049,161534304
2007-02-16,11.663858413696289,11.6690719766873,11.468277916412298,11.486645510701566,246832920
2007-02-20,11.717469215393066,11.733602695285713,11.534050551277327,11.627372569224683,162541296
2007-02-21,11.810791015625,11.880783468046847,11.60925353799243,11.66137591914837,225398376
2007-02-22,11.810544967651367,12.018783871386814,11.774308244914579,11.881033059544393,229526244
2007-02-23,11.68073558807373,11.837846185952115,11.610744076600167,11.808062101182378,155148696
2007-02-26,11.539510726928711,11.79565158748543,11.510223216796703,11.735588734466033,158637204
2007-02-27,11.138421058654785,11.412185122338801,11.098709260794218,11.293048782900296,372139488
2007-02-28,11.155299186706543,11.260039596923486,10.996204163594728,11.17912721385386,320970708
2007-03-01,11.125019073486328,11.22901509061619,10.920751823585325,10.987021393551125,347060592
2007-03-02,10.887988090515137,11.13668410326713,10.887988090515137,11.047580611926067,263080656
2007-03-05,10.944330215454102,11.05726078756993,10.846291212728879,10.846786841689795,253949796
2007-03-06,11.356340408325195,11.392329315595637,11.103922428442914,11.10615654232167,301046652
2007-03-07,11.308935165405273,11.495084540836487,11.275429129098903,11.483915862067697,261102636
2007-03-08,11.286100387573242,11.553658704086553,11.270712242139746,11.397790004465715,214297488
2007-03-09,11.242416381835938,11.377436497677712,11.171432664727043,11.367508784447669,198908892
2007-03-12,11.286844253540039,11.299254840968283,11.19649979284374,11.2327374596032,138477384
2007-03-13,10.995954513549805,11.216851789951384,10.99099065734169,11.171679563429446,254836908
2007-03-14,11.119309425354004,11.135690718440706,10.895930219677341,11.000918427428237,320355324
2007-03-15,11.074387550354004,11.164483256492845,11.018542267981276,11.115836890893581,157610232
2007-03-16,10.941847801208496,11.087045338152985,10.918020721668087,11.06098319891054,226137636
2007-03-19,11.100197792053223,11.131719412470988,10.936386761719191,11.001414409913435,207700092
2007-03-20,11.051799774169922,11.109382591927062,11.010102621818442,11.064458176082631,136723140
2007-03-21,11.331520080566406,11.332017601264985,11.05006240612605,11.052297465842292,231700068
2007-03-22,11.467782020568848,11.471008338230046,11.23174533932677,11.308190434517538,227000772
2007-03-23,11.462570190429688,11.501288842592498,11.344675748960793,11.453139051289211,164287548
2007-03-26,11.541248321533203,11.541248321533203,11.308437963823508,11.430799675941037,188223588
2007-03-27,11.506997108459473,11.546956721656878,11.42558721171176,11.505259569475792,149498352
2007-03-28,11.463810920715332,11.552169079703871,11.420871859488104,11.46356121451968,183480336
2007-03-29,11.439983367919922,11.566067966076181,11.293048303290867,11.530078116262633,159380460
2007-03-30,11.371479034423828,11.501536234280941,11.321343895455477,11.469270221723118,135072792
2007-04-02,11.380663871765137,11.380663871765137,11.221567914766158,11.361551888583378,137802060
2007-04-03,11.729880332946777,11.77083309782231,11.516429759080307,11.517669777436124,259811928
2007-04-04,11.690664291381836,11.73980817729349,11.654924143315979,11.718463025083619,151000848
2007-04-05,11.702827453613281,11.717222449947277,11.655916734237444,11.697614836174774,108523368
2007-04-09,11.620920181274414,11.739807765920265,11.55589157719951,11.739311191075691,122361516
2007-04-10,11.578478813171387,11.684956757591577,11.54522059422277,11.593122569094328,119052828
2007-04-11,11.529582977294922,11.650455909826515,11.481928819860913,11.567557236210021,152327520
2007-04-12,11.600566864013672,11.615707192843637,11.472744730087722,11.516428177747066,108207684
2007-04-13,11.573265075683594,11.634818596672279,11.500543823817434,11.626876237378797,111680208
2007-04-16,11.77132797241211,11.83883849671607,11.619429056264014,11.627123600785383,202912884
2007-04-17,11.734844207763672,11.823947708427486,11.70506012075672,11.759664437912276,128275596
2007-04-18,11.814515113830566,11.911065341471941,11.653682564305093,11.696620680962203,226593180
2007-04-19,11.706299781799316,11.961945002543262,11.655171494335939,11.777036625869913,439943616
2007-04-20,11.975099563598633,12.223795585713892,11.963683071931847,12.174651703565495,485973540
2007-04-23,11.89071273803711,12.037646871550555,11.870359790179487,11.916029542682388,226757016
2007-04-24,11.852241516113281,11.913050651495572,11.803098578830308,11.879047098579203,147640212
2007-04-25,11.863658905029297,11.94754978420583,11.816997896251415,11.91354623142944,158513328
2007-04-26,11.94283390045166,12.023994085629447,11.84181639844728,11.86638786536741,164831004
2007-04-27,11.888975143432617,11.973114785646672,11.872097273747968,11.915285097655223,116910972
2007-04-30,11.699599266052246,11.94705433166378,11.699599266052246,11.892450016482396,145502352
2007-05-01,11.640527725219727,11.735090701096075,11.520647001331033,11.719703503253028,146181672
2007-05-02,11.560606002807617,11.692151971238971,11.559365984654855,11.631839417836332,122385492
2007-05-03,11.745515823364258,11.766364397967868,11.548445622509686,11.57152736491291,143624232
2007-05-04,11.693145751953125,11.785475560126649,11.563089500827093,11.668325524567155,157842000
2007-05-07,11.597589492797852,11.735339352503317,11.57773312032697,11.71846242905274,120683196
2007-05-08,11.586174011230469,11.6199288069321,11.53454819498952,11.569296140451197,116087796
2007-05-09,11.646732330322266,11.708284903983804,11.513449764402496,11.569789721531846,155440404
2007-05-10,11.453634262084961,11.652689839222719,11.442465584228735,11.591881647259738,147304548
2007-05-11,11.58443546295166,11.590889990499784,11.441970495293642,11.462570312918286,117646236
2007-05-14,11.461328506469727,11.603545649167364,11.417149425202876,11.553162692889181,154753092
2007-05-15,11.367508888244629,11.480191650347717,11.352866078610708,11.46579665520408,164595240
2007-05-16,11.73012924194336,11.743283274653821,11.392827192264933,11.466790368784672,261905832
2007-05-17,11.68917465209961,11.794907255641016,11.685451759694196,11.72640452201054,186237576
2007-05-18,11.673291206359863,11.732361862322339,11.659144024504506,11.715733697782847,147688164
2007-05-21,11.680240631103516,11.893691201543902,11.583939161345517,11.653682862350053,246125628
2007-05-22,11.810791015625,11.888973641502174,11.739806359489718,11.739806359489718,153406440
2007-05-23,11.763884544372559,11.998184673135128,11.758425057778378,11.933901393959752,202205592
2007-05-24,11.77281665802002,11.893689580664935,11.70257639173939,11.79316960303593,166777056
2007-05-25,12.000911712646484,12.036404988511066,11.845788362303537,11.906100920211735,213726060
2007-05-29,12.09001636505127,12.206421069952102,12.01282593730196,12.037646165641599,208511280
2007-05-30,12.375197410583496,12.381154417413494,11.988007100344168,12.025237920103203,289542168
2007-05-31,12.358070373535156,12.627862786094274,12.33697398328386,12.423844310124327,356615028
2007-06-01,12.419873237609863,12.53454040968824,12.358567525718845,12.434764807894707,191768040
2007-06-04,12.585419654846191,12.670801198697745,12.350127381418364,12.358069740630514,283755960
2007-06-05,12.877551078796387,12.881522731554787,12.57400387275117,12.651938690727139,417466116
2007-06-06,12.862907409667969,12.925701898056005,12.788695483612065,12.825677539396665,315152532
2007-06-07,12.783732414245605,13.067672973795737,12.72044229298676,12.900138074329668,424794780
2007-06-08,12.794404983520508,12.897406901928294,12.6447411095138,12.812027242348544,254073672
2007-06-11,12.691401481628418,12.86290707321986,12.658143265012002,12.757918860718043,185722092
2007-06-12,12.528335571289062,12.699593358610539,12.488623771394595,12.626125819413136,256523220
2007-06-13,12.54000186920166,12.621906452161047,12.377430829910834,12.585918490403875,281078640
2007-06-14,12.480433464050293,12.555886355974913,12.45213815665014,12.543475768363434,184663152
2007-06-15,12.556133270263672,12.63332274981442,12.440472012318072,12.613218564099158,246717036
2007-06-18,12.787206649780273,12.80706302190577,12.515181067244349,12.56333085428863,193242564
2007-06-19,12.765117645263672,12.838087664062016,12.696366148038953,12.757671860100533,174037788
2007-06-20,12.657397270202637,12.8753169892113,12.6348111569783,12.830889152021285,173354472
2007-06-21,12.760152816772461,12.789440326202639,12.56581329870108,12.682465815753913,176211612
2007-06-22,13.029945373535156,13.030193188015193,12.809543715102942,12.817486074602444,287859852
2007-06-25,13.090505599975586,13.278391537296443,12.990233430648717,13.129224247406022,316683000
2007-06-26,13.160993576049805,13.233963588718119,13.061217982360581,13.222299282961243,227352420
2007-06-27,13.062458992004395,13.104653665967028,12.895421618609932,13.030441737719814,244679076
2007-06-28,13.030689239501953,13.14213103644539,13.00065733946078,13.027462921872887,166569264
2007-06-29,12.973356246948242,13.090009716064701,12.892939498975053,13.055758348414678,155068776
2007-07-02,13.163973808288574,13.200459292343943,13.010587032408266,13.042604288468675,139364496
2007-07-03,13.262259483337402,13.263748261968358,13.092491426567541,13.18085053290046,74797128
2007-07-05,13.443196296691895,13.511947791600726,13.207904007492786,13.292539276033821,197518284
2007-07-06,13.387845993041992,13.498791201718898,13.371217832077084,13.433763552894238,109770120
2007-07-09,13.466278076171875,13.619664829251505,13.409191837323231,13.477198938314341,149042808
2007-07-10,13.485639572143555,13.576480612610299,13.443693657153304,13.496808250164726,154085760
2007-07-11,13.51368522644043,13.564070076694392,13.40298970381148,13.492341020038378,132239628
2007-07-12,13.535029411315918,13.584421104861898,13.408199479919674,13.548183441116258,137526336
2007-07-13,13.704548835754395,13.717207236748257,13.582683705182012,13.59906405251906,209274516
2007-07-16,13.725151062011719,13.863894075395889,13.633813448551201,13.658384918038157,263716020
2007-07-17,13.775038719177246,13.842796118104197,13.71001011716671,13.77603092297805,172970856
2007-07-18,13.638527870178223,13.762627112922289,13.497302945177472,13.747486783977033,242956800
2007-07-19,13.61594295501709,13.738305615541059,13.458336723151252,13.73681589103384,444642912
2007-07-20,12.909319877624512,12.985269338385478,12.645732297428198,12.705300464854183,710181108
2007-07-23,12.720441818237305,12.906342413759914,12.71150725450382,12.881770944707567,254013732
2007-07-24,12.757420539855957,12.87382617379514,12.586411546486902,12.640767091470472,222661116
2007-07-25,12.65218734741211,12.832379703308696,12.547944461096314,12.831386553588784,221578200
2007-07-26,12.608504295349121,12.722427076020162,12.382145620952132,12.626869997520167,275060664
2007-07-27,12.70505142211914,12.822449269625212,12.54645300064703,12.621657124604557,220143636
2007-07-30,12.80979061126709,12.889958583892412,12.670551052880484,12.730615788130974,158373468
2007-07-31,12.658143997192383,12.91726337281133,12.658143997192383,12.912051701570894,170649180
2007-08-01,12.73111343383789,12.819721299445098,12.611978039809756,12.67055306010569,176950872
2007-08-02,12.683210372924805,12.781993757573105,12.633322105820016,12.750472136354878,126069804
2007-08-03,12.484405517578125,12.737567892638337,12.484405517578125,12.659385255361379,126920952
2007-08-06,12.658143997192383,12.661866889751794,12.471994639937508,12.484405227659066,145913940
2007-08-07,12.807558059692383,12.903362946244231,12.634315879238928,12.651938136753046,170401428
2007-08-08,13.049800872802734,13.049800872802734,12.834116200988445,12.88996053227931,162589248
2007-08-09,12.775542259216309,13.07561535413495,12.77306033076535,12.92619928878837,193666140
2007-08-10,12.800857543945312,12.874571945211157,12.54967960437398,12.66261017304921,234772992
2007-08-13,12.794652938842773,12.900137732622538,12.733348172794141,12.894926061364353,127044828
2007-08-14,12.623395919799805,12.841811289435803,12.608504349720603,12.800113190671727,145202652
2007-08-15,12.349136352539062,12.700088969802211,12.328286829998941,12.633323772345443,216163620
2007-08-16,12.199471473693848,12.321337561358392,11.924964900045474,12.211882061361274,345478176
2007-08-17,12.410937309265137,12.434764388431239,12.202698417512941,12.346405281827307,218956824
2007-08-20,12.358319282531738,12.47348492599075,12.310665120597804,12.471002051649187,107784108
2007-08-21,12.574002265930176,12.612473095175105,12.354594726593067,12.383633472902622,144279576
2007-08-22,12.726398468017578,12.81326784970476,12.63952814047358,12.657150398810876,129977892
2007-08-23,12.712499618530273,12.810289866986553,12.583684319394857,12.807063549256407,122944932
2007-08-24,12.782242774963379,12.795894326360422,12.620913653333412,12.722923364870843,98809092
2007-08-27,12.739056587219238,12.843051657830127,12.692892151201251,12.768096284693458,92910996
2007-08-28,12.568794250488281,12.78174827153979,12.553652972155337,12.696119840287821,130825044
2007-08-29,12.72962474822998,12.74004809031074,12.589392017114417,12.604532347122287,101870028
2007-08-30,12.692893028259277,12.792172063400484,12.672540078828355,12.716720110195999,105961932
2007-08-31,12.788447380065918,12.81947148304341,12.694628790119742,12.735084031231034,118984896
2007-09-04,13.034165382385254,13.104901285666827,12.772810951480018,12.782738664802789,147600252
2007-09-05,13.099937438964844,13.141634591637649,12.962186633079343,12.99072975476084,132383484
2007-09-06,12.993708610534668,13.150322643511826,12.862660142619138,13.138656445003923,144890964
2007-09-07,12.890209197998047,12.937118019761053,12.826918136590422,12.853227143271432,146397456
2007-09-10,12.769336700439453,12.957719220755115,12.679985389652776,12.93811160878247,128902968
2007-09-11,12.939352035522461,12.947294394948223,12.800360272643237,12.831634081390812,108035856
2007-09-12,12.972114562988281,13.104405885436273,12.881523231479807,12.9194965464309,119320560
2007-09-13,13.024981498718262,13.085293111248022,12.98626190505227,13.00711142633377,75568356
2007-09-14,13.123517990112305,13.161243493636055,12.961444459855358,12.985767170726945,110485404
2007-09-17,13.037887573242188,13.136670018030038,13.007359099732103,13.06841510089549,87812100
2007-09-18,13.2853422164917,13.334486099325966,13.012323482760682,13.068167815312945,168459372
2007-09-19,13.57275676727295,13.637288798632222,13.374446522515118,13.384622050808776,220854924
2007-09-20,13.721179008483887,13.819713637116648,13.55240316466969,13.576479002799935,220779000
2007-09-21,13.901619911193848,13.918745594733025,13.721179751960157,13.808296948286918,320147532
2007-09-24,14.098194122314453,14.183574728989147,13.899138546975585,13.923957830876237,211668120
2007-09-25,14.122517585754395,14.136416952995342,13.970123958550614,13.99841832205151,109114776
2007-09-26,14.101668357849121,14.191765007467689,13.993701634519807,14.157264878393454,133710156
2007-09-27,14.085287094116211,14.190523121849186,14.042596793238086,14.190275307367198,82169748
2007-09-28,14.079577445983887,14.136167110725088,14.001394817021707,14.07287605076265,105474420
2007-10-01,14.458827018737793,14.503502676783187,14.137658477330564,14.146593041425515,188263548
2007-10-02,14.504493713378906,14.812756938595852,14.395782614492148,14.479425672122222,282417300
2007-10-03,14.495311737060547,14.618665655645053,14.404471647033663,14.550660441226551,155024820
2007-10-04,14.3714599609375,14.521869164783904,14.322564839073848,14.521869164783904,119348532
2007-10-05,14.744255065917969,14.792654561366401,14.569524090880343,14.572005073420137,202545252
2007-10-08,15.130701065063477,15.146585784256834,14.741773259309301,14.767833506017373,200918880
2007-10-09,15.268699645996094,15.482151164046737,15.100172545463655,15.266962106940575,350361288
2007-10-10,15.522109031677246,15.529307001586943,15.308906297980103,15.422085625635113,215208576
2007-10-11,15.437972068786621,15.919724398055138,15.115312863575374,15.726875534334637,471488040
2007-10-12,15.81994915008545,15.845017193541713,15.344647582369936,15.487114429197447,272675052
2007-10-15,15.391058921813965,15.881252000315769,15.277880545240572,15.846752822606668,277474248
2007-10-16,15.289051055908203,15.535265154408718,15.189524217314622,15.350853340878407,240770988
2007-10-17,15.72290325164795,15.735809468002389,15.427794031053045,15.647699121481219,240978780
2007-10-18,15.875299453735352,15.918733200968767,15.59930031228901,15.770805916592243,491076432
2007-10-19,16.001630783081055,16.343648818533296,15.964897488396316,16.246106390176656,630928440
2007-10-22,16.15154266357422,16.25702840481229,15.792399865308045,15.851719278723504,266309424
2007-10-23,16.77253532409668,16.817955365168014,16.381126559500814,16.412150660857325,271476252
2007-10-24,16.77377700805664,16.814730715318408,16.370206400065666,16.696587527197977,295871832
2007-10-25,16.592344284057617,16.851961187728925,16.469237228189986,16.844763216900887,231588180
2007-10-26,16.743494033813477,16.79164381287071,16.581171789222893,16.729347801629057,134021844
2007-10-29,16.858413696289062,16.877525680185947,16.681199845009633,16.822176027920392,122529348
2007-10-30,17.244115829467773,17.371689225123646,16.81572399607945,16.81572399607945,275747976
2007-10-31,17.54766273498535,17.54766273498535,17.275636201150682,17.39104776035985,274796928
2007-11-01,17.45359230041504,17.71444821899353,17.418098083115602,17.44316706822737,260826912
2007-11-02,17.65314483642578,17.710974517561088,17.307899559163165,17.634778190232037,233426340
2007-11-05,18.010549545288086,18.124224496943828,17.524575932258628,17.547410805058824,354992652
2007-11-06,18.41114616394043,18.41114616394043,17.994420531215997,18.30615793982416,337114548
2007-11-07,18.191492080688477,18.546415430881062,17.94825740717599,18.394766191097517,330609060
2007-11-08,17.221031188964844,18.239887320790864,16.807530973447648,18.232689350573132,659827512
2007-11-09,16.47966194152832,16.92418628358817,16.411159205291238,16.772784869913178,455068476
2007-11-12,15.687907218933105,16.62758758067564,15.54246281776835,16.325034472206024,408682908
2007-11-13,16.394775390625,16.403959659720865,15.687906369826795,16.008578293929034,337478184
2007-11-14,15.92642593383789,16.76558631522056,15.792151154756983,16.71073418690039,323464212
2007-11-15,15.627842903137207,16.070879405982268,15.487611114984624,15.849236774386243,278429292
2007-11-16,15.726627349853516,15.772791784593037,15.289548796279977,15.734320003524843,361350288
2007-11-19,15.533528327941895,15.804561721972604,15.351101859520169,15.626354721042436,220874904
2007-11-20,16.09668731689453,16.358784171592198,15.707759609279996,15.797358710152606,393230376
2007-11-21,16.394033432006836,16.628581336336932,15.936354115419457,15.97829908289759,280259460
2007-11-23,16.795618057250977,16.834833278156214,16.582414378673832,16.62932509010693,109438452
2007-11-26,16.530048370361328,17.210111902112093,16.50522719404754,16.882489778536723,271332396
2007-11-27,16.717933654785156,16.7889183232725,16.13938325764843,16.748462132027687,355823820
2007-11-28,17.18181610107422,17.232447815762754,16.682439651412576,16.92989470833046,316343340
2007-11-29,17.299463272094727,17.44317109214531,17.07037484269847,17.144338959435444,248071680
2007-11-30,17.200180053710938,17.648427197778023,16.92989205590418,17.646938419402645,315504180
2007-12-03,16.915498733520508,17.249821278589838,16.905818835013633,17.150791963183092,172830996
2007-12-04,16.98077392578125,17.175361258955164,16.80604201826081,16.83557923397664,169102728
2007-12-05,17.336942672729492,17.34736790778359,17.06367514782663,17.19348455254668,168215616
2007-12-06,17.75267219543457,17.78493915325385,17.29971084730556,17.31931656641437,196163640
2007-12-07,17.74299430847168,17.82067941715027,17.634529128607454,17.745971865600694,153929916
2007-12-10,17.831104278564453,17.98945584997409,17.721401908688026,17.77079266199636,154093752
2007-12-11,17.354066848754883,17.8948926591042,17.3436416146076,17.868832411306528,245318436
2007-12-12,17.3577880859375,17.729341428130514,17.08849320923565,17.721400014815952,246117636
2007-12-13,17.22624969482422,17.31485569318817,16.907560181376425,17.28234091063774,201430368
2007-12-14,17.12472915649414,17.36647501182141,17.057717096434722,17.063920025097065,146793060
2007-12-17,16.610214233398438,17.260246762833464,16.472215615765183,17.07608276576085,219220560
2007-12-18,16.712472915649414,16.79586722038661,16.194977620086334,16.73257615665391,286381332
2007-12-19,16.81224822998047,16.865115953556618,16.604505903435154,16.733817778788314,176667156
2007-12-20,17.118030548095703,17.150543432019095,16.892665015981574,17.022224706104648,176711112
2007-12-21,17.291767120361328,17.355553807596383,17.206138709148217,17.32130244311114,215064720
2007-12-24,17.392040252685547,17.392040252685547,17.20167143826595,17.24957340997238,65070864
2007-12-26,17.64297103881836,17.702041689787247,17.32949516704309,17.3488549647122,101098800
2007-12-27,17.392290115356445,17.77104148952202,17.392290115356445,17.549400731526976,117582300
2007-12-28,17.436717987060547,17.57124153313086,17.28804631407692,17.49628426868196,102405492
2007-12-31,17.16245460510254,17.435722067135636,17.140117253043513,17.33842746253707,94952952
2008-01-02,17.006336212158203,17.308643349838768,16.82118098823194,17.196952812418797,172103724
2008-01-03,17.00981330871582,17.047539751793327,16.79115014092116,17.008076715688436,129969900
2008-01-04,16.306663513183594,16.901348191578144,16.257024955334632,16.869826572316054,214177608
2008-01-07,16.11431312561035,16.437716709880025,15.818957033953916,16.230717834102787,255879864
2008-01-08,15.678227424621582,16.380134523538246,15.661349555650776,16.20738701864293,213350436
2008-01-09,16.212350845336914,16.2158259232614,15.450628708827214,15.63752244787322,269318412
2008-01-10,16.051769256591797,16.31163210076873,15.887460663993204,16.009078949429767,253114632
2008-01-11,15.84129524230957,16.119773479674176,15.639262104011413,15.951743896286734,198880920
2008-01-14,16.227741241455078,16.316595037452522,16.01503316120078,16.161222909995466,177722100
2008-01-15,15.82640266418457,16.10935007421719,15.770061753365692,16.031167436362256,222505272
2008-01-16,15.287809371948242,15.884480421580767,14.93983433741652,15.610965124550624,421977600
2008-01-17,14.911542892456055,15.530798246211459,14.842542631182688,15.40719650334073,328343328
2008-01-18,14.898138999938965,15.139884888830476,14.853463341173109,15.0994286976774,341242416
2008-01-22,14.503501892089844,14.829883033108095,13.9289212980102,13.949522059756942,379679940
2008-01-23,13.616687774658203,14.097697605604262,12.881523367894323,13.916760863452167,677949372
2008-01-24,14.25877857208252,14.387841683314546,13.753692912969143,13.869354178681192,375659964
2008-01-25,14.057985305786133,14.767833828470806,14.052524874328137,14.688658045258299,278361360
2008-01-28,13.799362182617188,14.20293377029582,13.616192270736413,14.171413090151093,232435332
2008-01-29,13.663846015930176,13.932147767105745,13.419369452692143,13.910803561658984,251068680
2008-01-30,13.608000755310059,13.90981043131163,13.489857560714707,13.63083468531123,317266416
2008-01-31,14.005864143371582,14.221796640094732,13.261018903331198,13.378168948729623,594257148
2008-02-01,12.804580688476562,13.32008970005607,12.658144075990869,13.121531645557289,703315980
2008-02-04,12.296518325805664,12.727143335865446,12.225037080656584,12.63506132696017,525757716
2008-02-05,12.578721046447754,12.633324419326167,12.125013355357602,12.147599472230638,447683868
2008-02-06,12.452385902404785,12.687182565761606,12.358567308715287,12.686438176431805,305150544
2008-02-07,12.53280258178711,12.762138812371697,12.2798880321283,12.332010418637612,316838844
2008-02-08,12.824187278747559,12.8500006561286,12.625877054554103,12.643499312220957,272882844
2008-02-11,12.93513298034668,12.99842404329066,12.742530994602387,12.919248260989278,232806960
2008-02-12,12.85893726348877,13.169434663853353,12.733349217855107,12.990483261926355,266225508
2008-02-13,13.269209861755371,13.278393186406388,12.873829381031724,12.968393316414854,264723012
2008-02-14,13.210386276245117,13.428553833282418,13.179361225787376,13.361787690124864,258808932
2008-02-15,13.145606994628906,13.220563315435175,13.013813187563606,13.112596589236414,209394396
2008-02-19,12.632081985473633,13.280129142910395,12.571272852560345,13.277150639884358,253761984
2008-02-20,12.633323669433594,12.683211942713003,12.380656931205007,12.497062586904681,266221512
2008-02-21,12.480927467346191,12.737813639204681,12.397533172246504,12.728878130791122,226884888
2008-02-22,12.603540420532227,12.633323560519319,12.34913614547798,12.461073572490568,220415364
2008-02-25,12.073387145996094,12.571273904841307,12.05601364705621,12.557623298531398,334577088
2008-02-26,11.521142959594727,11.577731675066202,11.090765858691753,11.446931987688986,930560508
2008-02-27,11.736332893371582,11.801609313083357,11.408215147468418,11.420376029160769,404471124
2008-02-28,11.799127578735352,11.89095986989191,11.599823254182912,11.677757125474661,263212524
2008-02-29,11.694635391235352,11.907093753560305,11.532561876665218,11.711762020950506,376638984
2008-03-03,11.343186378479004,11.732858591710395,11.17168077691835,11.702826690875131,301877820
2008-03-04,11.03492259979248,11.25234386604661,10.816010663213264,11.19252882753893,544323132
2008-03-05,11.11186408996582,11.272448818226755,11.020029908353573,11.051054956927214,297166536
2008-03-06,10.739564895629883,11.250855326443858,10.701838453465589,11.111614809033043,298505196
2008-03-07,10.755699157714844,10.920751171887021,10.579229705931937,10.64475393677307,322549128
2008-03-10,10.266002655029297,10.697372007954863,10.25160671423281,10.643512083068245,319184496
2008-03-11,10.916779518127441,10.924474063314653,10.539765721090388,10.554906051122556,352722924
2008-03-12,10.92522144317627,11.116333740058066,10.872851233261242,10.921001029279418,265809924
2008-03-13,10.995458602905273,11.093994181329684,10.642271888825366,10.738821167961156,308754936
2008-03-14,10.869126319885254,11.15257031070524,10.687940810041045,10.99471530711148,262713024
2008-03-17,10.421127319335938,10.764635098365796,10.228524380146707,10.622663876498347,315212472
2008-03-18,10.89990234375,10.941599494606127,10.56160720321823,10.647235618675204,289198512
2008-03-19,10.72219181060791,11.106900139611678,10.714001636731275,10.948300766094372,246912840
2008-03-20,10.760664939880371,10.814027353346681,10.362305920785094,10.606037185993086,396139464
2008-03-24,11.431048393249512,11.560607129348666,10.864161412286135,10.881783670451956,270269460
2008-03-25,11.188310623168945,11.354355804073624,11.069671790694585,11.354107989562676,233030736
2008-03-26,11.372224807739258,11.48838170073747,11.15132751359574,11.23323303932158,208818972
2008-03-27,11.022016525268555,11.134449579296973,10.932913029641492,11.069670683443182,233054712
2008-03-28,10.873096466064453,11.257556974469333,10.7795256936667,11.105906813145285,174872952
2008-03-31,10.932417869567871,10.987517819739573,10.722441412357776,10.812538069302452,177678144
2008-04-01,11.558871269226074,11.57847982953397,11.091265134206285,11.112859048239823,243480276
2008-04-02,11.558622360229492,11.807814023695462,11.426828557833566,11.662866190023644,239720040
2008-04-03,11.296028137207031,11.498807554844287,11.122537177671887,11.46008795785194,270864864
2008-04-04,11.692400932312012,11.85968800482067,11.322832922995193,11.34293805529106,235652112
2008-04-07,11.834619522094727,12.048566665913283,11.75296180871531,11.839832139182642,237502260
2008-04-08,11.610992431640625,11.768102090976575,11.467037749289103,11.740800879035353,181698120
2008-04-09,11.521142959594727,11.714986834514905,11.35609096304173,11.643753419544115,241682076
2008-04-10,11.642515182495117,11.761154017891474,11.46306720472746,11.54025764336145,202693104
2008-04-11,11.353857040405273,11.597340425615164,11.293296671574316,11.518164650487456,166621212
2008-04-14,11.210150718688965,11.353857575977598,11.172672089864387,11.346659605925229,153550296
2008-04-15,11.090519905090332,11.410200610849198,11.013081657083989,11.370736624558953,182920896
2008-04-16,11.293793678283691,11.374457289132124,10.945569888938744,11.029958283731093,304922772
2008-04-17,11.157532691955566,11.401511717286098,11.082576380259784,11.308685333576632,533585880
2008-04-18,13.388096809387207,13.59385378043394,13.024733602233292,13.283853925349877,728694576
2008-04-21,13.347888946533203,13.467024351329774,13.161740526815173,13.38760074813206,297290412
2008-04-22,13.775038719177246,13.91973873257891,13.342178697259053,13.342428403458683,317222460
2008-04-23,13.563820838928223,13.882011789971722,13.426317854974364,13.848008238627319,196663140
2008-04-24,13.478192329406738,13.762379727103443,13.403236017462284,13.682956133604941,165238596
2008-04-25,13.503508567810059,13.725398061071889,13.470498165386957,13.626614668284958,166409424
2008-04-28,13.703556060791016,13.819960755446541,13.377918401394465,13.548679589959566,160183656
2008-04-29,13.861163139343262,13.98352484725105,13.651186718114364,13.671539664257553,173666160
2008-04-30,14.253814697265625,14.516160386744613,13.861163986693764,13.953989430677924,315803880
2008-05-01,14.720179557800293,14.76609617708153,14.320331829538413,14.353590047010178,263847888
2008-05-02,14.427552223205566,14.952741077682898,14.378160529358535,14.854454264784785,279672048
2008-05-05,14.765351295471191,14.867113189670473,14.572500555063042,14.863638111833112,250988760
2008-05-06,14.553390502929688,14.69337447938003,14.469996196047292,14.668555195596864,184986828
2008-05-07,14.37071418762207,14.879273948252093,14.306927498108655,14.650435250670661,264255480
2008-05-08,14.470243453979492,14.626359958884247,14.36848155681199,14.549419236258926,204711084
2008-05-09,14.226759910583496,14.51963501201122,14.179602327803874,14.370714587181457,179216604
2008-05-12,14.518145561218262,14.563069031068812,14.12028318438858,14.265231013365263,194361444
2008-05-13,14.469995498657227,14.59285283917641,14.359545907717923,14.55016253809863,206333460
2008-05-14,14.303701400756836,14.673270350858958,14.277641154359856,14.556615940702441,174856968
2008-05-15,14.420356750488281,14.468754354093218,14.286577594354148,14.37071534511778,173534292
2008-05-16,14.397273063659668,14.51169336712377,14.353838371129495,14.431027857159904,170793036
2008-05-19,14.33398151397705,14.615936702940074,14.234702490363986,14.35954613212661,223955820
2008-05-20,14.360787391662598,14.457089805841804,14.21956245271762,14.262252755340654,132411456
2008-05-21,13.650691032409668,14.43053202516208,13.59856959127807,14.358802025894212,258465276
2008-05-22,13.63753604888916,13.755430482857443,13.408945151496455,13.699338334741455,202848948
2008-05-23,13.51740837097168,13.725398505244948,13.348384700670724,13.575486818122977,177082740
2008-05-27,13.921477317810059,13.963670101864011,13.49829810860789,13.52584808218078,154465380
2008-05-28,14.103653907775879,14.184319419737625,13.926441001046324,14.096209068304345,161853984
2008-05-29,14.469995498657227,14.541476735049992,14.226759908307141,14.266223891819973,193606200
2008-05-30,14.539493560791016,14.641751101260706,14.4278029889822,14.481661975296499,128878992
2008-06-02,14.271435737609863,14.492085215994114,14.178858109884318,14.457585088576138,146821032
2008-06-03,14.080324172973633,14.407946290207871,13.914278054586136,14.308666316158696,172039788
2008-06-04,14.202437400817871,14.34589550459266,14.01206858223584,14.031427433755313,134393472
2008-06-05,14.551900863647461,14.595088687739645,14.301469181181067,14.323061201513445,156511332
2008-06-06,14.072876930236816,14.41340619786097,14.072876930236816,14.389330358111996,189190620
2008-06-09,13.846270561218262,14.147335826339562,13.536767307821322,14.099186041432086,211320468
2008-06-10,13.754438400268555,13.869849961052049,13.571018786313445,13.640019043317787,146149704
2008-06-11,13.531803131103516,13.833115257708993,13.513435538855425,13.805814048447502,152363484
2008-06-12,13.72415828704834,13.849498503522463,13.57350126693579,13.62016227556954,219444336
2008-06-13,14.184814453125,14.28881046642509,13.932397422635027,13.936119369286073,247128624
2008-06-16,14.217081069946289,14.373197574587051,14.06046704462162,14.06046704462162,141570288
2008-06-17,14.133934020996094,14.347633348422201,14.107129384025995,14.304943045835362,138377484
2008-06-18,13.958209037780762,14.12226789643259,13.878288869076314,14.011074864980346,135112752
2008-06-19,13.904102325439453,13.99295800970249,13.671043197441195,13.783725961628763,227096676
2008-06-20,13.56233024597168,13.824180275117651,13.51467609258855,13.824180275117651,239084676
2008-06-23,13.532051086425781,13.729121288409186,13.452875308687124,13.535773978636554,145290564
2008-06-24,13.45982551574707,13.680474997273317,13.281122892960218,13.5303145502175,186717096
2008-06-25,13.675759315490723,13.844534229427293,13.493829424402513,13.526095439327294,164723112
2008-06-26,13.12525463104248,13.525102377468427,13.111355264454989,13.504501615013472,226153620
2008-06-27,13.106637001037598,13.154538967840445,12.784474424998635,13.096957103552004,217682100
2008-06-30,13.065686225891113,13.353099962031157,12.982291919558733,13.215846675216305,150461388
2008-07-01,13.27193832397461,13.32132907134041,12.831881312222027,12.895917705384527,198197604
2008-07-02,13.081074714660645,13.412171912042728,13.05675200524576,13.316119201026165,168751080
2008-07-03,13.328279495239258,13.383627249482851,13.092490646644544,13.176381520373559,95923980
2008-07-07,13.499783515930176,13.626117814315952,13.293530945877137,13.459823907168186,170037792
2008-07-08,13.763373374938965,13.779755616021806,13.40274084889385,13.551411578434386,197098704
2008-07-09,13.441211700439453,13.791916513107285,13.42085969802785,13.669802606923922,165993840
2008-07-10,13.416887283325195,13.63852896675541,13.172411670335734,13.526840301405382,173094732
2008-07-11,13.248856544494629,13.390330238844225,12.89219475139193,13.315870499276732,199056744
2008-07-14,12.946550369262695,13.404228725794038,12.793411422145542,13.377919718573361,176815008
2008-07-15,12.809296607971191,13.092491822884195,12.43724665506315,12.814012650206672,242597160
2008-07-16,13.293532371520996,13.315870672023761,12.673035164313381,12.758415767683141,189498312
2008-07-17,13.239920616149902,13.329520682792289,13.018031128942141,13.257790688240547,351144504
2008-07-18,11.946308135986328,12.384627621098923,11.868622082015216,12.368990717001296,451244304
2008-07-21,11.635565757751465,12.01506057864963,11.558623135048588,11.935389158738523,235823940
2008-07-22,11.841817855834961,11.91975173319465,11.556141649207506,11.583939436958266,187472340
2008-07-23,12.142386436462402,12.341194199338846,11.866389186494303,11.953507333104646,195568236
2008-07-24,11.804834365844727,12.332257338337747,11.804834365844727,12.328037871322408,141494364
2008-07-25,12.210888862609863,12.239431982305403,11.950776359627035,12.074626844861948,127212660
2008-07-28,11.842065811157227,12.213619175936708,11.792673168411188,12.213619175936708,126273600
2008-07-29,11.990736961364746,12.093739826082215,11.863907016829302,11.896173031430969,111999888
2008-07-30,11.980561256408691,12.062963357793878,11.735091545397488,12.050056195458426,139488372
2008-07-31,11.758421897888184,11.935634779895272,11.701087845486931,11.77852608298434,114489396
2008-08-01,11.612234115600586,11.745268888935845,11.479199342265327,11.727647574842452,120195684
2008-08-04,11.491610527038574,11.740056880794986,11.46430836613135,11.618688300196634,99380520
2008-08-05,11.909823417663574,11.915532609483167,11.574258952883543,11.605531817219392,143236620
2008-08-06,12.070905685424805,12.156037529401376,11.727646674993723,11.873090133873045,134896968
2008-08-07,11.891706466674805,12.012827226589494,11.824443744699598,11.96318771043941,110841048
2008-08-08,12.286093711853027,12.304459413803624,11.806572677816135,11.91727008535006,149422428
2008-08-11,12.430792808532715,12.630343991374597,12.205923877953536,12.223049560343476,169402428
2008-08-12,12.474724769592285,12.562090725289492,12.360304471642896,12.459584439681763,110117772
2008-08-13,12.410688400268555,12.49780654168046,12.258046028398914,12.449656754951025,144874980
2008-08-14,12.5462064743042,12.598824490444382,12.317863390564025,12.3528591478743,116627256
2008-08-15,12.661865234375,12.674522689079463,12.546452742551368,12.583433848816133,141686172
2008-08-18,12.367751121520996,12.658144315307926,12.298503993976063,12.654172662297297,133222644
2008-08-19,12.17415714263916,12.367255733551442,12.078104422089114,12.172419603396312,121738140
2008-08-20,12.037647247314453,12.32779168495081,11.977334682919379,12.278895613180978,159124716
2008-08-21,12.075620651245117,12.159264668076112,11.895429237838146,11.986021519410867,140423436
2008-08-22,12.176389694213867,12.282866690700034,12.148839721959197,12.198975809758524,91796112
2008-08-25,11.98825454711914,12.335485229757936,11.950777805712644,12.065197166956457,80491428
2008-08-26,11.768597602844238,11.999423540314492,11.679991633428127,11.999423540314492,132195672
2008-08-27,11.630104064941406,11.785229324565472,11.537278615386539,11.75792716536881,175308516
2008-08-28,11.75916576385498,11.825435327299283,11.673537349733222,11.727148511916159,121066812
2008-08-29,11.49880599975586,11.690414821798662,11.474978922466333,11.659141960204298,153774072
2008-09-02,11.547452926635742,11.967654536038221,11.452392427264508,11.83337786818844,244215540
2008-09-03,11.526604652404785,11.771824653294999,11.406724867662899,11.633826981217178,172411416
2008-09-04,11.17540168762207,11.49756425692936,11.154056539879948,11.417147521827877,193746060
2008-09-05,11.026235580444336,11.230007199623753,10.922737084902879,11.05701281691586,181190628
2008-09-08,10.423110961914062,11.24191924184245,10.363542798826671,11.219085315311078,360355284
2008-09-09,10.391095161437988,10.731623482960831,10.300253179843311,10.503032587895392,288894816
2008-09-10,10.279403686523438,10.535546422315967,10.168210659310875,10.535296716135324,248822928
2008-09-11,10.76562786102295,10.798886081401808,10.086307759054376,10.135202885732744,258597144
2008-09-12,10.86267375946045,10.97014486790536,10.647734380141593,10.677766285338905,240878880
2008-09-15,10.768355369567871,10.969645026771875,10.516433057063473,10.523631972448788,262433304
2008-09-16,10.993474960327148,11.151081212408894,10.560615822703618,10.57228202234099,279348372
2008-09-17,10.28759765625,10.899406287788665,10.261535514677382,10.883025937648773,364710924
2008-09-18,10.897917747497559,10.900398730037583,10.188564829559395,10.489878882138628,343232424
2008-09-19,11.14785385131836,11.468525811801657,11.002160681169807,11.441969934521524,399839760
2008-09-22,10.676027297973633,11.27145743258571,10.64773293589942,11.27145743258571,176115708
2008-09-23,10.654434204101562,10.940360133477363,10.56632479336713,10.753217610307296,207959832
2008-09-24,10.799382209777832,11.044850015411654,10.675282016842518,10.680990262508539,169510320
2008-09-25,10.910822868347168,11.168949070835552,10.820974042663309,10.89195964691154,200611188
2008-09-26,10.698363304138184,10.850261262075025,10.449916082196303,10.622910426985769,211488300
2008-09-29,9.456377983093262,10.511469853221671,9.449179067261316,10.412190835542935,430085484
2008-09-30,9.940862655639648,10.550440014792958,9.737339783235623,9.828179882438043,123328548
2008-10-01,10.218844413757324,10.349397250839148,10.004898216098555,10.204697232905652,249142608
2008-10-02,9.691919326782227,10.175658914296209,9.58047846840298,10.170942871859621,239156604
2008-10-03,9.60306453704834,10.238205604073709,9.507756204815415,9.862184892931456,319396284
2008-10-06,9.213391304016113,9.3320291738921,8.86467093518898,9.282141849821357,448375176
2008-10-07,8.587929725646973,9.306962515691806,8.5720450061603,9.266009752823253,441733824
2008-10-08,8.391854286193848,8.91009406924225,8.094015265187387,8.19453621853417,472582944
2008-10-09,8.165246963500977,8.651468437493484,7.983813657039459,8.55094845140821,322677000
2008-10-10,8.240202903747559,8.485672624651292,7.7016116657298825,7.7725968050798535,423488088
2008-10-13,9.456873893737793,9.479955637040907,8.581475865586404,8.830668458522046,355863780
2008-10-14,9.002422332763672,9.791445705568107,8.86070081876531,9.76737081137987,311080608
2008-10-15,8.418160438537598,8.910338856260523,8.409721505194545,8.802372153244452,268587144
2008-10-16,8.761917114257812,8.848289920425467,7.68026648150898,8.259065584096433,648938412
2008-10-17,9.246399879455566,9.580476461832552,9.023269449069163,9.40574362648314,569398032
2008-10-20,9.414679527282715,9.4558810504914,8.924983911895607,9.425352575673138,269865864
2008-10-21,9.003416061401367,9.525377734412192,8.984800651705575,9.242679077571173,231048720
2008-10-22,8.827690124511719,9.17566516993031,8.538042285165483,8.860452712711606,262137600
2008-10-23,8.744543075561523,8.885519240698908,8.388873507774088,8.777552530274361,258896844
2008-10-24,8.421140670776367,8.698627649284887,8.060011568439968,8.102949687328246,294065640
2008-10-27,8.17790412902832,8.513221704750963,8.081354853236627,8.309946680164689,247779972
2008-10-28,9.152334213256836,9.166233579835309,8.153582198582452,8.415183505884768,323891784
2008-10-29,8.885519981384277,9.208178229641746,8.745783822797714,9.078867305021008,389873736
2008-10-30,8.927465438842773,9.23299798777704,8.894702851681574,9.145136405584331,319236444
2008-10-31,8.919275283813477,9.232004857650495,8.792941922666031,8.839851689791457,296635068
2008-11-03,8.599844932556152,9.009372618117807,8.474255937860201,8.875096873152328,237941820
2008-11-04,9.107409477233887,9.241933004815541,8.575270480879972,8.77234067645291,293702004
2008-11-05,8.494359970092773,9.155561261843573,8.471277277404287,8.988523872641228,277582140
2008-11-06,8.220843315124512,8.548465405186793,8.086567594088928,8.43801770830083,342649008
2008-11-07,8.218856811523438,8.46730308698476,8.074652451987605,8.267999739812641,187064748
2008-11-10,7.912083148956299,8.176662926608397,7.681009873524013,8.140922783688163,322880796
2008-11-11,7.73040246963501,7.850530546478973,7.458873923703867,7.6616519183279275,405458136
2008-11-12,7.222586631774902,7.75596612280913,7.142170364970653,7.4968467781463435,401641956
2008-11-13,7.745791435241699,7.768625365190135,6.9495691482364546,7.241699397579871,528858612
2008-11-14,7.694661617279053,8.066215933112312,7.509505887296894,7.526631570982618,380303316
2008-11-17,7.448945045471191,7.698136685719384,7.395085123622182,7.520426278878199,301450248
2008-11-18,7.381930828094482,7.538544367057225,7.0823548274591035,7.4849332074658035,333510156
2008-11-19,6.954036712646484,7.450682005819675,6.9143239684946165,7.331546610934512,313070616
2008-11-20,6.442249774932861,7.0225400330431915,6.429343558510217,6.822739128339158,390784824
2008-11-21,6.513483047485352,6.685733503427577,6.13795897820773,6.515468400921989,409370220
2008-11-24,6.389631748199463,6.700129587469892,6.180400178360922,6.683002957909697,401785812
2008-11-25,7.000449180603027,7.1148694751411625,6.6348528350127305,6.668607625879742,430417152
2008-11-26,7.249641418457031,7.333284480668597,6.855253185914332,6.9565180331394405,254009736
2008-11-28,7.271234035491943,7.357856548098275,7.155077143962771,7.212163385932639,102517380
2008-12-01,6.601841449737549,7.132739506385055,6.601593635262909,7.115365063313837,228219552
2008-12-02,6.828199863433838,6.894468009969194,6.517206402343713,6.694668529004388,233354412
2008-12-03,6.935422420501709,6.983324397380959,6.585709802747547,6.697647710589803,235955808
2008-12-04,6.809087753295898,7.036189859608311,6.670841325283545,6.863443305284035,195268536
2008-12-05,7.048600673675537,7.054805494815637,6.552947548621898,6.726686323972244,260587152
2008-12-08,7.4983367919921875,7.680267163008304,6.99920905579576,7.197520249400735,325446228
2008-12-09,7.594141483306885,7.892724831024958,7.371755414146887,7.3886328100921075,275320404
2008-12-10,7.6648783683776855,7.815783211078338,7.5579043209588885,7.6753031298766246,209270520
2008-12-11,7.451426982879639,7.765647242007661,7.391362709684681,7.549465988917677,246920832
2008-12-12,7.83712911605835,7.854751376043575,7.297047661236609,7.339489679320826,228655116
2008-12-15,7.7107954025268555,7.904886164795173,7.572795840516021,7.793693130498368,269246484
2008-12-16,8.073413848876953,8.178154261886913,7.725687992741112,7.806352563452673,282101616
2008-12-17,7.824222087860107,7.9952306441437795,7.754229625815912,7.908610018438765,231356412
2008-12-18,7.701115608215332,7.951051666703272,7.672075910408023,7.860458913904192,190349460
2008-12-19,7.698384761810303,7.887512612105907,7.669345539309875,7.7187377084013225,224279496
2008-12-22,7.374237537384033,7.681755949287158,7.213404977120884,7.658425916087888,156547296
2008-12-23,7.396823406219482,7.528120153411747,7.363315956114777,7.456638917387894,150956892
2008-12-24,7.519185543060303,7.603325190710373,7.405759327779165,7.482701477241444,76783140
2008-12-26,7.454902172088623,7.576519018296052,7.404020752373177,7.546982748573513,78285636
2008-12-29,7.381930828094482,7.4802171657981456,7.236982540212209,7.451426232721165,147927924
2008-12-30,7.523155689239502,7.614989870262906,7.413948483734453,7.4658225802723095,153586260
2008-12-31,7.635838508605957,7.718985468683139,7.510746583235164,7.55021056616362,115356528
2009-01-02,7.975126266479492,7.987535906761488,7.582475127290135,7.659417261680334,144275580
2009-01-05,8.14216423034668,8.221340011347477,7.818265027810329,7.967184505803943,195364440
2009-01-06,8.291333198547363,8.45861933860607,8.100964367113502,8.264527614480329,256750992
2009-01-07,7.992251873016357,8.213149169234894,7.911339969122967,8.148865901373437,179600220
2009-01-08,8.07118034362793,8.07118034362793,7.876343755664062,7.899674734655762,143883972
2009-01-09,7.820002555847168,8.128513613676764,7.778553219222488,8.128513613676764,173446380
2009-01-12,7.760931015014648,7.916303601885672,7.699874539461783,7.8507793717140295,132039828
2009-01-13,7.801387786865234,7.957256004932943,7.703845829517319,7.738096723704538,177122700
2009-01-14,7.4700422286987305,7.788481002354743,7.390121584859412,7.694165836697475,218497284
2009-01-15,7.4208984375,7.5348216890914745,7.118096091939491,7.385654866581029,237142620
2009-01-16,7.437775611877441,7.6507305389583875,7.339240980734589,7.570562082043674,208767024
2009-01-20,7.017824172973633,7.433557108446692,7.017824172973633,7.424622071685998,201726072
2009-01-21,7.5224127769470215,7.53283659237201,7.1568154576653695,7.1568154576653695,196783020
2009-01-22,7.607295989990234,7.678032368696664,7.325590493516789,7.3973195490048465,330349320
2009-01-23,8.0590181350708,8.239210485214965,7.55070662629448,7.6760468462305145,428882688
2009-01-26,8.03841781616211,8.140924111632629,7.956264469424078,8.06274147215266,184243572
2009-01-27,8.227296829223633,8.286617189744735,8.048346381356593,8.102453178716901,196894908
2009-01-28,8.653950691223145,8.744791728040264,8.347177158720944,8.388626497184722,307348344
2009-01-29,8.521164894104004,8.564103012278517,8.441492532922538,8.551444609874572,291060648
2009-01-30,8.402276039123535,8.657176858501623,8.339481557292194,8.555167157029567,186693120
2009-02-02,8.452910423278809,8.562862506112321,8.240203282870976,8.297041716551545,208067724
2009-02-03,8.449932098388672,8.513223169274287,8.285624452802502,8.502550119630367,261997740
2009-02-04,8.513222694396973,8.797162309164431,8.41816218611277,8.440499542221502,272423304
2009-02-05,8.779292106628418,8.820491740061069,8.364302135316406,8.461348941631133,290285424
2009-02-06,9.215128898620605,9.277923391116266,8.821981594175504,8.847297453604723,281242476
2009-02-09,9.401029586791992,9.456378288849379,9.116345608713278,9.2151280547848,198892908
2009-02-10,8.898178100585938,9.369508001914253,8.882789956328928,9.331781557643858,283863852
2009-02-11,8.886512756347656,9.059259310971518,8.761420358457494,8.909098870607592,209054736
2009-02-12,9.010860443115234,9.025008569942013,8.723695464575934,8.76539261814137,221789988
2009-02-13,8.877577781677246,9.009371582849846,8.81676959092106,8.98951615594394,165702132
2009-02-17,8.504782676696777,8.614734741723927,8.431067330036324,8.600338801823085,226988784
2009-02-18,8.764152526855469,8.77085297747877,8.451669766773646,8.618459343504428,240739020
2009-02-19,8.504286766052246,8.930194701094647,8.473757348392073,8.872365020649038,199348452
2009-02-20,8.59885025024414,8.66015595781977,8.314661903791265,8.39036355164771,248435316
2009-02-23,8.192054748535156,8.681999246678176,8.179396343510643,8.612504290960764,208635156
2009-02-24,8.574030876159668,8.677530319402656,8.212653958995737,8.2158802768136,243592164
2009-02-25,8.47946834564209,8.744047229815248,8.411956861333474,8.492125803093025,257306436
2009-02-26,8.368770599365234,8.748762931449717,8.368274024495804,8.586689406779756,223999776
2009-02-27,8.388875007629395,8.533575036661981,8.218113782908823,8.263782592526757,216583200
2009-03-02,8.120075225830078,8.456136277248218,8.09128428880224,8.273214181101018,231308460
2009-03-03,8.078378677368164,8.282150311600432,8.000692609884554,8.192301469814511,260731008
2009-03-04,7.915558338165283,8.165743125559061,7.82769581228465,8.020794360960348,312423264
2009-03-05,7.585951805114746,7.919530457732843,7.511492060644572,7.854998899891962,260934804
2009-03-06,7.658673286437988,7.69888213356458,7.303252918647743,7.625166307939511,289078632
2009-03-09,7.219857215881348,7.609032799777128,7.184115655177059,7.445469581084442,258593148
2009-03-10,7.648746013641357,7.706575704069025,7.3032533393255425,7.402532843439283,268938792
2009-03-11,7.890491962432861,7.94236511947694,7.587688644931987,7.696648049325081,236707056
2009-03-12,8.029979705810547,8.066465193544404,7.784759658799177,7.881308484515393,200763036
2009-03-13,8.052067756652832,8.127520638018437,7.918288621345867,8.093764903798714,156099744
2009-03-16,7.9346699714660645,8.183862573887193,7.907368759973171,8.091036184754964,197674128
2009-03-17,8.323101997375488,8.323101997375488,7.919778249114315,7.946832591454251,188311500
2009-03-18,8.267505645751953,8.438762483227588,8.142164482187825,8.309947187530199,200287512
2009-03-19,8.189074516296387,8.33948278240632,8.125535635891648,8.232260448794893,164283552
2009-03-20,8.194536209106445,8.26477649617205,8.099724448758897,8.198011287743672,189326484
2009-03-23,8.652214050292969,8.673310441146691,8.265767214822937,8.278922191687785,170689140
2009-03-24,8.616720199584961,8.782268781168922,8.538041941545726,8.600091091669935,152647200
2009-03-25,8.539779663085938,8.720219837538707,8.345688881890446,8.696890277165284,173278548
2009-03-26,8.768617630004883,8.914310777147573,8.649730062121339,8.764645977665111,239891868
2009-03-27,8.629874229431152,8.736599966640487,8.574525534750613,8.686959516955369,132779088
2009-03-30,8.505525588989258,8.533324314364771,8.340722373158929,8.50205051185317,123640236
2009-03-31,8.638810157775879,8.774079033068814,8.592149149217498,8.660404068936744,146065788
2009-04-01,8.788475036621094,8.817018161101547,8.453903686897805,8.532581957784014,131915952
2009-04-02,8.997210502624512,9.177401902899609,8.943102762958901,9.017313743579898,179340480
2009-04-03,9.177900314331055,9.226051057349244,8.885521723409026,9.046851825023687,151440408
2009-04-06,9.139676094055176,9.178892266601277,8.969908024167578,9.10889980254496,131080788
2009-04-07,8.901654243469238,9.028235436404634,8.81875556029148,8.99969231237726,147056796
2009-04-08,8.984798431396484,9.059258160065479,8.841090644302723,9.022028295730982,110497392
2009-04-09,9.24540901184082,9.291325631419284,9.090283763226836,9.170949270848837,135168696
2009-04-13,9.384648323059082,9.409220739284846,9.19080535724471,9.216370923208224,121881996
2009-04-14,9.156305313110352,9.356849656180358,9.074151028661271,9.355608692053147,137006856
2009-04-15,9.419147491455078,9.457866139420474,9.038410809296556,9.111381769434198,197030772
2009-04-16,9.648482322692871,9.751732991693032,9.456873499266505,9.468786565068916,406996596
2009-04-17,9.735353469848633,9.923488177372509,9.550941654819697,9.58097355512633,428802768
2009-04-20,9.414182662963867,9.69588810944078,9.329547405550253,9.584198512869794,176978844
2009-04-21,9.468042373657227,9.53828264344999,9.334759804111462,9.336497343002796,147668184
2009-04-22,9.527363777160645,9.679758360581365,9.406987398058341,9.474993568401608,139931928
2009-04-23,9.54796314239502,9.673552120853902,9.459107459869418,9.617954656260272,104255640
2009-04-24,9.667098999023438,9.758684428718327,9.443968524147229,9.581718390442258,135280584
2009-04-27,9.579235076904297,9.667097601226635,9.499811486419146,9.539275467195756,91532376
2009-04-28,9.523638725280762,9.656176903269467,9.469779749858581,9.524630929018212,117626256
2009-04-29,9.716241836547852,9.80311121448165,9.576256925554555,9.579732003346074,144255600
2009-04-30,9.827930450439453,10.021029947735212,9.798891701724141,9.822718779633245,174053772
2009-05-01,9.771341323852539,9.868139355863773,9.718226739113673,9.80460048409068,97010892
2009-05-04,9.977099418640137,9.987523706876717,9.798644608587018,9.882535489320793,127991880
2009-05-05,10.002166748046875,10.052054071809728,9.859699909228288,9.927459196711432,95935968
2009-05-06,10.014080047607422,10.13346420052868,9.952775285311724,10.096482145710285,105210684
2009-05-07,9.843815803527832,10.05180688322654,9.741806090096425,10.029717342781314,119872008
2009-05-08,10.109885215759277,10.179381099817311,9.80385607893095,9.998692179609153,154449396
2009-05-11,10.126018524169922,10.225794120946384,9.957739248299967,9.997451046252888,102269628
2009-05-12,9.903382301330566,10.20072464223051,9.806585221257471,10.176401937916573,151480368
2009-05-13,9.668339729309082,9.838356552995407,9.638803457322853,9.781270308416776,113598288
2009-05-14,9.617707252502441,9.734609486807287,9.547963550148749,9.649973267995437,117362520
2009-05-15,9.679757118225098,9.781766833575963,9.657171002518291,9.70705833032616,120227652
2009-05-18,9.84952449798584,9.861189749700916,9.565584912475119,9.79715429957829,133933932
2009-05-19,9.900157928466797,9.968660665514212,9.754216944639182,9.831157670712336,113386500
2009-05-20,9.857964515686035,10.0686863167952,9.80385771308509,9.979830620516305,91268640
2009-05-21,9.841086387634277,9.998444810507989,9.77506557859526,9.836121584960269,108683208
2009-05-22,9.766627311706543,9.894449471061742,9.729397437174542,9.845057768153113,68675256
2009-05-26,10.03617000579834,10.052054725472118,9.679756962814238,9.728156457020935,124055820
2009-05-27,10.065954208374023,10.222319478592022,10.04733879980401,10.067939561892059,121250628
2009-05-28,10.18608283996582,10.216363501254104,10.042375024879483,10.143392536767676,106645248
2009-05-29,10.35560131072998,10.35560131072998,10.193527806152328,10.228523561040648,105822072
2009-06-01,10.587173461914062,10.662625415833828,10.387870054481017,10.39283391169944,132763104
2009-06-02,10.632840156555176,10.671558802667919,10.508740913219883,10.579476810362706,104839056
2009-06-03,10.713504791259766,10.733608978431382,10.523633488844789,10.573273001757215,141170688
2009-06-04,10.927701950073242,10.951529032512644,10.784242880537828,10.804098309642189,145378476
2009-06-05,11.027974128723145,11.10293140027736,10.907348991920838,11.046589539351281,147084768
2009-06-08,10.890222549438477,10.943584952630983,10.774810048328057,10.908340436478774,123824052
2009-06-09,10.81203842163086,10.9331610540882,10.716234482757715,10.885505953264357,130065804
2009-06-10,10.737083435058594,10.868380653235041,10.589901498000952,10.827180077449286,134221644
2009-06-11,10.647732734680176,10.765130594062434,10.632095829385959,10.716483285019843,114493392
2009-06-12,10.54448127746582,10.61546593642227,10.454384636592811,10.594617361473995,116619264
2009-06-15,10.344184875488281,10.461582727559058,10.275433383573583,10.461582727559058,149326524
2009-06-16,10.3250732421875,10.451407553403058,10.310678247335595,10.407227527479039,121866012
2009-06-17,10.304224967956543,10.417404305916715,10.214873655551642,10.329789586673114,139464396
2009-06-18,10.276925086975098,10.391841032978572,10.250615129660066,10.317132520664513,123284592
2009-06-19,10.426587104797363,10.435770428410535,10.289829454376706,10.379926097434604,170193636
2009-06-22,10.110381126403809,10.36205469277276,9.974864445150256,10.348651902501233,164811024
2009-06-23,10.06893253326416,10.15108681981117,9.991246474374659,10.093007427118208,115868016
2009-06-24,10.158531188964844,10.231502148188914,10.090773792337899,10.144881529705206,98213688
2009-06-25,10.319365501403809,10.322591818858477,10.089532709849307,10.101694536243949,121658220
2009-06-26,10.556396484375,10.628621169734426,10.253344886469383,10.267492067796024,130137732
2009-06-29,10.527107238769531,10.617948272410464,10.479950601779054,10.573272617825838,86685228
2009-06-30,10.46381664276123,10.603304989938533,10.380174521553357,10.523633575785173,103652244
2009-07-01,10.399285316467285,10.583201501433129,10.378436740275594,10.528597186781722,92339568
2009-07-02,10.138676643371582,10.310431008381661,10.096979489256704,10.310431008381661,100603296
2009-07-06,10.166474342346191,10.192038013283645,9.969156323872992,10.089284863015752,90413496
2009-07-07,9.844313621520996,10.156051017208448,9.828179195200274,10.132471751541352,130241628
2009-07-08,9.989755630493164,10.076873763913975,9.879803569935804,9.92795429810532,137510352
2009-07-09,10.185832977294922,10.286602663782288,10.071910206834765,10.079852565968919,130892976
2009-07-10,10.285362243652344,10.35907854603865,10.143889483128037,10.165731210374812,116946936
2009-07-13,10.531078338623047,10.536538769685581,10.304720628640316,10.329293041350098,161666172
2009-07-14,10.54076099395752,10.591393665301641,10.445948287758592,10.516436389355386,115716168
2009-07-15,10.875329971313477,10.887988372820164,10.635073832307851,10.664112581815198,150928920
2009-07-16,10.985280990600586,11.063464560065036,10.774312381602192,10.838347826457715,261917820
2009-07-17,10.678757667541504,10.808565167249924,10.590646374493383,10.747012588146285,273889836
2009-07-20,10.67677116394043,10.743288544274984,10.579477494642836,10.669574139454605,126013860
2009-07-21,10.620430946350098,10.719709975540514,10.566324149739813,10.695882895031989,118609272
2009-07-22,10.615220069885254,10.677517991687978,10.511224044677435,10.622913670273073,103364532
2009-07-23,10.854728698730469,10.95078234359525,10.560861410352157,10.63978937286778,138988872
2009-07-24,11.087541580200195,11.181113310385927,10.796652752958973,10.81675599525001,144930924
2009-07-27,11.039886474609375,11.088285021557835,10.861431670865581,11.070662763389867,100075824
2009-07-28,10.917027473449707,10.990494058540106,10.823952332180646,10.945569646584014,101198700
2009-07-29,10.827428817749023,10.866148414493225,10.719462093849266,10.8520012333201,79400520
2009-07-30,11.060735702514648,11.205435722925138,10.985531569226522,10.985531569226522,127816056
2009-07-31,10.996451377868652,11.235964087815185,10.981064178580239,11.168454500772445,114301584
2009-08-03,11.223803520202637,11.265748489389436,11.11037541733315,11.137677576165446,103508388
2009-08-04,11.261528968811035,11.268229418915212,11.129983923887472,11.153313483715188,95496408
2009-08-05,11.197245597839355,11.34045589432419,11.116332272170995,11.317869778202445,93586320
2009-08-06,11.177884101867676,11.290069330227444,11.132463116166457,11.275674336758193,84351564
2009-08-07,11.345171928405762,11.402753802699452,11.292801725444214,11.309679595362685,101622276
2009-08-10,11.33301067352295,11.377686333136507,11.263018207752326,11.296525188926726,69610320
2009-08-11,11.266740798950195,11.348397563141683,11.22802120461047,11.260038457600496,68431500
2009-08-12,11.381905555725098,11.46058382384163,11.29106451381483,11.303227287608564,93562344
2009-08-13,11.473738670349121,11.534299043985614,11.390094661393176,11.47051140693138,79728192
2009-08-14,11.417149543762207,11.496076568567261,11.339960057989654,11.486148855075095,66936996
2009-08-17,11.042119979858398,11.21834162106471,10.998189659123344,11.20617979387101,104703192
2009-08-18,11.051799774169922,11.111864520240516,10.978333182720776,11.047333438233899,93949956
2009-08-19,11.019285202026367,11.044849818614969,10.885009484246611,10.92050275927574,90109800
2009-08-20,11.427326202392578,11.471256524477164,11.199478742236346,11.218589780189173,159796044
2009-08-21,11.547205924987793,11.568302316375261,11.482922655266375,11.55465171018337,142277580
2009-08-24,11.633827209472656,11.667582002374937,11.526852693047566,11.599574895874698,98037864
2009-08-25,11.699350357055664,11.773313517193873,11.633577370500031,11.643753843253807,93546360
2009-08-26,11.615707397460938,11.7398066414461,11.58344138593631,11.733849635595483,79432488
2009-08-27,11.567557334899902,11.630103062369352,11.435267909630987,11.630103062369352,79876044
2009-08-28,11.535042762756348,11.724170618803637,11.501040155671499,11.64698113484079,70793136
2009-08-31,11.458597183227539,11.463313225168923,11.367508337041992,11.41193617619738,78237684
2009-09-01,11.311912536621094,11.586421002506958,11.278654318162538,11.409207155343601,103692204
2009-09-02,11.243658065795898,11.375699675842636,11.233232832085761,11.313401763205684,72119808
2009-09-03,11.355594635009766,11.373714413978467,11.293048907386217,11.313401854290664,65782152
2009-09-04,11.449414253234863,11.4816812127853,11.312408784601404,11.356836625283927,59908032
2009-09-08,11.382896423339844,11.590637768784214,11.313896176791435,11.523624767170666,106161732
2009-09-09,11.515684127807617,11.572769425980459,11.387364458915956,11.393818986026977,87728184
2009-09-10,11.688677787780762,11.688677787780762,11.466788298286966,11.582200797566749,101282616
2009-09-11,11.718462944030762,11.747253881400475,11.606524566490233,11.675277010904628,76039884
2009-09-14,11.792424201965332,11.834122295468765,11.666587423929798,11.678004860397529,78948972
2009-09-15,11.852489471435547,11.886493024755953,11.732610629950663,11.791433466696034,95828076
2009-09-16,12.119302749633789,12.146108331003507,11.875820295286825,11.90858193685009,103308588
2009-09-17,12.204434394836426,12.344668065830017,12.091008196497818,12.175893166716882,179144676
2009-09-18,12.197982788085938,12.33498920731881,12.192274541980886,12.329776590204489,131208660
2009-09-21,12.33548355102539,12.382642077065453,12.067926213456083,12.105651710088678,84571344
2009-09-22,12.386613845825195,12.459336048590805,12.355589741634365,12.432779226232087,121526352
2009-09-23,12.371722221374512,12.583684007900484,12.353106813085091,12.429304093527518,108059832
2009-09-24,12.329774856567383,12.444939533168698,12.2362031430165,12.421608085467748,101002896
2009-09-25,12.223298072814941,12.408207403662283,12.211385006316624,12.268223433630395,81902016
2009-09-28,12.373459815979004,12.447174222571526,12.243651369776433,12.281873444485852,73498428
2009-09-29,12.373459815979004,12.403739530843458,12.236454345117586,12.398279099333994,83884032
2009-09-30,12.306941986083984,12.413418977857631,12.093242667377703,12.40994484582849,125542332
2009-10-01,12.092249870300293,12.32233048964697,12.087286013665247,12.236204550287086,112415472
2009-10-02,12.0272216796875,12.204932090278252,11.978077798638848,12.00637310440266,103927968
2009-10-05,12.125012397766113,12.222058253717938,11.996445863169885,12.10341848648474,85698216
2009-10-06,12.378669738769531,12.394306641760076,12.203937846859573,12.203937846859573,109182708
2009-10-07,12.845284461975098,12.881273366168054,12.355588874676956,12.38512325228018,194773032
2009-10-08,12.761890411376953,12.987007180978932,12.741041834528902,12.895669567699331,171979848
2009-10-09,12.813268661499023,12.943821502643654,12.769833022046718,12.823196375267834,109414476
2009-10-12,13.006614685058594,13.04930498809848,12.889465584978714,12.99122748583289,132755112
2009-10-13,13.057991027832031,13.091498002473445,12.940593182283887,13.01530073020421,121374504
2009-10-14,13.286582946777344,13.293036528210962,13.154541327528747,13.215599226148766,130205664
2009-10-15,13.152308464050293,13.32579942713563,13.086784227766005,13.247616788048129,243771984
2009-10-16,13.647215843200684,13.768834114611678,13.515174229505124,13.584670114352313,353322324
2009-10-19,13.702812194824219,13.74029082546374,13.619417890709911,13.717704710456646,128587284
2009-10-20,13.693628311157227,13.724157730491441,13.420113013957563,13.691642957773006,161586252
2009-10-21,13.678240776062012,13.883005536361686,13.626119335801148,13.648705450890326,146677176
2009-10-22,13.75245189666748,13.775038957843563,13.601299245442863,13.650939703761253,93366540
2009-10-23,13.742523193359375,13.846767013290254,13.680721858188987,13.781242785892703,95612292
2009-10-26,13.755431175231934,13.93984300067662,13.673029069138032,13.793654197871778,118697184
2009-10-27,13.608497619628906,13.76411850314979,13.505991328150246,13.675015003394723,128531340
2009-10-28,13.410184860229492,13.650938508174367,13.35930438805907,13.598070790971503,102609288
2009-10-29,13.677000999450684,13.69636079859575,13.427561508003599,13.477448838778873,100803096
2009-10-30,13.306437492370605,13.655156901679865,13.25977554174268,13.65093838061282,138601260
2009-11-02,13.253573417663574,13.389337928839357,13.110858750233474,13.330266329961994,127955916
2009-11-03,13.335477828979492,13.340689499876367,13.112347375334194,13.154788915227787,95112792
2009-11-04,13.410929679870605,13.539247439258256,13.313883835160315,13.42259493072403,93214692
2009-11-05,13.617433547973633,13.6452313361227,13.468761870242272,13.489362633313037,73834092
2009-11-06,13.678240776062012,13.695117699364337,13.539249007557276,13.594349896812274,72994932
2009-11-09,13.96143627166748,13.963173810688094,13.75592806367262,13.786207778787956,105890004
2009-11-10,14.066920280456543,14.117057314711262,13.948778030120062,13.966895918156533,89142768
2009-11-11,14.161235809326172,14.234206770864544,14.044582342515769,14.15924951001536,92695212
2009-11-12,14.093974113464355,14.21931528418686,14.035648794624121,14.136416603523369,75376548
2009-11-13,14.19821834564209,14.209634837781726,14.063197280776054,14.129714663520039,66605328
2009-11-16,14.303204536437988,14.320826794016199,14.21633515849273,14.271435099073544,87880032
2009-11-17,14.33323860168457,14.333486416180774,14.239666874659907,14.268209996995578,76591332
2009-11-18,14.312389373779297,14.365255202755383,14.198713464457157,14.312389373779297,61922016
2009-11-19,14.221548080444336,14.246615177237981,14.14733615627147,14.240907877334092,86633280
2009-11-20,14.146343231201172,14.18704817904055,14.132444811227852,14.134926739498574,80167752
2009-11-23,14.453862190246582,14.55934698006058,14.292780882579974,14.308417787480353,101798100
2009-11-24,14.472229957580566,14.502014045198662,14.309659858706425,14.458082776072615,64143792
2009-11-25,14.538002967834473,14.570764612974315,14.46230225740568,14.55463207783833,58389552
2009-11-27,14.389578819274902,14.456591828425122,14.171412216704026,14.196975888714963,55328616
2009-11-30,14.469995498657227,14.486623661305062,14.323805762449943,14.411171718041102,68934996
2009-12-01,14.640509605407715,14.674015640705553,14.469997142070788,14.597322724601932,92719188
2009-12-02,14.581932067871094,14.71844190638215,14.54991481479053,14.668554580555616,66461472
2009-12-03,14.538002967834473,14.679724489267711,14.519636318721517,14.619908499469416,57090852
2009-12-04,14.519883155822754,14.763615326563079,14.37518314077965,14.718689964826792,100443456
2009-12-07,14.550660133361816,14.611220507384004,14.420356061541822,14.500027472425309,65382552
2009-12-08,14.570514678955078,14.66011474336602,14.445174471252939,14.482404338931042,60899040
2009-12-09,14.619409561157227,14.627104105723049,14.484389457626008,14.581683119294613,71168760
2009-12-10,14.680965423583984,14.760637786936448,14.653912024837565,14.654656414209407,66665268
2009-12-11,14.656393051147461,14.761629082168014,14.587393741180552,14.75989154316941,68731200
2009-12-14,14.785953521728516,14.82516874802583,14.708515273002337,14.776522382765407,76459464
2009-12-15,14.721667289733887,14.802084030772745,14.668305835223794,14.725638942234736,91124784
2009-12-16,14.836337089538574,14.901116934153324,14.808539302285585,14.857186612299392,112263624
2009-12-17,14.741525650024414,14.833359840308205,14.737058367982717,14.803575753030843,105446448
2009-12-18,14.80307674407959,14.865375601182079,14.767833174437202,14.793397791605138,141118740
2009-12-21,14.859172821044922,14.887963759657733,14.784465258529918,14.832615050606654,102745152
2009-12-22,14.919732093811035,14.92916417825953,14.863390239183724,14.925192525371521,75156768
2009-12-23,15.181829452514648,15.21136477731683,14.962669699959418,14.978803179596607,82825092
2009-12-24,15.350604057312012,15.376417435053563,15.196472909442875,15.212854203243245,34313652
2009-12-28,15.459563255310059,15.537001498217935,15.35060433420227,15.429532301586212,67848084
2009-12-29,15.373438835144043,15.50845894565705,15.345888864503882,15.505977017447494,56935008
2009-12-30,15.456088066101074,15.456088066101074,15.338938978886373,15.35109985906335,58565376
2009-12-31,15.387835502624512,15.52235999880716,15.387835502624512,15.506226517834142,48743208
2010-01-04,15.555864334106445,15.624368011883234,15.493567368563983,15.560828190523049,78169752
2010-01-05,15.487361907958984,15.582918983435603,15.426553719798234,15.566537689423313,120067812
2010-01-06,15.096944808959961,15.533774571776659,15.049787227822211,15.533774571776659,158988852
2010-01-07,14.745495796203613,15.140132809436482,14.709507835023047,15.125240293435954,256315428
2010-01-08,14.942070960998535,14.97259849179563,14.621644917526195,14.693374919866347,188783028
2010-01-11,14.91948413848877,15.002630629433716,14.744006886730208,15.002630629433716,288227484
2010-01-12,14.655648231506348,14.84626486135361,14.594094708320636,14.83360645975559,193937868
2010-01-13,14.57150936126709,14.603526615743924,14.244135062419383,14.308418331725411,259604136
2010-01-14,14.640010833740234,14.747977546625426,14.465278928932108,14.49233232430774,169434396
2010-01-15,14.395536422729492,14.732094044490792,14.346888167388919,14.726632667041752,217162620
2010-01-19,14.584662437438965,14.654158319311357,14.303453538291603,14.425319618975964,172495332
2010-01-20,14.40571117401123,14.543957603681072,14.278634367274961,14.543957603681072,129897972
2010-01-21,14.469497680664062,14.56480598766585,14.203180369560519,14.48091511718721,252055692
2010-01-22,13.6511869430542,14.162227693341691,13.275165358298876,14.010827234006092,271743984
2010-01-25,13.402738571166992,13.647959491309074,13.291296787183239,13.566300843558084,176619204
2010-01-26,13.462804794311523,13.641011798382964,13.310659930861418,13.352357085799028,174045780
2010-01-27,13.454861640930176,13.5926124461778,13.286334546158347,13.434260879179693,158417424
2010-01-28,13.261018753051758,13.576479978575424,13.169433327498774,13.514182064040149,129034836
2010-01-29,13.15305233001709,13.427312038031559,13.045582182361663,13.365262882442469,165454380
2010-02-01,13.229496002197266,13.298744066857214,13.16198642225082,13.268711223210236,89941968
2010-02-02,13.18233871459961,13.277647026655869,13.095220576356372,13.277647026655869,163684152
2010-02-03,13.42309284210205,13.454862282813028,13.110611052229336,13.121531915705843,119844036
2010-02-04,13.074620246887207,13.353098441703782,13.044339589290864,13.328279160910128,134972892
2010-02-05,13.186558723449707,13.24141085178772,12.967399916296461,13.11482872612867,126113760
2010-02-08,13.2406644821167,13.452379379604983,13.192514698922285,13.216589590519492,107664228
2010-02-09,13.314380645751953,13.440714008965985,13.28037709386677,13.39132231283546,112671216
2010-02-10,13.26499080657959,13.347888539613395,13.097207149386197,13.255558721942904,106873020
2010-02-11,13.313386917114258,13.414900993536047,13.142130092731037,13.236941828174258,96303600
2010-02-12,13.231979370117188,13.33200373271646,13.166951711216951,13.228257423385951,91096812
2010-02-16,13.435005187988281,13.505245456651288,13.261265489500996,13.32505312336486,146029824
2010-02-17,13.358312606811523,13.487128850833882,13.343421036608953,13.452380907837703,81106812
2010-02-18,13.482660293579102,13.527088134463897,13.306935229370529,13.341683171517486,93382524
2010-02-19,13.421602249145508,13.502762433174444,13.395293243729046,13.415894003677655,102021876
2010-02-22,13.472236633300781,13.58889010670967,13.427560975846273,13.585166268219664,85698216
2010-02-23,13.280378341674805,13.492836715585666,13.211379973497218,13.477200755390134,114789096
2010-02-24,13.191025733947754,13.364020104039396,13.16719865544467,13.253323645841967,92970936
2010-02-25,13.065934181213379,13.117062469833446,12.906341657260244,13.083058918341605,132235632
2010-02-26,13.075117111206055,13.197976346169817,12.992715010300627,13.090506201780228,81890028
2010-03-01,13.221307754516602,13.236200271274738,13.098449457010654,13.134686180384486,89426484
2010-03-02,13.429049491882324,13.543221034635907,13.278889987712352,13.29055429438253,174097728
2010-03-03,13.534783363342285,13.604278305289423,13.384126334933452,13.46131582253328,123452424
2010-03-04,13.764861106872559,13.803083177676454,13.556622233175087,13.564068017420775,127224648
2010-03-05,14.003629684448242,14.089507814520633,13.8966570541129,13.932645962753607,156331512
2010-03-08,13.96069049835205,14.027705399433177,13.924205963491536,14.017776740463669,95360544
2010-03-09,13.903854370117188,14.014799594146398,13.812267998053994,13.895414489524391,126936936
2010-03-10,14.307426452636719,14.358306931489457,13.953990006036879,13.992460842695504,225969804
2010-03-11,14.423830032348633,14.54966682104457,14.251579104611066,14.25306882907135,169162668
2010-03-12,14.384119987487793,14.60104565004671,14.374687902326976,14.597570571739366,110025864
2010-03-15,13.978067398071289,14.133688301053633,13.799860376275149,14.06493679478375,185969844
2010-03-16,14.02820110321045,14.108121275078812,13.918001217015538,13.944558038904974,137122740
2010-03-17,14.03713607788086,14.183325810446277,14.004621305131025,14.105142234674561,132731136
2010-03-18,14.057985305786133,14.108617967552615,13.972604701793365,14.016287207600493,71016912
2010-03-19,13.899138450622559,14.097697449735572,13.831627917995709,13.899138450622559,191576232
2010-03-22,13.837087631225586,14.069153597181192,13.757167460883549,13.802588450291147,160031808
2010-03-23,13.626119613647461,13.85719244034866,13.452380845330707,13.825671761061647,219831948
2010-03-24,13.832867622375488,13.895413346703515,13.395293474837748,13.539495959395683,262345392
2010-03-25,13.970620155334473,14.196976948929478,13.865879747771453,13.874814311868407,157078764
2010-03-26,13.965902328491211,14.08255578856422,13.899633712168995,14.029937777002962,107740152
2010-03-29,13.959945678710938,14.01628658391689,13.913284671834196,13.973597229676884,124055820
2010-03-30,14.065680503845215,14.088514434547644,13.906087965857582,13.969379032467181,79036884
2010-03-31,14.07585620880127,14.140884815297893,13.968882633014028,14.024479154683023,121110768
2010-04-01,14.1175537109375,14.232967170522755,14.036889142339323,14.180844779899045,84023892
2010-04-05,14.172405242919922,14.268457001165416,14.122516025897188,14.16967455433248,75983940
2010-04-06,14.103157043457031,14.169426607960368,14.033164586615582,14.133933331794807,82321596
2010-04-07,13.987000465393066,14.116311388042329,13.945303313592797,14.080323427972992,103136760
2010-04-08,14.085037231445312,14.14361319272003,13.900377622543775,13.981538750756725,77822100
2010-04-09,14.053518295288086,14.116808414325337,13.998417404810676,14.085038974631658,82181736
2010-04-12,14.215095520019531,14.246615252037385,14.053517640370806,14.081564186217447,94001904
2010-04-13,14.563568115234375,14.615938321481613,14.17538559546691,14.210132595479525,156335508
2010-04-14,14.618915557861328,14.701813289191767,14.495064116923217,14.64522362010503,135971892
2010-04-15,14.775280952453613,14.838324207350896,14.601294356922567,14.697594886701973,270201528
2010-04-16,13.6546630859375,14.117800955050969,13.641756868986064,13.973598454665115,488930580
2010-04-19,13.653419494628906,13.749969714161882,13.526839269120515,13.619912519238214,155604240
2010-04-20,13.776031494140625,13.890699612506873,13.677248095813992,13.754438527975065,118976904
2010-04-21,13.75766372680664,13.905342237436567,13.704549139377903,13.81127394318761,95564340
2010-04-22,13.57796859741211,13.712988713064375,13.485886598104969,13.70057907154424,131096772
2010-04-23,13.526590347290039,13.634061435097475,13.459080763656726,13.582684385138185,83492424
2010-04-26,13.195245742797852,13.52659074169546,13.134933181838747,13.526095112714945,174577248
2010-04-27,13.13121223449707,13.36129192664449,13.085791240060848,13.128481545612262,153634212
2010-04-28,13.134437561035156,13.274421534842443,12.931906912390174,13.206663188851424,136107756
2010-04-29,13.204179763793945,13.315870317477094,13.071890340847292,13.238184261401265,122233644
2010-04-30,13.047815322875977,13.345156753557527,13.041361742031153,13.182587618616308,97318584
2010-05-03,13.169432640075684,13.227014509429388,13.032426230633607,13.067671692010904,74237688
2010-05-04,12.568045616149902,13.073626841326101,12.514435403171275,13.068166410487068,242808948
2010-05-05,12.65218734741211,12.800113687694045,12.421610141582157,12.434268544155103,183104712
2010-05-06,12.376935005187988,12.844789886668764,11.417150346144611,12.62711888874291,199803996
2010-05-07,12.239681243896484,12.541987507196437,11.946557359188372,12.409200551515458,203356440
2010-05-10,12.947296142578125,12.976335841518722,12.72267688046764,12.75667949063035,164954880
2010-05-11,12.634564399719238,12.903363667270568,12.613963638079792,12.798872972145086,132771096
2010-05-12,12.543724060058594,12.708777030958625,12.459585361561667,12.708777030958625,153917928
2010-05-13,12.679985046386719,12.955981331030753,12.667326644846627,12.819471494381853,132898968
2010-05-14,12.596837997436523,12.682715176404312,12.316870051544312,12.652434515918648,164475360
2010-05-17,12.607757568359375,12.61743746614326,12.368990224498223,12.578222246080736,111640248
2010-05-18,12.369488716125488,12.682219267234151,12.337222700464663,12.658144372132138,112906980
2010-05-19,12.271697044372559,12.396044104370157,12.105651888760203,12.317117086369171,137690172
2010-05-20,11.78969669342041,12.052043346430809,11.759664791011543,12.039384943547816,196335468
2010-05-21,11.716227531433105,12.037645740957544,11.526356243710785,11.642016555228036,387244368
2010-05-24,11.843056678771973,12.156531562329201,11.83412211632962,11.931663589108307,173650176
2010-05-25,11.840826034545898,11.850257173768675,11.516678034840421,11.619431199965922,120575304
2010-05-26,11.80111312866211,12.15578862688202,11.789446930658375,11.964924179405646,138884976
2010-05-27,12.173163414001465,12.219080034567279,11.939607712421214,12.036405756134979,112251636
2010-05-28,12.053282737731934,12.247375400935756,11.98800631893842,12.22975219610535,115676208
2010-06-01,11.972370147705078,12.188055790166063,11.916525809995726,11.924220355942873,106565328
2010-06-02,12.245389938354492,12.25779958107537,11.949785060230653,12.079344756978735,101530368
2010-06-03,12.548934936523438,12.608503102662267,12.27839815251114,12.288573679382772,145881972
2010-06-04,12.378174781799316,12.63952826459839,12.328038694922618,12.40299501074946,156655188
2010-06-07,12.050553321838379,12.432531000103506,11.991730482736777,12.38661437807123,145162692
2010-06-08,12.032184600830078,12.132953337445148,11.85248790495596,12.108380925902464,107296596
2010-06-09,11.76512336730957,12.133946994666248,11.714988226240163,12.092746417176532,109050840
2010-06-10,12.087532997131348,12.124515050719461,11.810295758811918,11.922728806408163,103012884
2010-06-11,12.124515533447266,12.129728150277327,11.953755275886923,11.975597001134568,71196732
2010-06-14,11.992721557617188,12.273434826483813,11.992721557617188,12.272938251670801,81534384
2010-06-15,12.360055923461914,12.419872854823604,11.967654924181314,11.989992278920134,170213616
2010-06-16,12.441465377807617,12.509223720648075,12.313394476774862,12.314884201218566,91480428
2010-06-17,12.4119291305542,12.555635033631784,12.327789500231624,12.49557218609914,79012908
2010-06-18,12.410688400268555,12.496069002721947,12.363531763188787,12.472241923841244,114801084
2010-06-21,12.126005172729492,12.434020624252229,12.03491631876187,12.407462855110014,119220660
2010-06-22,12.068671226501465,12.325557441582651,12.055765009414806,12.159264452323605,88699212
2010-06-23,11.96442699432373,12.084555542971804,11.867878656831095,12.084555542971804,81082836
2010-06-24,11.7919282913208,11.981800525854283,11.746259488734482,11.905107621102994,75668256
2010-06-25,11.731864929199219,11.85521979071945,11.67924691494966,11.840576035612285,89718192
2010-06-28,11.716974258422852,11.852738771683443,11.640776973952336,11.729632661060284,70421508
2010-06-29,11.274683952331543,11.530079496636787,11.196749129197364,11.502530469273735,139943916
2010-06-30,11.043609619140625,11.363289364153442,11.037901373181105,11.292055940548247,143983872
2010-07-01,10.908092498779297,11.129237599991496,10.762648099994845,11.052047173117593,140403456
2010-07-02,10.835123062133789,10.977340205123049,10.821471510338979,10.960959856340224,77362560
2010-07-06,10.823210716247559,11.111121045299317,10.76264939035906,11.020031241957561,102301596
2010-07-07,11.173913955688477,11.200968299186863,10.806083468476869,10.878805672437064,125062812
2010-07-08,11.331767082214355,11.350880010037649,11.160511200650657,11.257059530811624,106649244
2010-07-09,11.603048324584961,11.74625859603637,11.486147057284066,11.713993532236898,173086740
2010-07-12,11.810046195983887,11.899646255225788,11.692151779447364,11.724169028709346,133242624
2010-07-13,12.141889572143555,12.23595692690322,11.92049664430725,11.969391767954297,158892948
2010-07-14,12.195005416870117,12.256805812844442,12.073883715769805,12.158767748582623,124595280
2010-07-15,12.261521339416504,12.278399208640835,11.98006366920721,12.204684802670819,194133672
2010-07-16,11.407469749450684,11.67924752979079,11.405235635551703,11.643507382548263,312679008
2010-07-19,11.570537567138672,11.656662571914808,11.355596304052042,11.442218829584998,181829988
2010-07-20,11.953010559082031,11.987758502176286,11.432042064733444,11.442713221713856,162017820
2010-07-21,11.851495742797852,12.055020477938024,11.800119639446585,12.012825806463164,131052816
2010-07-22,12.032930374145508,12.136429810995503,11.975099742214255,11.993715150320746,85822092
2010-07-23,12.163235664367676,12.176389695479205,11.913795243665783,11.932658466679891,90485424
2010-07-26,12.13618278503418,12.18036187177249,12.034669633002355,12.139160342734192,79728192
2010-07-27,12.227022171020508,12.347895106814068,12.165965221044406,12.176141694659366,97949952
2010-07-28,12.021512985229492,12.292050737876991,11.979815832935586,12.284356192601813,99740160
2010-07-29,12.037398338317871,12.13394762471594,11.896917783491919,12.061225418862307,106912980
2010-07-30,12.03392219543457,12.096220107154146,11.892200688927362,11.904859090368863,85678236
2010-08-02,12.171920776367188,12.243153245609992,12.085795793139148,12.13667626343497,74273652
2010-08-03,12.157526969909668,12.222803390866307,12.081329685400288,12.174156079741708,72019908
2010-08-04,12.56680679321289,12.583683716255926,12.187806699129554,12.215853245230104,152347500
2010-08-05,12.61098575592041,12.623396343926895,12.498303935145428,12.556134570104996,96719184
2010-08-06,12.415404319763184,12.552409785510612,12.311905831151115,12.54397179699898,132647220
2010-08-09,12.542729377746582,12.546453215816467,12.443699120678033,12.465788659485272,74813112
2010-08-10,12.502026557922363,12.558864987797174,12.374452223464786,12.46827081863307,82877040
2010-08-11,12.204934120178223,12.360306256886807,12.198977113147,12.35360486044092,88831080
2010-08-12,12.211634635925293,12.279640799413505,11.975845758871058,12.011338092265566,88095816
2010-08-13,12.071154594421387,12.191282206140137,12.062714713162793,12.136926646766877,77310612
2010-08-16,12.052290916442871,12.15852010264541,11.925957542254087,12.004884569612924,52147800
2010-08-17,12.174650192260742,12.27839742917185,12.063209357032301,12.12525850176003,75552372
2010-08-18,11.966909408569336,12.183338471897645,11.95201783896799,12.172666369521375,107348544
2010-08-19,11.614964485168457,11.975845771966632,11.597093465344102,11.93861495359433,156843000
2010-08-20,11.467284202575684,11.704810582581542,11.442463976082157,11.614962705791536,156547296
2010-08-23,11.518166542053223,11.621913800342297,11.360809061378735,11.454379845442,119328552
2010-08-24,11.203450202941895,11.376693343321389,11.191784004571941,11.360063288210272,110397492
2010-08-25,11.283618927001953,11.362794717238398,11.168950802068318,11.168950802068318,103580316
2010-08-26,11.19327449798584,11.349143204621193,11.179871705521306,11.319360062128375,71008920
2010-08-27,11.388110160827637,11.416901098263018,11.110623183385693,11.232489274947486,92403504
2010-08-30,11.235715866088867,11.411192168997719,11.229014470526591,11.396051838896748,49206744
2010-08-31,11.16944694519043,11.28982331192378,11.119310855748013,11.17168105912589,77794128
2010-09-01,11.425337791442871,11.539757129372122,11.230998292494416,11.292551808307739,129002868
2010-09-02,11.496076583862305,11.527100688566602,11.424843158576168,11.487638594896847,67300632
2010-09-03,11.672792434692383,11.712008600803012,11.601807778406465,11.678252865626433,101514384
2010-09-07,11.52635669708252,11.605531532723255,11.492104384575107,11.528837679484058,68327604
2010-09-08,11.679742813110352,11.727396971927917,11.52908673720106,11.545963660621762,95975928
2010-09-09,11.818735122680664,11.92347552941265,11.679743346849392,11.85968883358481,97126776
2010-09-10,11.817742347717285,11.90833557606675,11.79143428380649,11.889223591476922,78893028
2010-09-13,11.969888687133789,12.021513555115103,11.90188157815877,11.93588607850315,89570340
2010-09-14,11.924220085144043,12.031442421807824,11.915533335497607,11.963435311662042,88571340
2010-09-15,11.929430961608887,11.96045601127839,11.876316371682025,11.912306223818382,96015888
2010-09-16,11.93985652923584,11.974355711982518,11.898902819344803,11.912306556766067,78701220
2010-09-17,12.165468215942383,12.191528462352164,11.942834335300633,12.006621025827013,225438336
2010-09-20,12.615453720092773,12.668319551230628,12.21287528943388,12.223796152640022,175963860
2010-09-21,12.744019508361816,12.905846147540906,12.631088936237276,12.65020091865152,178473348
2010-09-22,12.807062149047852,12.851240280313371,12.699839827762835,12.72912733619852,101382516
2010-09-23,12.744516372680664,12.898647524471011,12.69040863345262,12.77256291902434,92603304
2010-09-24,13.087279319763184,13.100682111391473,12.863155700518428,12.949529456757821,134141724
2010-09-27,13.164718627929688,13.324558033320763,13.125998085536427,13.125998085536427,124171704
2010-09-28,13.084300994873047,13.24364477203861,12.86787191818964,13.24091502911931,146041812
2010-09-29,13.09720516204834,13.227510167134627,13.023242950021052,13.101176814412943,86801112
2010-09-30,13.050049781799316,13.200953669001416,12.879536391209555,13.1336918995193,129634236
2010-10-01,13.045830726623535,13.169929981602992,12.980802123016204,13.154540890816076,88911000
2010-10-04,12.964670181274414,13.111106798080039,12.877799847547422,13.02920126713315,77542380
2010-10-05,13.358807563781738,13.402738825587056,13.06891098793078,13.114331974090042,140143716
2010-10-06,13.262506484985352,13.40149824410445,13.15305099490028,13.384372561613974,110381508
2010-10-07,13.154788970947266,13.333243771723737,13.133196006263288,13.308672304004592,95736168
2010-10-08,13.312146186828613,13.34317123485271,13.09546931717951,13.223292401535979,114253632
2010-10-11,13.373947143554688,13.516910553231579,13.332498755062351,13.365012580726395,104946948
2010-10-12,13.437238693237305,13.55141022772274,13.347887386546713,13.405718016004608,149993856
2010-10-13,13.48464584350586,13.588640911117059,13.460570949411307,13.57648002975244,122101776
2010-10-14,13.425822257995605,13.533043637301041,13.331009573854276,13.506486816344974,265098636
2010-10-15,14.927922248840332,14.932638291058456,14.683446630685783,14.873815454005678,592399008
2010-10-18,15.331494331359863,15.380638216961849,14.90558538542702,14.90558538542702,283644072
2010-10-19,15.086274147033691,15.259765104634432,14.962919278334963,15.111590005982912,183332484
2010-10-20,15.089997291564941,15.323304241102745,15.078084224171388,15.093967998743832,140862996
2010-10-21,15.18952465057373,15.289051492006172,15.040852978806512,15.177610637661438,116703180
2010-10-22,15.20292854309082,15.259766031321703,15.141375012252572,15.18778726550183,90153756
2010-10-25,15.301461219787598,15.505977214480557,15.263486961013403,15.278875105279552,126209664
2010-10-26,15.353582382202148,15.418858796309618,15.165696445136355,15.217073493829927,100415484
2010-10-27,15.300716400146484,15.388331112991976,15.197962303798834,15.283342902947457,89586324
2010-10-28,15.35308837890625,15.413152182647055,15.222038962004541,15.38957291642781,87284628
2010-10-29,15.231966018676758,15.363511058909449,15.214343759862627,15.31560908502813,91040868
2010-11-01,15.264230728149414,15.404711265953939,15.17016338158974,15.28234956025633,123360516
2010-11-02,15.279122352600098,15.38833097458166,15.253806496309291,15.355319627658236,79824096
2010-11-03,15.392797470092773,15.433750230832818,15.22700107376416,15.326281038324225,135084780
2010-11-04,15.494312286376953,15.634545972774063,15.440453304103636,15.503496556649756,142689168
2010-11-05,15.514416694641113,15.52459222244486,15.415881113261388,15.467258164687665,70557372
2010-11-08,15.556361198425293,15.623871727832427,15.466017685762282,15.488106279713172,83967948
2010-11-09,15.507963180541992,15.65762705364832,15.400989609897135,15.636530662765601,89398512
2010-11-10,15.45981216430664,15.46279066724837,15.326528650483844,15.439955793314027,99780120
2010-11-11,15.318587303161621,15.384608109470296,15.244624137102605,15.3808852170114,90373536
2010-11-12,14.973590850830078,15.31138942977693,14.921965039197227,15.239163802245656,135584280
2010-11-15,14.779500961303711,14.991213999828874,14.744255496157693,14.96837912288512,139016844
2010-11-16,14.487866401672363,14.839563412113474,14.481165005818422,14.712237836745443,132163704
2010-11-17,14.48364543914795,14.6313239568321,14.429538645373423,14.519635291310747,97602300
2010-11-18,14.806553840637207,14.89143787218752,14.607994840790983,14.618915704014633,103496400
2010-11-19,14.664335250854492,14.839562793744598,14.652173423853872,14.81747419941068,91808100
2010-11-22,14.6740140914917,14.729114980160505,14.463789847843062,14.580939889332438,87376536
2010-11-23,14.470243453979492,14.619162934378057,14.35085929848963,14.56952342286414,86417496
2010-11-24,14.76708984375,14.807546033031212,14.570516197589956,14.576968833035492,95760144
2010-11-26,14.643735885620117,14.717699058481353,14.569276137880664,14.655152378534616,52391556
2010-11-29,14.447904586791992,14.638769971882782,14.394293424614562,14.623133067628773,114273612
2010-11-30,13.7926607131958,14.25455758468016,13.73309254373016,14.25455758468016,284411304
2010-12-01,14.00710391998291,14.186303105079244,13.958704429326035,13.973596944088445,150013836
2010-12-02,14.192508697509766,14.22998732799858,14.031923964809897,14.114078250302704,101814084
2010-12-03,14.221796989440918,14.308169801080483,14.097697730753644,14.133686638734346,105142752
2010-12-06,14.354829788208008,14.44517519225016,14.311396043915204,14.409682861656886,83668248
2010-12-07,14.572748184204102,14.718192571131612,14.544453826458446,14.675254459738223,121566312
2010-12-08,14.657137870788574,14.706281755601275,14.487121992132892,14.692630203558206,70205724
2010-12-09,14.680965423583984,14.782229808004319,14.618916265792087,14.740037023888513,74681244
2010-12-10,14.698586463928223,14.74276648970328,14.650932306087144,14.721668207681862,68119812
2010-12-13,14.758401870727539,14.966392951034633,14.745247839731979,14.820451970775771,95844060
2010-12-14,14.765600204467773,14.849491081368209,14.70528764580411,14.819706996686016,65666268
2010-12-15,14.6511812210083,14.803823604597962,14.622638097885329,14.747979268437861,86621292
2010-12-16,14.686177253723145,14.737305545131253,14.595831846074853,14.71447161519169,63812124
2010-12-17,14.663591384887695,14.70727389199735,14.58590437800325,14.668555241659915,123360516
2010-12-20,14.76932144165039,14.839313895413559,14.61047425878324,14.759145914716457,78853068
2010-12-21,14.968128204345703,15.009080961449698,14.832611532952356,14.856438608828439,75104820
2010-12-22,15.028194427490234,15.065673059036296,14.973343243309241,14.991213316643577,48251700
2010-12-23,14.99692153930664,15.04085280616698,14.942318169703647,15.02447245738587,44387568
2010-12-27,14.951004981994629,14.985751976872324,14.879523747132586,14.959939545191894,48275676
2010-12-28,14.865128517150879,14.987986806766443,14.842541456030249,14.942813630382016,42549408
2010-12-29,14.916753768920898,14.95174952671086,14.865128901757569,14.941573998661333,40727232
2010-12-30,14.863639831542969,14.924944600462418,14.827155293456599,14.842294678949312,39540420
2010-12-31,14.742269515991211,14.852718165741527,14.694119727394819,14.811020066690883,61510428
2011-01-03,14.999898910522461,15.030676143965426,14.80456624549771,14.80456624549771,94513392
2011-01-04,14.944551467895508,15.045321164953158,14.894911954564277,15.031421798546223,72907020
2011-01-05,15.117048263549805,15.148322070383916,14.89317248888937,14.893669063671243,101190708
2011-01-06,15.227002143859863,15.349363859872804,15.14137372410002,15.157009683528386,82229688
2011-01-07,15.299972534179688,15.344896951764706,15.143360392305116,15.286818502780099,83963952
2011-01-10,15.244623184204102,15.273910693068864,15.104390460257278,15.259265992779719,63104832
2011-01-11,15.289299011230469,15.358546131627175,15.251821328211815,15.331492736132146,57514428
2011-01-12,15.31064510345459,15.372198628627377,15.258523662628392,15.372198628627377,65242692
2011-01-13,15.306177139282227,15.380140302817123,15.243381706886076,15.313126349130314,53306640
2011-01-14,15.492076873779297,15.494310041541652,15.31585525046854,15.32379760951153,94529376
2011-01-18,15.875547409057617,15.934122433502965,15.519132459657941,15.538740072639987,144535320
2011-01-19,15.67996597290039,15.958196393345569,15.628092344367074,15.937347816131862,136107756
2011-01-20,15.556361198425293,15.737795450626713,15.469988392626746,15.691381311382756,219212568
2011-01-21,15.185554504394531,15.927669135104008,15.173889250676957,15.874307669626779,355819824
2011-01-24,15.166937828063965,15.201934532152947,14.922463149437608,15.079820627160947,183784032
2011-01-25,15.386096954345703,15.405456751900763,15.053758807553606,15.095455959958201,145726128
2011-01-26,15.301461219787598,15.450132883199117,15.271180560218077,15.396521719820582,81442476
2011-01-27,15.308658599853516,15.380884222255839,15.220796073449685,15.335960755309817,80687232
2011-01-28,14.916504859924316,15.397265892926994,14.88597638630206,15.365247694866918,169074756
2011-01-31,14.90086841583252,15.002878127487998,14.781485206196646,14.981285162255285,112083804
2011-02-01,15.16594409942627,15.22327815352833,14.969122655418259,15.003373074995428,109702188
2011-02-02,15.189772605895996,15.247851054739742,15.078827379513307,15.164952376003177,70357572
2011-02-03,15.143856048583984,15.176122063823975,15.044079499595732,15.127225993181366,59744196
2011-02-04,15.164456367492676,15.175872859520757,15.055993072228054,15.14385560557291,61969968
2011-02-07,15.246610641479492,15.348371595104847,15.120524141729765,15.14410340681004,71912016
2011-02-08,15.348122596740723,15.379147646357794,15.252069890613981,15.26249512450561,67728204
2011-02-09,15.301461219787598,15.374679994613505,15.19821054573036,15.31064454345101,73626300
2011-02-10,15.299972534179688,15.326282488692591,15.178851779391241,15.236930228375849,93282624
2011-02-11,15.500020980834961,15.512431568515744,15.214591652029656,15.23420021031106,103492404
2011-02-14,15.59061336517334,15.627595422262802,15.389324622462132,15.47123015077756,85034880
2011-02-15,15.491332054138184,15.638762749055909,15.465271808379711,15.570012203788764,83596320
2011-02-16,15.493071556091309,15.549660278710492,15.440452594601238,15.528067313064417,67292640
2011-02-17,15.518884658813477,15.568276358920105,15.39528197422484,15.419356869240334,59092848
2011-02-18,15.63851547241211,15.665816683193245,15.492077922067892,15.537250151297572,128587284
2011-02-22,15.145345687866211,15.510694250245722,15.084784364847028,15.389075975212823,145450404
2011-02-23,15.172893524169922,15.256785345910027,14.991212406939207,15.148323002450947,115468416
2011-02-24,15.110845565795898,15.216826935270937,14.925440595767355,15.174632260736082,108359532
2011-02-25,15.141125679016113,15.257282579643384,15.12772383281163,15.186298857989925,77218704
2011-02-28,15.224520683288574,15.301214541690602,15.0907405793881,15.140133225110485,91168740
2011-03-01,14.910795211791992,15.368971062431077,14.874557547719547,15.333229973156033,132795072
2011-03-02,14.911542892456055,15.0408538276098,14.772551111872112,14.886970475901965,80986932
2011-03-03,15.12921142578125,15.177114343970919,15.01603209149871,15.050284404193002,77734188
2011-03-04,14.907322883605957,15.114817397197996,14.896897649169423,15.09868297068571,120319560
2011-03-07,14.684934616088867,14.983517958805699,14.569274301744187,14.905584088454377,138369492
2011-03-08,14.701067924499512,14.841796279758533,14.648697726265956,14.71645606846465,91304604
2011-03-09,14.687666893005371,14.755674003682353,14.538250825320644,14.668555854462557,85953960
2011-03-10,14.402982711791992,14.559843617202223,14.38188537402562,14.530557050546307,124998876
2011-03-11,14.313879013061523,14.395536728326439,14.229988129727522,14.351356699805045,121158720
2011-03-14,14.147089004516602,14.353093786650758,14.098193881040874,14.21683270445482,112531356
2011-03-15,14.136415481567383,14.172156572772906,13.787447287380752,13.837087744380467,160063776
2011-03-16,13.82715892791748,14.142124512123,13.682708623695847,14.097944486979513,151788060
2011-03-17,13.932892799377441,14.122516282782737,13.912540798198101,14.0103310430245,115856028
2011-03-18,13.925447463989258,14.097449640404301,13.892685820284143,14.014302202312503,131812056
2011-03-21,14.308667182922363,14.390573663049365,14.123015332205258,14.15279847495298,120715164
2011-03-22,14.329019546508789,14.376425896611693,14.209636320432606,14.327778582196437,75400524
2011-03-23,14.449146270751953,14.456343294863244,14.196975182538687,14.276150960473752,72575352
2011-03-24,14.566544532775879,14.603773456029675,14.365750486543618,14.530306867437988,83864052
2011-03-25,14.389083862304688,14.567042111880312,14.376673273701845,14.566298668343855,114221664
2011-03-28,14.28037166595459,14.519386853176828,14.264238185745288,14.446912464123814,88647264
2011-03-29,14.438474655151367,14.442446308094038,14.222045580839358,14.296256563985116,64127808
2011-03-30,14.441204071044922,14.532044155587457,14.409930262680549,14.504245425009518,56835108
2011-03-31,14.563319206237793,14.598066203639057,14.43872242867162,14.469996239703724,81094824
2011-04-01,14.688410758972168,14.772550401834586,14.612958811371355,14.612958811371355,104423472
2011-04-04,14.586152076721191,14.76137961311154,14.47247617065505,14.718193683993713,82097820
2011-04-05,14.124750137329102,14.432516806947877,14.040113924841217,14.42234127947339,241658100
2011-04-06,14.251083374023438,14.275406081466619,14.097696615402457,14.201443863647173,106625268
2011-04-07,14.395536422729492,14.411421142660073,14.25133203331086,14.289555054456192,101158740
2011-04-08,14.34986686706543,14.5169051889748,14.347385884515214,14.5169051889748,75995928
2011-04-11,14.330259323120117,14.348377210211568,14.22179603162699,14.301219627506349,74253672
2011-04-12,14.162476539611816,14.318841802204302,14.098936717421735,14.271435459435693,83340576
2011-04-13,14.303204536437988,14.335967123416362,14.190770541573409,14.284093500295658,82693224
2011-04-14,14.35855484008789,14.381885345908469,14.199459821031999,14.276152734493841,218033748
2011-04-15,13.171915054321289,13.545453775470936,13.156030334888827,13.534037283655417,561186252
2011-04-18,13.076109886169434,13.096462832788113,12.881522550168196,13.065685598378538,201390408
2011-04-19,12.944316864013672,13.17638284370278,12.928680904322453,13.153300152982043,107256636
2011-04-20,13.048559188842773,13.075613529382311,12.940841239047133,13.052778655791936,122277600
2011-04-21,13.032923698425293,13.111849771667782,12.965660985150604,13.092242160595484,98705196
2011-04-25,13.031682968139648,13.080081518153174,12.956230074167149,13.036646824976229,65166768
2011-04-26,13.224533081054688,13.339200249283914,13.035653040817198,13.068167814885284,139860000
2011-04-27,13.34714126586914,13.355828959892937,13.262506006070627,13.353098271526395,91844064
2011-04-28,13.35235595703125,13.384125395413621,13.255805731898548,13.354589124948982,79920000
2011-04-29,13.504501342773438,13.504501342773438,13.36575833176392,13.402740388466794,168970860
2011-05-02,13.366998672485352,13.544957845760534,13.331257581627458,13.544212510603046,85262652
2011-05-03,13.251091003417969,13.452628501980547,13.145357451626964,13.33150775125107,83176740
2011-05-04,13.298248291015625,13.377919701889192,13.229496797020861,13.282860146563372,84595320
2011-05-05,13.26052188873291,13.388344032674915,13.191771340374785,13.250346361131491,79832088
2011-05-06,13.286086082458496,13.438976264651199,13.283107579447368,13.356822927866641,82161756
2011-05-09,13.345157623291016,13.365262756425663,13.181843142559561,13.27864024054289,77870052
2011-05-10,13.46876049041748,13.512691755043825,13.341682738510348,13.402739686238029,81634284
2011-05-11,13.289809226989746,13.490850144273875,13.24612672232996,13.406214877683189,93458448
2011-05-12,13.279881477355957,13.326791245292727,13.177126432304103,13.284596573498003,57874068
2011-05-13,13.14337158203125,13.301474382815984,13.130960995029541,13.268960555502234,84263652
2011-05-16,12.86712646484375,13.086783748998876,12.816991322047816,13.062956668871108,118209672
2011-05-17,13.165958404541016,13.184821627609892,12.782988534671714,12.792916248121593,132011856
2011-05-18,13.149825096130371,13.162731312026867,13.047815387209797,13.143123700774806,78049872
2011-05-19,13.185566902160645,13.316863181987854,13.147591695847195,13.222300198441726,98649252
2011-05-20,13.006365776062012,13.203931608850711,12.984027476730017,13.199215566996566,92607300
2011-05-23,12.86638355255127,12.906343168910961,12.742532104501597,12.821955708206556,91908000
2011-05-24,12.86315631866455,13.004630026904685,12.86042657565128,12.915526523501283,75924000
2011-05-25,12.898152351379395,12.975093076894138,12.838087603793644,12.840072957323123,52011936
2011-05-26,12.859930038452148,12.958961256167596,12.782243973460528,12.849256989161786,84655260
2011-05-27,12.928680419921875,12.950769960115883,12.814507934791344,12.868615674227769,69762168
2011-05-31,13.130217552185059,13.130960995625635,12.993212087197252,13.030441010633682,107384508
2011-06-01,13.045334815979004,13.233965163471964,13.038136845060068,13.105895194957542,118117764
2011-06-02,13.106392860412598,13.161989387068257,12.967897645752572,13.094230085675614,88091820
2011-06-03,12.982786178588867,13.09497235545279,12.943571903779398,12.955980598422911,69870060
2011-06-06,12.93265151977539,13.075613988706415,12.887726160276516,12.994204095616997,77606316
2011-06-07,12.882268905639648,13.021259746017472,12.88127575584825,12.978072863802721,76227696
2011-06-08,12.885740280151367,12.93711732664919,12.80160064783316,12.820216054367341,66069864
2011-06-09,12.82518196105957,12.906343103474217,12.798128562206985,12.906343103474217,67496436
2011-06-10,12.64598274230957,12.824188801810253,12.640522310470534,12.759409900829805,97498404
2011-06-13,12.527342796325684,12.663107299119151,12.463803919391298,12.658143442590752,96994908
2011-06-14,12.617688179016113,12.75940969836267,12.583435863920094,12.612226801406845,93566340
2011-06-15,12.483163833618164,12.617190808867685,12.425085383091016,12.53478870259479,82849068
2011-06-16,12.419129371643066,12.573011775308707,12.327295180112491,12.47968975088654,110169720
2011-06-17,12.038142204284668,12.575988517041909,12.03268082735353,12.563330116025384,209606184
2011-06-20,12.0272216796875,12.068174440966317,11.894434737164682,12.037645967329919,121022856
2011-06-21,12.236204147338867,12.259535596954814,12.030943763783638,12.092001657611759,110505384
2011-06-22,12.087532997131348,12.220071176088213,12.080583787491411,12.197733822766212,96187716
2011-06-23,11.919008255004883,11.984532489950954,11.75792693764962,11.966413655672687,191875932
2011-06-24,11.786470413208008,11.932162643582723,11.740304083663762,11.930425104453201,152071776
2011-06-27,11.98304271697998,12.122034492338612,11.754700572380166,11.764628286089534,137650212
2011-06-28,12.252338409423828,12.315877284784813,12.013322291673887,12.013322291673887,108495396
2011-06-29,12.349632263183594,12.416149642568202,12.220816971594395,12.324067645622168,93626280
2011-06-30,12.568293571472168,12.575491541184757,12.447172833814374,12.459334659644131,97038864
2011-07-01,12.931905746459961,12.935629584478239,12.56829382011645,12.57722932881817,145322532
2011-07-05,13.21510124206543,13.28856878026229,13.03788834242271,13.03788834242271,153814032
2011-07-06,13.28757381439209,13.365756438241329,13.229991949664006,13.241409385997866,107716176
2011-07-07,13.56655216217041,13.667816539939574,13.30048169084244,13.427560393137586,157262580
2011-07-08,13.203932762145996,13.344414259435005,13.086783661691992,13.227759842114805,190617192
2011-07-11,13.087030410766602,13.30296383744918,13.042851332501339,13.109368710231163,113458428
2011-07-12,13.254068374633789,13.388343144854469,13.055260635866492,13.108871796509966,113534352
2011-07-13,13.359552383422852,13.50201922079991,13.315372359873535,13.328279521263287,111496392
2011-07-14,13.1282320022583,13.452379958494461,13.073378929988717,13.380897778167496,265714020
2011-07-15,14.832860946655273,14.89813736143554,14.598065240058048,14.82988244361754,548734716
2011-07-18,14.766343116760254,14.942812558894335,14.69337310506327,14.705534931322228,178553268
2011-07-19,14.95522403717041,15.008089866521392,14.780988698322004,14.79612808257363,118581300
2011-07-20,14.776522636413574,14.962175428255428,14.776522636413574,14.946041947154724,89022888
2011-07-21,15.065424919128418,15.09198174113501,14.743262301942334,14.743758876774171,138641220
2011-07-22,15.344399452209473,15.375921076140232,14.997914132738446,15.025712864279134,140986872
2011-07-25,15.363015174865723,15.522606759513241,15.214591321760478,15.223526831193853,125138736
2011-07-26,15.45087718963623,15.57447986377892,15.319331210136475,15.339931971112522,93622284
2011-07-27,15.07113265991211,15.411909727944023,15.00982789787044,15.318338953196342,157218624
2011-07-28,15.16346263885498,15.288555038402725,14.966392428438791,15.020747981241453,124211664
2011-07-29,14.983518600463867,15.263238733162828,14.983518600463867,14.996921391776084,165330504
2011-08-01,15.05996322631836,15.276641048544215,14.871580710346125,15.170412816886577,158485356
2011-08-02,14.703304290771484,15.131943003030969,14.682703526931881,15.040854143524763,127895976
2011-08-03,14.92097282409668,14.966392869034193,14.485631814038696,14.74971598660426,152874972
2011-08-04,14.33398151397705,14.863389872654855,14.332741495685129,14.75542315414377,196387416
2011-08-05,14.371708869934082,14.643735417090024,13.948778424328383,14.458579203421948,236926836
2011-08-08,13.552153587341309,14.122514641623368,13.51070425462585,13.973099548966815,299564136
2011-08-09,14.231973648071289,14.26175773538245,13.427808965811252,13.923958192495776,258529212
2011-08-10,13.62636661529541,14.001395047675283,13.594597177553856,13.933388890590015,214569216
2011-08-11,13.952003479003906,14.11010627985832,13.61147516981169,13.745749946286498,193030776
2011-08-12,13.992709159851074,14.159747478606095,13.90906609322692,14.134927249147145,126045828
2011-08-15,13.8303861618042,14.022988130278144,13.55289922690279,13.73607005791631,285510204
2011-08-16,13.37791919708252,13.711499235186473,13.161986716359856,13.711251420711438,277298424
2011-08-17,13.232723236083984,13.494325477601128,13.173652586003795,13.40348444281679,163000836
2011-08-18,12.531064987182617,13.027709776983626,12.422105126571148,12.992466208433715,251376372
2011-08-19,12.184579849243164,12.779016823031489,12.183091070575264,12.39356408071483,216183600
2011-08-22,12.364523887634277,12.583683638204896,12.274179429225942,12.509223898948425,196039764
2011-08-23,12.877056121826172,12.941339396494474,12.38661511473946,12.496815014170833,173698128
2011-08-24,12.987998962402344,13.154540703130426,12.837591647420902,12.88971308784584,143636220
2011-08-25,12.90733528137207,13.334981742761721,12.864148404747876,13.16397272110332,131588280
2011-08-26,13.076607704162598,13.165711206604447,12.736078415001629,12.906095245077,143708148
2011-08-29,13.379905700683594,13.38908997075786,13.242900226768317,13.26771951067653,93338568
2011-08-30,13.420112609863281,13.47695008800475,13.174644811194666,13.357814700687038,119440440
2011-08-31,13.426567077636719,13.55910526390106,13.303460029679187,13.520385669303971,107624268
2011-09-01,13.21658992767334,13.497798818719158,13.18482049068772,13.421353729204604,96523380
2011-09-02,13.026470184326172,13.102915275623356,12.924460475818357,13.017286860791394,95951952
2011-09-06,12.960450172424316,12.974845167729068,12.670553562532158,12.677999347606013,108523368
2011-09-07,13.254565238952637,13.301971583728394,13.090009795369994,13.165710501630624,110121768
2011-09-08,13.277647018432617,13.380401114956488,13.201698502890066,13.248856084082218,95124780
2011-09-09,13.026719093322754,13.269954698977527,12.93587899996773,13.189289187923835,130621248
2011-09-12,13.157520294189453,13.203933492504007,12.844293159193478,12.855710597890338,106709184
2011-09-13,13.14262866973877,13.25084321191153,12.990730672455776,13.204181253420426,94073832
2011-09-14,13.205918312072754,13.327039058576132,13.050794013655366,13.218824528091298,107668224
2011-09-15,13.466278076171875,13.526341872098683,13.267718150126537,13.291049598807312,118313568
2011-09-16,13.568538665771484,13.57250937306834,13.480675180081427,13.521876706963527,141230628
2011-09-19,13.56828784942627,13.6484558311708,13.288071162100273,13.411426017831301,98637264
2011-09-20,13.567294120788574,13.862403310268514,13.469007311068031,13.636045608457655,111052836
2011-09-21,13.38288402557373,13.775039110522767,13.374446036671502,13.593605796630106,100471428
2011-09-22,12.922723770141602,13.124261271945754,12.757422990000434,13.061466781734484,175835988
2011-09-23,13.043099403381348,13.065685517765067,12.769831917029313,12.820961151885308,110980908
2011-09-26,13.20145034790039,13.22726277860298,12.738807219287883,13.086284721755796,105262632
2011-09-27,13.386357307434082,13.577719254937598,13.304700551221396,13.358062003752872,120315564
2011-09-28,13.125749588012695,13.502515570144544,13.097455227290656,13.43996984248841,90441468
2011-09-29,13.092491149902344,13.33572579227154,12.891698047900347,13.304452928970953,116147736
2011-09-30,12.783235549926758,13.005621614098262,12.766853310387763,12.911553319128764,108835056
2011-10-03,12.298750877380371,12.707782867808222,12.28584466132244,12.654420464631945,178797024
2011-10-04,12.45710277557373,12.495326744573273,11.928439708339512,12.16249105212274,166185648
2011-10-05,12.526597023010254,12.603539634079574,11.932657611481286,12.319351290914568,181182636
2011-10-06,12.775046348571777,12.787952565403605,12.474476685417955,12.596094014404361,136835028
2011-10-07,12.785222053527832,12.918753397348992,12.665590076432025,12.827664543061696,114121764
2011-10-10,13.332499504089355,13.339945288816823,12.985765426731065,13.03490930847459,92795112
2011-10-11,13.481667518615723,13.571516352547826,13.240418216212484,13.240418216212484,114021864
2011-10-12,13.613709449768066,13.780747773409695,13.517656738532898,13.604526125395266,126984888
2011-10-13,13.874070167541504,13.874317982031782,13.601795819559815,13.651684092365853,227276496
2011-10-14,14.685430526733398,14.88200415143288,14.583420822219939,14.87877783406234,340854804
2011-10-17,14.455351829528809,14.689155337200416,14.345895387584962,14.487865657425145,160167672
2011-10-18,14.656393051147461,14.707273527659133,14.331003167563365,14.400251237876835,151879968
2011-10-19,14.412909507751465,14.694862805499989,14.376176212198192,14.577713708766273,117142740
2011-10-20,14.486623764038086,14.616184392659518,14.383373088516326,14.442693444376228,135024840
2011-10-21,14.655895233154297,14.7119883219038,14.561827887573637,14.63157252680745,135504360
2011-10-24,14.80307674407959,14.89118803282752,14.556864547967532,14.562324979183696,136938924
2011-10-25,14.47396469116211,14.767831965585941,14.466271092707824,14.720674387747817,101518380
2011-10-26,14.552148818969727,14.648201523344737,14.218321901742927,14.632565564506091,114809076
2011-10-27,14.858922958374023,14.95894731326841,14.72563944138837,14.852717192015044,151060788
2011-10-28,14.895408630371094,14.94901884771666,14.749218895681066,14.755920291081361,100219680
2011-10-31,14.709258079528809,14.884238746163103,14.685183186920588,14.770067211881868,102209688
2011-11-01,14.362029075622559,14.53229276273668,14.314870546029004,14.39801798196668,124878996
2011-11-02,14.515168190002441,14.593103014941017,14.407451168927636,14.5171544894875,84751164
2011-11-03,14.829883575439453,14.829883575439453,14.48786646266494,14.569275417101228,106685208
2011-11-04,14.796128273010254,14.885480530320361,14.704047218741,14.73060404100164,113278608
2011-11-07,15.09868335723877,15.109852981319056,14.699084356978748,14.72613775590705,134161704
2011-11-08,15.198210716247559,15.248595562649324,14.981285077915313,15.115312042008574,121054824
2011-11-09,14.915512084960938,15.124991938456672,14.858673657553892,14.997666369878958,148291560
2011-11-10,14.769820213317871,15.039611686717915,14.682454255340968,15.039115111881253,114621264
2011-11-11,15.099180221557617,15.19200661325756,14.857186528763005,14.924200486903834,158920920
2011-11-14,15.214591979980469,15.340677537885453,15.08503323566087,15.090492721495604,127420452
2011-11-15,15.302949905395508,15.340676349459056,15.152541649814673,15.209626944869761,106932960
2011-11-16,15.176615715026855,15.346135943730298,15.155271511790001,15.191756043893838,104235660
2011-11-17,14.913525581359863,15.196968577942199,14.812011507090341,15.141372064813961,139592268
2011-11-18,14.764856338500977,15.00362466867902,14.736810735821052,14.941574564904835,131376492
2011-11-21,14.418866157531738,14.606504283456104,14.199210778961984,14.588137636133558,119931948
2011-11-22,14.395536422729492,14.518891289614492,14.27739322708526,14.395536422729492,96115788
2011-11-23,14.150067329406738,14.401740914164904,14.150067329406738,14.280122643238096,92938968
2011-11-25,13.973597526550293,14.253317650989601,13.932147243816926,14.027953079521069,62433504
2011-11-28,14.598811149597168,14.614448055709413,14.308666710893467,14.379900139167075,113042844
2011-11-29,14.468257904052734,14.652669713077358,14.428546106209506,14.591116189956152,73198728
2011-11-30,14.87679386138916,14.879772364567906,14.69560836332279,14.841052769101047,135744120
2011-12-01,15.23370361328125,15.289051372420877,14.867114092453065,14.891933376064792,144679176
2011-12-02,15.39726734161377,15.48761180687768,15.295505438012817,15.315113996886579,163264572
2011-12-05,15.528564453125,15.683687816993464,15.447899887736376,15.577956152897853,127772100
2011-12-06,15.481902122497559,15.60227753235799,15.394287408313318,15.462541379923476,92966940
2011-12-07,15.472471237182617,15.528812146924324,15.341174008831285,15.430029694003286,90201708
2011-12-08,15.290292739868164,15.573239183999153,15.271677331963108,15.414144176608973,96427476
2011-12-09,15.572495460510254,15.61493700330898,15.314120473578523,15.338690997018661,110537352
2011-12-12,15.522109031677246,15.541716642219695,15.395527859652919,15.434991841064525,87268644
2011-12-13,15.52806568145752,15.799346851294784,15.459066378579452,15.605751732579321,160966872
2011-12-14,15.340428352355957,15.495552648062226,15.201933164737369,15.434247886581371,155991852
2011-12-15,15.376912117004395,15.487609514115144,15.355815728389477,15.450876221959078,96247656
2011-12-16,15.53625774383545,15.619652045408172,15.424815950831189,15.495552796823132,178193628
2011-12-19,15.43375015258789,15.599298733602453,15.3883310563917,15.587137853121925,85654260
2011-12-20,15.645712852478027,15.682198331446443,15.586640313890028,15.586890020076778,95432472
2011-12-21,15.532782554626465,15.681701084346809,15.362516983136983,15.636777616367493,99816084
2011-12-22,15.629084587097168,15.679469437036332,15.562319387775695,15.585649893484444,72819108
2011-12-23,15.71446418762207,15.752687207395095,15.650429681209616,15.686169826841832,58089852
2011-12-27,15.890933990478516,15.996170022100099,15.686170173243223,15.687411137412623,64191744
2011-12-28,15.877284049987793,16.008830040884337,15.83757130318905,15.952984759207313,85002912
2011-12-29,15.944297790527344,15.959189360979554,15.765594215816506,15.921710728637176,62952984
2011-12-30,16.031166076660156,16.052510281167837,15.93486461261048,15.93486461261048,71220708
2012-01-03,16.51540184020996,16.5834089464379,16.191752332829555,16.205898567610433,146912940
2012-01-04,16.586637496948242,16.63553262382068,16.396516475516986,16.50597103662037,114445440
2012-01-05,16.356552124023438,16.47965915518327,16.28755377046498,16.4339913026512,131184684
2012-01-06,16.133426666259766,16.381129568820697,16.12771747387595,16.360031284308878,107608284
2012-01-09,15.44938850402832,16.05846829827681,15.41886002808835,16.046058656303444,232671096
2012-01-10,15.466266632080078,15.730846446025948,15.311637950396742,15.630326452649298,175648176
2012-01-11,15.53625774383545,15.621389584333734,15.416129202060162,15.475199850388577,95904000
2012-01-12,15.627593994140625,15.708258550893614,15.549659180015496,15.66680921567599,74932992
2012-01-13,15.51218318939209,15.56082955405156,15.414640753859581,15.543703869570908,92199708
2012-01-17,15.601285934448242,15.685673388552177,15.52930812187229,15.685673388552177,76295628
2012-01-18,15.708757400512695,15.735810799663215,15.440951260316849,15.552887749690639,110357532
2012-01-19,15.874056816101074,15.909301335083363,15.672768068069837,15.909301335083363,251959788
2012-01-20,14.544206619262695,14.668554631317516,14.437729625872501,14.656888433359988,422628948
2012-01-23,14.532541275024414,14.610475146811025,14.473966254549856,14.544455287391964,136379484
2012-01-24,14.418618202209473,14.5861521402351,14.345895057073644,14.552397348979705,122109768
2012-01-25,14.134678840637207,14.363517544287152,14.057488412650828,14.333733459359472,199308492
2012-01-26,14.100179672241211,14.258530299988909,14.012069321452996,14.19648114351621,128918952
2012-01-27,14.395039558410645,14.403478493052226,14.130706625136199,14.166696477536124,144555300
2012-01-30,14.338203430175781,14.395537493228906,14.231725479138442,14.347138940497526,93126780
2012-01-31,14.39826488494873,14.494815105987994,14.27515784350801,14.469994878607768,85610304
2012-02-01,14.416135787963867,14.53204486610269,14.37419082142822,14.51814550013414,92735172
2012-02-02,14.522364616394043,14.554630629311681,14.44716143417449,14.516407610286246,96491412
2012-02-03,14.8008451461792,14.819212741023172,14.595336929126857,14.660116775446129,126613260
2012-02-06,15.117545127868652,15.160732003713319,14.743262023404226,14.768081305958903,147036816
2012-02-07,15.05996322631836,15.124991827362749,14.985255672611647,15.069395310355167,83600316
2012-02-08,15.136409759521484,15.173639630350442,15.009579816698517,15.106376913339705,73382544
2012-02-09,15.176370620727539,15.251823518263292,15.11531366538321,15.19026998804048,90497412
2012-02-10,15.038619995117188,15.093718995012942,14.991213649095949,15.087514173985422,92914992
2012-02-13,15.194735527038574,15.23543952869381,15.140628734486496,15.152541800918799,72579348
2012-02-14,15.134175300598145,15.189771818155064,15.010076049283553,15.178355326433326,72075852
2012-02-15,15.029932022094727,15.212855061061623,14.955472279426639,15.212855061061623,96938964
2012-02-16,15.053757667541504,15.110595145887276,14.835591077405804,14.961924435067571,101134764
2012-02-17,15.007097244262695,15.08130916824502,14.951500727824293,15.015287418233674,97866036
2012-02-21,15.239412307739258,15.335713779385463,14.963415055686728,14.987987471384931,99132768
2012-02-22,15.08900260925293,15.308410169665647,15.05847413572057,15.188778203735147,78601320
2012-02-23,15.043582916259766,15.089002960041675,14.900620443592949,15.065672456086562,82117800
2012-02-24,15.137649536132812,15.181084224382989,15.028689675015775,15.074358476931744,77346576
2012-02-27,15.123007774353027,15.198707538355183,15.017522977071751,15.055497239253084,72483444
2012-02-28,15.348372459411621,15.382623829108342,15.082550730790523,15.140133552390177,113790096
2012-02-29,15.34489631652832,15.527322776367413,15.276641396375737,15.353583065602367,125350524
2012-03-01,15.447898864746094,15.529804388921153,15.342414076278356,15.4444237868444,89418492
2012-03-02,15.419355392456055,15.487610309665001,15.396273649368975,15.437970799811579,62869068
2012-03-05,15.24561595916748,15.450131941393604,15.17438254210532,15.399001763516146,63668268
2012-03-06,15.015040397644043,15.110596531070565,14.73904315426783,15.091733308049509,126849024
2012-03-07,15.060708045959473,15.169666962476988,15.03737754286196,15.116552375537848,50529420
2012-03-08,15.069148063659668,15.177362598680428,15.049540451400315,15.141124931488902,53766180
2012-03-09,14.898138999938965,15.187291236454906,14.891934178701609,15.089253169190895,106717176
2012-03-12,15.019756317138672,15.06567293720962,14.873566576384205,14.891933224412584,66693240
2012-03-13,15.333230018615723,15.334967557483399,15.029682829703626,15.109106421820579,89742168
2012-03-14,15.288803100585938,15.457330193038448,15.226009558241165,15.264231632202607,117358524
2012-03-15,15.416378021240234,15.475200858922879,15.260012749744108,15.303944017134494,97306596
2012-03-16,15.513422966003418,15.535015930826095,15.389571531124705,15.410421052504804,121897980
2012-03-19,15.735313415527344,15.816971129510454,15.41910873970466,15.46576975006252,86825088
2012-03-20,15.723150253295898,15.786936942450541,15.568770348142221,15.659363564141254,61558380
2012-03-21,15.884234428405762,16.06814873367437,15.698829452679625,15.750950896564312,98685216
2012-03-22,16.034889221191406,16.10314414053493,15.661349556866933,15.847498906959807,96311592
2012-03-23,15.94901180267334,16.095697158040522,15.907066839562772,16.04853863256434,77530392
2012-03-26,16.116300582885742,16.120273182328177,15.873315592132275,16.00883230939781,72695232
2012-03-27,16.058961868286133,16.219793437093678,16.003860044738147,16.059209682721892,80207712
2012-03-28,16.275890350341797,16.346131571567504,16.159733454300156,16.18331177380023,101454444
2012-03-29,16.093463897705078,16.29649016657095,15.9914551343127,16.218307535789787,76895028
2012-03-30,15.915506362915039,16.21955016853377,15.909549356220994,16.176364234644186,92335572
2012-04-02,16.056482315063477,16.070878255025484,15.756657070866611,15.9038399503415,91276632
2012-04-03,15.949756622314453,16.082047941186534,15.850974173156388,16.019004692134157,81714204
2012-04-04,15.764352798461914,15.85990893116387,15.663831863228404,15.846258325308401,65038896
2012-04-05,15.694111824035645,15.796121533379337,15.601037623822032,15.69212647062567,92655252
2012-04-09,15.657378196716309,15.76881904178072,15.51962739963771,15.598803178441408,87220692
2012-04-10,15.55859375,15.74821721137349,15.501259699707122,15.723894506093014,99180720
2012-04-11,15.784455299377441,15.78544844894903,15.668794046127143,15.735063606540578,87872040
2012-04-12,16.157995223999023,16.210861049575666,15.891182276285342,15.943054952272501,230033736
2012-04-13,15.502504348754883,16.10786126240034,15.476194393879307,16.07211922275272,326045628
2012-04-16,15.042590141296387,15.482895007758597,14.933134643224655,15.462791766721823,227456316
2012-04-17,15.129459381103516,15.330996864512562,15.065919561496388,15.104390393520454,120835044
2012-04-18,15.0768404006958,15.209626393544584,14.961675719270247,15.091731969512082,106673220
2012-04-19,14.874557495117188,15.29550347645715,14.867112656609526,15.033156863848953,131652216
2012-04-20,14.794142723083496,15.11158929697405,14.788434477180626,14.997417757918912,122213664
2012-04-23,14.832365989685059,14.853462380527663,14.648698563653515,14.715711574539796,87824088
2012-04-24,14.923453330993652,15.056488081347428,14.825415279986409,14.848249207524912,77086836
2012-04-25,15.133184432983398,15.17364157250707,14.963416351610913,14.991215087509742,72771156
2012-04-26,15.275897026062012,15.33869056898942,15.132686735835566,15.16271863590016,83616300
2012-04-27,15.263734817504883,15.307418268039267,15.155023711846672,15.264727967146774,65390544
2012-04-30,15.012310028076172,15.29103702022674,14.907073993480669,15.214344108190904,96195708
2012-05-01,15.001886367797852,15.179843657692746,14.896649389573748,14.986001647974232,80011908
2012-05-02,15.072128295898438,15.09322468924153,14.90707531281185,14.921719070063364,64395540
2012-05-03,15.165448188781738,15.26001211543468,15.114071138380803,15.130701192877456,74645280
2012-05-04,14.816730499267578,15.087763909435495,14.812759791896092,15.038868781550391,88207704
2012-05-07,15.079322814941406,15.154279127951245,14.76783325697202,14.76783325697202,79700220
2012-05-08,15.209379196166992,15.311388905924952,14.909307073004022,15.029186855237919,106984908
2012-05-09,15.119034767150879,15.298482719122802,14.936857072456045,15.061205082438866,93058848
2012-05-10,15.230974197387695,15.29376774295882,15.145841404372772,15.213599752629667,61374564
2012-05-11,15.02174186706543,15.253063455308338,15.0103244290569,15.14881962626699,83892024
2012-05-14,14.99121379852295,15.102903415702192,14.906329765135276,14.911294567863642,72903024
2012-05-15,15.167683601379395,15.26423288975156,14.98500931347034,15.024721115189699,83999916
2012-05-16,15.609972953796387,15.639011704646023,15.287562516119689,15.337698603789011,193210596
2012-05-17,15.464030265808105,15.83136413356369,15.41885803982179,15.731589489935557,134017848
2012-05-18,14.901861190795898,15.69659371330981,14.81002700906672,15.514911649113294,238701060
2012-05-21,15.242142677307129,15.281357902431685,14.891933502350133,14.904591904613564,122892984
2012-05-22,14.911789894104004,15.234696911407685,14.792654494036382,15.225512641353644,121953924
2012-05-23,15.126729965209961,15.130204097383931,14.820452061792214,14.932886064384066,126996876
2012-05-24,14.982776641845703,15.187787347114204,14.863889047254276,15.119284605110357,75576348
2012-05-25,14.681709289550781,14.934871660361676,14.601044725197195,14.916753772293935,143132724
2012-05-29,14.75145149230957,14.87033906597641,14.602036391731149,14.78793697094899,104123772
2012-05-30,14.599803924560547,14.690892778339409,14.483150451403938,14.598066385497468,76191732
2012-05-31,14.416879653930664,14.643733945382344,14.370714275940447,14.611964507668539,118613268
2012-06-01,14.171658515930176,14.213107848637623,14.106382106863062,14.19176270028271,122193684
2012-06-04,14.360538482666016,14.407697009407649,14.147584506479284,14.15279617727126,97210692
2012-06-05,14.157513618469238,14.3491234097671,14.059723369267926,14.28260602597902,93502404
2012-06-06,14.409684181213379,14.44443212568644,14.236937608579863,14.308170090771284,83748168
2012-06-07,14.351603507995605,14.591364019770488,14.327280800299722,14.584166995354467,70269660
2012-06-08,14.40670394897461,14.42035549979243,14.261010792519158,14.292532415366434,56359584
2012-06-11,14.110107421875,14.527578377558433,14.065183003903737,14.50002840446072,106337556
2012-06-12,14.02571964263916,14.154783701523629,13.86389394004422,14.141628724455025,128839032
2012-06-13,13.926192283630371,14.072877660137133,13.866376294603356,13.941829189553752,78089832
2012-06-14,13.875558853149414,14.024974910218457,13.812764364276555,13.931404131915947,93702204
2012-06-15,14.011075019836426,14.011322834315768,13.826911027413754,13.907576532153119,119927952
2012-06-18,14.168434143066406,14.251829394698142,13.880522888150427,13.9641669001308,99776124
2012-06-19,14.433509826660156,14.501764744582074,14.224774366075907,14.236439617908326,82964952
2012-06-20,14.333733558654785,14.395535842711311,14.23445453601718,14.390819800649698,93774132
2012-06-21,14.028448104858398,14.391564408105396,13.991714811588501,14.391564408105396,80371548
2012-06-22,14.184069633483887,14.184069633483887,14.043590034553834,14.097696827379055,89026884
2012-06-25,13.916511535644531,14.099929240394845,13.833364105705506,14.08106601908967,63200736
2012-06-26,14.015295028686523,14.062949187391768,13.886231918657359,13.967640869981278,53953992
2012-06-27,14.129963874816895,14.246368588941197,14.048554919280408,14.09025207384094,67624308
2012-06-28,14.006112098693848,14.05376625873946,13.829890453980692,14.045576084235968,76759164
2012-06-29,14.397273063659668,14.39876278820258,14.20194038159316,14.270443118288904,100679220
2012-07-02,14.407201766967773,14.469997207728758,14.308667122574409,14.440708748274565,66153780
2012-07-03,14.589875221252441,14.60427116271173,14.34589617265087,14.395784447048284,47532420
2012-07-05,14.790667533874512,14.89342162792309,14.607495752962425,14.612957129845194,93742164
2012-07-06,14.54395580291748,14.73109827661507,14.46552536689613,14.704540512714836,86385528
2012-07-09,14.544702529907227,14.608985793696831,14.426560289811283,14.518392577939661,68535396
2012-07-10,14.437729835510254,14.704047175952295,14.36426229804371,14.648450657409867,76847076
2012-07-11,14.176871299743652,14.342172068782643,14.021747949694147,14.30370123583103,139832028
2012-07-12,14.159247398376465,14.19523724480742,13.951008538970626,14.075853107177405,92299608
2012-07-13,14.309162139892578,14.374438556243097,14.111347537387038,14.200698847241242,78960960
2012-07-16,14.269451141357422,14.375431565810656,14.191517264744713,14.305440049315877,58445496
2012-07-17,14.314374923706055,14.412165169200955,14.10762480946163,14.35656865084346,67136796
2012-07-18,14.414398193359375,14.487120389905423,14.29948227286558,14.320578661911076,61866072
2012-07-19,14.719684600830078,14.85420910170656,14.544457038985287,14.547931171463539,186801012
2012-07-20,15.16048526763916,15.213103285426113,14.846761568634806,15.109356028568667,258289452
2012-07-23,15.276890754699707,15.347378845573475,14.8484989402263,14.90384764617829,142325532
2012-07-24,15.079819679260254,15.336953690034992,14.999651693800338,15.26423148936619,80295624
2012-07-25,15.090243339538574,15.224022483301553,15.025214740849062,15.09843351329681,72847080
2012-07-26,15.223527908325195,15.310646057429912,15.140877987181726,15.264232859703746,67340592
2012-07-27,15.759635925292969,15.76062907491828,15.326281234358024,15.36078041477094,141846012
2012-07-30,15.693615913391113,15.949261152554609,15.624120028389694,15.786690117543735,87380532
2012-07-31,15.710245132446289,15.797858905711587,15.592350698293846,15.593343847976218,74549376
2012-08-01,15.703047752380371,15.872567049043118,15.670780792858698,15.817714920398547,73710216
2012-08-02,15.605504035949707,15.835833408337487,15.472966797940947,15.525088236812751,79028892
2012-08-03,15.91773796081543,15.977058312160258,15.788922677166905,15.884727560567734,75808116
2012-08-06,15.954721450805664,16.11753934343786,15.865368253480389,15.875048151662067,71224704
2012-08-07,15.898131370544434,15.990462128060539,15.79711481002195,15.92915547362721,79192728
2012-08-08,15.940075874328613,16.030420329943894,15.847498250870169,15.86114885583101,52835112
2012-08-09,15.94305419921875,16.04282883983588,15.922453440135637,15.996665357383614,42769188
2012-08-10,15.934370040893555,15.940325155690005,15.78867687103309,15.849733823120193,57326616
2012-08-13,16.381372451782227,16.384845637355816,16.05052315019876,16.068889794389378,130585284
2012-08-14,16.596065521240234,16.700060582693286,16.356305960744674,16.362510781233745,146321532
2012-08-15,16.568267822265625,16.734808600633393,16.482887226710904,16.63627302963915,96331572
2012-08-16,16.7005558013916,16.744487059426948,16.556848016903324,16.567521063358797,68639292
2012-08-17,16.806537628173828,16.809269262568943,16.6715184638269,16.73158226138875,87020892
2012-08-20,16.76682472229004,16.84947556974987,16.695342550379014,16.76583157278748,70253676
2012-08-21,16.617164611816406,16.827884487656338,16.434986911616097,16.706515922923654,88799112
2012-08-22,16.807531356811523,16.89241633104992,16.5474188402588,16.564296709311993,76291632
2012-08-23,16.798099517822266,16.88943711831757,16.654143907721576,16.735305981570562,71296632
2012-08-24,16.84351921081543,16.888691435352076,16.730589595330514,16.768314144168816,57006936
2012-08-27,16.609966278076172,16.678964640450943,16.36226340568173,16.455337607228067,104443452
2012-08-28,16.80927085876465,16.8184532373055,16.498774422464166,16.505227058064257,82261656
2012-08-29,17.076332092285156,17.10065764001402,16.781970075028962,16.812248846080223,119492388
2012-08-30,16.919219970703125,17.060941464839345,16.88199105063691,16.98275884098687,65010924
2012-08-31,17.00385856628418,17.090480140695117,16.878519285748137,16.97680516738375,84998916
2012-09-04,16.903335571289062,17.001621435484562,16.716194034464287,16.990452759254477,75508416
2012-09-05,16.895395278930664,17.038855285977032,16.856180052045396,16.87752615046186,68259672
2012-09-06,17.35902976989746,17.371191596556972,16.994922196979484,17.025450670868302,121618260
2012-09-07,17.52656364440918,17.677965049183864,17.31609159134134,17.37392127552509,129190680
2012-09-10,17.393035888671875,17.69186614490071,17.33396333972995,17.616167322776906,102297600
2012-09-11,17.180078506469727,17.390056836001623,17.150543180394884,17.323290692500343,74877048
2012-09-12,17.147563934326172,17.24758828662314,16.899365445542823,17.11107845569257,105586308
2012-09-13,17.523834228515625,17.59730081853341,17.139125888857404,17.20241695133101,106253640
2012-09-14,17.614179611206055,17.696580768957038,17.547910988024285,17.612193311804358,104635260
2012-09-17,17.621625900268555,17.693603717503066,17.4980232142509,17.575212702921746,60271668
2012-09-18,17.8276309967041,17.837061189508244,17.542201666501473,17.567020950270848,82589328
2012-09-19,18.056468963623047,18.082777024986175,17.781217064537625,17.808270461068446,123808068
2012-09-20,18.071855545043945,18.152767908918698,17.900598734476727,17.981263283901193,116179704
2012-09-21,18.21755027770996,18.24063296735417,18.121496626720425,18.173371197727104,254109636
2012-09-24,18.59952735900879,18.61590770594582,18.124722411737846,18.143336872282987,142409448
2012-09-25,18.594070434570312,18.98448802914196,18.556841504565565,18.690619729772667,242097660
2012-09-26,18.70079231262207,18.89389276431739,18.39153875264041,18.611193188489334,226689084
2012-09-27,18.776241302490234,18.933599684272576,18.65586591439464,18.861871593652605,157086756
2012-09-28,18.72660255432129,18.845738881057144,18.643457966803517,18.717917698085074,111228660
2012-10-01,18.90729522705078,18.987214451176893,18.769046906025373,18.839535937894787,126593280
2012-10-02,18.788408279418945,19.01178751425998,18.621619661434444,18.992179901232472,111496392
2012-10-03,18.92516326904297,18.960407782957816,18.66951900056899,18.756885896100272,88243668
2012-10-04,19.062915802001953,19.10858555309527,18.848223327421067,18.931369817761745,98069832
2012-10-05,19.052989959716797,19.22002829198177,18.98746477565118,19.128938487052856,109326564
2012-10-08,18.80950355529785,18.951968495094267,18.71791814040868,18.88793399486709,78265656
2012-10-09,18.468231201171875,18.89587766963623,18.42951349738992,18.85492585200435,120007872
2012-10-10,18.479896545410156,18.553610948769258,18.324274727145053,18.412882591577524,81514404
2012-10-11,18.651649475097656,18.8258857594499,18.622114150114307,18.686893991831457,95260644
2012-10-12,18.484609603881836,18.73578753575008,18.468477071361598,18.660832172704882,96071832
2012-10-15,18.39103889465332,18.46177573324166,18.135890268485873,18.41486502473168,120643236
2012-10-16,18.48337173461914,18.54021016722494,18.27885666481132,18.369946467341926,82245672
2012-10-17,18.75118064880371,18.77227704201123,18.373172705842315,18.46475814170572,91624284
2012-10-18,17.249818801879883,18.84871761018387,16.77824304404864,18.752416159619592,497198304
2012-10-19,16.92194938659668,17.540212395929426,16.67896258617085,17.51241555950179,458828712
2012-10-22,16.844514846801758,16.992441182222233,16.62187906262032,16.90259234879984,162061776
2012-10-23,16.88620948791504,17.059452601877233,16.678962825432748,16.67921063988928,116547336
2012-10-24,16.810510635375977,17.05126335214558,16.760126734926985,17.046299495617152,99760140
2012-10-25,16.821924209594727,16.927160219802484,16.71644038494625,16.8775216631271,95947956
2012-10-26,16.75714874267578,16.95272924701028,16.659110676003294,16.79065477715534,77953968
2012-10-31,16.884971618652344,16.902345117781458,16.753425627532955,16.87405075514272,61418520
2012-11-01,17.06590461730957,17.148057944239667,16.845752693938838,16.865112488260536,81921996
2012-11-02,17.074098587036133,17.263474257699375,17.060446089581617,17.2446100891229,92883024
2012-11-05,16.950990676879883,17.047787768023596,16.767324207354527,16.989212749356554,65370564
2012-11-06,16.920217514038086,17.038856351855653,16.81671806263611,17.013539544608385,63248688
2012-11-07,16.557844161987305,16.833593584912148,16.542207256995802,16.753424652340772,89202708
2012-11-08,16.189767837524414,16.6663094797742,16.163457880950997,16.63429222243992,103776120
2012-11-09,16.456331253051758,16.588125052833124,16.14037345220657,16.2483411182951,124439436
2012-11-12,16.527563095092773,16.624362079938166,16.40271945614668,16.474199746187093,56179764
2012-11-13,16.35755157470703,16.569762170897693,16.337198622689137,16.455591549730674,63704232
2012-11-14,16.196218490600586,16.435234617728767,16.14533706873443,16.397508172538718,66669264
2012-11-15,16.064922332763672,16.381127945744677,15.98152613617571,16.132927547034754,73882044
2012-11-16,16.062936782836914,16.20788556517301,15.785450752050199,16.033401456125436,137390472
2012-11-19,16.58489990234375,16.602523109152983,16.270184917283828,16.274403439308795,94633272
2012-11-20,16.62858009338379,16.82788346520101,16.49455218900957,16.617163602164332,83464452
2012-11-21,16.526819229125977,16.62436355780069,16.391056607219255,16.60425842388643,84403512
2012-11-23,16.57893943786621,16.62932522741931,16.532526246701003,16.6285798922932,36863100
2012-11-26,16.40966796875,16.55486453976544,16.35680214581442,16.540964229634092,88095816
2012-11-27,16.64694595336914,16.75342293670098,16.331485709908353,16.385344683586368,100247652
2012-11-28,16.968612670898438,16.999390851754526,16.47767703982336,16.57993362041192,121558320
2012-11-29,17.17263412475586,17.22252050544972,16.927163469672028,17.07062346611886,110948940
2012-11-30,17.333467483520508,17.35456387629491,17.018750618356748,17.158239921979966,126417456
2012-12-03,17.25602912902832,17.520112365433306,17.227732875087447,17.429520086721283,87612300
2012-12-04,17.151287078857422,17.26248010940417,17.01899765884067,17.24982076235133,79588332
2012-12-05,17.071619033813477,17.237416408536387,16.935356988508996,17.17908919326972,74421504
2012-12-06,17.15376853942871,17.264961566944404,16.989461872117207,17.065906014445403,58433508
2012-12-07,16.98201560974121,17.29648462874069,16.937588714615618,17.24982172807801,76695228
2012-12-10,17.01205062866211,17.166679322356693,16.97159443532528,17.011305293387878,54613332
2012-12-11,17.296483993530273,17.421575445912033,17.069134071712156,17.125722791830537,107396496
2012-12-12,17.3133602142334,17.4610387288746,17.21209678471551,17.354809551131705,96942960
2012-12-13,17.440935134887695,17.782705350653476,17.362752504704076,17.769054745523782,137658204
2012-12-14,17.422569274902344,17.568013679393673,17.334954556894722,17.35332120478711,85118796
2012-12-17,17.889678955078125,17.917973313528954,17.473696836988797,17.51043012925317,121294584
2012-12-18,17.89687728881836,18.096182570560913,17.747462172849286,17.785933954646396,120075804
2012-12-19,17.873048782348633,17.944778773427142,17.78791600138692,17.887940350726975,76667256
2012-12-20,17.92889404296875,17.985730573915788,17.795113958693708,17.951231395520676,66213720
2012-12-21,17.761857986450195,17.841031879943465,17.63502804142221,17.720656462060465,140898960
2012-12-24,17.609712600708008,17.750688791703386,17.559328694115802,17.734060626991155,33602364
2012-12-26,17.594072341918945,17.693601063570952,17.433736381964955,17.574216917167277,47248704
2012-12-27,17.530038833618164,17.593329895313506,17.339422205089924,17.55113522361208,65830104
2012-12-28,17.374174118041992,17.54542908776793,17.374174118041992,17.415871276330485,56023920
2012-12-31,17.557090759277344,17.63626653338558,17.274640918011833,17.37391993079375,79816104
2013-01-02,17.95098114013672,18.044057223015688,17.784690073402118,17.85592254161088,101550348
2013-01-03,17.961406707763672,18.1664192599789,17.888187939115376,17.992680514333717,92635272
2013-01-04,18.31633186340332,18.40320123617156,18.060935415619195,18.102136934290222,110429460
2013-01-07,18.236412048339844,18.35132797268966,18.132914507109778,18.253787437497383,66161772
2013-01-08,18.20042610168457,18.27488584781924,17.980274126990977,18.256021677994923,66976956
2013-01-09,18.32005500793457,18.32576230745448,18.08376864604064,18.174858432743573,80907012
2013-01-10,18.40345001220703,18.49081691017426,18.20538760494112,18.436956042364564,73354572
2013-01-11,18.36646842956543,18.4270278534424,18.27488301277913,18.416356697659126,51356592
2013-01-14,17.95098114013672,18.42131973536214,17.9286437882682,18.292255696695,114441444
2013-01-15,17.992679595947266,18.24261465443615,17.674239922196175,17.853687849840195,156950892
2013-01-16,17.750934600830078,17.97803668997787,17.713208159868532,17.92988501629612,80855064
2013-01-17,17.65488052368164,17.861381848462752,17.64743473979968,17.8134798821368,88371540
2013-01-18,17.485858917236328,17.690871476395753,17.406930954756316,17.63105549543518,128942928
2013-01-22,17.445152282714844,17.506458931303296,17.26272679055307,17.489581064149935,151544304
2013-01-23,18.403945922851562,18.59009621282776,18.262224417672382,18.267188274067998,236127636
2013-01-24,18.719411849975586,18.784439516892796,18.37937815977336,18.397496995954683,135172692
2013-01-25,18.706005096435547,18.82538924662204,18.621120126190913,18.634027287716567,88946964
2013-01-28,18.633033752441406,18.75390667868695,18.56254472374225,18.658598368775486,65018916
2013-01-29,18.706254959106445,18.78741704597882,18.52904110640932,18.53425277779971,69814116
2013-01-30,18.709976196289062,18.886694404346553,18.6871432133068,18.70774208254407,69250680
2013-01-31,18.756141662597656,18.804043634245396,18.62112060476821,18.627575131553694,65302632
2013-02-01,19.250307083129883,19.275128260478198,18.8159601259574,18.818442054520848,149694156
2013-02-04,18.83879280090332,19.122981183579586,18.820178336984913,19.05398092225602,121498380
2013-02-05,19.005582809448242,19.138865394293305,18.849962868496522,18.891162502528267,74753172
2013-02-06,19.11553382873535,19.18478189888353,18.82588598377366,18.840034110218454,83040876
2013-02-07,19.2093563079834,19.329981447821154,18.99962765780866,19.10387244657835,113494392
2013-02-08,19.492795944213867,19.525061011616224,19.348592507123442,19.362740633243412,120683196
2013-02-11,19.419578552246094,19.43397449387509,19.204390438169415,19.319802002275015,86625288
2013-02-12,19.37688636779785,19.555588981459035,19.34387596608308,19.40294661387365,74285640
2013-02-13,19.430500030517578,19.492300428935255,19.35877002631783,19.362742625316184,47880072
2013-02-14,19.553600311279297,19.57643328903512,19.304160906647574,19.352806310375076,69342588
2013-02-15,19.679443359375,19.68862573795381,19.534990205139998,19.54318132570989,109082808
2013-02-19,20.02592658996582,20.029649482423125,19.738760674923213,19.75638387925871,117154728
2013-02-20,19.66876983642578,20.07854529384251,19.65214167289819,19.987457386900857,110457432
2013-02-21,19.744964599609375,19.99117868644781,19.637991981153238,19.806271252699254,140115744
2013-02-22,19.848712921142578,19.886934995715208,19.702027551954927,19.837544243672802,82073844
2013-02-25,19.62682342529297,20.064645398012864,19.61987326962644,19.912996179447994,92063844
2013-02-26,19.61094093322754,19.755392198050156,19.468721890674313,19.73181387740127,88011900
2013-02-27,19.850452423095703,19.97380729399087,19.6352643076967,19.726849737697908,80962956
2013-02-28,19.885692596435547,20.029398492561395,19.881472183958167,19.88321066852415,90541368
2013-03-01,20.009546279907227,20.033126490562406,19.760354624136237,19.801308332958858,86928984
2013-03-04,20.389535903930664,20.422796008963775,19.980008328109182,19.987454112059265,110912976
2013-03-05,20.813962936401367,20.852432831227617,20.57320828579422,20.573953621089338,161602236
2013-03-06,20.634761810302734,20.947988007713793,20.57097511067776,20.87427359375471,114805080
2013-03-07,20.6650390625,20.764813710114524,20.59008180490984,20.701274835494637,82025892
2013-03-08,20.638235092163086,20.72262254837119,20.47764940833135,20.712197314199546,116359524
2013-03-11,20.72014045715332,20.841261208933698,20.637737409258634,20.642453451462522,63724212
2013-03-12,20.541187286376953,20.647416463724937,20.44339704340969,20.618130845444746,80251668
2013-03-13,20.484100341796875,20.617632616985613,20.40964060524528,20.548384551229976,65586348
2013-03-14,20.390533447265625,20.525800443219815,20.287531522047676,20.525800443219815,65981952
2013-03-15,20.210838317871094,20.359757817230683,20.1870102899509,20.315081210737258,123864012
2013-03-18,20.04926109313965,20.17261407788351,19.892398289331076,19.980013016099857,73458468
2013-03-19,20.136873245239258,20.33369660565137,20.01600030144674,20.13488694576852,83844072
2013-03-20,20.221010208129883,20.290506088106568,20.139850022523007,20.273628219985817,58493448
2013-03-21,20.135385513305664,20.275866077748418,20.100390698239526,20.136130848574386,59044896
2013-03-22,20.111804962158203,20.234166677494795,20.095174907282516,20.221757035817568,59468472
2013-03-25,20.095172882080078,20.333195838944942,20.025181375046103,20.163925316784876,68411520
2013-03-26,20.164175033569336,20.20339025770233,20.04925910397903,20.190980616105012,47628324
2013-03-27,19.921934127807617,20.02965019843229,19.888921831773633,20.021708784258276,86441472
2013-03-28,19.711708068847656,19.989194096290667,19.6896185277054,19.954942727623912,91420488
2013-04-01,19.885446548461914,19.911754608317054,19.688375401308022,19.732058849799785,72219708
2013-04-02,20.179563522338867,20.223992312153545,19.95519113443376,19.968595818272085,81578340
2013-04-03,20.009796142578125,20.208356102814236,19.872542844607114,20.18998945310022,69470460
2013-04-04,19.733551025390625,19.99862742733239,19.639979291969414,19.961396607231652,97806096
2013-04-05,19.43521499633789,19.53300524454927,19.270161083955582,19.509922553933816,137218644
2013-04-08,19.231691360473633,19.34834577875003,19.07160319517901,19.328488459827977,113170716
2013-04-09,19.301185607910156,19.4525870109406,19.188503798017965,19.2478222601069,86205708
2013-04-10,19.6121826171875,19.666041602411294,19.260234929226723,19.431989305448983,79064856
2013-04-11,19.617389678955078,19.6846514410501,19.46027909661973,19.67919195614161,81066852
2013-04-12,19.60895347595215,19.659834898693486,19.432235259488323,19.657105155859128,65402532
2013-04-15,19.407413482666016,19.78144873775611,19.285547411606203,19.507190015970043,98025876
2013-04-16,19.69135284423828,19.756630202127052,19.456806853708905,19.523075469473866,69610320
2013-04-17,19.423053741455078,19.628561957453726,19.31235632737878,19.527048813680764,81398520
2013-04-18,19.009801864624023,19.503469127934483,18.894388416224935,19.49229855896552,132767100
2013-04-19,19.852684020996094,19.94128999059493,19.018487542892863,19.090463458930707,231895872
2013-04-22,19.858642578125,19.954198710663444,19.23541372660053,19.87080251358631,115220664
2013-04-23,20.05198860168457,20.240618935085454,19.864847046914434,19.88073176630757,91600308
2013-04-24,20.189739227294922,20.30266885516895,20.05447035330192,20.057200096053187,73090836
2013-04-25,20.081771850585938,20.264694884946817,20.045286369508776,20.259235399366442,79608312
2013-04-26,19.89115333557129,20.04801610791862,19.771025747027974,20.044541030280843,99408492
2013-04-29,20.328981399536133,20.419323978323277,19.93037269706371,19.936577518522803,91939968
2013-04-30,20.465736389160156,20.5419327217266,20.294725478660727,20.327488066702095,92175732
2013-05-01,20.362977981567383,20.469456852997293,20.26196048668655,20.43321919135053,58141800
2013-05-02,20.59082794189453,20.71343936022433,20.328729128024094,20.354791266577354,80651268
2013-05-03,20.990676879882812,21.01748246343857,20.749428519594744,20.773254654025564,100403496
2013-05-06,21.383573532104492,21.391019316360488,21.053717344367158,21.053717344367158,85566348
2013-05-07,21.27635383605957,21.44115804302039,21.113535928497374,21.419813837196873,78281640
2013-05-08,21.683399200439453,21.68960402077643,21.169129313888156,21.2706424446573,98633268
2013-05-09,21.630037307739258,21.833063582924417,21.54937085450936,21.61415258826617,87935976
2013-05-10,21.847211837768555,21.854905437206096,21.646915304194383,21.725097937868856,75832092
2013-05-13,21.780197143554688,21.90280666827788,21.677193338494394,21.81395098916884,57882060
2013-05-14,22.017723083496094,22.057186121607224,21.770517729280755,21.779452292772383,63108828
2013-05-15,22.732288360595703,22.74445018793119,22.189478141670175,22.226211438170488,159276564
2013-05-16,22.43395233154297,22.833801937748476,22.38778695350816,22.80947639291363,128255616
2013-05-17,22.565746307373047,22.672718927364567,22.35080602604255,22.586594882829765,111568320
2013-05-20,22.54961395263672,22.849189502282673,22.461999237099832,22.461999237099832,90817092
2013-05-21,22.510894775390625,22.627299482411367,22.278580990322382,22.536955022472203,79240680
2013-05-22,22.07530403137207,22.56897316740801,22.012262677168437,22.401439231594583,102321576
2013-05-23,21.910749435424805,22.08870671203837,21.69258189569684,21.76704163254507,90912996
2013-05-24,21.67570686340332,21.812216714104352,21.618372801777436,21.723856654566166,91780128
2013-05-28,21.873023986816406,22.142816401457974,21.851430075717293,21.928371744235406,90209700
2013-05-29,21.551359176635742,21.791616290609237,21.451584514517684,21.735027563335485,80455464
2013-05-30,21.612163543701172,21.814196643560138,21.50419778458123,21.59131497027309,84743172
2013-05-31,21.62358283996582,21.767042836304764,21.531749600840943,21.54664306240506,78697224
2013-06-03,21.53447723388672,21.691835634993506,21.221498916346903,21.667761689445918,98928972
2013-06-04,21.32276725769043,21.607948778081212,21.19792360988117,21.539941669379903,74669256
2013-06-05,21.337656021118164,21.57964968514907,21.273869334146642,21.407399713851227,84187728
2013-06-06,21.460269927978516,21.502214895943467,21.0279074105836,21.451830993143734,103060836
2013-06-07,21.83479881286621,21.841501153890327,21.47714577841999,21.60372600561357,106877016
2013-06-10,22.095163345336914,22.1145212518895,21.84373756580034,21.893625840168053,93418488
2013-06-11,21.83678436279297,22.015239152184893,21.829586393071907,21.940034083522402,70233696
2013-06-12,21.64244842529297,21.990423498795074,21.58461873523573,21.977020706709514,88103808
2013-06-13,21.76704216003418,21.833062964357673,21.48161284658013,21.567986597428455,82713204
2013-06-14,21.718395233154297,21.958156693002774,21.69581006419719,21.843984208939,89710200
2013-06-17,21.996627807617188,22.07555388783861,21.798813194639045,21.822391514563304,85766148
2013-06-18,22.353290557861328,22.362722642911223,22.0487511186632,22.056195012500208,86589324
2013-06-19,22.354778289794922,22.60694940381968,22.275852209966704,22.371903974102597,116519364
2013-06-20,21.95914649963379,22.36271898236756,21.92365417096576,22.188730525011565,134745120
2013-06-21,21.864585876464844,22.086724141398342,21.66950100918958,22.04850017432734,159132708
2013-06-24,21.588090896606445,21.750163452256725,21.4257686347718,21.639963572982126,120555324
2013-06-25,21.498985290527344,21.833555602096496,21.457038439108803,21.77349181209965,102025872
2013-06-26,21.683897018432617,21.79186279490897,21.607450975764703,21.686378946817964,73182744
2013-06-27,21.768779754638672,21.957905704871717,21.758354521465368,21.81171786796977,76982940
2013-06-28,21.850685119628906,21.887170601065094,21.697299300616606,21.7149206133961,93878028
2013-07-01,22.037084579467773,22.141327467284054,21.96560239088391,22.001592245537836,68923008
2013-07-02,21.898836135864258,22.114519862723487,21.773744681912643,22.094664436708364,75584340
2013-07-03,22.001096725463867,22.069101944457834,21.80427336430703,21.839022254893695,41838120
2013-07-05,22.17632293701172,22.223977096175428,22.023680560650334,22.08995107408065,68007924
2013-07-08,22.464235305786133,22.49352092662738,22.26542753905983,22.31829337201826,78701220
2013-07-09,22.467958450317383,22.659320433798047,22.287765145047732,22.61092093650319,79096824
2013-07-10,22.486572265625,22.614393470957033,22.347332676191026,22.42352901370629,68267664
2013-07-11,22.840255737304688,22.85440197212465,22.54936692635721,22.66055996413234,103264632
2013-07-12,22.908756256103516,22.908756256103516,22.716153339200496,22.834296521565832,102625272
2013-07-15,22.950700759887695,23.032854091530247,22.743951613671477,22.94102086217159,78341580
2013-07-16,22.82461929321289,23.032111911235507,22.682897777377544,23.011263334463592,79240680
2013-07-17,22.798309326171875,23.00456287160023,22.742464045839945,22.85911846326987,60183756
2013-07-18,22.602975845336914,22.8342983726315,22.417075254246104,22.809229383477675,145234620
2013-07-19,22.253509521484375,22.411115733985834,21.73254110210901,22.00555885911081,294077628
2013-07-22,22.60347557067871,22.65237069789409,22.26344190248368,22.3875421127821,116011872
2013-07-23,22.43221664428711,22.66055972376024,22.327228428461357,22.603473480963544,81746172
2013-07-24,22.40987777709961,22.59354425842448,22.35527346168667,22.518093258242768,83056860
2013-07-25,22.032615661621094,22.259717785445996,21.992407286498032,22.185755562413235,119923956
2013-07-26,21.974288940429688,22.089452680931682,21.8911405608833,22.01499294194717,71036892
2013-07-29,21.897846221923828,22.209335830417334,21.86359485030119,21.963123592993213,75600324
2013-07-30,22.11253547668457,22.22894018186793,21.863096011985824,21.977018788914876,70153776
2013-07-31,22.033857345581055,22.251279577401974,21.994891825099323,22.163914559807655,86853060
2013-08-01,22.44264030456543,22.450831424783242,22.213799701159257,22.213799701159257,85450464
2013-08-02,22.500967025756836,22.511640074086976,22.35825236568551,22.42328002189759,68487444
2013-08-05,22.461999893188477,22.474907055480802,22.318044267199703,22.471679791979305,52335612
2013-08-06,22.252769470214844,22.578902806549138,22.231920893351948,22.454306974365323,60183756
2013-08-07,22.1058349609375,22.29942914762144,22.06711347520167,22.214791989318304,55112832
2013-08-08,22.15572166442871,22.234649632233054,21.972798631502588,22.22596288324191,59460480
2013-08-09,22.09988021850586,22.226708278283443,22.089702798280285,22.103601219543723,52895052
2013-08-12,21.97826385498047,22.015244971214386,21.88245800139886,22.01276304249686,55024920
2013-08-13,21.872526168823242,22.05247164210931,21.74718690047053,22.01102230530148,56735208
2013-08-14,21.58858871459961,21.84721246271656,21.522815720624756,21.80104708134343,83204712
2013-08-15,21.336668014526367,21.467220857100518,21.295466488563648,21.45530684376199,74693232
2013-08-16,21.268409729003906,21.405663000070682,21.259225460090267,21.376873012718118,66936996
2013-08-19,21.48533821105957,21.642944455308793,21.281816289248145,21.28826892504926,72363564
2013-08-20,21.479631423950195,21.64567660746872,21.432968518318166,21.552352687918514,49270680
2013-08-21,21.576675415039062,21.764810133122957,21.506434190959375,21.60943800586172,70221708
2013-08-22,21.685382843017578,21.71119527305163,21.5995066192121,21.66031385636963,34761204
2013-08-23,21.598514556884766,21.791860923267574,21.587098065635434,21.787642402060282,43040916
2013-08-26,21.503704071044922,21.714921476876103,21.49526513605457,21.593305092299815,42057900
2013-08-27,21.100627899169922,21.43768208442205,21.0447845126565,21.335673318353287,69294636
2013-08-28,21.0609188079834,21.23118250796678,21.041559009020787,21.10311348414727,53142804
2013-08-29,21.231678009033203,21.354535349664843,21.06190995421289,21.07382207483738,59080860
2013-08-30,21.01996421813965,21.296457094648535,20.986705999325316,21.23986837059348,74389536
2013-09-03,21.354536056518555,21.49873949833869,21.194943523942847,21.205120943520598,81822096
2013-09-04,21.633758544921875,21.680171735639107,21.22522409750825,21.353788730380654,81566352
2013-09-05,21.83057975769043,21.838521170880096,21.633260799716513,21.68017151059725,51600348
2013-09-06,21.831077575683594,21.93532044842704,21.68612692000636,21.90206034156604,62401536
2013-09-09,22.04129981994629,22.08349448951535,21.901564619002208,21.93407749888938,49334616
2013-09-10,22.056690216064453,22.139341075394963,21.940781139758144,22.09019813923676,51452496
2013-09-11,22.243337631225586,22.262697429607833,21.99240747918242,22.05346632346459,64359576
2013-09-12,22.1656494140625,22.28577890493643,22.08995060130072,22.27336737178644,43776180
2013-09-13,22.06661605834961,22.230674907260514,21.96162785361388,22.201389291348267,52962984
2013-09-16,22.03410530090332,22.26344154758896,21.962377188972646,22.243586119606146,53406540
2013-09-17,21.993154525756836,22.04974325488235,21.86632456840509,22.025419597762077,50325624
2013-09-18,22.42030143737793,22.43643397052027,21.91769773979485,21.999107632358236,77310612
2013-09-19,22.297935485839844,22.486567682436966,22.223725462871297,22.486567682436966,63852084
2013-09-20,22.415090560913086,22.440407366367605,22.229189956502935,22.297940510237794,173638188
2013-09-23,22.002832412719727,22.377363351775553,21.970565451952623,22.24234417737259,71024904
2013-09-24,22.011272430419922,22.0921848132437,21.87625135766094,22.002833495140372,59412528
2013-09-25,21.772750854492188,22.004071478822855,21.732294668560314,22.004071478822855,65894040
2013-09-26,21.796079635620117,21.909754585435916,21.717399491959025,21.79930500696418,50345604
2013-09-27,21.751901626586914,21.77994817080381,21.625817030701285,21.712932328673244,50301648
2013-09-30,21.739990234375,21.86235195285325,21.551358000896986,21.57046998459882,68827104
2013-10-01,22.015239715576172,22.03186976904192,21.842741927460168,21.84770578371021,67324608
2013-10-02,22.039813995361328,22.073817550042197,21.78739506266107,21.909261154238052,59752188
2013-10-03,21.74445343017578,22.191459642249995,21.64542223129435,22.04005824833832,84595320
2013-10-04,21.651630401611328,21.779699410510982,21.59330319701158,21.717401499121273,54265680
2013-10-07,21.48756980895996,21.692334562766508,21.44711362218662,21.53001229499974,51692256
2013-10-08,21.187992095947266,21.493524617877554,21.137358495251423,21.477144271601485,77670252
2013-10-09,21.24234962463379,21.41087671896596,20.922670825885383,21.25277485858335,105945948
2013-10-10,21.54962158203125,21.56426533804755,21.35031818985275,21.440414839870645,90121788
2013-10-11,21.6426944732666,21.679675582807125,21.476649310346794,21.494768143390896,56299644
2013-10-14,21.744953155517578,21.74842823346963,21.478883632405864,21.510405256747212,49694256
2013-10-15,21.891393661499023,21.981240612832178,21.69258588166101,21.73626933887093,63612324
2013-10-16,22.28900718688965,22.296452972723635,21.94103209369743,21.98719747923926,80223696
2013-10-17,22.059669494628906,22.260957279736626,21.983719085491273,22.16391237229782,170093736
2013-10-18,25.103084564208984,25.203606447823876,24.174572827662992,24.238607337060486,462193344
2013-10-21,24.901796340942383,25.291468551612304,24.808720244114973,25.1043250999855,144986868
2013-10-22,24.99362564086914,25.142545113526264,24.715396198026422,24.943987077792453,88255656
2013-10-23,25.59947967529297,25.682378341558426,24.83552255377163,24.844706822511505,106421472
2013-10-24,25.454036712646484,25.82683294495696,25.43542224999433,25.6108995030509,83600316
2013-10-25,25.19715118408203,25.535198524121565,25.086455667320585,25.535198524121565,81138780
2013-10-28,25.192188262939453,25.401419368800074,25.142299988340376,25.197152119778067,46301652
2013-10-29,25.719362258911133,25.73673575702175,25.154958142807956,25.293948019406546,64135800
2013-10-30,25.574909210205078,25.750883980933015,25.465206843834206,25.74889768159882,52911036
2013-10-31,25.578882217407227,25.85041123244233,25.414821456636865,25.537928507909296,65534400
2013-11-01,25.491018295288086,25.713404360183624,25.442866617853536,25.608913668945515,51280668
2013-11-04,25.467937469482422,25.6233095922166,25.366672142487385,25.60171568013485,45506448
2013-11-05,25.354013442993164,25.605437317391424,25.252250600279556,25.32497374714425,47208744
2013-11-06,25.384538650512695,25.4900243799244,25.201369705321575,25.455277385952982,36479484
2013-11-07,25.0172061920166,25.413828531674028,25.009510701263697,25.381065944567446,67116816
2013-11-08,25.217750549316406,25.27905531062993,25.03085681652008,25.037061636994313,51580368
2013-11-11,25.082731246948242,25.21527038331018,25.018448924000108,25.055927555654517,44459496
2013-11-12,25.112266540527344,25.255724637324988,24.943987270286282,25.01100122267049,48675276
2013-11-13,25.625789642333984,25.63522172623657,24.981218507864863,24.987423328402464,63112824
2013-11-14,25.694293975830078,25.806480164883595,25.57317322298829,25.661781092529413,46621332
2013-11-15,25.652841567993164,25.763043336194883,25.572177013913866,25.68535633911755,51000948
2013-11-18,25.60295867919922,26.029612009932922,25.54562461953798,25.707201564167963,70317612
2013-11-19,25.44535255432129,25.68238239374634,25.391989201538415,25.607177314165952,45218736
2013-11-20,25.373619079589844,25.647879719960915,25.32522147838103,25.56324445268128,38509452
2013-11-21,25.665502548217773,25.770738575259006,25.46520602153877,25.490025303846533,43628328
2013-11-22,25.611392974853516,25.71762214784023,25.545124358365268,25.64936723215091,50117832
2013-11-25,25.959863662719727,26.140056943030057,25.689080005023662,25.742193645724033,64455480
2013-11-26,26.269617080688477,26.34631093185182,25.885654087632513,26.02613462833699,91360548
2013-11-27,26.386272430419922,26.50764099335405,26.309082947550067,26.359466848313613,44899056
2013-11-29,26.298904418945312,26.473388509761836,26.295429341157572,26.36269299978504,47664288
2013-12-02,26.17207908630371,26.46669082265305,26.079750206929365,26.39620367174503,54873072
2013-12-03,26.141796112060547,26.394462835921498,26.0365600857933,26.084462056980417,66976956
2013-12-04,26.263912200927734,26.407865940993414,26.0608840243564,26.09488757873674,47616336
2013-12-05,26.243061065673828,26.300642934429742,26.087936771126618,26.239584096168475,45302652
2013-12-06,26.554052352905273,26.55727961613141,26.311065537623247,26.552067945446762,57094848
2013-12-09,26.759313583374023,26.862813015546617,26.508135640600727,26.581851934519825,59244696
2013-12-10,26.921140670776367,27.111011963751093,26.697511748797616,26.709923281658103,74081844
2013-12-11,26.738218307495117,27.086441170286303,26.685600292694126,26.98914655453061,68403528
2013-12-12,26.55628776550293,26.878450373252765,26.5324616328409,26.794806365171436,63796140
2013-12-13,26.32868766784668,26.713395995161743,26.256711750468153,26.691308347681936,86409504
2013-12-16,26.63124656677246,26.673689058342873,26.358972194703934,26.408364842898955,64015920
2013-12-17,26.553802490234375,26.82433830830788,26.51706920038009,26.627269069942948,61366572
2013-12-18,26.923376083374023,26.928339940072252,26.285255657736446,26.603197867769925,88323588
2013-12-19,26.95985984802246,27.103070131386957,26.78264412169907,26.824589086470297,66561372
2013-12-20,27.317264556884766,27.330915161676867,27.004036523227423,27.011484199373,130333536
2013-12-23,27.676658630371094,27.694032128982883,27.42895763862156,27.496467225398447,68795136
2013-12-24,27.595746994018555,27.68013445268706,27.502920600311825,27.673432110871225,29338632
2013-12-26,27.7352352142334,27.77345729167314,27.51756516520574,27.649606788828304,53458488
2013-12-27,27.75856590270996,27.80522691574208,27.62304919993765,27.79827865088896,62725212
2013-12-30,27.536672592163086,27.81068541864521,27.52575362113495,27.806714711751923,49394556
2013-12-31,27.81589698791504,27.823094958221706,27.45724889528154,27.605672745547242,54261684
2014-01-02,27.62751007080078,27.742425979494275,27.506884971325242,27.685587561257904,72783144
2014-01-03,27.42597770690918,27.722078188437397,27.42424111376404,27.67417621499381,66601332
2014-01-06,27.73175811767578,27.769980192333747,27.461717883310516,27.624785493188835,70701228
2014-01-07,28.266380310058594,28.286981072782318,27.82706762618986,27.922375948278628,102001896
2014-01-08,28.325199127197266,28.476352709400235,28.12812987540454,28.443590123637833,89610300
2014-01-09,28.052433013916016,28.399414931326877,27.93627611520823,28.38005513292329,83296620
2014-01-10,28.050939559936523,28.271836828120936,27.85411623678054,28.271836828120936,85654260
2014-01-13,27.87224006652832,28.466177612906723,27.728034736174827,27.958859742135772,96659244
2014-01-14,28.527982711791992,28.56769546003772,27.999070877703726,28.243794327880277,99204696
2014-01-15,28.508621215820312,28.66697278692995,28.38874142640008,28.617084513009857,77929992
2014-01-16,28.697250366210938,28.739690958702667,28.49323095637627,28.52053216568497,67288644
2014-01-17,28.556026458740234,28.806706891140415,28.3989177496034,28.712887353390823,107943948
2014-01-21,28.882905960083008,28.890351745169596,28.575139276315923,28.81415351770827,79116804
2014-01-22,28.915664672851562,28.986897142324874,28.76277450115319,28.955127706862523,62793144
2014-01-23,28.793550491333008,28.85286894897034,28.65133147659389,28.79106856332905,77886036
2014-01-24,27.89333724975586,28.630984518480723,27.87273648769128,28.56794126810752,155544300
2014-01-27,27.332406997680664,27.959606578570295,26.861822396995745,27.949678864883687,173969856
2014-01-28,27.872983932495117,27.94099103868417,27.548587198402828,27.558019282727127,88319592
2014-01-29,27.4736328125,27.84171111997812,27.287484397950973,27.776435645979333,95100804
2014-01-30,28.180253982543945,28.604675089999805,27.978220848645538,28.418774490730804,203452344
2014-01-31,29.311542510986328,29.449788933019075,28.570915869819636,29.072774217388506,222429348
2014-02-03,28.131608963012695,29.33016096059897,28.096364444140523,29.26761522888996,182581236
2014-02-04,28.249006271362305,28.66697284930609,28.22046409486662,28.2447858580695,112363524
2014-02-05,28.374095916748047,28.56198280237472,27.997330887572723,28.378564144251296,95684220
2014-02-06,28.79007911682129,28.795042973467673,28.48206273168776,28.57091841405711,77786136
2014-02-07,29.22393035888672,29.235346850813443,28.80497064331034,28.980447893950743,105342552
2014-02-10,29.111995697021484,29.34703924201248,29.014948888583728,29.083947256860345,77730192
2014-02-11,29.540136337280273,29.582081304740356,29.094123219163713,29.291690012633072,81949968
2014-02-12,29.453514099121094,29.535667439016507,29.32172030163621,29.51084815607859,68911020
2014-02-13,29.78138542175293,29.78138542175293,29.27902952293578,29.30608291924008,73382544
2014-02-14,29.853361129760742,29.892826058766044,29.605162631041416,29.674906327837864,87380532
2014-02-18,30.053905487060547,30.10329812903485,29.783865263039484,29.818861964553257,84271644
2014-02-19,29.84194564819336,30.012706856707286,29.72181615574576,29.915412239829898,84059856
2014-02-20,29.88587760925293,29.954875974832426,29.78932832531241,29.861801768963126,67963968
2014-02-21,29.8779354095459,30.028841200596506,29.854357089086907,29.977711960756515,74417508
2014-02-24,30.094364166259766,30.284235463612852,29.910447983423644,29.91690061862611,66905028
2014-02-25,30.280263900756836,30.39195256221088,30.042488745794305,30.179494210084332,57490452
2014-02-26,30.28448486328125,30.500666125158915,30.12538984669736,30.379545370033334,79208712
2014-02-27,30.260658264160156,30.385254095498397,30.206053948121376,30.24030531642895,50349600
2014-02-28,30.172298431396484,30.38425926495747,29.93824616643327,30.28870313596101,92451456
2014-03-03,29.85063362121582,29.97845671835288,29.588782605887832,29.951403320215288,84107808
2014-03-04,30.153928756713867,30.18098215186585,30.019654930555717,30.15616287038945,58649292
2014-03-05,30.237077713012695,30.356711577963228,30.067061837574855,30.157406299590125,49362588
2014-03-06,30.270584106445312,30.432906374129416,30.245515118002068,30.336852725080643,50673276
2014-03-07,30.150951385498047,30.45375418823098,30.06780490032599,30.449038146378687,60543396
2014-03-10,30.071033477783203,30.221689550599322,29.885378811255745,30.17329005759329,48535416
2014-03-11,29.783615112304688,30.139283724319803,29.700468631170832,30.125633120086604,68451480
2014-03-12,29.965051651000977,29.978702256282855,29.391463280972737,29.6945139067421,78493428
2014-03-13,29.512338638305664,30.0444777155504,29.40561382379832,29.98118664869161,93730176
2014-03-14,29.108766555786133,29.55726351665775,29.10206610558723,29.336861836187914,91664244
2014-03-17,29.58778953552246,29.71114439725928,29.24055793370612,29.268854186034964,86397516
2014-03-18,30.063339233398438,30.07004157503733,29.61161691898944,29.651577479187,72527400
2014-03-19,29.76525115966797,30.081456766077153,29.645123561490276,30.076740724027186,64451484
2014-03-20,29.713376998901367,30.022384619585086,29.668700400610067,29.782623172439628,67320612
2014-03-21,29.3629207611084,30.022880982574527,29.34827700636272,29.940479831177175,128211660
2014-03-24,28.73969268798828,29.409085010689118,28.442351249618213,29.391463698326827,121362516
2014-03-25,28.759302139282227,29.0352974806741,28.468413336593837,28.939989165287184,96311592
2014-03-26,28.095369338989258,29.0782375249868,28.083705032819942,28.840957994152628,103096800
2014-03-27,27.656307220458984,28.094624845766983,27.35400002494242,28.067571448503536,152735112
2014-03-28,27.801998138427734,28.125649524175422,27.742925598271775,27.773454072125713,90265644
2014-03-31,27.662012100219727,28.17057090148872,27.62081057998747,28.05640031606276,77614308
2014-04-01,28.167844772338867,28.232622721996847,27.74863535791674,27.804976264807596,87152760
2014-04-02,28.17305564880371,28.41380835991581,27.897554051095575,28.34183055023141,83360556
2014-04-03,28.34076499938965,29.173879480171063,28.06851524409649,28.434489952841982,80366000
2014-04-04,27.03902244567871,28.74839373966035,27.001333836333977,28.6903729929248,107274000
2014-04-07,26.809917449951172,27.26713898300471,26.309057864607045,27.016212615478896,79232000
2014-04-08,27.646997451782227,27.764525836225953,27.011748664335183,27.029105136896206,69650000
2014-04-09,28.119590759277344,28.15727936958271,27.541369576426455,28.06008312416336,60632000
2014-04-10,27.11043357849121,28.17761362589624,27.0514215679072,28.167199741675528,65890000
2014-04-11,26.667591094970703,27.155061070722358,26.451377700897524,26.67651619924681,63494000
2014-04-14,27.036544799804688,27.42433854795398,26.80446179234138,26.96017631645483,50824000
2014-04-15,27.21010971069336,27.417893656616627,26.31451188946098,27.324166807458184,79956000
2014-04-16,27.963878631591797,27.968838704772022,27.428306122659958,27.65642030439549,91644000
2014-04-17,26.944307327270508,27.62170922076811,26.748921670157614,27.587987531038774,112294000
2014-04-21,26.747432708740234,26.97703566678436,26.481134289760483,26.97703566678436,48502000
2014-04-22,27.051420211791992,27.175395558217907,26.58031351703078,26.58031351703078,46622000
2014-04-23,26.655197143554688,27.016709326706483,26.190041744490422,26.960672980394165,39114000
2014-04-24,26.50295066833496,26.90264701723566,26.332359733917638,26.862478374091907,41348000
2014-04-25,25.94059944152832,26.474189382415723,25.910844680495593,26.394845244708584,47400000
2014-04-28,25.93465232849121,26.079455450647572,25.340561511073155,26.07449726885921,75056000
2014-04-29,26.596677780151367,26.667592447588508,25.935641165861092,25.979776735684656,50704000
2014-04-30,26.524770736694336,26.59717228796314,26.237644568034177,26.536673398115788,40770000
2014-05-01,26.70577621459961,26.77421084430802,26.424599478052205,26.493529736713057,40086000
2014-05-02,26.474685668945312,26.89768983481924,26.44493090717351,26.850082972669757,35616000
2014-05-05,26.547088623046875,26.56642761126412,26.16276430296551,26.294673492869496,24568000
2014-05-06,25.914316177368164,26.508406902821015,25.89894411366145,26.45187304558804,36700000
2014-05-07,25.68769073486328,26.00655608941972,25.345023839653248,25.94803971229068,61486000
2014-05-08,25.79530143737793,26.15135978115987,25.51214217093092,25.574625472892016,49040000
2014-05-09,26.11515998840332,26.151361715259636,25.5032189520802,25.719928009062958,45224000
2014-05-12,26.700815200805664,26.71668478529247,26.159291404789787,26.37401601987242,38968000
2014-05-13,26.855043411254883,26.976538721537537,26.674536093120654,26.75784716302876,40240000
2014-05-14,26.50146484375,26.868926410394007,26.43699713891051,26.868926410394007,25618000
2014-05-15,26.239133834838867,26.481135091319185,26.05019514720072,26.438486406308606,36658000
2014-05-16,26.198471069335938,26.32442893145927,25.963908034462953,26.262936887331836,38154000
2014-05-19,26.720651626586914,26.746439464834747,26.067550787370656,26.227230322765276,39530000
2014-05-20,26.798019409179688,27.09357511710232,26.608585068814318,26.778678526048285,48506000
2014-05-21,27.25969886779785,27.262177012609836,26.883308396842846,26.922485785435374,31294000
2014-05-22,27.54483985900879,27.669312718436654,27.32416390734238,27.383673431983816,42994000
2014-05-23,27.958921432495117,28.01842907075316,27.48136776431151,27.677744673105394,53450000
2014-05-27,28.50787925720215,28.50787925720215,27.976273732410668,28.156285399023155,43716000
2014-05-28,28.2886905670166,28.64623576021767,28.263895878767094,28.49300318696776,31632000
2014-05-29,28.29414939880371,28.43895251291948,28.18951493262688,28.434489960386376,28222000
2014-05-30,28.348201751708984,28.394319836723977,28.05760238890707,28.347706122754808,37434000
2014-06-02,27.985700607299805,28.286713897839277,27.60683194173084,28.253983464882715,33210000
2014-06-03,27.49822425842285,27.889491127134217,27.400034873702577,27.81510517229421,40626000
2014-06-04,27.461036682128906,27.700062285772496,27.2031677174687,27.34995524864875,34582000
2014-06-05,28.014957427978516,28.01842872259805,27.525007365924164,27.62716179685026,35868000
2014-06-06,28.06950569152832,28.206870583514736,27.749649079418546,28.17513330430059,34804000
2014-06-09,28.302579879760742,28.36555880908541,28.029336983283695,28.105209832537383,30594000
2014-06-10,28.182077407836914,28.365560395752205,28.074465381705654,28.205878949741486,29676000
2014-06-11,28.14240264892578,28.21529983225256,27.95296834138302,28.064049763595253,22580000
2014-06-12,27.745683670043945,28.117609719530556,27.629146538530613,28.117609719530556,30930000
2014-06-13,27.78783416748047,27.802710603754196,27.45905244052087,27.774444618148646,27066000
2014-06-16,27.388635635375977,27.670803668915244,27.274578533966864,27.634106312501807,39436000
2014-06-17,27.305320739746094,27.46004209981176,27.149112492825086,27.391607470194874,29552000
2014-06-18,27.803207397460938,27.839902858205125,27.35292848032739,27.413427373515336,41212000
2014-06-19,28.017932891845703,28.018428520828685,27.60534257236536,27.827507318129268,52548000
2014-06-20,28.093807220458984,28.106203620826022,27.739237632484784,28.090335925682012,63212000
2014-06-23,28.479122161865234,28.486560380253078,27.94404336637322,27.986196423427206,34456000
2014-06-24,28.392337799072266,28.873856469875015,28.224722515772214,28.475648865902965,56886000
2014-06-25,29.056346893310547,29.12428589241922,28.42804073393099,28.442421540057406,42294000
2014-06-26,28.998825073242188,29.238344391300632,28.74244302011149,29.223467955513314,40248000
2014-06-27,29.044448852539062,29.153050243815237,28.89220751812941,29.032546189996438,40426000
2014-06-30,28.993867874145508,29.14462232967417,28.925433235998582,29.097511089393016,29578000
2014-07-01,29.33207130432129,29.4396833316378,29.07420423875819,29.141645724991374,32864000
2014-07-02,29.29686164855957,29.463981308560818,29.214046207884763,29.37025635519992,23916000
2014-07-03,29.410919189453125,29.46893994005212,29.208592843407516,29.342484554988346,17978000
2014-07-07,29.29587173461914,29.538366736589406,29.156026795774228,29.43224537873588,26734000
2014-07-08,28.68293571472168,29.15751369561005,28.464739789908997,29.078169550976927,42504000
2014-07-09,28.92890167236328,28.96559902459229,28.613509504948613,28.7102101210238,27456000
2014-07-10,28.764265060424805,29.022629639508096,28.37051810021823,28.415149301037637,28724000
2014-07-11,29.092056274414062,29.170409165269177,28.791043002759807,28.811870770893147,30232000
2014-07-14,29.469432830810547,29.499187592682485,29.094035525822743,29.287934269360914,39032000
2014-07-15,29.409927368164062,29.521008793938115,29.025603038751452,29.51357057584984,33476000
2014-07-16,29.288928985595703,29.60531432485186,29.27058125405066,29.599858622431412,28816000
2014-07-17,28.802946090698242,29.23338853018822,28.60607354851832,29.207105059278476,58706000
2014-07-18,30.007488250732422,30.08633487270341,29.30380295849071,29.90334752649718,97432000
2014-07-21,29.676721572875977,29.96037645184753,29.478855903095464,29.821027157103543,44758000
2014-07-22,29.931121826171875,30.194942128373352,29.717388431000956,29.739209350009812,37632000
2014-07-23,30.011455535888672,30.103693599397015,29.821028077880836,29.85574291418678,22120000
2014-07-24,29.903345108032227,30.19592696505897,29.803668835904748,30.02831358866484,27100000
2014-07-25,29.65886878967285,29.803671900466075,29.543324813447583,29.716889538126576,27200000
2014-07-28,29.70548439025879,29.80863196710666,29.38661903417362,29.64250546041946,27162000
2014-07-29,29.454065322875977,29.679203858220514,29.36579417320118,29.640028356985773,27332000
2014-07-30,29.5279483795166,29.6772159219309,29.39207227669816,29.546298000095753,24302000
2014-07-31,28.739967346191406,29.356868447715364,28.64723364560293,29.206609623176032,46190000
2014-08-01,28.444902420043945,28.932372414544947,28.281254062601416,28.690373064494167,44266000
2014-08-04,28.874849319458008,28.951713425549933,28.378452326369842,28.589210027782713,30388000
2014-08-05,28.42209243774414,28.772199461843147,28.28175187236579,28.73153518382445,32876000
2014-08-06,28.489038467407227,28.694836098338165,28.139922722356676,28.241583411270337,26456000
2014-08-07,28.356138229370117,28.67847490056893,28.238114209063685,28.566400319978218,23260000
2014-08-08,28.660123825073242,28.740461120159043,28.217780639980848,28.366550676183,29866000
2014-08-11,28.625905990600586,28.746907560014517,28.52920537423355,28.71269024421877,24068000
2014-08-12,28.37150764465332,28.558957529246843,28.261913118323303,28.514326334098847,27890000
2014-08-13,28.98841094970703,29.0662663141769,28.52424686150901,28.586234532394144,37988000
2014-08-14,28.992874145507812,29.14908239858822,28.807902386667948,29.094037315353177,25458000
2014-08-15,28.946258544921875,29.23189784470199,28.799968546374934,29.13420596934688,34468000
2014-08-18,29.392074584960938,29.508611710211788,29.087094408416927,29.114369135250687,29320000
2014-08-19,29.610763549804688,29.645476491521414,29.478358742358523,29.5353863358731,20864000
2014-08-20,29.526464462280273,29.60481735003339,29.406951668886453,29.60283294241242,19346000
2014-08-21,29.378190994262695,29.518531559454463,29.31273202466788,29.50117508614196,22640000
2014-08-22,29.384140014648438,29.505635318280785,29.248262012790846,29.42033984540451,17544000
2014-08-25,29.286447525024414,29.5348938450143,29.221484186705528,29.494727089167792,25912000
2014-08-26,29.164955139160156,29.35984517364964,29.13172907735092,29.35736513681111,29434000
2014-08-27,28.91105079650879,29.226940497991112,28.806911958123525,29.14957886682371,27292000
2014-08-28,28.778152465820312,28.99585278451496,28.657150882718113,28.763274136586702,28116000
2014-08-29,28.879314422607422,28.906093522379642,28.675003663021464,28.87881879360627,24122000
2014-09-02,29.19024085998535,29.22346691655696,28.88129566361826,28.90856849768754,31660000
2014-09-03,29.2343807220459,29.480844548181874,29.0846194144326,29.34397527021962,31580000
2014-09-04,29.41389274597168,29.65490083627765,29.287934890640265,29.363807737895346,32616000
2014-09-05,29.643991470336914,29.67969567214582,29.43422502835408,29.512577912465716,35982000
2014-09-08,29.83491325378418,29.928640095891037,29.655892828806575,29.71143543186433,31984000
2014-09-09,29.355871200561523,29.78383543812496,29.281982762836407,29.767470224607976,31424000
2014-09-10,29.42778205871582,29.44266038791489,29.116356779284637,29.344470982056304,23202000
2014-09-11,29.31322479248047,29.354880324364593,29.061802822629286,29.258179712245948,30028000
2014-09-12,29.005273818969727,29.33157551873291,28.92493652065943,29.27752358257816,37030000
2014-09-15,28.84360694885254,28.95667088314293,28.61400400251624,28.873359819260102,30908000
2014-09-16,29.197683334350586,29.265622344239066,28.80939394047384,28.80939394047384,31592000
2014-09-17,29.42133331298828,29.559193841014647,29.11536375477926,29.23388340187718,34390000
2014-09-18,29.618703842163086,29.63308464998371,29.407944231414394,29.508613669586246,29890000
2014-09-19,30.02187156677246,30.02187156677246,29.64300292293764,29.728794032627935,83832000
2014-09-22,29.618703842163086,29.942527399481516,29.412904304830032,29.878059687074373,35644000
2014-09-23,29.316696166992188,29.587954645638778,29.270080562110437,29.506130468479643,28074000
2014-09-24,29.675729751586914,29.75953834044944,29.27305769701125,29.336038518829184,35160000
2014-09-25,29.022628784179688,29.65837319798615,28.99733657304208,29.604816893609435,33420000
2014-09-26,29.154041290283203,29.236856726265398,29.010229442454655,29.056347527196074,25782000
2014-09-29,29.149578094482422,29.22396405805166,28.840137253152758,28.85302928157767,22874000
2014-09-30,29.179332733154297,29.30777062987575,28.985435869789463,29.133710275606155,31430000
2014-10-01,28.743932723999023,29.194707281658815,28.664091057029133,29.099493549442336,28954000
2014-10-02,28.80592155456543,28.92295431690219,28.467219667703752,28.663100950503416,30726000
2014-10-03,29.072219848632812,29.17338302390062,28.935846205663754,28.965600970960747,24290000
2014-10-06,29.148094177246094,29.377201530679013,29.030070151512017,29.255704318356575,25722000
2014-10-07,28.469697952270508,29.052381691378198,28.469697952270508,29.005272346970877,30914000
2014-10-08,28.9477481842041,28.9948594218823,28.14934663888775,28.503916210512287,44158000
2014-10-09,28.306550979614258,28.887746019536813,28.218279826372193,28.842123555803177,48234000
2014-10-10,27.531949996948242,28.525735301043337,27.523023000035742,28.14091722667772,59574000
2014-10-13,27.01422691345215,27.814117216400895,26.99835921945719,27.52897354461477,55116000
2014-10-14,27.209611892700195,27.702537595023156,27.00182985520658,27.281517818037237,52198000
2014-10-15,26.81488037109375,26.973071165017632,26.2044242860545,26.881826235343684,76720000
2014-10-16,26.625940322875977,26.827771055310926,26.032345113876563,26.134005815344846,76100000
2014-10-17,25.93415641784668,26.94976266965563,25.70802473979229,26.80099073362768,119930000
2014-10-20,26.40079689025879,26.43947865034859,25.744224710659385,25.809186156350105,54964000
2014-10-21,26.68098258972168,26.717678050802483,26.292691340830846,26.643293978982797,49190000
2014-10-22,26.912073135375977,27.312265165147103,26.79008030334629,26.83074458068952,59474000
2014-10-23,27.45557975769043,27.641542768563745,27.051418936695736,27.18927945488832,43026000
2014-10-24,27.220027923583984,27.52252808448404,27.034560524986265,27.521536826483743,43508000
2014-10-27,27.26862335205078,27.47293598272504,27.135722908035845,27.163493263006938,31934000
2014-10-28,27.717914581298828,27.730806610836048,27.29590160854592,27.359378065056774,34774000
2014-10-29,27.69361114501953,28.01693903299254,27.571122695902105,27.81262640815117,41066000
2014-10-30,27.78386688232422,27.894452678404008,27.38020356684155,27.68369496984324,32250000
2014-10-31,28.160751342773438,28.20340002719913,28.009005639961654,28.182076630843113,46810000
2014-11-03,27.95743179321289,28.125047081560464,27.85130854891505,27.9455310226131,30834000
2014-11-04,27.978256225585938,28.00801098610918,27.68617188873618,27.827999319641457,27726000
2014-11-05,27.569639205932617,28.112649957837622,27.48037680172916,28.107196147145498,32906000
2014-11-06,27.358381271362305,27.611787651210893,27.303336190583288,27.547319945256252,33014000
2014-11-07,27.364830017089844,27.55228181637017,27.242343448666862,27.55228181637017,31782000
2014-11-10,27.682703018188477,27.801718287274266,27.3549106699568,27.3935924295376,26090000
2014-11-11,27.834449768066406,27.894453033839273,27.584019037816113,27.69708487192117,21966000
2014-11-12,27.68369483947754,27.832464874719058,27.547321203673196,27.827506693286914,21882000
2014-11-13,27.59393882751465,27.811143511017043,27.477401692349897,27.810647882008972,30220000
2014-11-14,27.531949996948242,27.671297410927586,27.399047651517506,27.671297410927586,28502000
2014-11-17,27.107952117919922,27.531947545087686,26.998853215591307,27.531947545087686,33612000
2014-11-18,27.0023250579834,27.412930945165893,26.967116485168948,27.17192285395019,36440000
2014-11-19,27.135725021362305,27.186305662305408,26.738506761808438,27.014227817188026,30346000
2014-11-20,26.965131759643555,27.045467158530208,26.85305908270285,26.882316324306473,35016000
2014-11-21,27.070762634277344,27.326151559788197,27.02662706036032,27.326151559788197,50120000
2014-11-24,27.149608612060547,27.333587217312125,26.984473365884703,27.10448178435733,33076000
2014-11-25,27.236391067504883,27.39855064876524,27.121342721667677,27.13621915739558,38072000
2014-11-26,27.16200828552246,27.268627168053584,27.03803292870552,27.236394256298155,29604000
2014-11-28,27.228954315185547,27.25474026461603,27.00084012708314,27.125806734036228,24202000
2014-12-01,26.761316299438477,27.214570857571942,26.710238142826782,27.03108599692254,39888000
2014-12-02,26.708755493164062,26.870419464067734,26.513865460816287,26.751402289406148,41480000
2014-12-03,26.628416061401367,26.848596398132123,26.541138068105035,26.65469953104307,32476000
2014-12-04,26.9066162109375,26.912071912953262,26.52526755849091,26.661641191749048,32598000
2014-12-05,26.187559127807617,26.689411833522012,26.1468967435891,26.61502587063573,61402000
2014-12-08,26.318973541259766,26.472206121689236,26.13400179100183,26.244091952364183,64566000
2014-12-09,26.585769653320312,26.61254875232942,25.955974656187696,26.0784631176768,43322000
2014-12-10,26.185579299926758,26.74693969854653,26.158304570182903,26.57535747235516,46222000
2014-12-11,26.387409210205078,26.631888620553223,26.241119202227157,26.283270368080416,41426000
2014-12-12,25.86175537109375,26.393856624805327,25.859275334320373,26.15582417083322,47314000
2014-12-15,25.580577850341797,26.0531714496242,25.558758824174777,25.973331671630525,52352000
2014-12-16,24.703824996948242,25.56768362864668,24.655722500776463,25.46949612033694,86998000
2014-12-17,25.11492347717285,25.244850142208477,24.750931320186087,24.788124298859763,72788000
2014-12-18,25.520076751708984,25.60090778072348,25.12037848380091,25.58801386104919,77534000
2014-12-19,25.788856506347656,25.827040746638414,25.234438741091573,25.63760643212387,97442000
2014-12-22,26.396827697753906,26.430053752909235,25.81612652620488,25.817119675769703,66390000
2014-12-23,26.717676162719727,26.892729654938925,26.46724734606302,26.506422840950115,57544000
2014-12-24,26.626432418823242,26.793054551260504,26.53568124308059,26.720157368319203,14754000
2014-12-26,26.85405158996582,26.93984269469209,26.555022741706782,26.62643303943587,22270000
2014-12-29,26.64527702331543,26.973565013946356,26.637838805157305,26.803469687418925,44300000
2014-12-30,26.54461097717285,26.671561997143076,26.46179553137189,26.528741390283905,20972000
2014-12-31,26.315502166748047,26.69932895178858,26.292689993199613,26.666598524163152,24648000
2015-01-02,26.26045799255371,26.570396349230737,26.17764066273826,26.411706170235586,26480000
2015-01-05,25.760093688964844,26.183097900780766,25.675295730032687,26.14144236480419,41182000
2015-01-06,25.12434959411621,25.846876415134567,25.07029576570784,25.811667839004635,54456000
2015-01-07,25.050458908081055,25.364859835605216,24.976074833139705,25.33808262798601,46918000
2015-01-08,25.137737274169922,25.166994516697418,24.54810906238955,24.8699500804736,73054000
2015-01-09,24.830772399902344,25.221543673525197,24.728122346067824,25.200715907041257,42000000
2015-01-12,24.649274826049805,24.808954375529883,24.34429464256883,24.75738058619834,57138000
2015-01-13,24.884334564208984,25.221547696828534,24.659196020343067,24.92251880885397,60958000
2015-01-14,25.089136123657227,25.204681985071584,24.703822456627375,24.81589513203065,52800000
2015-01-15,24.993925094604492,25.278571236159127,24.894744443607163,25.235924445335655,51068000
2015-01-16,25.31378173828125,25.33312072618188,24.948300783435357,24.951276448892433,49658000
2015-01-20,25.287994384765625,25.569171129443106,25.259728399950568,25.428334942620978,46796000
2015-01-21,25.806211471557617,25.87861302435766,25.270637097389514,25.332624767082294,46356000
2015-01-22,26.6447811126709,26.721149592800394,25.88159004863909,25.935641982816453,56068000
2015-01-23,26.875375747680664,27.046957961996203,26.567917414782933,26.680983249796775,45966000
2015-01-26,26.616018295288086,26.853059463732503,26.385424086678142,26.853059463732503,30932000
2015-01-27,25.845884323120117,26.420634231646282,25.829519108082973,26.3521995975943,39148000
2015-01-28,25.411476135253906,26.069041515183972,25.40750921148825,26.03482419659876,35822000
2015-01-29,25.451148986816406,25.548345239425768,24.96764397707178,25.434783771142534,79018000
2015-01-30,26.657182693481445,26.93240814666787,25.696621458751704,25.7372857404322,121108000
2015-02-02,26.391870498657227,26.605108230868467,25.872165716474527,26.497000586216952,75378000
2015-02-03,26.446422576904297,26.652220220255426,26.12458153912829,26.27979854116529,47062000
2015-02-04,26.089370727539062,26.617504992397134,26.03630816237833,26.438484572025626,33896000
2015-02-05,26.274341583251953,26.31698837213654,26.066557665389382,26.1801191178171,33176000
2015-02-06,26.47517967224121,26.78958054629953,26.21582387446704,26.332856615184447,42938000
2015-02-09,26.247072219848633,26.47518642917053,26.161281103906838,26.335341480966584,30314000
2015-02-10,26.786609649658203,26.82826518596834,26.24161449122016,26.38939327600725,47430000
2015-02-11,26.679492950439453,26.875374215825545,26.580312299499035,26.76528405270726,38306000
2015-02-12,27.076709747314453,27.19225371453774,26.629902158676753,26.7618113391558,48590000
2015-02-13,27.33209991455078,27.400534544362216,27.10596825880114,27.15109508581772,47382000
2015-02-17,27.027122497558594,27.42334761855795,26.940340129075707,27.332102697328448,39174000
2015-02-18,26.91008758544922,27.153080089510205,26.75635937118843,26.96810833337687,31164000
2015-02-19,27.098527908325195,27.11886004408714,26.81586430674156,26.901159772816197,30834000
2015-02-20,26.867937088012695,27.154567648570318,26.68445410594335,27.154567648570318,38234000
2015-02-23,26.53072166442871,26.743959391760264,26.381951640914796,26.729082956922916,32906000
2015-02-24,26.711729049682617,26.748920140345838,26.33236289949478,26.359637627123586,28406000
2015-02-25,27.14217185974121,27.25325328777765,26.679990262049884,26.701315550507903,40836000
2015-02-26,27.73526954650879,27.77692508208699,27.031088581871714,27.06332338324558,54032000
2015-02-27,27.90089988708496,28.237617351493522,27.623194430262107,27.678735143283944,68328000
2015-03-02,28.515321731567383,28.563424227857656,27.92668663410936,28.117609732292152,50406000
2015-03-03,28.7022762298584,28.80443065609995,28.291172813218694,28.581274660996446,50526000
2015-03-04,28.679468154907227,28.843114646898663,28.39134878180161,28.612024771915344,37964000
2015-03-05,28.83319664001465,28.920970266996278,28.674508339124955,28.743438605293548,35918000
2015-03-06,28.410188674926758,28.90013869210113,28.36853314330806,28.861458825842842,37592000
2015-03-09,28.469697952270508,28.536643805751243,28.219267227431153,28.312000921050046,23478000
2015-03-10,27.763038635253906,28.25447745522769,27.761549856643445,28.19100100506998,40080000
2015-03-11,27.556745529174805,27.977765341311013,27.542860350251907,27.76056066028267,40524000
2015-03-12,27.82849884033203,27.861723007930234,27.54881086246796,27.695100865810453,35602000
2015-03-13,27.4233455657959,27.986690312830884,27.290940746609365,27.732292666182627,35428000
2015-03-16,27.851804733276367,27.95643919390784,27.340033787766995,27.618234859575036,36856000
2015-03-17,27.65195655822754,27.802213474941897,27.49326827415622,27.68567635251468,28892000
2015-03-18,28.075950622558594,28.093307093664666,27.4481382140215,27.657904645796876,35324000
2015-03-19,27.95247459411621,28.11562544397336,27.875610482209485,27.994625759244823,24660000
2015-03-20,28.015945434570312,28.12256429742911,27.99263952462513,28.103225310629632,44320000
2015-03-23,28.03677749633789,28.24852836771795,27.92222476963317,28.068019149075543,30234000
2015-03-24,28.640291213989258,28.855511490485483,28.171662634965077,28.19397918240136,79156000
2015-03-25,28.11760711669922,28.765749792129892,28.11760711669922,28.641774453777348,53070000
2015-03-26,27.950986862182617,28.12703353106794,27.686672827775492,28.001073768246066,49842000
2015-03-27,27.64897918701172,27.972307066080834,27.618233168344812,27.861223760713244,34552000
2015-03-30,27.827009201049805,27.877591731934814,27.61129331182884,27.78287552194635,24788000
2015-03-31,27.507652282714844,27.891974746928668,27.506163503966285,27.668323101304715,34932000
2015-04-01,27.249286651611328,27.6960924051215,27.077704434444374,27.514098195679992,38902000
2015-04-02,26.843637466430664,27.175394849194866,26.80049315411126,27.146137606491664,47760000
2015-04-06,26.974557876586914,27.053406398838217,26.565438828129174,26.721151464871852,33718000
2015-04-07,27.019681930541992,27.282509049877884,26.956703001704756,27.026128890456608,27318000
2015-04-08,27.21704864501953,27.348959718384886,27.07621246740875,27.07621246740875,28386000
2015-04-09,27.176387786865234,27.243335535686125,26.875376406810727,27.23540168831244,32366000
2015-04-10,27.202171325683594,27.267134656528594,27.025630953404168,27.253249479964072,26104000
2015-04-13,27.20713233947754,27.436735297330877,27.091092733983057,27.12828571557167,29326000
2015-04-14,26.767765045166016,27.104482506404334,26.567421220305313,27.104482506404334,47206000
2015-04-15,26.830245971679688,26.936864834760428,26.400299225132816,26.677509025828137,46962000
2015-04-16,26.953231811523438,27.03802976523538,26.68445336019386,26.696849759396873,31722000
2015-04-17,26.41864776611328,26.76875475627133,26.23318227975601,26.645275047205896,49234000
2015-04-20,27.003318786621094,27.066299612000666,26.448901000306595,26.468737510531874,38508000
2015-04-21,26.923479080200195,27.163991565110013,26.888270504070405,27.09159000513712,29128000
2015-04-22,27.233911514282227,27.324165171603404,26.84413337924256,26.93042011308014,31806000
2015-04-23,27.64451789855957,27.82849840263682,27.27854318975196,27.294908404656667,78184000
2015-04-24,28.447877883911133,28.995353028947168,28.184553248660876,28.76475882163892,92168000
2015-04-27,28.07396697998047,28.54011356789585,27.88453267944171,28.403741831693786,48062000
2015-04-28,27.987186431884766,28.15876864299682,27.81808425736251,27.984706395294968,37178000
2015-04-29,27.83940887451172,28.06008484784066,27.720889225969838,27.795768930500152,33622000
2015-04-30,27.213579177856445,27.825522048940716,27.11192037979657,27.6990666687902,47240000
2015-05-01,27.33209991455078,27.33507557998348,26.969594628131464,27.299865115457823,36572000
2015-05-04,27.4154109954834,27.606332186816516,27.145143770469065,27.32366856282467,35260000
2015-05-05,26.929428100585938,27.404006069251963,26.896202043307127,27.28250887301028,28528000
2015-05-06,26.53468894958496,26.973562700408532,26.393852770501244,26.909590624650978,39034000
2015-05-07,26.879838943481445,27.03654472515766,26.45386095483334,26.575356268918117,31844000
2015-05-08,27.222505569458008,27.413426762003283,27.176883113172504,27.218538646091474,28226000
2015-05-11,27.065305709838867,27.44169619780149,27.056380604685234,27.199694941551265,21858000
2015-05-12,26.715694427490234,26.92546086857674,26.530722675982496,26.91802075916091,35282000
2015-05-13,26.753387451171875,26.969103366986776,26.728095236754474,26.801985580445105,24238000
2015-05-14,27.234905242919922,27.259206198424557,26.9026521975352,26.975549388907698,31736000
2015-05-15,27.100515365600586,27.304332389299017,26.90265156509811,27.293918505062045,33440000
2015-05-18,27.109437942504883,27.19225337389267,26.890248888549937,26.968106138986847,26706000
2015-05-19,27.23887062072754,27.443181360734233,27.13175612361728,27.175394172101807,47126000
2015-05-20,27.399044036865234,27.575584410452482,27.031580592387993,27.320195528871597,30840000
2015-05-21,27.612285614013672,27.651958633866258,27.239863936616246,27.284495138093554,34170000
2015-05-22,27.49872398376465,27.68320011988938,27.45409278255471,27.49574831812216,24266000
2015-05-26,27.135231018066406,27.439713706801083,26.925960177331834,27.402520721493218,37474000
2015-05-27,27.485332489013672,27.536906275834827,27.104976993528638,27.209115825077056,34844000
2015-05-28,27.481861114501953,27.560213998268125,27.31424772660707,27.46252212682138,23544000
2015-05-29,27.042495727539062,27.46996248968932,27.028610548955445,27.433265135555313,43446000
2015-06-01,27.23539924621582,27.302840726272397,26.95620691732995,27.21159581451539,33210000
2015-06-02,27.470458984375,27.710475843210236,27.103491106611553,27.14713105141262,31842000
2015-06-03,27.536907196044922,27.670800794673067,27.381194572471852,27.527484570481313,26710000
2015-06-04,27.358381271362305,27.57013211891472,27.230934638014197,27.382680331868404,26866000
2015-06-05,27.25126838684082,27.439711442929994,27.144649513335406,27.3737568462272,24396000
2015-06-08,26.951248168945312,27.268129122621044,26.924964699478593,27.25523520237596,27336000
2015-06-09,26.885786056518555,27.018688383521948,26.721642082223706,26.948269351101462,30016000
2015-06-10,27.40350914001465,27.511616789886563,27.032080629583827,27.061337872408057,30316000
2015-06-11,27.276559829711914,27.514096631971313,27.233415517518978,27.497235788608503,25872000
2015-06-12,27.149110794067383,27.217543527688782,27.057863996383123,27.133241210035596,25468000
2015-06-15,26.92744255065918,26.979511964676494,26.739497031260527,26.91405300252423,27150000
2015-06-16,27.02017593383789,27.1104295837852,26.856529476156233,27.000836946971166,32526000
2015-06-17,27.10597038269043,27.193248378129557,26.868433567264532,27.047454002498426,24440000
2015-06-18,27.581043243408203,27.634103919778923,27.17539551704082,27.17539551704082,41192000
2015-06-19,27.647493362426758,27.666834242783356,27.386650642382726,27.597903980808226,59290000
2015-06-22,27.754606246948242,28.048676900115016,27.716422009150264,27.74121859022809,34752000
2015-06-23,27.938587188720703,28.013468778679943,27.62914446634922,27.760062395682265,31396000
2015-06-24,27.699562072753906,27.901394672044887,27.612284082318848,27.893460825199956,28924000
2015-06-25,27.6688175201416,27.926190844434693,27.644518457639897,27.785354651037295,26684000
2015-06-26,27.42632293701172,27.770478632563524,27.366319669195835,27.756097824784703,43676000
2015-06-29,26.84066390991211,27.31920884790057,26.790577004705856,27.11340930802112,37756000
2015-06-30,26.780658721923828,27.071256201953922,26.75586213974336,27.031087554866648,34510000
2015-07-01,26.94232177734375,27.066792746207007,26.766772650629544,26.96017387821555,30760000
2015-07-02,27.142663955688477,27.175392490026073,26.955707807486036,27.01372855060311,28124000
2015-07-06,27.057373046875,27.204160576486395,26.882815159190336,26.89025337771514,25614000
2015-07-07,27.276063919067383,27.32416641545881,26.77123741316802,27.14713038726974,33578000
2015-07-08,26.86297607421875,27.189279642021923,26.83818138427437,27.05637919589752,27662000
2015-07-09,27.009267807006836,27.219034249992017,27.007780920138345,27.207629108859532,29766000
2015-07-10,27.57756996154785,27.73526698407512,27.373754855095147,27.458552805381935,43436000
2015-07-13,28.352170944213867,28.407711658944137,27.706010723053176,27.74617937211934,41792000
2015-07-14,28.969566345214844,29.243800503479164,28.473169338099332,28.489534552723068,74832000
2015-07-15,28.958656311035156,29.193217446799963,28.772693297581093,28.947746798720402,41466000
2015-07-16,29.842355728149414,29.97724059377571,29.155035587373664,29.233388479248838,112642000
2015-07-17,34.694252014160156,34.861869196010716,33.62211572223263,33.72129448676394,257162000
2015-07-20,34.358028411865234,34.60399657806106,33.80906826539459,34.16661348181624,102436000
2015-07-21,34.48249816894531,34.99079396670569,33.92708735965138,33.963287185424534,75604000
2015-07-22,34.4701042175293,35.37413141840576,34.297530758000796,34.41654602374495,83100000
2015-07-23,33.45995330810547,34.51820817553252,33.304238793044426,34.30893546441238,76232000
2015-07-24,32.470130920410156,33.61169678007174,32.391284301881726,33.561116144605975,82622000
2015-07-27,32.643699645996094,33.08009146867781,32.310451610713265,32.31144286859231,58382000
2015-07-28,32.71262741088867,32.93280771292831,32.40268909308183,32.816766231660566,34364000
2015-07-29,32.8004035949707,32.89462606711345,32.37442373787852,32.841563499983586,36756000
2015-07-30,32.955623626708984,33.12869272868121,32.317397262340016,32.60254283352619,39606000
2015-07-31,32.60551834106445,32.977444405791424,32.59064190382379,32.96256796855076,34922000
2015-08-03,32.963558197021484,33.06025881949313,32.6134511700776,32.6134511700776,31348000
2015-08-04,32.79296112060547,33.12620913263566,32.754778777791365,32.9447068009055,26188000
2015-08-05,33.388545989990234,33.71683019917647,33.00620417058776,33.01463364676089,36448000
2015-08-06,33.23283004760742,33.46094422406888,32.76569029062574,33.42325750568146,40660000
2015-08-07,32.94719696044922,33.16588664839471,32.673458399461154,33.11530600346645,27544000
2015-08-10,32.88520431518555,33.305728457169614,32.74089683762339,33.081083687945906,34458000
2015-08-11,34.23207092285156,34.911457160933935,33.93552211583512,34.69226808978544,109880000
2015-08-12,34.290096282958984,34.51473729051971,33.746588006055624,34.43985569352364,58498000
2015-08-13,34.04412841796875,34.41704573605791,33.82940377183487,34.177524505881294,36354000
2015-08-14,34.185951232910156,34.32926745628415,33.865105253744765,33.921637223376614,27598000
2015-08-17,34.4210090637207,34.4522488198693,33.87303642453199,34.11999583386264,24680000
2015-08-18,34.154212951660156,34.50282925713866,33.98510890263128,34.27025443832036,27710000
2015-08-19,34.417537689208984,34.72301159549296,34.05850558850643,34.222649574438194,50194000
2015-08-20,33.69551086425781,34.52267412230523,33.48723316261159,34.17257084529279,57798000
2015-08-21,31.937541961669922,33.36871437534968,31.891421975303544,33.27697003167467,91880000
2015-08-24,30.65216064453125,31.126738628969118,29.41141404338392,29.7838375995172,129788000
2015-08-25,30.372472763061523,32.08481790465654,30.332799744475725,32.05853821868506,71430000
2015-08-26,32.716590881347656,32.852468862484145,31.260128671587378,31.891410416966288,87740000
2015-08-27,33.124229431152344,33.422764562164154,32.28814113625834,33.324077639023805,58974000
2015-08-28,32.71411895751953,33.07662047453683,32.41955266056175,33.015128431118065,38836000
2015-08-31,32.12548065185547,32.948183093947854,32.05258536168723,32.44880854942581,38936000
2015-09-01,31.219968795776367,31.957869555490344,30.996812790137227,31.43072650988023,51458000
2015-09-02,31.98118019104004,31.988618410374176,31.2735297204664,31.638513230611412,37630000
2015-09-03,31.591402053833008,32.29558118861784,31.43072933697807,32.130941547794635,34572000
2015-09-04,31.19021224975586,31.464942030080678,31.06822131588769,31.226909601564884,40478000
2015-09-08,31.93009376525879,31.987616985407247,31.385594339179747,31.78727318926667,39092000
2015-09-09,31.90679359436035,32.59857438096081,31.782318832244048,32.32682213966818,40978000
2015-09-10,32.28714370727539,32.476576103009215,31.82198651767921,31.93108541247201,27850000
2015-09-11,32.49641418457031,32.49690981350326,32.105147301136526,32.24400285432852,34892000
2015-09-14,32.356075286865234,32.52716185313171,32.20879025948382,32.51278104732943,29942000
2015-09-15,32.98091506958008,33.168364974643964,32.39922069065663,32.56633845746613,35546000
2015-09-16,33.003231048583984,33.129684543960956,32.83859142004004,33.004717935568486,26252000
2015-09-17,33.308204650878906,33.81997367496066,32.97743855348306,33.100918257466,47752000
2015-09-18,32.77511978149414,33.21746302370192,32.730982313024505,32.980419923065185,72544000
2015-09-21,33.07563400268555,33.17580782100775,32.63031698171791,33.00273869892705,39094000
2015-09-22,32.392276763916016,32.67097535684172,31.987124685911564,32.604027613716674,54362000
2015-09-23,32.39674758911133,32.743381467920265,32.2697946666451,32.377406705795956,29160000
2015-09-24,32.477081298828125,32.56932127103531,31.84530559091115,32.182518736229184,38692000
2015-09-25,31.745128631591797,32.65907608536779,31.720829568305255,32.65907608536779,48480000
2015-09-28,30.95664405822754,31.879022842956157,30.638771840615803,31.69057789235324,47646000
2015-09-29,30.875316619873047,31.47386805727541,30.648193696937074,31.018630953456583,42130000
2015-09-30,31.6568546295166,31.703468341363635,31.199633156674903,31.33253359545991,52954000
2015-10-01,31.83686637878418,31.92811507582418,31.297326960503806,31.635531300710397,42506000
2015-10-02,32.580223083496094,32.580718712462634,31.41535124189224,31.63900286718666,48788000
2015-10-05,33.3087043762207,33.375652123583926,32.52468363887434,32.80883795171496,37960000
2015-10-06,33.30672073364258,33.66178403029545,32.8822277636184,33.19315738145942,42774000
2015-10-07,33.22539138793945,33.658809452481414,32.63576318304108,33.59235733793918,44354000
2015-10-08,33.076622009277344,33.31912079139769,32.45624962760866,33.198119214835195,39308000
2015-10-09,33.286888122558594,33.428218063842145,32.84652740710215,33.100925084840235,32124000
2015-10-12,33.54425811767578,33.62112223124616,33.08852535531506,33.18522597939192,26684000
2015-10-13,33.87849044799805,34.14082190794463,33.37961158134537,33.43664295604048,42446000
2015-10-14,33.74162673950195,34.21917850798546,33.6667451451537,33.90626636458576,31292000
2015-10-15,34.3669548034668,34.423486767909054,33.93899247192577,33.98163925971811,47156000
2015-10-16,34.481014251708984,34.52564734412958,34.17256655376191,34.484983066996705,36316000
2015-10-19,34.71062088012695,34.72500168821004,34.32679215609925,34.41555893306463,30172000
2015-10-20,33.72129440307617,34.61391841535207,33.40788284910291,34.60846271312809,52434000
2015-10-21,33.31465148925781,33.964281020637365,33.260102040302456,33.880474331511955,31952000
2015-10-22,33.77782440185547,34.12049317943638,33.30969339758653,33.495160778379436,88632000
2015-10-23,35.67167663574219,37.316582332827984,35.602746367746974,37.19558075035788,126726000
2015-10-26,36.25634002685547,36.44627185210069,35.705889214024495,35.705889214024495,48776000
2015-10-27,36.340641021728516,36.496355526337496,35.91020053312721,36.03070268274443,38778000
2015-10-28,36.54396057128906,36.566275222564016,36.065413832307534,36.34956810223051,39604000
2015-10-29,36.93721389770508,37.03341888468649,36.45668459176194,36.52958366715749,36520000
2015-10-30,36.5672721862793,37.00961538322019,36.52462539271881,36.9724242919587,39984000
2015-11-02,37.080528259277344,37.102347282876416,36.272702273183576,36.4254430052311,39914000
2015-11-03,37.13408660888672,37.276903412475235,36.754222968060866,36.96597381216498,36306000
2015-11-04,37.455928802490234,37.683547369786595,37.15293300843536,37.18764595605918,41840000
2015-11-05,37.72172927856445,38.00340164348714,37.56304099528392,37.62948932561928,45486000
2015-11-06,37.767845153808594,37.838262291535855,37.44203536359888,37.65825063261014,33544000
2015-11-09,37.42914581298828,37.85215188446314,37.14846848712241,37.61510882381188,35538000
2015-11-10,37.60221481323242,37.718256306786806,37.11375545340267,37.36517553658122,29798000
2015-11-11,37.9488525390625,38.13878058173137,37.676105276193994,37.80652757672948,41866000
2015-11-12,37.516422271728516,37.97612376111123,37.48319621760883,37.69742519306081,35452000
2015-11-13,36.70017623901367,37.45691846497849,36.67041958272683,37.39294827495968,48188000
2015-11-16,37.21343231201172,37.27740250220077,36.4155263941077,36.70711892593055,50704000
2015-11-17,36.993247985839844,37.438073062163056,36.89753863364928,37.315088984908584,38864000
2015-11-18,37.68899917602539,37.74305299961462,37.06317114205296,37.17127878923141,36266000
2015-11-19,37.68553161621094,37.84868056944109,37.55114049409953,37.67759398567718,28078000
2015-11-20,38.53153610229492,38.64658634351289,37.891826645041604,38.149693700541384,55478000
2015-11-23,38.51666259765625,38.824122841800666,38.3584699227265,38.55484873245167,34648000
2015-11-24,38.16606140136719,38.48145550536566,37.59478272843168,38.33119667232064,47880000
2015-11-25,38.147708892822266,38.33317627208229,38.01232652134756,38.268211045561536,23612000
2015-11-27,38.282100677490234,38.382770117150365,38.03563685804571,38.14275325821324,14434000
2015-11-30,37.8298454284668,38.43385078523737,37.74405241603215,38.27714498253712,33586000
2015-12-01,38.86825180053711,38.928256955024736,37.98356546484031,38.032659215447595,40398000
2015-12-02,38.57368850708008,39.32745689791467,38.50326757910973,38.94065444844514,46876000
2015-12-03,38.09514236450195,38.90246896222293,37.810000595568624,38.70807647638323,41950000
2015-12-04,38.64113235473633,38.800316282640765,37.96174984853431,38.170027531453435,49800000
2015-12-07,38.33268356323242,38.729898036561686,38.02175015120801,38.6832824278646,36626000
2015-12-08,38.439292907714844,38.61335323297468,37.81346495957317,37.91165244731701,31082000
2015-12-09,37.81495666503906,38.48640904040247,37.29227621033942,38.23895399053182,46550000
2015-12-10,37.690486907958984,37.989517645749316,37.440553705301625,37.86653356028792,32458000
2015-12-11,37.21343231201172,37.56155681578896,37.125656796729835,37.1430151615623,43184000
2015-12-14,37.81446075439453,37.894302416018554,36.511232813437,37.25508484436039,53864000
2015-12-15,37.69296646118164,38.41995574059063,37.589323262238466,38.074808830070445,49386000
2015-12-16,38.51120376586914,38.75469379632032,37.542215067530634,38.01431112545281,53120000
2015-12-17,38.17597198486328,38.75914939196796,38.1496885188768,38.73782599851758,36510000
2015-12-18,37.53229904174805,38.3897145632784,37.519405120109674,38.04704573208433,67794000
2015-12-21,37.728179931640625,38.00340536370995,37.39840504215737,37.83975699146819,34848000
2015-12-22,38.04207992553711,38.20126383905244,37.74801305103078,37.90025437574304,36338000
2015-12-23,38.110511779785156,38.27862456910749,37.57196366610421,38.21861941902755,30594000
2015-12-24,37.978111267089844,38.14473340506595,37.906207231389665,38.11101171760498,10412000
2015-12-28,38.7913932800293,38.82015489731142,38.0718420852384,38.18441040923143,31156000
2015-12-29,39.372589111328125,39.60715025993219,38.9877691434778,39.02694275079181,38430000
2015-12-30,39.19108581542969,39.49656351997176,39.03735759691674,39.37258817383492,28566000
2015-12-31,38.581626892089844,39.09339599773387,38.5474095736843,39.068103784825745,32752000
2016-01-04,37.660736083984375,37.797605354813236,37.07061220664022,37.797605354813236,67382000
2016-01-05,37.764381408691406,38.14473695670867,37.4727926400835,37.89182995234427,45216000
2016-01-06,37.6552848815918,37.97266151319363,37.09343070688567,37.21095911072039,48206000
2016-01-07,36.74629592895508,37.45593076817084,36.462641001567505,37.01854760515695,63132000
2016-01-08,36.24592971801758,37.19855509533496,36.14724280023346,37.083504854463264,47506000
2016-01-11,36.35304641723633,36.45272460418533,35.68308460183533,36.297505698174184,50896000
2016-01-12,36.96151351928711,37.110285453731414,36.519665943780325,36.73389495664945,46816000
2016-01-13,35.683570861816406,37.34137008828544,35.545214729520225,37.159867757495846,51728000
2016-01-14,36.269737243652344,36.69125273251061,34.961053306872444,35.925085876574194,55558000
2016-01-15,35.233299255371094,35.91119484385276,34.787978510562624,35.208502672773584,76676000
2016-01-19,35.65927505493164,35.97020845919307,35.201559805863795,35.712337622552276,48724000
2016-01-20,35.63349151611328,36.049551236863124,34.107105591540744,35.00567715077589,82440000
2016-01-21,36.035667419433594,36.581158209960165,35.264044951901475,35.71333074848642,51938000
2016-01-22,36.967464447021484,37.12119645318262,36.72150004733301,36.79588223031551,47146000
2016-01-25,36.38031768798828,37.31459724254527,36.32477697420802,36.88713048466049,45340000
2016-01-26,36.38874816894531,36.66992493193549,36.0505438036441,36.45916910451323,30940000
2016-01-27,35.584896087646484,36.492888449732405,35.38008780013358,36.492888449732405,42428000
2016-01-28,37.10830307006836,37.25012863220827,36.230555463886446,36.606945962310576,62104000
2016-01-29,37.75545120239258,37.94190984183688,36.904978400370666,37.141030202687276,75808000
2016-02-01,38.222591400146484,38.56079573905824,37.75693853330035,38.2468885694867,111522000
2016-02-02,38.725433349609375,40.185367019887565,38.71005750235272,39.696903895891936,135846000
2016-02-03,37.161861419677734,39.247123962189306,36.51123674531437,38.99173504007707,131114000
2016-02-04,36.20228576660156,36.95655357313469,35.83383293677509,36.92431877439441,104922000
2016-02-05,34.89955520629883,36.03814359303884,34.720039149084826,35.977646590955466,109556000
2016-02-08,34.91938781738281,34.93724180868752,33.820964417183745,34.10214113381509,89410000
2016-02-09,34.763675689697266,35.75250463178157,34.142807734425496,34.363483687351945,84300000
2016-02-10,35.05278396606445,35.864574950078676,34.98038430968948,35.29776085518859,60314000
2016-02-11,35.02848815917969,35.324045693461194,34.2762066670152,34.531595556774036,65004000
2016-02-12,35.05476760864258,35.506531441939906,34.79144111920743,35.318585943532135,46538000
2016-02-16,35.587867736816406,35.847721097299775,35.217924205934025,35.637952748698396,43444000
2016-02-17,36.298500061035156,36.38726685000631,35.536797624908374,36.05203620740171,49154000
2016-02-18,35.5814208984375,36.49834209810593,35.48422464827459,36.39718081601734,47276000
2016-02-19,35.80953598022461,35.90474971679895,35.36371958367762,35.50158011508094,34918000
2016-02-22,36.1536865234375,36.4413102081515,35.87598298422507,36.176496804607964,37516000
2016-02-23,35.57051467895508,36.24543660958204,35.4901811530482,36.007406022811196,41332000
2016-02-24,35.7495231628418,35.76539463782303,34.813265042870505,35.23924105434522,37092000
2016-02-25,36.157161712646484,36.17649880893466,35.3691722013329,35.8501971322816,36146000
2016-02-26,35.94590377807617,36.50627091802941,35.80110068075436,36.379321812196686,42474000
2016-02-29,35.567039489746094,36.230554277133685,35.54819423813538,35.75448939760654,45068000
2016-03-01,36.804317474365234,36.81225132208263,35.63745921205402,35.7693684159964,60112000
2016-03-02,36.67091751098633,36.851424842259085,36.36197037920954,36.83903033340874,36292000
2016-03-03,36.27964782714844,36.746291969969896,36.18245157917267,36.67091474737662,40534000
2016-03-04,36.21171188354492,36.44875116757251,35.983593920971344,36.43883480475191,48516000
2016-03-07,35.34784698486328,36.06244175560961,34.967987132698084,35.96028544373709,61690000
2016-03-08,35.38405227661133,35.81647912998505,34.91146055622317,35.129158978228716,52530000
2016-03-09,35.973182678222656,36.01434258412561,35.34090765342415,35.46537862909297,39544000
2016-03-10,36.308414459228516,36.52512161690802,35.86805377106496,36.09120788912516,44616000
2016-03-11,36.93820571899414,36.939692605908576,36.53305362708699,36.694223845072095,35380000
2016-03-14,37.20450973510742,37.40386232088396,36.878204234872406,36.94316947087796,32824000
2016-03-15,37.22087097167969,37.341872547672736,36.83753788813147,36.99523492674588,29832000
2016-03-16,37.557586669921875,37.638915222062195,37.01903850161791,37.14549199055474,29306000
2016-03-17,37.613128662109375,37.95331553476409,37.55758794820657,37.571968755668735,44564000
2016-03-18,37.46088409423828,37.79462397783317,37.28285493435395,37.76933555142435,56222000
2016-03-21,37.795623779296875,37.85413826943706,37.25558490087775,37.38650284361155,28774000
2016-03-22,37.690982818603516,37.93645536239399,37.58337458059102,37.611144936649374,22096000
2016-03-23,37.5675048828125,37.955798040479515,37.49163202902848,37.854632974291675,24678000
2016-03-24,37.43262481689453,37.567507798854024,37.21740453054168,37.25211747995343,31116000
2016-03-28,37.35525894165039,37.60420087850884,37.29376690086252,37.49857137707793,21676000
2016-03-29,37.9805908203125,38.04456479477911,37.107807079475975,37.37509487734354,40062000
2016-03-30,38.10208511352539,38.54691020969638,38.06439839574429,38.09563815367206,40396000
2016-03-31,37.832313537597656,38.13877868796318,37.60171744799952,38.10208322990788,32554000
2016-04-01,38.16804122924805,38.18638706729147,37.45046887721825,37.54766890303258,31674000
2016-04-04,37.942405700683594,38.30540661925344,37.77727045556589,38.16010409929226,26924000
2016-04-05,37.61759567260742,37.83083343758159,37.47031061817831,37.595776645432494,24478000
2016-04-06,38.08869552612305,38.10605388984193,37.50501865436197,37.58138713118536,25312000
2016-04-07,37.694461822509766,38.15267276819195,37.56453512706206,37.952328913789266,25498000
2016-04-08,37.66221618652344,38.04207601583153,37.478735122767844,37.979592723025455,23434000
2016-04-11,37.56651306152344,38.0465467604394,37.556596698364665,37.95877124526064,31774000
2016-04-12,37.902732849121094,37.93248572041304,37.270457850177024,37.610648487904214,27388000
2016-04-13,38.27913284301758,38.4695565634671,37.91613183253639,38.199786788592526,35426000
2016-04-14,38.45170211791992,38.66097107077906,38.344090083891636,38.45021523083442,26992000
2016-04-15,38.6803092956543,38.72642927613029,38.42888540865253,38.45715517847342,31712000
2016-04-18,39.0611572265625,39.10430342950914,38.56178646360881,38.68972683530677,33540000
2016-04-19,38.49435043334961,39.223326177339274,38.19780157521651,39.20101151989335,43952000
2016-04-20,38.42839431762695,38.66345490871502,38.24739134416457,38.63865832235452,34262000
2016-04-21,38.6803092956543,38.76362036785129,38.26127200626965,38.54691321102571,77628000
2016-04-22,36.58611297607422,37.38699257212472,36.21914704781553,36.89059560857762,140798000
2016-04-25,36.806297302246094,36.93870212553624,36.45371214131184,36.46611043271434,49442000
2016-04-26,35.971195220947266,36.973905477702885,35.720762633644206,36.91588662759573,55864000
2016-04-27,35.77730178833008,36.059466003152295,35.16337262850262,35.96871671908137,66262000
2016-04-28,34.964027404785156,36.16411183743273,34.871791214481036,35.86805859934678,62590000
2016-04-29,35.1038703918457,35.31363496531506,34.9005489954883,34.917411732063755,58278000
2016-05-02,35.42769241333008,35.4772817960254,35.02849163997751,35.304212693865104,33476000
2016-05-03,35.13163375854492,35.376111231101774,35.07658868212303,35.33296881537294,38620000
2016-05-04,35.27693557739258,35.45942540137822,34.91393466180809,35.04882140569697,34172000
2016-05-05,35.442569732666016,35.5834040370402,35.181725108746676,35.456950540503065,29668000
2016-05-06,35.96177291870117,36.00194156359911,35.305696402315974,35.318094692730455,39952000
2016-05-09,36.15766143798828,36.4135459970618,35.87846718145269,36.03715548540521,38074000
2016-05-10,36.66595458984375,36.69669871704253,36.280639041442896,36.44676553432639,32634000
2016-05-11,36.22807693481445,36.73637662659082,36.09666336646515,36.722491447923176,29834000
2016-05-12,36.1050910949707,36.467100764219005,35.91664993409312,36.29997921587671,27094000
2016-05-13,35.94442367553711,36.26477405754417,35.87896281114881,36.033190453960316,25244000
2016-05-16,36.215675354003906,36.33369936195989,35.70489756365002,35.91912655555551,22538000
2016-05-17,35.71432113647461,36.49090365851421,35.60572163675657,36.25336873687271,33404000
2016-05-18,35.79316711425781,35.98111262986324,35.45793657214052,35.63051002417591,32536000
2016-05-19,35.47231674194336,35.729691920316945,35.2243660798549,35.620593023649725,30598000
2016-05-20,35.78969192504883,36.08673632265049,35.457438958514004,35.52934676650281,34798000
2016-05-23,35.56852722167969,35.878465597231845,35.55315515600746,35.703909605619906,24816000
2016-05-24,36.35105895996094,36.40907781629918,35.68754041217357,35.697460558330654,37884000
2016-05-25,36.60247802734375,36.69124479417943,36.32973455046976,36.44874981704337,32216000
2016-05-26,36.544456481933594,36.75124724221472,36.3495683824616,36.498336508868356,27202000
2016-05-27,37.07359313964844,37.088965206709794,36.5484306635179,36.57322724917385,34802000
2016-05-31,37.13557815551758,37.365179237167304,36.972921040165026,37.131113711060095,42484000
2016-06-01,37.11623764038086,37.26054513375174,36.911924986167286,37.11673326938908,20788000
2016-06-02,36.908451080322266,37.058709886887954,36.547928313668756,36.999200362313566,33916000
2016-06-03,36.49139404296875,36.7705882434434,36.39469343628079,36.7705882434434,24608000
2016-06-06,36.20376968383789,36.62231127047473,36.11599796615754,36.62231127047473,29992000
2016-06-07,36.254859924316406,36.53355478555992,36.240479115112386,36.36296759129765,24314000
2016-06-08,36.84199523925781,36.88563328280733,36.486931993810245,36.671899941711466,32314000
2016-06-09,36.82167053222656,36.8915920551613,36.523139188296824,36.551405174869274,19180000
2016-06-10,36.35898971557617,36.67884440854448,36.22608927910277,36.49585896686042,29050000
2016-06-13,36.294029235839844,36.647109993122605,36.19187292359751,36.19187292359751,23354000
2016-06-14,36.361968994140625,36.498342637148184,36.02723781595203,36.16658523294777,26584000
2016-06-15,36.30940628051758,36.55537068651055,36.26576444416482,36.444784883757656,23234000
2016-06-16,35.9156608581543,36.22014353461452,35.483729643717986,36.099637586057966,45002000
2016-06-17,34.923858642578125,35.77383212371017,34.76863974427127,35.77383212371017,82262000
2016-06-20,35.017086029052734,35.5000935219661,34.98138182339865,35.22437245687685,45654000
2016-06-21,35.15345764160156,35.475794298716586,34.944188709851076,35.2114764995057,30318000
2016-06-22,35.232303619384766,35.41777100647632,35.00468506933066,35.40983715953866,29058000
2016-06-23,35.450496673583984,35.45099230248681,34.72548995784813,35.23626770133524,42500000
2016-06-24,33.979156494140625,34.96104276413913,33.964775688923886,34.225620265315094,95436000
2016-06-27,33.77782440185547,33.88642767730192,33.35730026102296,33.84477214472343,58146000
2016-06-28,34.27968215942383,34.35307687295187,33.961809916190404,34.28513786213569,38246000
2016-06-29,34.474571228027344,34.68830463015796,34.35010023750311,34.42845502682062,43124000
2016-06-30,34.888153076171875,34.900055740043165,34.460190640125795,34.5965642953199,42250000
2016-07-01,35.221397399902344,35.334461344259886,34.89806947790894,34.96600848369225,30984000
2016-07-05,34.955589294433594,35.11576446110713,34.669951904071915,34.96154062514924,28440000
2016-07-06,35.15791702270508,35.357765191656206,34.66350259556553,34.705158124325365,28902000
2016-07-07,35.073123931884766,35.21743143135888,34.7463265805509,35.21445765718378,21174000
2016-07-08,35.59480285644531,35.600754186491955,35.11526488478499,35.23676206328963,29946000
2016-07-11,36.06194305419922,36.14773225364934,35.648857181495266,35.67613190426642,28822000
2016-07-12,36.32527160644531,36.478504194121754,36.07682528820751,36.29601436340188,26468000
2016-07-13,36.17501449584961,36.47454087970051,36.15220421179245,36.47454087970051,20436000
2016-07-14,36.48842239379883,36.5052813447941,36.23005594305465,36.39618244198898,21408000
2016-07-15,36.4799919128418,36.74628841937157,36.43089438119106,36.74628841937157,32342000
2016-07-18,37.35129165649414,37.44749664493927,36.52363289185408,36.59305878213125,38698000
2016-07-19,37.36170959472656,37.519402852180285,37.11772392326122,37.186158559557356,30436000
2016-07-20,37.543701171875,37.72024345265381,37.39344235996958,37.39344235996958,22502000
2016-07-21,37.41129684448242,37.5967642325016,37.26798061963662,37.539732849890044,19062000
2016-07-22,37.652793884277344,37.66122335872897,37.32450595870848,37.55559765507527,20920000
2016-07-25,37.56552505493164,37.67958404998017,37.3944384540727,37.57345890283083,21466000
2016-07-26,37.57197189331055,37.651813567927114,37.32898124969356,37.56552493252077,23792000
2016-07-27,37.786197662353516,37.90918175235793,37.48667506795926,37.63742951484033,32172000
2016-07-28,37.978111267089844,38.133330155205364,37.643376320784256,38.12688319509839,73464000
2016-07-29,39.24266052246094,39.86749352741342,39.176208406814645,39.55855021112275,101810000
2016-08-01,39.71872329711914,40.04353807350582,38.9302381893422,39.01107110759106,60594000
2016-08-02,39.678062438964844,39.78716134985954,39.40085450088941,39.539706284418166,39928000
2016-08-03,39.618560791015625,39.649308711157424,39.325980729442364,39.4970673479747,29206000
2016-08-04,39.53573226928711,39.682022251733926,39.370597037717864,39.58482601604731,21520000
2016-08-05,40.015769958496094,40.03015076539793,39.56350663425749,39.67756561496506,36146000
2016-08-08,39.93146896362305,40.048997351017164,39.7559179342937,39.96965131250218,24426000
2016-08-09,40.04304885864258,40.3331507386035,39.87344914852079,39.894772546612266,32154000
2016-08-10,40.0931282043457,40.21164784135088,39.99394944662197,40.02171980145878,18370000
2016-08-11,40.07875442504883,40.36042683781989,39.969655502367985,40.191322750979026,25646000
2016-08-12,40.0217170715332,40.02865965976885,39.8526130258764,39.92452083623422,17946000
2016-08-15,39.96766662597656,40.235453816280426,39.87195726934371,40.02965429641467,18596000
2016-08-16,39.73112487792969,39.88336621033289,39.523339048868735,39.84567570725377,21158000
2016-08-17,39.94088363647461,39.95129941040567,39.48862036579849,39.67210521444896,21322000
2016-08-18,39.80847930908203,40.06882825935205,39.752938603256624,39.93791034084547,17292000
2016-08-19,39.65475082397461,39.73310560047904,39.517389717467125,39.661693412815055,22416000
2016-08-22,39.52085876464844,39.63739588701339,39.390932093681144,39.59821849911361,17056000
2016-08-23,39.50300598144531,39.72169942636103,39.47325310960791,39.695911586274086,18350000
2016-08-24,39.354732513427734,39.59574060637693,39.2138944377298,39.516394572165055,25672000
2016-08-25,39.24067687988281,39.4102765832393,39.03884615787921,39.27538982695256,24054000
2016-08-26,39.33588790893555,39.64235686348644,39.14695112076273,39.29968807735964,24978000
2016-08-29,39.46482467651367,39.598716386747114,39.19207739937307,39.32745977997956,15474000
2016-08-30,39.27142333984375,39.57293223089355,39.1499261378877,39.31903020597937,23348000
2016-08-31,39.16877746582031,39.254071064855374,39.03736388043689,39.15637917252552,21428000
2016-09-01,39.24563980102539,39.319530144945276,38.99421967688263,39.274401418766246,26070000
2016-09-02,39.51689147949219,39.528298512721626,39.337871051194526,39.437549226140746,26998000
2016-09-06,40.069828033447266,40.21214923065979,39.4454868057042,39.59227244752184,39790000
2016-09-07,40.06833267211914,40.197759920590386,39.856581839226074,40.06535511520292,22906000
2016-09-08,39.81294250488281,40.08965857723117,39.72219322322258,39.930970295705485,23554000
2016-09-09,39.100826263427734,39.758889026778114,39.079502870315196,39.611108378272846,37752000
2016-09-12,39.613590240478516,39.6805341931235,38.853866801856945,38.90445121730079,37274000
2016-09-13,39.112735748291016,39.463338398702945,38.8950335522001,39.37506725400617,36180000
2016-09-14,39.19902420043945,39.49012113147056,39.05372544115536,39.05372544115536,25842000
2016-09-15,39.73310470581055,39.85311122922831,39.109754827653475,39.17670256976002,31144000
2016-09-16,39.571441650390625,39.623512960897855,39.35572575706211,39.623512960897855,42612000
2016-09-19,39.443504333496094,39.869979863443554,39.35275503822702,39.727159253624826,22990000
2016-09-20,39.66120147705078,39.80848652671655,39.58582425070304,39.672112881999176,20984000
2016-09-21,39.921546936035156,39.96518876853298,39.475234948986504,39.73459266546319,26970000
2016-09-22,40.46307373046875,40.61729757663681,40.054452234070325,40.168011803845225,35186000
2016-09-23,40.413978576660156,40.51513985173427,40.303392784561225,40.422903681301484,28234000
2016-09-26,39.803524017333984,40.171980650024054,39.694425108236764,40.15908672984777,29454000
2016-09-27,40.2042121887207,40.34108145584214,39.76286025686579,39.76286025686579,27346000
2016-09-28,40.17098617553711,40.180410693029,39.80997153921569,39.874437357579566,29406000
2016-09-29,39.80302810668945,40.36190841394348,39.714756965403055,40.03064665720474,27000000
2016-09-30,39.87344741821289,40.07329562351984,39.74649829321063,39.85063713405486,33204000
2016-10-03,39.690956115722656,39.84765810849905,39.485156586603146,39.79856435558325,29784000
2016-10-04,39.81047058105469,39.9944511012813,39.655751090346726,39.92006513006769,25174000
2016-10-05,39.73310470581055,40.093623688437845,39.707316866861795,39.96964835001755,24276000
2016-10-06,39.82484436035156,40.01675869450655,39.697399622135485,39.87443373793204,21998000
2016-10-07,39.70732116699219,39.966678904553675,39.51441554978678,39.966183275553064,23262000
2016-10-10,40.37480545043945,40.53398938105324,39.78319466833775,39.867001371932034,29922000
2016-10-11,40.146690368652344,40.65697258095822,40.037591454310316,40.374804560718644,34432000
2016-10-12,40.25578689575195,40.39116548922834,40.09610734911758,40.265207629577795,18158000
2016-10-13,39.87443923950195,39.9974233342632,39.603678249481995,39.973126162770036,27380000
2016-10-14,39.90022659301758,40.17247825014532,39.787162646581336,40.04156030949034,22238000
2016-10-17,40.01130676269531,40.34108164064635,39.86204298695418,39.96915559860903,21128000
2016-10-18,40.7378044128418,41.10080156765005,40.333147939351875,40.3767859905438,45786000
2016-10-19,41.003108978271484,41.1498983905107,40.80673396788785,40.80673396788785,30002000
2016-10-20,40.7447395324707,41.083935083561926,40.69118134455454,41.03880637026269,27878000
2016-10-21,40.86524963378906,40.8766566674164,40.58010784395228,40.66391454440971,32316000
2016-10-24,41.444461822509766,41.55356073443632,41.11220879686245,41.16428010789189,28952000
2016-10-25,41.08790969848633,41.58132914051226,40.92673948309203,41.58132914051226,37814000
2016-10-26,40.76805114746094,41.046254116175696,40.48290937326526,41.01699309022727,35898000
2016-10-27,40.532501220703125,40.99021648753633,40.39662320804764,40.81318235131715,59470000
2016-10-28,40.64209747314453,41.60612995611763,40.51514456045022,41.156844146689444,87098000
2016-10-31,40.16305160522461,40.794335361866395,40.06883291599354,40.78441521557222,44854000
2016-11-01,39.94386291503906,40.3643908598248,39.58582205559819,40.21115448717782,47118000
2016-11-02,39.09785461425781,40.00733748424458,38.92825493452232,40.00733748424458,47014000
2016-11-03,38.788909912109375,39.17620800207094,38.6123676331153,38.90346073678692,43504000
2016-11-04,38.73485565185547,39.10083034211921,38.233994217349625,38.248870652847216,39412000
2016-11-07,39.77278137207031,39.92006263479361,39.32002239578502,39.42168309064155,39852000
2016-11-08,40.26620101928711,40.46753611048518,39.65326685693545,39.772781546324836,35382000
2016-11-09,39.949317932128906,40.25280933150319,39.277373687692986,39.76285928752729,61970000
2016-11-10,38.6946907043457,40.17098789722699,38.09663296956203,40.1680141232141,118192000
2016-11-11,38.27118682861328,38.54591280698842,37.96323101166834,38.52211126828381,71852000
2016-11-14,37.3522834777832,38.27267784194953,36.87473171458264,38.27168658399166,73766000
2016-11-15,38.44028854370117,38.692208034147285,37.94736474986214,37.95975925689377,58878000
2016-11-16,38.679317474365234,38.85387346355575,38.002413130908955,38.20523510608127,35968000
2016-11-17,38.985782623291016,39.121660634215026,38.67287047840376,38.80428404501941,30674000
2016-11-18,38.48046112060547,39.240180917697,38.44971698921651,39.035872052433014,36126000
2016-11-21,38.91834259033203,39.005123063165335,38.49682338384016,38.58608578500666,32616000
2016-11-22,38.92825698852539,39.363161938984966,38.86577368920534,39.126122661419124,27884000
2016-11-23,38.63071823120117,39.15240745114739,38.31581979576557,39.15240745114739,26260000
2016-11-25,38.69171905517578,38.82412389114326,38.59055398176927,38.8097430824362,12270000
2016-11-28,38.967437744140625,39.659218540476544,38.58608717198016,38.598485463809816,51508000
2016-11-29,39.148441314697266,39.49557079083197,38.94511991908441,39.095874372556494,31240000
2016-11-30,38.47599411010742,39.25108970462667,38.340615518427555,39.13157880657783,45582000
2016-12-01,37.903221130371094,38.61087321171011,37.35921737626817,38.6083950673919,57342000
2016-12-02,37.909671783447266,38.20919811703961,37.638910843881575,37.78272268030764,34376000
2016-12-05,38.592041015625,38.680312167748255,38.03415189782094,38.1844107297002,33770000
2016-12-06,38.49087142944336,38.942143501208534,38.34904587457742,38.689728367066834,34682000
2016-12-07,39.24911117553711,39.27539086346188,38.359460882219835,38.67783252909305,40588000
2016-12-08,39.43258285522461,39.62251465744497,39.07255954023717,39.32249270600432,32250000
2016-12-09,40.1407356262207,40.165532207710385,39.57540837578578,39.63739604608283,38090000
2016-12-12,40.06386947631836,40.23495604295762,39.89675172454873,39.91113253038233,32572000
2016-12-13,40.43281936645508,40.877148826659145,40.26421472187155,40.28652937481459,42564000
2016-12-14,40.55928039550781,40.87517010235621,40.305873992751984,40.46158851570313,35994000
2016-12-15,40.44820022583008,40.812688069436334,40.2671934848368,40.53299818757671,35394000
2016-12-16,40.16007614135742,40.62423832922647,40.074778777211556,40.580104652013716,51978000
2016-12-19,40.291988372802734,40.47646450909607,39.89526574314572,40.13230881964824,25272000
2016-12-20,40.42587661743164,40.48985058574589,40.217598957268436,40.335127335748176,25438000
2016-12-21,40.2771110534668,40.451667039307594,39.92502152449157,40.451667039307594,29192000
2016-12-22,40.15214920043945,40.221079470772125,39.97114244961582,40.1233875826191,22632000
2016-12-23,40.05891036987305,40.21611176340098,39.9255142992832,40.06932614451522,15310000
2016-12-27,40.16454315185547,40.465556443570605,39.95973864327559,40.102555472320766,19520000
2016-12-28,39.89873504638672,40.33314435403471,39.79310933068708,40.33314435403471,24296000
2016-12-29,39.8149299621582,39.95725114232601,39.579873198421986,39.787655235629515,21148000
2016-12-30,39.29770278930664,39.835259656691534,39.15736035016041,39.83129084182486,34718000
2017-01-03,40.069332122802734,40.239423677634676,39.517889982538364,39.70285797471264,39180000
2017-01-04,40.05742263793945,40.33810373386275,39.87592407978732,40.16255272289262,30306000
2017-01-05,40.31777572631836,40.35347993020166,39.96568619388392,40.04403719083414,26810000
2017-01-06,40.922279357910156,41.108242374195086,40.24239748074538,40.41546657695587,40342000
2017-01-09,41.01997375488281,41.18114019886735,40.74425269352273,40.97980510527993,28178000
2017-01-10,40.96194839477539,41.130556829441424,40.81962721252851,41.01451533275923,23948000
2017-01-11,41.152870178222656,41.154852694030204,40.73681048196341,40.99219937898795,26508000
2017-01-12,41.13650894165039,41.178660105260526,40.713998480740365,41.07947755844788,26990000
2017-01-13,41.20642852783203,41.390405238780495,41.13601138212753,41.20940230155456,25804000
2017-01-17,41.033851623535156,41.16873457275538,40.82259642071869,41.15980946890948,28818000
2017-01-18,41.11121368408203,41.15039107092733,40.866236784204396,41.149895441987034,20554000
2017-01-19,40.88062286376953,41.308589050350946,40.86029450774119,41.11022772926218,21410000
2017-01-20,41.06906509399414,41.12212766134273,40.892027182126576,41.114685659918514,26124000
2017-01-23,41.87540054321289,41.93044562655304,41.09534864255038,41.23965612545367,49148000
2017-01-24,42.12831497192383,42.22699811397487,41.76878341409587,42.00185768787237,33768000
2017-01-25,42.57066345214844,42.58752240760998,42.13873217043585,42.3276727846176,33108000
2017-01-26,42.49775695800781,42.69710953150405,42.17740659261196,42.600408910411446,69866000
2017-01-27,41.905155181884766,42.994649861401655,41.749940071620735,42.59793101150635,75050000
2017-01-30,40.85384750366211,41.51835357765872,40.71499193064889,41.509924101168345,70338000
2017-01-31,40.67333221435547,40.81615280472264,40.33661476749601,40.63911489947876,40404000
2017-02-01,40.42787170410156,40.862281111191685,40.27959538160033,40.862281111191685,45020000
2017-02-02,40.5776252746582,40.890045571153436,40.26967320585819,40.415963207605486,33784000
2017-02-03,40.67036437988281,40.96790448236163,40.631682615355224,40.81913632283606,30562000
2017-02-06,40.74425506591797,40.782437418314714,40.380758465752464,40.70954211672651,27018000
2017-02-07,41.12162780761719,41.25502766801395,40.82706529787356,40.93665983419373,33332000
2017-02-08,41.153865814208984,41.37057675890526,40.91732214247317,41.18610061664639,26044000
2017-02-09,41.162784576416016,41.257998298614176,40.98624609229107,41.24560000855443,23884000
2017-02-10,41.400325775146484,41.51438097041983,41.18510552094612,41.30610330506464,28302000
2017-02-13,41.604148864746094,41.74200940389567,41.46975772881294,41.541661772573235,25914000
2017-02-14,41.65719985961914,41.754891728416695,41.4489222027776,41.64430594037271,27266000
2017-02-15,41.5228157043457,41.74349166835377,41.468266249563726,41.59670225604755,27144000
2017-02-16,41.76333236694336,41.78911642656534,41.51984231190419,41.58133436194617,20102000
2017-02-17,41.98052978515625,41.99987066496426,41.6448035898034,41.72067643872161,29224000
2017-02-21,42.115421295166016,42.2607200495014,41.98053453364208,42.05194672997789,25206000
2017-02-22,42.21906280517578,42.33956497001687,41.988466684456796,42.0524406595054,24488000
2017-02-23,42.20120620727539,42.28154350116454,41.77969079569566,42.205175022443974,27734000
2017-02-24,42.04301452636719,42.07028925393276,41.80250205149641,42.03508067927258,26924000
2017-02-27,42.13525390625,42.18484328748124,41.80498340612028,41.901188394748345,20206000
2017-02-28,41.90019607543945,42.0936011066323,41.72712696714536,42.02020639624849,27662000
2017-03-01,42.48634719848633,42.548334863623644,42.10301417577835,42.22004691782501,36374000
2017-03-02,42.14418029785156,42.473459550089444,42.088143954841,42.464530661459044,25018000
2017-03-03,42.10599136352539,42.19227998617091,41.88928422414319,42.09904877473447,20100000
2017-03-06,42.016239166259766,42.09905461428357,41.71373899122688,41.99590702602129,20958000
2017-03-07,42.208648681640625,42.31675634233,41.929458207599495,42.01574305780184,20774000
2017-03-08,42.33213424682617,42.4952870183962,42.21361457699331,42.30634640064151,20576000
2017-03-09,42.540401458740234,42.682726423260924,42.284021297759324,42.33460571946281,26954000
2017-03-10,42.71744155883789,42.857284602286036,42.529000390475204,42.781411749266475,26732000
2017-03-13,42.87464141845703,43.00109490777939,42.68818277278567,42.688678401756775,23332000
2017-03-14,42.94059753417969,43.023412972764405,42.653965087417475,42.83348114251216,21234000
2017-03-15,43.063575744628906,43.13746607479491,42.711981869445765,43.0412610919244,26658000
2017-03-16,43.14341354370117,43.277804643695504,43.02042947522292,43.16969700902199,22090000
2017-03-17,43.260948181152344,43.362608871455045,43.062586873676324,43.325909627095676,37366000
2017-03-20,43.0397834777832,43.16028565509073,42.87911264689721,43.117638856264655,30844000
2017-03-21,42.1585578918457,43.31549584737953,42.03706069746766,43.14639178983519,50760000
2017-03-22,42.141700744628906,42.416926160608924,42.002845180784206,42.12582926727601,27334000
2017-03-23,41.63835525512695,41.73952031148687,41.30858418506288,41.72464387625716,65754000
2017-03-24,41.41471481323242,41.85408429706668,41.115192175441095,41.75490173426021,42114000
2017-03-27,41.58182144165039,41.724146394759245,40.87714683132068,41.06509234598481,38692000
2017-03-28,41.68696212768555,41.92350579956987,41.27238549049056,41.64034651723007,30384000
2017-03-29,42.145172119140625,42.230465707265346,41.72415231402535,41.7920913204996,29146000
2017-03-30,42.12582778930664,42.25079438729793,41.99144045777014,42.24980312939076,18988000
2017-03-31,42.04251480102539,42.129794677416676,41.91556569302621,41.99441231073804,28820000
2017-04-03,42.48634719848633,42.59792423904813,42.02912384984257,42.089624628236784,39388000
2017-04-04,42.27907180786133,42.30039520700661,42.028143525123106,42.052444481955995,26970000
2017-04-05,42.097564697265625,42.67677716272042,42.0286344337109,42.385188414042496,37104000
2017-04-06,41.90862274169922,42.329642489444076,41.85407329235535,42.12681675564776,30672000
2017-04-07,41.759857177734375,41.947307093025614,41.521826620248596,41.9036690402863,22232000
2017-04-10,41.740020751953125,41.9899577562754,41.694895812116435,41.73208690447786,20924000
2017-04-11,41.64976501464844,41.88531741587086,41.38792914386672,41.740018673254596,19486000
2017-04-12,41.728118896484375,41.84019157800632,41.53620455004589,41.5793469707938,22716000
2017-04-13,41.664642333984375,41.8406889941235,41.54910024475379,41.707289127586236,21474000
2017-04-17,42.406009674072266,42.43130188226964,41.70678699922201,41.72414536140744,20982000
2017-04-18,42.349483489990234,42.51808814517669,42.21360548114079,42.27757567030453,18724000
2017-04-19,42.47444534301758,42.65743078498596,42.32666468834405,42.518083388870224,21606000
2017-04-20,42.651493072509766,42.84241240470758,42.52354889556606,42.634630334932865,23776000
2017-04-21,42.5954475402832,42.76852042174209,42.534950537888896,42.678262980271256,23458000
2017-04-24,43.58625411987305,43.637334165964894,42.950509770195445,43.06605562662423,33930000
2017-04-25,44.07769775390625,44.24679802898391,43.603615418776904,43.75139229861264,40760000
2017-04-26,44.09257507324219,44.28349815976881,43.89470939781327,44.20415212464137,26466000
2017-04-27,44.20663070678711,44.30283569444593,43.995379263853415,44.135222301207726,46846000
2017-04-28,45.847076416015625,46.41140864894672,45.782606814790455,46.06923926718595,76918000
2017-05-01,46.258670806884766,46.40744273241571,45.662599413681235,45.82872591991536,46556000
2017-05-02,46.470420837402344,46.763004610173645,46.16841633099598,46.28098842279427,35026000
2017-05-03,47.03376388549805,47.120544351210995,46.37719174269999,46.41884727426469,36496000
2017-05-04,47.34469985961914,47.563888950498146,46.98021201764203,47.1250151397329,38752000
2017-05-05,47.1245231628418,47.529179686330735,47.01641549604573,47.443882305917874,32310000
2017-05-08,47.54157638549805,47.655631597018164,46.98170097065168,46.984182899224535,37534000
2017-05-09,47.44338607788086,47.715637757616314,47.32883523493765,47.672495330622844,33758000
2017-05-10,47.350650787353516,47.44338259547366,47.10270008245912,47.41908542404373,22920000
2017-05-11,47.402713775634766,47.506856391130086,47.041699157798405,47.174599602995826,20622000
2017-05-12,47.36552047729492,47.50635476263821,47.2127835307199,47.4999115865169,24298000
2017-05-15,47.56785202026367,47.740425493350756,47.250475431059215,47.37296389248894,26754000
2017-05-16,47.83513641357422,47.89910659410891,47.623884994108,47.78257326487724,22030000
2017-05-17,46.72234344482422,47.65562796915042,46.61770519282144,47.59165777842609,48982000
2017-05-18,47.13542938232422,47.31791922016584,46.67771033389201,46.77341969716023,36010000
2017-05-19,47.34122848510742,47.58471854037057,47.20981490803717,47.25047918875206,27206000
2017-05-22,47.80836486816406,47.84555974302487,47.43594319112979,47.457762216999214,27748000
2017-05-23,48.12970733642578,48.326082340687556,47.82968534461485,48.10045009405609,30908000
2017-05-24,48.47981262207031,48.50510104843531,48.183263826900564,48.36327550224767,22660000
2017-05-25,49.18647766113281,49.38087395727008,48.490232387653094,48.548750663131486,39082000
2017-05-26,49.25639724731445,49.41111671969681,48.96331784181177,49.19341453452653,32728000
2017-05-30,49.400203704833984,49.47211152006887,49.16167754406984,49.218209511619015,30324000
2017-05-31,48.949928283691406,49.57030062685248,48.681645460182665,49.4021916056007,34482000
2017-06-01,49.009437561035156,49.249950027594366,48.662304332794264,49.14184237902644,26128000
2017-06-02,49.397727966308594,49.41558195960664,48.94893782326675,49.02431504481306,34710000
2017-06-05,49.78253936767578,49.957095321747296,49.36449342647504,49.48549497670838,27578000
2017-06-06,49.42549133300781,50.01710198848992,49.332263914774444,49.75427489990439,31042000
2017-06-07,49.664520263671875,49.78403115558189,49.385326052021625,49.54500558833486,27482000
2017-06-08,49.80238342285156,49.86784049676584,49.42252354896753,49.79990149461113,33758000
2017-06-09,48.1083869934082,49.862887140402485,47.277750637418855,49.86239151141068,72958000
2017-06-12,47.696292877197266,48.003257481100995,46.45604373663614,47.543060281458054,84042000
2017-06-13,48.127235412597656,48.49469704135999,47.70621179834885,48.20360390006283,40108000
2017-06-14,47.99977493286133,48.58345174082302,47.58222460903668,48.37517409952524,30110000
2017-06-15,47.615455627441406,47.64025220879291,46.63307742517369,47.01244166260358,48552000
2017-06-16,47.5380973815918,47.60405386865865,47.04616482162544,47.502888807700664,51184000
2017-06-19,48.361297607421875,48.56362395480943,48.01317310151894,48.08507713936887,29376000
2017-06-20,48.05234909057617,48.637512873246415,48.013171700930485,48.365756857459786,25946000
2017-06-21,48.52841567993164,48.576022547275464,48.07516107389255,48.141613193262096,23232000
2017-06-22,48.43071746826172,48.62312742845359,48.26657349069911,48.44311197489985,20190000
2017-06-23,48.90034103393555,48.92662450391331,48.32360671509279,48.37518239707593,31280000
2017-06-26,48.20607376098633,49.29209891940668,48.11879388312758,49.0942332532635,30358000
2017-06-27,47.01591491699219,47.9645752944747,46.96632553365375,47.68588046305057,48872000
2017-06-28,47.6566162109375,47.76720200383688,46.42430101204504,47.14336026379813,54912000
2017-06-29,46.506622314453125,47.19295115976187,46.09899207409233,47.17757909465586,64134000
2017-06-30,46.10295867919922,46.86267841078685,46.09948549310746,46.812593402635756,45754000
2017-07-03,45.59614562988281,46.329090043167966,45.39034611324507,46.27850562295569,33896000
2017-07-05,46.230899810791016,46.43074800115693,45.554986762116975,45.8312034300592,41882000
2017-07-06,46.004268646240234,46.42330587139221,45.61548370224968,45.870872582059434,40298000
2017-07-07,46.6548957824707,46.84581886255221,46.10841001006058,46.167919534397264,33266000
2017-07-10,47.16021728515625,47.2658467841332,46.71142717202017,46.71142717202017,29030000
2017-07-11,47.285682678222656,47.35312605280559,46.868631706403306,47.136418905416306,29224000
2017-07-12,47.98639678955078,48.08408867427388,47.45975123090913,47.64918366870011,32042000
2017-07-13,48.04541015625,48.53387335782947,47.84457068641401,48.14211078185353,30492000
2017-07-14,48.445098876953125,48.47633863354186,48.10986832923066,48.30079140501328,21592000
2017-07-17,48.39799118041992,48.76446151150761,48.14210664466334,48.415845173651554,33210000
2017-07-18,48.942989349365234,49.13639059596176,48.20360168122749,48.269058760287045,28266000
2017-07-19,49.23160171508789,49.37194038363207,48.945960521392344,49.09473244937052,28242000
2017-07-20,49.202842712402344,49.524679972083455,48.82744346970465,49.44136889869042,28368000
2017-07-21,49.28466796875,49.3476469041636,48.80512987390035,49.04465110681901,29266000
2017-07-24,49.50633239746094,49.897103692369484,49.10762725537784,49.297559092292246,79690000
2017-07-25,48.0543327331543,48.43617514191292,47.79497500253441,48.13714817516883,118672000
2017-07-26,47.86985778808594,48.298315816304175,47.61794205286453,48.240296955923,44432000
2017-07-27,47.235107421875,48.078637762408086,46.468940611053064,48.06177502512705,74358000
2017-07-28,47.52371597290039,47.69529817946804,46.87805142208544,47.010955652473044,36276000
2017-07-31,46.88747787475586,47.665547275688176,46.70051981236371,47.606533375916996,45670000
2017-08-01,46.940040588378906,47.333290023203226,46.86069833421592,47.002028261461085,28052000
2017-08-02,46.993595123291016,47.06599856612127,46.24379177357356,47.02979495299263,40788000
2017-08-03,46.629608154296875,47.11063311885888,46.58696136020735,47.06600380879144,22478000
2017-08-04,46.90185546875,46.98863593588124,46.604811041169754,46.81060677422712,25092000
2017-08-07,46.899871826171875,47.059059529941955,46.78829477158166,46.98764733959947,28916000
2017-08-08,46.822513580322266,47.234112649723684,46.737715621479595,46.82747365367446,30102000
2017-08-09,46.61870193481445,46.80119177938233,46.31322421079705,46.537869005155024,28018000
2017-08-10,45.80095291137695,46.431241583942295,45.71119488897528,46.3667757711071,54148000
2017-08-11,46.123291015625,46.28544870248275,45.683425993885166,45.8069057051772,32334000
2017-08-14,46.56166458129883,46.66629904028285,46.34148425966757,46.56860716996804,23012000
2017-08-15,46.5195198059082,46.76697488723772,46.44811139363065,46.6658098169882,22130000
2017-08-16,46.826480865478516,47.1056713162166,46.616712522265445,46.676717679241115,26906000
2017-08-17,46.00278854370117,46.8036682426671,46.001797285718034,46.76102144882758,33914000
2017-08-18,45.92938995361328,46.1694067852082,45.79401136523501,45.969062970150496,26748000
2017-08-21,45.66606903076172,46.03204373184686,45.55350071986463,45.90906342916445,26024000
2017-08-22,46.63456726074219,46.71192699997821,45.928897523208725,45.96807491352462,35502000
2017-08-23,46.742671966552734,46.88400188668446,46.37867979345375,46.46595589029751,22690000
2017-08-24,46.46051025390625,46.9276462803606,46.155528152386964,46.79871463347344,25892000
2017-08-25,46.14362335205078,46.65092796459833,46.123786843514566,46.57555074553158,23746000
2017-08-28,46.026100158691406,46.359344459434325,45.925926346807096,46.212063190822604,20988000
2017-08-29,46.403968811035156,46.524970378782186,45.58870835761556,45.620447528143664,23172000
2017-08-30,46.79473876953125,46.905324559167866,46.31966518345918,46.400002473723774,22406000
2017-08-31,47.370487213134766,47.46768346553586,46.924670817438766,46.92714896244938,33866000
2017-09-01,47.209312438964844,47.52371523369903,47.1245144866378,47.48106844305831,20858000
2017-09-05,46.6881217956543,47.179558703783755,46.39652928844489,46.9549139384626,29148000
2017-09-06,46.71490478515625,46.83788509210258,46.2517300385947,46.80664533223622,27830000
2017-09-07,47.10517120361328,47.135423485423395,46.49223712224163,46.825485150520365,22332000
2017-09-08,46.68464660644531,47.14533936648933,46.615220722809426,47.09574999009611,19998000
2017-09-11,46.77788162231445,47.24353070952721,46.664318271199875,46.97177848336426,26748000
2017-09-12,46.94449996948242,47.0159083688702,46.4907497974481,46.957889517295996,25696000
2017-09-13,47.132450103759766,47.25196478794652,46.84978646862486,46.887476971137396,21908000
2017-09-14,46.621177673339844,47.01294022589759,46.533402158652414,46.91227079077676,28548000
2017-09-15,46.381160736083984,46.70151488008592,46.18081690762232,46.619195067805805,39886000
2017-09-18,46.10643005371094,46.459015208510344,45.890714164084756,46.36727466389733,29474000
2017-09-19,46.45901107788086,46.512569269652445,45.95319337990694,46.28792829505242,24854000
2017-09-20,46.98863983154297,47.11063266470182,46.49075591911363,46.50216295273148,40080000
2017-09-21,46.9891357421875,47.24948473358056,46.58398741638677,47.0179011408994,27414000
2017-09-22,46.77639389038086,47.11063322132889,46.65638735519029,46.75209671931639,21496000
2017-09-25,46.331077575683594,46.60233419380158,45.84657941674929,46.58745775686731,37468000
2017-09-26,46.48727798461914,46.81705283360065,46.372727164860606,46.45058252599253,33454000
2017-09-27,47.6015739440918,47.87580811223857,46.71143184626798,46.75060923698249,46692000
2017-09-28,47.84505844116211,47.91299365566856,47.385852560660275,47.42056550302476,28018000
2017-09-29,48.28690719604492,48.39055039686221,47.90406977893534,47.90406977893534,40622000
2017-10-02,47.976966857910156,48.4862577364052,47.70322835480957,48.38261453989456,30782000
2017-10-03,48.20558547973633,48.22343947455166,47.74092760322641,47.981436311939255,21666000
2017-10-04,47.94275665283203,48.32063403738987,47.88473400928468,48.18971609694457,21156000
2017-10-05,48.85570526123047,48.921166118090966,48.115822027686306,48.24078862704488,35618000
2017-10-06,49.27474594116211,49.30549385589076,48.52444688054083,48.59833721826085,31060000
2017-10-09,49.208797454833984,49.61295455791978,49.168628802357816,49.34219355062421,25910000
2017-10-10,48.985137939453125,49.46467599871771,48.65338055030203,49.3570639761873,23268000
2017-10-11,49.870323181152344,49.965536911405124,48.99207999630579,49.04662945044171,36300000
2017-10-12,49.870323181152344,50.16240754852281,49.64468714662896,49.780565152998605,30614000
2017-10-13,49.980411529541016,50.3220852654916,49.940242883855284,50.04190357044996,26552000
2017-10-16,50.05380630493164,50.18521987248722,49.665516933576164,50.06769148351542,21420000
2017-10-17,50.1356315612793,50.31217385472003,49.890162785863865,49.959093051266045,20260000
2017-10-18,50.221920013427734,50.39895415181244,49.853958990972124,50.138113311441074,25596000
2017-10-19,49.68138122558594,49.953137230765876,49.456244609722525,49.825688703861445,34284000
2017-10-20,49.8415641784668,50.01909394476749,49.70270860757402,49.93975168768478,32120000
2017-10-23,48.87306594848633,49.87726701857971,48.752064375047425,49.84701473350631,32786000
2017-10-24,49.01935577392578,49.05754190601021,48.45353286580902,48.920672638766945,28902000
2017-10-25,49.1666374206543,49.31391866974858,48.48526868881252,48.90926222716537,30574000
2017-10-26,49.16465377807617,49.91297029240875,49.117542541618604,49.51426515906701,47396000
2017-10-27,51.25983810424805,52.74506415043374,50.92163374493934,51.126937649734316,103682000
2017-10-30,51.233055114746094,51.565308092978896,50.697480778133105,51.03618071570122,46804000
2017-10-31,51.22859191894531,51.62332820105561,50.89435263347983,51.22660940323287,30326000
2017-11-01,51.70268249511719,51.96352712322104,51.27620697630303,51.39125722427254,43262000
2017-11-02,51.721031188964844,51.84748847793542,51.01139634727993,51.57325428464754,26694000
2017-11-03,52.069149017333984,52.1023750755153,51.45720614231456,51.71011690424196,27770000
2017-11-06,51.70664596557617,52.19808670378432,51.672924276958234,52.025017599763366,18294000
2017-11-07,52.18816375732422,52.23874817925111,51.722514668837015,52.05228575215725,26104000
2017-11-08,52.48074722290039,52.69894125279004,51.923353811073085,52.07212195189413,24276000
2017-11-09,51.95657730102539,52.11327928093476,51.36794037649405,51.9704624781529,35892000
2017-11-10,51.779544830322266,51.90252892161213,51.63424608418629,51.76565965173881,19442000
2017-11-13,51.63325500488281,52.00716356994942,51.53705001244632,51.61341849491961,18814000
2017-11-14,51.65507125854492,51.68780168739899,51.04461527708576,51.460678768136674,21012000
2017-11-15,51.39570999145508,51.55538952612461,51.11552452481637,51.32578847788494,18106000
2017-11-16,51.9937744140625,52.15692715593197,51.47456709842512,51.51175819024565,23768000
2017-11-17,51.369930267333984,52.119238094285166,51.26281764986963,52.059732345725266,26712000
2017-11-20,51.308929443359375,51.5092732506218,51.21073816373628,51.37537777087529,17526000
2017-11-21,52.08452224731445,52.08898669157897,51.531097629318225,51.57572693825396,22206000
2017-11-22,52.16485595703125,52.33891630339723,51.93326860187306,52.127165456433545,14538000
2017-11-24,52.392974853515625,52.5690215149846,52.16486066383673,52.28734912669069,16492000
2017-11-27,53.1611213684082,53.21220141941328,52.30618788455397,52.49463282792565,35430000
2017-11-28,52.728702545166016,53.557352626203155,52.29478880861113,53.25931690595889,36424000
2017-11-29,51.443817138671875,52.50455016630256,51.060484068236356,52.37611037638018,55866000
2017-11-30,51.38380813598633,51.77904383912151,51.08131179584592,51.5707661819388,45092000
2017-12-01,50.83336639404297,51.436876033513535,50.42821428668972,51.09817604514459,37762000
2017-12-04,50.17877197265625,51.14429506199588,50.04735840756122,50.96874403359691,38778000
2017-12-05,50.56210708618164,51.40910678152146,49.70519102739374,50.13513594379078,38998000
2017-12-06,51.212730407714844,51.55291728137784,50.349363627875285,50.40936878626148,28710000
2017-12-07,51.80036926269531,52.01608514583892,51.343645285821324,51.378853859003144,30866000
2017-12-08,52.03889846801758,52.3880104210967,51.86433870805091,52.159400621447254,31170000
2017-12-11,52.16733932495117,52.36718753032225,51.778058690010525,52.12469253060521,23254000
2017-12-12,52.0086555480957,52.689528780110166,51.81525428630646,52.0696519709324,33882000
2017-12-13,52.13857650756836,52.34139848224902,51.900046545329204,52.17279382474139,27680000
2017-12-14,52.44008255004883,52.91664303619711,52.248168206925044,52.34189504817109,30962000
2017-12-15,53.160621643066406,53.32179184713229,52.57000599772476,52.752991441506225,63760000
2017-12-18,53.80976104736328,53.87918693385484,53.079794197885974,53.3812992834663,30292000
2017-12-19,53.54644012451172,53.80381534382026,53.174018443228746,53.70711472156282,26350000
2017-12-20,53.23799133300781,53.61834685390678,52.99202315248138,53.602974788480715,28728000
2017-12-21,53.103599548339844,53.43436568251371,53.01185900248399,53.32873995836311,25640000
2017-12-22,53.00491714477539,53.14674270355998,52.94441635753417,53.06144911669449,17788000
2017-12-26,52.85565185546875,53.00491942232456,52.49810660236824,52.99400801729041,18376000
2017-12-27,52.57546615600586,52.97566198635795,52.48521249229151,52.89284654116644,22324000
2017-12-28,52.36470413208008,52.80556040594889,52.23725560739787,52.67712062337121,19884000
2017-12-29,52.238250732421875,52.46884684670972,52.20353778637533,52.34189772500445,23606000
2018-01-02,53.22063064575195,53.357995537474515,52.21940716939454,52.21940716939454,31766000
2018-01-03,54.128623962402344,54.3557468698066,53.23153936524892,53.25633216250734,31318000
2018-01-04,54.33888626098633,54.751476560448786,54.26450408287468,54.40484274679612,26052000
2018-01-05,55.05942916870117,55.22258188887261,54.63840941820427,54.720233592754916,30250000
2018-01-08,55.25383377075195,55.49930634827347,55.04506044265567,55.09464983051305,24644000
2018-01-09,55.183406829833984,55.46359230752594,54.95578828833966,55.46359230752594,26808000
2018-01-10,55.051998138427734,55.18291607811487,54.74652420696688,54.896283615302465,20734000
2018-01-11,55.14670944213867,55.28556121203924,54.87049278913783,55.159603361261865,22424000
2018-01-12,56.069091796875,56.10132281445176,54.94637108166763,55.05001429043601,38586000
2018-01-16,56.07156753540039,56.97311661601301,55.87122371564505,56.54812802368967,36462000
2018-01-17,56.488128662109375,56.49903628307341,55.71402429869447,56.352250653332995,27830000
2018-01-18,56.33291244506836,56.562017897308706,55.762129438763544,56.50052585015715,27498000
2018-01-19,56.70632553100586,56.72021070996429,56.16083473617007,56.43506891231279,30552000
2018-01-22,57.730857849121094,57.865744604493074,56.62301354096879,56.72219609151508,29550000
2018-01-23,58.32643127441406,58.44247277294646,57.884088088915895,58.05120585591647,39138000
2018-01-24,58.08443069458008,58.86597325427586,57.89152509119523,58.763321307092504,37128000
2018-01-25,58.62248229980469,58.76431163354587,58.11170450023698,58.551569524647675,29984000
2018-01-26,58.891265869140625,58.891265869140625,57.922772751632536,58.88977898213961,42170000
2018-01-29,58.837711334228516,59.408989965944905,58.71770101469446,58.91308855982993,31494000
2018-01-30,58.38593673706055,58.90960843920733,58.24410740796787,58.40329510027652,37338000
2018-01-31,58.62644958496094,58.82977095493848,58.124596903147186,58.70529620480337,36022000
2018-02-01,58.59521484375,58.88581613611775,57.98872761220366,58.31751125615229,73514000
2018-02-02,55.50128173828125,56.10132195619659,55.10307223257932,55.908911977935325,117842000
2018-02-05,52.68406295776367,55.292505129117984,52.40388126656308,54.57939722930204,83550000
2018-02-06,53.777034759521484,53.92332476135925,51.07833873275728,51.275213158237804,76630000
2018-02-07,52.337928771972656,53.88117365517062,52.29875138174202,53.803813916102946,51942000
2018-02-08,49.97248458862305,52.76043944735816,49.82321701800605,52.55910434558178,66792000
2018-02-09,51.88467025756836,52.15493558662901,49.44136332550892,50.87352667351269,98360000
2018-02-12,52.2957763671875,52.84176275541114,51.84599496738983,52.400410831553884,56240000
2018-02-13,52.27495193481445,52.6260502237265,51.9169110564332,52.06964802475591,31586000
2018-02-14,53.19533920288086,53.33270409658668,52.05972837561951,52.28387374049977,41304000
2018-02-15,54.120697021484375,54.25657503679808,52.92408592137374,53.72843882491216,37396000
2018-02-16,54.32600021362305,54.96124903312961,54.130117040712896,54.22086633158134,39948000
2018-02-20,54.72718048095703,55.35697356321542,54.053249936484505,54.19011920041888,33754000
2018-02-21,55.23101806640625,56.3443180642119,54.92157532240857,55.000425732948564,41486000
2018-02-22,55.04009246826172,55.811714885519635,54.80454007218007,55.49979401074562,28010000
2018-02-23,55.942142486572266,55.9872712108776,54.967698009947114,55.47450705289825,25292000
2018-02-26,56.71624755859375,56.741040359883044,56.00413080921615,56.12909742398579,30912000
2018-02-27,55.417476654052734,56.74351877326241,55.381772449677165,56.71624404513445,42964000
2018-02-28,54.74354553222656,55.92032007840852,54.69792496509287,55.64013458167167,49292000
2018-03-01,53.13136672973633,55.108029569544456,52.92705409936514,55.02224036000283,55338000
2018-03-02,53.76265335083008,53.899026988063376,52.07510100225839,52.46537287912138,50162000
2018-03-05,54.28929901123047,54.60766685300695,53.17401652362872,53.464617792333975,28648000
2018-03-06,54.59377670288086,54.82834160824872,54.27640014796475,54.65328622571274,23382000
2018-03-07,55.294986724853516,55.35251373694703,54.04878630713491,54.19309379120403,30748000
2018-03-08,56.00611114501953,56.108263680275236,55.40210212118872,55.40210212118872,33862000
2018-03-09,57.566219329833984,57.57415317734512,56.24960168630339,56.507964384844236,42662000
2018-03-12,57.81863021850586,58.42511738881455,57.484886534640694,57.77498838527019,44306000
2018-03-13,56.528289794921875,58.41718089353128,56.26348016740989,58.111207579493254,43140000
2018-03-14,56.97361755371094,57.512661392196726,56.64929836172048,56.82038495499177,41870000
2018-03-15,57.05890655517578,57.648534772424746,56.31753642186147,57.00733465855208,33382000
2018-03-16,56.256046295166016,57.36636872328307,56.104300590504835,57.29396905727139,58656000
2018-03-19,54.55263137817383,55.50971752162546,53.99969855061903,55.4298796298798,63656000
2018-03-20,54.34087371826172,54.82437680342682,53.6773551646342,54.46980535202091,54598000
2018-03-21,54.251609802246094,54.980585410309004,53.91489235343885,54.18069702731863,44898000
2018-03-22,52.225852966308594,53.75173939363929,52.05178883452295,53.557842536859184,69312000
2018-03-23,50.90675735473633,52.90176997836697,50.823446283165815,52.13758574321913,49880000
2018-03-26,52.27246856689453,52.529348153609014,50.11480262154062,52.09939946393313,65984000
2018-03-27,49.93429183959961,52.790684742551996,49.472112163939144,52.75894557229753,60816000
2018-03-28,49.84701156616211,50.82939354831861,48.79669436686432,49.68485388033702,77698000
2018-03-29,51.431915283203125,51.97294539534583,49.790482890945164,50.146045610588935,69338000
2018-04-02,50.21645736694336,51.550433175130905,49.30499198011225,50.959813744048574,65068000
2018-04-03,50.5164794921875,50.82989103838948,49.45376396334763,50.39101726128376,51322000
2018-04-04,51.063453674316406,51.213712466070895,49.417061490982896,49.50235506271431,50724000
2018-04-05,51.20875930786133,51.90649138891989,50.78030130890484,51.89062369515919,35836000
2018-04-06,50.083560943603516,51.37538191226471,49.90007607203774,50.73566868177713,40134000
2018-04-09,50.58639907836914,51.80135579887167,50.54226162110507,50.58391715037624,33220000
2018-04-10,51.400184631347656,51.63375454079644,50.354327927065846,51.090741862676616,36620000
2018-04-11,50.83286666870117,51.36893671133409,50.54226917817933,51.177022357273046,34060000
2018-04-12,51.439353942871094,51.804337399767896,50.881964286050106,51.15074275127111,32896000
2018-04-13,51.37736129760742,52.21741830032065,51.0852769479233,51.91541758840648,25410000
2018-04-16,51.87624740600586,52.140561438040635,51.272238331440306,51.8489726768016,29776000
2018-04-17,53.525611877441406,53.80530174936191,52.42124076423234,52.625057782700104,54584000
2018-04-18,53.328739166259766,53.65652773825757,53.08723543662884,53.508255223465056,31126000
2018-04-19,54.02597427368164,54.425670654393286,53.012848144162085,53.012848144162085,39884000
2018-04-20,53.4244499206543,54.28880417094214,53.16558781994128,53.76910123700116,42434000
2018-04-23,53.25038528442383,53.954072501464275,52.89680886618381,53.70512676619585,69590000
2018-04-24,50.712860107421875,52.78820622986512,50.227870118170934,52.52587472547553,128220000
2018-04-25,50.730220794677734,51.37885918160674,50.43366817604129,51.06544760978405,57860000
2018-04-26,51.73788833618164,52.16981953466603,50.604256219813294,51.23752250402827,50926000
2018-04-27,51.14974594116211,52.15394698774903,50.95833100583306,51.84847307083429,40746000
2018-04-30,50.51152038574219,51.49290730777598,50.49763520852376,51.2970279398933,34492000
2018-05-01,51.610931396484375,51.659529516826396,50.11628476049857,50.39845274921856,35326000
2018-05-02,50.88196563720703,51.77111649862341,50.73864940386383,51.27620634858053,34698000
2018-05-03,50.89434814453125,51.11205029443153,49.9813959560502,50.84823195772299,39282000
2018-05-04,52.11922836303711,52.162870191717175,50.48523440950403,50.5625941382445,36892000
2018-05-07,52.53876495361328,52.81349473022608,52.08303224033629,52.26254829014382,34400000
2018-05-08,52.49562072753906,52.82489994498031,52.150969446253896,52.79464766280065,26030000
2018-05-09,54.001182556152344,54.25161519042565,52.670184105592654,52.768871028972896,47160000
2018-05-10,54.820411682128906,55.01579922866569,54.24566364329505,54.30120435903891,36414000
2018-05-11,54.71676254272461,54.99595676164047,54.41128863921936,54.56948129284038,30504000
2018-05-14,54.87644958496094,55.44921508455651,54.78718718350271,54.8253695323145,39338000
2018-05-15,53.798851013183594,54.50551196997934,53.49684650754425,54.395421806679366,35738000
2018-05-16,53.76016616821289,54.27045209276609,53.63817713351851,53.809759328488724,25628000
2018-05-17,53.619834899902344,54.10284238278998,53.37981804544918,53.62975504669495,25738000
2018-05-18,53.0435905456543,53.24641628659211,52.797626169446794,52.863083240908026,35482000
2018-05-21,53.75620651245117,54.21689932279822,53.45817080919839,53.50776019100628,25180000
2018-05-22,53.32476806640625,54.14251043510209,53.17351800083077,54.0433316768412,22226000
2018-05-23,53.8529052734375,53.954070332903406,52.91069191788155,53.06144635744468,23740000
2018-05-24,53.827613830566406,53.910429269372564,53.1755060953026,53.89952164864626,20604000
2018-05-25,53.75967788696289,54.03192954305403,53.686286961229406,53.88216635075408,22224000
2018-05-29,52.96574401855469,53.62380694610435,52.71828893081179,53.35899349214229,36076000
2018-05-30,53.431884765625,53.5072619843756,52.890359056796385,53.23401909347628,28686000
2018-05-31,54.54915237426758,55.04505375948819,53.45817084015315,53.65652836749955,79368000
2018-06-01,56.28480529785156,56.44151106851261,55.14472626643727,55.18737684111706,63202000
2018-06-04,57.179412841796875,57.418438425591134,56.38398509535584,56.45837105864911,44754000
2018-06-05,57.07923889160156,57.579109082894355,56.90270039283215,57.25974998898025,32964000
2018-06-06,56.877410888671875,57.26223085912738,56.35026972869474,57.1660258665135,34934000
2018-06-07,56.256046295166016,56.82385172347052,55.84444723238327,56.759881533622824,36108000
2018-06-08,56.17124938964844,56.472258876258145,55.70113204704333,56.096863422878286,27284000
2018-06-11,56.5773811340332,56.91658049015151,56.1062763821522,56.1826448543146,24796000
2018-06-12,56.938899993896484,56.96667034977643,56.5833372860979,56.5833372860979,26092000
2018-06-13,56.74252700805664,57.30835374213405,56.70037584095742,57.14172780638173,34302000
2018-06-14,57.5300178527832,57.82160660348666,57.05841362577938,57.13825529447141,35422000
2018-06-15,57.48836135864258,57.71845805977032,57.21164904913898,57.520592376234816,44438000
2018-06-18,58.69389724731445,58.721171974953876,57.07824892326905,57.16205562210949,33038000
2018-06-19,58.4514045715332,58.65571343900531,57.604404877641464,58.02592031687286,47282000
2018-06-20,58.71819305419922,59.582055430097064,58.61703177653395,58.680010706447035,51686000
2018-06-21,57.99269104003906,59.028627478081944,57.69713348494236,58.7896056767175,44966000
2018-06-22,57.98525619506836,58.26841547546482,57.50720499767632,58.09435511024316,34220000
2018-06-25,56.49705505371094,57.32570510767071,55.535996390812166,57.27661135364629,57682000
2018-06-26,56.166778564453125,56.87343570992126,55.98726251998206,56.73805712487524,34688000
2018-06-27,55.389217376708984,56.840721907743074,55.37731471266634,56.33440467458758,34538000
2018-06-28,55.877174377441406,56.235215221429016,54.8501630802286,55.163570834243025,29726000
2018-06-29,55.99668502807617,56.600198405698514,55.88907679382652,56.151408280296124,31562000
2018-07-02,56.637386322021484,56.68102815144789,54.87644323394959,55.31035689959812,23216000
2018-07-03,55.356483459472656,57.02419943740615,55.264742906533236,56.99990226522795,16448000
2018-07-05,56.59672927856445,56.73806299233003,55.69567577703907,55.76907048507362,28594000
2018-07-06,57.280582427978516,57.33612314449367,56.39589221238666,56.62053700692371,21820000
2018-07-09,57.88557815551758,57.9178129578326,57.38719860099272,57.52456350329926,21584000
2018-07-10,57.878631591796875,58.19402565354228,57.65150867103395,58.019965299848046,21334000
2018-07-11,58.09286880493164,58.538185792117275,57.294962855903464,57.30735736449312,33252000
2018-07-12,59.570648193359375,59.60684802511169,58.17418898558907,58.261468868395724,44148000
2018-07-13,59.727359771728516,60.02589112645996,59.274600774334715,59.64702247008264,32612000
2018-07-16,59.3350944519043,59.940094719942486,59.180866827730966,59.69710032807328,26784000
2018-07-17,60.15680694580078,60.43847933719523,58.6155445322406,58.65224377865796,40162000
2018-07-18,60.148372650146484,60.57881315843189,59.73429546433919,59.93116609674343,38948000
2018-07-19,59.46354293823242,60.325419118460346,59.3956039270326,59.83794715994669,38338000
2018-07-20,59.403038024902344,60.042255657242656,59.33906405036968,59.47048140239475,37938000
2018-07-23,60.05365753173828,60.256978917546036,59.11193976367233,59.29294649496772,65446000
2018-07-24,62.39183044433594,63.227423020220215,61.69707215887038,63.02906172072626,107600000
2018-07-25,63.27404022216797,63.38809541844173,61.940559956385655,62.117597865204,51104000
2018-07-26,63.74812698364258,63.842349461078776,62.632348824886364,62.83963524850404,54686000
2018-07-27,62.13098907470703,64.04268678664052,61.71442994578182,63.92764032936621,48362000
2018-07-30,60.99785232543945,62.13098879607649,60.70675921387237,61.742200025261354,43896000
2018-07-31,60.85801315307617,61.551780257659935,60.311035469464436,61.080671646133155,39382000
2018-08-01,61.14414978027344,61.784354899209696,60.744948993606215,61.44764120126705,36994000
2018-08-02,61.54780197143555,61.71045906240289,60.403757983298746,60.42557700645674,34704000
2018-08-03,61.40053176879883,61.81510463363149,60.967113650993504,61.74865251092287,21264000
2018-08-06,61.376224517822266,61.61376321311959,61.022152480370046,61.571612050334366,22114000
2018-08-07,62.277278900146484,62.78508294379242,62.07693507500244,62.087347066897074,42506000
2018-08-08,62.54953384399414,63.06477234944003,62.092806044632866,62.32092023809937,34344000
2018-08-09,62.704742431640625,63.07666844860864,62.488530923546634,62.61895322230275,27326000
2018-08-10,62.11214065551758,62.54308056962345,61.84683539663848,62.44290677016618,26602000
2018-08-13,61.92022705078125,62.77962496101555,61.840389171065105,62.04717994879449,27500000
2018-08-14,62.391334533691406,62.51282794421975,61.46895771112205,62.11164468649074,28080000
2018-08-15,61.10595703125,62.08585708292371,60.80940823183751,61.70401470300121,37052000
2018-08-16,60.70130157470703,61.675254094846835,60.481616876650435,61.590452358478274,32176000
2018-08-17,60.29417037963867,60.84462122823014,59.706528439964295,60.601134976171906,33092000
2018-08-20,60.5966682434082,60.79304703382085,59.93960043624194,60.5326980557905,22218000
2018-08-21,60.37152862548828,61.13273906052275,60.25350461148751,60.64973160024402,23082000
2018-08-22,60.58675003051758,60.82378930614082,60.16374396189955,60.21333334109884,22296000
2018-08-23,60.55748748779297,61.25224575840759,60.46772946516041,60.4940129326713,24666000
2018-08-24,61.330604553222656,61.36283557012292,60.57038537845587,60.7975083008106,24454000
2018-08-27,62.29859924316406,62.37794527634453,61.52548996574035,61.69707216823736,28580000
2018-08-28,61.78236770629883,62.31298202386681,61.639051483139156,62.280251594971496,27330000
2018-08-29,62.71416091918945,62.83913129502887,62.126519044121224,62.23561794387314,36926000
2018-08-30,62.20785140991211,62.95418160769552,61.84931493225059,62.65217709910716,30104000
2018-08-31,61.08512878417969,62.1141225777836,60.785106801052635,62.09726362676512,42308000
2018-09-04,60.069026947021484,60.890242517749584,59.83347455400788,60.62493346993825,41458000
2018-09-05,59.46354293823242,60.24557744371791,58.285277616634275,59.96539192200416,53988000
2018-09-06,58.714229583740234,59.45808166722043,57.70358155416032,59.437253899685246,46854000
2018-09-07,58.396854400634766,58.940362668965435,57.98426407187492,58.11964267239288,32658000
2018-09-10,58.271385192871094,58.846632602500165,58.05070923287639,58.72463977492341,27670000
2018-09-11,59.01177215576172,59.058883395055936,57.8196254991691,58.07501442262224,29254000
2018-09-12,58.09980010986328,59.046474028944914,57.83002664563159,58.61553415007531,35716000
2018-09-13,58.62248229980469,58.90614096728705,57.98177782832389,58.501484515976244,40068000
2018-09-14,58.41619110107422,58.913087540013805,58.19501950151941,58.913087540013805,24176000
2018-09-17,57.516136169433594,58.606622168607615,57.44819715925354,58.40578269562224,34096000
2018-09-18,57.87714767456055,58.582321797238215,57.59547528537028,57.65647170249509,32314000
2018-09-19,58.23221206665039,58.3313908288517,57.456125199601075,57.96888931276128,25962000
2018-09-20,59.09011459350586,59.210620525510706,58.33039489370249,58.54958395102467,29244000
2018-09-21,58.12559509277344,59.33856951836281,58.12262131875296,59.256249702666175,91222000
2018-09-24,58.49454116821289,58.773731604603434,57.10304207996326,57.49530023539939,31150000
2018-09-25,59.20516586303711,59.352447110201226,58.22327953166191,58.72711850835852,33152000
2018-09-26,59.213600158691406,59.86719858045819,58.784150889168416,59.195254319561855,37650000
2018-09-27,59.873146057128906,60.34425083124083,59.411462016465464,59.50816262940116,36274000
2018-09-28,59.859256744384766,59.9271957399059,59.40054650910195,59.71098046363248,35612000
2018-10-01,59.931175231933594,60.70825345530201,59.66636555760669,60.152846263177345,33164000
2018-10-02,59.88703155517578,60.72411480282126,59.49130399681429,59.83892906292464,40180000
2018-10-03,60.07993698120117,60.211350537994456,59.61477975331187,60.10324289211977,26246000
2018-10-04,58.37106704711914,59.80074861861647,57.71548608579718,59.7576061952022,46576000
2018-10-05,57.912845611572266,58.61553772980196,57.24288392054998,58.317997678146384,31852000
2018-10-08,57.32223129272461,58.31105645324983,56.30464073584316,57.524557624559634,46190000
2018-10-09,56.78914260864258,57.60142938449433,56.739553222854816,57.093625296475594,33690000
2018-10-10,54.16036605834961,56.384979648297815,54.128131258402064,56.35423173524925,58980000
2018-10-11,54.089942932128906,55.34556779109662,53.35352912030459,53.50973925718462,67696000
2018-10-12,55.56773376464844,55.83006526222908,54.30268810088236,55.5231006729808,49370000
2018-10-15,54.67015075683594,55.63021429950224,54.460878053892145,55.44177314614731,30074000
2018-10-16,56.18959045410156,56.35274318145139,55.131835035843245,55.21762424560735,38378000
2018-10-17,55.9173469543457,56.87988872075528,55.24341638076275,56.532759256237064,35652000
2018-10-18,54.44551086425781,56.15339540928809,53.871754093826716,56.036858277452815,46152000
2018-10-19,54.806034088134766,55.58807238229022,54.401876988282474,54.73313878615996,41286000
2018-10-22,55.11299514770508,55.62476424922726,54.54915473377439,55.16952712111262,27116000
2018-10-23,55.288536071777344,55.44177243403869,53.50825204162199,54.11721732541383,37686000
2018-10-24,52.4227294921875,55.37334518760278,52.320573164870176,55.2930078869748,49286000
2018-10-25,54.72718048095703,55.43284641314189,53.3366726001315,53.57222499683899,72956000
2018-10-26,53.74330520629883,55.39217557122978,51.68432272714617,51.98682283305761,106438000
2018-10-29,51.31240463256836,54.98703577121266,49.94718891468537,54.37757102202303,81290000
2018-10-30,52.04534149169922,52.11427175000046,50.2829114299939,50.582434003073345,59768000
2018-10-31,54.08201217651367,54.94587456200168,52.97218539969845,52.97218539969845,70916000
2018-11-01,53.85389709472656,54.54419095847466,53.449240636057006,54.122675548098016,40132000
2018-11-02,53.13534164428711,54.44997677724087,52.945409798528566,54.00366474790069,43438000
2018-11-05,52.35380172729492,53.22758057863262,51.27620962402038,53.18691629736629,45358000
2018-11-06,53.040122985839844,53.54842264477756,52.248664069488854,52.31858558730312,28660000
2018-11-07,54.95777130126953,55.04157799583169,53.58660433801506,53.73041618700617,43388000
2018-11-08,54.28285598754883,54.956786593916036,53.77356501619863,54.91116602403288,33694000
2018-11-09,53.40957260131836,53.97142669030988,52.77680195086009,53.75670205685472,34860000
2018-11-12,52.037906646728516,53.26476998164376,51.59110279461373,53.21666748640021,34002000
2018-11-13,51.96897888183594,52.89631588540383,51.59358341935655,52.308178293181584,25750000
2018-11-14,52.2967643737793,52.85267087372335,51.628785198438855,52.565542813210634,34666000
2018-11-15,53.11351776123047,53.50131148140594,51.637712533591234,52.14204716151676,41584000
2018-11-16,52.97565460205078,53.18244537170169,52.31263172050399,52.8249001697272,35366000
2018-11-19,50.94989776611328,52.96226867525788,50.724265514564266,52.7336550830274,45684000
2018-11-20,51.10015869140625,51.44233186700774,49.699734383253194,49.95165011439261,54458000
2018-11-21,51.743839263916016,52.303215207880605,51.546964840550686,51.83706669619646,29698000
2018-11-23,51.08279800415039,51.72251118565197,51.004443231707874,51.25140264341298,14178000
2018-11-26,52.36420822143555,52.41677137360216,51.56233355629475,51.77210188629733,31558000
2018-11-27,52.182708740234375,52.900776751961324,51.846490692518564,52.136096916276294,33048000
2018-11-28,54.14202117919922,54.19508375066261,51.720037329094545,52.439592282131,46042000
2018-11-29,54.28037643432617,54.55659312524138,53.656530858582514,53.73240371350894,31004000
2018-11-30,55.02770233154297,55.02770233154297,53.71505340891803,54.332452073378455,59668000
2018-12-03,55.360450744628906,56.28481018843585,55.13084587897713,56.14397588258745,57532000
2018-12-04,52.68803405761719,55.25531643727826,52.60422736109533,55.193328765578826,45630000
2018-12-06,53.46213912963867,53.528591251073834,51.6967313013768,51.821697913253566,47436000
2018-12-07,51.90003967285156,53.806780881038534,51.5424944830448,53.1720277876525,42682000
2018-12-10,52.22734069824219,52.5457085291918,51.22661285694276,51.719536668028816,33652000
2018-12-11,52.647369384765625,53.081283083389565,52.07460390793039,52.90970087647782,33852000
2018-12-12,53.246421813964844,54.13904206804826,53.15914192619585,53.41254832972403,28960000
2018-12-13,53.23699188232422,53.97489636278755,52.81299834519464,53.34262138246807,24986000
2018-12-14,52.15444564819336,53.14674409029984,52.038404143978894,52.56654035265501,36358000
2018-12-17,50.86212921142578,52.683573360961546,50.4148259287533,51.92137162429705,49932000
2018-12-18,51.74284744262695,52.5501740698166,51.101643539839884,51.276203307045996,43640000
2018-12-19,51.348594665527344,53.34459814834381,50.5536664580693,51.93524523567236,58264000
2018-12-20,50.75947570800781,51.94269722042624,49.979919413197926,50.879482241119874,53674000
2018-12-21,49.15622329711914,51.458196608978,48.65734815338162,51.17900616560844,104656000
2018-12-24,48.82992172241211,50.19116856445792,48.48229286368024,48.81256335838148,36360000
2018-12-26,51.9630241394043,51.99277700934326,49.225646602209785,49.49046000831835,46318000
2018-12-27,52.21345520019531,52.235274224650134,49.93726596635877,50.8893994630254,45996000
2018-12-28,51.905006408691406,52.775311987505624,51.672923407636674,52.54075084153076,34398000
2018-12-31,51.8197135925293,52.71382450957579,51.22859846003051,52.457936179774954,33110000
2019-01-02,52.301727294921875,52.6047230648871,50.843776043780714,50.93898977352967,31868000
2019-01-03,50.853206634521484,52.87598991280207,50.69947838938763,52.10288045870441,41960000
2019-01-04,53.461639404296875,53.55734876361941,51.41802873823579,51.700692372040024,46022000
2019-01-07,53.355018615722656,53.69123663835179,52.6964601806528,53.605447431420956,47446000
2019-01-08,53.82365036010742,54.21937794351435,52.9796244703007,53.85489011971535,35414000
2019-01-09,53.63917541503906,54.13458118632317,53.27815698611534,53.95357823458152,26998000
2019-01-10,53.49932861328125,53.54792673522367,52.797627727154754,53.30642301238766,26598000
2019-01-11,52.78721237182617,53.228564287913436,52.38850724708884,53.05648645219858,30864000
2019-01-14,52.14452362060547,52.48867928043949,51.99773800063954,52.235272902263915,28490000
2019-01-15,53.88018035888672,53.96746024116966,52.28982429846491,52.46686220785265,37518000
2019-01-16,54.02894973754883,54.666184830089556,53.95456755691764,54.05325069106837,38280000
2019-01-17,54.50551223754883,54.58386323084634,53.71900961368092,53.95357453146832,24896000
2019-01-18,54.91115951538086,55.44177382173564,54.51344565423578,54.97512970149426,44892000
2019-01-22,53.48941421508789,54.498079789258604,53.105585487890245,54.350794737301214,39632000
2019-01-23,53.77604293823242,54.19954087399449,52.94094594559311,53.89753635595871,25194000
2019-01-24,53.755706787109375,53.954068082652434,53.06243540230298,53.681816457292754,29114000
2019-01-25,54.62403106689453,54.7157716075917,54.14251051447495,54.263012668104324,23260000
2019-01-28,53.55040740966797,54.22036915695017,53.29005842382145,54.05672457402515,29334000
2019-01-29,53.064422607421875,53.7919113705398,52.86407877841263,53.6089221228322,19704000
2019-01-30,54.44948196411133,54.52535482106467,53.390731369867474,53.42643557606418,29452000
2019-01-31,55.833038330078125,55.92130947092157,54.80950019306475,55.15613401300113,40232000
2019-02-01,55.47251510620117,56.25504886866578,55.25580797748585,55.654509292670554,33116000
2019-02-04,56.60317611694336,56.64880046780075,55.41747645791283,55.491862423764644,78408000
2019-02-05,57.12139129638672,57.16602438858918,55.71948013382828,56.01850709621822,82296000
2019-02-06,55.68426513671875,57.22701420367227,55.45962038153027,56.992453086597685,48256000
2019-02-07,54.84223175048828,55.14373685655709,54.23128012441886,55.13530738050181,38298000
2019-02-08,54.66717529296875,54.80206204094916,54.263513873819036,54.29524926151284,21766000
2019-02-11,54.65428161621094,55.21514822312965,54.54915152300957,54.73511453956528,18498000
2019-02-12,55.916847229003906,56.178683086895354,55.0951360411319,55.0951360411319,35036000
2019-02-13,55.96891403198242,56.674088088339815,55.83849173367112,56.18760746750366,28042000
2019-02-14,55.99718475341797,56.34084481447658,55.39664888901063,55.78890707502711,21106000
2019-02-15,55.52260208129883,56.49804146814514,55.37829460553834,56.49804146814514,27826000
2019-02-19,55.86378479003906,56.01899988835893,55.37433038810258,55.37433038810258,21980000
2019-02-20,55.57021713256836,56.082981297116646,55.131842722267116,55.98132059644437,24090000
2019-02-21,54.7579231262207,55.49880139566847,54.44897603280645,55.480451774038514,33272000
2019-02-22,55.370361328125,55.40457864300607,54.57394613575661,55.030174478552766,29436000
2019-02-25,55.408546447753906,55.80873844416602,55.24886690902951,55.63666061499263,26208000
2019-02-26,55.640628814697266,55.860313518973165,54.88140468154048,55.261760191576904,35026000
2019-02-27,55.68426513671875,55.82509941937734,54.97363919714667,55.24390451380886,22092000
2019-02-28,55.86577224731445,56.23472452755319,55.46211080344531,55.49136804808821,27422000
2019-03-01,56.95526123046875,57.0286559326462,56.086442599682286,56.086442599682286,34086000
2019-03-04,57.1982536315918,57.79829379741478,56.44596836483553,57.25478559725147,35490000
2019-03-05,57.98028564453125,58.34229527188419,57.178414816379295,57.32619168410688,40094000
2019-03-06,57.76953887939453,58.255520128917794,57.67581203241563,58.10774323810325,23602000
2019-03-07,57.07080841064453,57.70209215281522,56.61755383444335,57.549355197546085,30086000
2019-03-08,57.02717590332031,57.19974938406611,56.04677632281344,56.23026120860761,23694000
2019-03-11,58.47966766357422,58.511898680700604,57.106514344542475,57.127837740777274,30032000
2019-03-12,59.37179183959961,59.791324739143484,58.63042169944413,58.63042169944413,42220000
2019-03-13,59.461551666259766,59.861248068720826,59.404524065314185,59.80223795182649,25888000
2019-03-14,59.13772964477539,59.741243079387836,59.07326382392869,59.45957068686386,27302000
2019-03-15,59.027137756347656,59.59345625699959,58.86398502991321,59.40898391890877,51886000
2019-03-18,58.940364837646484,59.25774144322755,58.589762171099196,58.99689681247652,24442000
2019-03-19,59.63016128540039,59.67727252410539,58.98548794714954,59.09756063530561,29788000
2019-03-20,60.81883239746094,60.99537468269679,59.48783401935632,59.57759204890789,41508000
2019-03-21,61.29985809326172,61.31523015861807,60.33036996643317,60.499969664619066,28150000
2019-03-22,59.88753128051758,61.17588288459507,59.805707096855926,60.9388435932107,34422000
2019-03-25,59.378238677978516,59.97629637539744,59.01226397560031,59.48634632853268,27576000
2019-03-26,59.00433349609375,59.88753302286627,58.60364582572859,59.76554018730215,30752000
2019-03-27,58.41767883300781,59.10747706719448,57.73432377537689,59.10747706719448,29428000
2019-03-28,58.133026123046875,58.37998553960002,57.69465178230228,58.293205073603154,22402000
2019-03-29,58.362144470214844,58.71324277100168,57.840950829965564,58.525293436545624,30890000
2019-04-01,59.45758819580078,59.51808520124541,58.83176010564364,58.890274595087455,27706000
2019-04-02,59.78289031982422,59.79627986782097,59.073751255208485,59.51063869950825,18288000
2019-04-03,60.04423904418945,60.52972467652331,59.76008850583736,60.13796211001895,22180000
2019-04-04,60.472694396972656,60.527243852136195,59.956460872264365,60.06803792748894,21022000
2019-04-05,60.07596969604492,60.51930791115467,60.00555254911908,60.465254086840815,20012000
2019-04-08,59.918766021728516,60.19993895204262,59.74123250204851,60.05910467242945,21750000
2019-04-09,59.64156723022461,59.862738842546925,59.42783383662045,59.601897991537015,19668000
2019-04-10,59.828025817871094,59.95150554523385,59.54090149548977,59.760586220474245,15510000
2019-04-11,59.98373794555664,60.139948099036154,59.73330909773251,59.94952062749646,16998000
2019-04-12,60.63535690307617,60.65122459868756,60.167225831691304,60.282767929038975,24312000
2019-04-15,60.823795318603516,60.96116022045468,60.23020202953711,60.70279374064324,23796000
2019-04-16,61.09059143066406,61.29242215401881,60.74990513467327,60.99587332322984,22622000
2019-04-17,61.49871826171875,61.74468645403449,61.139686120298784,61.34300373376792,30366000
2019-04-18,61.564666748046875,61.786333956338936,61.46251043387367,61.73971835147511,24750000
2019-04-22,62.174137115478516,62.20289873239656,61.16299337816599,61.32664175729954,19084000
2019-04-23,63.00872802734375,63.199155475503254,62.08535996551398,62.31694731609197,31868000
2019-04-24,62.486053466796875,63.1778380265798,62.47415458773735,63.008733957122125,23396000
2019-04-25,62.84756851196289,63.118329495542696,62.38439754332146,62.99435414572165,31344000
2019-04-26,63.34742736816406,63.42131769691393,62.73151950807599,63.14708355975178,27228000
2019-04-29,64.27873229980469,64.31692221345482,63.06427110185339,63.50066293959323,72368000
2019-04-30,59.45659255981445,59.55676257846437,58.66513363960765,59.04350662741325,133178000
2019-05-01,58.18510437011719,59.47097787129944,58.10377581278229,59.384193611523294,74340000
2019-05-02,57.84739685058594,58.485623247392496,57.44174909679846,58.14940138951705,45098000
2019-05-03,58.98994445800781,59.081684994667306,58.196503075397025,58.38791799502808,41588000
2019-05-06,59.18384552001953,59.281537394226156,58.077983794922574,58.119639328597295,31774000
2019-05-07,58.459835052490234,59.24881211607045,57.772514903678946,58.80448638491328,36604000
2019-05-08,58.05914306640625,58.72811354197233,57.902932921424046,58.38197156478098,25520000
2019-05-09,57.919795989990234,58.22229615516196,57.258759314418775,57.653499442905506,29556000
2019-05-10,57.90342712402344,58.331885117699095,56.84864546235913,57.9629366500334,31650000
2019-05-13,56.36365509033203,57.12635243643955,55.81370365034524,56.79261252207175,45626000
2019-05-14,55.781959533691406,56.77425786703427,55.7160030496759,56.64780438425735,40392000
2019-05-15,58.06013870239258,58.43206476445081,55.610384496272225,55.66741209976144,59302000
2019-05-16,58.7395133972168,59.2185557963173,57.94359384914411,58.11170286316471,35308000
2019-05-17,57.9599609375,58.82828398541456,57.84292818102137,58.30957232000944,25362000
2019-05-20,56.76385498046875,57.17743659293496,56.44052703510265,57.17743659293496,30602000
2019-05-21,57.248836517333984,57.42537879315505,56.69689882020132,57.250819033139784,20562000
2019-05-22,57.31875991821289,57.712009344986775,57.07824744890352,57.090645739951604,18826000
2019-05-23,56.797569274902344,57.03113916733557,56.19356400273092,56.83377289198655,25214000
2019-05-24,56.463829040527344,57.24487222807381,56.36960656432307,57.127839468018124,18554000
2019-05-28,56.51094436645508,57.35050588647435,56.466806899103986,56.60615810752808,20948000
2019-05-29,55.53797912597656,56.28480494749129,55.14175214942321,56.17074596879282,36230000
2019-05-30,55.610877990722656,55.878169570146916,55.33763507998775,55.548394687102004,18088000
2019-05-31,54.871490478515625,55.21365987061157,54.715280327354535,54.82884368467994,31582000
2019-06-03,51.51126480102539,52.91268043979919,50.930565413815046,52.909211036677895,96890000
2019-06-04,52.29229736328125,52.48818050456737,51.376863188165395,51.79639604032659,60512000
2019-06-05,51.803836822509766,52.4073501849964,51.22661071101869,52.317592162166996,46988000
2019-06-06,51.95856857299805,52.06965000873795,51.35109007958164,51.881704456905,29020000
2019-06-07,52.980613708496094,53.23154195089518,52.126671488166366,52.28189037260562,43828000
2019-06-10,53.694217681884766,54.29326663277335,53.323282909136985,53.40857649267084,28510000
2019-06-11,53.60892105102539,54.74800885389501,53.53602575753216,54.39988435915306,33508000
2019-06-12,53.51272201538086,53.68231793371937,53.04161341422099,53.5548731804683,23670000
2019-06-13,54.103336334228516,54.380048643008536,53.68479846818787,53.79091982164258,20814000
2019-06-14,53.86976623535156,54.28929914113113,53.630744430671754,54.04035719000536,24582000
2019-06-17,54.246150970458984,54.6126212691687,53.95406662850147,54.00861607789129,19770000
2019-06-18,54.80900573730469,55.480454366679965,54.588329772186036,55.11943973209184,34526000
2019-06-19,54.772804260253906,55.01678993060054,54.3522800809747,54.90818664522496,26714000
2019-06-20,55.20374298095703,55.675842832879255,54.896282754909315,55.62525840880668,24018000
2019-06-21,55.807254791259766,55.8667605353799,55.031167921989905,55.03811051103241,50774000
2019-06-24,55.3773078918457,55.71799417825217,55.2091988625177,55.54095626027802,24236000
2019-06-25,53.9332389831543,55.327711781329405,53.785458327175526,55.29696765407689,31644000
2019-06-26,53.573219299316406,54.307155041568436,53.24443945323548,54.1028423919935,34698000
2019-06-27,53.39023208618164,53.97688276176525,53.35155032511696,53.89208480492423,24078000
2019-06-28,53.696197509765625,53.696197509765625,53.24988553860291,53.41998085161553,33672000
2019-07-01,54.54915237426758,54.975132239253035,54.317565004800876,54.60072427201799,29196000
2019-07-02,55.173988342285156,55.18836914929686,54.5327882241278,54.78867275994016,20630000
2019-07-03,55.68922805786133,55.93717873539222,55.28556287173762,55.46656580697558,20154000
2019-07-05,56.16925811767578,56.26744561773774,55.416976607105475,55.509708405291306,29794000
2019-07-08,55.381771087646484,55.89850023897379,55.132333508714034,55.83204812175117,29888000
2019-07-09,55.75369644165039,55.93073435346147,54.903719240110554,55.060920642793654,29472000
2019-07-10,56.577880859375,56.648793630326615,56.06958123473763,56.15190103788361,30710000
2019-07-11,56.735084533691406,57.189330386367295,56.50945227772339,56.83823211312122,26004000
2019-07-12,56.797569274902344,56.90468567231984,56.46135121284725,56.67805836922192,21878000
2019-07-15,57.05394744873047,57.06237692419117,56.53275388901765,56.79756351489089,21164000
2019-07-16,57.20024108886719,57.454143110765386,56.86649740090158,56.86649740090158,25352000
2019-07-17,56.86699676513672,57.44720047303278,56.861045434017086,57.07428317923879,19538000
2019-07-18,56.891788482666016,56.93790846039602,56.17868433807798,56.63193513480286,25450000
2019-07-19,56.11371612548828,57.1070057029644,56.0988396904767,56.99493302801193,23184000
2019-07-22,56.49358367919922,56.5337523292604,55.79932472787328,56.30811627836571,28914000
2019-07-23,56.93196105957031,56.97212970906677,56.178192587258984,56.703846866852054,20648000
2019-07-24,56.519371032714844,56.80352157129636,55.96296883502346,56.166785857604474,27192000
2019-07-25,56.3314208984375,56.710785142445566,55.72493373698606,56.480684667806266,54762000
2019-07-26,61.750633239746094,62.899633620136136,60.89669100249889,60.89669100249889,121216000
2019-07-29,61.5830078125,61.93757921923655,61.005777956839005,61.6157382374995,41382000
2019-07-30,60.896690368652344,61.33853791873472,60.76378613660804,60.847097204406246,28616000
2019-07-31,60.410709381103516,61.23935945357767,59.913816715019806,60.74147552949135,39960000
2019-08-01,60.09233856201172,61.30828669649501,59.85529549111367,60.38244041742566,35426000
2019-08-02,59.32567596435547,59.97927059539974,59.01226441458213,59.65693772407873,34910000
2019-08-05,57.264217376708984,58.36164976315656,56.66913716884106,58.16774909397284,47840000
2019-08-06,58.07402038574219,58.585789466166396,57.60043365387298,57.79829933606973,36014000
2019-08-07,58.31354522705078,58.509920251086825,57.070318497931716,57.41546546045314,30686000
2019-08-08,59.81513214111328,59.81959280201801,58.21882466903236,58.83522822791274,30116000
2019-08-09,58.95771408081055,59.72933649805951,58.75885714546131,59.5076692799245,20418000
2019-08-12,58.24361801147461,58.79456449803921,57.956989332399154,58.51636529528973,22064000
2019-08-13,59.346004486083984,59.77744005135375,58.16873811379174,58.236177705409375,28434000
2019-08-14,57.735321044921875,58.65472037886696,57.57762400887697,58.32147609646405,35430000
2019-08-15,57.98673629760742,58.338825802295844,57.67332855107692,57.94260262107063,28506000
2019-08-16,58.47718811035156,58.70679297193072,58.169236033164765,58.55554289281411,24916000
2019-08-19,59.52998733520508,59.973821209229875,59.03210341664599,59.10301619731981,24450000
2019-08-20,58.69141387939453,59.40898625651532,58.667612338630086,59.27757269477436,20206000
2019-08-21,59.090614318847656,59.53593505282947,58.909115748288066,59.30087828655485,14152000
2019-08-22,59.087642669677734,59.44766604994805,58.46231022954829,59.20070661276185,17352000
2019-08-23,57.20619201660156,59.29344073521031,57.02865847577189,58.7727427748867,36254000
2019-08-26,58.078975677490234,58.11269736465062,57.26917090695185,57.49728508668494,21166000
2019-08-27,58.06112289428711,58.76431065349717,57.750688918009565,58.665131895722865,23460000
2019-08-28,58.206424713134766,58.44197711290288,57.53695860411005,57.76606404377272,16810000
2019-08-29,59.22252655029297,59.467995305199445,58.77819707980944,58.8347290486105,19636000
2019-08-30,59.03854751586914,59.52552378949316,58.80001756048857,59.52552378949316,18064000
2019-09-03,57.998146057128906,58.96663910917383,57.70853983655242,58.6081026279347,25908000
2019-09-04,58.628929138183594,58.758360180871236,58.09633231531948,58.48908610398832,21312000
2019-09-05,60.1126708984375,60.202428928101156,59.145660927110434,59.19376342201617,26394000
2019-09-06,59.82157897949219,60.150358819891544,59.66982949021051,59.96142202276999,18972000
2019-09-09,59.769508361816406,60.5272456419033,59.16946812070186,59.85926639431514,31854000
2019-09-10,59.79083251953125,60.00407027598134,59.31030317816098,59.31427199359215,27922000
2019-09-11,60.49997329711914,60.62246176519514,59.621234406143635,59.70107607847747,23522000
2019-09-12,61.242332458496094,61.611776558659884,60.626916405154056,60.67204512491026,31644000
2019-09-13,61.49325942993164,61.543843853790506,60.85106803599327,61.1005056186852,23676000
2019-09-16,61.076698303222656,61.443168609925806,60.75733544617738,61.017684408775345,28218000
2019-09-17,60.989925384521484,61.243827434667246,60.6661018068795,61.07670964931821,20806000
2019-09-18,61.12728500366211,61.305314179116046,60.32491842507922,61.00777409952357,17440000
2019-09-19,61.429786682128906,61.70699462985552,61.11042756889406,61.11092319789339,16554000
2019-09-20,60.98793029785156,61.63061724694092,60.677496334858134,61.17637144292979,37692000
2019-09-23,61.228450775146484,61.47590584591397,60.68742065329418,60.82577681081877,20798000
2019-09-24,60.417152404785156,61.84435574702612,60.03580563912053,61.49177059527287,35804000
2019-09-25,61.786338806152344,61.88948638631289,59.96439530930563,60.30210403560612,26798000
2019-09-26,61.60533142089844,61.72335921962047,61.08612412271206,61.597893202784334,23166000
2019-09-27,60.7950325012207,61.739228430196306,60.261936228243556,61.63211203323862,34122000
2019-09-30,60.55649948120117,60.86742909728757,60.17366583073107,60.529720383312835,24470000
2019-10-01,59.80570602416992,61.1376994390325,59.78339136996081,60.62344843370685,24504000
2019-10-02,58.4132194519043,59.44667782034563,58.15088793600991,59.33460512951932,33030000
2019-10-03,58.9839973449707,59.06185271029427,57.68027372624603,58.68199283402586,28368000
2019-10-04,60.05167007446289,60.12605603347726,59.06036300568549,59.22500261671592,24282000
2019-10-07,59.91728591918945,60.44591775673963,59.72438030235349,59.85529824338502,17040000
2019-10-08,59.01871109008789,59.8488480012925,58.98647628974032,59.44716909480171,20086000
2019-10-09,59.62718200683594,59.927699641137494,59.41493551600524,59.57412322169878,15948000
2019-10-10,59.977787017822266,60.282765324995786,59.402047721765705,59.438743185067274,12842000
2019-10-11,60.287227630615234,60.933883468749734,60.18457567938561,60.699817951472276,22330000
2019-10-14,60.38937759399414,60.791552096971074,60.09729324885146,60.19696763225043,13296000
2019-10-15,61.602848052978516,61.845343023163764,60.54558829475752,60.574349906817126,27584000
2019-10-16,61.640541076660156,62.19545255415238,61.41887007961055,61.58152717988631,22986000
2019-10-17,62.126522064208984,62.66953466128119,61.98122332826266,62.05709617616047,20958000
2019-10-18,61.71046447753906,62.389846945762145,61.49871362002821,62.22025103490627,31624000
2019-10-21,61.70402145385742,62.1617367308918,61.49127932482971,61.92321054336643,18094000
2019-10-22,61.55128479003906,61.92469773708948,61.484337039873836,61.71393812303444,22862000
2019-10-23,62.36604690551758,62.38637904416191,61.50218828619417,61.50218828619417,21282000
2019-10-24,62.4394416809082,62.62738721875629,62.10421109911762,62.4394416809082,20224000
2019-10-25,62.696815490722656,62.88030037467045,61.945525156371076,62.08685509100352,27104000
2019-10-28,63.92068862915039,64.42948388976356,63.09402496717139,63.2274210357221,65428000
2019-10-29,62.51630783081055,63.51505323612081,62.26587519841063,63.27701889560473,52654000
2019-10-30,62.51829147338867,62.881292430431635,62.01991191146884,62.24306603568905,29204000
2019-10-31,62.42406463623047,62.80690207723711,61.96188494144521,62.4835741641349,31904000
2019-11-01,63.09105682373047,63.12825169994562,62.46919753838538,62.771202075474406,28812000
2019-11-04,63.951942443847656,64.09525868097215,63.28247628200852,63.28247628200852,30632000
2019-11-05,64.04268646240234,64.3303101709865,63.94053392587644,64.03078380018343,25148000
2019-11-06,64.02136993408203,64.11955744935278,63.587955592244974,63.97574936306113,24626000
2019-11-07,64.81133270263672,65.59039331831046,64.15723868532784,64.1835183702277,45140000
2019-11-08,64.9134750366211,65.31565327819261,64.5425403314456,64.5425403314456,30392000
2019-11-11,64.38188171386719,64.71016967774435,64.26237082066733,64.6655328055786,17234000
2019-11-12,64.32881164550781,64.93083808744214,64.1815304063855,64.39625501194314,28852000
2019-11-13,64.27774047851562,64.59214327190867,64.0778922913603,64.12896855743497,20538000
2019-11-14,64.92093658447266,65.24675026178147,64.166672397698,64.21923934498456,28948000
2019-11-15,66.13043212890625,66.13043212890625,65.0568014433281,65.21351099535102,39286000
2019-11-18,65.4510498046875,66.14928136486101,65.26855995871942,66.07092657964729,27984000
2019-11-19,65.09152221679688,65.78776365557141,65.05085793939855,65.78776365557141,21864000
2019-11-20,64.55941772460938,65.12226305261011,63.93210279744531,65.03052251032652,28892000
2019-11-21,64.47412109375,65.01861677417807,64.0084644651908,64.429983634344,25546000
2019-11-22,64.15327453613281,64.80935107828645,63.93954116731855,64.61594984719095,27776000
2019-11-25,64.74687957763672,64.98342706933691,64.24949498583105,64.28172979324741,23590000
2019-11-26,65.11184692382812,65.16193192966712,64.66752126393,64.958610565882,21910000
2019-11-27,65.0687026977539,65.34194936654697,64.93679729689542,65.23185920608975,18808000
2019-11-29,64.66999816894531,64.9605956368257,64.62735137879393,64.79447292018561,12802000
2019-12-02,63.91475296020508,64.73695989800211,63.494224972941524,64.59413550286762,26538000
2019-12-03,64.20634460449219,64.32982812282205,63.32909632147631,63.408934216071465,25270000
2019-12-04,65.40640258789062,65.67072033323514,64.61841320748522,64.76966703393425,35506000
2019-12-05,65.80413055419922,65.85471497800788,65.17731500969089,65.80611307013608,24408000
2019-12-06,66.42053985595703,66.5732768317176,66.01588713102525,66.09126057742363,32968000
2019-12-09,66.59906005859375,67.32109691536094,66.25589562423183,66.3942555651881,30842000
2019-12-10,66.59410858154297,66.84751500197275,66.15324845233398,66.44781856612988,17606000
2019-12-11,66.66154479980469,66.9412308789754,66.50533465375199,66.86238425419971,20480000
2019-12-12,66.87181091308594,67.17381167318545,66.36153246208066,66.60997502068224,29114000
2019-12-13,66.79146575927734,67.01362860346082,66.53310308380729,66.84254202624732,33170000
2019-12-16,67.47731018066406,67.6176450772123,66.97694431367663,67.19464273779465,28128000
2019-12-17,67.1891860961914,67.6573171534824,66.98487344177842,67.56210341582532,32948000
2019-12-18,67.04139709472656,67.4143143680724,66.96949684654093,67.29381221564596,23330000
2019-12-19,67.26604461669922,67.32010222500082,66.88469785220087,67.04139984132713,28922000
2019-12-20,67.00717163085938,67.64093342357606,66.98287446512106,67.59630412319467,50090000
2019-12-23,66.97794342041016,67.53434191535786,66.84752108889123,67.37962240894294,19936000
2019-12-24,66.67046356201172,67.04636218280068,66.65757720914816,66.9570960026882,13468000
2019-12-26,67.56507873535156,67.60128613780807,66.72403033918864,66.7756060246941,23662000
2019-12-27,67.17678833007812,67.79220062509113,67.0954597754636,67.64094676593687,23212000
2019-12-30,66.43639373779297,67.2938090758565,66.34366194444391,67.28438834287245,19994000
2019-12-31,66.42053985595703,66.48351879324983,66.06051644403173,66.24201503707573,19514000
2020-01-02,67.8730239868164,67.8730239868164,66.77262179859589,66.86783552352698,27278000
2020-01-03,67.51795196533203,68.12444284241023,66.81377300921453,66.84749847538635,23408000
2020-01-06,69.31758880615234,69.34287723228258,66.99627473144326,67.02751070483214,46768000
2020-01-07,69.18370056152344,69.59976407326137,69.00765768436452,69.44900962487809,34330000
2020-01-08,69.6761245727539,70.01383328257931,69.06071230813146,69.16931180182212,35314000
2020-01-09,70.4075698852539,70.84842231020016,69.93249258400905,70.51368743228274,33200000
2020-01-10,70.8623275756836,71.15888019723822,70.39816911178163,70.887623572567,26258000
2020-01-13,71.41128540039062,71.48318564833806,70.68429232295442,71.17423856104631,30730000
2020-01-14,70.94316101074219,71.54022369151787,70.80331039967703,71.40980138157744,26076000
2020-01-15,71.37013244628906,71.44848723259247,70.99622386006052,71.06366724106702,21550000
2020-01-16,71.91363525390625,71.94041435124791,71.40979626083083,71.68006159560105,26080000
2020-01-17,73.36959838867188,73.42067465653932,72.23051437982828,72.52755882003636,52424000
2020-01-21,73.50498962402344,73.88336264250772,72.90791936171401,73.34381561207009,48930000
2020-01-22,73.58531951904297,74.41397338110437,73.52532192544703,73.8759245867756,28458000
2020-01-23,73.62598419189453,74.06287927041319,73.40927702930324,73.7678173234847,26650000
2020-01-24,72.70756530761719,74.09757360680229,72.55928524517289,74.02913898316754,29786000
2020-01-27,70.99969482421875,71.2402073113937,70.3932038265922,70.99027408970458,34132000
2020-01-28,71.93048858642578,72.14372252373562,70.93173956635746,71.49607551541948,29724000
2020-01-29,72.23795318603516,72.60690544755049,71.67709035915647,72.32522928653594,21566000
2020-01-30,72.11644744873047,72.16603303819413,71.16183594102894,71.31556413201686,27110000
2020-01-31,71.0517578125,72.88113570169328,70.76809913606537,72.79137767304688,43822000
2020-02-03,73.52234649658203,73.70583517915193,72.23349910803961,72.48343235004066,71636000
2020-02-04,71.67807006835938,72.76557823057527,70.51865409884083,72.12835081014188,95880000
2020-02-05,71.7098159790039,72.62871964997271,70.89802869966074,72.58061715621994,36376000
2020-02-06,73.19355773925781,73.4707694622342,71.92950709001718,72.00388927199774,37822000
2020-02-07,73.34927368164062,73.65375637066822,72.6698911484849,72.76807866240974,28360000
2020-02-10,74.81465148925781,74.82556289282728,73.15536902814524,73.25603845469743,38302000
2020-02-11,74.88409423828125,75.8669758353758,74.65548439162731,75.04327818320576,34852000
2020-02-12,75.30908203125,75.39189369571822,74.81516311800998,75.17171334002595,31042000
2020-02-13,75.04920959472656,75.67205999735403,74.58355300430597,74.88109681308607,22914000
2020-02-14,75.31402587890625,75.37948673334321,74.66042372612603,75.1057482210196,23198000
2020-02-18,75.3492431640625,75.90068528400265,74.93119712969819,75.09633617170891,25642000
2020-02-19,75.61851501464844,75.90961191518042,75.42561318763357,75.73406088600595,22746000
2020-02-20,75.22774505615234,75.72761146175247,74.59645752229817,75.32791507548832,25962000
2020-02-21,73.56497192382812,74.92820867419994,73.31851194016726,74.6123152432985,42520000
2020-02-24,70.41105651855469,71.23028967425653,69.76291752799771,70.56924919541633,49560000
2020-02-25,68.74778747558594,71.25357353245977,68.45520753919676,70.96347552384009,51580000
2020-02-26,68.95358276367188,70.10407734761422,68.26328904004762,69.17723623515108,49776000
2020-02-27,65.20855712890625,67.90874408927081,65.1733485505735,67.39994872991234,62290000
2020-02-28,66.41358947753906,66.5722739739755,62.89070436777219,63.193204492422396,80198000
2020-03-02,68.74778747558594,68.80481127946089,65.71683912302035,67.01560619750184,55430000
2020-03-03,66.33772277832031,69.83233844511692,65.9171948251204,69.31114862306558,56602000
2020-03-04,68.51374053955078,68.57225502928063,66.30201692418471,67.39101599549596,47598000
2020-03-05,65.19913482666016,67.12670796663788,64.5485139115482,66.72601271363625,54380000
2020-03-06,64.25592041015625,64.60354166751632,62.34521040783532,62.976989720868964,64640000
2020-03-09,60.291194915771484,62.12305473019572,59.410969211683664,59.75413363170908,69252000
2020-03-10,63.23585510253906,63.26957678968302,60.22771640855486,62.20537437076088,54872000
2020-03-11,60.0486946105957,62.331330808488026,59.06879454018304,61.901881557171805,54732000
2020-03-12,55.121917724609375,58.95027701384307,54.96918076424431,55.67088167650658,94326000
2020-03-13,60.2158203125,60.2222672728443,55.15861501655473,58.26791891565671,79400000
2020-03-16,53.2102165222168,56.80401064985068,52.91664149959942,54.03390642715951,96520000
2020-03-17,55.44474792480469,55.83849297321683,52.02501404698684,54.08498798539528,83194000
2020-03-18,54.11226272583008,54.79660524805218,51.424970078900834,52.56257095894629,93044000
2020-03-19,55.127872467041016,57.15809373620562,52.34487397039444,53.964983044434405,74064000
2020-03-20,52.97267532348633,56.457374166486815,52.66967958187416,56.08147935576829,82878000
2020-03-23,52.27445602416992,52.90821796189328,50.03000577141187,52.38553745507887,83672000
2020-03-24,56.037349700927734,56.20198931680837,53.87621071144316,54.74652002572422,72468000
2020-03-25,54.62948989868164,56.83872770368654,53.70661738665387,55.768078303487016,90324000
2020-03-26,57.66936492919922,58.09385791556648,54.15392148412994,55.27912035694048,76562000
2020-03-27,55.05794906616211,57.08073204784074,54.74751506360393,55.911395704558494,62794000
2020-03-30,56.845672607421875,57.07825124528936,54.47427322697181,56.16777698755777,58736000
2020-03-31,57.62125778198242,58.18906316864204,56.370097362055304,56.96567688694709,65228000
2020-04-01,54.65329360961914,56.008097373392076,54.22632246793909,55.73931890160938,51970000
2020-04-02,55.393672943115234,55.6783190924219,54.208468955289,54.549151445625526,56410000
2020-04-03,54.18714141845703,55.48094867701905,53.31336646721793,55.27862233919662,51374000
2020-04-06,58.674560546875,59.049460387953076,55.788910047440375,56.18563269892655,63320000
2020-04-07,58.643310546875,60.5386486628773,58.37998779819019,60.35169060850497,61620000
2020-04-08,59.85529708862305,60.24705964616023,58.71224421750471,59.66189584651864,40334000
2020-04-09,59.8339729309082,60.59865278435294,59.132272009251324,60.40971598898934,54028000
2020-04-13,60.0244026184082,60.228219641111785,58.63191212805063,59.58255503814354,38702000
2020-04-14,62.7429313659668,63.26461680088407,60.923466061815894,61.49028400054519,63358000
2020-04-15,62.34968948364258,63.232889067237245,61.194238224724224,61.81461065144641,42236000
2020-04-16,62.35612869262695,63.14610078349134,61.4025120129918,62.83764929137025,57896000
2020-04-17,63.42578887939453,63.971279654647915,62.781115555550386,63.55968059070784,51050000
2020-04-20,62.54060363769531,63.31768179285646,62.307033746712925,62.97402173117988,35292000
2020-04-21,60.111183166503906,61.98767228700058,59.756116084668555,61.62616202853529,49648000
2020-04-22,62.404727935791016,63.469426000735105,61.35292000771885,61.546816874331455,46296000
2020-04-23,63.03749465942383,63.87953802477549,62.50985788688982,62.76822057097703,34202000
2020-04-24,63.3067741394043,63.36181922472336,61.69013452627562,62.23562530613796,37402000
2020-04-27,63.02212142944336,64.1745987676371,62.73449772386327,64.07045614945028,44186000
2020-04-28,61.12431335449219,63.711428655001434,61.014718809711894,63.63407269606272,80700000
2020-04-29,66.55889892578125,67.45003233788705,65.79273212855323,66.69874197813101,108358000
2020-04-30,66.78304290771484,66.9466912833189,65.53336921837345,66.02233182914512,55842000
2020-05-01,65.3260726928711,67.0175974915961,64.9462166247324,65.66179886879097,48872000
2020-05-04,65.60279846191406,65.68066140503612,64.2693217841076,64.8703571166815,30806000
2020-05-05,66.8980941772461,67.98858401381653,66.20433458292406,66.32681927549082,39666000
2020-05-06,66.7200698852539,67.87353868086379,66.70519344677658,67.34341989813494,31732000
2020-05-07,67.90279388427734,68.23604578852895,67.07265681518872,67.50756186268677,30652000
2020-05-08,68.64960479736328,69.25956128997706,68.03815763461286,68.52463821205002,33326000
2020-05-11,69.60421752929688,70.19632388908829,68.2112352957633,68.27520548318408,32718000
2020-05-12,68.19535064697266,70.13680070806038,68.1621245973952,69.83380879797602,33918000
2020-05-13,66.86387634277344,68.69871775652562,65.8562057491344,68.24397243542293,40368000
2020-05-14,67.28687286376953,67.3121612901518,65.62262654118136,66.1294392946917,36660000
2020-05-15,68.09022521972656,68.16559864736914,66.40118245045998,66.86039208838235,41544000
2020-05-18,68.69126892089844,69.06715998167876,67.15496289864852,67.52094138012248,47094000
2020-05-19,68.15668487548828,69.05376572383527,68.12494948842443,68.70614443587316,31586000
2020-05-20,69.88043212890625,70.02275708211047,68.80234463314515,68.88862946707506,38262000
2020-05-21,69.76091766357422,70.2424343807226,69.14797983629096,69.97117781945387,30894000
2020-05-22,70.082763671875,70.26921852029433,69.22534831600099,69.61958897415187,28544000
2020-05-26,70.4859390258789,71.66321308887383,70.38825092272327,71.50700292608954,44590000
2020-05-27,70.43186950683594,70.6832933415552,69.15839836325051,70.4179843310238,31684000
2020-05-28,70.33071899414062,71.63096943029363,69.38057178014799,69.426192345688,35170000
2020-05-29,71.08846282958984,71.24764676163868,70.218652828686,70.4393250257835,37044000
2020-06-01,71.15538787841797,71.48814024570694,70.5310468249782,70.70065027149134,25162000
2020-06-02,71.52435302734375,71.55857034348811,70.49783354301282,71.16184772780194,23442000
2020-06-03,71.37260437011719,71.85660306579962,70.99423139231902,71.54369094375163,27732000
2020-06-04,70.13533782958984,71.47526904447197,69.72423813412438,71.2501248242787,26982000
2020-06-05,71.4107894897461,71.72221852046398,69.80406630546283,70.20178017806124,42642000
2020-06-08,71.80851745605469,71.85612054706654,70.64017219115213,70.72943839122632,33878000
2020-06-09,72.00884246826172,72.78840250945899,71.52682627591334,71.66965065277674,33624000
2020-06-10,72.63467407226562,73.0348622998667,72.1219137520516,72.47648141459497,31762000
2020-06-11,69.52043151855469,71.98506254426165,69.34736238176606,71.46089127617746,47144000
2020-06-12,70.06690979003906,71.13755930153172,68.7220223032862,70.70860183286206,36676000
2020-06-15,70.4546890258789,70.66594045276953,68.79143400610754,68.90499734928308,30468000
2020-06-16,71.73064422607422,72.26125473639239,70.86380812050945,71.85610266711461,30648000
2020-06-17,72.03165435791016,72.51069676200414,71.16829143028149,72.0514946495563,30610000
2020-06-18,71.11822509765625,72.05299667359647,70.72744994489565,71.89827716565742,34862000
2020-06-19,70.6480941772461,71.63295053322123,70.36840054135394,71.40979643273978,52784000
2020-06-22,71.93842315673828,71.95280774652628,70.37782758468947,70.66644253665869,29442000
2020-06-23,72.59896087646484,73.15536677281354,71.65774262823108,72.00487204800746,37752000
2020-06-24,71.04779815673828,73.18463264160842,70.91390265538281,72.56426402456245,31592000
2020-06-25,71.46435546875,71.52485247707787,70.39518907866939,70.97440158641986,23958000
2020-06-26,67.56854248046875,71.26201482286062,67.19463394651147,71.04431642722474,97640000
2020-06-29,69.28584289550781,69.32700657961172,67.02849910104547,67.45943898586187,45074000
2020-06-30,70.32127380371094,70.61633565566048,68.77802934093707,69.27145623491505,40286000
2020-07-01,71.50897979736328,71.83032898693156,70.12938326370785,70.3768421161721,42182000
2020-07-02,72.89402770996094,73.81591270905315,71.9587569455247,71.99694685942596,57218000
2020-07-06,74.36785888671875,74.88111870181295,73.24365115078267,73.79757524785116,44712000
2020-07-07,73.88533020019531,75.44246001179413,73.87441879746366,74.19328600350485,42364000
2020-07-08,74.56372833251953,74.9391275363047,74.00335737778137,74.42487655792402,31766000
2020-07-09,75.3105697631836,75.83027655124542,74.16652927231475,74.87764724395905,41836000
2020-07-10,76.3197250366211,76.43527091513984,74.42092109962981,75.04228097916123,35918000
2020-07-13,74.99170684814453,78.17191999043621,74.71053006647314,76.86174923666793,42954000
2020-07-14,75.4196548461914,75.51585983280482,73.68747324161508,74.0276638809234,38108000
2020-07-15,75.2222900390625,76.18681428524529,74.2775985185989,75.53718469026553,31026000
2020-07-16,75.12509155273438,75.17418530345144,73.80351018131975,74.45958671679637,26484000
2020-07-17,75.22079467773438,75.54710012521701,74.29097965125972,75.22376845137862,34264000
2020-07-20,77.55104064941406,77.8074208084694,74.51910048084655,75.12905704307107,30166000
2020-07-21,77.15827941894531,78.70202356898034,76.99463106769095,78.60185355585298,27486000
2020-07-22,77.60111999511719,77.70674570726749,76.52898004749464,77.1478654526856,24482000
2020-07-23,75.21585083007812,77.87388279477673,74.81119054190296,77.65469369706234,33910000
2020-07-24,74.79235076904297,75.15039166978701,73.76980375376206,74.34505124105762,29902000
2020-07-27,75.84465026855469,76.24781989329986,74.99666304671776,75.04278303062988,27124000
2020-07-28,74.56621551513672,75.67504727423581,74.41099662396583,75.62496226274747,30910000
2020-07-29,75.55106353759766,76.03803598682765,74.53446428373476,74.63315119222594,22676000
2020-07-30,76.28799438476562,76.41296100573945,74.14569648203324,74.28454828311527,36042000
2020-07-31,73.78764343261719,74.63414743431856,72.10405616294213,74.2389154953102,91468000
2020-08-03,73.53025817871094,74.27261942362819,72.98278123219077,73.93888337312134,45482000
2020-08-04,73.0611572265625,74.0435393333621,72.6014556409733,73.72616272675874,37212000
2020-08-05,73.34827423095703,73.88930432200833,72.95799858052132,73.23570970460068,29134000
2020-08-06,74.63067626953125,74.6961371287166,72.99172582956919,73.20248543087422,33306000
2020-08-07,74.30437469482422,75.3814709934715,73.70433072116582,74.83350211063035,27718000
2020-08-10,74.22752380371094,74.73978479263027,73.26893940537893,73.92898865059216,20546000
2020-08-11,73.42017364501953,74.9029212995285,73.30363653343107,74.08765336389034,31098000
2020-08-12,74.7442398071289,74.96392829740739,73.64135561207259,73.74648949020883,22512000
2020-08-13,75.21087646484375,76.21855444545622,74.79233862250962,74.79233862250962,22388000
2020-08-14,74.61482238769531,75.36661223240425,74.33562810166242,75.06013943047174,21942000
2020-08-17,75.1905517578125,75.56446789757864,74.63316208489026,75.17716599131961,19990000
2020-08-18,77.1513442993164,77.23019092166476,75.45982697689634,75.68049915036515,28378000
2020-08-19,76.59741973876953,77.79998205796244,76.36880993674055,76.98818722838891,30472000
2020-08-20,78.16646575927734,78.36085827945097,76.09409318385686,76.36733233930526,26382000
2020-08-21,78.13274383544922,78.94155742131991,77.47517655139052,77.94578197707564,34838000
2020-08-24,78.60780334472656,79.7796215208328,78.10644628557537,78.97080047471435,25638000
2020-08-25,79.63433074951172,79.7845857885125,78.2472884005145,78.35737857337155,25150000
2020-08-26,81.53263092041016,81.96208775118443,79.39282281884792,79.65664120321837,52188000
2020-08-27,80.75853729248047,81.72405283891463,80.27701291660559,81.65561820356022,31350000
2020-08-28,81.29954528808594,81.39475900573815,80.61421536614671,80.80563405926029,22418000
2020-08-31,80.8086166381836,81.5509780158824,80.60033897276564,81.50485803874443,26422000
2020-09-01,82.07564544677734,82.2809493495807,80.80862102170718,80.93904333000434,22652000
2020-09-02,85.16561126708984,85.59754248382305,82.32905460313435,82.71684835469105,49522000
2020-09-03,80.80762481689453,84.30323151911709,79.7265559132381,84.27942619556264,63726000
2020-09-04,78.41242980957031,81.07938305548198,76.26814951914791,79.7905357444449,55850000
2020-09-08,75.5555419921875,77.13994312238728,75.20344864833461,75.62496788954304,54032000
2020-09-09,76.72734832763672,77.29713244236171,75.63338552792708,76.81015997905173,39242000
2020-09-10,75.6770248413086,78.0380120006391,75.37700663755594,76.87363960393168,33024000
2020-09-11,75.16676330566406,76.30435686018187,74.03908233242203,75.7811844407873,30706000
2020-09-14,74.82307434082031,77.21183159026285,74.63860202176961,75.95471996742477,42660000
2020-09-15,76.12682342529297,76.91382184517956,75.48116630768762,75.76829065669244,23042000
2020-09-16,74.98475646972656,77.08142606699325,74.95995988574093,76.49180158810144,22128000
2020-09-17,73.74251556396484,74.31875423371972,72.52359367520403,73.68151914994446,40008000
2020-09-18,71.95974731445312,74.14717354274497,70.99423184511045,73.80500039329375,63056000
2020-09-21,70.92083740234375,71.41276613993426,69.55909124439718,70.99422831812555,56908000
2020-09-22,72.39266967773438,72.59847297958909,70.88909790425686,71.92156489906783,33950000
2020-09-23,69.891845703125,72.05844057241953,69.55910082477837,72.00934681768462,37726000
2020-09-24,70.559814453125,71.31011340811294,69.53280322167417,69.5590904717612,34552000
2020-09-25,71.36319732666016,71.70437171462316,69.8070583266298,70.66843890745302,30326000
2020-09-28,72.33515167236328,73.04577770670436,71.72123004229934,72.99619210723424,30784000
2020-09-29,72.70014190673828,72.99668695835517,72.1040628957375,72.59550743432801,31816000
2020-09-30,72.67931365966797,73.70086941289681,72.19134985223658,72.44822189421207,40924000
2020-10-01,73.78517150878906,74.14073804524459,73.23472061084361,73.57491129707402,32884000
2020-10-02,72.18339538574219,73.34529333602387,71.7742783075214,72.38324355843328,31222000
2020-10-05,73.53375244140625,73.6264842512072,72.40607158601448,72.53302071478075,21602000
2020-10-06,71.95628356933594,73.61754863021302,71.65824787299684,73.17024916293467,26096000
2020-10-07,72.35895538330078,72.8464272920144,71.07407320039421,72.3673848593541,36108000
2020-10-08,73.56348419189453,73.79159454159073,72.67185163878298,72.67185163878298,26076000
2020-10-09,74.90343475341797,74.97286065480611,73.7405452300247,74.03114275775336,32966000
2020-10-12,77.58822631835938,78.76995701320932,75.83818706732326,76.26962637160483,55344000
2020-10-13,77.71121978759766,78.60830825072733,77.29268191848519,78.2041474056117,39072000
2020-10-14,77.53120422363281,78.54333914498373,76.66139427283109,78.08463641146828,33174000
2020-10-15,77.1359634399414,77.92593541611845,76.42484564784411,76.59195961535212,31210000
2020-10-16,77.74246215820312,78.23885538819876,77.24457825784714,77.45136526093125,34194000
2020-10-19,75.87042999267578,78.5473107543964,75.52181743296583,78.15058813294185,29734000
2020-10-20,76.91827392578125,78.04694597778177,75.40180813556019,75.53123918577117,41670000
2020-10-21,78.64946746826172,80.0950243200402,77.71469603177026,77.84908337715488,60322000
2020-10-22,79.67449951171875,80.00972633668317,78.22745949895982,78.60037683033812,30512000
2020-10-23,80.9797134399414,81.03624541577501,79.93484422792365,80.09056254283196,30548000
2020-10-26,78.56515502929688,80.81108811639827,77.7464214200615,80.08806764416121,35826000
2020-10-27,79.28868865966797,79.4434081514448,78.20316272181296,78.79526915461666,25902000
2020-10-28,74.9207763671875,77.05364551687353,74.80572991828615,76.86520815058896,45174000
2020-10-29,77.20590209960938,78.78583875857211,75.20592931015136,75.22923522407544,55406000
2020-10-30,80.14311218261719,83.37689063114517,79.42207419697557,82.68857929063469,99878000
2020-11-02,80.55025482177734,82.23235142341763,80.05038085259652,80.51157306203328,44228000
2020-11-03,81.6084976196289,82.27002983001302,79.9447507315101,80.86960946086896,31432000
2020-11-04,86.57695007324219,87.77603930665698,84.45201073795255,84.57995112111725,71342000
2020-11-05,87.40261840820312,88.85660464736164,86.33791656920567,87.79685909810694,39758000
2020-11-06,87.2652587890625,87.70016376285554,86.12220215146095,86.8491952834686,28622000
2020-11-09,87.34906768798828,90.09983143122278,87.15715710598109,89.06290742659552,53440000
2020-11-10,86.17376708984375,87.24788954723216,85.1026184059811,85.77952644234995,43022000
2020-11-11,86.64537811279297,87.42244865386503,86.43858355014122,86.70339318512825,31838000
2020-11-12,86.42667388916016,87.52559292434917,86.18616144298254,86.38600961715265,26474000
2020-11-13,87.8866195678711,88.12812330500522,86.08749390814062,86.68356532652022,29744000
2020-11-16,87.97438049316406,88.98155896466369,87.3445837074823,87.48393488198597,25468000
2020-11-17,87.36096954345703,88.12862699809808,87.25336129641464,87.66842600178109,21314000
2020-11-18,86.3185806274414,87.52659876109121,86.21592867248422,87.11202590924145,20108000
2020-11-19,87.20772552490234,87.4517111808944,85.79192921661566,85.95111313440208,20106000
2020-11-20,86.1073226928711,87.69321431232694,86.03888806138033,87.37782025271105,27694000
2020-11-23,85.66993713378906,86.58388452691703,84.80806483367506,86.29775148895854,22530000
2020-11-24,87.47205352783203,87.59999391838477,85.33124637413032,85.66697261307304,27984000
2020-11-25,87.48345184326172,87.79339022162621,86.70141738515697,87.66594925071765,19600000
2020-11-27,88.61856842041016,89.11397796643531,87.50378154731892,87.50378154731892,14790000
2020-11-30,87.00093078613281,88.28729593403301,86.67561660708266,88.05472111529265,32418000
2020-12-01,89.03215026855469,90.33934712767135,87.42890021723332,87.60891569180329,37350000
2020-12-02,90.5005111694336,90.88583053694929,88.52682579597574,89.03214790983743,29424000
2020-12-03,90.34530639648438,91.43578858562074,90.10528575268816,90.28083679102588,24728000
2020-12-04,90.44052124023438,90.72516363204076,89.93618277474572,90.26497019974981,20544000
2020-12-07,90.10676574707031,90.7147397818171,89.41299871935603,90.03336726128934,22288000
2020-12-08,89.82410430908203,90.05420479386552,88.82982716744417,89.68476067965364,19936000
2020-12-09,88.16432189941406,90.66912483380474,87.3778230247118,89.77600140990651,31728000
2020-12-10,87.65801239013672,88.02200081653986,85.9659955088699,87.40757975682408,28688000
2020-12-11,88.01258087158203,88.13705563756427,86.91862549969234,87.27864889730141,18628000
2020-12-14,86.89482116699219,88.75643400751298,86.73960226706616,87.81025930441976,33050000
2020-12-15,87.33220672607422,87.4770060641718,86.36966493036442,87.27170215315259,21352000
2020-12-16,87.13928985595703,87.7304049543823,86.73612785383081,87.7304049543823,24676000
2020-12-17,86.3121337890625,87.61140062901919,85.8479753357281,87.4735400975427,34880000
2020-12-18,85.60348510742188,86.7014130032397,85.04708672490963,86.59281350662172,85256000
2020-12-21,86.01705932617188,86.13806088707005,84.00568362055076,84.7559825869956,33974000
2020-12-22,85.30594635009766,85.9203673555766,84.58986465657318,85.75771025470374,20370000
2020-12-23,85.70316314697266,86.49065326644407,85.35454302432285,85.48992918586241,22974000
2020-12-24,85.99723052978516,86.40634763890155,85.51074990274458,85.74134221937419,9312000
2020-12-28,87.9709243774414,88.61758023825367,86.37710257664094,86.53033139024102,27650000
2020-12-29,87.16755676269531,88.69046939494899,87.03614320674384,88.62898113815957,19726000
2020-12-30,86.10087585449219,87.66346156450165,85.69175873529313,87.52659230132683,21026000
2020-12-31,86.91366577148438,87.15467009608656,86.09294200196078,86.1514640567951,21070000
2021-01-04,85.59902954101562,87.402120207572,84.65731177627322,87.27864427300177,37324000
2021-01-05,86.28932189941406,86.62553994719731,85.14130899599806,85.547452346587,20360000
2021-01-06,85.43785095214844,86.48371128165162,84.10983019384653,84.31612534175449,46588000
2021-01-07,87.9897689819336,88.16233866820387,85.63026481011545,85.63026481011545,41936000
2021-01-08,89.15464782714844,89.23052068427735,87.33914739180136,88.12961892067057,35484000
2021-01-11,87.09466552734375,88.4876553992653,86.8888697766191,88.1226681566943,34796000
2021-01-12,86.15939331054688,87.67040339276643,85.11552300350571,86.55264274953645,29528000
2021-01-13,86.6463623046875,87.09961684355385,85.6580252706393,85.6580252706393,23432000
2021-01-14,85.83655548095703,87.6530469372006,85.59604301970084,86.72669751036699,29212000
2021-01-15,85.67290496826172,86.66470765909816,84.88393179958005,85.74233085394611,31444000
2021-01-19,88.49211883544922,89.45267807678509,85.93128331929772,86.43561418775866,41660000
2021-01-20,93.2329330444336,94.20737744445935,90.2297543947526,90.56993747642771,64152000
2021-01-21,93.43524932861328,95.81210413081008,93.20019257350067,93.90636166357693,58634000
2021-01-22,93.8523178100586,94.4389685259167,93.05589873468317,93.79776835100945,32744000
2021-01-25,93.93761444091797,95.30333347739115,92.19601186082777,94.8530526111603,50586000
2021-01-26,94.61550903320312,95.00231152937288,93.03755491647793,93.52650995574975,31462000
2021-01-27,90.20149230957031,93.25277371377656,89.1273696425718,92.97705264284299,82512000
2021-01-28,91.90044403076172,93.62567923928557,90.79954240185926,90.79954240185926,55278000
2021-01-29,90.6190185546875,91.61975006758315,89.33959982632481,90.94928901066062,44530000
2021-02-01,93.87760162353516,94.9918890070294,91.47346827211754,91.47346827211754,40252000
2021-02-02,95.16943359375,96.66953234686342,94.53715474973095,94.87238913054661,66332000
2021-02-03,102.10013580322266,104.46756984039983,99.85221265777069,102.43387946476706,97882000
2021-02-04,101.83979797363281,102.61686853209841,100.92088672711886,102.18642801251289,48596000
2021-02-05,103.58537292480469,103.93795810388866,101.65978991268837,102.13386851685974,29866000
2021-02-08,103.37164306640625,104.88315268671433,102.32182512427782,104.13930054000004,28828000
2021-02-09,102.91888427734375,104.06540659089865,102.6515926888036,102.88962324878285,21892000
2021-02-10,103.46881866455078,104.08373904046066,101.77085450098349,103.30318780122352,25102000
2021-02-11,103.5813980102539,103.8417432011322,102.59505097845204,103.6929788445471,20480000
2021-02-12,103.892822265625,104.11448568687386,102.8286123513811,103.13607633020287,18990000
2021-02-16,104.6698989868164,106.37778331502909,103.73016383309847,103.73016383309847,31004000
2021-02-17,105.06266021728516,105.2520964251539,103.56157027886391,103.84075695054456,20294000
2021-02-18,104.42740631103516,105.22978044150346,103.8085208383096,104.38724144669854,22546000
2021-02-19,103.5843734741211,105.06067434938426,103.31758131898079,104.52559936877174,37938000
2021-02-22,101.87103271484375,103.1638524951323,101.56060251176662,101.83830606942489,29466000
2021-02-23,102.16162872314453,102.77555788180933,98.69577487059935,99.87404002469421,34658000
2021-02-24,103.33641815185547,103.56007165959284,100.54548993925555,100.66995712296065,22608000
2021-02-25,99.97125244140625,103.29627253919438,99.50213009803336,101.95386696395025,41548000
2021-02-26,100.26678466796875,101.98309847376467,99.23035268675075,100.66548976778884,40042000
2021-03-01,102.63472747802734,102.96053353696968,100.88716997270484,101.5606048992847,26060000
2021-03-02,102.37784576416016,103.87844380430377,101.99055145272833,102.39569597381312,25564000
2021-03-03,99.74610900878906,102.94863663130721,98.88273841636625,101.7564937545508,33892000
2021-03-04,100.86286163330078,102.87919359108754,99.44953981946315,99.91767079492536,49216000
2021-03-05,103.99398803710938,104.44674319929116,100.55788705118852,102.21271269276662,53100000
2021-03-08,99.55219268798828,104.82064494342981,99.43763808766263,103.3488162024733,36868000
2021-03-09,101.18173217773438,102.35007722648686,100.94568414890182,101.6473888421462,33920000
2021-03-10,100.97494506835938,102.2251105144304,100.13885303854282,102.2251105144304,27100000
2021-03-11,104.16606140136719,104.69816257525414,101.97963406928115,102.06740957578127,27702000
2021-03-12,101.6597900390625,103.02897463234642,100.78799753105496,102.96946888396107,33818000
2021-03-15,101.87995910644531,101.90723004915033,100.5583853117007,101.41083684371416,26168000
2021-03-16,103.34040069580078,104.81768533806229,102.12047992122729,102.45273295151992,31900000
2021-03-17,103.257568359375,104.08968771643904,101.36818547416158,102.57570402029985,26382000
2021-03-18,100.23853302001953,102.58960018110442,100.13141662467372,101.56952763068206,31700000
2021-03-19,100.51722717285156,101.0170935919781,99.32557619974676,100.65459585242806,46072000
2021-03-22,100.70220947265625,101.57747521012381,99.8745468228633,100.55046375333875,33536000
2021-03-23,101.2298355102539,102.35949880770968,100.56880265494154,101.1614008768052,28510000
2021-03-24,100.79344940185547,102.53256990725708,100.61839021612809,101.74706227764077,25218000
2021-03-25,100.78996276855469,101.44355733129613,98.98636533405625,100.62085872011362,35616000
2021-03-26,100.4066390991211,101.1336246171234,99.37119076934293,100.75674230960178,27978000
2021-03-29,101.45100402832031,101.6206075032876,99.45053959162658,100.27919338600256,26492000
2021-03-30,101.48473358154297,102.28809141391507,100.97296449597272,101.80756587150155,27312000
2021-03-31,102.28065490722656,103.45792888550099,101.51101496662734,101.87798472633357,42570000
2021-04-01,105.6160888671875,105.91214206933007,103.71431119831864,103.7549754771254,39880000
2021-04-05,110.03852844238281,110.53592048261828,106.38125583923181,106.47746082606572,48510000
2021-04-06,109.55750274658203,110.48682596318324,109.18706739203486,109.63982255502079,35240000
2021-04-07,111.0338134765625,111.30507009532337,109.74793996872023,109.74793996872023,24134000
2021-04-08,111.59912872314453,112.65837480867786,111.23116773698662,112.27206420107896,28664000
2021-04-09,112.60282897949219,112.76647732788905,110.94602092605987,111.3516723945579,26146000
2021-04-12,111.31101989746094,111.91948581429651,110.47790163265579,111.78212470167257,25024000
2021-04-13,111.79750061035156,112.24579894520419,111.23316455138779,111.62691342728266,25682000
2021-04-14,111.17662811279297,112.44216945631923,110.88454751475824,112.44216945631923,21002000
2021-04-15,113.32586669921875,113.85896676847962,111.63583989984983,112.17042307269293,29174000
2021-04-16,113.2018814086914,113.77167310788025,112.61523075801729,113.5237224246354,26282000
2021-04-19,113.54951477050781,114.26014079100582,112.57854354901255,112.57854354901255,30290000
2021-04-20,113.01641845703125,114.00772178331093,111.93089265988128,113.9328401922627,22288000
2021-04-21,112.98368072509766,113.0655011135932,111.3209176039308,112.67126047168009,23204000
2021-04-22,111.70277404785156,113.50587220316932,111.09777377545008,112.837393589657,24146000
2021-04-23,114.0538558959961,114.36082051609826,112.1357110382655,112.42085284760091,29066000
2021-04-26,114.54974365234375,115.27376298428891,113.92441123580916,114.28146082870616,32038000
2021-04-27,113.61002349853516,114.97226168999597,113.37099411833077,114.93159741163268,44386000
2021-04-28,116.9851303100586,120.57247792112227,116.6965153246631,118.6444129864384,81106000
2021-04-29,118.65729522705078,119.22262247919515,117.71954253961522,118.48224361950828,41234000
2021-04-30,116.71038818359375,118.1162643027293,116.36623251844566,117.43043490062821,44856000
2021-05-03,116.19365692138672,118.10138954221922,115.81776586416933,117.2762089404866,28242000
2021-05-04,114.3960189819336,115.29657305551342,111.9090738290094,114.72926326113381,44818000
2021-05-05,114.78975677490234,115.7929627021669,114.46791577667229,115.47707681798022,26636000
2021-05-06,115.90950775146484,115.90950775146484,113.71216888819075,114.371219210084,25190000
2021-05-07,116.63253021240234,117.59061507127338,116.34639717350244,117.22563540770174,28898000
2021-05-10,113.64820098876953,115.59461543086714,113.29065197517465,115.45278230823058,30914000
2021-05-11,112.57259368896484,113.07940650319262,110.78040678264628,111.23416080961009,34186000
2021-05-12,109.11070251464844,111.47764498191353,108.78192267103177,110.39707540750636,46376000
2021-05-13,110.53840637207031,111.05414048585153,109.43154957142508,110.39359947423983,33204000
2021-05-14,112.98516845703125,113.2995712389846,111.5778017225358,112.00130340485505,31996000
2021-05-17,113.50785827636719,113.55050506879931,111.85105006420112,112.25074645700623,21598000
2021-05-18,112.1961898803711,114.43816551572112,112.18230470309192,114.17384773504614,22204000
2021-05-19,112.64399719238281,112.81706629241613,110.35988157512777,110.50815409240448,23684000
2021-05-20,114.40198516845703,114.65241024764639,113.24008695620131,113.61102177435937,32352000
2021-05-21,113.7662124633789,114.99407073122583,113.52669126628258,114.92067224724799,40632000
2021-05-24,117.08429718017578,117.30794312536561,114.65041093317832,114.79570966912145,31832000
2021-05-25,117.17505645751953,118.22289182744397,116.7847807808758,117.62781165530731,22440000
2021-05-26,118.03990936279297,118.47034990255696,117.35308107918044,117.3560548531477,21572000
2021-05-27,117.16563415527344,118.47332287279623,116.84726630527486,118.47332287279623,35224000
2021-05-28,116.87651824951172,117.82963927117555,116.67816071964592,117.74781887099097,21482000
2021-06-01,118.08305358886719,118.30769838712813,116.74907754551573,117.74881802621616,23354000
2021-06-02,117.55789947509766,118.7009486346415,116.65386457348119,118.47828635098774,21158000
2021-06-03,116.41680908203125,116.88494008609811,115.52121134855334,116.3250685412931,18696000
2021-06-04,118.69747161865234,118.96823639262553,117.15224415049533,117.49243481948021,24458000
2021-06-07,119.1303939819336,119.23999231025896,118.07412912075807,118.49266700644799,24120000
2021-06-08,118.93896484375,119.98432577535812,118.757466274763,119.61190790368995,24240000
2021-06-09,119.41008758544922,119.65505695022746,118.86261049023591,119.58315669372153,17942000
2021-06-10,120.75843048095703,120.801576684723,119.20378241102719,119.35949314078805,25904000
2021-06-11,120.51396942138672,121.08524430564806,119.95657214998066,120.9999507112616,21958000
2021-06-14,121.4417953491211,121.44228719469659,119.90896239653654,120.61611526440987,22098000
2021-06-15,120.42420196533203,121.76908177598153,120.06367916664863,121.44624948123858,21562000
2021-06-16,119.78250122070312,120.88687610628577,118.49068020896921,120.5754470648677,26472000
2021-06-17,120.74553680419922,121.51815047385836,119.51223033742086,119.7081134975645,25842000
2021-06-18,119.12642669677734,120.60619327255783,119.03121296167414,120.37212775019057,46116000
2021-06-21,120.81397247314453,120.99993548875224,118.91566055698493,119.51273077628596,27414000
2021-06-22,121.32772064208984,121.39665468442757,120.07160770069062,120.75198140176597,22390000
2021-06-23,121.12590026855469,122.08645953120904,120.83580218507122,121.0926742086513,19148000
2021-06-24,121.49584197998047,122.04678467759501,121.29748444838773,121.69419951157322,21362000
2021-06-25,121.5042724609375,121.62775596535607,120.5685097881372,120.99994158468905,34594000
2021-06-28,121.53153991699219,121.77849933650862,120.41030616677962,121.6728660523082,28526000
2021-06-29,121.27021026611328,122.01257928283053,120.69347970676894,121.66495039428926,23108000
2021-06-30,121.08869934082031,121.2548296268427,120.35972373185534,120.99447687115277,24474000
2021-07-01,121.4407958984375,121.58212203987887,120.53527798763021,120.72718855138434,18110000
2021-07-02,124.23072814941406,124.37602688380984,122.0507477211,122.14050574564968,25982000
2021-07-06,125.15559387207031,125.39164190205774,123.56126516970392,124.61852879829608,26404000
2021-07-07,125.43726348876953,126.240621316996,125.1188956447412,126.11962731057842,24060000
2021-07-08,124.01898193359375,124.56595957690325,123.005363941043,123.0093289727932,23790000
2021-07-09,124.48958587646484,124.70381107829633,123.53050984041758,124.00013149635579,18632000
2021-07-12,125.93465423583984,126.02788545144588,124.581337423186,125.14369092382793,17668000
2021-07-13,126.29765319824219,127.00777981268853,125.63612092477611,125.99713556323269,19240000
2021-07-14,127.18580627441406,128.26638333995623,126.86594777508958,126.90909397847128,23742000
2021-07-15,125.96391296386719,127.64501842152565,125.49280814322165,127.59444156322091,24218000
2021-07-16,125.92919921875,126.7638005858177,125.11939443436253,126.61651932695658,20424000
2021-07-19,123.55680847167969,125.17047048995204,122.49259846899817,125.05591587763702,27968000
2021-07-20,125.17494201660156,126.0016057985081,123.3311794114217,124.49852570882304,26312000
2021-07-21,126.50346374511719,126.55007557282694,124.99046349148195,125.09956240900131,20746000
2021-07-22,127.36878204345703,127.4297860202273,126.4538510284207,126.79602416530378,14302000
2021-07-23,131.9246368408203,132.3054917449223,128.73649417322727,129.36131958948965,41506000
2021-07-26,132.936279296875,133.13661932706722,131.2169841004671,132.23557346986715,30572000
2021-07-27,130.81878662109375,133.29730999351878,129.03751867433039,133.15002872677817,54710000
2021-07-28,134.97840881347656,137.16335335815197,134.16860398036314,135.1946241311871,95130000
2021-07-29,134.66448974609375,135.54074659888502,134.43191491467985,135.03393383670254,31716000
2021-07-30,133.6221160888672,134.1953809902093,133.15448447715994,133.92808941978942,25576000
2021-08-02,133.7490692138672,134.22711280471987,132.6972613245468,134.00941440487134,21634000
2021-08-03,134.51821899414062,134.61937271017896,132.22665752851483,134.02726631580427,20762000
2021-08-04,134.01783752441406,134.53754419070725,133.38456751331833,134.24000035779645,19676000
2021-08-05,135.13461303710938,135.23231626590845,133.74063191754414,134.56829449236173,17870000
2021-08-06,134.6258087158203,135.35380063089553,134.10165272092112,134.9268333121691,20488000
2021-08-09,135.79067993164062,136.05946972764093,134.23007678129167,134.8281458060164,17760000
2021-08-10,135.68557739257812,136.64316290986423,135.2466997947702,136.21618040832792,19414000
2021-08-11,135.16189575195312,136.55387918721985,135.15444996704406,136.05699411421284,15352000
2021-08-12,136.0693817138672,136.1745155860973,134.31538491071916,134.86086429616063,16506000
2021-08-13,136.59852600097656,136.72648152836254,135.9097302737802,136.12494677939299,15948000
2021-08-16,137.1757354736328,137.22830997813796,134.18991525462013,136.39766610111587,22384000
2021-08-17,135.54124450683594,137.1320999211298,134.96649653381414,136.62082272063034,21716000
2021-08-18,134.3386993408203,135.98063113741676,134.21224206544025,135.38107897385382,19258000
2021-08-19,134.5678253173828,135.2348134478721,133.14955427531768,133.33353482355264,21782000
2021-08-20,136.30294799804688,136.42642391817594,134.14130974243275,134.8851617373076,31194000
2021-08-23,138.89353942871094,139.71970367913292,136.47948600587455,136.83851809316022,28454000
2021-08-24,140.10353088378906,140.91531805934204,139.18809294920172,139.4588501005937,19268000
2021-08-25,140.91433715820312,141.02393547801682,140.21711205572637,140.4640639174662,15848000
2021-08-26,140.28109741210938,141.2500786299819,140.19827061437374,140.58805446280763,20610000
2021-08-27,142.82354736328125,143.3278781659032,140.33709435382934,140.49132196701825,28780000
2021-08-30,143.40525817871094,144.77395084299167,142.98125704674328,143.2163138187646,24434000
2021-08-31,143.5113983154297,143.98151193339874,143.09832365658133,143.95722232623802,22448000
2021-09-01,144.025146484375,145.05513168478024,143.6958672121198,143.81141309150524,21936000
2021-09-02,142.11244201660156,144.32663982177834,142.01127317307444,144.02563035315396,32342000
2021-09-03,142.5612335205078,142.9733244158988,141.23320515681903,141.90763889729274,19850000
2021-09-07,143.0978240966797,143.37999214966715,142.44174743091872,142.65548084000116,20124000
2021-09-08,142.5131378173828,143.2163256757529,141.8278077374024,142.91879692732815,18344000
2021-09-09,142.36436462402344,143.12755759724692,142.0038493948319,142.66140907531098,15314000
2021-09-10,139.72122192382812,143.5322230716602,139.5843526495749,143.03035897692502,36840000
2021-09-13,141.16575622558594,141.77818710345173,140.09212560958235,140.78588503191912,22094000
2021-09-14,141.37599182128906,142.18779406502009,140.5880100304053,141.82329876208095,19674000
2021-09-15,143.24557495117188,143.2663989340108,140.18883824930154,141.60116132377672,27408000
2021-09-16,142.43280029296875,143.1171466443425,141.23421048693598,142.77050902430236,26190000
2021-09-17,139.64584350585938,142.27411498980177,139.31854675119118,141.858059023679,53384000
2021-09-20,137.58236694335938,137.86056989011584,135.2045285382964,137.028942390243,46518000
2021-09-21,137.89329528808594,138.8637744931468,137.14447948403443,138.60391361660336,25332000
2021-09-22,139.13356018066406,139.73211352931875,137.41576307062647,138.1620970935906,25056000
2021-09-23,140.05844116210938,140.53500172725538,139.25061879288333,139.83181383714714,20952000
2021-09-24,141.0492401123047,141.16380230179908,139.09142223509036,139.38648419130865,22984000
2021-09-27,139.91558837890625,140.77498621502428,138.91932129401908,139.6502793563309,21882000
2021-09-28,134.71656799316406,137.95628643744843,134.25041949465725,137.51840770698303,45772000
2021-09-29,133.25218200683594,136.02675103167505,132.76769140885952,135.85714754159193,30848000
2021-09-30,132.58021545410156,134.43141608042833,132.46120397036233,133.1609261171282,37996000
2021-10-01,135.4237060546875,135.78820139147504,132.9739523429522,133.34537891761596,35360000
2021-10-04,132.56385803222656,134.845991044881,129.97575169598792,134.845991044881,51202000
2021-10-05,134.90798950195312,136.09964809191845,132.94224164734214,132.94224164734214,32404000
2021-10-06,136.43734741210938,136.62082849904496,133.44706273306846,133.64542025587158,24364000
2021-10-07,138.08375549316406,138.89405973958108,137.51445558203253,137.75347740127893,25110000
2021-10-08,138.63963317871094,139.1806480726918,138.0762809330974,138.43283107162404,26526000
2021-10-11,137.77528381347656,139.55854921153343,137.72072679461957,138.15019117218512,17954000
2021-10-12,135.33050537109375,138.3634370023765,134.64714270868552,138.33665033617203,36332000
2021-10-13,136.4542236328125,136.86879650740957,135.39993366753524,136.27619065855683,19654000
2021-10-14,139.9939727783203,140.17893699801598,137.68703522654903,138.33071736992292,31894000
2021-10-15,140.2091827392578,140.55631979319722,139.60121618297967,140.45366783413928,30274000
2021-10-18,141.60763549804688,141.62549327745987,139.91314410371137,139.9200904772288,20396000
2021-10-19,142.0628662109375,142.48488486692986,141.43109432493534,142.2121299993637,20164000
2021-10-20,140.60687255859375,142.3693139266215,140.2175881873202,142.163011218959,23288000
2021-10-21,140.72293090820312,140.99072189641535,139.3482906803263,140.6068856243596,26292000
2021-10-22,136.43882751464844,139.4305952313603,134.94071143427604,138.00934325689758,50588000
2021-10-25,136.32032775878906,136.8687885412158,134.313900493147,136.42248030097556,34412000
2021-10-26,138.16656494140625,138.93470665883544,137.17079709217552,138.12193563067672,49236000
2021-10-27,145.01893615722656,147.43149181607174,138.26227904833755,138.26227904833755,85782000
2021-10-28,144.65345764160156,145.95173330507313,143.44147439811337,145.92842739017055,36206000
2021-10-29,146.8324432373047,147.026835739547,143.46378537419665,143.88877021249704,43320000
2021-11-01,142.3207244873047,146.8324466906108,142.05145038269242,146.8324466906108,46924000
2021-11-02,144.24037170410156,145.4072262525026,143.15236379198146,143.39436697063186,33482000
2021-11-03,145.3963165283203,145.4667336808486,143.405764521186,144.70452437779974,27494000
2021-11-04,147.0521240234375,148.5061103237096,145.10868328164617,145.918488091667,38412000
2021-11-05,147.63182067871094,149.0952199954821,146.98219111996391,147.94670774549678,38354000
2021-11-08,147.80934143066406,149.38035641071258,147.21375439543775,148.59682386943936,23052000
2021-11-09,147.6977996826172,148.60629148213926,146.03800993877508,148.00972059814333,19530000
2021-11-10,144.69757080078125,146.85624308458767,143.35269859682205,146.29090824279103,29970000
2021-11-11,144.5716094970703,146.32612090055292,144.40696987833476,145.28869002419106,16518000
2021-11-12,147.45924377441406,147.62984607624279,144.21902587009922,145.41365059304397,22360000
2021-11-15,147.23509216308594,148.32359927216987,146.36528227383033,147.67991725355816,23508000
2021-11-16,146.663818359375,147.54304137580007,146.10493053390076,146.93507493624477,18904000
2021-11-17,146.83343505859375,147.34173099742802,146.0330585046554,146.81409417641225,19594000
2021-11-18,148.6102294921875,149.3461514524102,146.67225222682112,147.026320462845,35608000
2021-11-19,147.70570373535156,149.72898972518277,147.67843279309778,148.74610077592874,33682000
2021-11-22,145.10272216796875,148.6013025990791,144.94949337082977,148.10838258410493,30594000
2021-11-23,144.5869903564453,145.45779912839131,142.93366287312807,144.95495136652673,27218000
2021-11-24,144.9221954345703,145.05063520690538,143.18952217259164,144.280995397565,18040000
2021-11-26,141.01748657226562,143.3725186493825,140.67977786294543,143.16523224151518,30470000
2021-11-29,144.3375244140625,145.09823528079264,142.7139350312708,142.81956829928052,32596000
2021-11-30,140.73434448242188,144.80320881089577,140.44076564760365,143.81983548713401,42068000
2021-12-01,139.895263671875,144.75410739029755,139.75691130496085,142.8195956469263,34020000
2021-12-02,141.79408264160156,142.68521600548834,139.06512670151332,140.09214564508795,29194000
2021-12-03,140.83746337890625,143.21630064924545,139.15090244069415,142.50320033510963,41230000
2021-12-06,141.98150634765625,142.67328324398704,139.0011345584632,141.8679430077585,30618000
2021-12-07,146.06228637695312,146.32164786424076,144.03701790710437,144.40299636708085,32240000
2021-12-08,146.9717559814453,147.17657557723103,145.205864201199,146.3865960515908,24270000
2021-12-09,146.42825317382812,147.87777474199387,145.9090459619528,146.3811419446522,23270000
2021-12-10,146.78829956054688,147.75629704872722,145.5014348041652,147.4810753999608,24458000
2021-12-13,144.63113403320312,146.75705697342113,144.32466128723686,146.5700951293805,27070000
2021-12-14,142.7273712158203,143.29567231486587,140.05743659724035,142.78787579064948,38446000
2021-12-15,145.24057006835938,145.51827360710053,140.51661343560883,142.23342665334246,36370000
2021-12-16,143.26095581054688,146.46645697869997,142.42981251292935,145.96410864255435,33650000
2021-12-17,140.56321716308594,142.65542165791342,140.14169806845578,141.33185805693097,50416000
2021-12-20,140.44619750976562,140.61233535579893,138.17894105107746,138.85237592178575,27192000
2021-12-21,142.29641723632812,142.68966664568237,139.35076199155114,140.88904290220043,28756000
2021-12-22,145.21481323242188,145.2991231367607,141.89476456543952,141.89476456543952,26322000
2021-12-23,145.71217346191406,147.02829142198277,145.25147315443286,145.29908379655018,26384000
2021-12-27,146.69406127929688,147.12797496363228,145.96310316847794,146.0488961608223,15976000
2021-12-28,145.4845733642578,147.08335898865232,144.85726596471994,147.02087190142421,18200000
2021-12-29,145.4528350830078,146.208597395199,144.45360165448406,145.44242309096177,17788000
2021-12-30,145.00205993652344,146.09254961389885,144.79775486353165,145.49151435657527,15688000
2021-12-31,143.6646270751953,145.4959875927401,143.6646270751953,144.85280491667777,18136000
2022-01-03,143.802978515625,144.65543012836076,142.53495522830957,143.86594988262885,28646000
2022-01-04,143.21583557128906,145.2842353697018,142.53843558316575,144.2041576289817,28400000
2022-01-05,136.6456298828125,143.3150106060316,136.55935260045507,143.23616397542605,54618000
2022-01-06,136.61834716796875,138.7928795446468,135.43909829641714,135.8754939287169,37348000
2022-01-07,135.89382934570312,137.31359818480337,134.65357655381717,137.01307300645394,29760000
2022-01-10,137.5327911376953,137.68157063585514,132.0729270904359,133.97073966369757,44408000
2022-01-11,138.59056091308594,139.06663719581033,135.5720211712193,136.87574497844983,28730000
2022-01-12,140.2711639404297,141.4390172004531,139.54120457664413,139.99296095115926,26108000
2022-01-13,137.45098876953125,141.67904485341882,137.27443890098434,140.37977039221903,31436000
2022-01-14,138.33714294433594,139.5883072001904,135.87549384235362,135.9553241572003,29662000
2022-01-18,134.88319396972656,136.00740156008052,134.32828625328975,135.05874499682633,34872000
2022-01-19,134.0089111328125,136.82860852545411,133.90874111772067,135.40437523941512,28648000
2022-01-20,132.21475219726562,136.49786462490957,131.87456152295866,135.1331368955776,29908000
2022-01-21,129.28298950195312,133.7599798995472,129.02016235439484,131.5066158303364,55652000
2022-01-24,129.73178100585938,130.1275124017033,123.47945498392451,124.94533645029941,76622000
2022-01-25,125.89448547363281,128.33829204225916,125.46355309123715,127.68469738972522,46960000
2022-01-26,128.1736602783203,131.90977994463373,126.09979711495389,130.04420204001252,49130000
2022-01-27,127.94751739501953,131.56510941651305,127.87560201075176,130.22766790037994,31950000
2022-01-28,132.25787353515625,132.2633368035548,127.43176448871137,128.59613680815025,34362000
2022-01-31,134.19439697265625,134.3625173657848,131.1257647038749,133.06225920242,39986000
2022-02-01,136.51568603515625,136.66346669345492,133.2670388818161,136.466592286511,68644000
2022-02-02,146.78680419921875,150.30422616828662,144.32961959181026,150.0101630752151,123200000
2022-02-03,141.9170379638672,148.44806509169965,141.49601822201203,144.5111067615448,71518000
2022-02-04,142.11839294433594,143.68742564570832,139.36316498296367,142.26865554288074,57998000
2022-02-07,138.05995178222656,143.06756034988416,137.76140907718417,143.06756034988416,54974000
2022-02-08,138.25631713867188,138.8523885484705,135.8908729676065,137.8868730262489,54284000
2022-02-09,140.4313201904297,141.3561864794341,139.03783863725855,139.80797789700927,40144000
2022-02-10,137.4836883544922,140.3247091861647,136.8261287196153,138.55831786227063,39330000
2022-02-11,133.18173217773438,138.01577096757134,132.30645913001376,137.46384469240758,39958000
2022-02-14,134.41506958007812,135.1827270188193,132.16417235989616,132.16417235989616,34302000
2022-02-15,135.48867797851562,136.9763819585665,134.70812674785273,136.44278256655178,26680000
2022-02-16,136.6089324951172,136.95407185843112,133.81798904852437,135.5263729022058,25022000
2022-02-17,131.45254516601562,135.98954027468156,131.39254001045595,135.12617731893766,38950000
2022-02-18,129.33404541015625,132.97099324127743,129.1292409403073,132.37292423632954,45620000
2022-02-22,128.7493896484375,131.09697591573786,127.17241181915688,128.77367925061782,44990000
2022-02-23,126.54212188720703,130.96853484878528,126.4821167334988,130.56933788926054,32786000
2022-02-24,131.60328674316406,131.9097594685947,123.9292178705829,123.9292178705829,54456000
2022-02-25,133.35731506347656,134.16265544616002,130.67150526556998,132.4572527893111,36406000
2022-02-28,133.94989013671875,134.63868565985877,131.50558464556352,131.95933857117558,38864000
2022-03-01,132.96255493164062,135.13857036774974,132.12647806196426,133.77285909543676,26496000
2022-03-02,133.46839904785156,134.15372912259033,131.9806947822643,133.52443917740345,23520000
2022-03-03,132.80191040039062,135.3210829638196,131.93506660358148,134.8950992840664,24604000
2022-03-04,130.8251953125,132.7542585078563,129.26905689245962,131.83783696052834,30430000
2022-03-07,125.34253692626953,130.65512671280234,125.25971770982827,130.41015738314775,45112000
2022-03-08,126.06259155273438,130.17411000501144,124.64431332771989,125.21509629053482,40428000
2022-03-09,132.32632446289062,132.63924417090806,128.83567386884616,130.1741142565606,37026000
2022-03-10,131.34393310546875,132.1795256255445,129.83937018372987,130.1899727829365,27102000
2022-03-11,128.80592346191406,132.698752456179,128.56888416798853,132.39426221843516,31526000
2022-03-14,124.9185562133789,129.34001346575886,124.2481025769408,129.18232020379136,38812000
2022-03-15,128.13894653320312,128.79007444618782,124.68995111051669,125.93516041311607,30920000
2022-03-16,132.18798828125,132.24004824775446,127.6792471066061,129.66136979641874,35576000
2022-03-17,132.7418975830078,132.98141880336502,131.10144887364655,132.05755123913005,28264000
2022-03-18,135.0096435546875,135.1271719338952,131.17433810969047,132.33078043484574,44566000
2022-03-21,134.98582458496094,135.9265509358955,132.9932904748799,135.04731283585534,26832000
2022-03-22,138.721435546875,139.893752942875,134.98581644192254,134.98581644192254,35496000
2022-03-23,137.1420135498047,138.44425402347676,136.70513365586095,137.56551524552734,25154000
2022-03-24,140.4114990234375,140.458110844999,136.62132231474047,138.058933800913,26396000
2022-03-25,140.5116729736328,140.87070507937713,138.59203769066454,140.7526772850465,24126000
2022-03-28,140.29598999023438,140.83850330776082,138.66545356262523,139.74553147376514,35050000
2022-03-29,141.33734130859375,142.61479282683288,140.87417414180615,141.4781907391212,34318000
2022-03-30,140.77499389648438,141.55058130392723,140.43926771554987,141.29221863890226,19884000
2022-03-31,137.9275360107422,140.9431091731122,137.88488921822,140.88855215145054,37524000
2022-04-01,139.0016326904297,139.31950107652258,137.17373813332352,138.3564676186564,25942000
2022-04-04,141.7995147705078,142.53395362091976,139.1603322944685,139.20794293991247,25942000
2022-04-05,139.43853759765625,141.81835862566132,139.23175060773136,141.69786404034355,21418000
2022-04-06,135.42869567871094,138.2181411119585,134.40614115921403,137.61264137354576,32468000
2022-04-07,134.7745819091797,136.04012309209003,133.12718701050363,134.89507649085877,26234000
2022-04-08,132.19491577148438,134.5578779659387,131.87554910979466,134.47208496943966,25142000
2022-04-11,127.7674789428711,131.00967873403485,127.61375075642972,130.7428866294104,36884000
2022-04-12,126.66759490966797,130.52125019058332,125.7496824779024,130.52125019058332,32710000
2022-04-13,128.82923889160156,129.26563457471275,126.69388743885823,126.9507670450841,27928000
2022-04-14,125.69115447998047,129.40992261092688,125.56320654919092,129.40992261092688,31598000
2022-04-18,126.62991333007812,127.16151517107208,125.14766477730133,125.95896028482899,20808000
2022-04-19,128.94329833984375,129.26463241184499,125.95846151250545,126.64479041088664,26490000
2022-04-20,126.99041748046875,130.3218916355038,126.45485065417712,129.81904388797793,31696000
2022-04-21,123.79136657714844,129.0320490590413,123.50572537982224,128.1905088826277,36446000
2022-04-22,118.65481567382812,124.37404857874347,117.95014478551222,123.97534345046293,56884000
2022-04-25,122.06513977050781,122.26697049749592,117.5395474851339,118.12470752635328,46128000
2022-04-26,117.67739868164062,121.50575793064277,117.53953815889362,121.29202455748772,73054000
2022-04-27,113.35761260986328,116.28094605000119,111.81238510772637,113.53117356778168,91820000
2022-04-28,117.55094146728516,118.66870208583143,113.17956960106591,115.46071897101857,48884000
2022-04-29,113.17411041259766,116.95337579484945,112.88153042406998,115.77759257193108,42676000
2022-05-02,115.62733459472656,115.78850102043891,111.67698273748518,112.47538421530977,35534000
2022-05-03,116.37218475341797,117.47110390717961,115.08333755024837,115.47608756923125,24968000
2022-05-04,121.25880432128906,121.84743753057185,114.17236904181686,116.07217173392031,49916000
2022-05-05,115.55047607421875,120.04681450711568,114.06277194925556,119.21866011890872,45840000
2022-05-06,114.79769897460938,116.60774359414943,113.08089313905965,114.24030932144473,39710000
2022-05-09,111.58871459960938,114.13368219175439,111.08240126088768,112.32165521736495,40802000
2022-05-10,113.457275390625,115.29707287210782,111.97502692676184,114.56065900721823,39900000
2022-05-11,112.67127227783203,115.41063248936665,112.30827513659509,112.30827513659509,37534000
2022-05-12,111.91899108886719,113.35809330514908,108.92424196384515,110.46451302431396,53836000
2022-05-13,115.09921264648438,116.90875792873446,112.67376319786906,113.59415004437889,35038000
2022-05-16,113.5068588256836,115.21771695665214,112.95591618323131,114.01317216302417,25990000
2022-05-17,115.51823425292969,115.94173593854345,113.92837768916225,115.88272204406621,23054000
2022-05-18,110.98223114013672,114.45404021864253,110.64104923458649,114.05731760057398,35126000
2022-05-19,109.47916412353516,112.08363775970766,109.09830918068056,110.51807817312684,34144000
2022-05-20,108.0152587890625,111.26391395378205,104.92926830668526,111.03331404707964,48962000
2022-05-23,110.57410430908203,111.22819834582448,107.84962051186193,108.68918571926903,37184000
2022-05-24,105.1013412475586,105.58583938493665,101.04932840845038,104.90496623527923,76780000
2022-05-25,104.93769836425781,105.62700102602575,103.00516898284764,104.1249121947519,40258000
2022-05-26,106.90890502929688,107.75887468895839,104.3624465360755,104.8107448453719,37948000
2022-05-27,111.39580535888672,111.39729602913795,108.24385499776788,108.58553629317109,37914000
2022-05-31,112.82947540283203,114.78630197702584,111.1597731470303,111.82229671590991,50012000
2022-06-01,112.95840454101562,116.14159882441551,112.32166882859197,113.91351567650608,36606000
2022-06-02,116.65831756591797,116.93304735382672,112.02065295107872,113.06551449385536,37992000
2022-06-03,113.60208129882812,115.36798842891481,112.5879638758018,115.11110884827522,26136000
2022-06-06,115.86289978027344,118.36868641474054,115.21177950019366,115.74784575456003,33542000
2022-06-07,116.18920135498047,116.72626645111426,114.10889889465038,114.53388373543117,31590000
2022-06-08,116.23332214355469,117.5985414825902,115.64418960311157,115.80436476547463,26108000
2022-06-09,113.8941650390625,117.32927476403499,113.83515114216875,115.37393150433296,25798000
2022-06-10,110.25028991699219,112.35043272359222,109.46130906646859,111.52326952209093,41452000
2022-06-13,105.52037048339844,107.89969964994525,105.24911389802193,105.91113796225396,47252000
2022-06-14,105.84072875976562,107.03981794977923,104.93273646839161,105.66171211229965,33706000
2022-06-15,108.86474609375,110.5101436125187,106.7869179368398,107.65523726592659,39698000
2022-06-16,105.16432189941406,107.75788407901256,104.27616231851945,106.34208771365974,51684000
2022-06-17,106.26522827148438,107.80847323985608,104.18491819399098,105.16432651982022,51376000
2022-06-21,110.629638671875,111.56739132946274,107.70977129217107,108.03656858558827,47416000
2022-06-22,110.57361602783203,112.41737098859431,109.47767062090766,109.6502478770662,30774000
2022-06-23,111.3219223022461,111.81832309519362,109.5947045131696,111.31151031036939,28362000
2022-06-24,117.00791931152344,117.11107066416578,112.02659127406567,112.06874621725599,41164000
2022-06-27,114.88397979736328,117.60746457783736,114.23533394157802,117.30348135340884,36420000
2022-06-28,111.08934783935547,116.34788803372125,110.9311551773519,114.85323751449626,35792000
2022-06-29,110.78585815429688,112.23289804690751,109.96365128893204,110.63758563635704,24716000
2022-06-30,108.06979370117188,109.97901690144941,105.87493689608415,109.09829563062534,43170000
2022-07-01,107.84615325927734,108.35444913580423,105.85560141078064,107.0482435979797,35476000
2022-07-05,112.33454895019531,112.44761288334064,104.86478520912014,106.22256636530622,39342000
2022-07-06,113.63282012939453,114.6419812155782,110.56219823466688,112.37323400124177,37432000
2022-07-07,117.8093032836914,118.21247285733529,113.8921848578157,114.13666235926765,40936000
2022-07-08,118.37513732910156,118.70391717679874,115.94323338269083,116.2888797500777,38238000
2022-07-11,114.728271484375,117.03074427714583,114.38510706026808,117.03074427714583,31196000
2022-07-12,113.08584594726562,116.01513422724025,112.75805737728307,115.26235327439865,29960000
2022-07-13,110.44072723388672,113.25992583397168,110.28997276573159,110.78537481512758,43722000
2022-07-14,109.46280670166016,110.1823617021638,107.4846566075768,109.30709594692148,37004000
2022-07-15,110.8612289428711,112.21306263725859,109.99092716981522,111.08240810060202,46770000
2022-07-18,108.1362533569336,112.74813768915693,107.48166747224792,111.71666191412223,43164600
2022-07-19,112.8770751953125,113.08535287704044,108.66191325988503,109.94133979066089,36530900
2022-07-20,112.96633911132812,114.45404329391755,111.55798096785527,112.24231974638516,35600400
2022-07-21,113.40271759033203,113.6110028170901,110.19919909252089,113.34321184946066,32676200
2022-07-22,107.01551055908203,111.41910930762468,105.62698529534984,110.09009735008293,48901200
2022-07-25,106.62873077392578,108.96938619860533,105.42865018559648,107.52135488788926,34690900
2022-07-26,104.15911865234375,106.32124889141323,103.2169090921242,105.72616877091382,47991000
2022-07-27,112.13321685791016,112.97625525163264,107.12461749425067,108.36437093577844,59858500
2022-07-28,113.2837142944336,113.40272578477607,110.54633651373639,111.44888067205848,32816600
2022-07-29,115.36648559570312,115.75328802938824,112.13320679173036,112.15304708245228,37223400
2022-08-01,113.91846466064453,115.76321838407448,113.4027229923445,114.35486029276694,26034300
2022-08-02,114.1862564086914,115.39625706472798,112.78781836154697,113.06552194158387,20236000
2022-08-03,117.11207580566406,117.64765022278551,114.53339005300344,114.76150045832908,28499000
2022-08-04,117.2211685180664,117.80632850385459,115.93182192650802,116.51698947915064,21602900
2022-08-05,116.50707244873047,117.1418256153438,115.04912116805919,115.27723913427396,19159500
2022-08-08,116.33845520019531,119.16509127160155,115.9218923316298,117.41951646895002,19138300
2022-08-09,115.67394256591797,116.35828882894792,114.76148592644728,116.1797640458468,19086500
2022-08-10,118.71878814697266,119.92878873304059,117.43936923676468,117.80633141765588,30930400
2022-08-11,117.8658218383789,120.49410034179289,117.58811831050487,120.28582269588738,24293700
2022-08-12,120.68255615234375,120.68255615234375,118.48075288719056,119.2741980957184,19096300
2022-08-15,121.07927703857422,121.29747484616601,119.62132583953287,120.13705992096004,19494800
2022-08-16,120.70240020751953,121.42641959577725,119.65109163936246,120.52387539718579,19041200
2022-08-17,118.57003021240234,120.2957650012785,118.40141798211481,119.13535751738875,22847000
2022-08-18,119.18494415283203,119.82961750509602,117.74683307742816,118.45101217804252,17987700
2022-08-19,116.24919891357422,118.17329866159419,115.8028907047583,118.08403247971835,21809500
2022-08-22,113.30355834960938,114.68216374085563,112.9167558336111,114.25568820182478,21456600
2022-08-23,112.92666625976562,114.06724098148526,112.50019075744802,112.54978392368335,15870400
2022-08-24,112.758056640625,113.83911800192885,111.94477869138811,112.5696116974473,17734600
2022-08-25,115.69379425048828,115.76322014148404,113.17461431501371,113.3035459506188,16956800
2022-08-26,109.43551635742188,114.17634005588431,109.28675199221415,113.77961742600252,37245700
2022-08-29,108.52305603027344,110.040513040239,107.90814316272662,109.08838330000286,21191200
2022-08-30,108.04700469970703,109.59421472143957,106.91635005815553,109.26691796550223,27513300
2022-08-31,107.33290100097656,109.94133965972561,107.24363481356808,109.74298212503663,28627000
2022-09-01,108.84043884277344,109.5446179336816,106.47995086620014,107.39240764031874,28360900
2022-09-02,106.96592712402344,109.832236521105,106.38076712239958,109.68346459238305,24160700
2022-09-06,105.9344482421875,107.14444879573196,104.91289263064388,106.42043703294185,25068300
2022-09-07,108.55281829833984,109.07848016205685,106.02372558510477,106.1824101054521,23167000
2022-09-08,107.49156951904297,108.70156997440274,106.28157663053697,107.1543602468824,24238300
2022-09-09,109.74298095703125,110.08019027578453,108.12633755578807,108.17593072235994,23197700
2022-09-12,109.95126342773438,110.70503570471661,109.02888648402806,110.08019507284304,22966800
2022-09-13,103.46487426757812,107.41225298799911,103.23675627988764,106.91635155696838,38172900
2022-09-14,104.13928985595703,104.41699341820953,102.8102777889331,103.7128143662537,26395100
2022-09-15,102.06642150878906,104.40706896560022,101.51100684033769,103.17723571198333,34188300
2022-09-16,101.95733642578125,102.28462561681641,100.11258251185099,101.23331701288926,42797200
2022-09-19,102.22510528564453,102.48297610964131,100.71756849189899,100.91592600767855,23036800
2022-09-20,100.31092834472656,101.53084904223219,99.6960079229227,101.24322534010722,26517100
2022-09-21,98.46617889404297,102.03666739252802,98.45625874751293,100.83658693545453,31487300
2022-09-22,99.31913757324219,100.41011920343463,97.98020522860348,98.00995810364019,34298600
2022-09-23,97.93061065673828,98.84307502364526,96.67102437480322,98.81331458217939,31625400
2022-09-26,97.36527252197266,99.06125428806656,96.99831035340091,97.29584663330873,27072700
2022-09-27,96.70076751708984,99.18027437650241,96.07593451258548,98.61494711523052,30072800
2022-09-28,99.2298583984375,99.87452406900852,96.31395617901546,96.84953051932892,32466300
2022-09-29,96.62142181396484,97.83142237621783,95.17339071110857,97.83142237621783,31047200
2022-09-30,94.86593627929688,98.08929527552542,94.77667009540615,96.25446166796625,32941500
2022-10-03,97.83142852783203,98.47610186740503,95.72880384753613,95.96684196996166,27982000
2022-10-04,100.80683135986328,101.00518888401722,99.5571577705009,99.61667108123069,28850800
2022-10-05,100.59854888916016,101.09445024273644,97.99011049341637,99.01166607108686,22176900
2022-10-06,100.5886459350586,102.0862703975384,99.76544773138347,99.85471392504792,22324000
2022-10-07,97.87110900878906,99.70594283293633,97.49422663650192,99.03151656836346,27502800
2022-10-10,97.05782318115234,98.2876565416277,96.21479230959145,98.18847777441846,18225100
2022-10-11,96.38339233398438,98.43642374055914,95.52052121037734,96.6313430235072,26507100
2022-10-12,96.76026916503906,97.94051680156004,95.9469912522471,96.50240591070916,21876400
2022-10-13,98.24797821044922,98.96207740272202,93.6063410275305,94.37003338415455,34574500
2022-10-14,95.76846313476562,99.86461299357255,95.58002577343595,99.17034658633813,25410700
2022-10-17,99.15052032470703,100.10265003936581,98.01986581562133,98.04961868688342,28419200
2022-10-18,99.94396209716797,102.62183412414964,99.15052441894925,102.28461724659432,24060700
2022-10-19,98.81330871582031,100.1919139812081,98.10912964670428,99.19019861679422,23811100
2022-10-20,99.15052032470703,101.48125523144144,98.57527292412537,99.18027319596912,25323200
2022-10-21,100.3010025024414,100.47952728786818,96.91895929172544,97.04789091631268,32458700
2022-10-24,101.67961883544922,101.9077368068661,99.16044640435987,100.9655271818657,27176400
2022-10-25,103.62355041503906,103.9607597041695,101.87797552764937,102.05650031802847,40611400
2022-10-26,94.15184020996094,97.50413095357072,93.91380965641918,95.63954441159298,88114100
2022-10-27,91.46405029296875,94.64773619425107,91.04749495639449,93.74519206481907,60710900
2022-10-28,95.50068664550781,95.75855747636481,91.37478361921333,91.51363539732378,43697300
2022-10-31,93.73528289794922,95.24281979479946,93.20962863501363,94.63781949338367,31675000
2022-11-01,89.7283935546875,95.2428142728165,89.62921479576478,94.66756687746879,47161400
2022-11-02,86.25708770751953,90.43257644134617,86.16782152387951,90.19454589639709,57038300
2022-11-03,82.74609375,85.81076024558902,82.65682757850765,85.61240274626711,61288000
2022-11-04,85.87027740478516,85.92978314388307,83.02380100389072,84.69994994578491,51124900
2022-11-07,87.76461791992188,88.1712606549143,86.13806211366017,86.56453757303696,34078900
2022-11-08,88.17127990722656,89.57963821850713,86.87201295416122,88.17127990722656,30429000
2022-11-09,86.60421752929688,88.70684212468586,86.56454451049467,87.72495193475426,31769100
2022-11-10,93.16995239257812,93.61626060159357,90.85905017805679,91.49380333022981,51620100
2022-11-11,95.61970520019531,96.1354392923686,93.15011094483498,93.91380328731896,33090500
2022-11-14,94.91551971435547,95.99658864167773,93.73527959271193,94.31051943427285,30179500
2022-11-15,97.63307189941406,99.31913366455173,95.9172496935556,97.45454708936437,41640800
2022-11-16,98.0396957397461,98.82322078363063,96.83961537638496,97.09748619804606,29105200
2022-11-17,97.55371856689453,98.46617527590662,95.99658856050377,96.17511335721086,26052600
2022-11-18,96.63133239746094,98.08928350222853,95.58002401088457,97.96034431506853,28342300
2022-11-21,94.81633758544922,97.59338820085925,94.5783070537111,96.49248658714596,21647400
2022-11-22,96.25447082519531,96.42307549576248,93.27906223791702,95.16348162304233,23438500
2022-11-23,97.65290832519531,97.95045220883327,96.29413568796969,96.29413568796969,18868100
2022-11-25,96.66109466552734,97.83142220785665,96.60158892219253,97.43469959629758,9701400
2022-11-28,95.26264953613281,96.7801064114265,94.82625393968354,96.24453206128982,26237500
2022-11-29,94.40971374511719,95.33209067906634,93.33856487339783,94.94528818097686,20061700
2022-11-30,100.16215515136719,100.21174831439473,93.64601154608545,94.04273414974281,43647500
2022-12-01,100.16215515136719,101.4118287044889,99.42822325305634,100.191908022442,28687100
2022-12-02,99.6166763305664,99.94396550598155,98.08929910016103,98.23807103454332,21480700
2022-12-05,98.66454315185547,100.5489623663918,98.1884744915712,98.58519711399899,24405100
2022-12-06,96.1850357055664,98.9620789139917,95.62962101039767,98.48601782310948,24910700
2022-12-07,94.16175842285156,96.08585067198514,93.94356060039664,95.61970972120518,31045400
2022-12-08,92.94184112548828,94.79651511839255,92.68397027420339,94.59815001476763,32213300
2022-12-09,92.06905364990234,93.48733192437892,91.98970761165849,93.0013431152763,28225400
2022-12-12,92.54512023925781,92.79307094834755,90.85905844418969,91.95004005081348,29420000
2022-12-13,94.84609985351562,98.71413232006631,94.25101968178204,96.958644678424,40593700
2022-12-14,94.29068756103516,96.07593554575189,92.83273630132557,94.4196191950435,28733600
2022-12-15,90.1152114868164,92.87242231937816,89.27218054091779,92.36660072509676,40107000
2022-12-16,89.52012634277344,90.5813550775437,88.7861867939752,90.01602776214001,58011800
2022-12-19,87.71504211425781,89.81765920892968,87.48692414068339,89.52012290883614,29493000
2022-12-20,88.29027557373047,88.44896764240224,86.7232330132954,87.38773902543626,23453800
2022-12-21,88.84568786621094,89.48044099017838,87.59601434290138,88.349786515183,24745600
2022-12-22,87.04060363769531,87.81420850248641,85.61240538463248,87.43732621541874,27658300
2022-12-23,88.49856567382812,88.81594226177606,86.35626803003854,86.39594104938888,23003000
2022-12-27,86.67363739013672,88.21093460263191,86.29675508801945,88.07208282991216,20097300
2022-12-28,85.31487274169922,87.31831861670652,85.23553426923881,86.26701007977196,19523200
2022-12-29,87.72494506835938,88.12166765847456,85.90003174742517,85.90995189306291,23333500
2022-12-30,87.50675964355469,87.57618553312793,85.86036345245435,86.26700621056507,23986300
2023-01-03,88.38947296142578,90.30365276991351,87.7943851962897,88.85561394606133,28131200
2023-01-04,87.35798645019531,89.90691916874918,86.55462109181812,89.60937532240884,34854800
2023-01-05,85.4933853149414,86.8521576681051,85.195849060361,86.75297891657829,27194400
2023-01-06,86.6240463256836,86.97118333274179,84.16437980636358,86.07855936732152,41381500
2023-01-09,87.29846954345703,89.31183536259933,87.13978504764104,87.63568639320383,29003900
2023-01-10,87.69519805908203,87.94314874861813,85.12643254757823,85.2752044746708,30467800
2023-01-11,90.76979064941406,90.84913669096524,88.28037102229985,88.44897568545483,26862000
2023-01-12,90.38298034667969,91.11691981733598,89.01429529901861,90.73011735676101,30258100
2023-01-13,91.3648681640625,91.4342940509324,89.3911753274604,90.1052744877532,26329200
2023-01-17,90.54167175292969,91.49380146174484,89.3118384915669,91.30535652243567,32602400
2023-01-18,90.37307739257812,92.03930646438202,89.89700870055337,91.38471295870488,29116700
2023-01-19,92.28724670410156,92.84265380940697,89.88707835577257,89.9763445358991,37000400
2023-01-20,97.21649932861328,97.49421044649547,94.24109116727796,94.3204372009586,63191100
2023-01-23,98.97199249267578,99.2199431680557,96.70076339817312,97.14707158711535,40005100
2023-01-24,96.89912414550781,98.79347100071968,96.40322277819845,97.29584675272618,33078500
2023-01-25,94.439453125,95.37175007274746,92.99142210911067,94.786582552293,42330000
2023-01-26,96.7206039428711,96.77019710869844,94.59814659536165,95.70896843494373,30114000
2023-01-27,98.55545043945312,99.49766010597479,96.51233145386189,96.51233145386189,33879800
2023-01-30,96.1453628540039,97.48429507886306,95.60978845068932,96.68093725731849,27226200
2023-01-31,98.02978515625,98.0694581762873,96.02634682892345,96.07593999568378,29870700
2023-02-01,99.60675811767578,100.36053038415385,96.78012157695186,97.90085604626204,35531100
2023-02-02,106.85682678222656,106.9659256907038,104.74428963661705,104.93273458159672,69883800
2023-02-03,103.92108154296875,106.92624239319605,101.73911871689424,102.0862481346533,65309300
2023-02-06,102.05651092529297,103.50454212360086,101.04486781904797,101.56060951901542,31999600
2023-02-07,106.75764465332031,107.29321903254016,102.27469966826962,102.37387842734272,49010200
2023-02-08,98.55545043945312,102.29454379804132,97.23635085283868,101.21348233996603,94743500
2023-02-09,94.23118591308594,99.21003262732542,92.86249320969232,99.18027975409596,119455000
2023-02-10,93.79479217529297,95.95692262073939,93.47741557627583,94.66757593087634,54980700
2023-02-13,93.83445739746094,94.4196173792314,93.07076505379771,93.96338902898977,50076100
2023-02-14,93.90388488769531,94.0724895395363,91.50372404324449,93.65593419962755,54726100
2023-02-15,96.1453628540039,96.32388765510876,93.37823222030585,93.7154415296958,50169000
2023-02-16,94.72709655761719,96.87930702230065,93.96340409153235,94.58824475775732,42462600
2023-02-17,93.57659149169922,94.77667195660865,92.44593691924389,94.07249288547277,34284100
2023-02-21,91.03755950927734,92.33681846458815,90.9681336315169,92.23763972019513,33629300
2023-02-22,90.89871978759766,91.35494812568693,89.86724406227897,90.94830538293209,30884000
2023-02-23,90.14494323730469,91.18633905791556,89.02420895463646,91.16649876726088,41206400
2023-02-24,88.39938354492188,89.1531558147064,87.85389652834307,88.70684756779147,36585100
2023-02-27,89.13330841064453,89.4209320921076,88.60764664095792,89.13330841064453,27502300
2023-02-28,89.32176208496094,90.48217716813194,88.58783009603324,88.59775024323443,30142000
2023-03-01,89.61930084228516,90.28380689652273,88.93495449477956,89.24241850559551,31111200
2023-03-02,91.24585723876953,91.52356081097336,88.85560886814189,88.92504232804767,32204400
2023-03-03,92.88232421875,92.96167025066717,91.69215644055474,91.72191687766424,35160100
2023-03-06,94.3501968383789,95.18331511806566,93.22946240796787,93.24929513438325,32639300
2023-03-07,93.09060668945312,94.8857672449639,92.76330996601668,94.20142849315206,27835500
2023-03-08,93.47740936279297,95.1733911604508,93.229458674828,93.3484777291188,34103300
2023-03-09,91.563232421875,94.74691844025844,91.14667706997915,93.27905456209555,28813500
2023-03-10,89.8870849609375,92.02938263914514,89.65897455457669,91.41446217961779,35941000
2023-03-13,90.36315155029297,91.81118269560834,88.687002437022,89.35150848107031,37335600
2023-03-14,93.19970703125,93.58650950422467,91.6822500116025,91.80126150060728,36050200
2023-03-15,95.32215881347656,96.13543673086967,91.88060220810499,92.45584959444147,50622100
2023-03-16,99.4976577758789,100.36052894620208,94.71716852573586,95.41142746724535,65492000
2023-03-17,100.78700256347656,101.9969956149556,99.27945808045726,99.43815015945079,61028500
2023-03-20,100.39028930664062,100.91594362539297,99.05135692424484,99.29930764568316,32960400
2023-03-21,104.05994415283203,104.23846895297474,100.39027695383191,100.4200298260466,42110300
2023-03-22,102.52265167236328,105.71625013011207,102.48297865485124,103.41526808239401,43427400
2023-03-23,104.734375,105.42864150563719,103.60372040435178,104.19880057571585,40797800
2023-03-24,104.57569122314453,104.62527682377592,102.98880066584036,104.12937541633211,30393300
2023-03-27,101.62010955810547,103.90125892558605,101.09445530767543,103.76240714497641,31120900
2023-03-28,100.20183563232422,101.61019379170308,98.92240911282488,101.60028121184264,32057900
2023-03-29,100.55887603759766,101.64985750388202,99.8249441518215,101.44157984306125,28779600
2023-03-30,100.06298065185547,100.33077163663715,98.96207897409658,100.0828209446528,33086200
2023-03-31,102.87970733642578,103.03839184898722,100.21175539436457,100.46962623998861,36863400
2023-04-03,103.50453186035156,103.67313650572234,101.09445096214598,101.5506793026603,25035400
2023-04-04,103.86158752441406,104.71453851392779,103.18716133658586,103.47478504857116,24420100
2023-04-05,103.61363220214844,105.23026792467863,102.81027441388282,104.9128913544011,28290500
2023-04-06,107.53125,108.27510204632019,103.47478047282404,104.39715731293522,48711500
2023-04-10,105.5674819946289,106.70804904814693,104.2583027310059,106.10305636159114,27067400
2023-04-11,104.48641967773438,105.85511233488984,103.82191364187591,105.67658753468932,26311800
2023-04-12,103.78224182128906,105.87494628290851,103.48469796190201,105.70634162712136,24370300
2023-04-13,106.54937744140625,106.6088831893166,104.97240702008682,104.97240702008682,24843600
2023-04-14,107.97756958007812,108.04699547084493,105.96420361413152,106.01379677904549,26578000
2023-04-17,105.1013412475586,105.2897861961485,103.66322268410477,103.80208203407157,37571200
2023-04-18,103.64338684082031,105.66666534841484,103.2169113578442,105.61707218442865,26596400
2023-04-19,103.32601928710938,104.11946457904193,102.22511753880913,102.73093910158751,20905700
2023-04-20,104.42691040039062,105.37904011363008,103.01855233915232,103.05822535639409,27820800
2023-04-21,104.54593658447266,105.13109660328743,103.92109597885471,104.60544233096776,25800100
2023-04-24,105.1013412475586,105.75592714410803,103.84174748622819,104.62527258627793,23542800
2023-04-25,102.99871826171875,105.81544212100182,102.98879811509617,104.96249111597527,46664100
2023-04-26,102.85986328125,105.47822196102051,101.788714484929,104.05994371224027,53347600
2023-04-27,106.70805358886719,107.48166608530138,102.6912570160058,103.59379357823073,50089200
2023-04-28,106.4601058959961,106.47002604243367,104.22854965938166,106.16256960456029,36139800
2023-05-01,106.32124328613281,107.10476830411024,105.94436099528517,105.96419371928604,26681700
2023-05-02,104.4566650390625,106.3212514798493,102.85986201062076,106.26174573640694,30997200
2023-05-03,104.54593658447266,106.60888065380296,104.09962078519486,104.66494807746287,21795400
2023-05-04,103.83184051513672,104.73437715411653,103.11774126807067,104.62527823765616,23419500
2023-05-05,104.7046127319336,105.01206915340022,103.25658167035746,103.96076069275621,26639300
2023-05-08,106.88658142089844,107.07502636899285,104.29798314719713,104.3178158732233,26511400
2023-05-09,106.47002410888672,109.2470748463162,106.31133960304034,107.50149988087897,36360100
2023-05-10,110.83395385742188,112.01420151452291,107.04526777320253,107.08494078998831,63153400
2023-05-11,115.61445617675781,116.95338849067711,113.47216598785796,114.4540486758181,78900000
2023-05-12,116.5467529296875,117.06248707301147,115.15822745124665,115.7235547629223,41102300
2023-05-15,115.55493927001953,117.50879187706043,115.05903790038903,115.15821666094425,36266800
2023-05-16,118.53034210205078,119.76017532413435,115.47558798788296,115.5350937281414,45035600
2023-05-17,119.84944915771484,120.67264731450432,117.91543668511788,118.62953592633984,33323600
2023-05-18,121.8231430053711,122.29920412469264,119.83953735220288,119.95854884860573,35234200
2023-05-19,121.75371551513672,124.93740163874087,121.14871519349788,122.5372406458961,41353400
2023-05-22,124.02494049072266,125.39362560112353,121.73387092669454,121.93223602252743,35253000
2023-05-23,121.55534362792969,123.60837503480265,121.20821417591823,123.14223409458985,34046300
2023-05-24,119.90896606445312,120.91068906155631,118.87749019255021,120.12716390212464,34182600
2023-05-25,122.46781921386719,124.29273282527676,120.96027464484123,123.49928751875201,42317000
2023-05-26,123.58854675292969,124.2332200823341,121.44624908602053,122.16034830832359,35635900
2023-05-30,122.65624237060547,124.62993526057318,120.99993361988649,124.61009496844295,35076700
2023-05-31,121.86280822753906,123.04304837018027,121.49583848112029,121.74378917189807,37325800
2023-06-01,122.70584106445312,123.40009998321423,121.6148595206051,121.8132170497212,30772700
2023-06-02,123.64804077148438,125.1159120966453,122.74550424940523,122.97361463292732,26980100
2023-06-05,124.97706604003906,126.38542412216299,122.82484833216863,122.99346054966021,32305500
2023-06-06,126.26641082763672,127.23837332481472,124.33239841304952,124.97707174019685,26638300
2023-06-07,121.49584197998047,127.9822255786917,121.11895964321234,125.92920166945693,52539000
2023-06-08,121.1387939453125,122.21986293706264,120.24616990782498,121.22806013248871,29389200
2023-06-09,121.2280502319336,122.74550718830598,120.9106736630639,121.2478829569892,23778300
2023-06-12,122.62650299072266,123.03314578873348,120.66273759761951,121.7834720869418,28306400
2023-06-13,122.8149185180664,124.13401780010241,122.17024531079026,123.95549302834677,22278300
2023-06-14,122.65624237060547,123.03313225253616,120.45443908912067,122.09091511456377,30592300
2023-06-15,124.06460571289062,124.43157546435972,121.39666138886585,122.13059332494937,35246300
2023-06-16,122.51738739013672,125.07624019452584,122.26943671297158,124.89771540429278,45535600
2023-06-20,122.09092712402344,123.54887849797753,121.13879731318417,121.92232245860355,26097500
2023-06-21,119.56182861328125,121.65453309243799,119.11551282046045,121.39666224993185,30306300
2023-06-22,122.14051055908203,122.22976917477193,117.85592296831348,119.01633037340913,26952200
2023-06-23,121.3371353149414,121.78345105765439,120.06762910490728,120.38500565741582,34913600
2023-06-26,117.36994171142578,120.99994365310945,117.30051581692196,119.77011027896118,33969900
2023-06-27,117.36002349853516,118.10387557545451,115.14829999374557,116.1202700370029,39535900
2023-06-28,119.19485473632812,119.4031324056984,115.89214976448287,116.1301803056411,27091400
2023-06-29,118.12369537353516,119.07582501976484,117.33025778510398,118.26254714068196,24090900
2023-06-30,118.71878814697266,120.08748080780242,118.708875567441,119.1849366580173,29532200
2023-07-03,118.91716003417969,119.20478376097655,117.84601116890617,118.26256653867198,14467900
2023-07-05,120.75199127197266,121.60494228794853,118.25265153768966,118.26256411758469,27584800
2023-07-06,119.12542724609375,119.31387218735846,117.42944547527459,118.81797081927608,24745200
2023-07-07,118.5006103515625,120.05774055629345,118.42126430584051,119.11552328876944,21709500
2023-07-10,115.49543762207031,117.34019150871362,115.18798116324814,117.33027892845527,35315200
2023-07-11,116.17976379394531,116.74509101139748,114.40443611219281,115.33673304046103,23078800
2023-07-12,117.95511627197266,119.34364181087993,117.4393821061899,117.82618462224083,30404400
2023-07-13,123.51911926269531,123.80674297722868,119.4626419533475,119.938710617678,44297900
2023-07-14,124.39189910888672,125.74075145445121,122.47771949840582,123.77698624657505,33283100
2023-07-17,123.62822723388672,126.05814119884347,123.18191140958396,124.90765382325283,25716200
2023-07-18,122.74551391601562,123.65797065567115,121.95206866692536,123.57862461739118,26193600
2023-07-19,121.0296859741211,124.1538660880998,120.80157558357863,123.57861868845079,37224000
2023-07-20,118.22288513183594,123.0727999886977,117.25092267132642,120.42468845421087,37906800
2023-07-21,119.03617858886719,119.9982285952709,117.75675952969813,119.63126637165477,72937900
2023-07-24,120.53379821777344,121.99174960669664,119.98831119460458,120.66273743006377,29686100
2023-07-25,121.20820617675781,122.14050312936536,120.02795855095499,120.36517540126466,52509600
2023-07-26,128.2103271484375,129.90630113026324,127.26811769923354,129.00377226018543,61682100
2023-07-27,128.33924865722656,132.14778209152604,127.73424847403028,130.59064476632827,44952100
2023-07-28,131.4932098388672,132.64370465595107,129.49969176817697,129.7079618698937,36591200
2023-07-31,131.63206481933594,132.43542264148525,130.6997677943249,131.64197739889866,28055500
2023-08-01,130.47166442871094,131.5428132938943,129.6087856815379,129.70797201734953,23166800
2023-08-02,127.32763671875,129.02361087752263,126.51435123258612,128.38885774863965,26273300
2023-08-03,127.39705657958984,128.32935355941024,126.37550098690372,126.92099551059741,20089500
2023-08-04,127.05984497070312,130.43196810964983,126.8614874567136,128.22025231793552,26147200
2023-08-07,130.45181274414062,130.53115877911966,127.962393323222,128.10124510100812,22746300
2023-08-08,130.3228759765625,130.43197488498015,128.4781222465879,129.54927103822243,23535200
2023-08-09,128.59715270996094,130.9576330468754,127.94255923989908,130.58075827957177,24912900
2023-08-10,128.62692260742188,130.96757809471208,128.38888445942726,130.24356620341507,20857800
2023-08-11,128.49794006347656,128.86490217591898,127.11933508026378,127.60532379343039,19591100
2023-08-14,130.2534637451172,130.29312919834737,127.90289594820355,128.3293638886943,24695600
2023-08-15,128.71617126464844,130.34272731563817,128.22026984503316,130.02535827661376,19770700
2023-08-16,127.64501953125,129.2120697982791,126.82182894388471,127.64501953125,25216100
2023-08-17,128.85501098632812,130.90804993539842,128.23017041335734,128.73599949955613,33446300
2023-08-18,126.41516876220703,128.1904964685169,125.344020051106,127.45655703673252,30504800
2023-08-21,127.31771087646484,127.6747604625636,125.52255036686307,126.13747078000077,25248700
2023-08-22,128.02191162109375,129.21207199508038,127.2681469154346,127.4565767415667,22054900
2023-08-23,131.2849578857422,132.3164414776242,128.8054503929468,129.1129069006594,27819700
2023-08-24,128.71617126464844,133.14953116670597,128.5079011432878,132.85198728819475,28500700
2023-08-25,128.8153533935547,129.6881295726403,126.20690716881097,128.47812893761383,26762900
2023-08-28,129.93606567382812,131.45352258706555,129.0732021716326,130.23360950918428,20543300
2023-08-29,133.4669189453125,135.45052467736468,131.1560164514264,131.1560164514264,43075600
2023-08-30,134.76617431640625,135.16288939766932,132.97101360306888,133.67518514236738,28315800
2023-08-31,135.05377197265625,136.8687727314443,134.67688210350767,134.8950799084139,30053800
2023-09-01,134.5479736328125,136.3332217281178,133.7446157733526,136.3332217281178,21543700
2023-09-05,134.65707397460938,135.30173975827023,133.47682618982745,134.32977722585983,19403100
2023-09-06,133.35781860351562,135.41084264478113,132.57428587282706,134.9050286366341,18684500
2023-09-07,134.1512451171875,134.46862928644677,131.86018300504648,132.49493620985484,18844300
2023-09-08,135.26205444335938,135.53975798327252,133.74459755250976,133.80410329196144,23558300
2023-09-11,135.7976531982422,136.35306040880863,134.6769110623918,135.4207632480529,20763400
2023-09-12,134.23057556152344,135.74803250189984,134.08181120803886,135.14303224154853,18405500
2023-09-13,135.58937072753906,135.77780055178212,133.05034278578884,133.98263986174015,20749500
2023-09-14,136.96798706054688,137.56305972256655,135.12323305423436,136.4720856086748,24751000
2023-09-15,136.273681640625,137.38451092876176,135.36122499467155,136.84892900879936,38919600
2023-09-18,137.0770721435547,138.019281780227,135.49018160432044,135.49018160432044,21861300
2023-09-19,136.908447265625,137.2754245802509,135.5000891528616,136.29353439301667,20353700
2023-09-20,132.64369201660156,136.94811189062173,132.5246654075392,136.94811189062173,29927500
2023-09-21,129.3707733154297,131.14609385607787,129.00381108346423,130.36257622016777,31503900
2023-09-22,129.18231201171875,130.94771974828387,128.5376462586181,129.68812598105728,26397300
2023-09-25,130.0352783203125,130.09478407268804,127.90290814706238,128.76577182393018,20094600
2023-09-26,127.5160903930664,129.29141070631724,126.17715058968768,128.7062506995645,25718700
2023-09-27,129.46994018554688,129.8269898246319,127.5161024517244,127.5161024517244,22746500
2023-09-28,131.2254180908203,132.20730825142687,128.72607094890918,128.77566411264445,22513100
2023-09-29,129.78729248046875,132.95114528457344,129.29139116656413,132.18745302372233,30859800
2023-10-02,133.07017517089844,133.31812586216128,130.09476687574428,130.1344474612235,22288000
2023-10-03,131.34442138671875,133.1594221035501,130.75926143877368,132.84205311611007,22989400
2023-10-04,134.1314239501953,134.45872070934675,131.44363154646038,131.70149484137792,26752300
2023-10-05,133.96279907226562,134.37935439370042,132.3560683939219,133.96279907226562,19832600
2023-10-06,136.45223999023438,137.02748746801123,132.9114964978089,132.9114964978089,27597600
2023-10-09,137.2853240966797,137.80106572376255,134.49836100864687,135.8174603789753,19278100
2023-10-10,136.92828369140625,138.57467986983306,136.20427192955205,137.36467931785276,27786600
2023-10-11,139.39788818359375,139.95329533664227,137.44403543423456,137.44403543423456,25884300
2023-10-12,137.83084106445312,140.06239744116,137.12665439341535,139.89379277540957,24765500
2023-10-13,136.23403930664062,138.85239821040267,135.50009975367846,138.23748528968676,23420500
2023-10-16,137.9597625732422,138.4854167971643,136.8588609633149,137.03737818636395,28501900
2023-10-17,138.57467651367188,138.75319373814438,136.0554891433646,137.49361518669917,23515800
2023-10-18,136.82911682128906,139.56648701861894,136.25386939858822,138.30689326315832,23375000
2023-10-19,136.62083435058594,138.51518131196565,136.25387216099756,137.36468644323884,26066000
2023-10-20,134.48846435546875,136.73984579212933,133.97272266731449,136.2042789444492,26335700
2023-10-23,135.38107299804688,136.53156779993722,132.85197300320976,133.9330343496389,26317900
2023-10-24,137.67213439941406,138.21762892713875,136.2935292113691,136.70017196237376,44814300
2023-10-25,124.58035278320312,127.2582173695509,124.04477835256257,127.10945300008548,84366200
2023-10-26,121.27764129638672,123.31083999813282,120.27591838168972,122.25952391827924,57061100
2023-10-27,121.16854095458984,122.29919549173574,119.22460845972752,121.87272000373477,44566500
2023-10-30,123.43978118896484,124.37207828472111,121.7437992319236,122.20002763263162,28940100
2023-10-31,123.06288146972656,124.34230786737872,121.6842763149313,124.03484388332474,26292300
2023-11-01,125.41345977783203,125.45313279745749,122.70584239837481,123.05297186152897,30082400
2023-11-02,126.44493103027344,127.92271501549958,125.88952390924445,127.36730789447058,27124600
2023-11-03,128.041748046875,128.4682159884043,126.81190712180837,126.970599202535,26393100
2023-11-06,129.18231201171875,129.27157062977093,127.61526180428386,127.9921517032279,19052700
2023-11-07,129.8964080810547,130.8287050924927,128.8153467097953,129.63854481279463,29757300
2023-11-08,130.75927734375,131.1262546701782,129.70796879855988,129.89641375169958,26425800
2023-11-09,129.17239379882812,131.46345569784398,129.0037891497348,130.8782957156304,23747800
2023-11-10,131.50311279296875,131.71139801314916,128.34918755672095,129.0335338225466,26913300
2023-11-13,131.0072479248047,131.50314939939358,130.17413707958622,130.69979143195349,18324800
2023-11-14,132.524658203125,134.58760942147106,132.22712953091224,133.0899929477425,32395200
2023-11-15,133.51649475097656,133.92313755134404,132.47511386601616,133.76444546334056,23861500
2023-11-16,135.8075408935547,136.09517216084916,133.21895029015656,134.0818138246226,28013200
2023-11-17,134.20082092285156,134.94467294789172,132.5544248086727,134.88516720728182,37240600
2023-11-20,135.13311767578125,135.53976041427174,132.52467173584012,132.5941051889177,27815500
2023-11-21,135.84722900390625,136.05549911438757,134.84551363674532,135.17279523893023,22635300
2023-11-22,137.35476684570312,138.2771361292862,136.34312381394363,136.34312381394363,17813900
2023-11-24,135.56951904296875,136.99771741092056,134.87526015124462,136.8985310833705,12514300
2023-11-27,135.2918243408203,137.28534253189412,134.88518155844346,134.914934431914,23436500
2023-11-28,136.0753173828125,136.12491054089853,134.30990991764168,134.96450328347996,18730000
2023-11-29,133.88345336914062,137.15639020757226,133.7346738823066,136.44230617886066,23967200
2023-11-30,131.44361877441406,134.43886735166274,130.2038653225059,133.94296597089948,38988300
2023-12-01,130.7790985107422,131.02704917414542,129.59885093154966,130.7790985107422,31442300
2023-12-04,128.2103271484375,128.9640916810593,126.85155485379651,128.8153273436033,36669900
2023-12-05,129.91624450683594,131.05681158807658,127.19869958988002,127.89295847123121,27384800
2023-12-06,128.9542236328125,130.75929712999184,128.81537182533717,130.36258200398004,23576200
2023-12-07,135.8075408935547,137.42418419027493,133.59582503757497,133.9330343345262,56767100
2023-12-08,133.88345336914062,135.281883689647,132.93131610801126,133.09992075278979,32260100
2023-12-11,132.1973876953125,132.24698086173262,130.28321556791462,131.29485865478858,31138000
2023-12-12,131.43370056152344,131.90976162921305,130.18401944998905,130.7295139721899,29032800
2023-12-13,131.48330688476562,132.40567624159368,130.49150406647652,132.28666474618618,30104800
2023-12-14,130.8584747314453,132.623882651504,128.62691824593966,132.28667330356268,38722400
2023-12-15,131.51304626464844,132.41557523506742,130.10467308952005,130.54106870618423,50847100
2023-12-18,134.68682861328125,136.0257533662055,131.34444275367903,131.5428154285214,32258000
2023-12-19,135.5298309326172,136.34311639898218,134.96451127135808,135.71827586427287,25476800
2023-12-20,137.2059783935547,140.5384359860807,136.9382025676404,137.83081892143701,49107200
2023-12-21,139.26895141601562,139.53674241725346,138.03911046006232,138.34658204933325,27488300
2023-12-22,140.33016967773438,140.82607102846447,139.5565647812921,139.61607052198642,26532200
2023-12-26,140.35995483398438,141.51043473069583,140.032658051172,140.42937316952606,16780300
2023-12-27,139.21934509277344,140.9153344287429,138.74328401733115,140.42934564037535,19628600
2023-12-28,139.08050537109375,139.98304957042203,138.60444425438513,139.62599994946305,16045700
2023-12-29,138.54493713378906,139.20944320132398,137.64239294340334,138.48543138650385,18733000
2024-01-02,137.03738403320312,138.30689034141093,135.36123496575607,137.41427392066478,23711200
2024-01-03,137.78125,138.48543668179107,135.95633638949388,136.12494105781897,24212100
2024-01-04,135.27195739746094,138.01925486510476,135.23229195188463,137.28531548543515,27137700
2024-01-05,134.61740112304688,136.0356871158028,134.04215363464405,135.62904430152844,22513900
2024-01-08,137.701904296875,137.87050896561743,135.1430511234635,135.17280399831742,21404000
2024-01-09,139.7946014404297,140.33018342656837,137.01755057751834,137.3646876105234,24759600
2024-01-10,141.1136932373047,141.82779242384171,139.75492832050645,139.84418693539638,21320200
2024-01-11,140.9153289794922,144.02958884214235,139.48713067468557,142.31377441409103,24008700
2024-01-12,141.48065185546875,142.02614637782855,140.6574689161085,141.50049214729324,18785500
2024-01-16,141.3219757080078,143.16672938152487,140.29049239931624,140.83598692471,22670500
2024-01-17,140.31033325195312,140.67729541881693,137.76139297479475,140.19132176728564,20968600
2024-01-18,142.30386352539062,143.02789047593322,140.826087018,140.88559276545064,25746400
2024-01-19,145.1800994873047,145.24951781414885,143.19649387664043,143.55354349190839,34271900
2024-01-22,144.7932891845703,147.17360973542569,144.64450969157375,145.89419084442545,32200400
2024-01-23,145.83468627929688,145.97353807473283,144.30731652950118,144.69411904062358,21636100
2024-01-24,147.48106384277344,148.6216460696022,146.88599128129252,147.32237177289502,25233500
2024-01-25,150.6250457763672,151.79538063430923,148.314144059469,148.8398133247324,29149100
2024-01-26,150.9424591064453,151.28958097989496,149.77212402167038,149.86139776851957,26115500
2024-01-29,152.2516632080078,152.51945423808056,150.18871128574926,150.81355197801503,27784300
2024-01-30,150.2184600830078,152.3607426484438,149.95066908718712,151.5474722147389,36331800
2024-01-31,138.9515838623047,142.81960888272778,138.7234583129567,142.44271896094438,71910000
2024-02-01,140.0028839111328,141.88730313768718,139.63590659199247,140.9550061040643,40466500
2024-02-02,141.21287536621094,141.45089833217304,135.38107056080497,138.11844060532798,62499600
2024-02-05,142.50222778320312,144.27756337900828,141.60961126191953,141.64929185123162,38505400
2024-02-06,142.91876220703125,144.16842804795627,142.01621819950975,143.46424153576635,29128200
2024-02-07,144.34698486328125,144.42633090992825,142.7501816170739,143.5733798256117,25208900
2024-02-08,144.7139434814453,145.13049882211826,143.91058567202538,144.63459744507298,22563800
2024-02-09,147.7786102294922,148.21500586230158,144.9817192012369,145.47762057784595,26829500
2024-02-12,146.32066345214844,148.11582406905052,146.161971374684,147.20336732419403,21564100
2024-02-13,143.9502716064453,145.4677288254304,142.51216043512292,143.73207375880068,27837700
2024-02-14,144.7436981201172,145.31894554055629,142.90885694916992,144.88254990203635,22704200
2024-02-15,141.59967041015625,142.34352240728126,139.30860868040443,141.96663255261817,37590700
2024-02-16,139.3681182861328,142.01622965333587,138.9912284210113,141.81787214200648,31468900
2024-02-20,139.96319580078125,140.91533307623592,138.34656764889544,138.51517229621072,25144700
2024-02-21,141.38148498535156,141.5203367649503,139.5268035526364,140.29049590728383,23223300
2024-02-22,142.90884399414062,143.8113880616519,141.6294252005615,143.74195461013204,27191900
2024-02-23,142.77992248535156,143.4940065020115,142.25425313452644,142.4922912292185,19493800
2024-02-26,136.44232177734375,141.27239668798464,136.26378939947426,140.97485281400884,53641800
2024-02-27,137.74159240722656,138.1085546396034,135.96625673087684,136.88864130284716,33099200
2024-02-28,135.26205444335938,136.87868252205917,134.30000463233606,136.76958362182845,37328600
2024-02-29,137.32501220703125,137.72172724425474,135.2818858775754,136.15467711991738,42133000
2024-03-01,136.01583862304688,137.7316532704347,135.79764079115824,137.29525760665743,31151100
2024-03-04,132.25692749023438,134.54798984963458,130.82872884185196,134.54798984963458,55999400
2024-03-05,131.58245849609375,132.1477932825311,129.59885315483893,130.7989410451295,40194800
2024-03-06,130.3228759765625,132.48501385237356,129.77739656818326,132.0287779261609,35318600
2024-03-07,133.27847290039062,133.8338800794751,130.53117474630065,131.70149485455573,37738200
2024-03-08,134.3000030517578,136.95802694070352,132.90155765626992,133.1098428756074,39370400
2024-03-11,136.54147338867188,137.9597590931876,135.01410391751668,135.01410391751668,32437800
2024-03-12,137.3646697998047,138.23746099222168,135.90671866415707,135.90671866415707,27563400
2024-03-13,138.6440887451172,139.93343524438993,137.85065871514112,137.86057129371812,23347200
2024-03-14,141.92698669433594,142.41296038062768,139.30862790840655,140.03263971476812,42753400
2024-03-15,140.02268981933594,142.0062951045536,138.8821228338187,141.33187657175912,49475400
2024-03-18,146.4694366455078,150.90279656609297,145.96362264352206,147.3918211593764,69273700
2024-03-19,145.8247528076172,147.57032014783982,144.882543249734,146.9454947247472,24070400
2024-03-20,147.520751953125,147.63976344475103,145.53714637957398,146.7868124427757,21311500
2024-03-21,146.39007568359375,149.13735809948852,145.69580172878864,148.24474177717806,24755600
2024-03-22,149.5341033935547,150.3374611918101,147.75876801352786,147.89761979182254,29211800
2024-03-25,148.83984375,149.14730017654827,146.60828759558476,148.71090455162476,19229300
2024-03-26,149.43492126464844,151.011884033954,148.7505749332153,148.98861304571224,22149100
2024-03-27,149.63327026367188,150.3969625890798,147.679417711027,149.94072668288968,22879200
2024-03-28,149.69276428222656,150.1886655992159,148.9389997285373,149.61343338917058,24485400
2024-04-01,154.21542358398438,154.4633742852125,149.3754210532241,149.45476709366227,31730800
2024-04-02,153.2930145263672,153.4318662914426,150.90276651769807,152.24170614312382,24586000
2024-04-03,153.65008544921875,153.80877752671594,151.47803493131784,152.34091364414047,24705000
2024-04-04,149.29608154296875,153.5013310678702,149.21673549906,152.24173721309816,34724700
2024-04-05,151.2499237060547,152.1623804461379,148.37370170217739,148.80016963270904,23459200
2024-04-08,153.58067321777344,153.9972285874499,151.35902944578888,151.52763410967862,20702000
2024-04-09,155.3163299560547,157.26025503704565,153.9178843271403,154.81050082482042,31079500
2024-04-10,154.86007690429688,155.3262253958283,153.41203826670193,154.9295103592396,22838600
2024-04-11,158.10328674316406,158.37106260079813,155.1774715327962,155.62377976256258,27166400
2024-04-12,156.43707275390625,158.90666751104175,155.85191265414585,156.6651983253072,25353700
2024-04-15,153.590576171875,157.93467710778722,153.32278518896982,157.55778721582507,27136500
2024-04-16,153.13433837890625,154.3740918150493,152.17228850176252,152.92606827651122,20779500
2024-04-17,154.19558715820312,155.792390319514,153.3128832450381,154.3443515291876,21763100
2024-04-18,154.73114013671875,155.6535245551475,153.3525349324206,154.0666341164594,19883000
2024-04-19,152.826904296875,155.07830110358373,151.05158377553497,154.91960900846084,32615600
2024-04-22,154.99893188476562,156.34778422424392,152.7971285786509,153.04507926507185,26446200
2024-04-23,156.96270751953125,157.66689417461689,154.99894218995382,155.67337597138751,21151600
2024-04-24,157.82557678222656,158.2619724145378,155.8816367293061,156.19902087415394,22779100
2024-04-25,154.7212371826172,155.2072260039545,149.63328396324783,150.08951991120836,57109700
2024-04-26,170.5404815673828,173.27786687075127,168.2593321924788,172.94064243070838,64665300
2024-04-29,164.7880401611328,168.1601789863469,163.85575817924735,167.67419013378634,45610000
2024-04-30,161.44564819335938,166.7220460143007,161.26713096501757,164.25245175294467,33562900
2024-05-01,162.5167694091797,165.7500403329513,161.75307719432863,162.95316496052317,33493200
2024-05-02,165.25416564941406,165.36326455481128,162.54654844018515,163.43916484164697,24294500
2024-05-03,165.86911010742188,166.5832093530068,161.71345384411,166.18647914228734,34662400
2024-05-06,166.7220458984375,166.76171134902742,164.66900697168114,166.08729275303767,21871300
2024-05-07,169.84622192382812,170.35203588113026,167.00966543700736,167.1187643454893,28039700
2024-05-08,167.99154663085938,168.75522381569002,167.35679350646177,167.6146567610361,19569100
2024-05-09,168.56680297851562,169.2908147525702,166.80138015076668,168.00146814371737,15346700
2024-05-10,167.26751708984375,168.45769242107335,164.82769095498062,166.65260426676096,29799900
2024-05-13,167.75350952148438,167.89236129533526,162.65564420480408,162.91350746089623,31327600
2024-05-14,168.9436798095703,169.8462239602229,167.41631020621995,168.37836010153808,25127100
2024-05-15,171.0959014892578,171.23475328070515,169.11229582074708,169.23132245178067,26948400
2024-05-16,172.75218200683594,173.68447893916473,171.27440571230892,171.8694782348091,27867900
2024-05-17,174.6168212890625,174.82510656302227,172.26625318970676,172.75222693942675,24479300
2024-05-20,175.46975708007812,177.30459839219796,174.63664632446375,174.7457452424878,22554400
2024-05-21,176.39212036132812,176.6896490712989,174.36883433127562,175.44989566739218,16989400
2024-05-22,174.93417358398438,175.69785080388766,173.77376618454468,175.19203685040134,17880000
2024-05-23,172.12734985351562,176.78881919834342,171.53226222068352,175.6184993564693,21024900
2024-05-24,173.55555725097656,174.32916213437795,172.22653015180546,173.54562953855606,16579400
2024-05-28,174.95399475097656,175.8168734132129,172.94063642860604,173.01998246270298,20572200
2024-05-29,174.45809936523438,175.39039638067896,173.28777937305267,173.99195085751208,23388700
2024-05-30,170.6991729736328,173.78368015073974,170.38178882747087,173.76383985817733,22931500
2024-05-31,171.08595275878906,171.64135980722156,168.05103914863497,170.45119968433661,37638900
2024-06-03,171.75048828125,173.09934068848278,169.75697011042396,171.12564767729586,27459100
2024-06-04,172.36538696289062,172.42490783803038,170.48096786025872,171.85957302701576,26879600
2024-06-05,173.97213745117188,175.20196327061797,172.5042583714889,173.76385219874723,22068500
2024-06-06,175.28131103515625,175.69786641038863,174.3093484929474,174.45811286491957,23251000
2024-06-07,173.0299072265625,176.41194296176616,172.87121516107322,175.5986726101232,19661400
2024-06-10,173.7746124267578,175.81014466476933,171.54049500356726,173.7349014501534,23726700
2024-06-11,175.3732452392578,175.59169348463175,172.54337230776866,174.97607487552963,21540600
2024-06-12,176.53497314453125,179.1364888587314,174.86683954251944,176.99173266950717,27864700
2024-06-13,173.92356872558594,175.49241749987627,173.64554642645388,174.86685975128964,20913300
2024-06-14,175.5420379638672,175.8101362841722,172.92067425165644,172.99018739624864,18063600
2024-06-17,175.98886108398438,177.10095011007647,173.57600667428076,174.2214273884837,19618500
2024-06-18,173.85403442382812,176.13780173263285,172.8710325397334,175.88956648496008,21869900
2024-06-20,175.05552673339844,176.03852876935733,173.7547762588124,174.1320835908328,20160100
2024-06-21,178.3620147705078,179.57340412547137,175.36332840403423,175.75057482727152,57759000
2024-06-24,177.95489501953125,179.61310474396652,177.40877441541713,178.88826202454848,18298000
2024-06-25,182.73094177246094,182.98910099326696,178.15348288701358,178.35206806848578,23130200
2024-06-26,182.58200073242188,183.20754327614856,181.19187420519867,181.3408244497642,19839000
2024-06-27,184.10121154785156,184.73669324083986,182.7210240356858,182.87988309562385,18848900
2024-06-28,180.86419677734375,183.8231718610113,180.6755507145743,183.0188920765721,29156600
2024-07-01,181.6982879638672,182.58200489120532,180.02021516731907,181.7379989393426,16006100
2024-07-02,183.9324188232422,184.26009121150622,180.27838761712013,180.76493422110232,17372500
2024-07-03,184.50831604003906,184.77639921891327,182.7011560285435,183.54516199454144,10242100
2024-07-05,189.25457763671875,189.51273686548802,184.48845737897847,184.54803142014995,20967500
2024-07-08,187.6956329345703,188.82758504993222,186.45445670495957,188.55948674203475,21035900
2024-07-09,187.64599609375,190.00920064999954,187.38783687416534,188.96660951335545,15121400
2024-07-10,189.83047485351562,190.39645856086898,187.6956575193925,187.8148056046968,15952500
2024-07-11,184.2600860595703,189.51273777959946,183.77353946919203,188.50987272919218,25625800
2024-07-12,183.7635955810547,185.78918852634615,183.18768799095292,183.77351953652854,22898400
2024-07-15,185.21328735351562,186.91122316515236,183.61465170436622,183.61465170436622,16474000
2024-07-16,182.62171936035156,187.34811338839907,182.0755987428797,186.03743905754484,18290700
2024-07-17,179.7421875,182.2543270659603,178.63008325599765,181.67841945681636,20734100
2024-07-18,176.43572998046875,181.21177488335857,175.22434046505242,180.64579110846435,25315700
2024-07-19,176.40591430664062,179.01733902058587,175.87965675110726,177.61730362532302,18881900
2024-07-22,180.38760375976562,181.41033185766577,178.9577661837674,179.31522557776697,24100300
2024-07-23,180.50674438476562,182.31390434397233,180.258509125605,180.76491875098247,36352700
2024-07-24,171.41140747070312,174.9462749610045,170.60712769523397,172.37456144038464,49585200
2024-07-25,166.0991973876953,172.19585555378663,166.00983631882548,171.3022145629285,44852000
2024-07-26,165.8211669921875,166.90346917641645,162.90191767605657,165.9701020997129,41336900
2024-07-29,168.3332977294922,169.22693862858085,166.80417515412134,167.63824201341453,20293800
2024-07-30,169.0879364013672,170.02130347692145,167.25100442280618,169.0383014663059,18959700
2024-07-31,170.32908630371094,173.01996298271357,168.80988784082692,172.01709806342805,25729100
2024-08-01,169.55459594726562,172.82138024945738,167.68787721137585,169.0482015028782,24531400
2024-08-02,165.4835662841797,167.3204982165653,163.50760805366414,165.26511803151652,29130100
2024-08-05,158.1258544921875,163.26928160754815,153.83634209310054,154.4023257364845,53630700
2024-08-06,157.17262268066406,159.4365420774317,155.30590392172098,158.2052897951303,49004600
2024-08-07,157.8180694580078,161.82954505412678,157.35138590349095,160.11176109982324,25138600
2024-08-08,160.88623046875,162.5345161798724,159.07908571101373,159.37695589283805,25578800
2024-08-09,162.51463317871094,162.63378123682256,157.93717508299093,158.8804658955509,28602300
2024-08-12,161.1444091796875,163.73598613275442,160.6975887017958,163.1898806325975,15895300
2024-08-13,163.001220703125,163.56718927271257,161.81961832579947,162.25651485029758,18551700
2024-08-14,159.2379608154297,162.0678490367502,156.59674898008666,161.25363005478357,40591100
2024-08-15,160.16139221191406,160.49898852805327,158.4833194361169,159.36703635252704,31524300
2024-08-16,161.80967712402344,163.89484419906685,159.9925932186499,160.33018953302678,24208600
2024-08-19,165.49346923828125,165.51333229993313,163.10047787030177,164.11328189947275,22416200
2024-08-20,165.99986267089844,167.4495631411608,165.64241846979237,165.72184041376482,18341500
2024-08-21,164.6792755126953,165.67221654044488,163.50759722139043,163.98420467240848,22902000
2024-08-22,162.6437530517578,166.4069931043409,162.15720646482643,166.07932072756,22493300
2024-08-23,164.45091247558594,165.0069571091441,162.67355443967108,163.5572714789503,13955700
2024-08-26,164.98707580566406,166.36726315289178,163.29907918080005,165.20552403193696,14190400
2024-08-27,163.51751708984375,165.26510295168842,163.29908400819048,164.66933228950003,11821900
2024-08-28,161.70045471191406,164.4310425767687,160.38976526426643,163.87498286647468,16407400
2024-08-29,160.63800048828125,164.798425876507,159.11880190681103,163.15014011129165,19699800
2024-08-30,162.22669982910156,162.50472208741948,160.54862717284777,161.47205499845862,22123800
2024-09-03,156.2492218017578,160.70753307191137,155.37542873116885,160.57844587255263,38945300
2024-09-04,155.3456268310547,157.87762958096508,154.8590954051368,155.554151121504,19353800
2024-09-05,156.1300506591797,158.32444181781332,154.87893528354047,155.19668368087028,18688700
2024-09-06,149.85467529296875,156.71590221863735,149.4872919188711,156.1896446256026,37912100
2024-09-09,147.856201171875,152.51926120186218,146.37475041538113,151.63437166613713,39260500
2024-09-10,147.80648803710938,150.4015036061094,147.48831800096144,149.58620426686707,31118800
2024-09-11,150.29214477539062,150.63018908340467,146.67304380954099,149.05925855823048,29607700
2024-09-12,153.80186462402344,153.9311230962661,151.77356859256676,152.91697508053775,29621500
2024-09-13,156.55596923828125,157.47068534964538,154.318887339598,154.53761027887018,29591200
2024-09-16,157.1525115966797,157.3414231577179,155.7009025392383,156.4068176480649,18379800
2024-09-17,158.40528869628906,159.628222536102,157.47068317745328,158.107008079676,20715600
2024-09-18,158.89248657226562,159.57852752922,157.6894419945441,158.9422025434275,23677300
2024-09-19,161.20909118652344,162.8496118323656,160.41368126049775,162.77008449382728,26587700
2024-09-20,162.65077209472656,162.78996770160265,161.1295575441582,162.5612924555598,40896400
2024-09-23,160.92076110839844,164.53986181971814,160.74178667068307,163.40640761812853,24150900
2024-09-24,161.35824584960938,162.2829143760533,159.76744095244402,162.0940027861785,23332100
2024-09-25,160.56283569335938,161.87524922923666,160.37392412147798,160.5429462723237,18869200
2024-09-26,161.79571533203125,163.13797065652983,161.34830194759303,162.70049439754706,20319300
2024-09-27,163.00869750976562,164.7486500925775,161.69628402203105,161.87524329123835,21101300
2024-09-30,164.89779663085938,165.19606207708327,162.32265529939457,162.38232355982177,20413900
2024-10-01,166.03128051757812,168.18882026761747,163.63511319672338,166.7272586351416,28338100
2024-10-02,164.9077606201172,166.5582338236158,163.7842433523693,165.4645431053493,17760200
2024-10-03,164.9077606201172,165.6832812490026,162.97889617400253,163.46608843417303,15073100
2024-10-04,166.100830078125,167.26411075507784,164.52989975669306,167.0950886229922,19047400
2024-10-07,162.04428100585938,167.5127039344141,161.81560574950586,166.7570727731855,22463100
2024-10-08,163.4362335205078,163.78421492779364,161.93489332497202,162.99875730912473,23072700
2024-10-09,160.9307098388672,163.89359644421285,158.8228863013817,162.5115774919813,31181800
2024-10-10,161.14942932128906,162.13375075790051,159.47906705048007,159.94636978765286,14144100
2024-10-11,162.3027801513672,162.9589793006072,160.3142629412503,161.19915249290503,15344300
2024-10-14,164.01290893554688,165.27560646204375,162.46185274166893,162.70048027253844,19016100
2024-10-15,164.5100555419922,166.71729595706415,163.6848189785555,164.83814757105517,20247200
2024-10-16,164.2117462158203,164.8480710827429,162.7999008914352,163.5853584728,16406000
2024-10-17,161.99456787109375,165.41482033547592,161.82554570724957,164.7784953540456,21453400
2024-10-18,162.48175048828125,163.76435267205474,162.14370618061358,162.25307524146882,19757700
2024-10-21,163.12803649902344,163.5555604691452,161.6863492090046,162.01445640921125,20946500
2024-10-22,164.19187927246094,164.8182671012252,162.0442768634266,162.0442768634266,16568100
2024-10-23,161.8454132080078,164.867967838788,161.00028733207427,163.81404098216163,18280500
2024-10-24,161.7857666015625,162.39226497688696,160.0855776572324,161.89513565846306,22412500
2024-10-25,164.32113647460938,164.63929136354844,162.48175184608664,162.7303165163636,19828900
2024-10-28,165.76280212402344,167.78114595500233,163.00870143582344,167.78114595500233,32138600
2024-10-29,168.705810546875,169.4018037804766,166.1306841303376,166.76700909757434,42169000
2024-10-30,173.45834350585938,180.97493529169347,173.06063100562596,179.64261737988735,68890800
2024-10-31,170.12757873535156,175.8048016523507,170.01820968952273,172.1359852263983,44769000
2024-11-01,170.30654907226562,171.33064938867685,167.91039737420323,169.0935675366594,31796500
2024-11-04,168.26832580566406,169.74976136503125,167.04537684162395,168.954351474997,21492700
2024-11-05,168.7654571533203,169.55091475770118,167.87061532690117,168.45722424913848,18242100
2024-11-06,175.49659729003906,175.92413641911588,172.50388407123629,172.8021647148181,33695500
2024-11-07,179.7122344970703,180.0403416420051,176.17267645525013,176.3914145518733,25352900
2024-11-08,177.3260040283203,179.86135098752197,177.05754999373912,179.61278637025276,22006200
2024-11-11,179.31454467773438,179.513393363608,177.44533365392132,177.55470270682915,17450400
2024-11-12,180.57725524902344,181.44227061052396,178.36006265722634,178.787601775427,25134900
2024-11-13,177.8529815673828,179.9210412566759,177.51492211643085,179.423911961303,23184000
2024-11-14,174.57192993164062,177.79333331489727,173.3191695348543,177.2564251654299,31007500
2024-11-15,171.49966430664062,173.14018486054766,170.2369516887569,172.73253521026672,32504600
2024-11-18,174.29351806640625,174.43271364954478,171.90728856394193,172.42430723181965,20135300
2024-11-19,177.09735107421875,177.8430450835762,172.56353392471485,172.72261895446178,23434900
2024-11-20,174.96963500976562,176.65987170014589,172.78226898861567,176.32182739630647,18997100
2024-11-21,166.66757202148438,173.13025284582125,162.7601278802168,172.90156244724747,59734400
2024-11-22,163.81405639648438,165.5043083073982,162.95899331574788,164.8978098993039,38604600
2024-11-25,166.68743896484375,167.6618232619843,164.65915820880082,165.13639806236714,33135300
2024-11-26,168.14901733398438,168.84501052303654,166.61786569467208,166.66758166120195,20486700
2024-11-27,168.25839233398438,168.5069570042289,167.0553478258637,168.0297170852908,19266500
2024-11-29,167.97999572753906,168.4572356311654,166.20027942100947,167.53258236969043,14257200
2024-12-02,170.5054168701172,171.09202581712017,167.60218350894124,167.80103219947992,23789100
2024-12-03,170.3562774658203,171.68858044714352,169.86910042539293,170.50542536954606,22248700
2024-12-04,173.36886596679688,173.90577410275552,170.0778724521122,170.1673520843779,31615100
2024-12-05,171.64881896972656,175.04918185581036,171.3406012044101,174.35320380974355,21356200
2024-12-06,173.7069549560547,174.07482584315568,170.87331141634223,171.04233358531255,21462400
2024-12-09,174.56295776367188,175.44886145410123,172.8508718378986,173.15945800345577,25389600
2024-12-10,184.31788635253906,185.5024126630823,180.21685055142655,182.00857038298057,54813000
2024-12-11,194.50079345703125,194.7098337526011,183.99935507018319,184.45722971599074,67894100
2024-12-12,191.07662963867188,194.28179760891206,190.8277801088796,194.10263323797517,34817500
2024-12-13,188.9464874267578,191.84308455058388,188.76730785856873,190.1309984875668,25143500
2024-12-16,195.75498962402344,198.08421748080238,191.733572884141,191.98242240358925,44934900
2024-12-17,194.52069091796875,200.4930793963414,194.082713332717,196.3422712265007,43504000
2024-12-18,187.5330047607422,196.09343489769404,186.87605352724106,194.3216274116736,34166100
2024-12-19,187.64248657226562,192.1416901461699,187.513095150107,190.748138909751,32265200
2024-12-20,190.52915954589844,192.00234452424112,184.36764269628742,184.92506321844033,63462900
2024-12-23,193.73434448242188,194.20218282242337,189.2749498878787,191.73358450411797,25675000
2024-12-24,195.20751953125,195.20751953125,192.88824016493578,193.94335970742864,10403300
2024-12-26,194.69989013671875,195.84459196860374,193.48550314170072,194.25194880473947,12046600
2024-12-27,191.87294006347656,194.42117206113832,189.77264937982267,194.05286442098586,18891400
2024-12-30,190.3599395751953,191.66390866604786,188.24968525874627,188.9265638700057,14264700
2024-12-31,188.4288787841797,191.07664159206533,187.64250571524292,190.20068633205602,17466900
2025-01-02,188.55825805664062,191.11643850843902,186.63714698089748,189.7726449747486,20370800
2025-01-03,190.90740966796875,192.32088844513342,189.10574139792004,190.48934425629204,18596200
2025-01-06,195.96401977539062,197.30781329054136,192.9579284385956,193.08731986382298,29563600
2025-01-07,194.59039306640625,200.0750314967655,193.70448930563006,196.20293323603758,26487200
2025-01-08,193.05747985839844,195.386708025345,191.49471256621632,191.68384065635297,24864800
2025-01-10,191.15626525878906,195.61566016820694,189.4342306110514,193.40587493046604,26665200
2025-01-13,190.1309814453125,190.3001972959748,186.49778453538255,189.19532001022134,21823700
2025-01-14,188.78720092773438,191.09651654383717,187.44340746260227,190.3599316953501,17174900
2025-01-15,194.6501007080078,195.4563707355863,190.97707930364396,192.20141470890871,21776000
2025-01-16,192.02224731445312,194.58041248274841,191.92270143099617,193.2465827004133,17815400
2025-01-17,195.0980224609375,196.32235783888785,192.85837679493184,195.6255822249555,27735100
2025-01-21,197.1385955810547,201.3590737795005,196.9594160260543,198.15390588987137,29971300
2025-01-22,197.45712280273438,199.5574134711185,196.62099201618707,198.14394994474472,26200600
2025-01-23,197.06890869140625,199.37823954000908,194.30170322912596,197.22817603032425,26951400
2025-01-24,199.28866577148438,199.9754777209976,197.08882922694013,197.18837511510904,23877500
2025-01-27,190.9272918701172,195.97396712425268,189.8522601854155,191.5245367578076,41728900
2025-01-28,194.40126037597656,194.58042475121238,189.80251062684363,191.8629920734772,24157900
2025-01-29,194.51075744628906,195.88439657430914,192.5398581602494,194.66006109436606,18218300
2025-01-30,199.94561767578125,200.47317747002577,196.76034669489817,197.08882990069444,24354700
2025-01-31,203.08114624023438,204.53441911538957,200.87136100783613,201.0704376113212,32001100
2025-02-03,200.303955078125,202.8123625387659,199.17916555521708,199.76644678798675,27838300
2025-02-04,205.43028259277344,206.09719755510824,201.8767037764101,202.4540365472158,43856400
2025-02-05,190.4495391845703,191.86300280413045,187.16472209106553,190.19074112078758,70373900
2025-02-06,190.71829223632812,191.21599131294843,187.85154069465264,188.62795003909466,29297400
2025-02-07,184.48707580566406,190.3001969256679,182.39674895869484,190.17080550398342,49315000
2025-02-10,185.6118927001953,187.33392723255807,185.00469922620795,186.4878479252447,23105600
2025-02-11,184.46719360351562,186.07973375626966,183.43197101543439,184.17851963260873,21239500
2025-02-12,182.76504516601562,184.25814231125668,180.9932377687485,182.37684051579572,22072600
2025-02-13,185.28341674804688,185.42277188580212,182.2972222059454,183.47179995722882,21402500
2025-02-14,184.37759399414062,185.54220800020582,183.4717932262479,184.20837813225802,20448400
2025-02-18,182.92430114746094,185.10422527431422,180.90364435146645,184.74588137416617,29916700
2025-02-19,184.4174041748047,184.6065322377559,182.74512752374517,183.22292953180167,19549400
2025-02-20,183.710693359375,184.4572420256199,181.87916427677797,183.9495944004591,20441500
2025-02-21,178.83323669433594,184.48709094071828,178.255903940123,184.29796286054517,35199200
2025-02-24,178.42510986328125,182.27729565940143,178.06676593885823,181.15250613186586,29854200
2025-02-25,174.61273193359375,177.91746089820734,173.88609557732903,177.22067008112575,41913400
2025-02-26,171.93511962890625,175.26970953461128,170.79041782229913,174.26436286262216,35431300
2025-02-27,167.72457885742188,173.75668887755327,167.1671583548918,173.18931986196714,39991000
2025-02-28,169.49636840820312,169.8248515673105,166.00252693353565,167.90372554984629,48130600
2025-03-03,166.24143981933594,172.57217267061702,165.1664079930538,171.13879690224084,40770500
2025-03-04,170.13345336914062,172.49254217135646,165.03701959982106,165.47499722472898,45388000
2025-03-05,172.22378540039062,172.98028249678805,168.2820021982634,169.73529012314535,30954900
2025-03-06,171.55686950683594,174.0055403400316,169.71537693678601,169.7452376648565,28302000
2025-03-07,173.05992126464844,174.1648138078256,169.48644558654738,170.4718800246714,27385800
2025-03-10,165.2968292236328,167.87789100205225,163.12436954047675,167.6785699397653,43604000
2025-03-11,163.47315979003906,166.17380218640486,160.81238769070245,164.34016388069963,39587400
2025-03-12,166.5325469970703,167.06071434970798,162.96491596959018,166.00437964443265,28372400
2025-03-13,162.19760131835938,165.55596711984276,161.5498533800482,165.4662665449778,31756200
2025-03-14,164.91815185546875,165.91469633780176,161.88864811378173,162.70582188820455,31995900
2025-03-17,163.7222900390625,165.72535422603255,163.10443731189008,164.45973844695973,31184300
2025-03-18,160.11480712890625,163.68243835584954,156.17845929337233,163.11440067725707,42074800
2025-03-19,163.32369995117188,165.29685407475176,160.44368655845827,161.20105500840197,34275600
2025-03-20,162.23744201660156,164.3202162999389,160.40380384962694,161.01169658179438,28138500
2025-03-21,163.42333984375,163.67247597151626,160.33404577702316,160.65294731947398,36625800
2025-03-24,167.1005859375,167.7383890591239,164.56936942432435,166.492708348571,30879100
2025-03-25,169.9706268310547,170.04039224469534,167.7383768915496,168.3960847024039,24174400
2025-03-26,164.48963928222656,169.0239199788623,164.27039826701778,168.41602720143118,28901600
2025-03-27,161.6793975830078,164.84840203770966,161.44022141043914,164.06113851285755,24508300
2025-03-28,153.79672241210938,161.26084657481337,153.0991442674789,159.9354404969839,48669300
2025-03-31,154.1056365966797,155.0025205393741,150.13939385440554,152.58092477046202,54603500
2025-04-01,156.52725219726562,157.55369181763876,153.0891615011919,153.0891615011919,30672900
2025-04-02,156.49734497070312,157.86262130532444,154.1654344397735,154.61387643325034,25041700
2025-04-03,150.19918823242188,152.25206746912303,149.87032672274708,150.58783997911712,46883400
2025-04-04,145.09689331054688,150.54799324363788,144.8776522919314,147.49855413182192,62259500
2025-04-07,146.24290466308594,152.3218321659185,140.04439668677543,141.06087632952463,76794100
2025-04-08,144.19998168945312,151.7139355045659,142.5357542501846,150.69745588802078,52200200
2025-04-09,158.1615753173828,158.9986690004619,143.41271451247957,143.92094670447867,70406200
2025-04-10,152.2919464111328,157.17500865516934,149.41191804525613,155.99907817143998,48022000
2025-04-11,156.5970001220703,157.1251674838408,152.29193584419684,152.37164602184413,33636200
2025-04-14,158.5203399658203,161.16117679260088,157.0155480479404,159.44711904636745,30333000
2025-04-15,155.76988220214844,159.09833747842598,154.6736922783896,158.58014524074957,27551500
2025-04-16,152.80018615722656,155.35133791385522,150.98646767664792,152.5709851557027,28187400
2025-04-17,150.63768005371094,154.14550597318726,147.98686786207978,153.75685420118594,33046600
2025-04-21,147.15972900390625,148.43530478654532,145.59516199807078,148.36555457655837,26049100
2025-04-22,150.9465789794922,151.66409215206974,148.0266960287967,148.37549264543264,26971800
2025-04-23,154.81320190429688,156.98566172409713,153.27851478210604,155.07229801307963,31128800
2025-04-24,158.7296142578125,159.03854063446718,155.2516683139833,155.6104249592094,45894000
2025-04-25,161.4003448486328,165.52603823874784,160.48351057877483,164.49959867786362,56034000
2025-04-28,160.05502319335938,162.5862396977989,158.0519740918863,161.86872639451175,29745800
2025-04-29,159.60658264160156,160.18458031932272,156.97570557414937,159.76603342291708,26809000
2025-04-30,158.2512664794922,158.7196436016194,154.86300612354924,157.43409270690867,34981100
2025-05-01,160.7426300048828,161.39037784388623,158.36088927125815,159.8955611021286,30203200
2025-05-02,163.46319580078125,164.39995007912242,161.3106559960053,162.84534306658284,25715000
2025-05-05,163.64259338378906,164.81850869798296,162.15773647441492,162.4367677423953,21341800
2025-05-06,162.66595458984375,164.23053675483612,160.63301049910467,161.6096198520829,21277200
2025-05-07,150.85691833496094,164.42985019413678,147.32914212449143,163.5130310359637,127490100
2025-05-08,153.74688720703125,155.39117958130052,152.37165090458322,154.46440047734652,57498700
2025-05-09,152.22219848632812,154.51425427070677,151.67409587609725,153.63729009433737,32435300
2025-05-12,157.91246032714844,158.5502482480448,155.7100901217978,156.94581087118723,44138800
2025-05-13,158.97872924804688,160.01514395464716,155.6203794367127,158.24128090704517,42382100
2025-05-14,164.79855346679688,166.4229258122212,159.0584628171564,159.40725946266062,48755900
2025-05-15,163.3934326171875,165.63565760093152,161.80891540540173,165.26692581903856,33146700
2025-05-16,165.61573791503906,168.76482228008075,165.04770023388704,167.1504098009548,42846900
2025-05-19,165.9645233154297,166.06418385324469,163.6525478575402,163.94153908750272,30426100
2025-05-20,163.41336059570312,167.91774593119885,162.337090725838,165.8548915457752,46607700
2025-05-21,167.97755432128906,172.54173038625467,162.99483135159699,163.12438701474937,73416000
2025-05-22,170.27955627441406,176.15917803179707,170.12012070875053,171.25618084668935,74864400
2025-05-23,167.8878631591797,169.37272002705043,167.30986548992928,168.47582079984258,35211400
2025-05-27,172.30255126953125,172.5716225630013,169.4125780788469,169.57202886061165,37995700
2025-05-28,171.76441955566406,174.66436785084326,171.31597754856884,172.56165823831284,34784000
2025-05-29,171.26614379882812,173.81729536660228,170.04039828273065,173.39874848808273,29317300
2025-05-30,171.1465606689453,171.61493780799663,166.86141620850907,170.75790891590938,52639900
2025-06-02,168.4459228515625,169.28301661805224,166.81159040962694,167.26003241267054,38612300
2025-06-03,165.60577392578125,167.89782954141205,164.708889870391,166.91126012169556,45084900
2025-06-04,167.46929931640625,167.6387100496484,165.78513674832732,166.16382850855194,26900800
2025-06-05,167.62876892089844,170.33935616350743,167.01090094696792,169.75139851627495,36379100
2025-06-06,173.079833984375,173.89700773798458,170.23969140570108,170.23969140570108,35731800
2025-06-09,175.69395446777344,176.07310468622353,173.97782168090652,174.14743750903665,28935900
2025-06-10,178.1983184814453,180.70266778284787,174.51661519040564,175.8037071645682,61766100
2025-06-11,176.9511260986328,179.96432281914957,176.3524694759701,179.3656814209572,31646800
2025-06-12,175.30484008789062,176.32255032681226,174.3569797237004,175.78375628436552,20941900
2025-06-13,174.2771453857422,176.7316192634362,172.00227458420645,172.05216517338764,27663100
2025-06-16,176.3724365234375,176.5420523549515,174.25719419482596,174.33701609632743,27389200
2025-06-17,175.55426025390625,176.96109261622635,174.18734645157147,175.30482253964252,24973000
2025-06-18,172.93020629882812,176.16290971424257,172.81046582918458,175.6141436330853,28707500
2025-06-20,166.26522827148438,173.94790803011588,165.08788938336605,173.55878574385125,75659900
2025-06-23,164.8184814453125,166.9636398925432,161.63565348702906,165.8960542954959,57671000
2025-06-24,166.39492797851562,167.84166379185558,165.756367987998,166.54458452923419,40524300
2025-06-25,170.29612731933594,171.97235685648238,167.17317715297744,167.25299905707695,35479000
2025-06-26,173.14968872070312,173.29936049404486,169.55779452756443,172.04218458564608,31796700
2025-06-27,178.1284637451172,178.27812028762878,171.34375470263782,173.14968136313868,108140200
2025-06-30,175.83364868164062,180.82240351749414,174.1873656755976,180.3734186271616,63378900
2025-07-01,175.4445343017578,175.6939720547657,173.13973189988045,175.344768335238,35904500
2025-07-02,178.23822021484375,178.4577266308603,174.67625741761273,175.14518633422566,29128900
2025-07-03,179.126220703125,179.265905222364,176.65180269468908,178.09853847776557,21689700
2025-07-07,176.3923797607422,178.89674433224096,175.28487562232132,178.65727862884938,34175600
2025-07-08,173.9678497314453,177.54977185383785,172.42133277200756,177.4500058972594,40442500
2025-07-09,176.2227783203125,179.03644347316074,172.3814460707259,174.85586430994886,43025600
2025-07-10,177.2205047607422,178.02868052999747,173.98780168372105,175.2349902719471,29252400
2025-07-11,179.7847442626953,181.0219456842772,176.08308157759498,176.39238193299045,34282900
2025-07-14,181.1516571044922,183.2569121837853,179.27588047712075,180.60289104600895,32536600
2025-07-15,181.59068298339844,183.8056914333515,181.19158867102598,182.39885886185957,33448300
2025-07-16,182.55848693847656,183.91542879782378,181.62059863833602,182.82788394956327,33104200
2025-07-17,183.16712951660156,183.64604573142148,180.07409534184728,181.73036564766983,31992600
2025-07-18,184.64378356933594,186.00072543502688,183.2968289565469,184.98301522964096,34014500
2025-07-21,189.67245483398438,189.86201471908177,185.73132654425748,185.83110772544197,45803100
2025-07-22,190.90966796875,191.21896833519165,187.03840453704987,191.0693117786785,44660200
2025-07-23,189.80215454101562,192.09698471753413,188.7545130229886,191.06930248089483,58681900
2025-07-24,191.73780822753906,197.50480780114538,190.57044138213487,196.58687870624138,74881700
2025-07-25,192.74551391601562,193.8929365997576,190.82983399147875,191.54821586623893,39785900
2025-07-28,192.14688110351562,193.61357622809174,190.41078895772904,193.2144667106556,38139500
2025-07-29,195.3097381591797,195.47935398479527,191.64799419278697,191.9971978721824,41389200
2025-07-30,196.08799743652344,197.155598285003,194.2521393007246,195.1600963397073,32445400
2025-07-31,191.46839904785156,195.54921195775628,190.66022322341527,195.26984291287636,51329200
2025-08-01,188.70465087890625,190.40082452841267,187.39759950913643,188.60486968944682,34832200
2025-08-04,194.60133361816406,194.830827292421,189.69240089649873,189.86201672672937,31547400
2025-08-05,194.232177734375,197.4150057356091,193.45393320281906,194.2720962985156,31602300
2025-08-06,195.64898681640625,196.18778087351924,193.23443126184418,194.0625664055758,21562900
2025-08-07,196.07801818847656,197.09571318148866,193.8929412029117,196.6167969951023,26321800
2025-08-08,200.9669952392578,202.15432130991044,196.72655368662487,196.7764442791972,39161800
2025-08-11,200.54794311523438,201.02685931355308,198.62229106869012,200.48808049350347,25832400
2025-08-12,202.88267517089844,204.04006993048975,200.1388600495838,200.91710457512625,30397900
2025-08-13,201.5057830810547,204.06999503609887,197.06577929471834,203.6709007567403,28342900
2025-08-14,202.48358154296875,203.98020797768137,200.77742070862897,201.0468177297292,25230400
2025-08-15,203.44142150878906,205.97571755828142,200.82731877734264,203.39154613868575,34931400
2025-08-18,203.0423126220703,204.80833601681928,202.0345896716843,203.74073522255918,18526600
2025-08-19,201.11666870117188,202.98245812812408,199.51028904350812,202.57337657986534,24240200
2025-08-20,198.87173461914062,200.8273180336849,196.15785070859312,200.278551944333,28955500
2025-08-21,199.3007354736328,202.02459107482636,198.98144788878304,199.3007354736328,19774600
2025-08-22,205.62648010253906,208.07096677186306,200.84725997228378,202.27403645691825,42827000
2025-08-25,208.02110290527344,210.04653613391585,204.81831562838462,205.96572314134983,29928900
2025-08-26,206.67413330078125,207.38254318133843,205.23736948208096,207.0432962842493,28464100
2025-08-27,207.01336669921875,208.4401585010209,205.18748059977113,205.2373711930947,23022900
2025-08-28,211.1640167236328,211.742714118765,206.43467159929352,206.78389053195886,32339300
2025-08-29,212.43116760253906,214.16724458693432,209.72725571237183,210.0365560843286,39728400
2025-09-02,210.87466430664062,211.20390871469678,205.73623790289355,207.97120545801465,47523000
2025-09-03,230.14122009277344,230.78975207064033,224.28441211377313,225.7012317514145,103336100
2025-09-04,231.77755737304688,231.847392025426,225.60147632632095,229.1335081222656,51684200
2025-09-05,234.47146606445312,235.22975128240526,231.37843212445287,231.677760445174,46588900
2025-09-08,233.72247314453125,237.8069358559837,233.3529799966882,235.15054099905157,32474700
2025-09-09,239.30491638183594,240.14377315813266,232.91358965088386,233.85231685973005,38061000
2025-09-10,238.84552001953125,241.33214736167037,237.5273187664355,238.5758820575914,35141100
2025-09-11,240.0438995361328,241.9213539288796,235.92949376965038,239.55457404217233,30599300
2025-09-12,240.4733123779297,241.75157459718335,237.67710805902945,240.04388783032,26771600
2025-09-15,251.26864624023438,252.06756394348793,244.32807821701437,244.32807821701437,58383800
2025-09-16,250.8192596435547,252.696698721273,249.13154999644232,251.73800966841424,34109700
2025-09-17,249.19146728515625,251.25866627901078,245.94587648389523,250.87917693990602,34108000
2025-09-18,251.68807983398438,253.64542748570952,249.46110945180462,251.338548569648,31239500
2025-09-19,254.3744354248047,255.65269769422878,251.4683796180924,252.90642848071656,55571400
2025-09-22,252.18739318847656,255.4329839373953,249.96042287972912,254.0848093772248,32290500
2025-09-23,251.31858825683594,254.01492224497756,250.1401811840686,252.69670571321294,26628000
2025-09-24,246.80470275878906,252.00764101873446,246.10565550148698,251.31857470864836,28201000
2025-09-25,245.45654296875,246.1556055061487,240.41340622781078,244.06842931794486,31020400
2025-09-26,246.2055206298828,249.08161830530747,245.63630185383965,246.73481561544992,18503200
2025-09-29,243.71890258789062,250.80926093832198,242.4406403715287,247.51375020937843,32505800
2025-09-30,242.77020263671875,242.9599320717839,238.92541967317948,242.48058753408858,34724300
2025-10-01,244.5677490234375,245.96585884887978,238.2862890899911,240.42338523813993,31658200
2025-10-02,245.35667419433594,246.47514981131818,241.97127402542458,244.81739828037135,25483300
2025-10-03,245.01715087890625,245.96585900937905,241.3321544964398,244.15831699237452,30249600
2025-10-06,250.09024047851562,250.97904766602093,244.24818617214953,244.44791178946252,28894700
2025-10-07,245.42657470703125,250.1002333278666,245.18691006468788,247.93317917084852,23181300
2025-10-08,244.2881317138672,245.67624536262252,243.48922922331397,244.62768203424937,21307100
2025-10-09,241.2023162841797,244.42792989328805,238.82554034163272,244.13833003954065,27892100
2025-10-10,236.2490692138672,243.75885638035138,235.5200485827795,241.10246136059908,33180300
2025-10-13,243.81875610351562,244.16828735447277,239.38479264234815,239.88411429337978,24995000
2025-10-14,245.1169891357422,246.78472157869837,240.1836889124138,240.9027132904423,22111600
2025-10-15,250.68942260742188,251.7679591837619,245.65626715592245,246.91455220927548,27007700
2025-10-16,251.1188507080078,256.6113736152233,249.76069521164578,251.42842769264908,27997200
2025-10-17,252.9563446044922,253.87509458891947,247.4737875390444,250.4197821526697,29671600
2025-10-20,256.2019348144531,256.98087539491434,253.88509020638818,254.3444728441902,22350200
2025-10-21,250.12020874023438,254.53421031738455,243.81875668908756,254.39440086428343,47312100
2025-10-22,251.34854125976562,256.01218852739623,248.95178813355238,254.02489806023604,35029400
2025-10-23,252.73666381835938,254.69399627404513,251.50833675008087,252.63679338694976,19901400
2025-10-24,259.5673828125,261.32497431611404,254.9736174865258,256.23188733462473,28655100
2025-10-27,268.9046630859375,269.7735083332291,263.92144290721717,264.4607188078389,35235200
2025-10-28,267.1071472167969,270.3627344019799,266.1384619149823,269.3241367489819,29738600
2025-10-29,274.197509765625,274.96645416764926,267.3068768000952,267.38675485794886,43580300
2025-10-30,281.09814453125,291.1944142933695,279.6800575475708,291.1944142933695,74876000
2025-10-31,280.8085021972656,285.6119738650845,276.6541425566326,282.82575062167336,39267900
2025-11-03,283.3350830078125,285.14262497278366,279.42038779718166,281.797163766903,29786000
2025-11-04,277.1634521484375,280.88837191256465,275.8851900258856,276.374515458966,30078400
2025-11-05,283.92425537109375,286.0314084420774,276.96371081227676,278.49163374098424,31010300
2025-11-06,284.3636779785156,287.9587999323025,280.7585903155872,284.9428776795432,37173600
2025-11-07,278.45172119140625,283.3950181298404,274.8166751233446,282.8257840870045,34479600
2025-11-10,289.7064208984375,290.40545290698407,282.47622284552773,284.03413439651047,29557300
2025-11-11,290.914794921875,291.52398321941854,286.9302176656824,287.35962699643375,19842100
2025-11-12,286.3210144042969,291.613842224268,283.30512258449664,291.2842728658537,24829900
2025-11-13,278.19207763671875,282.45627365196606,276.8638649512614,281.9569519907634,29494000
2025-11-14,276.0350036621094,278.1820807042813,270.3327588398133,271.04178706348836,31647200
2025-11-17,284.63330078125,293.55120856159544,283.1852862901624,285.392279437324,52670200
2025-11-18,283.8943176269531,288.4081743957296,277.8225797399186,287.52939388700526,49158700
2025-11-19,292.4127502441406,303.39782684502376,286.2411417953812,286.77042153983126,68198900
2025-11-20,289.05731201171875,306.0042898345543,288.2783714658303,304.1268355762142,62025200
2025-11-21,299.25347900390625,303.50770955644725,293.4513634023398,296.0178842040454,74137700
2025-11-24,318.14776611328125,319.0465694557707,309.17996886834777,310.70789188393536,85165100
2025-11-25,323.0011901855469,328.3838617048627,317.2190369667809,325.767421144808,88632100
2025-11-26,319.5159606933594,324.0597758686898,316.36024396458464,320.2449508538883,51373400
2025-11-28,319.7456359863281,326.40660086319315,316.36025071335513,322.9313108653273,26018600
2025-12-01,314.46282958984375,319.41609223758667,313.464186206563,317.2690150587685,41183000
2025-12-02,315.38153076171875,317.948051296999,313.4841146313127,316.3102616947243,35854700
2025-12-03,319.19635009765625,321.1436861691208,313.6738540884245,315.4614340573081,41838300
2025-12-04,317.1890869140625,321.92264650582644,314.27306548179905,321.7928484740126,31240900
2025-12-05,320.8341064453125,322.72155681925386,318.73697999805336,319.05652267664885,28851700
2025-12-08,313.49932861328125,320.21460294317257,311.0010871288888,319.82486263347363,33909400
2025-12-09,316.85693359375,317.7662971049956,311.6805848338384,312.15025542764414,30194000
2025-12-10,319.9847412109375,321.0839735202244,314.45863248382005,315.6078174223929,33428900
2025-12-11,312.210205078125,320.8940942947929,308.3829128168011,319.85481737290655,42353700
2025-12-12,309.07244873046875,314.6485102459599,305.34506149685063,313.47935032153816,35940200
2025-12-15,308.003173828125,311.2009348824072,304.66552711937686,311.1009991314403,29151900
2025-12-16,306.3543395996094,310.5513666605185,302.37712849550337,304.7354841263937,30585000
2025-12-17,296.5112609863281,307.87325739956634,295.9116769824828,307.7933270972379,43930400
2025-12-18,302.2472229003906,303.7461677101471,299.0195145942255,301.50775321966603,33518000
2025-12-19,306.9439392089844,307.03387224107576,300.7582909786616,301.5177661333593,59943200
2025-12-22,309.56207275390625,309.9118326328777,305.0852133945127,309.66200850448513,26429900
2025-12-23,314.1288757324219,314.7184570357758,309.1024153195162,309.41219480947996,25478700
2025-12-24,313.8690490722656,314.8583428959372,311.70059264113144,314.5485634057752,10097400
2025-12-26,313.2894592285156,314.86833429915043,312.0603135401851,314.25877806497726,10899000
2025-12-29,313.33941650390625,313.79908436732376,310.4014822754237,311.15095467052413,19621800
2025-12-30,313.6292419433594,316.72706748217655,312.24020504037514,312.28018544302313,17380900
2025-12-31,312.7798156738281,314.3586907819443,311.22091551782626,312.62992729269524,16377700
2026-01-02,314.9283142089844,322.2731502440002,310.11169732658084,316.67708324131615,32009400
2026-01-05,316.3173522949219,318.79558832967825,314.4086921415047,317.4365596004392,30195600
2026-01-06,314.1188659667969,320.71422913013345,311.5606693028291,316.17741436833177,31212100
2026-01-07,321.7535095214844,325.9205589972494,313.96898096999803,314.13884430323384,35104400
2026-01-08,325.2110595703125,330.0876314322289,321.2738288701313,328.7385750407063,31896100
2026-01-09,328.3388671875,330.5972566011106,325.5707962902668,326.8598973489763,26214200
2026-01-12,331.62652587890625,333.80501545240315,324.77136644379436,325.57079145505844,33923900
2026-01-13,335.7336730957031,340.25048265726696,333.38532003422745,334.7144015630273,33517600
2026-01-14,335.603759765625,336.2832741209541,330.2475447349911,334.8243096530742,28525600
2026-01-15,332.5458984375,337.4524480652932,330.507324974913,337.4124676651339,28442400
2026-01-16,329.7678527832031,334.4145755186536,327.46948297740045,334.1747541117482,40341600
2026-01-20,321.77349853515625,327.49947891315526,320.20459558658575,320.6442885211675,35361000
2026-01-21,328.1490173339844,332.24613943011235,319.12537039479025,320.6942733516965,35386600
2026-01-22,330.3074951171875,334.9142376434696,328.5187457270175,334.2147483456718,26253600
2026-01-23,327.6993103027344,333.45526818914374,327.21966747627397,332.25610013077164,27280000
2026-01-26,333.02557373046875,335.60374537803585,326.7699676491338,327.5793954045391,26042100
2026-01-27,334.31463623046875,337.6722883721735,333.2454121385867,335.1340666902067,21636200
2026-01-28,335.7736511230469,337.30257365930305,331.7065067534381,335.82360375323316,27434400
2026-01-29,338.0120544433594,342.0492210013424,326.3103005061971,340.06060015063264,39785600
2026-01-30,337.7622375488281,339.76083067041884,332.0562627255977,339.76083067041884,31024000
2026-02-02,343.4482421875,344.5874244246442,335.3939142353609,335.983495554882,32006100
2026-02-03,339.47100830078125,348.7544814019383,337.2325938809106,347.09564553860224,36506700
2026-02-04,332.80572509765625,343.0684894885568,328.2888852617291,342.7187296036167,70618400
2026-02-05,331.0169677734375,332.45595718246585,306.24439883874277,312.0003564748562,88205800
2026-02-06,322.63287353515625,330.147603202773,319.694969697787,326.94984200428365,56380500
2026-02-09,324.09185791015625,327.4694850607409,317.03682684844796,320.70422803551696,39640100
2026-02-10,318.3558654785156,321.4437184993816,314.38865715458337,320.7441987510988,39170000
2026-02-11,310.7412414550781,320.8341425405983,309.44216816023624,318.7456164455411,45406400
2026-02-12,308.7826232910156,316.0175203045161,306.9839017615506,311.87044586439265,47761300
2026-02-13,305.50494384765625,308.41290048065196,303.4963480144474,307.5135396808651,38499700
2026-02-17,301.8075256347656,304.22583664461854,296.04159566157676,299.82893803190484,39247600
2026-02-18,303.1166076660156,305.1651838815364,301.0380842700908,301.87748970860525,28482100
2026-02-19,302.636962890625,305.25511494304027,299.828942056139,301.6076886754516,25834400
2026-02-20,314.7584228515625,316.2773425544253,303.68620054308417,304.1059184917761,53210800
2026-02-23,311.2708740234375,319.29522413676915,309.65201848441603,318.82555353627805,31423000
2026-02-24,310.6813049316406,312.05033638585,305.71479964031533,310.3015673465962,25615600
2026-02-25,312.67987060546875,313.4193707572093,309.22231323387047,311.84046520002283,29963600
2026-02-26,307.1637878417969,312.9197459051382,302.1373272609355,312.42009761480955,36431200
2026-02-27,311.54071044921875,312.1502667227519,303.5862877430576,303.92607541564644,44640600
2026-03-02,306.3043518066406,308.27296712894787,301.088022863519,303.0166882830762,34790200
2026-03-03,303.3664245605469,303.72618716624237,296.5012623376298,298.37994467731505,35497000
2026-03-04,302.9167785644531,305.2551289128473,300.5384478137644,302.6769571429086,29536200
2026-03-05,300.6683349609375,303.08661540637286,297.78035344585857,302.82681905445145,35752300
2026-03-06,298.30999755859375,300.31859339921897,294.97235071392555,295.88171424137005,25576900
2026-03-09,306.3599853515625,306.79998779296875,294.0799865722656,294.3599853515625,29312100
2026-03-10,307.0400085449219,309.510009765625,305.57000732421875,306.1700134277344,23239700
2026-03-11,308.70001220703125,311.4200134277344,305.9200134277344,306.75,24125700
2026-03-12,303.54998779296875,308.94000244140625,301.0299987792969,306.82000732421875,24928300
2026-03-13,302.2799987792969,307.69000244140625,300.44000244140625,307.010009765625,23693100
2026-03-16,305.55999755859375,306.489990234375,303.0199890136719,304.3500061035156,23519700
2026-03-17,310.9200134277344,311.4200134277344,305.5,305.8599853515625,21955200
2026-03-18,307.69000244140625,312.4700012207031,306.92999267578125,309.2699890136719,20009800
2026-03-19,307.1300048828125,308.05999755859375,302.3500061035156,304.010009765625,25075800
2026-03-20,301.0,306.0,298.2699890136719,305.4599914550781,44364100
2026-03-23,302.05999755859375,305.9800109863281,300.92999267578125,302.1099853515625,29326900
2026-03-24,290.44000244140625,299.9200134277344,290.3299865722656,299.20001220703125,36864300
2026-03-25,290.92999267578125,296.0,289.239990234375,293.44000244140625,29460700
2026-03-26,280.9200134277344,287.95001220703125,278.5,287.9100036621094,39080600
2026-03-27,274.3399963378906,279.3699951171875,273.95001220703125,277.2799987792969,35890600
2026-03-30,273.5,277.0899963378906,272.1099853515625,276.4200134277344,35141200
2026-03-31,287.55999755859375,288.0799865722656,277.0899963378906,278.0400085449219,43875400
2026-04-01,297.3900146484375,300.5199890136719,290.4100036621094,290.8399963378906,37643200
