Price,Close,High,Low,Open,Volume
Ticker,INFY,INFY,INFY,INFY,INFY
Date,,,,,
2000-01-03,3.5884478092193604,3.6747261006025553,3.398878902293411,3.665004602981914,5331200
2000-01-04,3.616396427154541,3.9080413003121652,3.465713539366275,3.5097634737297776,5056000
2000-01-05,3.587233066558838,3.643131981481273,3.315031099448682,3.4073856349662277,6054400
2000-01-06,3.2080934047698975,3.5483457355788257,3.2080934047698975,3.4833332366564056,4704000
2000-01-07,3.4316887855529785,3.431688785552979,2.9261708907972994,3.07685440610297,7884800
2000-01-10,3.480297088623047,3.6382711709690976,3.4511325878803953,3.6163980920887524,3532800
2000-01-11,3.276143789291382,3.3861182006158885,3.2038401707962643,3.3855103105066755,8512000
2000-01-12,3.2178146839141846,3.4511305522342464,3.0525492771874743,3.3441941125875516,3968000
2000-01-13,3.091435432434082,3.3247513141272202,3.0331064620107973,3.3247513141272202,2560000
2000-01-14,2.898221731185913,3.2785750621240792,2.8897151233486107,3.1734616566004243,7091200
2000-01-18,2.996650457382202,3.013663369856253,2.5859176012314946,2.7317400223535713,10982400
2000-01-19,2.9529051780700684,3.071993226404439,2.9042976903105044,2.9747782508853113,2316800
2000-01-20,2.8751327991485596,3.0428283119991497,2.845968310535149,2.9480434273290457,4780800
2000-01-21,2.950474739074707,3.042828667119017,2.8192342283211342,2.8629812630233613,7692800
2000-01-24,3.091435432434082,3.1072331586002067,2.9650559965169654,2.98449898665806,6758400
2000-01-25,3.04282808303833,3.1011570558761257,2.991790528481757,3.0112335194276887,2048000
2000-01-26,3.1497645378112793,3.1643470777183853,3.048904318809407,3.1060181047959543,3366400
2000-01-27,3.389155626296997,3.402522381834941,3.071991636170975,3.110877606249089,6528000
2000-01-28,3.2858660221099854,3.4620681571713567,3.2652078407579626,3.3928024902851623,4192000
2000-01-31,3.1582717895507812,3.300449000185598,2.9808547406042765,3.256701960752633,2163200
2000-02-01,3.1206014156341553,3.1880440233842005,3.096297962967838,3.1874367263272547,2144000
2000-02-02,3.261563777923584,3.300449780680626,3.1400447226311696,3.178930725388212,2912000
2000-02-03,3.4025232791900635,3.4025232791900635,3.1922956513350487,3.3150298234394615,3072000
2000-02-04,3.694169044494629,3.791384019349751,3.421967114900288,3.4657141502616517,5427200
2000-02-07,3.9839911460876465,3.99796579961572,3.6455617899321866,3.7184733224074082,3852800
2000-02-08,3.9858145713806152,4.502269203343043,3.849713586016399,4.14075066429274,6668800
2000-02-09,4.335787296295166,4.357660366023723,3.8794848660213392,3.8794848660213392,4153600
2000-02-10,5.137810230255127,5.137810230255127,4.219128443548838,4.292039946046991,11756800
2000-02-11,6.514010429382324,6.620339300303124,5.196140616865585,5.196140616865585,23667200
2000-02-14,5.278771877288818,6.1634279377552685,5.055177488379716,6.037048500545776,30592000
2000-02-15,4.802420616149902,5.2374577063780565,4.6480918159851665,5.235027924925537,8041600
2000-02-16,5.638470649719238,5.930115683325406,4.957965571304848,4.959180758944873,12278400
2000-02-17,5.796443462371826,6.416188989795229,5.670063982269799,6.271581700063101,11251200
2000-02-18,5.6967973709106445,6.007885281950133,5.442823256038562,5.920391806970278,5030400
2000-02-22,5.4829230308532715,5.774567872919935,5.191278188786608,5.4829230308532715,5139200
2000-02-23,5.524240016937256,5.831682323203231,5.25568369407251,5.541252634675294,5334400
2000-02-24,5.390569686889648,5.910669087232272,5.264190249169221,5.842618620767427,8284800
2000-02-25,5.3079376220703125,5.385709601880866,5.132950667496566,5.255684573135096,4835200
2000-02-28,5.21072244644165,5.345608218725937,5.113507475425948,5.152393463832229,2112000
2000-02-29,5.254470348358154,5.458621809699699,5.191280016970707,5.376596075628955,3084800
2000-03-01,5.5023674964904785,5.648189956644821,5.424595517741497,5.580139475239461,7129600
2000-03-02,5.876645565032959,5.930113205499949,5.546114665054274,5.81345524080159,7456000
2000-03-03,6.38702392578125,6.489100243975629,6.032189856590973,6.085657500059456,5286400
2000-03-06,6.707830905914307,7.096690668576006,6.425907577984575,6.513401024583457,4041600
2000-03-07,6.513401985168457,7.2911216251885715,6.408895908540755,7.2911216251885715,9091200
2000-03-08,6.610620021820068,6.7272780222051285,6.124545020215652,6.649506021948422,5206400
2000-03-09,6.610620021820068,6.803834834957825,6.406468521146214,6.513405021499185,2601600
2000-03-10,6.416186809539795,6.688388674186937,6.2241872800119,6.610616712859183,1161600
2000-03-13,5.7745680809021,6.202313864672625,5.543682572616873,6.124541903987075,7977600
2000-03-14,5.50479793548584,5.794012484855736,5.4464689507389705,5.480494191841311,2710400
2000-03-15,5.230166912078857,5.619026905541969,5.210723912405702,5.550976406685924,2848000
2000-03-16,4.996848106384277,5.230163971273815,4.860747185198713,5.055177072606662,4393600
2000-03-17,5.674620151519775,5.828038121419662,5.062469629258822,5.132950483434773,5606400
2000-03-20,5.803733825683594,5.968999278006242,5.571633080142227,5.7927971413387125,4451200
2000-03-21,5.541252136230469,5.8833272406929416,5.11350635729338,5.832896985505757,5952000
2000-03-22,5.7745680809021,5.968997982615975,5.57041668410253,5.832897051416262,2953600
2000-03-23,5.346823215484619,5.733252711512826,5.337101718729192,5.6773541051691225,4624000
2000-03-24,5.186418533325195,5.431885705640974,5.064899244096551,5.385708601208233,14224000
2000-03-27,4.987128257751465,5.191279706899186,4.959178952213384,5.191279706899186,6044800
2000-03-28,5.2690510749816895,5.414873521706275,4.909355706394378,4.965861607823628,3315200
2000-03-29,4.860749244689941,5.405153160095215,4.855888792121841,5.230166187286377,5276800
2000-03-30,4.335787296295166,4.919077067097207,4.289609892763486,4.510774227535778,5670400
2000-03-31,3.752498149871826,4.355231013322741,3.499739207134345,4.352800935549911,12457600
2000-04-03,3.120903491973877,3.628547824771966,3.013663543600863,3.628547824771966,14569600
2000-04-04,3.271285057067871,3.562930057994281,2.5494630864217322,3.558069011302204,12726400
2000-04-05,3.8302688598632812,4.226420060193123,3.013663316136084,3.110878261817893,10288000
2000-04-06,4.821861743927002,4.860747725732865,4.219129025936127,4.219129025936127,13907200
2000-04-07,5.382975101470947,5.521810228812909,5.152393347307821,5.307937297415227,11254400
2000-04-10,4.71127986907959,5.532745910020977,4.659026239458023,5.444037267053366,11523200
2000-04-11,4.44515323638916,4.728291774717288,3.9858129000697913,4.277457746416362,18220800
2000-04-12,4.181458950042725,4.37467370536292,4.0635857974260015,4.372243627758711,10441600
2000-04-13,4.098825454711914,4.471887513065648,3.9129018706089127,4.005255772571841,12812800
2000-04-14,3.360902786254883,3.752497051465987,3.305308283674704,3.7500669744044726,15849600
2000-04-17,3.4098145961761475,3.5969530743118407,2.838676480267723,2.955334417812972,14486400
2000-04-18,3.793813705444336,3.8715856773007533,3.3077388813417268,3.694168663179829,12931200
2000-04-19,3.5386240482330322,3.8108258980971113,3.5191810589570265,3.8108258980971113,8419200
2000-04-20,3.5580685138702393,3.839991975351761,3.4073855811342972,3.839991975351761,5020800
2000-04-24,3.188650369644165,3.4025232602910296,3.1108784094089414,3.3441942901146122,5024000
2000-04-25,3.5775105953216553,3.5969535876875343,3.2494098024709355,3.3053087021993557,6595200
2000-04-26,3.6358394622802734,3.8885983553799712,3.6176116574894297,3.6941684376109727,10374400
2000-04-27,3.859433650970459,3.927484118367923,3.2080934630233036,3.3639408885561806,7843200
2000-04-28,3.9469268321990967,4.0927492521079305,3.869154874914386,3.869154874914386,4262400
2000-05-01,4.063586711883545,4.170523204301533,3.9858147173977354,4.117055254769154,3609600
2000-05-02,3.713610887527466,3.9858127326865467,3.6941678985875313,3.915635694481471,3280000
2000-05-03,3.5580685138702393,3.660144546600489,3.4049546131131625,3.533157173523812,4521600
2000-05-04,3.8326988220214844,3.9274836878984654,3.528902422542433,3.5580669053733622,6851200
2000-05-05,3.92262601852417,4.102473493481151,3.8254110068303038,3.906828282447245,2896000
2000-05-08,3.6917378902435303,3.7913829137357538,3.6552819886272907,3.656497175458616,2470400
2000-05-09,3.793813705444336,3.869155599856769,3.695383850240086,3.7427761455900903,2569600
2000-05-10,3.7913849353790283,3.820549434881944,3.3393354897604675,3.712397749225299,6688000
2000-05-11,3.596954345703125,3.849713299725507,3.596954345703125,3.694169328019426,2809600
2000-05-12,3.4815754890441895,3.724702269005376,3.464556317661286,3.6371766282193487,3724800
2000-05-15,3.496162176132202,3.588550023585332,3.364873463849661,3.5581591866647244,3696000
2000-05-16,3.6906633377075195,3.753875978381816,3.5642374627879247,3.6079999688592066,4035200
2000-05-17,3.5618069171905518,3.6566266551673365,3.530200733579104,3.6286670763545543,2460800
2000-05-18,3.442676067352295,3.622590226414875,3.4037757728059415,3.6128651527782867,5820800
2000-05-19,3.155784845352173,3.3454233735190395,3.120531177261401,3.3065231017339345,6771200
2000-05-22,2.8676798343658447,3.1460602422449995,2.6914132485812323,3.137550806534715,9836800
2000-05-23,2.742469549179077,3.041515727657039,2.724235044197833,2.8202701037657176,6272000
2000-05-24,2.792311191558838,2.8579554250565207,2.543106527844009,2.7716454143466045,8480000
2000-05-25,2.9077963829040527,3.036653283688586,2.8397208823009477,2.878621168359865,7846400
2000-05-26,2.684119939804077,2.878621384717416,2.6063193618387417,2.878621384717416,6044800
2000-05-30,2.995321750640869,3.0427314699083183,2.776507958499785,2.9150902148200197,9132800
2000-05-31,2.9855973720550537,3.0731230279133452,2.917521861943049,3.0439478092939147,8537600
2000-06-01,3.112022876739502,3.1898234486579895,3.002616119264758,3.002616119264758,4531200
2000-06-02,3.6177258491516113,3.791561466231141,3.3904026466793327,3.440243627800037,10102400
2000-06-05,3.741720676422119,3.8511274082809037,3.6906640630547587,3.8316772698552426,2928000
2000-06-06,3.6614904403686523,3.888813734834629,3.617727313181574,3.8374528940361987,3142400
2000-06-07,3.627450466156006,3.7344262171686498,3.598275261334376,3.656625670977636,2361600
2000-06-08,3.6566274166107178,3.8511288749410753,3.593414739439024,3.7538781457758965,2332800
2000-06-09,3.6955275535583496,3.8268163292204247,3.6663523360302577,3.7927782786519906,2332800
2000-06-12,3.6760778427124023,3.753878431976157,3.6371775480805253,3.753878431976157,1468800
2000-06-13,3.5970590114593506,3.627449844607875,3.47184877888743,3.589765211503705,2534400
2000-06-14,3.5447885990142822,3.6566266162907595,3.4815753421066273,3.589766754623209,2086400
2000-06-15,3.4815754890441895,3.6359609943195426,3.4815754890441895,3.5703167637300224,2819200
2000-06-16,3.423225164413452,3.588551379740238,3.423225164413452,3.5204758793115616,2006400
2000-06-19,3.6177258491516113,3.637175988125545,3.442674598386211,3.460909103674273,2179200
2000-06-20,3.766033411026001,3.8316779364177536,3.6031390669449452,3.637176518325482,3865600
2000-06-21,3.7927775382995605,3.8268155822237486,3.685801761578291,3.7344271146334136,1504000
2000-06-22,3.6043553352355957,3.812228465625291,3.588551795448297,3.811012831548242,2038400
2000-06-23,3.4803600311279297,3.61772666875191,3.444194623994388,3.580042015952411,1942400
2000-06-26,3.4110684394836426,3.6031385629855297,3.3089546156963103,3.4536153219548202,2476800
2000-06-27,3.3600122928619385,3.477928777528872,3.3563650944886905,3.403774815127973,1926400
2000-06-28,3.5885519981384277,3.600708042809856,3.389188295027529,3.395266168970403,2515200
2000-06-29,3.4524006843566895,3.5849050919151892,3.36973786616479,3.583689457871402,2422400
2000-06-30,3.447538375854492,3.5192604862144923,3.325974677127064,3.384325110059118,908800
2000-07-03,3.535064697265625,3.603140215294124,3.486439327245268,3.5374959657666425,1235200
2000-07-05,3.442676067352295,3.577611464059959,3.43416662792028,3.5496518773547674,2953600
2000-07-06,3.5204782485961914,3.578828716804968,3.418365226016661,3.418365226016661,2092800
2000-07-07,3.5204782485961914,3.635963550259395,3.5204782485961914,3.5836915526081947,1292800
2000-07-10,3.539926290512085,3.578826579418811,3.502241635633694,3.5423572617831036,774400
2000-07-11,3.432950496673584,3.598276724558714,3.384325135530899,3.5885516523301773,3209600
2000-07-12,3.4122824668884277,3.549649021487071,3.4062040039702883,3.530198889862484,1651200
2000-07-13,3.2469584941864014,3.411069385024904,3.150923405814733,3.4086381169648616,7129600
2000-07-14,3.1411972045898438,3.2287228232935856,3.0244963796515214,3.2287228232935856,5286400
2000-07-17,3.155784845352173,3.1898222863786194,3.073121471023304,3.1533529847945623,2979200
2000-07-18,2.9758713245391846,3.092572160795623,2.921167510758405,3.0834552047486627,3408000
2000-07-19,2.8895621299743652,2.956422002565274,2.8105459169123823,2.922384546031922,3459200
2000-07-20,3.0390849113464355,3.0536722207107205,2.898071088445206,2.9163055961325712,2540800
2000-07-21,2.8783175945281982,3.0244972808715027,2.8214864103306905,3.0196350418357993,3772800
2000-07-24,2.5285186767578125,2.742470257098858,2.5187936049241286,2.733960819244385,9241600
2000-07-25,2.5965945720672607,2.70357037840711,2.582007258897511,2.6476509101255954,7795200
2000-07-26,2.3656232357025146,2.5260873431114246,2.334016905171121,2.5163622726732116,9292800
2000-07-27,2.5382437705993652,2.5868691301893914,2.411817835665297,2.4312679795013077,3628800
2000-07-28,2.5285186767578125,2.6452195387620194,2.477462198023792,2.6452195387620194,3888000
2000-07-31,2.585653781890869,2.5868694160149364,2.5090688320746373,2.5187939050671746,5424000
2000-08-01,2.3461732864379883,2.56620317146519,2.334017095790225,2.5285185204394103,4867200
2000-08-02,2.047128200531006,2.35103658891746,2.0374031273540685,2.35103658891746,7792000
2000-08-03,2.0738718509674072,2.0738718509674072,1.8769392538172556,1.9644649185030343,12217600
2000-08-04,2.2513539791107178,2.3097043985230323,2.1030462179260474,2.1054779305799314,5836800
2000-08-07,2.2586476802825928,2.298763451344187,2.2124540363923204,2.21610078976809,2761600
2000-08-08,2.6354944705963135,2.761920404610159,2.402092746263061,2.415464423267347,15318400
2000-08-09,2.5066373348236084,2.793526334354695,2.4215426672025644,2.7449009795915913,9824000
2000-08-10,2.410602331161499,2.5273030448694325,2.372917529381978,2.470168247799272,2966400
2000-08-11,2.4823246002197266,2.59659435016475,2.3631926108240986,2.4118179731867344,3641600
2000-08-14,2.6719634532928467,2.7108637358261642,2.4725990601311905,2.477461892233458,6672000
2000-08-15,2.710864305496216,2.7619206402647403,2.634279061379266,2.723020349556786,3836800
2000-08-16,2.7619199752807617,2.815408158911582,2.703569553267788,2.7619199752807617,2739200
2000-08-17,2.7278828620910645,2.7412545386647746,2.6683162053736513,2.7169415630439797,1555200
2000-08-18,2.8494458198547363,2.873758794284164,2.736999685752107,2.7424700382219647,2396800
2000-08-21,3.2846434116363525,3.289505354134412,2.8202709202271032,2.8202709202271032,8028800
2000-08-22,2.995321750640869,3.2870738692097854,2.9272462563081225,3.2676237279718574,6406400
2000-08-23,2.953991651535034,3.033007584403104,2.927247400097264,2.929678371916278,3884800
2000-08-24,3.0658273696899414,3.1120217391662104,3.0147710598172663,3.0585341623098117,1744000
2000-08-25,3.07312273979187,3.1010823216807992,3.01477230802367,3.07312273979187,1443200
2000-08-28,2.9567246437072754,3.0439466547411063,2.9394018642224267,3.0244965163721536,1769600
2000-08-29,2.8494458198547363,2.9953218857176065,2.8275647067609215,2.994106251835416,2144000
2000-08-30,2.799605369567871,2.958853142002081,2.781370857825136,2.9564221705553897,2966400
2000-08-31,3.0345263481140137,3.1448451435169766,2.899287350259689,2.946697080515508,7590400
2000-09-01,3.1314737796783447,3.1655118349388105,3.053673188878883,3.109592660301697,4089600
2000-09-05,3.0281434059143066,3.1898229931290727,3.0159873650736393,3.1047283329597075,3065600
2000-09-06,2.9369723796844482,3.0877113250963455,2.917522231474617,3.0877113250963455,1123200
2000-09-07,3.0342230796813965,3.053673227628072,2.919953163708972,2.9855977098147073,2771200
2000-09-08,3.036653518676758,3.053672691930174,2.946696896989945,3.053672691930174,2083200
2000-09-11,3.0244967937469482,3.1484917340060825,2.956421303212451,2.9758714433651643,5180800
2000-09-12,3.0536718368530273,3.131472393205971,3.034221697764792,3.0561028074534873,1916800
2000-09-13,3.0828468799591064,3.0974347802775895,2.956420982673717,2.980733952014153,1193600
2000-09-14,2.9466969966888428,3.1849615720846596,2.927246851496177,3.1849615720846596,4192000
2000-09-15,2.7619199752807617,2.956421381990675,2.723019693938779,2.956421381990675,4044800
2000-09-18,2.5212244987487793,2.798996854476654,2.4713836555230264,2.730314130329644,5056000
2000-09-19,2.6160449981689453,2.654945295539487,2.4920500035146267,2.569850598255711,3126400
2000-09-20,2.535813093185425,2.651298335590974,2.490834333568113,2.645219868152374,2224000
2000-09-21,2.5382437705993652,2.552831675262015,2.4750310999179734,2.487187291422659,5094400
2000-09-22,2.4701685905456543,2.4993438101190284,2.353467712252159,2.431268297781156,4096000
2000-09-25,2.594162940979004,2.6768254494720556,2.530949387005698,2.5795747411611507,2380800
2000-09-26,2.494481325149536,2.5576939978935735,2.4604432755402055,2.5431066863262197,1817600
2000-09-27,2.555262565612793,2.6500820028004815,2.4993431135626607,2.535812424651216,2163200
2000-09-28,2.577144145965576,2.6087503339889357,2.4750311841374977,2.509068640223089,4656000
2000-09-29,2.567418336868286,2.6452188925309614,2.5042056821779295,2.5358121579158914,5174400
2000-10-02,2.4701685905456543,2.58686946883915,2.4409933709722806,2.5333818630736453,1753600
2000-10-03,2.312135934829712,2.543106535074795,2.285391839380317,2.4896183441760047,3836800
2000-10-04,2.316997528076172,2.3729168229104856,2.183278275242125,2.2939007861141314,3027200
2000-10-05,2.352252721786499,2.3729183582761553,2.256217455410115,2.2756676058877883,2649600
2000-10-06,2.2999796867370605,2.3668389591527674,2.236766425745581,2.3534672827410024,5625600
2000-10-09,2.3388800621032715,2.3388800621032715,2.1589659372162773,2.2659417268981645,3020800
2000-10-10,2.2173166275024414,2.3631927214170756,2.2173166275024414,2.297548330762654,1958400
2000-10-11,2.0568532943725586,2.2173167066184756,2.051990460949554,2.178416413519906,8643200
2000-10-12,2.183279275894165,2.237982368610891,2.100615855177867,2.1541040556833613,5017600
2000-10-13,2.295116424560547,2.299979256143916,2.100615032648636,2.1030461516547496,7424000
2000-10-16,2.2805299758911133,2.3242925087684343,2.2367668494424264,2.295117288993098,2512000
2000-10-17,2.1978657245635986,2.2635100926059604,2.1443781386717364,2.241628834448887,5888000
2000-10-18,2.144378423690796,2.1784158749512996,2.044696002091618,2.1030464273135276,5747200
2000-10-19,2.4677376747131348,2.5090690908005233,2.1990822088058617,2.1990822088058617,4787200
2000-10-20,2.4701685905456543,2.5759287614991346,2.382642931825533,2.490834371076794,2137600
2000-10-23,2.314566135406494,2.4580110337876797,2.3048410676106683,2.4446386203901453,2899200
2000-10-24,2.4385616779327393,2.5090682936043986,2.3267230657345292,2.3267230657345292,3561600
2000-10-25,2.387505531311035,2.528518781982076,2.3413112897858444,2.3437424094526165,2694400
2000-10-26,2.427621603012085,2.4701684998758515,2.3242924073634983,2.419112015889363,1638400
2000-10-27,2.5139312744140625,2.5382436563289024,2.440992941527029,2.4677370364903584,1692800
2000-10-30,2.4519338607788086,2.509068812558391,2.411818083389461,2.482324713644099,1145600
2000-10-31,2.674394130706787,2.675305855978619,2.4507175306840376,2.5090679480812765,5056000
2000-11-01,2.7959578037261963,2.817839210302253,2.596593580358772,2.6841192066630004,4560000
2000-11-02,2.7898800373077393,2.8640340082876206,2.6841198790307135,2.820270887387344,4480000
2000-11-03,2.7254507541656494,2.820270489833589,2.699923037268535,2.800820348524392,1830400
2000-11-06,2.6816885471343994,2.742469942333128,2.6646693765931806,2.6865504889219354,3593600
2000-11-07,2.662760019302368,2.723553323427988,2.631147346798293,2.6773498898475085,1964800
2000-11-08,2.618988275527954,2.7199062561732035,2.618988275527954,2.667623160808766,2140800
2000-11-09,2.6165566444396973,2.6457375735598423,2.5618421054956633,2.592239500350004,1081600
2000-11-10,2.4876749515533447,2.6019670997281223,2.4876749515533447,2.55819539872362,1344000
2000-11-13,2.3660874366760254,2.402563755474581,2.293135392766583,2.3539288616390635,4947200
2000-11-14,2.4852428436279297,2.4998330118337715,2.4317441749355755,2.469436358068963,2252800
2000-11-15,2.480379104614258,2.524150797421816,2.414721862246698,2.4499824502835206,1254400
2000-11-16,2.409857988357544,2.4879776008922403,2.4025626093405337,2.4025626093405337,972800
2000-11-17,2.4317445755004883,2.5046972096093234,2.397700448287302,2.5046972096093234,1872000
2000-11-20,2.4463353157043457,2.4609254861698355,2.3782464682609112,2.3782464682609112,2457600
2000-11-21,2.604398012161255,2.633578938943524,2.431743898522425,2.46822020542213,4432000
2000-11-22,2.558195114135742,2.577649069376318,2.480379293173438,2.480379293173438,6739200
2000-11-24,2.6116933822631836,2.636010525693354,2.564274373729032,2.634794653679658,2243200
2000-11-27,2.558195114135742,2.6311477431317014,2.529014181274878,2.6311477431317014,3388800
2000-11-28,2.4317445755004883,2.548468315124512,2.429312979346898,2.529014358520508,1859200
2000-11-29,2.470651865005493,2.49010581669845,2.434175557159327,2.451197913312537,3132800
2000-11-30,2.332043409347534,2.4025638600568335,2.1788433386750232,2.4025638600568335,7027200
2000-12-01,2.4086430072784424,2.587375915095887,2.3052935784876887,2.3052935784876887,3702400
2000-12-04,2.278543710708618,2.41228976334838,2.2593941742338997,2.3928358136439574,2601600
2000-12-05,2.587376117706299,2.597103095592413,2.3344746926673374,2.363655626325679,3644800
2000-12-06,2.451197862625122,2.63601039988654,2.402562984398433,2.5101679493187214,2912000
2000-12-07,2.3612239360809326,2.4220173970220378,2.3369061954919355,2.3636555320335546,4323200
2000-12-08,2.4402554035186768,2.4901060101834736,2.4317441505697985,2.4317441505697985,5712000
2000-12-11,2.6943726539611816,2.752734516501857,2.3940520878820646,2.4122903183479174,4976000
2000-12-12,2.6506011486053467,2.7186899778249107,2.6262834127546215,2.684645266371391,7993600
2000-12-13,2.626284122467041,2.694372970086557,2.6043987182903003,2.694372970086557,4819200
2000-12-14,2.5557639598846436,2.636011237617734,2.533878257727301,2.6068303014079435,4892800
2000-12-15,2.4025633335113525,2.5484679893926088,2.3344744941000997,2.507128633736702,5337600
2000-12-18,2.334474563598633,2.5095601558685305,2.310157417071605,2.431744337081909,3750400
2000-12-19,2.268817186355591,2.390404692994514,2.268817186355591,2.2955665209324105,2761600
2000-12-20,2.159388780593872,2.159388780593872,2.0523920392130948,2.119265150997963,9964800
2000-12-21,2.0426642894744873,2.1156168823708,1.9915978306594515,2.0864359639497363,3568000
2000-12-22,1.9064877033233643,2.0791417126329734,1.7897639663851992,2.0791417126329734,8268800
2000-12-26,1.8493412733078003,1.9162143856975558,1.7520715075363509,1.8116492390713637,3468800
2000-12-27,1.9064877033233643,1.9259416594797252,1.7897639663851992,1.7897639663851992,2240000
2000-12-28,1.818945288658142,1.9259420703439152,1.7897643481983858,1.8675801894244026,7264000
2000-12-29,1.7946274280548096,1.8383985246552217,1.770309690408732,1.8189445720133675,2643200
2001-01-02,1.6997886896133423,1.8140807714200093,1.6876301217176366,1.7921946367829547,4483200
2001-01-03,2.013484239578247,2.120480986608975,1.675471640309284,1.6839827451867282,5856000
2001-01-04,1.9259413480758667,2.0159157323292454,1.8870334420541321,1.987950526454241,3811200
2001-01-05,1.8432624340057373,1.974576326352915,1.8286716716962956,1.959986157731033,7414400
2001-01-08,1.8064817190170288,1.8408302550869546,1.7228906585609585,1.8383986592505774,4326400
2001-01-09,1.887033462524414,1.9235097732373632,1.7715254668474916,1.8675795093025132,2934400
2001-01-10,1.8432624340057373,1.8991921063584383,1.7873321679654768,1.8286716716962956,4118400
2001-01-11,1.9077041149139404,2.0037582064866566,1.7994915932040365,1.8627172703497203,3251200
2001-01-12,1.9648493528366089,1.9721447340041796,1.8870335368826838,1.9648493528366089,2668800
2001-01-16,2.197080612182617,2.237204235373434,1.9642407043768164,1.9830871635816798,5491200
2001-01-17,2.199512243270874,2.276112325731796,2.1399346652179276,2.237204422727834,3840000
2001-01-18,2.2821922302246094,2.373382340947997,2.217750712033374,2.217750712033374,5593600
2001-01-19,2.4280967712402344,2.555763335993179,2.2955664214624645,2.3733822323594973,6627200
2001-01-22,2.3393380641937256,2.4147216841961274,2.3150203269409273,2.392836136249866,2710400
2001-01-23,2.3369059562683105,2.4025631960810725,2.3211000647176356,2.4025631960810725,2227200
2001-01-24,2.329610824584961,2.3709503201835607,2.2800638969326954,2.2800638969326954,1491200
2001-01-25,2.285839796066284,2.329611493260296,2.2663858403550816,2.276416637846767,2009600
2001-01-26,2.291919469833374,2.315020745555508,2.2031607962905424,2.2350771457549437,3702400
2001-01-29,2.373382329940796,2.391620559791531,2.2372046552720617,2.310157277831228,2576000
2001-01-30,2.392836809158325,2.4171545532497074,2.3539288935622547,2.3782466376536373,3136000
2001-01-31,2.351496934890747,2.392836440419182,2.3356902997718274,2.392836440419182,2892800
2001-02-01,2.3563599586486816,2.3928362697187184,2.268817168293119,2.377029635727415,2643200
2001-02-02,2.242068290710449,2.383109147493885,2.2372045058105856,2.363655195269445,1446400
2001-02-05,2.220181465148926,2.2514901598638475,2.125343922540093,2.222613653693248,2857600
2001-02-06,2.23720383644104,2.356359109742698,2.2080229168352874,2.254226187966228,1577600
2001-02-07,2.105890989303589,2.235989168880068,2.0961640115093174,2.235989168880068,4563200
2001-02-08,2.1314234733581543,2.198296581961377,2.110753797723977,2.14479851066005,1308800
2001-02-09,2.161820650100708,2.1885699872557347,2.110754165486642,2.1302081209289154,1302400
2001-02-12,2.2761123180389404,2.2761123180389404,2.1399346579853287,2.1447984426881277,1251200
2001-02-13,2.199512243270874,2.276112325731796,2.1788425682218904,2.2299090424927197,860800
2001-02-14,2.1156179904937744,2.198297005815597,2.028075189377224,2.164252880002969,2950400
2001-02-15,2.105890989303589,2.2372048926824495,2.091300225768377,2.1399351147397345,5264000
2001-02-16,2.1113619804382324,2.178842578175251,2.017131308732563,2.042664917039298,7369600
2001-02-20,2.040233612060547,2.120481025378911,2.023211253572539,2.088868497963733,3968000
2001-02-21,1.7703098058700562,1.9843032988873155,1.6876307985935304,1.9648493449766555,15465600
2001-02-22,1.763013482093811,1.8627153878435734,1.753286510339242,1.770308859331548,4355200
2001-02-23,1.9453957080841064,1.994030600786209,1.7289705839816634,1.749640413380057,5606400
2001-02-26,1.9113519191741943,2.0232118953929024,1.9113519191741943,1.949043374018393,4256000
2001-02-27,1.855420470237732,1.9308046684319151,1.8092171945360662,1.9137823152227664,4387200
2001-02-28,1.7897635698318481,1.963633412877332,1.7642299611902275,1.963633412877332,13724800
2001-03-01,1.7581512928009033,1.8080020513897963,1.6779038786162872,1.7508559114147804,7500800
2001-03-02,1.4201382398605347,1.6353473966230312,1.3873099986252633,1.6341316732641769,15078400
2001-03-05,1.4785006046295166,1.5368624706017344,1.428649992533481,1.5161927914918076,6144000
2001-03-06,1.5368621349334717,1.6475061848294081,1.5174081838583644,1.592792392696273,6732800
2001-03-07,1.5380781888961792,1.6110309663666886,1.512545317890195,1.5757703756238974,5523200
2001-03-08,1.4201382398605347,1.556315879299216,1.4091955422560603,1.556315879299216,4412800
2001-03-09,1.298551321029663,1.3873099584506146,1.2645066153121856,1.3873099584506146,5804800
2001-03-12,1.2888247966766357,1.3034149658686878,1.2061451922963977,1.219519563529744,6435200
2001-03-13,1.270586609840393,1.2839609057650114,1.2426214038118852,1.2645069526473598,4310400
2001-03-14,1.283961296081543,1.4201390093023125,1.189123097380864,1.2255994189869273,4684800
2001-03-15,1.3812307119369507,1.4541833351154247,1.3718075546968311,1.4006846656262035,6905600
2001-03-16,1.3812307119369507,1.4274340003708141,1.3423228045584452,1.3629924819313883,7910400
2001-03-19,1.3131420612335205,1.3629926762473286,1.2328946392467144,1.3240847633218908,12390400
2001-03-20,1.249916434288025,1.400684231844242,1.249916434288025,1.3301638199822592,4544000
2001-03-21,1.225598931312561,1.3411069155228168,1.225598931312561,1.3094943930973386,3116800
2001-03-22,1.3228684663772583,1.3593447673646524,1.169668477180106,1.2718020012073339,4844800
2001-03-23,1.3277324438095093,1.4006844627331267,1.2645068066340728,1.3593449655534946,7702400
2001-03-26,1.3034147024154663,1.3873101620079544,1.2876080705610997,1.342322603980107,2172800
2001-03-27,1.4930917024612427,1.5247042385230647,1.3520501979206203,1.3617771777617758,8972800
2001-03-28,1.4420244693756104,1.4663422133998447,1.383662596142658,1.4116276604001143,15843200
2001-03-29,1.3423229455947876,1.4712052539057168,1.3228689898615298,1.4104117906611897,4598400
2001-03-30,1.2742339372634888,1.3411070499501556,1.2389734243819586,1.335027392718679,14678400
2001-04-02,1.2061450481414795,1.2912562382668893,1.1866910957521009,1.2912562382668893,4025600
2001-04-03,1.11860191822052,1.1964177038358605,1.0942847820593908,1.1891223255125902,7392000
2001-04-04,1.0882058143615723,1.1380565059005308,1.0505136977543361,1.0845584199883547,4771200
2001-04-05,1.2645072937011719,1.293688231248122,1.1477835435133714,1.1526473299483768,13507200
2001-04-06,1.1711888313293457,1.2401896359254618,1.1672370250181046,1.196417950643557,5718400
2001-04-09,1.2810430526733398,1.3034148311227791,1.1526469945157707,1.168599229795622,6128000
2001-04-10,1.3899850845336914,1.4197494584244985,1.2551688966569658,1.2942716779222079,14745600
2001-04-11,1.079694390296936,1.2839608965693294,1.0701622917394498,1.2584765625064933,20524800
2001-04-12,1.0991483926773071,1.1184081364880698,0.9853430891671934,1.0701623398386977,13462400
2001-04-16,1.044677495956421,1.0540153863236357,1.0073258602766062,1.017441926727161,4585600
2001-04-17,1.0584903955459595,1.087476535535894,1.0310600144924802,1.0310600144924802,5395200
2001-04-18,1.2450530529022217,1.2831827848367254,1.1283293291926384,1.1438924775117272,19539200
2001-04-19,1.3228684663772583,1.346213144650472,1.2450526742374195,1.283960570307339,6060800
2001-04-20,1.225598931312561,1.3423226390566143,1.225598931312561,1.3228686877659388,2390400
2001-04-23,1.197974681854248,1.2224866344929766,1.1691827608093284,1.189803981500702,3968000
2001-04-24,1.283961296081543,1.3427121870511407,1.2255994189869273,1.2434970256746798,3276800
2001-04-25,1.361582636833191,1.3785073351550325,1.2718995908826791,1.283961097044376,3516800
2001-04-26,1.3057494163513184,1.42967130237965,1.3053602541638698,1.3606095594524765,11184000
2001-04-27,1.2894076108932495,1.3394045466556188,1.2316297343789457,1.3394045466556188,7440000
2001-04-30,1.4298654794692993,1.438619995390031,1.3287049879096093,1.3287049879096093,5475200
2001-05-01,1.5020406246185303,1.5133239577458126,1.373060618336052,1.400685207643306,1267200
2001-05-02,1.4405654668807983,1.5664321117505828,1.4010735237602978,1.4785003161484311,12009600
2001-05-03,1.366640567779541,1.4298656215484464,1.3440740582787036,1.42013864453111,4681600
2001-05-04,1.4111895561218262,1.4298653303814919,1.2841555827349336,1.3347358232409272,2656000
2001-05-07,1.4590462446212769,1.4736370039112079,1.3763672542697896,1.4185819931492005,2518400
2001-05-08,1.548534870147705,1.5854974162853646,1.4395927460750548,1.4590467021030962,7801600
2001-05-09,1.4026296138763428,1.507680962218518,1.3812303008711584,1.502817772087307,7731200
2001-05-10,1.3790910243988037,1.4841424011408113,1.373449063328352,1.4423160753212028,6790400
2001-05-11,1.3683788776397705,1.4092783007495406,1.3520190192421304,1.3798699021474778,867200
2001-05-14,1.3767539262771606,1.391360577551309,1.3504610030104873,1.3637046422183727,1862400
2001-05-15,1.431481122970581,1.4751071727322207,1.3771435474470501,1.3771435474470501,2028800
2001-05-16,1.4838716983795166,1.4982838473729678,1.3535773602676564,1.3635104250049388,1891200
2001-05-17,1.5035419464111328,1.5385986847397675,1.4453092463678703,1.4879612893902976,2278400
2001-05-18,1.4509568214416504,1.5171750148226708,1.4042145585497798,1.5035417743265316,1651200
2001-05-21,1.4412190914154053,1.4980887820638107,1.4365449089402218,1.493804052882567,1913600
2001-05-22,1.3973984718322754,1.4801708888311855,1.3759749755276338,1.4606949560834068,2585600
2001-05-23,1.4061623811721802,1.4451142493330669,1.405188970801079,1.433428718602718,2336000
2001-05-24,1.4018778800964355,1.4120053010139422,1.363315463047944,1.4075262163104294,2211200
2001-05-25,1.4071365594863892,1.4349868544805457,1.3944768752121381,1.4018778253915052,489600
2001-05-29,1.351629614830017,1.4801707272121039,1.3391650311196062,1.4655640764253122,2704000
2001-05-30,1.2846322059631348,1.324558215379387,1.2532762468598402,1.3183259243003178,2393600
2001-05-31,1.3243632316589355,1.3387753781630904,1.2659354420269238,1.2659354420269238,1328000
2001-06-01,1.3068346977233887,1.3243630620865587,1.2778159047059234,1.3144305946949078,1232000
2001-06-04,1.265546441078186,1.3432556846338113,1.239448608449382,1.3243637049479169,1097600
2001-06-05,1.4003196954727173,1.4120052262478862,1.2659357200843115,1.2659357200843115,6620800
2001-06-06,1.3633153438568115,1.3997356901426816,1.3052769966960631,1.3995405920236017,2819200
2001-06-07,1.4412190914154053,1.4529046218981543,1.3146255225748629,1.3146255225748629,2297600
2001-06-08,1.4363503456115723,1.4412190316474462,1.385712949893226,1.3944767630652894,822400
2001-06-11,1.3769484758377075,1.4215486797553551,1.3633153814589518,1.4215486797553551,1427200
2001-06-12,1.3720793724060059,1.4215482476113903,1.334101074867252,1.3765586040693825,1276800
2001-06-13,1.378895878791809,1.4135630097978997,1.3642892287319708,1.3923344663898418,2214400
2001-06-14,1.3648731708526611,1.3973982345359255,1.3526035373869252,1.3576673206465326,3916800
2001-06-15,1.2780108451843262,1.3294272991622476,1.2320475546684249,1.3243635147068142,3840000
2001-06-18,1.168555736541748,1.2630142593733882,1.1558967244851677,1.254834404879087,2953600
2001-06-19,1.1827739477157593,1.2561979422797438,1.1613504466351117,1.226984036645331,2121600
2001-06-20,1.2318530082702637,1.236332166579716,1.1422637499088233,1.1539492795056077,1702400
2001-06-21,1.2269837856292725,1.2561976852871122,1.1841367179388163,1.2269837856292725,1030400
2001-06-22,1.2250362634658813,1.2842431199388222,1.1880319595965954,1.1905641489676064,1014400
2001-06-25,1.1640769243240356,1.2415911355952645,1.0846151492986995,1.2320475977134513,3452800
2001-06-26,1.2308789491653442,1.2462652508540686,1.1646607489309468,1.1784890146525724,1056000
2001-06-27,1.2114027738571167,1.255223836094259,1.197769608977283,1.255223836094259,1254400
2001-06-28,1.2059496641159058,1.2505498630484357,1.197769808402943,1.217245740246893,2028800
2001-06-29,1.2659356594085693,1.2766477792954762,1.2152982627501423,1.2211410278576855,1238400
2001-07-02,1.209455132484436,1.2659353549621966,1.1860840776747972,1.2443173595770716,2864000
2001-07-03,1.1451846361160278,1.184136494992728,1.1432370728901027,1.1782937310201778,2649600
2001-07-05,1.1334991455078125,1.145184673837828,1.1231772235189152,1.1432371105477512,3120000
2001-07-06,1.1255146265029907,1.1430429981545271,1.1253195283638946,1.1362260789798282,2054400
2001-07-09,1.1079860925674438,1.1393420588084817,1.0809142609208673,1.1239563513798088,1827200
2001-07-10,1.1668035984039307,1.1868634911596725,1.1325259843671207,1.1860845101981166,4560000
2001-07-11,1.2191935777664185,1.241591231318605,1.1666086094034136,1.1689457009474848,2380800
2001-07-12,1.3050827980041504,1.324363635680509,1.2435388437884363,1.246459892405185,3059200
2001-07-13,1.2279577255249023,1.322415737784552,1.2236730712474935,1.3050824683504065,2966400
2001-07-16,1.189005732536316,1.2610666837720086,1.189005732536316,1.2561974044053026,1734400
2001-07-17,1.168555736541748,1.214324511312255,1.164660535894321,1.2075075944264728,3443200
2001-07-18,1.1592072248458862,1.1880315889072808,1.1490797335332716,1.168555661220276,2281600
2001-07-19,1.1706985235214233,1.2014705302166748,1.1588178965243807,1.1734251419790216,1158400
2001-07-20,1.108764886856079,1.1761515800690308,1.1003899346730759,1.1695297615611542,3619200
2001-07-23,1.1044806241989136,1.1149976476057415,1.0772143580230054,1.1107129921507677,2521600
2001-07-24,1.0760451555252075,1.1192817328837565,1.0760451555252075,1.0906518021246305,2819200
2001-07-25,1.0925995111465454,1.1081803126980738,1.075266244609048,1.0906519480999883,1337600
2001-07-26,1.12765634059906,1.153949112718099,1.0616332490800526,1.0904576156414345,1267200
2001-07-27,1.2026389837265015,1.21335043326902,1.1101280183514384,1.127656385201214,5846400
2001-07-30,1.2347739934921265,1.2347739934921265,1.1938744958564929,1.2143245790008064,1129600
2001-07-31,1.2859957218170166,1.3048870974348463,1.2028332081696482,1.236721353538996,1574400
2001-08-01,1.3339070081710815,1.3360490756719716,1.2787899293390392,1.2787899293390392,2345600
2001-08-02,1.3321537971496582,1.361367695558249,1.3196892123824917,1.3397496960278685,5264000
2001-08-03,1.2854115962982178,1.3165730598238952,1.2433435833911586,1.3165730598238952,2092800
2001-08-06,1.2667145729064941,1.2733363181383286,1.2339950028096636,1.2513288667304263,2284800
2001-08-07,1.2708051204681396,1.280543088462691,1.2388645973331796,1.2476284119132368,1881600
2001-08-08,1.2661306858062744,1.2805428339688663,1.2591193383564578,1.2659355877008702,1795200
2001-08-09,1.2659356594085693,1.2659356594085693,1.2561976927977343,1.2659356594085693,1344000
2001-08-10,1.2386691570281982,1.2540554572193425,1.2211408640567718,1.2513288388212171,5004800
2001-08-13,1.1977699995040894,1.2375009246354638,1.1915377062632615,1.2375009246354638,867200
2001-08-14,1.2223091125488281,1.2367213308261038,1.2123767199180298,1.219582494730232,598400
2001-08-15,1.2018598318099976,1.2123768510721038,1.1697242970563932,1.2123768510721038,3206400
2001-08-16,1.168555736541748,1.1802412641892563,1.1500538863666405,1.1802412641892563,2070400
2001-08-17,1.1225926876068115,1.1578444477930672,1.0867569704249418,1.1490799665188174,4755200
2001-08-20,1.1481064558029175,1.1527807119786868,1.114997357917664,1.114997357917664,3283200
2001-08-21,1.1983544826507568,1.2014706289003563,1.1568704281593019,1.1568704281593019,4787200
2001-08-22,1.133109450340271,1.1934847949370728,1.133109450340271,1.186083996093953,2745600
2001-08-23,1.109349250793457,1.148885746935998,1.0994168537136477,1.148885746935998,3782400
2001-08-24,1.1455743312835693,1.1455743312835693,1.102532835935215,1.1159709052892208,3763200
2001-08-27,1.1860840320587158,1.1864734852350964,1.1198658478587271,1.1198658478587271,886400
2001-08-28,1.148885726928711,1.1860844623496012,1.1344735024467605,1.1860844623496012,2169600
2001-08-29,1.0984426736831665,1.1496646965164383,1.089483687853452,1.1471325071922645,3891200
2001-08-30,1.0448836088180542,1.09162578002146,1.0448836088180542,1.0900677447953886,3808000
2001-08-31,1.0224864482879639,1.061243883530014,1.0224864482879639,1.0444945698232742,4182400
2001-09-04,0.949451744556427,1.0213175917250417,0.9420508714461305,1.0213175917250417,6780800
2001-09-05,0.9251065254211426,0.9397137677384307,0.9011514414888792,0.9387396890757755,6403200
2001-09-06,0.9085525274276733,0.9182904931353971,0.8997880462526362,0.905630810818314,2048000
2001-09-07,0.9153686761856079,0.9367921686762977,0.8941402074771199,0.9036831483351907,3174400
2001-09-10,0.9348446726799011,0.9408825351161975,0.9054363472206669,0.91050005650798,5520000
2001-09-17,0.845255434513092,0.8734958464809637,0.8179891014146901,0.8491505612744803,12243200
2001-09-18,0.8228583931922913,0.847203010096394,0.8082511475632265,0.8296746422385559,6073600
2001-09-19,0.7595612406730652,0.8189631071996899,0.736774736293461,0.8179890284171472,8112000
2001-09-20,0.6730882525444031,0.7352167475230419,0.6725042955240966,0.734242668579882,4518400
2001-09-21,0.6621816158294678,0.6884744629198448,0.5959634616759987,0.6415371034133708,5606400
2001-09-24,0.7118455767631531,0.7206094635948086,0.6816576006977919,0.6841897897677668,7849600
2001-09-25,0.7011334896087646,0.7135980730924226,0.6623767271618008,0.7011334896087646,2134400
2001-09-26,0.6962649822235107,0.7206096041018168,0.6904222165086716,0.7030812326625026,2550400
2001-09-27,0.6430952548980713,0.6818526877198244,0.642705727360055,0.6818526877198244,3856000
2001-09-28,0.6584817171096802,0.6933432887488953,0.6444590194787121,0.6563390550929955,1267200
2001-10-01,0.6466009020805359,0.6674404387777259,0.617192539991583,0.6674404387777259,2073600
2001-10-02,0.6816576719284058,0.6816576719284057,0.6282935814934457,0.6331629363383139,966400
2001-10-03,0.6680244207382202,0.6982124705069773,0.6349153230654099,0.6349153230654099,8710400
2001-10-04,0.7108715176582336,0.73229501313002,0.6682195505240001,0.7009391222118522,5382400
2001-10-05,0.7285950779914856,0.7593670932942316,0.7011337133447356,0.7011337133447356,3206400
2001-10-08,0.7254787683486938,0.7381378567602253,0.7040552727434801,0.7239207324130273,982400
2001-10-09,0.7019127011299133,0.7283999840849734,0.6995755354846119,0.7283999840849734,1753600
2001-10-10,0.8100043535232544,0.8152625671688414,0.7305425855261278,0.7307370149872441,12550400
2001-10-11,0.8783643245697021,0.9056306535337885,0.8666787974678191,0.8762223320727578,12243200
2001-10-12,0.8637579679489136,0.8956984860945849,0.8277271502412118,0.8955033879808824,7100800
2001-10-15,0.8635631203651428,0.8647317034270975,0.8325966722032743,0.833180629407608,3939200
2001-10-16,0.9153686761856079,0.9299759203251133,0.8773908964086874,0.8775854001274697,4982400
2001-10-17,0.9225751757621765,1.0078797787751623,0.9099155673524226,0.9348447365528338,6534400
2001-10-18,0.943219780921936,0.9685384801067304,0.8810912814123011,0.8902452169945202,6905600
2001-10-19,1.0127488374710083,1.0127488374710083,0.9276393012268744,0.9426354861332478,5331200
2001-10-22,1.0320301055908203,1.0575432352203191,0.9718491674519136,1.0088533986604997,10579200
2001-10-23,1.0098274946212769,1.0565696904856097,0.9866507890080181,1.0565696904856097,4544000
2001-10-24,1.014891266822815,1.032224539648682,0.9901565236461123,1.0224865722935057,2163200
2001-10-25,1.0536478757858276,1.0711762440426202,0.9552947326890957,0.987429752549154,5516800
2001-10-26,1.0293036699295044,1.0573489940361585,1.0156704984059948,1.0244343139324126,2428800
2001-10-29,0.9607477784156799,1.0166433689846857,0.9545154879355016,1.0164489395901906,4195200
2001-10-30,0.9324243664741516,0.9597338969483358,0.9209156572772867,0.9564180766587198,3686400
2001-10-31,0.9209156036376953,0.9854827914064919,0.9187695477224671,0.9511508079865026,3216000
2001-11-01,0.9509557485580444,0.9655855347683528,0.9201350772538541,0.946078756288184,2188800
2001-11-02,0.9361311793327332,0.9511510444490594,0.916819126906404,0.9511510444490594,3609600
2001-11-05,0.9548572301864624,0.9802160302774193,0.928522733878242,0.9380813868364941,3801600
2001-11-06,0.9451043009757996,0.9607097183070177,0.9330101118456678,0.9587590690453027,3222400
2001-11-07,0.9265719652175903,0.9772895588118875,0.921500235623142,0.9269621097113868,3248000
2001-11-08,0.956027626991272,1.004014287925779,0.9423728661106301,0.9451038034042664,4438400
2001-11-09,0.9733883738517761,0.9733883738517762,0.9460788514671219,0.9462742585923749,995200
2001-11-12,0.9655855298042297,0.9946509599815525,0.9538814925412813,0.9753389189941715,1273600
2001-11-13,0.9599289298057556,1.00264852825647,0.9595388596861953,0.9948457864409684,4211200
2001-11-14,0.9772896766662598,1.0108413630543303,0.9704626308824732,0.9850924186582407,1430400
2001-11-15,1.0818461179733276,1.1079852089775095,0.9948458876207775,0.9950412947627354,7766400
2001-11-16,1.0695569515228271,1.1099356776406337,1.0535613998087223,1.0915992590324275,5456000
2001-11-19,1.141926884651184,1.1616289967658915,1.103888947564668,1.1040836849674764,7232000
2001-11-20,1.1029132604599,1.1444630166307328,1.0951105193924713,1.141536672477519,4227200
2001-11-21,1.1185190677642822,1.120274979060931,1.0748238361193267,1.1118867578113643,2256000
2001-11-23,1.1801602840423584,1.1928400194675823,1.116568208916437,1.1167635416403612,2764800
2001-11-26,1.2886176109313965,1.2972006402351137,1.240630958489957,1.2513600427693923,3856000
2001-11-27,1.2466788291931152,1.28705764188121,1.2304879399192687,1.2581875367942716,4537600
2001-11-28,1.2062995433807373,1.245898589324418,1.1908894635836913,1.2445328227273107,6656000
2001-11-29,1.195765733718872,1.211371144593003,1.1704069317468508,1.199667105040522,7033600
2001-11-30,1.113837480545044,1.19479097201929,1.1081808666575819,1.19479097201929,6105600
2001-12-03,1.1391959190368652,1.1546065898971314,1.0857473120384502,1.0945256750874162,2928000
2001-12-04,1.2053247690200806,1.209420879069251,1.1413425269716404,1.1415372644638955,8220800
2001-12-05,1.32802152633667,1.3284115964267464,1.2384857069979507,1.2386804443931683,11004800
2001-12-06,1.3245103359222412,1.3639139643779778,1.311831197341664,1.334068913698105,6745600
2001-12-07,1.3112455606460571,1.3676204313563929,1.2895933241362754,1.330362118573044,2640000
2001-12-10,1.2384858131408691,1.3065642115620997,1.233023864049769,1.2897883685777531,2902400
2001-12-11,1.2581875324249268,1.282181239199389,1.2386807489764782,1.2581875324249268,3155200
2001-12-12,1.2689166069030762,1.3167078686597464,1.2484341273218336,1.2737930050630364,4505600
2001-12-13,1.1858177185058594,1.2455085045174252,1.1706024507511856,1.2345846786554302,5116800
2001-12-14,1.2484335899353027,1.2484335899353027,1.1840612478367518,1.1840612478367518,3008000
2001-12-17,1.291154146194458,1.2921290982743716,1.2478490696850262,1.264819575817305,2300800
2001-12-18,1.287447452545166,1.2931047341333561,1.259553049436859,1.2921290379743533,1424000
2001-12-19,1.2523351907730103,1.2812052900635817,1.2425818753856017,1.2812052900635817,2323200
2001-12-20,1.2355598211288452,1.2835465709670617,1.234194649719608,1.252335594486127,2153600
2001-12-21,1.2581875324249268,1.2708672690813014,1.2322438467828705,1.235755073756589,860800
2001-12-24,1.255261778831482,1.2679409201480587,1.2425821166275923,1.250970262674374,444800
2001-12-26,1.1743083000183105,1.2474590307123592,1.1704069287067942,1.2464834088377232,1804800
2001-12-27,1.1581181287765503,1.1994725675002387,1.1382212731040449,1.1879632634603459,1196800
2001-12-28,1.195765733718872,1.2025934497847515,1.1577278656169492,1.1723575802014414,2428800
2001-12-31,1.2094205617904663,1.2287326076039833,1.1899137785357814,1.1901091856892039,1049600
2002-01-02,1.1501202583312988,1.2211249581846737,1.1315891660136335,1.2211249581846737,7456000
2002-01-03,1.2068848609924316,1.2289272475063435,1.1928400287642653,1.2092257283741819,5004800
2002-01-04,1.3003222942352295,1.329192251243435,1.2339991243884347,1.2343892689983396,4707200
2002-01-07,1.4085848331451416,1.4415510406067302,1.3264610113293476,1.3348492301508794,8665600
2002-01-08,1.4680806398391724,1.4737379228403533,1.4152175694719697,1.4288722590612775,9468800
2002-01-09,1.461253046989441,1.4864163609247365,1.4066340113797813,1.4277013664427842,12470400
2002-01-10,1.3061741590499878,1.4044883622677213,1.2786699703277657,1.3953204481852561,15804800
2002-01-11,1.2332186698913574,1.3069542753451089,1.2328285253572815,1.2782795822462898,6067200
2002-01-14,1.2652100324630737,1.2833516453339089,1.20746996921123,1.2425821658150553,3843200
2002-01-15,1.3143671751022339,1.3167080429778486,1.249214581893091,1.2494099890722303,3523200
2002-01-16,1.2094205617904663,1.2954458450294917,1.2070797686353965,1.2954458450294917,3132800
2002-01-17,1.271061897277832,1.2913488181669552,1.2416069145056108,1.253115545991415,4643200
2002-01-18,1.1979118585586548,1.2581875243543295,1.187572989559393,1.2581875243543295,4156800
2002-01-22,1.190499186515808,1.2533109704100869,1.189913634838508,1.2096158228673246,4969600
2002-01-23,1.2094205617904663,1.2285372004505608,1.180160386908439,1.1947907719993436,3152000
2002-01-24,1.2320482730865479,1.2386805815390032,1.2094204103215465,1.2191738007273654,1584000
2002-01-25,1.1947907209396362,1.2410214767921721,1.1928400724625183,1.2250259211599028,2217600
2002-01-28,1.1557772159576416,1.2094205727439726,1.1557772159576416,1.2094205727439726,4060800
2002-01-29,1.0910141468048096,1.197911256787303,1.0728725438246733,1.197911256787303,6387200
2002-01-30,1.145438313484192,1.1487547285026758,1.0611690174722048,1.1023286388674645,6025600
2002-01-31,1.2258063554763794,1.22892743805685,1.1313935144015443,1.187963219886613,6883200
2002-02-01,1.1678714752197266,1.2066897118116644,1.1606536880760951,1.189913865086417,1824000
2002-02-04,1.104669451713562,1.1885486046375513,1.102133251410774,1.1885486046375513,1984000
2002-02-05,1.121249794960022,1.160458765210199,1.102523302524408,1.102523302524408,2691200
2002-02-06,1.1674814224243164,1.1860125109607162,1.1362705218335865,1.1567523335139265,2240000
2002-02-07,1.1064245700836182,1.1657251239086004,1.1021330547310855,1.138415676934421,2454400
2002-02-08,1.1263214349746704,1.138415616934205,1.0923796072923215,1.1120817931017832,2150400
2002-02-11,1.1489496231079102,1.1557772654863747,1.1118867032350834,1.1255414671046762,1955200
2002-02-12,1.178209662437439,1.1934249285838021,1.136270349026864,1.1598732397354445,3286400
2002-02-13,1.204543948173523,1.213711860825488,1.176258804981123,1.180160175816728,1907200
2002-02-14,1.1780147552490234,1.2379002675325983,1.1754785553092126,1.2185888942385859,5017600
2002-02-15,1.1023283004760742,1.1912791553979967,1.0974512341953075,1.1912791553979967,2505600
2002-02-19,1.013572335243225,1.1118865305393832,1.013572335243225,1.1118865305393832,3763200
2002-02-20,1.0494647026062012,1.071507681514607,0.997772080194488,1.0377606648898976,4240000
2002-02-21,1.062144160270691,1.0797002866925,1.0436124123784614,1.0436124123784614,3520000
2002-02-22,1.1070096492767334,1.1226150525669623,1.072872499374188,1.0845765332387516,3164800
2002-02-25,1.1352944374084473,1.1401714293130796,1.0923795130833955,1.1060342718794276,2275200
2002-02-26,1.1161781549453735,1.1577279215138396,1.1109116122186145,1.1313934219807091,2873600
2002-02-27,1.094720482826233,1.1479743558485027,1.0923796900402072,1.124566204750863,2304000
2002-02-28,1.0728729963302612,1.136270334672372,1.0475141949358575,1.0875033802937237,3776000
2002-03-01,1.1050596237182617,1.1050596237182617,1.07326324781055,1.07326324781055,2316800
2002-03-04,1.217028260231018,1.217028260231018,1.0974513832650674,1.1005724650123703,4297600
2002-03-05,1.2318536043167114,1.2336089200142213,1.180160304870343,1.2094204777183681,2102400
2002-03-06,1.2250261306762695,1.236535434899508,1.2027884068189387,1.2027884068189387,3110400
2002-03-07,1.305393934249878,1.3141723738917808,1.267940945127186,1.2956405423642843,3638400
2002-03-08,1.4142415523529053,1.4267258796676823,1.2776940921257283,1.2776940921257283,4617600
2002-03-11,1.411510705947876,1.413071284168946,1.3557212995565335,1.3617686517818777,6793600
2002-03-12,1.3537702560424805,1.365474291634369,1.3410911197906723,1.3510393193652026,2236800
2002-03-13,1.2835464477539062,1.3459680970737213,1.2716475952483204,1.3366047752632735,3443200
2002-03-14,1.2328288555145264,1.297201232627057,1.2250261115683185,1.2909590672350832,3907200
2002-03-15,1.2601381540298462,1.2890082583985236,1.2289273309454274,1.257212404460113,2240000
2002-03-18,1.2496042251586914,1.2796446829191064,1.2318534311648148,1.2757433866177181,3254400
2002-03-19,1.2630647420883179,1.2689168376543147,1.2507752223397464,1.2620890455690492,992000
2002-03-20,1.2113709449768066,1.2484338548063527,1.2025932516149902,1.2375100317883128,2019200
2002-03-21,1.2497997283935547,1.2601380006799476,1.2074697524359037,1.209420400736623,1609600
2002-03-22,1.2648195028305054,1.2650149099450005,1.2289271002280582,1.2289271002280582,1571200
2002-03-25,1.26072359085083,1.274768497993783,1.2421919094470188,1.2542861681145479,1529600
2002-03-26,1.2433619499206543,1.2679404552344928,1.2154675516022837,1.227366324949015,2908800
2002-03-27,1.2854969501495361,1.2864724975942656,1.235949706527619,1.235949706527619,2140800
2002-03-28,1.2776942253112793,1.2872528045024223,1.2632592482535538,1.2872528045024223,2166400
2002-04-01,1.2392659187316895,1.2574068556375078,1.2252210151660987,1.2574068556375078,2243200
2002-04-02,1.2318536043167114,1.237510216863984,1.2205396350974906,1.237510216863984,4054400
2002-04-03,1.246483325958252,1.246483325958252,1.2211244513257578,1.2232705067748966,3520000
2002-04-04,1.3067600727081299,1.3069548846223713,1.24823977915246,1.2484345166542055,2796800
2002-04-05,1.2946650981903076,1.3167074042495153,1.2874472397106373,1.2874472397106373,1052800
2002-04-08,1.2271718978881836,1.2810105811675687,1.2045440347109835,1.2704769014784072,3628800
2002-04-09,1.2328288555145264,1.2677462425719042,1.2191740908149034,1.2191740908149034,2838400
2002-04-10,1.344212532043457,1.3703515448966177,1.2484338764952934,1.2484338764952934,4121600
2002-04-11,1.3508448600769043,1.3752280382831366,1.3295822429165118,1.3457730554278595,4028800
2002-04-12,1.3455778360366821,1.3557212968031755,1.3176834305475231,1.3508448991407942,4211200
2002-04-15,1.3176835775375366,1.345968056323891,1.316707881186415,1.345187767127898,1939200
2002-04-16,1.324705958366394,1.3629392339102857,1.3030531204037863,1.3167078085176982,4582400
2002-04-17,1.334653615951538,1.3557209703453834,1.3186580651321136,1.3186580651321136,3808000
2002-04-18,1.3459680080413818,1.3557213994040007,1.320414467945185,1.3225599283010736,3113600
2002-04-19,1.319633960723877,1.3438223256353576,1.3069542266327718,1.3362143958857444,1824000
2002-04-22,1.3011022806167603,1.3350441879484534,1.2991516322106125,1.3350441879484534,3500800
2002-04-23,1.272817850112915,1.3151472345817534,1.2669657558589715,1.2972010304795702,2566400
2002-04-24,1.2406312227249146,1.275743487514033,1.2269765357652163,1.2706716828611768,1686400
2002-04-25,1.2191736698150635,1.228927059173584,1.2084452540530037,1.228927059173584,1961600
2002-04-26,1.2098108530044556,1.2287327565165655,1.1947909167984463,1.2287327565165655,2406400
2002-04-29,1.1918643712997437,1.2045441072365737,1.1725529961025334,1.1930348050287218,2188800
2002-04-30,1.2103960514068604,1.2123467741665703,1.1725529228180611,1.1725529228180611,3644800
2002-05-01,1.2094205617904663,1.2242456843225389,1.1901091856892039,1.2098107063850567,2073600
2002-05-02,1.2094205617904663,1.2338043385087134,1.2037638744375052,1.2189792159766408,1699200
2002-05-03,1.2299026250839233,1.2474587548978326,1.2016174846950174,1.2023977736672917,867200
2002-05-06,1.185037612915039,1.2455086975184455,1.185037612915039,1.2252216210935936,1065600
2002-05-07,1.1602634191513062,1.1840617177154584,1.14504815254798,1.1801603463162165,1798400
2002-05-08,1.2562369108200073,1.2562369108200073,1.1825012172010776,1.189719078458866,5238400
2002-05-09,1.2111765146255493,1.2572124621857153,1.1938151911870196,1.2291227945324574,2892800
2002-05-10,1.1928402185440063,1.2289274430275274,1.192059929292613,1.2289274430275274,726400
2002-05-13,1.242581844329834,1.2492141522044813,1.1801601362882923,1.1801601362882923,2732800
2002-05-14,1.2973963022232056,1.306954285287317,1.219759325250559,1.2464832958822916,1779200
2002-05-15,1.2847168445587158,1.3245107029675365,1.279840446062815,1.2950557142257555,796800
2002-05-16,1.3051990270614624,1.3089049164338884,1.2806204424365264,1.291154121561499,739200
2002-05-17,1.3067600727081299,1.319829437011364,1.2950560288794952,1.3100760423500029,1964800
2002-05-20,1.2386806011199951,1.3011022411740232,1.2386806011199951,1.2886179131632176,2915200
2002-05-21,1.2216360569000244,1.2460690762890152,1.2046312021165357,1.2411822338104248,1865600
2002-05-22,1.1813714504241943,1.2216366202709257,1.1776580001923003,1.205217821111973,5446400
2002-05-23,1.2198772430419922,1.2216361037629189,1.169643274169279,1.1856711338856285,1612800
2002-05-24,1.237078309059143,1.244505879902069,1.2167502596799644,1.2312144687358964,1465600
2002-05-28,1.1471656560897827,1.2120589680595664,1.1436473377066099,1.2118631662523733,3040000
2002-05-29,1.1669068336486816,1.1829346935356486,1.1555700146949603,1.1669068336486816,336000
2002-05-30,1.1336785554885864,1.172575788709725,1.1297693041777965,1.161238967364711,1200000
2002-05-31,1.1051409244537354,1.141887685489642,1.0945859704153837,1.1291830127502651,7286400
2002-06-03,1.0967365503311157,1.1217556387040022,1.0799268223695457,1.1135462782926857,1520000
2002-06-04,1.0486527681350708,1.1233191614435876,1.0451344501623971,1.1233191614435876,5110400
2002-06-05,1.079339861869812,1.0852036997534045,1.0605754762544743,1.0730850915189474,1926400
2002-06-06,1.0660489797592163,1.0773857286264898,1.0427893440055194,1.060771798954567,755200
2002-06-07,1.0844221115112305,1.084617913327174,1.0300837522625301,1.040247775316741,2572800
2002-06-10,1.1334831714630127,1.1387602755552182,1.1190189672137874,1.1387602755552182,3836800
2002-06-11,1.1647573709487915,1.1940766460716776,1.1647573709487915,1.178830646867864,2217600
2002-06-12,1.120973825454712,1.1629977716953275,1.11706457433478,1.1491202993052478,1696000
2002-06-13,1.1076825857162476,1.1454063540355013,1.0867678019607259,1.1151100819605213,1478400
2002-06-14,1.1241014003753662,1.1413019888936942,1.032234319148521,1.0848132298815076,2867200
2002-06-17,1.105532169342041,1.143451738617705,1.1047503041043307,1.1336786468346476,1472000
2002-06-18,1.122928261756897,1.1264465798323926,1.0842268374892003,1.0896997435787472,982400
2002-06-19,1.084813117980957,1.0928273479949642,1.0408345060436126,1.046698345822848,1084800
2002-06-20,1.0478712320327759,1.0881363978236003,1.0384890726816933,1.0861817346903906,1459200
2002-06-21,1.0396620035171509,1.0699582793588356,1.023634062026222,1.0437663865265139,1680000
2002-06-24,1.004673957824707,1.0320385726045378,0.9503355117944122,1.024220143194349,4377600
2002-06-25,0.9839548468589783,1.0162063766116902,0.9677318521302668,1.0162063766116902,4947200
2002-06-26,0.9274669885635376,0.9479901740124419,0.9098753884990137,0.938217079434994,3363200
2002-06-27,0.9675359725952148,0.9868870231057922,0.9472079261850196,0.9646043883942478,2032000
2002-06-28,1.000765085220337,1.0298892435205838,0.9890373248149827,0.9890373248149827,2352000
2002-07-01,0.9761359691619873,1.001546056741815,0.9577625911939154,0.9870818541896476,2144000
2002-07-02,1.0183560848236084,1.040834522916032,0.9538536970808692,0.9771140003732703,3379200
2002-07-03,0.9968553781509399,1.0240248600725774,0.9773091942656273,0.9773091942656273,2764800
2002-07-05,1.0457208156585693,1.0660488643626986,1.0271522247003644,1.0275431573173022,960000
2002-07-08,1.0603809356689453,1.074649344881605,1.0453300645843386,1.0629216625878126,3520000
2002-07-09,1.0760174989700317,1.0877452517799662,1.041225322215689,1.0642898207228573,4240000
2002-07-10,1.0738670825958252,1.1002547680989254,1.0578392212557948,1.0664395880176947,2364800
2002-07-11,1.0967365503311157,1.1016227974380586,1.0379022042145616,1.0807086875218896,3388800
2002-07-12,1.112177848815918,1.1141324373018655,1.0666355046292704,1.0681992350682452,2579200
2002-07-15,1.0652668476104736,1.0945861186456243,1.047480124416041,1.0945861186456243,1827200
2002-07-16,1.0597937107086182,1.1084639465525432,1.0515842778290854,1.0515842778290854,3126400
2002-07-17,1.073281168937683,1.0945862124471084,1.061357687513839,1.068590126925203,380800
2002-07-18,1.026565670967102,1.084813294784578,1.0261747383097362,1.0605759919673534,1881600
2002-07-19,0.9646046757698059,1.030865939816123,0.9528769187794778,1.0187472501365051,3465600
2002-07-22,0.9681229591369629,0.9821961626101605,0.9479900382370698,0.9558085426043447,2931200
2002-07-23,0.9970507621765137,1.0056510526394542,0.9733995346676554,0.9857139444836558,2656000
2002-07-24,0.9870823621749878,1.0013513668129848,0.9382168987009785,0.961672336081059,1430400
2002-07-25,0.9706631898880005,1.0066281601456162,0.9685133966436058,0.99665994049211,3449600
2002-07-26,0.9673410654067993,0.9976373402051192,0.9577631033149007,0.9579589051790035,1619200
2002-07-29,1.0097559690475464,1.0212885200585344,0.9655816213521136,0.9771141723631017,2524800
2002-07-30,1.0212881565093994,1.0242198149492914,0.9773089552711728,0.9775047570683942,1321600
2002-07-31,1.0066286325454712,1.0261748195851892,0.9872782473824558,1.0212885710764046,2012800
2002-08-01,0.985518217086792,1.0023279413824435,0.9730086756284696,1.0023279413824435,1507200
2002-08-02,1.0439618825912476,1.0623353415093841,0.9833687478273201,0.9949007000128027,3910400
2002-08-05,0.9988096356391907,1.0359474025363482,0.9792634582328446,1.0359474025363482,3734400
2002-08-06,1.0504119396209717,1.0504119396209717,0.9988099522769054,1.0115152996949137,1014400
2002-08-07,1.044352650642395,1.0504116947382158,1.0175741079759602,1.0322340405114632,2451200
2002-08-08,1.0359476804733276,1.0384890033465384,1.0115152504113556,1.0115152504113556,5059200
2002-08-09,1.0205063819885254,1.039856835576238,1.014446815397385,1.031452270101264,3852800
2002-08-12,1.0279337167739868,1.0334066222987977,1.0175739689045422,1.0175739689045422,1228800
2002-08-13,0.9968553781509399,1.0296929730432869,0.9802414499246308,1.0296929730432869,3443200
2002-08-14,1.0183560848236084,1.0250017898978765,0.9675360398293944,1.0017421576704,2617600
2002-08-15,1.0251976251602173,1.0408345568558088,1.0003736652211654,1.0193337850947168,1651200
2002-08-16,1.0496301651000977,1.0603808503493333,0.9921643326210476,0.9988100386028841,1968000
2002-08-19,1.0977137088775635,1.0988865067798423,1.0386842232594922,1.057253411534744,1456000
2002-08-20,1.0945861339569092,1.1108097981978062,1.0879404294468031,1.0941952013901073,966400
2002-08-21,1.0828584432601929,1.116477823443947,1.0828584432601929,1.0957589195713135,4860800
2002-08-22,1.1047500371932983,1.1072913595715703,1.0867675138844641,1.0867675138844641,3747200
2002-08-23,1.0965406894683838,1.114132281635095,1.090676850267067,1.1084641696810025,2025600
2002-08-26,1.1102228164672852,1.1139369359941007,1.076994301319776,1.0945858900927945,1609600
2002-08-27,1.0820767879486084,1.12879245531527,1.0820767879486084,1.113741586022441,1862400
2002-08-28,1.0730855464935303,1.0809039754656529,1.0654628448076338,1.080122110199608,1926400
2002-08-29,1.076994776725769,1.0852042132978947,1.0730855993286208,1.0740631919290253,2294400
2002-08-30,1.1063140630722046,1.109246318956468,1.0867678776853262,1.0867678776853262,1308800
2002-09-03,1.0846179723739624,1.0973226477102456,1.0713265626227744,1.092827333039996,1657600
2002-09-04,1.0738670825958252,1.0945860598571426,1.046698203076873,1.0693717684771178,2588800
2002-09-05,1.0896999835968018,1.1072915778490153,1.0525622812105735,1.0554938656263504,2979200
2002-09-06,1.122146487236023,1.122146487236023,1.0850087900343257,1.0850087900343257,1248000
2002-09-09,1.1131552457809448,1.1199960805918339,1.0977134476898507,1.1112006576383266,2396800
2002-09-10,1.1665161848068237,1.172575826513115,1.119019253323014,1.119019253323014,3795200
2002-09-11,1.1542022228240967,1.1860622191400712,1.150683904427113,1.1665160389624996,2070400
2002-09-12,1.1268374919891357,1.1434514152456565,1.1268374919891357,1.1434514152456565,716800
2002-09-13,1.1190192699432373,1.1366108643888335,1.1137414933584764,1.1239055174200685,1952000
2002-09-16,1.1262508630752563,1.1307468483109948,1.1151098447669614,1.1151098447669614,2064000
2002-09-17,1.150488018989563,1.1649521485769996,1.1289871790129482,1.136610549117745,4329600
2002-09-18,1.1614339351654053,1.1674935758261091,1.1297691456601437,1.1471656060751951,2841600
2002-09-19,1.106509804725647,1.1334835599694388,1.1020138930277075,1.126055989048991,4489600
2002-09-20,1.1239053010940552,1.1311376647528089,1.086963332682638,1.1104187625745434,3286400
2002-09-23,1.057057499885559,1.1160869006454797,1.039465907233422,1.1160869006454797,3366400
2002-09-24,1.0584262609481812,1.1074868549403838,1.036925412403327,1.0506077570113652,2214400
2002-09-25,1.0906765460968018,1.107877200911434,1.078948870964808,1.078948870964808,1801600
2002-09-26,1.0766035318374634,1.1327013406861366,1.0762125993256457,1.1092459119163456,1363200
2002-09-27,1.0750399827957153,1.089308984598169,1.0689810125002788,1.0779722380976884,873600
2002-09-30,1.0594030618667603,1.0848130831357656,1.0468935175228047,1.0554938106185827,1558400
2002-10-01,1.0613577365875244,1.0703489629961431,1.0183561184834384,1.0558848291323257,2937600
2002-10-02,1.0437662601470947,1.0683944192908914,1.0265655972717023,1.0386842105289498,1904000
2002-10-03,1.0535392761230469,1.065266955904224,1.0379022703311178,1.0379022703311178,4320000
2002-10-04,1.0429842472076416,1.0750399726437023,1.0310613629229723,1.0730853843367287,4009600
2002-10-07,1.0021330118179321,1.0398568490406825,0.9937278497320242,1.027933964895188,4387200
2002-10-08,1.0740630626678467,1.075040058648437,1.011906195130061,1.0220702191775421,4656000
2002-10-09,1.094391107559204,1.1014277453070753,1.0760176479813697,1.08911333099722,4400000
2002-10-10,1.265615701675415,1.2929803888718612,1.0850090047797467,1.104946121240682,13081600
2002-10-11,1.265615701675415,1.3135034941739387,1.2327781068647892,1.258383261719554,9558400
2002-10-14,1.2538877725601196,1.2654196489056935,1.24294188493949,1.2542786305441072,3145600
2002-10-15,1.3355909585952759,1.375074180871146,1.265615590800119,1.265615590800119,7603200
2002-10-16,1.302753210067749,1.3232763111049635,1.2538877606307044,1.3232763111049635,5788800
2002-10-17,1.4112342596054077,1.4112342596054077,1.3346132631035403,1.3486865377927675,8630400
2002-10-18,1.4012658596038818,1.4200301727603961,1.3766376333435486,1.4032204475966532,7955200
2002-10-21,1.406934380531311,1.4385991029593128,1.3879748565690468,1.4073252385934567,4899200
2002-10-22,1.3185851573944092,1.3995063228390858,1.3154578464420978,1.387974447585534,5472000
2002-10-23,1.3340272903442383,1.336372885993553,1.298844101232224,1.3125265188315816,5590400
2002-10-24,1.3510323762893677,1.3866064274299528,1.3117448004873775,1.3117448004873775,4147200
2002-10-25,1.366277813911438,1.372923442568529,1.331290437135548,1.3512274722323188,2755200
2002-10-28,1.348686695098877,1.4073252470596977,1.338913603105407,1.3676468156773953,2233600
2002-10-29,1.3335882425308228,1.351212787025167,1.3267345933163182,1.336525990323747,2275200
2002-10-30,1.379412055015564,1.3850913820050017,1.334567737706729,1.3590459313587828,1712000
2002-10-31,1.401149034500122,1.4119191809428748,1.3698164498262093,1.3805867456737986,5843200
2002-11-01,1.380195140838623,1.4027155292102018,1.3453376482318806,1.376474661641965,3715200
2002-11-04,1.4755640029907227,1.4785011535723431,1.4003661352386052,1.4099613649961418,8371200
2002-11-05,1.4393352270126343,1.4687094153190148,1.4266066810085956,1.464792916640103,2812800
2002-11-06,1.522562026977539,1.5442986342459128,1.443251379028755,1.4530427727790312,4416000
2002-11-07,1.521386981010437,1.532745032673316,1.4843752288552485,1.532745032673316,3379200
2002-11-08,1.4775220155715942,1.551348932270809,1.4741926777083867,1.5176665033876224,3363200
2002-11-11,1.411919116973877,1.4736052336338885,1.3917491661618113,1.4644009996986276,4550400
2002-11-12,1.4256274700164795,1.4608764097479874,1.361004189734755,1.4109406732535266,5769600
2002-11-13,1.413094401359558,1.444231269033314,1.3917493783086552,1.428368955851723,5212800
2002-11-14,1.4412931203842163,1.4687090525800053,1.4217103330164829,1.4395310400450512,6688000
2002-11-15,1.4238646030426025,1.4638135030673083,1.4226896837316625,1.4344393250554477,3891200
2002-11-18,1.4236685037612915,1.486137938656074,1.419752006264552,1.43013115790484,7884800
2002-11-19,1.471646785736084,1.4775215322490687,1.4197520710019824,1.4295434645950995,2486400
2002-11-20,1.5636860132217407,1.5654482431606598,1.4593094103384971,1.486138184595524,4716800
2002-11-21,1.6821622848510742,1.7003745907676795,1.5670153433736929,1.590123049709198,7952000
2002-11-22,1.6488709449768066,1.6762868822999861,1.615580259987485,1.644954446532712,5628800
2002-11-25,1.6057887077331543,1.6582705885474551,1.6057887077331543,1.6547456805298968,3913600
2002-11-26,1.5666234493255615,1.6175386815476713,1.5294161125231085,1.6155804321169853,6886400
2002-11-27,1.6053975820541382,1.6055936012401992,1.5444953771361392,1.56662358264552,6809600
2002-11-29,1.6302679777145386,1.6390798768666635,1.594039538143446,1.6005021951411456,2444800
2002-12-02,1.6204761266708374,1.6743284988777185,1.5969768390800985,1.642996065621791,9142400
2002-12-03,1.5842478275299072,1.6136220141365005,1.556831890149452,1.6136220141365005,3308800
2002-12-04,1.5719106197357178,1.5842474223599396,1.5407736133957979,1.545081850234378,4000000
2002-12-05,1.5705397129058838,1.5858144147485975,1.5634898964876567,1.5856188438230803,1532800
2002-12-06,1.3418132066726685,1.5176667923502398,1.3316302178040815,1.5076798226931145,16585600
2002-12-09,1.2435067892074585,1.4017357204472254,1.2131537876303973,1.3512121016584981,33990400
2002-12-10,1.345337986946106,1.3533673036004705,1.2484035080912368,1.2532989081414194,12310400
2002-12-11,1.3942945003509521,1.4318935683286267,1.3427921184927232,1.353366842354742,7232000
2002-12-12,1.4031071662902832,1.4293480319434984,1.3854826262370965,1.3942945227516301,4112000
2002-12-13,1.3480792045593262,1.3768662288443954,1.3189011878280306,1.3766702097043688,6076800
2002-12-16,1.3991907835006714,1.3991907835006714,1.3512127021308697,1.3512127021308697,6211200
2002-12-17,1.409569501876831,1.4256273861150537,1.3766704037540265,1.4029112745852075,3209600
2002-12-18,1.44286048412323,1.464793270475827,1.3584589759541008,1.3901830113691527,3859200
2002-12-19,1.4790886640548706,1.48731340144599,1.39742815242292,1.4007574902616795,4787200
2002-12-20,1.451085090637207,1.4785010337263518,1.439335443428965,1.4781094435615207,1520000
2002-12-23,1.399385929107666,1.4393348321741373,1.3944905312092042,1.4393348321741373,2921600
2002-12-24,1.4003655910491943,1.4289564452446966,1.4001694225149341,1.4289564452446966,1433600
2002-12-26,1.4373767375946045,1.4863337099281755,1.4029109872384204,1.422689944704179,3548800
2002-12-27,1.3972327709197998,1.4375734324885083,1.3952745211904165,1.4320901240794064,1280000
2002-12-30,1.3704041242599487,1.4471686484114303,1.3537589270133117,1.4099613062813636,2368000
2002-12-31,1.3619837760925293,1.3766705738052964,1.3394632327339613,1.3518006388368602,1484800
2003-01-02,1.3539540767669678,1.3897909168193288,1.3535624867085294,1.3803911119636842,3705600
2003-01-03,1.356108546257019,1.3694248498254753,1.3463171509685905,1.3610039450915625,3612800
2003-01-06,1.400757074356079,1.415640034791173,1.3498418563889614,1.362961989436878,2438400
2003-01-07,1.4324816465377808,1.459701418233748,1.390378312606208,1.39057448118063,3075200
2003-01-08,1.4148566722869873,1.4393348574475653,1.4034986198676618,1.418185411440161,2169600
2003-01-09,1.4775220155715942,1.47889250633713,1.4305234304744447,1.439335329019229,4665600
2003-01-10,1.351212501525879,1.3848949240194126,1.2946185495428557,1.3318258801904763,14262400
2003-01-13,1.2601526975631714,1.3414210001781377,1.2562361996603448,1.332217364570832,7641600
2003-01-14,1.3457293510437012,1.3512125083321602,1.27679784666208,1.2856104906037626,6454400
2003-01-15,1.3672703504562378,1.3884197988735083,1.3514086376553511,1.3610038638220272,3056000
2003-01-16,1.3610039949417114,1.3823496139525069,1.341421203647586,1.3823496139525069,1625600
2003-01-17,1.3424005508422852,1.3590455928800471,1.3359378957750514,1.3566956044032459,1523200
2003-01-21,1.3331964015960693,1.3431839653079327,1.3169429485737922,1.3414211376779566,3235200
2003-01-22,1.2826730012893677,1.3265384178207116,1.2630902073765529,1.3179220900943784,2956800
2003-01-23,1.253298282623291,1.306171744159542,1.2435068897902966,1.3022552467882633,5670400
2003-01-24,1.2331286668777466,1.2532986188097663,1.2141330369719612,1.2454654725612377,4044800
2003-01-27,1.2113913297653198,1.2160911572542312,1.1728135106499618,1.21413290825092,4976000
2003-01-28,1.263481855392456,1.2640697635465752,1.219029275722006,1.2297994991171937,2694400
2003-01-29,1.2386116981506348,1.2532984910327798,1.2200077349242393,1.2532984910327798,4854400
2003-01-30,1.2562364339828491,1.2630900824839615,1.2346953179872504,1.2346953179872504,3724800
2003-01-31,1.2720980644226074,1.29246418465484,1.2323453220635787,1.263089998639957,5248000
2003-02-03,1.3001017570495605,1.3118514015490026,1.2856105338137431,1.2905059326625754,4316800
2003-02-04,1.2993183135986328,1.306759869006334,1.2895269191399292,1.3044098805505089,2604800
2003-02-05,1.3198803663253784,1.331238422881919,1.2924644244114356,1.2924644244114356,2864000
2003-02-06,1.3341753482818604,1.351212125712645,1.3026467545866054,1.331629341282027,1091200
2003-02-07,1.3335882425308228,1.351212787025167,1.3120471989954519,1.3316299930103095,1088000
2003-02-10,1.2679860591888428,1.3486672146388663,1.2679860591888428,1.3486672146388663,2956800
2003-02-11,1.2358697652816772,1.2777769096067824,1.225686708997627,1.2728809149704132,2188800
2003-02-12,1.2337161302566528,1.272881721693372,1.2239247323974731,1.2247080621547926,1763200
2003-02-13,1.2589778900146484,1.2640694572648914,1.2346951974650326,1.2435071691250859,1952000
2003-02-14,1.2742524147033691,1.2777773228147487,1.2315619273121399,1.2503614621403025,1529600
2003-02-18,1.3010808229446411,1.3140053887157235,1.2638734861287413,1.2797357995590513,2332800
2003-02-19,1.263089895248413,1.2905058298324443,1.2513402516852066,1.2836521823472902,2499200
2003-02-20,1.2626985311508179,1.273861015753637,1.2554531429210092,1.2630901212642385,950400
2003-02-21,1.2478156089782715,1.26465682311464,1.2435073705613138,1.2630901637984997,1648000
2003-02-24,1.227840781211853,1.2536899798231789,1.2249036320393845,1.2536899798231789,1811200
2003-02-25,1.1984668970108032,1.2239245119182174,1.1869133454398937,1.2239245119182174,2153600
2003-02-26,1.1792755126953125,1.2043414573334166,1.1753589401700069,1.200424884808111,1974400
2003-02-27,1.1749674081802368,1.1943547020939378,1.1651760131120683,1.186325462316472,3472000
2003-02-28,1.2102162837982178,1.22274925616934,1.2043414623370552,1.2045376308600897,6060800
2003-03-03,1.1945503950119019,1.2188330916484253,1.1867172477865902,1.2188330916484253,2771200
2003-03-04,1.1796674728393555,1.1906337890135903,1.1690927467835495,1.1865217192579571,2956800
2003-03-05,1.1534267663955688,1.194355113682661,1.1457897863726552,1.194355113682661,7596800
2003-03-06,1.1281647682189941,1.148726382612071,1.1260103506991073,1.1471597983606996,2995200
2003-03-07,1.1042735576629639,1.1260101626410877,1.0917405869355163,1.1260101626410877,4489600
2003-03-10,1.0917408466339111,1.109952548589258,1.0829282773407887,1.0968324138920946,2009600
2003-03-11,1.1123026609420776,1.1254234703020103,1.0985946904889548,1.0985946904889548,3801600
2003-03-12,1.1254230737686157,1.126010234654925,1.0790115167188017,1.0888029100636272,3168000
2003-03-13,1.1489224433898926,1.163609160031297,1.1264019097974032,1.135801638531305,6902400
2003-03-14,1.1459847688674927,1.1688969686052,1.1459847688674927,1.1688969686052,2672000
2003-03-17,1.1745755672454834,1.1749672319537565,1.1211148659654953,1.1455930511549126,5027200
2003-03-18,1.2035586833953857,1.2082585875354943,1.1694846585137564,1.1786888958007475,5174400
2003-03-19,1.1927876472473145,1.204341193772607,1.1771214352769295,1.204341193772607,4809600
2003-03-20,1.2513402700424194,1.2542780171371717,1.2145246051272534,1.2145246051272534,4691200
2003-03-21,1.316159725189209,1.3169430547942125,1.2513404329651463,1.2532986822752323,9072000
2003-03-24,1.2777774333953857,1.311068118902349,1.252123651044445,1.311068118902349,4800000
2003-03-25,1.2699443101882935,1.2728814600134517,1.254278166477188,1.258390235994347,1824000
2003-03-26,1.2495779991149902,1.2685729534289036,1.2454652581465406,1.258389969642268,2544000
2003-03-27,1.263089895248413,1.2728812897852226,1.2307786369080371,1.2307786369080371,2848000
2003-03-28,1.2531030178070068,1.27288130330269,1.2435071193803202,1.2630899086619,3804800
2003-03-31,1.2014045715332031,1.2141330420526262,1.1831921964141239,1.209237643112091,2611200
2003-04-01,1.2023835182189941,1.2198124908193235,1.1910254624394179,1.2198124908193235,697600
2003-04-02,1.223924160003662,1.2435069465637207,1.2225536697302597,1.2325405591972232,3670400
2003-04-03,1.2356736660003662,1.2693560790797103,1.2297988456196975,1.247815046116461,1977600
2003-04-04,1.2092375755310059,1.2611316998543207,1.204341579244741,1.2611316998543207,6300800
2003-04-07,1.2319536209106445,1.2826727514438816,1.2319536209106445,1.2581945626305702,2204800
2003-04-08,1.2190293073654175,1.2386121026835808,1.2006215066592205,1.2384160087897278,4902400
2003-04-09,1.1618478298187256,1.2141335698534972,1.1575395900209124,1.2043421700966142,8176000
2003-04-10,0.7882076501846313,0.878875696188919,0.783311653540322,0.8612511541032936,78652800
2003-04-11,0.7923198342323303,0.8148403762197424,0.7541337441704423,0.783116270579313,35923200
2003-04-14,0.8070072531700134,0.8126859827708762,0.793299356596066,0.8089655774680299,5875200
2003-04-15,0.8130773305892944,0.8322684530121086,0.8070069384958409,0.8260019671067981,6614400
2003-04-16,0.8213022947311401,0.8418645855322816,0.818560715719595,0.8354019293075732,7238400
2003-04-17,0.8538097739219666,0.8538097739219666,0.8097488616874025,0.8126859371060078,10387200
2003-04-21,0.8577260971069336,0.8632093285295315,0.8422560502128265,0.8506762814938847,3187200
2003-04-22,0.8700636625289917,0.8700636625289917,0.8420599681061198,0.8420599681061198,6422400
2003-04-23,0.8624260425567627,0.8694758585251828,0.8581178050866369,0.8645804601014713,2918400
2003-04-24,0.836185097694397,0.8749590106001955,0.8348146072626045,0.8624260377056843,4121600
2003-04-25,0.8185604810714722,0.8514595691840301,0.8077902619793064,0.8514595691840301,5081600
2003-04-28,0.8263937830924988,0.83618517844975,0.8079859120113185,0.8222817137807062,2883200
2003-04-29,0.8205189108848572,0.8401017004076231,0.8136651885400956,0.8322685547175513,3113600
2003-04-30,0.8048524856567383,0.8224770231772105,0.8038736600935172,0.8224770231772105,3945600
2003-05-01,0.8156235218048096,0.8169940123015031,0.7944740730169586,0.8107275255574913,3888000
2003-05-02,0.8244354724884033,0.834226868003479,0.8175818243184957,0.82521880205819,3510400
2003-05-05,0.8598805069923401,0.8790716300468943,0.8273730822750495,0.8312896547703967,9276800
2003-05-06,0.8455849885940552,0.8810301688250758,0.8432350744038758,0.8728053571058104,3475200
2003-05-07,0.8260020613670349,0.856355668751041,0.8254149004005269,0.8469559388204134,7427200
2003-05-08,0.8148402571678162,0.8408850319550685,0.8146440886116796,0.8248271490571282,3340800
2003-05-09,0.8224771618843079,0.8369684590341887,0.8126857670999709,0.8224771618843079,2342400
2003-05-12,0.8103361129760742,0.8209107659584339,0.80191580359635,0.8166026016702274,6732800
2003-05-13,0.8126857280731201,0.8205188734053914,0.8072025711619764,0.8203233024954,3363200
2003-05-14,0.8103361129760742,0.8197358460173039,0.8048528793418619,0.8150359421454701,1337600
2003-05-15,0.83794766664505,0.8420597346575501,0.8103356446406106,0.8146438064389047,5126400
2003-05-16,0.8373600244522095,0.8518513211757547,0.8342267812014985,0.8401016776611916,3936000
2003-05-19,0.8058321475982666,0.8205189414782904,0.7882076064896726,0.8185606176315486,10038400
2003-05-20,0.8234567046165466,0.8371646742424805,0.8058322362709954,0.8156236324748877,5180800
2003-05-21,0.8126857280731201,0.8224771223872541,0.8081819944625487,0.8224771223872541,1209600
2003-05-22,0.8077903389930725,0.8185605591120583,0.7987822740493026,0.8028943429701952,3238400
2003-05-23,0.7946696281433105,0.8030905323545635,0.7872281472692979,0.8030905323545635,7497600
2003-05-27,0.8135990500450134,0.8196924136359214,0.790797058262136,0.7961041281744741,8713600
2003-05-28,0.8354182243347168,0.8354182243347168,0.8157613249386058,0.820675849728115,2905600
2003-05-29,0.8501612544059753,0.8507506374906726,0.8303075177708338,0.8352220428816556,2528000
2003-05-30,0.8688349723815918,0.8737494971941594,0.8415121940309034,0.8452466779985613,5600000
2003-06-02,0.9042174220085144,0.9238743224869603,0.8772877892893763,0.8825948614762736,7443200
2003-06-03,0.9077557921409607,0.9077557921409607,0.8708007932770581,0.8845606404590027,6697600
2003-06-04,0.9488386511802673,0.9494280341074105,0.9042171896232681,0.9042171896232681,4700800
2003-06-05,0.9572911858558655,0.9730166931727416,0.9110977939933641,0.9140459844956058,5766400
2003-06-06,0.9873661994934082,1.0123301670393394,0.9635810728480854,0.9926732705919736,6294400
2003-06-09,0.9769479036331177,1.014886024966121,0.9730165088025482,1.007219546347848,3756800
2003-06-10,0.9753749370574951,0.986775970141651,0.9590600560146048,0.9730161310689109,3331200
2003-06-11,0.9912978410720825,0.9912978410720826,0.9769480121435301,0.9826488314722727,1440000
2003-06-12,0.9895281791687012,1.0025017279426727,0.9720338531093271,0.9926732796295091,2464000
2003-06-13,1.0040744543075562,1.0064332612325873,0.9857938318625266,0.9924771806377144,2944000
2003-06-16,1.0418156385421753,1.0516440879623845,0.9840243829459877,0.9840243829459877,3305600
2003-06-17,1.03218412399292,1.0791638013735265,1.02510762824855,1.0514478763053046,5254400
2003-06-18,1.0040744543075562,1.0461402068986891,1.0025018663674554,1.0406362240934566,3254400
2003-06-19,0.9553253650665283,1.0221588589125539,0.9533597049472858,1.0221588589125539,7027200
2003-06-20,0.9810759425163269,0.9863830133113538,0.9602396814643209,0.966726117988266,2192000
2003-06-23,0.9671196341514587,1.0078097169478502,0.9553254474633733,0.9848108017058865,2035200
2003-06-24,0.9730165004730225,0.9783241721415651,0.9555221723016021,0.9749821603789205,3683200
2003-06-25,0.9881526231765747,0.9985704557267584,0.9651537123787419,0.9651537123787419,2233600
2003-06-26,1.0449609756469727,1.0449609756469727,0.9871697069828488,0.9958187174337306,2492800
2003-06-27,1.0791642665863037,1.1009837461496266,1.0447649779287997,1.050071977099251,1958400
2003-06-30,1.0545932054519653,1.0917444412254076,1.0479098552451804,1.0522343980216695,1292800
2003-07-01,1.0630450248718262,1.0713008856121304,1.0516439886284217,1.0591136304780622,1996800
2003-07-02,1.056558609008789,1.0614725337616582,1.0437812948715832,1.0437812948715832,2160000
2003-07-03,1.044174313545227,1.0614724033361653,1.03493592318724,1.0418155069780883,3072000
2003-07-07,1.0025020837783813,1.0675667616411533,0.9877597060163037,1.0665835565323236,8246400
2003-07-08,1.0268765687942505,1.0321842411454267,1.0083990333678428,1.0321842411454267,5264000
2003-07-09,1.1106151342391968,1.1106151342391968,1.0221590616006766,1.03179127799979,10838400
2003-07-10,1.1499285697937012,1.1902254969264994,1.1401001204792252,1.1794139177371294,10979200
2003-07-11,1.183148980140686,1.1990707188037204,1.1371518380920898,1.159756924744582,6601600
2003-07-14,1.0972479581832886,1.2187275847239345,1.0968548112545193,1.1990706881961293,7955200
2003-07-15,1.103735327720642,1.1165119685158784,1.0732667710588462,1.1007864626183559,5337600
2003-07-16,1.0713011026382446,1.1243747502430361,1.0516442016724052,1.120443355052843,6745600
2003-07-17,1.0372949838638306,1.0663871886023817,1.0282528273204554,1.0565587380156363,3497600
2003-07-18,1.065207839012146,1.065207839012146,1.0083990308133273,1.0280559322911118,3062400
2003-07-21,1.0221589803695679,1.0585245967181873,1.0135099698380128,1.058327685751281,3196800
2003-07-22,1.0327732563018799,1.039653439331743,1.0142957274585955,1.036508339207263,6726400
2003-07-23,1.0367052555084229,1.0465337085091335,1.022159112073907,1.035918961271931,5228800
2003-07-24,1.0644214153289795,1.08112944961579,1.0420125623709258,1.0457470462617515,4544000
2003-07-25,1.081129789352417,1.0899757116574453,1.0536100919930256,1.085061185401636,3500800
2003-07-28,1.0536096096038818,1.0870263482448674,1.0441743083967403,1.073266505865037,4428800
2003-07-29,1.0298254489898682,1.0467303977788693,1.013313647263999,1.0424059300546873,9891200
2003-07-30,1.0007330179214478,1.0221587407381598,0.9989635940841384,1.0182273459690663,15648000
2003-07-31,1.0463367700576782,1.0732663941973113,0.99680138763525,1.0044672644414554,111993600
2003-08-01,1.0575413703918457,1.0654041616155565,1.0369019371015604,1.0654041616155565,9926400
2003-08-04,1.064814567565918,1.0693353454388486,1.0306115299975764,1.0614725557724125,7401600
2003-08-05,1.0339531898498535,1.080540409388665,1.0270736029224032,1.0803434984032108,11104000
2003-08-06,0.9914939403533936,1.0516440771831863,0.9848105918167499,1.026876417891576,15980800
2003-08-07,1.0319875478744507,1.0319875478744507,0.9879560461716773,0.9879560461716773,9238400
2003-08-08,1.006237268447876,1.035918860694179,1.0046646801275756,1.0241246732473408,4521600
2003-08-11,1.0111511945724487,1.0290393505505908,0.9987676980049079,1.022159088675918,3827200
2003-08-12,1.024714469909668,1.0264832938856803,0.9926734034750542,1.012330302553768,5331200
2003-08-13,1.0152792930603027,1.0329704594305649,1.0060402254136263,1.0268765680116274,3952000
2003-08-14,1.0142955780029297,1.0239277878343782,1.0082022895291178,1.0221583646481054,1462400
2003-08-15,1.013116717338562,1.0142960834334607,1.0025019725737037,1.0105615990982466,1734400
2003-08-18,1.0221589803695679,1.0270735061772729,1.0162619243260014,1.0219627442688848,3788800
2003-08-19,1.0418156385421753,1.0418156385421753,1.0186204919116721,1.0186204919116721,4579200
2003-08-20,1.0683526992797852,1.0811293374269548,1.0516439918607652,1.0516439918607652,11004800
2003-08-21,1.094300389289856,1.0988211691166505,1.071891526536143,1.084275024442491,8531200
2003-08-22,1.0673696994781494,1.106290354101681,1.0673696994781494,1.0990176217349659,3430400
2003-08-25,1.0693354606628418,1.0713011207986967,1.050857925451245,1.0713011207986967,3603200
2003-08-26,1.0616693496704102,1.0889921245821201,1.0614724387681604,1.0832919063920134,2534400
2003-08-27,1.1066834926605225,1.1106148877913222,1.0854540789304048,1.088992327049612,7046400
2003-08-28,1.1178886890411377,1.1186749833942458,1.1007868993387704,1.113760456224428,4204800
2003-08-29,1.1165120601654053,1.1263405115312717,1.1058973146938376,1.120050308655928,7017600
2003-09-02,1.1418696641921997,1.1475698834490782,1.1092392120413412,1.116511944361389,15305600
2003-09-03,1.1534669399261475,1.179414042870488,1.1312549210634197,1.1479630317213252,26867200
2003-09-04,1.2368121147155762,1.2383847027118786,1.189439363536855,1.1923875536117468,33756800
2003-09-05,1.311508297920227,1.311508297920227,1.230718732658166,1.2381883751181997,16236800
2003-09-08,1.3317556381225586,1.3317556381225586,1.2914586222046012,1.2973557538009015,11872000
2003-09-09,1.318584680557251,1.3553432817340367,1.3170120928117865,1.3523945672336248,17904000
2003-09-10,1.2892963886260986,1.3170122384048417,1.2727845154138124,1.3126876966118564,9724800
2003-09-11,1.3103289604187012,1.3215336867997134,1.2700325573874691,1.279664095973361,9539200
2003-09-12,1.2855610847473145,1.288509949211052,1.272391299783291,1.272391299783291,10662400
2003-09-15,1.2690491676330566,1.2776982499307492,1.2659041422331239,1.272784325832986,6995200
2003-09-16,1.335096836090088,1.341387039147027,1.2826132402145793,1.2826132402145793,11552000
2003-09-17,1.3582923412322998,1.3818807213081414,1.3366697719738436,1.3415842990173077,9305600
2003-09-18,1.3563259840011597,1.361240508521339,1.3319514720774417,1.3504288545174095,3465600
2003-09-19,1.360650658607483,1.3712654027335083,1.3466945773740127,1.3466945773740127,3462400
2003-09-22,1.3470879793167114,1.366154901274063,1.3358832494940023,1.3445323357083865,5216000
2003-09-23,1.3582923412322998,1.3710696616343778,1.3248756569210773,1.3307726394623056,1596800
2003-09-24,1.3527882099151611,1.4084175875666545,1.3527882099151611,1.3700862325024974,8614400
2003-09-25,1.346497654914856,1.3728378290252825,1.3406005249052326,1.3649751889727795,3718400
2003-09-26,1.3335241079330444,1.3779487467203588,1.3335241079330444,1.3700859562315038,3478400
2003-09-29,1.3417797088623047,1.3512149345786348,1.3333275378646468,1.3435490573857058,3744000
2003-09-30,1.3380454778671265,1.3523947809234682,1.3347035409171832,1.3464976509312914,4883200
2003-10-01,1.3545572757720947,1.3653681802496416,1.3445319153961666,1.3478738521583797,3097600
2003-10-02,1.3956396579742432,1.4204073896707996,1.3612403888801055,1.3655649301254016,5273600
2003-10-03,1.448517084121704,1.4624731630188061,1.4074337915727961,1.4121514048489558,8684800
2003-10-06,1.4233566522598267,1.4496968290746397,1.4184421267968155,1.4451753756665127,6284800
2003-10-07,1.4190324544906616,1.425715730838902,1.3899401663440385,1.400554914047389,6953600
2003-10-08,1.4001611471176147,1.4223730869229012,1.3820766877984643,1.3956396948548246,7440000
2003-10-09,1.4204075336456299,1.4396712102742677,1.409399568459031,1.4200143116906259,12403200
2003-10-10,1.52458918094635,1.5381527904550343,1.4872411893317834,1.5037529140493495,20256000
2003-10-13,1.5676381587982178,1.587884442945523,1.5234098314918194,1.5627236335948342,13004800
2003-10-14,1.5794318914413452,1.6157968197491277,1.5609545108547551,1.5674408727315203,11734400
2003-10-15,1.5855255126953125,1.6000715756642854,1.5747144584201862,1.5961401059630531,4288000
2003-10-16,1.560886263847351,1.5835360735925241,1.5463114716903725,1.5782184450538548,7049600
2003-10-17,1.5815666913986206,1.6002778695550433,1.5579317325270399,1.5579317325270399,8540800
2003-10-20,1.566796064376831,1.5853099529122827,1.5530089598534176,1.5815675649475127,7737600
2003-10-21,1.5709317922592163,1.589445680112752,1.5530089026519487,1.57565872636368,8332800
2003-10-22,1.5492656230926514,1.5833394398217224,1.5419784521147002,1.5707341892875146,9171200
2003-10-23,1.5303585529327393,1.5559630685985695,1.5205106854099635,1.5234653762531694,5219200
2003-10-24,1.555962324142456,1.5648256410987198,1.540599682199886,1.555371776949351,3862400
2003-10-27,1.5382364988327026,1.5510390540512085,1.5285859336406453,1.545918122123704,5084800
2003-10-28,1.5727040767669678,1.5756581653473436,1.530555232865244,1.5394180996722615,4208000
2003-10-29,1.6272612810134888,1.6485325553981092,1.5776279568275502,1.5780219555802537,16793600
2003-10-30,1.6278518438339233,1.6603495164500177,1.6278518438339231,1.6538501922998177,5408000
2003-10-31,1.6642885208129883,1.6898930197013005,1.6566075017326511,1.6642885208129883,6499200
2003-11-03,1.747011423110962,1.7627680693119765,1.6983633903013766,1.6997417850409475,11113600
2003-11-04,1.7637529373168945,1.7663130275229066,1.732436348741184,1.752919925452609,6726400
2003-11-05,1.7245583534240723,1.7676923578133599,1.724558353424072,1.7676923578133599,2873600
2003-11-06,1.723179817199707,1.747011333885335,1.6894998336420086,1.744057394889742,5900800
2003-11-07,1.7135285139083862,1.73322424395331,1.7005292599508188,1.717467599810773,1990400
2003-11-10,1.6737428903579712,1.7261334442796616,1.6735461915529095,1.7261334442796616,4265600
2003-11-11,1.6221400499343872,1.678667139735794,1.6061868600544202,1.678667139735794,14512000
2003-11-12,1.654441237449646,1.654441237449646,1.63277596558396,1.6475480628798778,8668800
2003-11-13,1.62548828125,1.648138092019332,1.6180039606723606,1.6424266149009454,3075200
2003-11-14,1.634351372718811,1.639669453034495,1.5908241378058885,1.6248973583348925,6892800
2003-11-17,1.6142617464065552,1.6298216891040536,1.5963390137354647,1.5963390137354647,9507200
2003-11-18,1.63080632686615,1.6741368680502715,1.6201706157900886,1.6505020547255649,6822400
2003-11-19,1.638094186782837,1.6473509037214473,1.6158377646548476,1.63080656206142,4601600
2003-11-20,1.6150493621826172,1.631790998001922,1.6052015002180888,1.623321530168873,6211200
2003-11-21,1.5380396842956543,1.6209583755486099,1.5311457591703794,1.6162312929253286,11580800
2003-11-24,1.6024441719055176,1.6122920342450222,1.5362665249627299,1.5559622496417391,7110400
2003-11-25,1.6038230657577515,1.6225336423803929,1.583142195512796,1.60480761150313,2195200
2003-11-26,1.6134734153747559,1.6414413029075294,1.5971263818105996,1.6225334289304532,2812800
2003-11-28,1.6357301473617554,1.6583798079490228,1.634745000577372,1.650107640395589,1324800
2003-12-01,1.7229820489883423,1.7279062806565681,1.6759095798889074,1.6908782223484333,8492800
2003-12-02,1.689893364906311,1.7241638863556112,1.6774852617859088,1.7241638863556112,5084800
2003-12-03,1.6445930004119873,1.707619258884069,1.6325788969445199,1.7066348633490558,6576000
2003-12-04,1.6408507823944092,1.6696066675243442,1.617215977107436,1.6696066675243442,2876800
2003-12-05,1.5979149341583252,1.6343518569111717,1.5864915241543078,1.6343518569111717,3977600
2003-12-08,1.6445930004119873,1.659365094361768,1.599292773826992,1.6002779206942714,5776000
2003-12-09,1.654441237449646,1.7089987915096572,1.6388818940270085,1.6445933729410172,8729600
2003-12-10,1.6843786239624023,1.7131345196150112,1.6605471112013814,1.6666525886438799,6476800
2003-12-11,1.7322396039962769,1.7322396039962769,1.6696073301036987,1.6845759759347174,5651200
2003-12-12,1.7135285139083862,1.766706924923083,1.6989537157497612,1.7338153923450088,8512000
2003-12-15,1.7481930255889893,1.7678887554618417,1.7292851429430303,1.7541016543909487,5939200
2003-12-16,1.6824089288711548,1.7627675294040284,1.6820150804566905,1.7529196661112683,13356800
2003-12-17,1.6534563302993774,1.6818182219750801,1.6353362996249918,1.6743339006790827,8992000
2003-12-18,1.6719704866409302,1.6879236762543792,1.6546383016703743,1.6790609600985364,5225600
2003-12-19,1.663894772529602,1.698756437228752,1.6638947725296018,1.688908575566747,3724800
2003-12-22,1.6922568082809448,1.702892518770396,1.6662584549511092,1.669213144553309,4720000
2003-12-23,1.7156953811645508,1.7174676242328872,1.7021049786220313,1.7086049062262332,3532800
2003-12-24,1.730466365814209,1.7529194797128096,1.7186489611728062,1.7186489611728062,1977600
2003-12-26,1.7190433740615845,1.747602574645085,1.7190433740615847,1.747602574645085,1088000
2003-12-29,1.8021589517593384,1.8100372723121259,1.7225881996824692,1.7529196361374986,8016000
2003-12-30,1.8417484760284424,1.8710947778309468,1.7942813832140547,1.8100380309234532,12752000
2003-12-31,1.8789724111557007,1.9039862191982349,1.8419443477265356,1.8512016641167746,10630400
2004-01-02,1.9557862281799316,1.980012194681833,1.8858666207044288,1.9057590513674245,13360000
2004-01-05,1.9951778650283813,2.018812685138023,1.974497585265597,1.980602914036465,12140800
2004-01-06,1.9764670133590698,1.999116835099688,1.9390450918112903,1.9729217755226167,10416000
2004-01-07,1.9691791534423828,2.0050253760667673,1.921318824017923,1.9961625079311955,11984000
2004-01-08,1.9416046142578125,2.0125091944854896,1.9319540515770919,1.9892682328827362,13427200
2004-01-09,1.9329383373260498,1.964451465607341,1.8947285847601067,1.937074721858387,15094400
2004-01-12,1.9479070901870728,1.99517685678557,1.9274235196521758,1.9833593024361116,8377600
2004-01-13,1.8866541385650635,1.9681944419712478,1.8710941945924575,1.9479075652658653,13872000
2004-01-14,1.8878358602523804,1.9301814063403802,1.8710942204320011,1.9108795261597231,7628800
2004-01-15,1.82973313331604,1.895714091588274,1.8094468583613765,1.8876384705707072,18873600
2004-01-16,1.7824630737304688,1.83012669112981,1.7578437185488662,1.8257936076814238,39084800
2004-01-20,1.7430720329284668,1.7923113558925479,1.7381484011650359,1.7901451141937863,13859200
2004-01-21,1.7578433752059937,1.782462725578932,1.7381476544813645,1.782462725578932,20003200
2004-01-22,1.7889633178710938,1.7968416391553672,1.74405708189716,1.7627676629311788,13280000
2004-01-23,1.8484439849853516,1.8484439849853516,1.8062951472566164,1.8287482608030847,24643200
2004-01-26,1.8657763004302979,1.8710937792580538,1.8326874781127607,1.8710937792580538,13273600
2004-01-27,1.8584887981414795,1.9006376415917299,1.8582920993312506,1.880941914735857,9827200
2004-01-28,1.755874514579773,1.8582922419859818,1.752919824738335,1.8582922419859818,9075200
2004-01-29,1.760010004043579,1.7911292857140102,1.6839844932621244,1.7755699454117089,15731200
2004-01-30,1.7401176691055298,1.78009966845991,1.7160888592527812,1.772024799441117,4873600
2004-02-02,1.7066349983215332,1.7430717610452964,1.6761062622060823,1.7430717610452964,12528000
2004-02-03,1.686741828918457,1.7162854155766734,1.6782729619320147,1.6906809136996381,8198400
2004-02-04,1.6985597610473633,1.7235737235353163,1.6839849625107786,1.6938328277886194,5516800
2004-02-05,1.7214066982269287,1.7428752706629813,1.7135283767861096,1.7284971724970173,3459200
2004-02-06,1.755480170249939,1.7726152041194445,1.7332237551390124,1.7430716173841203,8780800
2004-02-09,1.7393302917480469,1.782266992195064,1.7393302917480469,1.7775400587354078,17948800
2004-02-10,1.7379510402679443,1.7627677002454567,1.7019082718587546,1.7627677002454567,16784000
2004-02-11,1.7572529315948486,1.7586319271206172,1.7233762543243498,1.7381483513229554,5820800
2004-02-12,1.7412997484207153,1.7627677200600047,1.7263309525221262,1.7369666640606118,5718400
2004-02-13,1.7529199123382568,1.7885694349132883,1.7391329618983722,1.7505563707200666,8643200
2004-02-17,1.8009780645370483,1.8064928463190586,1.758041356034427,1.758041356034427,5651200
2004-02-18,1.7726149559020996,1.802158538500468,1.7578434651357788,1.802158538500468,9465600
2004-02-19,1.663698434829712,1.738148261109801,1.6416391658233433,1.7308604872694329,22268800
2004-02-20,1.6373060941696167,1.6776820956276723,1.6371089445510403,1.67394015980314,16108800
2004-02-23,1.6455779075622559,1.6457744560544296,1.6022472296916825,1.6349421998194724,9708800
2004-02-24,1.62982177734375,1.64932020527446,1.6099287496415708,1.6213523078390635,6454400
2004-02-25,1.6540472507476807,1.6680314996821803,1.6150496444355253,1.6189887298031684,6364800
2004-02-26,1.648729920387268,1.6573960900908733,1.6288368895193985,1.639669902181909,6921600
2004-02-27,1.6550326347351074,1.6780763045542426,1.637897143550413,1.667046742730957,7942400
2004-03-01,1.6788636445999146,1.6993472177015936,1.6386843454696747,1.6938324384562309,8240000
2004-03-02,1.6763036251068115,1.6938325094527023,1.6593652879909666,1.6593652879909666,3865600
2004-03-03,1.6428207159042358,1.6900903334177788,1.6418355690621176,1.6741365444873817,6288000
2004-03-04,1.6792577505111694,1.682212440190369,1.6426236857371892,1.6544410920557209,4928000
2004-03-05,1.605792760848999,1.6684251733389988,1.6028380714665937,1.6684251733389988,12576000
2004-03-08,1.535282015800476,1.6150494622280922,1.5323274767083583,1.6148527634349084,17750400
2004-03-09,1.4943153858184814,1.5630531407309947,1.4732406602513017,1.526616370912634,17715200
2004-03-10,1.4791494607925415,1.5017998834490767,1.4732408312819592,1.4732408312819592,7436800
2004-03-11,1.505541205406189,1.5165707628690634,1.46949829460176,1.4759976191165318,14556800
2004-03-12,1.555962324142456,1.5719161143439768,1.5201161095209719,1.5214951048367802,10982400
2004-03-15,1.508692741394043,1.541191023323486,1.4984510289061685,1.5313431592800961,7193600
2004-03-16,1.5675832033157349,1.5693554459862031,1.5126318094806042,1.5126318094806042,12169600
2004-03-17,1.5914148092269897,1.6250947850571151,1.5874755736484913,1.6032322154295398,9184000
2004-03-18,1.5835365056991577,1.5864911953817553,1.5543867631645476,1.5825519597600652,15024000
2004-03-19,1.6312001943588257,1.644593295470321,1.614065157358019,1.631003495536277,9721600
2004-03-22,1.5734920501708984,1.6199739818006267,1.5701435118317886,1.6199739818006267,7488000
2004-03-23,1.5780212879180908,1.5992925533028206,1.5715219641798064,1.588656995743672,4425600
2004-03-24,1.544342279434204,1.5750675645279482,1.501602138417691,1.5711284793551745,10640000
2004-03-25,1.642624020576477,1.6471542551595282,1.5760523526077326,1.5764463513829998,13488000
2004-03-26,1.648729920387268,1.6593656331326467,1.6349429688283525,1.645775230158353,9270400
2004-03-29,1.6749242544174194,1.7082103739608991,1.664485846099176,1.6751215542493063,9209600
2004-03-30,1.636715292930603,1.6674407369151374,1.6347457497913853,1.6674407369151374,3817600
2004-03-31,1.6097320318222046,1.634745236868702,1.5923996969957113,1.634745236868702,8064000
2004-04-01,1.6556227207183838,1.6658645826427414,1.6182009605993317,1.6347452987235693,8464000
2004-04-02,1.6345489025115967,1.7052563513083034,1.619974104284982,1.6765006033405514,11132800
2004-04-05,1.7034837007522583,1.7105741745521148,1.6548349300850358,1.6548349300850358,10198400
2004-04-06,1.6851662397384644,1.733027159645904,1.6837878454855564,1.7314516157952837,11984000
2004-04-07,1.640063762664795,1.681424764120605,1.614853102949678,1.647941934167624,18643200
2004-04-08,1.6501078605651855,1.6761062122494699,1.6424268401640993,1.6741366697501148,10608000
2004-04-12,1.654441237449646,1.681030742102621,1.6225341023457531,1.6227314022435166,17561600
2004-04-13,1.7105745077133179,1.7529200588807323,1.6839850003854226,1.7412999502524489,19148800
2004-04-14,1.7023019790649414,1.7168767748668285,1.6853636419439089,1.7135282368316171,9692800
2004-04-15,1.6790615320205688,1.7076199841159065,1.673349450908557,1.7076199841159065,6051200
2004-04-16,1.6717729568481445,1.6812269702468738,1.6595617044467406,1.6745303461172645,2723200
2004-04-19,1.7430720329284668,1.7448450272267249,1.6418359969356353,1.676697672009927,10992000
2004-04-20,1.7007263898849487,1.7529197988079945,1.6997413931080518,1.7430719347697474,9065600
2004-04-21,1.689893364906311,1.759025556080103,1.6640921619842968,1.7542986238755531,8697600
2004-04-22,1.7330271005630493,1.7355873404497153,1.6503051157004318,1.654440899384004,5884800
2004-04-23,1.733223795890808,1.7430716583674604,1.7184523027087422,1.7381480276620467,2953600
2004-04-26,1.7042714357376099,1.732830027871306,1.6839845616045954,1.7302697878710223,4764800
2004-04-27,1.6672435998916626,1.703680363791135,1.6652740572700535,1.6958020430382288,3574400
2004-04-28,1.6363210678100586,1.672955132780916,1.617413187545499,1.6603498792712097,5456000
2004-04-29,1.5992931127548218,1.6363211789374346,1.5855061627505413,1.617019298664957,6851200
2004-04-30,1.5902334451675415,1.640064076565556,1.5833402691829777,1.6150501108974196,5769600
2004-05-03,1.6347453594207764,1.666258492922581,1.6052017685878708,1.6120955435952011,8233600
2004-05-04,1.6727582216262817,1.6741366158251563,1.6201703716955178,1.634745166041035,8908800
2004-05-05,1.7064379453659058,1.7135284198140415,1.6694100290106872,1.6694100290106872,6633600
2004-05-06,1.6845757961273193,1.7149072335471247,1.6440026468496503,1.6784698683483321,6076800
2004-05-07,1.654441237449646,1.6839848309755325,1.6538506901547407,1.676106509315332,5302400
2004-05-10,1.5665981769561768,1.6396696081824302,1.5612806972031885,1.6396696081824302,12822400
2004-05-11,1.566796064376831,1.6030361442900825,1.5411915490237282,1.5835371083747056,5920000
2004-05-12,1.5439481735229492,1.5707343715834983,1.4840731514032781,1.5453265677313965,12752000
2004-05-13,1.5740829706192017,1.6146562834331595,1.51204183141736,1.532525261832353,5331200
2004-05-14,1.4702860116958618,1.546114212553402,1.4295155716961223,1.537054198257036,27248000
2004-05-17,1.4273494482040405,1.4629983601594612,1.3446274672006473,1.360974503446503,38352000
2004-05-18,1.544144868850708,1.5597048101534778,1.4870272363419,1.5079046567403744,28409600
2004-05-19,1.5746735334396362,1.6394721894504252,1.546114490325748,1.573097989562836,27449600
2004-05-20,1.5923998355865479,1.6103227191697216,1.5756581967662509,1.5855060604960398,10009600
2004-05-21,1.5947633981704712,1.6150496731478345,1.5626589652812275,1.603232266568341,6307200
2004-05-24,1.6382908821105957,1.6601534556948614,1.613474219407388,1.6495177431077725,6124800
2004-05-25,1.6629860401153564,1.6779952450268119,1.6161583467906084,1.6161583467906084,6870400
2004-05-26,1.6761932373046875,1.6839981549203464,1.6429734803638603,1.6627856346963792,4172800
2004-05-27,1.6803958415985107,1.689201106904286,1.661384181847844,1.661384181847844,3590400
2004-05-28,1.6559815406799316,1.6801955649745133,1.63196737235686,1.632167075650011,7126400
2004-06-01,1.641973614692688,1.686999998045178,1.6313668944123285,1.654580727210287,6422400
2004-06-02,1.6455758810043335,1.6609846431099382,1.6309668483549393,1.6411732466783897,8777600
2004-06-03,1.623362421989441,1.643974922321497,1.6219619030084627,1.627965370451071,9203200
2004-06-04,1.6359689235687256,1.683597068131697,1.6211601983984385,1.6583822488986293,7398400
2004-06-07,1.6950042247772217,1.7010078429412965,1.6339684579648084,1.64177276461439,9702400
2004-06-08,1.6719907522201538,1.693002801756582,1.6633853436182362,1.6914018168090152,4608000
2004-06-09,1.681396722793579,1.6944047701057512,1.6711910875803158,1.6769942410244683,6150400
2004-06-10,1.6914026737213135,1.7010084355949362,1.6719915992982544,1.6849988833650336,6416000
2004-06-14,1.6559815406799316,1.6789949023618673,1.6519792301855394,1.6625851850494846,13545600
2004-06-15,1.7216204404830933,1.7468354245446605,1.660984229257903,1.660984229257903,15680000
2004-06-16,1.7272237539291382,1.7396311610936301,1.7136156841184693,1.7210198213293477,5417600
2004-06-17,1.7310256958007812,1.759842819824944,1.7186182890285204,1.7230209221631407,7033600
2004-06-18,1.7600433826446533,1.7610437313884437,1.72122047693307,1.7460351413072335,6454400
2004-06-21,1.7464356422424316,1.7960649760554284,1.7448346565895232,1.7690486866889892,8579200
2004-06-22,1.7652463912963867,1.7710495434429554,1.7060113062438798,1.7458345580406038,7366400
2004-06-23,1.764245867729187,1.7810557589096716,1.7222208344211876,1.7410320339903533,7654400
2004-06-24,1.7710496187210083,1.8000670601492963,1.7516383953536339,1.763044844145916,6998400
2004-06-25,1.875511884689331,1.8961243851659133,1.7680484273396968,1.7710499320644433,14569600
2004-06-28,1.89052152633667,1.9411512233033827,1.8811156184589481,1.8977258111322772,10636800
2004-06-29,1.866106390953064,1.8911209124809594,1.8410912587116217,1.870909194964972,9785600
2004-06-30,1.8647050857543945,1.880114455842168,1.8512974818067103,1.8512974818067103,10422400
2004-07-01,1.8434925079345703,1.865105199641173,1.832686085742085,1.8514971294000844,6796800
2004-07-02,1.9109326601028442,1.917336448814002,1.820879295470608,1.8659056724299938,12873600
2004-07-06,1.8655054569244385,1.8917212478219594,1.8170767964352987,1.8907204411563028,12118400
2004-07-07,1.7822566032409668,1.9091319035443808,1.7818564331295281,1.901527297321359,11643200
2004-07-08,1.7410320043563843,1.793062815330207,1.7250224535897964,1.7814558986583506,13049600
2004-07-09,1.7974656820297241,1.8194787026736292,1.7742519983603875,1.7974656820297241,12251200
2004-07-12,1.7586420774459839,1.817877160534846,1.7090127536561857,1.7714496547258263,11664000
2004-07-13,1.855499505996704,1.8959233921483343,1.8010672275791089,1.8759115340641221,25900800
2004-07-14,1.9095317125320435,1.919137472852471,1.8158761982909917,1.8575009052155438,11934400
2004-07-15,1.9411495923995972,1.9539571651248762,1.911531985048446,1.9263408650631766,11131200
2004-07-16,1.8811144828796387,1.9703673432140156,1.8715087247247595,1.9463531768443374,7659200
2004-07-19,1.8599016666412354,1.9011260349633783,1.850295910022959,1.8887186311394215,7582400
2004-07-20,1.8446934223175049,1.8603026500547697,1.8066708544548613,1.841091281095183,6315200
2004-07-21,1.810673475265503,1.8831163233655936,1.805070025239956,1.8683075871369388,6036800
2004-07-22,1.8294841051101685,1.8338867384993902,1.7794544578296778,1.8010673020976578,4230400
2004-07-23,1.7806551456451416,1.8146752422878172,1.7718498794973805,1.7910612443556586,5528000
2004-07-26,1.873110055923462,1.8811148304183638,1.7750519118872552,1.7750519118872552,13544000
2004-07-27,1.9007264375686646,1.920738296595725,1.8498962973185276,1.87431078976008,8897600
2004-07-28,1.9451522827148438,1.9563590255538132,1.8498959609928145,1.891120334236564,9483200
2004-07-29,1.9507561922073364,1.98717777152852,1.9115328120044837,1.9359473057860725,10721600
2004-07-30,2.0071897506713867,2.015594695779641,1.9263418126492413,1.9503559851523642,10688000
2004-08-02,2.028402328491211,2.0408097377972987,1.971168391409615,2.0151944263900474,9833600
2004-08-03,1.98317551612854,2.033205171695246,1.963163653901858,2.033205171695246,9182400
2004-08-04,1.9391499757766724,1.979573880624858,1.9051297096917015,1.961162999314929,10574400
2004-08-05,1.9451522827148438,1.981173683485924,1.9239397648598413,1.9659646306405412,6752000
2004-08-06,1.862303614616394,1.9091314457019046,1.861102951891608,1.8911207414382467,9852800
2004-08-09,1.886318325996399,1.9035285410919778,1.8643053063350599,1.8659061394047105,6836800
2004-08-10,1.9443527460098267,1.9467540719342542,1.8743112232171686,1.8807150134796469,9576000
2004-08-11,1.865905523300171,1.9331453757324613,1.808671599471753,1.9211382919434854,11467200
2004-08-12,1.8158756494522095,1.8775121984598169,1.789460007402997,1.8210787744147567,9374400
2004-08-13,1.8198789358139038,1.8514975644604348,1.80186822792765,1.8114738370147163,4608000
2004-08-16,1.8603017330169678,1.8667055195134097,1.8078706261110096,1.8078706261110096,2521600
2004-08-17,1.8595023155212402,1.8891199406119497,1.831485676149683,1.8771128530751113,3395200
2004-08-18,1.929142713546753,1.9299432060104802,1.8587009035220041,1.8587009035220041,6652800
2004-08-19,1.9779722690582275,1.9975839600276606,1.9251409682030143,1.935947391470451,10737600
2004-08-20,1.975570797920227,1.9915801939427962,1.9363475715491305,1.9915801939427962,3712000
2004-08-23,2.0007858276367188,2.011191927646054,1.961962770425078,1.9891789122074937,6377600
2004-08-24,1.99238121509552,2.0131935728555668,1.9671663753194744,2.001186484484343,2841600
2004-08-25,2.0580193996429443,2.090038494526644,1.9811739383501277,2.00118579631326,12129600
2004-08-26,2.026801347732544,2.085636270544542,2.014794261134566,2.084435607688261,11216000
2004-08-27,2.022799015045166,2.0336054386726397,1.9615626144894813,1.9887787585856993,6113600
2004-08-30,2.026000738143921,2.052416388208061,2.005588707371878,2.0059888774081065,4488000
2004-08-31,2.0864360332489014,2.0940404831416886,2.00118548868115,2.00118548868115,5668800
2004-09-01,2.1368660926818848,2.1993031422647897,2.0716273952983064,2.073628703165948,20976000
2004-09-02,2.1752891540527344,2.182493435976707,2.1160540658721407,2.161280912910775,10270400
2004-09-03,2.1436705589294434,2.200904492366086,2.1436705589294434,2.1520755037248827,3910400
2004-09-07,2.1136527061462402,2.198102627015778,2.0952416789282524,2.1784910897343917,7704000
2004-09-08,2.184893846511841,2.1892964780560407,2.096441503830684,2.118454508873382,12057600
2004-09-09,2.2013049125671387,2.2253190869056034,2.1520757482984085,2.199703926897002,8684800
2004-09-10,2.198502540588379,2.2185143968451975,2.1788908542782237,2.1828933171365956,7264000
2004-09-13,2.2661430835723877,2.2913580710341517,2.2073083163994482,2.2233177134983344,8326400
2004-09-14,2.333782911300659,2.350993121220719,2.251734172188504,2.2689443821085633,10457600
2004-09-15,2.2821521759033203,2.3646010811765197,2.274947895215451,2.356996477851351,11531200
2004-09-16,2.3121705055236816,2.3489922575492224,2.284954361557679,2.307367701493913,4908800
2004-09-17,2.297761917114258,2.330581357557042,2.280551704116409,2.3253782308492683,4076800
2004-09-20,2.276949405670166,2.3181737884003892,2.253735727470071,2.253735727470071,7716800
2004-09-21,2.313370943069458,2.3313816472750686,2.2701454056543646,2.2701454056543646,3414400
2004-09-22,2.2565364837646484,2.315371225070951,2.246530557722547,2.315371225070951,7843200
2004-09-23,2.22611927986145,2.260139533716223,2.201304616030686,2.2509340963705906,7166400
2004-09-24,2.22611927986145,2.2609400264434574,2.1884970377516866,2.201704786055115,4752000
2004-09-27,2.1792914867401123,2.2165135568840446,2.1772903313655894,2.2113104307675893,5776000
2004-09-28,2.1916985511779785,2.197301999489336,2.154076314300421,2.1808922825591046,7281600
2004-09-29,2.2589383125305176,2.2661425931032024,2.1752887460395427,2.195300602590701,11907200
2004-09-30,2.2653424739837646,2.329380517111782,2.2653424739837646,2.3209755726174612,7756800
2004-10-01,2.336984634399414,2.338985789562346,2.2737472457163195,2.2757484008792517,9694400
2004-10-04,2.372206211090088,2.4034246678911684,2.364201435513853,2.371405718264625,10659200
2004-10-05,2.331782341003418,2.3834129870961953,2.3289806922397855,2.3654022788454117,5208000
2004-10-06,2.284954071044922,2.3357842113223777,2.255336452490473,2.3345835486371866,12564800
2004-10-07,2.2749481201171875,2.318573978516211,2.270545486741761,2.2777497681418466,6913600
2004-10-08,2.232923746109009,2.320575652495044,2.232923746109009,2.2789509401425154,10832000
2004-10-11,2.2433295249938965,2.2525349624757345,2.1716870279693206,2.228120468308157,12625600
2004-10-12,2.356997013092041,2.436644288704322,2.2973617515736717,2.3213759242009475,45248000
2004-10-13,2.416632890701294,2.4370449260808433,2.3690045536849866,2.3998228444960046,15942400
2004-10-14,2.450251579284668,2.487473641863157,2.4258370917140097,2.4482502716385453,12121600
2004-10-15,2.4357779026031494,2.483892064602735,2.410918977534467,2.4570282616980954,6590400
2004-10-18,2.4622409343719482,2.472665596670234,2.415730608443594,2.415730608443594,7014400
2004-10-19,2.4818882942199707,2.5055444240454876,2.4598358531489914,2.477076769104068,8484800
2004-10-20,2.502737283706665,2.507949692063568,2.4618403964470947,2.469859297979878,14246400
2004-10-21,2.548846483230591,2.574106295902103,2.4939162177543044,2.5195770672337163,20635200
2004-10-22,2.6390602588653564,2.654697328068866,2.5640824422725403,2.6057812424983275,20036800
2004-10-25,2.6867737770080566,2.7012080430693097,2.642669211110431,2.678353839455902,16632000
2004-10-26,2.6302387714385986,2.7068205672087866,2.611795060235106,2.697999595350297,15692800
2004-10-27,2.664320230484009,2.698000285660955,2.5849320752480773,2.6386593817308346,8419200
2004-10-28,2.7104299068450928,2.722057527735627,2.6663253383681695,2.67434423958162,17500800
2004-10-29,2.6635191440582275,2.7264684775539263,2.651490484296644,2.7244635989598205,7152000
2004-11-01,2.622220516204834,2.70200970739492,2.616206187925865,2.681561113607003,9382400
2004-11-02,2.612597942352295,2.6947927477742035,2.605380809134138,2.626230135152445,15603200
2004-11-03,2.7501227855682373,2.792222763287002,2.686371722858419,2.688777330990461,16163200
2004-11-04,2.8126723766326904,2.816681826949838,2.7260667814553443,2.763355250617571,6672000
2004-11-05,2.629838705062866,2.690382420328977,2.54604005329119,2.635051266303245,68416000
2004-11-08,2.6053802967071533,2.622621205676166,2.546440285050724,2.590143959631363,19920000
2004-11-09,2.615403413772583,2.666725090987274,2.570095756621077,2.607384210519459,15166400
2004-11-10,2.562077522277832,2.6298380483690216,2.558067919613674,2.6222201856838776,17526400
2004-11-11,2.641465902328491,2.6422679758835828,2.536015866539962,2.542030194597418,15022400
2004-11-12,2.642268180847168,2.651890922944685,2.5821255074101375,2.6462776312293457,10033600
2004-11-15,2.6911840438842773,2.7781903640355545,2.642267958003414,2.6559001493333962,16907200
2004-11-16,2.681560754776001,2.7320806772970334,2.659909359409844,2.7320806772970334,7116800
2004-11-17,2.6739437580108643,2.7216567447128774,2.656301806614304,2.7216567447128774,13675200
2004-11-18,2.7016079425811768,2.7064194650880453,2.649484491979557,2.649484491979557,4307200
2004-11-19,2.6266305446624756,2.7425053793956637,2.6166067679146123,2.7421043426733602,6646400
2004-11-22,2.5809226036071777,2.6262299723957447,2.550450231252166,2.6061824153545556,8244800
2004-11-23,2.582125186920166,2.606182192128763,2.568492690231063,2.586134636804696,5246400
2004-11-24,2.6450750827789307,2.6587072765783804,2.56608764840716,2.59014465893068,5972800
2004-11-26,2.6342482566833496,2.679555920775595,2.633847525885299,2.6743433613872143,1582400
2004-11-29,2.8186867237091064,2.8275073921046125,2.6863727210576274,2.7064202786774603,25296000
2004-11-30,2.886848211288452,2.886848211288452,2.798639082748549,2.8411398057485004,16667200
2004-12-01,2.836729049682617,2.886847937486197,2.8086625948731787,2.8732157468363027,13846400
2004-12-02,2.76936936378479,2.8427434919009755,2.76936936378479,2.826705385977555,9329600
2004-12-03,2.7228596210479736,2.7665631530091788,2.690783404159741,2.75533656886874,16630400
2004-12-06,2.7765862941741943,2.791822325447323,2.72566564041556,2.791822325447323,8355200
2004-12-07,2.696396589279175,2.789417247483677,2.696396589279175,2.786610601559891,6848000
2004-12-08,2.6811602115631104,2.753732265366054,2.642267904530122,2.7300759905526033,6566400
2004-12-09,2.673140525817871,2.6903814328742452,2.6174083554056917,2.6903814328742452,11964800
2004-12-10,2.673541784286499,2.7264673140286466,2.6282344228690544,2.6282344228690544,6419200
2004-12-13,2.705618381500244,2.7220572188931214,2.6771505818490415,2.6931886883577443,4592000
2004-12-14,2.7801942825317383,2.7946285440181415,2.7064194401802184,2.7072212076399707,13873600
2004-12-15,2.7761855125427246,2.838333059472946,2.766963807943644,2.8066578837905665,7396800
2004-12-16,2.73769474029541,2.802648944716493,2.733685289482094,2.7890164448694317,8833600
2004-12-17,2.7854068279266357,2.7854068279266357,2.704414549330319,2.7629536683481035,8560000
2004-12-20,2.8700082302093506,2.894867004217453,2.7850064814650923,2.787813127107989,17104000
2004-12-21,2.8106675148010254,2.9052920111606726,2.7906199571977353,2.8724140289273343,11052800
2004-12-22,2.7264676094055176,2.8002424684743934,2.7264676094055176,2.7966340552358067,8249600
2004-12-23,2.7605478763580322,2.7717744566441795,2.7184482002849806,2.7384957524820637,6256000
2004-12-27,2.764958620071411,2.778591115905003,2.757340451637892,2.766963497838568,3672000
2004-12-28,2.8166821002960205,2.8166821002960205,2.7826013104407066,2.7866107611469526,4387200
2004-12-29,2.814274787902832,2.8363269063923715,2.7986377254807113,2.8162793590920834,4740800
2004-12-30,2.7966339588165283,2.816681514076862,2.7874119488001514,2.807860540818089,4801600
2004-12-31,2.77899169921875,2.814676319089813,2.7733784088503612,2.796232607036339,3990400
2005-01-03,2.772977590560913,2.818685985490917,2.7597461325808137,2.7842041709435286,9339200
2005-01-04,2.7076237201690674,2.79422933629374,2.7076237201690674,2.772176895363423,5590400
2005-01-05,2.6787543296813965,2.7156420651355617,2.6763487208544783,2.7064200547966637,5844800
2005-01-06,2.648282289505005,2.6943914239241495,2.6162060773077096,2.6687305765268854,11214400
2005-01-07,2.643470287322998,2.698400691348132,2.6310409026499797,2.678353138829651,12513600
2005-01-10,2.622220516204834,2.639060390664792,2.5725026605081487,2.6146023466580437,10049600
2005-01-11,2.5360159873962402,2.646277552065642,2.509553217993613,2.630239445115258,16230400
2005-01-12,2.6021728515625,2.626229857781741,2.4858969646178313,2.5861347454491956,30302400
2005-01-13,2.556063175201416,2.6262296153049847,2.5384213824662,2.6262296153049847,12216000
2005-01-14,2.55806827545166,2.58092263143974,2.524789409938784,2.5548607458248553,8766400
2005-01-18,2.5392229557037354,2.594153051237993,2.488703040086375,2.5737047688821,5918400
2005-01-19,2.528398036956787,2.5761111693105496,2.528398036956787,2.5460398327038116,7419200
2005-01-20,2.4955198764801025,2.552053979149772,2.485896982154094,2.5179730416562616,8752000
2005-01-21,2.469057559967041,2.525992556880368,2.459835547781775,2.4854965530287085,4132800
2005-01-24,2.4261553287506104,2.475873338390702,2.4077116126545786,2.437382064898794,12681600
2005-01-25,2.4498114585876465,2.4854962393181945,2.3924754320591473,2.406508814041019,7715200
2005-01-26,2.5219826698303223,2.550450163362874,2.4654485665970545,2.4846942024902186,7729600
2005-01-27,2.514364242553711,2.55285551039173,2.4987271745539346,2.552454626601016,5035200
2005-01-28,2.5572662353515625,2.576110987237451,2.536416758423726,2.566087209076994,9652800
2005-01-31,2.6478817462921143,2.653094001737626,2.574507603697402,2.606182785023559,6964800
2005-02-01,2.7144384384155273,2.771774449793529,2.6206160411977266,2.6943908862679935,18180800
2005-02-02,2.6927878856658936,2.746114152475746,2.6711364883417312,2.746114152475746,6360000
2005-02-03,2.6943914890289307,2.721656178285001,2.675146005966668,2.684367710712749,2819200
2005-02-04,2.7605478763580322,2.7673639706887116,2.6819615084536323,2.719249967776261,7470400
2005-02-07,2.703613519668579,2.7665628357236245,2.6963963869915033,2.7409019875165637,6481600
2005-02-08,2.723660945892334,2.7252647870660764,2.6791553475006196,2.7144389356186727,2592000
2005-02-09,2.6410651206970215,2.7364913765230554,2.6322441471691294,2.724462720639307,4398400
2005-02-10,2.7685670852661133,2.7910202458748086,2.666324446534686,2.666324446534686,10916800
2005-02-11,2.967038154602051,3.020364724580833,2.7709730902092446,2.79262448642397,24760000
2005-02-14,2.919325113296509,3.0315915533513285,2.8992775565653934,3.0275821031853933,11049600
2005-02-15,2.9886891841888428,3.035600383948691,2.9068951327119548,2.910904582059558,10470400
2005-02-16,2.9951047897338867,2.9995152765932893,2.9285470618671994,2.9538068726880584,9944000
2005-02-17,2.982274055480957,3.015152032163918,2.953004797626129,2.9951044779450053,5868800
2005-02-18,2.9189248085021973,2.9963084010164613,2.910504564252714,2.9963084010164613,4617600
2005-02-22,2.896470308303833,2.946990226408943,2.8800314742728523,2.946990226408943,5816000
2005-02-23,2.9245376586914062,2.9417785696270147,2.854371210495558,2.9137118068078127,3030400
2005-02-24,2.9590187072753906,2.9730519320669373,2.866799848528612,2.9064939146250897,3104000
2005-02-25,3.0712852478027344,3.08732335237196,2.946990472718689,2.9770618040729615,9636800
2005-02-28,3.0572524070739746,3.126617088086844,3.0271810719224272,3.1033618488199686,6526400
2005-03-01,3.0532426834106445,3.066874873958903,3.0199636687408424,3.0271808007668066,2976000
2005-03-02,3.011143207550049,3.0516393611307895,2.9670386402935454,3.047228873814993,4576000
2005-03-03,3.0636677742004395,3.075295087940514,3.0075345540316047,3.0388086936667076,6326400
2005-03-04,3.0961453914642334,3.103763562586059,3.0484320980616513,3.087324415618226,4656000
2005-03-07,3.0909321308135986,3.1466646196100028,3.0805076216270644,3.0805076216270644,4449600
2005-03-08,3.0704843997955322,3.123409946593431,3.0472291565006167,3.123409946593431,3561600
2005-03-09,2.9971086978912354,3.084516027336692,2.977061148072565,3.053642935212526,7129600
2005-03-10,3.0376055240631104,3.044822655873004,2.967038047022084,2.9894912100300184,4132800
2005-03-11,2.9830756187438965,3.0392088221363847,2.969844161806121,3.0364021772618277,2723200
2005-03-14,2.9951047897338867,2.9971096677250455,2.936966998807486,2.9971096677250455,6208000
2005-03-15,2.99310040473938,3.0055297925374966,2.961024190284395,2.99710985507089,3187200
2005-03-16,3.035599708557129,3.107369967746132,2.9602210375285325,2.9714476155645673,10595200
2005-03-17,3.0295870304107666,3.081309769547557,3.015152763400431,3.0472289802903934,6227200
2005-03-18,3.0311903953552246,3.0877246499090085,3.027180945349617,3.0760970307617463,5371200
2005-03-21,3.0520408153533936,3.067276851681649,3.0127474609574105,3.058856912718547,3385600
2005-03-22,3.0275821685791016,3.0536440540727576,3.0171573532013496,3.0536440540727576,3209600
2005-03-23,2.9939017295837402,3.0067321522875528,2.9674391165889915,3.0023216658048604,6008000
2005-03-24,3.0079352855682373,3.0319925984325367,2.9810716328914015,2.9810716328914015,4560000
2005-03-28,2.9914968013763428,3.0392100900504473,2.98909119216638,3.0392100900504473,1728000
2005-03-29,2.9105045795440674,3.0171577443153703,2.9068961656194596,2.9910958554433122,5400000
2005-03-30,2.92694354057312,3.0011194458320087,2.90007988560339,2.90007988560339,4009600
2005-03-31,2.9562129974365234,2.999916526454842,2.946990986284164,2.962227020034307,6390400
2005-04-01,2.9590187072753906,3.00913758574617,2.926942502693548,2.9910946059558747,4208000
2005-04-04,2.949798107147217,2.997912131086193,2.9377694482117205,2.9505998749888813,3504000
2005-04-05,2.963029146194458,2.988288959257469,2.9393728685849903,2.9393728685849903,3270400
2005-04-06,2.9750566482543945,2.992297555522315,2.9473912340068926,2.9662359821719884,2819200
2005-04-07,2.8487579822540283,2.9750573470847987,2.8271065839083818,2.9750573470847987,13704000
2005-04-08,2.736891746520996,2.84675224028233,2.7332830282744704,2.84675224028233,13232000
2005-04-11,2.662315845489502,2.7296756546779624,2.653895907578628,2.7284728501051903,12238400
2005-04-12,2.7372934818267822,2.7541336633216775,2.678353917249774,2.6795567218062386,15414400
2005-04-13,2.650688409805298,2.750525173033226,2.6274331667702255,2.750124136180486,12272000
2005-04-14,2.4678537845611572,2.5492469550949584,2.4618396103320173,2.5340107717365545,34030400
2005-04-15,2.424150228500366,2.5388222635331203,2.3764371043433306,2.441391137429106,26630400
2005-04-18,2.45261812210083,2.4566277253891946,2.345564237988474,2.4057069107574094,10921600
2005-04-19,2.412523031234741,2.485897166168649,2.385659377210236,2.4814866789823626,8777600
2005-04-20,2.3856589794158936,2.457830144841696,2.363205663370903,2.4490093248906697,10377600
2005-04-21,2.5039398670196533,2.5075484333503106,2.394079188803533,2.394079188803533,12289600
2005-04-22,2.579719066619873,2.6049791800914353,2.485896662015194,2.4883024235245568,12160000
2005-04-25,2.4698588848114014,2.6057812925943487,2.455825656525826,2.5897431863102196,12428800
2005-04-26,2.335139274597168,2.4858968209568877,2.3102801962630903,2.4858968209568877,25652800
2005-04-27,2.269383192062378,2.315091746489677,2.2605623717629695,2.3054688526758484,23456000
2005-04-28,2.3046674728393555,2.335540733507623,2.254548572978677,2.254548572978677,15878400
2005-04-29,2.3736307621002197,2.3736307621002197,2.2854214813526066,2.315492816633562,10094400
2005-05-02,2.3423564434051514,2.3836545140724783,2.3255165692510578,2.3816497889994745,7235200
2005-05-03,2.325917959213257,2.3459655202071508,2.2966485385162616,2.3307294839763326,9361600
2005-05-04,2.3876638412475586,2.3964848146553344,2.329125015606728,2.3331344655462383,7041600
2005-05-05,2.4534194469451904,2.498726958921055,2.4097157758951786,2.4101168126019865,17107200
2005-05-06,2.5099542140960693,2.5239875965429728,2.469859097877597,2.515567658845269,14244800
2005-05-09,2.5308029651641846,2.548444909115928,2.4614384524057296,2.5279963200719866,13352000
2005-05-10,2.520378589630127,2.5340109328807308,2.486297655028265,2.4931139031289185,6664000
2005-05-11,2.4658496379852295,2.50594475405003,2.4614391507459845,2.4927132923322954,10086400
2005-05-12,2.398890733718872,2.4710619080183243,2.387663997840667,2.4578304470388854,13648000
2005-05-13,2.4181368350982666,2.4450004931132465,2.3792445182608923,2.405707292358809,9209600
2005-05-16,2.5191762447357178,2.5304028284187225,2.4213440625241676,2.4445993035255134,11838400
2005-05-17,2.5420305728912354,2.5448372189488633,2.47146307871183,2.5255915804319544,8040000
2005-05-18,2.639460802078247,2.6595083543238944,2.538020083708806,2.538020083708806,19489600
2005-05-19,2.631441593170166,2.665522676650983,2.606181787508043,2.6414653692759664,6104000
2005-05-20,2.6603105068206787,2.6863723896920035,2.6061821691041827,2.611795460073217,5324800
2005-05-23,2.7565386295318604,2.7569396662576366,2.6362533075159247,2.6482819620780753,10537600
2005-05-24,2.7284724712371826,2.7665627049593864,2.702410587473947,2.7605483770291896,9985600
2005-05-25,2.7565386295318604,2.797034773596282,2.6963959685238925,2.721655776022738,20948800
2005-05-26,2.8924617767333984,2.938571223433326,2.750123986029594,2.7601477654903834,76467200
2005-05-27,2.8267054557800293,2.8864470882710633,2.806657899356057,2.8655977641867643,21667200
2005-05-31,2.900479316711426,2.9101023607266336,2.810666380545458,2.846752030849164,12136000
2005-06-01,2.8619086742401123,2.914140430528128,2.8582924574417126,2.9008814798289686,15657600
2005-06-02,2.8462390899658203,2.8566855648651694,2.8092750175982935,2.822533969600889,15478400
2005-06-03,2.8590965270996094,2.8623105677458223,2.8325786226434757,2.8574893535079937,10998400
2005-06-06,2.8936500549316406,2.8936500549316406,2.7992308167937776,2.8386058084600276,8329600
2005-06-07,2.900881767272949,2.920970977036715,2.8747660398096655,2.882801601100366,16918400
2005-06-08,2.8856143951416016,2.933024947652814,2.8566858808585502,2.8928465237123646,11654400
2005-06-09,2.9085159301757812,2.930614184785128,2.8647215975425713,2.8647215975425713,6680000
2005-06-10,2.870748281478882,2.9157482268579007,2.8675342405166333,2.901283969648111,4348800
2005-06-13,2.96034574508667,2.9728009561313122,2.8554800533178675,2.8603015736594988,15433600
2005-06-14,2.9430689811706543,2.960345712365968,2.9113279956473104,2.9535154551935623,10016000
2005-06-15,2.9928903579711914,3.013381437577079,2.9217746909206577,2.93302459924169,16396800
2005-06-16,2.950300931930542,3.0053454690841592,2.9474884552314213,2.9772203955559804,8409600
2005-06-17,3.0358810424804688,3.053559643773097,2.9531136028595086,2.9776224613653834,10172800
2005-06-20,3.051149606704712,3.0937386379140106,3.013381790175984,3.0330691320414274,9299200
2005-06-21,3.0133817195892334,3.0463280141285938,2.9900781607221867,3.044318970367385,10099200
2005-06-22,3.042309284210205,3.053559190075097,3.0025327437487817,3.0274431620104867,7145600
2005-06-23,2.9611501693725586,3.048337595469823,2.953516476115237,3.005346687616971,9203200
2005-06-24,2.931016683578491,2.951507771069732,2.8980703794441087,2.9499005969001124,9320000
2005-06-27,2.971193552017212,3.0045417087496347,2.9330241818544414,2.965167035229277,13054400
2005-06-28,3.032667398452759,3.0431135673662597,2.966774504988434,2.9711941558891577,10753600
2005-06-29,3.1106135845184326,3.1335152744670998,3.0254355198503635,3.0254355198503635,23729600
2005-06-30,3.117845296859741,3.163648670639751,3.1065953884277406,3.117041863344747,15785600
2005-07-01,3.072443962097168,3.1218632492183453,3.061194053046397,3.11784546834836,6916800
2005-07-05,3.0712389945983887,3.0857032525428916,3.0407033048780976,3.053560388991315,9609600
2005-07-06,3.1146304607391357,3.133916233978345,3.0636040107801126,3.0848985207599484,17196800
2005-07-07,3.097353458404541,3.1138267535286817,3.0439164064410904,3.0531572690166833,9891200
2005-07-08,3.1303012371063232,3.133917148216479,3.0792744657246116,3.0937387232393445,9859200
2005-07-11,3.127086639404297,3.134720331094137,3.086104477545023,3.134720331094137,15825600
2005-07-12,2.9129350185394287,2.962756166129613,2.8526673974661994,2.957131212685736,72649600
2005-07-13,2.8470423221588135,2.8972653375701145,2.8060601699224943,2.8972653375701145,24585600
2005-07-14,2.787578821182251,2.867534102046826,2.784766343890439,2.839810892643941,20521600
2005-07-15,2.819319486618042,2.8289625275390873,2.792400020421705,2.8225338335917236,25308800
2005-07-18,2.8647220134735107,2.900078919444927,2.843427189332225,2.843427189332225,15257600
2005-07-19,2.852668046951294,2.900882032172274,2.812489623754797,2.8956589475100643,17417600
2005-07-20,2.8092753887176514,2.8522662909963095,2.794811131265294,2.850659117219708,11972800
2005-07-21,2.829765796661377,2.832176403483131,2.752221443012821,2.8100784590307644,17816000
2005-07-22,2.900881767272949,2.900881767272949,2.8261498824287803,2.8402125744930276,11721600
2005-07-25,2.874363660812378,2.916952679878359,2.8691405775519896,2.9008812536057564,14878400
2005-07-26,2.9149444103240967,2.949096005040856,2.84342656727653,2.85548021554692,16424000
2005-07-27,2.8892295360565186,2.9330238546943637,2.8530689066775574,2.9330238546943637,10129600
2005-07-28,2.8900351524353027,2.931418895887327,2.8719549773568804,2.885213629363713,7596800
2005-07-29,2.8598992824554443,2.894050870202071,2.848649376518856,2.893649000265208,7406400
2005-08-01,2.8586950302124023,2.884811068045299,2.8442307725368616,2.852668205091417,7283200
2005-08-02,2.9040966033935547,2.9209714688676107,2.8586950920360983,2.860703829428496,9422400
2005-08-03,2.994095802307129,2.9944976723480683,2.888828535320931,2.920971088244485,14771200
2005-08-04,2.978426933288574,2.9832484552868372,2.967578891963854,2.973203847693279,7588800
2005-08-05,2.879185438156128,2.9732027844733415,2.8755692213163186,2.949095796176901,10816000
2005-08-08,2.8627123832702637,2.9121319740261624,2.860703339684742,2.868739207489814,6492800
2005-08-09,2.9165518283843994,2.922980523753126,2.8627128840881135,2.8627128840881135,5358400
2005-08-10,2.911328077316284,2.9531136680431027,2.8996762995286813,2.946684974144978,7270400
2005-08-11,2.9149444103240967,2.940658573866387,2.904899805611108,2.905301369092981,2667200
2005-08-12,2.8550782203674316,2.9169530194714217,2.8466407895628416,2.908113718665567,6193600
2005-08-15,2.8325793743133545,2.8623113273055463,2.804454595339268,2.8623113273055463,9649600
2005-08-16,2.8144984245300293,2.8325785907926226,2.798828865359244,2.8325785907926226,12595200
2005-08-17,2.842623710632324,2.8663288354277183,2.833784407645204,2.862712924135026,14676800
2005-08-18,2.818917989730835,2.8486499335971507,2.8124892956316283,2.8486499335971507,5248000
2005-08-19,2.819319486618042,2.852265776755782,2.795212497389427,2.852265776755782,8476800
2005-08-22,2.797623872756958,2.8446328671819714,2.7863739617961287,2.836596997540605,8428800
2005-08-23,2.720078468322754,2.792399735157446,2.718471601537065,2.792399735157446,13208000
2005-08-24,2.7574448585510254,2.807266320135449,2.6762845849006225,2.7104361806465294,12400000
2005-08-25,2.761463165283203,2.7775342893560975,2.7200791318380775,2.761061295220268,10859200
2005-08-26,2.8100786209106445,2.8197213552901292,2.7526234715655087,2.763069639419534,6676800
2005-08-29,2.839811325073242,2.8470434544301715,2.788382985884893,2.8064631560086757,9948800
2005-08-30,2.82414174079895,2.852668387893435,2.812891830005303,2.82414174079895,7608000
2005-08-31,2.8442304134368896,2.852265974892296,2.8217305961321353,2.8345876783829977,8369600
2005-09-01,2.8586950302124023,2.905703714389381,2.8494538574886175,2.88882884928027,16064000
2005-09-02,2.8807930946350098,2.8908377013897164,2.8586951436968984,2.8586951436968984,5736000
2005-09-06,2.9024887084960938,2.9330243907230193,2.8687389859323784,2.8727567662561078,9596800
2005-09-07,2.8627123832702637,2.912935407538163,2.8611052097092493,2.912935407538163,8147200
2005-09-08,2.919766664505005,2.9229810127270843,2.864722407253213,2.8747670155443714,7369600
2005-09-09,2.959944009780884,2.9732029614209665,2.899274818707181,2.9169531143569527,6099200
2005-09-12,2.9691858291625977,2.9892750427475447,2.9446769640659967,2.9732036105721726,7395200
2005-09-13,2.92056941986084,2.960747839475216,2.898873036484635,2.9531138416566396,7188800
2005-09-14,2.9330251216888428,2.948292813338811,2.872757482202086,2.8960610430391944,9016000
2005-09-15,2.9217755794525146,2.933025491194722,2.9016863637594,2.9209718391640114,3812800
2005-09-16,2.93141770362854,2.939855135669297,2.892043020771674,2.914140969486883,5468800
2005-09-19,2.892444133758545,2.9482921084747655,2.885212006487675,2.9225779462976704,5180800
2005-09-20,2.9382479190826416,2.982444428942102,2.9097212759696496,2.92498927266184,16924800
2005-09-21,2.8530704975128174,2.927400534242469,2.846641801355585,2.907713188700877,12939200
2005-09-22,2.835391044616699,2.857087427875765,2.7960160587309106,2.832578567520358,11836800
2005-09-23,2.836998701095581,2.852668262804925,2.825748790795239,2.840614612319092,4680000
2005-09-26,2.906909704208374,2.940257878750031,2.875972444206382,2.8880257907561795,23048000
2005-09-27,2.9225780963897705,2.9454797828341666,2.8811943740899846,2.9048998005707505,17897600
2005-09-28,2.955524444580078,2.971997743736544,2.922980022830103,2.922980022830103,12912000
2005-09-29,2.9523112773895264,2.989275360749202,2.933427365564858,2.9675789709849303,15768000
2005-09-30,2.9844539165496826,3.005346873106935,2.9422667463540804,2.945480787985331,9633600
2005-10-03,2.912132501602173,2.9932927886462024,2.9032931986837296,2.973203575299584,18232000
2005-10-04,2.9249894618988037,2.9812390116553895,2.912935811786932,2.9406590231220036,23699200
2005-10-05,2.8667311668395996,2.9310165990855777,2.8225349513290596,2.9274006872110165,24344000
2005-10-06,2.851864814758301,2.9016859772098846,2.8345880793022666,2.849855770841783,10305600
2005-10-07,2.8980698585510254,2.908114465402905,2.834989739782703,2.8502577383812877,5862400
2005-10-10,2.9354357719421387,2.9450788151071947,2.8928467375095552,2.9169537323480537,11430400
2005-10-11,3.0049448013305664,3.0949443982463136,2.971596631029838,3.053962534729306,33283200
2005-10-12,2.8711495399475098,3.0093633876049464,2.827756777561526,2.9824439227409876,22451200
2005-10-13,2.8807930946350098,2.886016486331183,2.8333825384913123,2.84503431911122,9987200
2005-10-14,2.853471279144287,2.8956587431378846,2.834989242562784,2.8848107045167706,8086400
2005-10-17,2.784364938735962,2.8787841749449252,2.765481030186759,2.8526681377287306,13036800
2005-10-18,2.7330305576324463,2.7740986624990978,2.7137046436080285,2.7740986624990978,20576000
2005-10-19,2.762019634246826,2.7660458405888186,2.663778909346823,2.693975917681547,18840000
2005-10-20,2.739471912384033,2.824426164726675,2.7277957020377235,2.7648372821282265,13326400
2005-10-21,2.7728896141052246,2.7849682282735904,2.7298085784939534,2.7318215272654824,8521600
2005-10-24,2.8183865547180176,2.832478426055656,2.7382639372442226,2.793826304452523,14788800
2005-10-25,2.781748056411743,2.8312712816091583,2.760006482322941,2.8083215692444616,5201600
2005-10-26,2.7358486652374268,2.7946324415253603,2.727796253045021,2.7600065161743133,6056000
2005-10-27,2.6408281326293945,2.8175815201216863,2.6339835530881253,2.7507453466817164,11729600
2005-10-28,2.7032358646392822,2.7100804453868776,2.6271394365682426,2.6380102232156113,10414400
2005-10-31,2.737861156463623,2.755174114299039,2.705248496867973,2.743900617509419,11723200
2005-11-01,2.7781243324279785,2.7873848820285194,2.717730325201283,2.737861660943515,9403200
2005-11-02,2.7889955043792725,2.8010744303674455,2.7535644591563986,2.7749036288463027,10612800
2005-11-03,2.8268418312072754,2.8546231699116897,2.7942291690271537,2.7982553743168346,13041600
2005-11-04,2.800671100616455,2.8284524399612914,2.778526817422847,2.817984060222982,4675200
2005-11-07,2.8437514305114746,2.8514014338466165,2.793020702483903,2.7974496194484897,8112000
2005-11-08,2.8977034091949463,2.901729613369744,2.814359723339913,2.8183859275147105,9212800
2005-11-09,2.8920671939849854,2.91662744330334,2.8409334393006427,2.85059669971359,10408000
2005-11-10,2.8795862197875977,2.8844178511021075,2.846973553159148,2.87274163914357,5401600
2005-11-11,2.9351484775543213,2.9585008980723724,2.8759623080805374,2.8795858006541466,6609600
2005-11-14,3.002387523651123,3.0144664484646015,2.926693808735468,2.926693808735468,15299200
2005-11-15,2.9850730895996094,3.0273489984154023,2.9794363427147927,2.988294175585124,13763200
2005-11-16,2.977424383163452,3.0156741047361546,2.9432011744150977,3.009231929961038,6291200
2005-11-17,3.012050151824951,3.0152712390490994,2.951656148681204,2.9733980266745275,6369600
2005-11-18,3.019700527191162,3.019700527191162,2.9834640594289037,2.9834640594289037,4675200
2005-11-21,2.9943346977233887,3.0148684370143606,2.98265848726668,2.989905779716369,6089600
2005-11-22,2.9637348651885986,2.995139695481204,2.9218616557385366,2.980242398494815,5440000
2005-11-23,2.9701764583587646,2.9907105021119955,2.9504478398710052,2.9504478398710052,3726400
2005-11-25,2.9866857528686523,2.9959463048562425,2.9597098297437583,2.970580618687561,3662400
2005-11-28,2.9399802684783936,2.9874902352478143,2.9399802684783936,2.985074573147955,3499200
2005-11-29,2.907770872116089,2.9556835608225542,2.8989130331438133,2.9391757141596995,3822400
2005-11-30,2.9013283252716064,2.913004538137004,2.868715656110218,2.8888469940478334,7235200
2005-12-01,2.966151475906372,2.975412027197109,2.931123141916745,2.93313609155048,8700800
2005-12-02,2.977424383163452,2.999568974978164,2.9649430535114147,2.974606008494289,9708800
2005-12-05,2.9580976963043213,2.9794368570778804,2.9246796145896394,2.9633317315496237,12414400
2005-12-06,2.9673588275909424,2.9911139639970785,2.9468250858738934,2.948435629628531,8408000
2005-12-07,3.0056087970733643,3.011648259853546,2.944409358097949,2.949240989758062,9070400
2005-12-08,3.012453079223633,3.038221164493767,2.9701771511380457,2.9955428308613206,10041600
2005-12-09,3.019700527191162,3.0897574934116467,3.0164794395723344,3.0184926961290572,15312000
2005-12-12,3.1207597255706787,3.1263964749549897,3.0398316705819277,3.069625961210399,9345600
2005-12-13,3.140085458755493,3.1521643822868475,3.0845230863067905,3.1018360462058463,9582400
2005-12-14,3.1489429473876953,3.1610218695854466,3.054728460092341,3.060767614011465,13571200
2005-12-15,3.135254144668579,3.167464095550987,3.1187463029372635,3.1565933100833736,12532800
2005-12-16,3.216585159301758,3.216585159301758,3.1420992701785715,3.1420992701785715,14094400
2005-12-19,3.17753005027771,3.220208692148338,3.1674643821200794,3.218195435644886,6617600
2005-12-20,3.1606199741363525,3.202090480062235,3.133644055723571,3.1807513115512336,9334400
2005-12-21,3.264899253845215,3.264899253845215,3.159008558838647,3.159008558838647,18870400
2005-12-22,3.322878122329712,3.3317359589221396,3.247989531186202,3.2681208662854297,17099200
2005-12-23,3.2967071533203125,3.321670118126102,3.2806023318247366,3.3212674054347784,5339200
2005-12-27,3.2717440128326416,3.317240710484575,3.2351048428241205,3.2810042531079433,5208000
2005-12-28,3.2383270263671875,3.278186989392506,3.231079732437144,3.2689267459806852,7848000
2005-12-29,3.2338972091674805,3.257249628364273,3.2210131687795522,3.239131244982036,7852800
2005-12-30,3.2556397914886475,3.2665105781334702,3.2012852439048953,3.221416580578864,5766400
2006-01-03,3.2391319274902344,3.2954997312569256,3.2032981730115146,3.2709394760955806,13612800
2006-01-04,3.2359108924865723,3.293486522767041,3.2270530559542245,3.244768421839127,14424000
2006-01-05,3.2383270263671875,3.2749659016058557,3.2210140634887416,3.2359113641171193,10808000
2006-01-06,3.2781872749328613,3.281408363000078,3.2218194624760277,3.2612770233497708,15008000
2006-01-09,3.2999281883239746,3.357101102396869,3.253223653801537,3.281407398153027,15732800
2006-01-10,3.24678111076355,3.2773808205692245,3.2278576100571423,3.2677178674862843,15363200
2006-01-11,2.9415907859802246,3.0148688384259303,2.9190437874368746,2.9911140088434456,68625600
2006-01-12,2.994738817214966,3.022117459119048,2.9516577505461847,2.9552815524349354,28704000
2006-01-13,2.9572932720184326,3.0176872828058467,2.920251685791977,3.0035954083914147,14619200
2006-01-17,2.919848918914795,2.952864298579348,2.9097832506368237,2.952864298579348,15283200
2006-01-18,2.9109909534454346,2.9343430669007393,2.896898774220279,2.9017304048557415,14976000
2006-01-19,3.012855291366577,3.025336619201214,2.9415902023977796,2.9480323762348544,16305600
2006-01-20,2.9432008266448975,3.029765620083228,2.9307194984676603,3.029765620083228,14419200
2006-01-23,2.9713854789733887,2.977022228787271,2.9206544234686223,2.928706835437075,7252800
2006-01-24,3.0112459659576416,3.0197010921540874,2.987490824299159,2.987490824299159,10307200
2006-01-25,2.988295555114746,3.033792263739683,2.979437718155245,3.0201031027512237,6587200
2006-01-26,3.0052053928375244,3.0209078081451186,2.983463516139371,3.020102689976935,5412800
2006-01-27,3.0088305473327637,3.051911607453245,3.004804033139524,3.032988096592677,11385600
2006-01-30,3.0358057022094727,3.0410397392812407,2.9943351968490046,2.998361402841121,8411200
2006-01-31,3.0688211917877197,3.071639566800247,3.0168823032598544,3.0168823032598544,6812800
2006-02-01,3.080094575881958,3.080094575881958,3.030571351463556,3.0313767769681492,7476800
2006-02-02,2.9778270721435547,3.0599629567927247,2.9770219538929834,3.0531183765335768,11560000
2006-02-03,3.012050151824951,3.0172844953591382,2.9464221123268017,2.9842691192610813,8852800
2006-02-06,3.0386247634887695,3.047079890136012,3.0124539578587926,3.028961805489049,6299200
2006-02-07,2.99554181098938,3.02010205689746,2.979436686383797,3.02010205689746,7380800
2006-02-08,2.939175605773926,3.010038007759112,2.9274993918483085,2.9842699174335654,16180800
2006-02-09,3.0112459659576416,3.0503008158982823,2.9677621965074517,2.9733989473050824,12176000
2006-02-10,2.9548773765563965,3.0076213768483324,2.8727414915096894,2.9943349289809147,17822400
2006-02-13,2.899315118789673,2.9794377506689362,2.8820021574107555,2.951656408480024,9244800
2006-02-14,2.8626761436462402,2.9089782815357164,2.8522077620898756,2.898912612741475,16969600
2006-02-15,2.8518049716949463,2.9025357144030117,2.842544422494704,2.850999546279381,11150400
2006-02-16,2.84979248046875,2.878781659616465,2.841337354413979,2.878781659616465,6993600
2006-02-17,2.831270933151245,2.8461682315888184,2.817179060131808,2.838518226015498,8776000
2006-02-21,2.8183865547180176,2.874351634587323,2.8183865547180176,2.8429468049835123,8598400
2006-02-22,2.8457658290863037,2.8546236665725946,2.7805401861980212,2.8316739545307628,8998400
2006-02-23,2.8393237590789795,2.8828075226174716,2.8328818906917057,2.8658972725235596,12384000
2006-02-24,2.8248300552368164,2.85663730525993,2.8155695027630676,2.85663730525993,9542400
2006-02-27,2.9226670265197754,2.9609167467867037,2.8727414024361924,2.8743519460749907,12144000
2006-02-28,2.8505969047546387,2.9391746479864325,2.8505969047546387,2.90011981241922,9428800
2006-03-01,2.9126014709472656,2.9190436457497078,2.887236098817204,2.894080679159947,16960000
2006-03-02,2.9045493602752686,2.9053547857988447,2.8687156039719706,2.8687156039719706,6008000
2006-03-03,2.8904571533203125,2.9117963195458745,2.87072853077703,2.8803914856909114,6756800
2006-03-06,2.8167762756347656,2.9089778241546678,2.815568444718138,2.8908597460456877,12998400
2006-03-07,2.7567853927612305,2.818387236057719,2.7145094613484324,2.798255898657307,23811200
2006-03-08,2.7523562908172607,2.791008419192564,2.742290622786823,2.7555773783101554,13830400
2006-03-09,2.781748056411743,2.8075164509070296,2.759201056805678,2.7728905259806687,13489600
2006-03-10,2.8191919326782227,2.867507319519724,2.8179841017636473,2.8356997743235097,14217600
2006-03-13,2.837310314178467,2.8469732686620555,2.8228157288631914,2.834491939654929,14592000
2006-03-14,2.8272452354431152,2.858650074436031,2.825231978715939,2.843350367720978,15598400
2006-03-15,2.8747549057006836,2.8860284049607943,2.8075163156994405,2.822816020812474,11820800
2006-03-16,2.898510456085205,2.9109920966670684,2.8393242630708784,2.8393242630708784,8225600
2006-03-17,2.8888468742370605,2.8952890495562404,2.843350162969702,2.8783784929333067,8596800
2006-03-20,2.9432008266448975,2.953266493156802,2.912198708947328,2.9190432884522797,15307200
2006-03-21,2.9311230182647705,2.9673591819419567,2.9214597545829952,2.9311230182647705,11196800
2006-03-22,2.9919190406799316,2.9919190406799316,2.9089780351382344,2.9162253283434185,9580800
2006-03-23,2.93957781791687,2.985477240190498,2.9206543126114632,2.979035065116396,6542400
2006-03-24,2.916224956512451,2.9733978694081094,2.909380376907993,2.9532665360916295,7697600
2006-03-27,2.940786123275757,2.948838536237366,2.9097836882958474,2.913004776352437,4849600
2006-03-28,2.962930202484131,2.9830615406410166,2.953267246179182,2.9601118274293605,4779200
2006-03-29,3.029362916946411,3.0672099214478084,2.95487704595985,2.9822556712455865,15480000
2006-03-30,3.0623791217803955,3.0800947980010904,3.0201034951353485,3.0293637388471857,11779200
2006-03-31,3.1348519325256348,3.1404886825095986,3.0909654565878197,3.109486557597798,18528000
2006-04-03,3.141294002532959,3.1855831940787054,3.127202126668337,3.1807515621337545,10824000
2006-04-04,3.1582040786743164,3.16263299715285,3.1006284456331876,3.150554072724157,9652800
2006-04-05,3.0841212272644043,3.1203577007086074,3.0398323406903205,3.1086814866443713,16598400
2006-04-06,3.0378193855285645,3.1002266686128617,3.0281564273770267,3.0953950359471425,13739200
2006-04-07,3.0539231300354004,3.08452284195896,3.0192972129802635,3.0800939241602965,14918400
2006-04-10,3.0237274169921875,3.086134698207202,3.0060120454416457,3.061171724285218,11840000
2006-04-11,3.03379225730896,3.0341949700371225,3.0096347156759506,3.019700383621355,13928000
2006-04-12,3.024531602859497,3.026947264539827,2.9754111008276776,3.0116475619314595,12836800
2006-04-13,3.0188956260681152,3.059963421033379,2.959306729552018,3.0164796565902683,18387200
2006-04-17,3.4134693145751953,3.425548239158812,3.2210137897843505,3.2310794578774265,81379200
2006-04-18,3.3663625717163086,3.428367133426577,3.3454258068895384,3.4009884997776254,26377600
2006-04-19,3.3003311157226562,3.3659591573706424,3.279394355259633,3.3305281182837203,19358400
2006-04-20,3.327709674835205,3.385687709670975,3.28342080009767,3.28342080009767,13953600
2006-04-21,3.2769782543182373,3.3337487589734955,3.261275839664603,3.3337487589734955,10825600
2006-04-24,3.2290666103363037,3.277382007609924,3.2254431168102045,3.265303081496556,11150400
2006-04-25,3.179141044616699,3.238729943714386,3.1610229622370563,3.2330931933216145,12409600
2006-04-26,3.186790943145752,3.23107982637031,3.186790943145752,3.2121563190484,8376000
2006-04-27,3.037416458129883,3.184777696553657,2.9480332658365183,3.158606895007785,33475200
2006-04-28,3.166658878326416,3.1900112993324163,3.089757035517621,3.1066675894204563,19454400
2006-05-01,3.1408913135528564,3.1871934505134196,3.121565094696509,3.1807512751680282,7700800
2006-05-02,3.142904043197632,3.1666591791479153,3.118343788975386,3.145722417919211,6289600
2006-05-03,3.187192440032959,3.216986723609726,3.1545794752513587,3.162632191880032,10084800
2006-05-04,3.262483596801758,3.2733546880425397,3.190816104425256,3.202492313782514,14556800
2006-05-05,3.3083839416503906,3.3216706981662156,3.246379385089708,3.290668573475791,9830400
2006-05-08,3.2934865951538086,3.3349570969396414,3.2681209159482525,3.319657085436658,6592000
2006-05-09,3.318448781967163,3.340593370631709,3.283420459944753,3.3015385363577403,7041600
2006-05-10,3.266509532928467,3.3015381581175847,3.2616782102677067,3.3015381581175847,4601600
2006-05-11,3.165048599243164,3.261276358582511,3.1525672695016813,3.261276358582511,8819200
2006-05-12,3.103447437286377,3.1533730743016797,3.084121215794718,3.1473336108867946,9566400
2006-05-15,3.0680158138275146,3.098615533852196,3.032182056464074,3.080094739599843,12803200
2006-05-16,3.087340831756592,3.0889513750445903,3.060364922836996,3.0752619106864656,7548800
2006-05-17,2.9995691776275635,3.1002258614405687,2.9814510974131507,3.0925758551732376,16604800
2006-05-18,2.9037439823150635,3.0800943730916597,2.8892493959849537,2.9758142012398308,20988800
2006-05-19,2.9738006591796875,2.9878925314305973,2.8248289116475953,2.9130039449774463,27366400
2006-05-22,2.821607828140259,2.898106958260468,2.778124073270273,2.896898820197599,28582400
2006-05-23,2.8264384269714355,2.9117953712550992,2.825230596398032,2.898911333172631,13788800
2006-05-24,2.7999043464660645,2.863899816159612,2.7179737376785864,2.858600628162654,24624000
2006-05-25,2.949906349182129,2.9531670289447285,2.819062127532546,2.8268065918270633,21712000
2006-05-26,2.9144444465637207,2.979255019948644,2.8948788085504753,2.979255019948644,10664000
2006-05-30,2.8414807319641113,2.923003634539992,2.8206923047314074,2.923003634539992,15278400
2006-05-31,2.877758264541626,2.877758264541626,2.8007191500785695,2.845149291622947,12452800
2006-06-01,2.903846025466919,2.9050688193838514,2.820692618278011,2.855340104512311,21353600
2006-06-02,2.910775661468506,3.0012658306718696,2.9087374643169626,2.9605043755227927,19123200
2006-06-05,2.7974586486816406,2.905476570643896,2.795420762447022,2.905476570643896,11644800
2006-06-06,2.8508565425872803,2.856563121969685,2.7974588198158457,2.7974588198158457,16657600
2006-06-07,2.8247690200805664,2.8528942131996966,2.8166165423041867,2.845149748043672,17291200
2006-06-08,2.759143352508545,2.812133064408911,2.7094143210896267,2.804388598407052,28504000
2006-06-09,2.8060178756713867,2.8422958497818094,2.775039399712057,2.8158008469076448,15408000
2006-06-12,2.7212343215942383,2.8064255975781514,2.709821166054304,2.795420143588976,12278400
2006-06-13,2.6784353256225586,2.7024847471756237,2.648679635903546,2.682511409161229,16115200
2006-06-14,2.6894407272338867,2.6947396040144693,2.605471925036083,2.616885081785152,22483200
2006-06-15,2.839442729949951,2.8524863813896233,2.747729468300175,2.771778574304341,21620800
2006-06-16,2.8691980838775635,2.8891711048183537,2.841072587359307,2.8573772275290956,20552000
2006-06-19,2.8781659603118896,2.928710070374363,2.8647146074047636,2.8891714147907877,20224000
2006-06-20,2.881427526473999,2.910775825593786,2.8634923856818535,2.8765360396256208,8393600
2006-06-21,2.938492774963379,3.00004265140803,2.895285737570738,2.899361820365013,19440000
2006-06-22,2.9209651947021484,2.972732091188466,2.9058833486307147,2.9572428545907403,12729600
2006-06-23,2.9254493713378906,2.9507215843802945,2.908737337169605,2.9356397346797167,7148800
2006-06-26,2.884687900543213,2.913221104319072,2.854116810702425,2.913221104319072,8856000
2006-06-27,2.8928403854370117,2.938900715631381,2.8846879082000383,2.8940631792762557,11366400
2006-06-28,2.963357925415039,2.9755864874287092,2.8940635699649087,2.91403659766767,8809600
2006-06-29,3.056293249130249,3.0664836102675417,2.953981936235992,2.985775813226722,16780800
2006-06-30,3.114583730697632,3.124774097081039,3.0611859993785706,3.0652620837348734,8806400
2006-07-03,3.2009966373443604,3.205480421749232,3.128441305680348,3.128441305680348,6441600
2006-07-05,3.1284406185150146,3.2401268805561996,3.1280329170263457,3.1732781417299325,11172800
2006-07-06,3.1818387508392334,3.199773888711604,3.1284413497912813,3.142707795378308,6059200
2006-07-07,3.1158053874969482,3.1732788712066045,3.1125443968081936,3.142707783216203,10283200
2006-07-10,3.169203758239746,3.207519633095813,3.150453522518877,3.1981443597427366,13240000
2006-07-11,3.1798012256622314,3.186322896819724,3.028983653956758,3.1121370603650527,28336000
2006-07-12,3.3383638858795166,3.442305430062343,3.3106460785670397,3.397467882905911,76536000
2006-07-13,3.212002754211426,3.3179824742164765,3.203850276681671,3.308199812165991,33724800
2006-07-14,3.199367046356201,3.2474655836707536,3.1561599964073785,3.2205631806224235,14952000
2006-07-17,3.1321096420288086,3.2336058755729806,3.108875628166264,3.1671645136088133,15734400
2006-07-18,3.216078042984009,3.237273857354719,3.098684883438099,3.19651241273131,14828000
2006-07-19,3.3098294734954834,3.340808261241233,3.1802080556214856,3.1875451287458696,19552800
2006-07-20,3.183469295501709,3.3424390183264703,3.181023707930391,3.337547532198639,9008800
2006-07-21,3.112544059753418,3.1899908698061554,3.0856413559622453,3.1899908698061554,10976000
2006-07-24,3.211186647415161,3.2258607927684873,3.1182506008341977,3.1345552413362436,9037600
2006-07-25,3.219339609146118,3.2511334918828374,3.1777627540402555,3.185099827824514,8816800
2006-07-26,3.2853732109069824,3.313906415999019,3.2283071117081312,3.2299376072264097,8232000
2006-07-27,3.2861883640289307,3.358743698651008,3.2690683178827205,3.3114602651756058,8871200
2006-07-28,3.3921687602996826,3.392983852668413,3.2788519509452496,3.322058999148959,8937600
2006-07-31,3.349775791168213,3.458201080556177,3.326949479925519,3.396243816760936,9520000
2006-08-01,3.2821121215820312,3.3832006637914627,3.271514367508423,3.374233094202092,8409600
2006-08-02,3.394613265991211,3.4231464655629056,3.3245035271955445,3.3342864984124945,8390400
2006-08-03,3.4459726810455322,3.46390781679499,3.3440690660784362,3.3734173569465846,6547200
2006-08-04,3.387277603149414,3.508746902952045,3.3571142068034376,3.4704310271981758,9528000
2006-08-07,3.3391780853271484,3.4092878327793286,3.3090146978134896,3.3685263806313355,6460000
2006-08-08,3.3546671867370605,3.3832000750239217,3.340808133151186,3.3424386283368865,7750400
2006-08-09,3.2861883640289307,3.4060268211412126,3.2788512902477542,3.383200507593197,8079200
2006-08-10,3.3685271739959717,3.383201325104161,3.2731455027780147,3.278036679157229,5076800
2006-08-11,3.381570816040039,3.415810605486481,3.35059201815712,3.3685271607712215,5446400
2006-08-14,3.408473491668701,3.4630937003103472,3.3913534416451796,3.42151714679098,4568800
2006-08-15,3.5609209537506104,3.5658124406075937,3.4337450943362167,3.4427126647480657,6278400
2006-08-16,3.599236011505127,3.655486698239177,3.534832848514943,3.5609201505642276,9030400
2006-08-17,3.5478761196136475,3.617170449951925,3.54135413930715,3.575593913945986,5053600
2006-08-18,3.571518659591675,3.587007899932161,3.509561076259311,3.510376479479195,3783200
2006-08-21,3.5910842418670654,3.619617447900258,3.5413552153675645,3.6033128031648953,6372000
2006-08-22,3.6359219551086426,3.668531246135053,3.5470619635961835,3.5470619635961835,6209600
2006-08-23,3.5486927032470703,3.6334766169571124,3.5486927032470703,3.5951607440143443,5115200
2006-08-24,3.5340185165405273,3.619617832756222,3.526681441178761,3.569073397603937,3421600
2006-08-25,3.5144524574279785,3.5462463403771762,3.497332722145364,3.5258656142830542,4340000
2006-08-28,3.572333335876465,3.6073882066047713,3.5193433282215345,3.5340174746187407,4230400
2006-08-29,3.6652705669403076,3.6685315585176776,3.5543993411919073,3.5870086349950627,6690400
2006-08-30,3.6652705669403076,3.6807601214401795,3.5976067021288793,3.6571183989821554,5759200
2006-08-31,3.656301975250244,3.6880961677790562,3.611464442022435,3.6685305347601864,4446400
2006-09-01,3.660378932952881,3.7092925565573456,3.639182801335108,3.684835744755113,4657600
2006-09-05,3.745978355407715,3.7622830021236404,3.6685315167460226,3.6970644152599395,5665600
2006-09-06,3.6253223419189453,3.761465393563895,3.619615765561677,3.7149973798060905,6136000
2006-09-07,3.611464500427246,3.6334757213099964,3.542170158044107,3.5902686827171117,7299200
2006-09-08,3.6269540786743164,3.6334757491793064,3.582931636571157,3.6277691708679924,3894400
2006-09-11,3.595974922180176,3.6277688012424276,3.506299551738142,3.5870073540374565,7322400
2006-09-12,3.7582058906555176,3.764727872492496,3.6000515629313163,3.62287787739032,10143200
2006-09-13,3.7957072257995605,3.8380991810559215,3.72967354936432,3.766358925161676,11413600
2006-09-14,3.8046724796295166,3.829129591256046,3.7133669454417757,3.7704330209285235,6308800
2006-09-15,3.8242404460906982,3.8690779931921186,3.7965226388122284,3.805490210429569,8300800
2006-09-18,3.803858995437622,3.8715231604957405,3.7932609299857627,3.868262169435903,5088800
2006-09-19,3.7524988651275635,3.8682615410652024,3.726411562857003,3.820978111334078,7705600
2006-09-20,3.8519575595855713,3.8723382874140664,3.7582060871804033,3.75902149044527,6933600
2006-09-21,3.8152711391448975,3.8707067284876513,3.8030428923983477,3.836467264415143,7399200
2006-09-22,3.7573909759521484,3.8291312246225266,3.7508689938070114,3.7916304492584407,4598400
2006-09-25,3.8380990028381348,3.838914095157892,3.7500541050127456,3.758206272151285,11865600
2006-09-26,3.8658149242401123,3.8723369040882742,3.790814021896942,3.838912534829233,5876800
2006-09-27,3.9326648712158203,3.963643349608834,3.833206832729863,3.8519570625946407,13935200
2006-09-28,3.9098384380340576,3.9130994288612237,3.832391616307472,3.9130994288612237,5780000
2006-09-29,3.8910892009735107,3.9400031429171842,3.868262881324299,3.9212525963650102,4678400
2006-10-02,3.86907696723938,3.9253279702921233,3.8633703888115942,3.896794767167995,5313600
2006-10-03,3.887012004852295,3.9130993086981336,3.7981520289445334,3.860924701006456,8412000
2006-10-04,3.8739676475524902,3.878859132752384,3.8169015641609345,3.851141338589922,11686400
2006-10-05,3.9155447483062744,3.9351103809439842,3.896794518812109,3.913099160846004,6688000
2006-10-06,3.854402780532837,3.913099370607208,3.831576467052891,3.9033167092565453,8392800
2006-10-09,4.011742115020752,4.011742115020752,3.914729969188552,3.934295292405618,18018400
2006-10-10,4.0353827476501465,4.0900029305171985,3.9783166667994836,4.059839550590396,25349600
2006-10-11,4.058211326599121,4.137288667643764,3.9766883971874214,4.120984019564365,38274400
2006-10-12,4.191094398498535,4.196800979508945,4.081038552171679,4.100603883925842,20549600
2006-10-13,4.241637229919434,4.27832260440258,4.216365324930679,4.260387463325209,11060800
2006-10-16,4.246528625488281,4.3027793244954635,4.240822046356476,4.300333736577615,9295200
2006-10-17,4.2138495445251465,4.235090214743781,4.167282872487366,4.221201832504342,8430400
2006-10-18,4.166467189788818,4.289010342429666,4.159114588164633,4.211399616761792,6910400
2006-10-19,4.173818588256836,4.1779032965053915,4.106011247086418,4.142774244609942,6032000
2006-10-20,4.14032506942749,4.189342210490295,4.132972467103731,4.132972467103731,7351200
2006-10-23,4.12398624420166,4.15829849497001,4.043107923896634,4.085589283296065,13401600
2006-10-24,4.2056803703308105,4.225287409121596,4.088855889629123,4.0962084902202545,5598400
2006-10-25,4.1893415451049805,4.213850423387067,4.146859884164254,4.213850423387067,6496000
2006-10-26,4.266135215759277,4.303715036663376,4.208131226853986,4.208948355628558,7685600
2006-10-27,4.2056803703308105,4.288192922702759,4.186890460296433,4.225287409121596,4320000
2006-10-30,4.250613212585449,4.256331867874274,4.167283834835422,4.22283675333544,4244000
2006-10-31,4.256329536437988,4.288190999136238,4.220383678363082,4.264499262120809,5387200
2006-11-01,4.207314491271973,4.262050277783222,4.193426418268219,4.256331622823637,5296000
2006-11-02,4.20894718170166,4.217933725855599,4.144407738817213,4.15911293622489,5892800
2006-11-03,4.154212474822998,4.224470594214998,4.121534489935012,4.224470594214998,5285600
2006-11-06,4.22038459777832,4.234272978643131,4.155845153218307,4.190974202199416,5033600
2006-11-07,4.269402503967285,4.319236759935554,4.171368249468136,4.278389050013143,9688000
2006-11-08,4.269402503967285,4.280022995807235,4.173819012337627,4.215483539335436,6393600
2006-11-09,4.3796916007995605,4.39357967287948,4.297179050482893,4.313518197127675,11703200
2006-11-10,4.373155117034912,4.378873770698132,4.338026066450414,4.3707043545058895,6780000
2006-11-13,4.507136344909668,4.538180692962062,4.370705137858752,4.395213702471355,11244800
2006-11-14,4.615791320800781,4.62396073830417,4.511221280869559,4.552068991673105,12550400
2006-11-15,4.615791320800781,4.6476524853646195,4.5863809191593,4.615791320800781,10076000
2006-11-16,4.598636627197266,4.641118295563551,4.5014188491816425,4.641118295563551,10134400
2006-11-17,4.49896764755249,4.598636179463409,4.472825132894439,4.59046644885567,8380000
2006-11-20,4.51530647277832,4.5912832479342205,4.426258441232337,4.518574364786675,18696000
2006-11-21,4.365802764892578,4.391128455151073,4.333941603639056,4.366619893544,67020000
2006-11-22,4.422173500061035,4.433610809846952,4.3690713484626285,4.381325787029436,15622400
2006-11-24,4.375606060028076,4.405833273005077,4.36416844140128,4.378873639421062,10119200
2006-11-27,4.246527671813965,4.396847249207525,4.204863146918968,4.391945412072645,28808800
2006-11-28,4.2881903648376465,4.3020784289794,4.196691320583376,4.19914239374725,13300800
2006-11-29,4.356001377105713,4.369889765685911,4.2481634078382156,4.2538820644172946,18942400
2006-11-30,4.373155117034912,4.385409552966529,4.3527312649110526,4.3707043545058895,11282400
2006-12-01,4.32904052734375,4.407468057278776,4.289009633640057,4.405016982713537,13778400
2006-12-04,4.445864677429199,4.447498623252348,4.308616656360988,4.309433473450912,7803200
2006-12-05,4.503868103027344,4.517756173331204,4.4499491441452355,4.49079684971178,12718400
2006-12-06,4.46465539932251,4.5332795733750455,4.451584142914567,4.525109843342997,9861600
2006-12-07,4.46465539932251,4.493248675326344,4.386227549231515,4.480994236099938,9813600
2006-12-08,4.49569845199585,4.541447995206219,4.41972169340818,4.422172767701608,16236800
2006-12-11,4.4450483322143555,4.534096363347637,4.433611021881457,4.528377708181187,17186400
2006-12-12,4.405834197998047,4.41155285269044,4.354365994123199,4.405017069245815,12693600
2006-12-13,4.414004325866699,4.4360621310764135,4.391129703416635,4.411553562502294,10612000
2006-12-14,4.509587287902832,4.512038050799571,4.427891867149676,4.427891867149676,10379200
2006-12-15,4.472007751464844,4.530011429066915,4.4703738055494355,4.515306227471557,41460000
2006-12-18,4.382141590118408,4.493247393716872,4.34946361424096,4.483444032117962,17707200
2006-12-19,4.370705604553223,4.37233955058764,4.272671023991585,4.352732509817976,12928000
2006-12-20,4.303713798522949,4.401748343165751,4.2930933090121455,4.3437443709476895,10749600
2006-12-21,4.372339725494385,4.37887519825015,4.302081601420619,4.320871514103057,10316000
2006-12-22,4.324138641357422,4.395213570086163,4.305348731998941,4.370705006211766,4392000
2006-12-26,4.436878681182861,4.4425973360493956,4.35191536367532,4.385410475740731,8474400
2006-12-27,4.470374584197998,4.493249207711377,4.4425981220845925,4.493249207711377,7429600
2006-12-28,4.494065284729004,4.498967122521602,4.448316045238044,4.476909319919894,11900800
2006-12-29,4.457302570343018,4.50141786368841,4.43606158498846,4.49324844571716,4370400
2007-01-03,4.560237407684326,4.597817218576143,4.472006533779921,4.536545665826916,24904800
2007-01-04,4.525926113128662,4.557787275097938,4.480993385589145,4.543082075474691,14812800
2007-01-05,4.504684925079346,4.53409532298324,4.4638372194668845,4.497332325603372,11834400
2007-01-08,4.493247985839844,4.528377040478781,4.444230859742542,4.460569694012784,12805600
2007-01-09,4.460570335388184,4.493248631913982,4.4115532022428185,4.493248631913982,16294400
2007-01-10,4.430341720581055,4.460568932794524,4.36253469732995,4.453216333970357,18696800
2007-01-11,4.5929179191589355,4.627229855734499,4.462205022975238,4.467923679071165,31635200
2007-01-12,4.743236064910889,4.758758082085765,4.6198758096361505,4.628045538393943,28897600
2007-01-16,4.683598518371582,4.728530936469063,4.660723589146292,4.719544390520909,12691200
2007-01-17,4.6893181800842285,4.719545404331195,4.685233158944258,4.703206254701385,13670400
2007-01-18,4.579845905303955,4.69748721198645,4.554520209882515,4.68686671885574,10856800
2007-01-19,4.585564136505127,4.610889517941814,4.517756786473203,4.546350371236413,7555200
2007-01-22,4.635398864746094,4.6623581947626835,4.5757609262214105,4.620693662321286,12261600
2007-01-23,4.704840183258057,4.7358845362744235,4.592100394041094,4.614158199212458,14056000
2007-01-24,4.764477729797363,4.797972845579895,4.6394838143528805,4.697487498232301,14117600
2007-01-25,4.63948392868042,4.779183050754214,4.619876886733735,4.7685625567146195,9776000
2007-01-26,4.657456874847412,4.686050465695733,4.597819241331821,4.649287455544103,6264000
2007-01-29,4.682781219482422,4.721994981759315,4.6362148573009065,4.701571127762395,6945600
2007-01-30,4.70320463180542,4.713825122146576,4.660722982084048,4.684414725289991,6086400
2007-01-31,4.738335132598877,4.756308227655295,4.682782213009354,4.697487415938542,10266400
2007-02-01,4.796337604522705,4.820029348998608,4.758757789477439,4.784900296608343,10943200
2007-02-02,4.815127849578857,4.821663632641366,4.739968214219743,4.779181977664927,13048800
2007-02-05,4.8200297355651855,4.8322841731095325,4.763660008476432,4.8322841731095325,14698400
2007-02-06,4.802056789398193,4.836369028578129,4.764476970198079,4.836369028578129,6163200
2007-02-07,4.946657657623291,5.003844514402262,4.766927669879366,4.881301383437308,17075200
2007-02-08,4.943388938903809,4.982603008497623,4.90254123541656,4.949924721050526,8050400
2007-02-09,4.855973720550537,4.95237430272687,4.818393917096894,4.943387760239441,7345600
2007-02-12,4.8200297355651855,4.855975607842222,4.787351443209121,4.851890899208537,6696000
2007-02-13,4.691769123077393,4.820030938370355,4.656640059103563,4.820030938370355,16603200
2007-02-14,4.836369514465332,4.873132520264632,4.70974166039515,4.719545024727186,12463200
2007-02-15,4.869862079620361,4.909892644818038,4.860875537167733,4.889468798023215,7559200
2007-02-16,4.888653755187988,4.8976403009015055,4.843721338263682,4.870680663760953,5845600
2007-02-20,4.942572593688965,4.943389410713642,4.840453325224317,4.886202869688058,5898400
2007-02-21,4.886203289031982,4.901725306979161,4.832284323120944,4.897640598218672,6246400
2007-02-22,4.836369514465332,4.881301938600773,4.787352069518487,4.828199784485858,7448000
2007-02-23,4.713008880615234,4.797155378935718,4.6599070422012465,4.776731523012652,12551200
2007-02-26,4.673795223236084,4.735883921205095,4.6370322193917115,4.730165266345227,11204800
2007-02-27,4.371521949768066,4.53818068756485,4.305348856557069,4.510404231265386,27621600
2007-02-28,4.432793140411377,4.509587030996183,4.2890093452000935,4.370704761299143,20603200
2007-03-01,4.439330101013184,4.47854387374669,4.313519052049416,4.332308965339844,14392000
2007-03-02,4.338026523590088,4.420539069385843,4.336392889494089,4.391128669365307,10210400
2007-03-05,4.2032294273376465,4.283290901654908,4.123984770098503,4.194242881261872,18519200
2007-03-06,4.3845930099487305,4.397664576231303,4.318419919681314,4.329857228535272,12661600
2007-03-07,4.29146146774292,4.3658043074834785,4.2767562632541605,4.34783152216429,11569600
2007-03-08,4.417270660400391,4.4662877802631415,4.395212862969179,4.425440076496433,10314400
2007-03-09,4.4164533615112305,4.473639891229656,4.373154588326005,4.467921238257813,6093600
2007-03-12,4.436060905456543,4.441779559489077,4.375606473785965,4.400931852603394,3944000
2007-03-13,4.257147312164307,4.421354927818604,4.248977585239206,4.4001142610997785,15126400
2007-03-14,4.223653316497803,4.262049952345534,4.138690004095367,4.213849953264691,18916800
2007-03-15,4.235091209411621,4.2653184320062305,4.188524838080373,4.236725155449618,9418400
2007-03-16,4.184439659118652,4.256331406860924,4.166466566361431,4.1926090767483135,10704800
2007-03-19,4.283290386199951,4.315968674971452,4.2359068986456005,4.268585187417101,8323200
2007-03-20,4.314334869384766,4.342111322249013,4.257148018000342,4.288192362176447,6977600
2007-03-21,4.418087959289551,4.42707419268427,4.302080314066137,4.329856766163862,17097600
2007-03-22,4.365802764892578,4.450766069330816,4.35518258557025,4.440145578365219,13988800
2007-03-23,4.3110671043396,4.389494628261619,4.26858545097102,4.389494628261619,16241600
2007-03-26,4.318419456481934,4.336392546549361,4.256330769872596,4.2792056967702115,9539200
2007-03-27,4.22038459777832,4.291459512665181,4.1991439296620205,4.275120681026445,12039200
2007-03-28,4.122350692749023,4.159930510009133,4.085587692540966,4.141957730074416,22194400
2007-03-29,4.097841262817383,4.1852553161266135,4.048007018817253,4.147675506817513,17839200
2007-03-30,4.10519552230835,4.227738672228002,4.00307623070864,4.084771663988407,37393600
2007-04-02,4.069247245788574,4.070881190888463,4.011243285493598,4.034118205248875,31868800
2007-04-03,4.222837448120117,4.230190050650238,4.130521819472748,4.155847208020526,29516000
2007-04-04,4.255515098571777,4.281657612084424,4.200778996649873,4.281657612084424,20655200
2007-04-05,4.234273910522461,4.255514583313409,4.174635977671652,4.230188890070508,14812800
2007-04-09,4.293911933898926,4.3282238650771925,4.262867583087635,4.262867583087635,13090400
2007-04-10,4.25469970703125,4.3233235942639014,4.221204269248482,4.256333341985262,16950400
2007-04-11,4.245710372924805,4.321687125854629,4.216299976739937,4.320869997269914,28606400
2007-04-12,4.373155117034912,4.375606191207186,4.252245949858855,4.256330657954977,23251200
2007-04-13,4.489981651306152,4.58801624913921,4.4042014950685,4.493249543950713,39587200
2007-04-16,4.552885055541992,4.582295452317851,4.423806472811915,4.493247445032389,33146400
2007-04-17,4.561872959136963,4.570042377722232,4.498150621570505,4.525109952216567,17116000
2007-04-18,4.473641395568848,4.534096147998555,4.4654719776171685,4.5324622020795555,9529600
2007-04-19,4.392763614654541,4.4548520086587775,4.391129668543462,4.444231826401794,11412000
2007-04-20,4.431976795196533,4.489163654882571,4.408285047211225,4.467105852790385,14944000
2007-04-23,4.3796916007995605,4.460569893644117,4.362535637062024,4.450766530314569,13026400
2007-04-24,4.335575103759766,4.387043295995856,4.30126318336453,4.387043295995856,19296000
2007-04-25,4.378057479858398,4.397664517376561,4.3192366789472,4.33067398764809,12816800
2007-04-26,4.338026523590088,4.418905123646559,4.329857106536955,4.373972706567757,9688800
2007-04-27,4.3110671043396,4.342111449424961,4.272670159408844,4.34129432075143,12412800
2007-04-30,4.2767558097839355,4.358451243106596,4.274305046510126,4.356000479832787,14456000
2007-05-01,4.3633527755737305,4.390312416270054,4.276755510127653,4.286559185822674,16340000
2007-05-02,4.387862682342529,4.418907041576473,4.3004485730320265,4.354367559257602,17508800
2007-05-03,4.390312671661377,4.441780569659248,4.376424286107183,4.415638056238422,12161600
2007-05-04,4.403384685516357,4.436062677089571,4.383777641257713,4.411554105498812,10572800
2007-05-07,4.241624355316162,4.395211770565872,4.212214277694157,4.395211770565872,25275200
2007-05-08,4.190158843994141,4.2440778174451905,4.174636512233022,4.227738668475071,18244800
2007-05-09,4.250613212585449,4.262867652000554,4.148493922937377,4.190975584828176,13532000
2007-05-10,4.185256004333496,4.249795455918185,4.176269458968125,4.236724202198538,14562400
2007-05-11,4.252246856689453,4.2563315656566765,4.199145016828917,4.212216272510021,10904000
2007-05-14,4.204046726226807,4.269403007481836,4.17381950457948,4.2555149340591,9960000
2007-05-15,4.192608833312988,4.248161742570371,4.181988341696441,4.186890178975607,8264800
2007-05-16,4.202411651611328,4.220384740995733,4.139506150409157,4.207313488255234,10196800
2007-05-17,4.177085876464844,4.198326543276763,4.165648570362794,4.191791073351257,13824000
2007-05-18,4.119083881378174,4.207315105013883,4.101111096730556,4.198328556868391,23376000
2007-05-21,4.083954334259033,4.129703571702619,4.056994695071229,4.101110298300378,20114400
2007-05-22,4.08804178237915,4.123987680406056,4.074153389103711,4.092126493938921,18760000
2007-05-23,4.039021968841553,4.087222285267836,4.027584658442661,4.074968157687596,17513600
2007-05-24,3.9671287536621094,4.066796930183642,3.9418030673590208,4.045556263213118,20098400
2007-05-25,4.076601505279541,4.126435448753277,4.074150430808624,4.105194777079496,29812800
2007-05-29,4.052093505859375,4.092941223908938,4.036571485192149,4.084771804956368,17147200
2007-05-30,4.0259504318237305,4.028401506483604,3.981835139309078,3.9989911037116266,21888800
2007-05-31,4.023499488830566,4.065164016464948,4.00552639646425,4.053726707374855,16975200
2007-06-01,4.067615509033203,4.1035613858166,4.043923759687101,4.061079725085314,19514400
2007-06-04,3.9998083114624023,4.050459704135626,3.9949067849505924,4.047191812032191,15611200
2007-06-05,4.024066925048828,4.054391077003389,4.001119188555181,4.016690822227376,15076000
2007-06-06,3.983909845352173,4.026527309192138,3.9757139988601167,4.024068398924733,19363200
2007-06-07,3.8921165466308594,4.029803257680989,3.8790035116432557,3.984727219451065,22940800
2007-06-08,4.074881553649902,4.09209236166663,3.918344486984407,3.9519466747197365,31180000
2007-06-11,4.2338762283325195,4.2937044845790755,4.083076132916718,4.089632808327596,35361600
2007-06-12,4.158475875854492,4.220762722154046,4.128151724400744,4.220762722154046,21181600
2007-06-13,4.2453508377075195,4.269118321255842,4.194537844973504,4.19535727322296,19020000
2007-06-14,4.360909461975098,4.378940009269174,4.246170439789752,4.282231221738369,22732000
2007-06-15,4.369105339050293,4.384676976510096,4.3404203488165045,4.367466169953545,27150400
2007-06-18,4.294522762298584,4.345335728864337,4.282229156411028,4.335501031737923,14190400
2007-06-19,4.265838146209717,4.270755651507729,4.2076490737272545,4.24862734662579,13882400
2007-06-20,4.237154006958008,4.282230050221927,4.228958163775827,4.265019248498523,13452800
2007-06-21,4.244530200958252,4.272395443099174,4.200273584739237,4.254364900349325,7926400
2007-06-22,4.192078590393066,4.224861030104283,4.1445436307484815,4.220763264220318,9471200
2007-06-25,4.137167453765869,4.201093475813158,4.107663039701123,4.171589374387903,10172800
2007-06-26,4.146183013916016,4.181424365090578,4.119137194932951,4.161754650135666,12044800
2007-06-27,4.1666717529296875,4.1666717529296875,4.102745732645234,4.14618261179857,13053600
2007-06-28,4.215023994445801,4.249445583969876,4.161752129546935,4.175684901001434,14495200
2007-06-29,4.12897253036499,4.2207638111459875,4.102746450141848,4.215846303864322,14909600
2007-07-02,4.179784297943115,4.192077906228138,4.131429918069176,4.1388060205123,14580000
2007-07-03,4.1896185874938965,4.20846855575294,4.158475324790823,4.17978388941079,5500800
2007-07-05,4.113399028778076,4.183062282114448,4.085533789971411,4.178964517245113,16654400
2007-07-06,4.310096263885498,4.33058540750301,4.184702804990969,4.184702804990969,24855200
2007-07-09,4.44614315032959,4.464173692642831,4.330584419204482,4.351073558146092,34236000
2007-07-10,4.329763889312744,4.438765918169327,4.292063645648654,4.425652885089452,33172800
2007-07-11,4.235515117645264,4.2969825386877485,4.106843341274155,4.188799902664134,57105600
2007-07-12,4.2617411613464355,4.269936692370161,4.213386777971734,4.2617411613464355,18024800
2007-07-13,4.25436544418335,4.264200144831589,4.171589447834965,4.261741547829403,23864800
2007-07-16,4.275674343109131,4.315013774005812,4.196176678410908,4.251907174101767,23104000
2007-07-17,4.339600563049316,4.344517757294897,4.27813313386346,4.27813313386346,18656800
2007-07-18,4.3150129318237305,4.333043162106181,4.287147689416896,4.3100954257615385,20464000
2007-07-19,4.464173316955566,4.485481882100239,4.398607827748585,4.406803670219169,24111200
2007-07-20,4.401886463165283,4.4813844210027325,4.387953998979865,4.462534451001579,25250400
2007-07-23,4.400246620178223,4.435487958191296,4.3576291808917285,4.401066360674934,16992800
2007-07-24,4.266658306121826,4.388773396284264,4.241251661877289,4.3568103903040205,15580800
2007-07-25,4.265019416809082,4.348615144729567,4.228958330663306,4.302719359016518,14961600
2007-07-26,4.171589374542236,4.288787290059597,4.099467508230132,4.261741472952748,28934400
2007-07-27,4.13962459564209,4.1715879080700855,4.073239999970162,4.1715879080700855,20918400
2007-07-30,4.155196189880371,4.195354715046962,4.101104891852362,4.1314287208245934,14560800
2007-07-31,4.0650458335876465,4.256824223980841,4.047015600398208,4.187980691207912,20730400
2007-08-01,4.030623435974121,4.06586477995059,3.922440807417341,4.042917044389894,24484000
2007-08-02,4.055210590362549,4.100286636269045,4.0371800469441625,4.083075833536659,13316800
2007-08-03,3.9306371212005615,4.06422642120546,3.9265393551252172,4.044556706348493,11876000
2007-08-06,3.953584671020508,3.965058539627634,3.8839214060437843,3.960141033379092,18380000
2007-08-07,3.9773502349853516,4.004396039504327,3.912604814963526,3.9666961113621304,16652000
2007-08-08,4.201913356781006,4.220763330253749,4.081437099542715,4.097828475974513,30871200
2007-08-09,4.0404582023620605,4.2101082505420235,4.025705997073415,4.042917111669804,17971200
2007-08-10,4.015870094299316,4.0560289328036285,3.9462071666988483,4.015870094299316,24444800
2007-08-13,4.056849956512451,4.09536964200276,4.036360815317944,4.070782422457764,9447200
2007-08-14,3.9462087154388428,4.108482676031314,3.942930377817302,4.0568499527302375,10796800
2007-08-15,3.8257322311401367,3.999480050134794,3.7962278196309667,3.8937560131067555,14001600
2007-08-16,3.753610134124756,3.851958062067124,3.6511644409846724,3.7839339717551757,24456800
2007-08-17,3.8626129627227783,3.895395400856753,3.671654017850436,3.8077019020731613,27285600
2007-08-20,3.819995164871216,3.839664563437484,3.75033190396376,3.8191754242246065,10535200
2007-08-21,3.6470654010772705,3.7691807621802664,3.6060871381438178,3.7454132946454233,33545600
2007-08-22,3.767542839050293,3.80770137491658,3.692142647765903,3.7085340208833304,25406400
2007-08-23,3.7691829204559326,3.8429436483887516,3.734760997309006,3.8109806350205786,10640000
2007-08-24,3.85359787940979,3.856056476414423,3.746234662374673,3.7659043763302313,12748800
2007-08-27,3.8249120712280273,3.872447020702519,3.785572964407464,3.8519578830268446,9520000
2007-08-28,3.701157331466675,3.851957377473334,3.669194330909943,3.851957377473334,18724000
2007-08-29,3.851958990097046,3.876545899846357,3.756069948282876,3.7888523904021176,16172800
2007-08-30,3.806063175201416,3.8634328393965496,3.7790176684165573,3.8306503974561292,9945600
2007-08-31,3.910146951675415,3.9470274619505026,3.8519578758188486,3.872447013456183,15696800
2007-09-04,3.984727144241333,3.9994793474038737,3.8790034384290064,3.944568612129514,12646400
2007-09-05,3.924081325531006,3.97571374829884,3.900313841161304,3.9707965533530785,12084800
2007-09-06,4.017509937286377,4.035540477517634,3.943748920557974,3.958501123903655,11550400
2007-09-07,3.9109668731689453,3.9740734575277936,3.8855602287732185,3.9560429155282812,14132800
2007-09-10,3.8396646976470947,3.9552234343413253,3.8240930638512283,3.9281779322075083,13260000
2007-09-11,3.8273720741271973,3.888839504720334,3.7937698912418636,3.8560567500148535,17345600
2007-09-12,3.852778434753418,3.883102592458776,3.7904915756128448,3.8503198375598293,10804800
2007-09-13,3.9035911560058594,3.9167041934888314,3.8339278903579967,3.8708084059786914,11672000
2007-09-14,3.8691697120666504,3.8740872189660807,3.81835672466392,3.860974179873779,12793600
2007-09-17,3.8494999408721924,3.874906275819256,3.8109802554498926,3.851958537766558,8336800
2007-09-18,4.056849956512451,4.114219614384968,3.819175793600373,3.866710751238582,25868000
2007-09-19,4.038819789886475,4.086354751969675,4.018330646776028,4.086354751969675,16397600
2007-09-20,3.85359787940979,3.973254394107571,3.802784894597218,3.947028317259824,34188800
2007-09-21,3.820814609527588,3.908508100729673,3.8199951815168616,3.8773648340907982,18799200
2007-09-24,3.767542839050293,3.8642515965397317,3.739677598542498,3.8314688503048773,20492800
2007-09-25,3.7872133255004883,3.841304653491605,3.7486939471355973,3.7626264150753492,12706400
2007-09-26,3.8765456676483154,3.8929370440458824,3.8503195904680085,3.8519587593717155,17679200
2007-09-27,3.981451988220215,4.044558298428295,3.929819239955788,4.024888888468269,18566400
2007-09-28,3.965877056121826,4.012592260507288,3.9396509874366337,3.998659798298017,13552800
2007-10-01,4.14126443862915,4.1592949799662335,3.966697209397954,3.966697209397954,17172800
2007-10-02,4.170769214630127,4.222401934056207,4.147001737616912,4.220762765368455,13328800
2007-10-03,4.149460315704346,4.220762428412268,4.110121208257235,4.181423320965158,10901600
2007-10-04,4.183882713317871,4.210108789937871,4.151100273862619,4.179784947465902,12011200
2007-10-05,4.296983242034912,4.352713737913443,4.186341991104032,4.222402771467984,17053600
2007-10-08,4.301080703735352,4.301900444503497,4.226500238448641,4.282230730381513,9820800
2007-10-09,4.423194885253906,4.4535187197183435,4.343696935632622,4.36008830735157,20325600
2007-10-10,4.531378269195557,4.573175977158205,4.449421709344551,4.523182425626777,33080800
2007-10-11,4.243710041046143,4.335501601759153,4.202731766219078,4.331403524164906,66055200
2007-10-12,4.236334800720215,4.243710904194925,4.137167430502053,4.170769610189178,28642400
2007-10-15,4.13224983215332,4.245349978705941,4.097828225129187,4.228958603277528,21667200
2007-10-16,3.8965654373168945,4.0691979522802315,3.8299784488413398,4.052756685714419,68566400
2007-10-17,4.060154914855957,4.151403639077577,4.01329751272989,4.116877264286181,39359200
2007-10-18,4.069197177886963,4.107834099925117,4.014119306002889,4.0527559144500245,18800000
2007-10-19,4.005077838897705,4.147294231638056,3.9968570478314014,4.076596996423417,27095200
2007-10-22,4.081529140472412,4.107012806736072,3.954109554789757,4.005899436743755,17673600
2007-10-23,4.1505818367004395,4.19168484421401,4.089749247600288,4.093037563463228,15723200
2007-10-24,3.9820587635040283,4.116054639264237,3.9557528670296467,4.102901691027046,24294400
2007-10-25,3.9935696125030518,4.065910702619883,3.9705517078375516,4.0075444889149985,17734400
2007-10-26,4.046180725097656,4.086461502475804,3.9820598111790733,4.086461502475804,14333600
2007-10-29,4.1883978843688965,4.2138815565795165,4.067554902806251,4.067554902806251,21192000
2007-10-30,4.157157897949219,4.187574033824239,4.077417967951175,4.174421084776308,11570400
2007-10-31,4.18757438659668,4.192506860501819,4.11769939769141,4.1760655944090885,15080800
2007-11-01,4.103724956512451,4.198262018509229,4.103724956512451,4.129208939260649,14635200
2007-11-02,4.161268711090088,4.213058592323174,4.108656907623943,4.199083719223579,16942400
2007-11-05,4.013298511505127,4.093038463974212,3.8677937952636103,4.062622005936669,25228800
2007-11-06,3.7362639904022217,3.9097187575715897,3.6746094701434098,3.8883450149375154,61522400
2007-11-07,3.6976263523101807,3.7625691765283116,3.6655660580632934,3.6746087694849376,29496800
2007-11-08,3.483891248703003,3.726399072739002,3.4460762408123635,3.707491411998141,42788000
2007-11-09,3.4534752368927,3.50197680790278,3.4148386154241135,3.4148386154241135,19417600
2007-11-12,3.292351245880127,3.4534749799778823,3.2890629296109237,3.452653057706131,35008000
2007-11-13,3.5282821655273438,3.5299263235292195,3.3893541070751567,3.4033292932955597,25808000
2007-11-14,3.471560001373291,3.6030898144961205,3.4608731315391275,3.5800719168847643,20284800
2007-11-15,3.39017653465271,3.4526529743028718,3.3770235834847235,3.4123718849559244,20889600
2007-11-16,3.4649839401245117,3.4715602587932097,3.386065920962533,3.414015980884443,15423200
2007-11-19,3.3794894218444824,3.4452541729753547,3.370446709765662,3.437033696680647,18344800
2007-11-20,3.2989277839660645,3.390998441729954,3.2463159795295558,3.3704469360225,30564800
2007-11-21,3.178084135055542,3.279197483393243,3.178084135055542,3.2438488762193693,21805600
2007-11-23,3.2142555713653564,3.257824979474446,3.1969923807364715,3.1969923807364715,15196000
2007-11-26,3.178084135055542,3.262756219704531,3.173151661871622,3.247137191675316,17192000
2007-11-27,3.259469509124756,3.3153696396573955,3.1945266643013737,3.210967934503529,31836000
2007-11-28,3.4156603813171387,3.46498418599217,3.292351340016223,3.292351340016223,30642400
2007-11-29,3.39017653465271,3.4156602011456942,3.3498954453057626,3.4041514080725928,25220800
2007-11-30,3.4649839401245117,3.488001525851584,3.411549900582567,3.4773146552249776,26937600
2007-12-03,3.4238808155059814,3.485535329732924,3.4115497872241627,3.478958697691667,14315200
2007-12-04,3.4337456226348877,3.451831048066653,3.3712688694657484,3.3868882145535792,17798400
2007-12-05,3.5299265384674072,3.532392932415937,3.42059269020946,3.4658059404453194,20908000
2007-12-06,3.5652735233306885,3.582537018711657,3.5027971119802133,3.507729270439676,17410400
2007-12-07,3.680363178253174,3.724754499794588,3.6187086695315593,3.6187086695315593,30452800
2007-12-10,3.746129035949707,3.76092614751904,3.6310404600973674,3.6811861922388704,23703200
2007-12-11,3.5956907272338867,3.760102734058479,3.544722779332731,3.7543480253158834,21573600
2007-12-12,3.614597797393799,3.7181772158903663,3.60802116709383,3.6869388491475,18807200
2007-12-13,3.5266385078430176,3.5874707891779476,3.482247180215199,3.5825386285022507,19987200
2007-12-14,3.501154899597168,3.5208844851680783,3.4723829139636777,3.5060873743876764,9936800
2007-12-17,3.3720903396606445,3.48471247793465,3.3720903396606445,3.4649832124806013,17703200
2007-12-18,3.4551186561584473,3.464983603589996,3.403329093302566,3.403329093302566,15762400
2007-12-19,3.4608726501464844,3.502797887884469,3.428812358694508,3.428812358694508,9983200
2007-12-20,3.6507699489593506,3.6828302519706773,3.5504784873619637,3.5521226456690997,25604000
2007-12-21,3.7107791900634766,3.732152927979772,3.652412999030044,3.6877616079299624,16490400
2007-12-24,3.806962013244629,3.8324456862044323,3.753527959170098,3.7699692307000436,12162400
2007-12-26,3.8340892791748047,3.8398436763228156,3.76339204153795,3.7896979466691807,8228000
2007-12-27,3.7502388954162598,3.8069612552207297,3.739552337602147,3.802028780666525,20466400
2007-12-28,3.7444844245910645,3.8160035794630325,3.68940653765053,3.7814771990390144,14086400
2007-12-31,3.7288663387298584,3.7527061676002305,3.6992721116619736,3.744485374752939,12993600
2008-01-02,3.6524112224578857,3.752702604841453,3.623639258785986,3.7288627986042306,26200000
2008-01-03,3.6080217361450195,3.657345530401075,3.5850041536468193,3.6499469769422186,21930400
2008-01-04,3.461696147918701,3.555410976666663,3.404973783661994,3.5348594681310175,21844800
2008-01-07,3.53403639793396,3.549655426455267,3.4057949134308583,3.4148376244241003,29652000
2008-01-08,3.4501867294311523,3.6376163530349976,3.427991066595264,3.6376163530349976,25128800
2008-01-09,3.5217068195343018,3.5348597735900604,3.43210222203221,3.45265373234378,18242400
2008-01-10,3.5217068195343018,3.5315714566783307,3.337565149162523,3.4189492679764513,43929600
2008-01-11,3.2997496128082275,3.452652861118027,3.254536364249898,3.3819556333110374,55584800
2008-01-14,3.3170130252838135,3.370447067646355,3.2709778513996324,3.3096144703965553,28872000
2008-01-15,3.213433027267456,3.272621456360546,3.1698639411800706,3.243027241814001,36825600
2008-01-16,3.176440477371216,3.2364508327296355,3.0909461436039853,3.197814217608559,33835200
2008-01-17,3.178084135055542,3.228229848190155,3.1065649986393185,3.183016608239462,44459200
2008-01-18,3.1254725456237793,3.2060343979937223,3.090945858270351,3.1320488633728347,35478400
2008-01-22,3.1180732250213623,3.1747952452146815,2.87720964929325,2.934753904997308,37190400
2008-01-23,3.1871275901794434,3.205213015820332,2.972569817225616,3.012028671140294,33272000
2008-01-24,3.234807252883911,3.262757316472764,3.090124773688814,3.090124773688814,39572800
2008-01-25,3.2265870571136475,3.345785877355822,3.183017956436824,3.3449636413480586,28629600
2008-01-28,3.2644009590148926,3.2759097515700795,3.1394477717465756,3.164109828468922,24905600
2008-01-29,3.3055038452148438,3.3433185375088024,3.2413832527519526,3.2890625792114943,23922400
2008-01-30,3.280019760131836,3.351538897443768,3.2471372323425896,3.2668668117343427,20687200
2008-01-31,3.4033288955688477,3.4321008732615716,3.2471373531456784,3.294816988854807,43063200
2008-02-01,3.575962543487549,3.67625400712533,3.4362122204491183,3.4427888538114626,48136000
2008-02-04,3.5093746185302734,3.5463673874827406,3.4822467970258355,3.5085526963717992,24439200
2008-02-05,3.275909900665283,3.4551190564150986,3.2693335818734757,3.4551190564150986,38217600
2008-02-06,3.2726223468780518,3.342497350778133,3.2389178852711336,3.259469393899526,24737600
2008-02-07,3.283308506011963,3.3416750217428586,3.188771765980831,3.213433510615426,28232000
2008-02-08,3.427990436553955,3.51430667821291,3.3786666458981096,3.4444317001059033,36121600
2008-02-11,3.39264178276062,3.4362108640184434,3.3466063081699478,3.430456468893486,15452800
2008-02-12,3.441967248916626,3.479782270501063,3.389355426736257,3.3983981424718577,20966400
2008-02-13,3.4600510597229004,3.4929335899792706,3.4345670830946613,3.4797806405949325,23049600
2008-02-14,3.4156603813171387,3.4690944246506454,3.392642793956789,3.4690944246506454,23216000
2008-02-15,3.3836007118225098,3.41155077894061,3.3498962467910807,3.381134630885702,21829600
2008-02-19,3.3737354278564453,3.4699163290514194,3.365514636990781,3.403329647790624,13709600
2008-02-20,3.39017653465271,3.460873451186204,3.354827919590417,3.4099058046091435,21447200
2008-02-21,3.427990436553955,3.508552283008381,3.403328698021542,3.4600507280051938,23571200
2008-02-22,3.4115495681762695,3.4271685978847786,3.3400304240706,3.4271685978847786,16310400
2008-02-25,3.4633402824401855,3.464162204795866,3.3762017739548607,3.4057959962174666,17312000
2008-02-26,3.4863569736480713,3.5249938998286177,3.426346622221701,3.463339390523176,20256000
2008-02-27,3.4526522159576416,3.474847874976864,3.414837528854237,3.4526522159576416,18972000
2008-02-28,3.3638691902160645,3.4403207912292464,3.349072399508307,3.4403207912292464,19626400
2008-02-29,3.199458360671997,3.32852210915981,3.193703963976559,3.32852210915981,34784000
2008-03-03,3.1410927772521973,3.179729717190001,3.113964946565882,3.1690428439663436,32498400
2008-03-04,3.0769717693328857,3.1090320712891044,3.0177833265884066,3.0958791188560117,36952000
2008-03-05,3.1394476890563965,3.2117890721149798,3.113141788597106,3.124650580849162,25780800
2008-03-06,3.044088125228882,3.1509561777017803,3.0424439675733437,3.1271163620829947,28100000
2008-03-07,2.9520180225372314,3.0375123544541722,2.9355767566161175,2.9594165765221794,28610400
2008-03-10,2.8607687950134277,2.946263112000583,2.8599468729768827,2.9314660066146905,29035200
2008-03-11,3.012850046157837,3.0144938902090597,2.9109144674767147,2.9544835474272477,36418400
2008-03-12,2.9043383598327637,2.975035261998123,2.8920073334227787,2.970925024391804,32725600
2008-03-13,2.871455669403076,2.908448432949853,2.7785627995169504,2.8278865887763227,25520000
2008-03-14,2.790072202682495,2.9347549733262777,2.740748716175934,2.9257122609621566,24349600
2008-03-17,2.713620662689209,2.7892503663992816,2.6840267580281427,2.6889589186761094,26864000
2008-03-18,2.833641767501831,2.83857392827812,2.7333503171693243,2.7728091713351226,23278400
2008-03-19,2.744036912918091,2.877210571568027,2.7399266748197784,2.803225031434137,21073600
2008-03-20,2.785139799118042,2.794182510692976,2.716908658027944,2.7440367927527447,16273600
2008-03-24,2.9840781688690186,2.999697511826286,2.809801511468867,2.8361074101862087,24561600
2008-03-25,3.074505090713501,3.0958785166631677,3.035868163260612,3.0827255667885125,28024800
2008-03-26,3.044088125228882,3.0917677564664525,3.00709567554781,3.054774993194373,15108800
2008-03-27,2.98490047454834,3.041622511188535,2.9643489710943633,3.0054519780023163,15631200
2008-03-28,2.9840781688690186,3.1213623717917542,2.956950348012844,3.1213623717917542,27676000
2008-03-31,2.940509080886841,2.991476720417625,2.9191353421993496,2.9306444472724094,16739200
2008-04-01,3.0769717693328857,3.0769717693328857,2.9890113411382417,2.9939435023062,35738400
2008-04-02,3.0555973052978516,3.106565258352961,3.0202490087598273,3.0695724903584614,38709600
2008-04-03,3.075327157974243,3.10656553299698,3.016138723950336,3.0309358324563127,40879200
2008-04-04,3.0292916297912598,3.0958786170866075,2.9996977268066205,3.0909461431269656,40812000
2008-04-07,3.0383338928222656,3.088479606431118,3.0292911820284036,3.0819032890480527,19424000
2008-04-08,3.008739709854126,3.0383339223430235,2.99065460168171,3.0383339223430235,15316800
2008-04-09,2.959416389465332,3.1484901516296304,2.9265338597015216,3.024359213273783,25801600
2008-04-10,2.9799678325653076,3.0038076504876794,2.931466274608879,2.9503736190880243,43337600
2008-04-11,2.9437978267669678,2.9857227609476187,2.9026948148446814,2.917491924223992,32778400
2008-04-14,3.0054526329040527,3.0481998070340537,2.8829655076477887,2.8928301436497503,44517600
2008-04-15,3.2611117362976074,3.304681127760184,3.1361588973605694,3.1435574496020644,74436000
2008-04-16,3.360582113265991,3.381133617824825,3.291529045404667,3.33180981872898,41753600
2008-04-17,3.3745572566986084,3.394286840638741,3.2931734677244187,3.333454244281838,32907200
2008-04-18,3.541435480117798,3.5628089072652642,3.411549818434409,3.411549818434409,41945600
2008-04-21,3.508552312850952,3.516772787901337,3.4444317294030857,3.4929332848188115,30904800
2008-04-22,3.3975744247436523,3.40743905779242,3.3581152653665223,3.4000405046080866,33830400
2008-04-23,3.4682724475860596,3.485535952985729,3.4000416027084976,3.4312799833080883,18408000
2008-04-24,3.541435480117798,3.5907589665141533,3.4567630665629143,3.4690940949575424,20812800
2008-04-25,3.5447230339050293,3.561986534190601,3.4649834181103123,3.538968638340185,16583200
2008-04-28,3.4764926433563232,3.5225278136235785,3.4608732989375808,3.5225278136235785,15463200
2008-04-29,3.608844757080078,3.658168248477032,3.5858268559825373,3.6187093926412466,28423200
2008-04-30,3.591580390930176,3.6573454484649024,3.5784274421414373,3.633505630788116,14034400
2008-05-01,3.636794328689575,3.6515911232402165,3.520883857306898,3.580071976282667,25542400
2008-05-02,3.6943392753601074,3.732976213993185,3.583361248278957,3.651592097500163,17676000
2008-05-05,3.6466593742370605,3.6894065455134504,3.628573948114829,3.6877623873576924,11040000
2008-05-06,3.7650351524353027,3.793807443762496,3.626929032119681,3.67543059001137,23200000
2008-05-07,3.55458927154541,3.729687909184713,3.5471907154767672,3.671321696638279,36773600
2008-05-08,3.5208842754364014,3.557876736592718,3.476492945739494,3.5447237848593134,30397600
2008-05-09,3.5274598598480225,3.5554099156592747,3.4452538502374033,3.486356855042713,21038400
2008-05-12,3.5825369358062744,3.58582493683951,3.466626197236058,3.540611708325357,25788800
2008-05-13,3.5365025997161865,3.5512997066531993,3.4806024876410375,3.534858441879736,17581600
2008-05-14,3.644192695617676,3.6696763588711083,3.5677410786752732,3.5940469776671695,25759200
2008-05-15,3.8291571140289307,3.839843672383631,3.6639228144023264,3.701737513790787,35475200
2008-05-16,3.7822988033294678,3.802028385906679,3.7116018902728967,3.768323930596879,19386400
2008-05-19,3.741196632385254,3.8003850797935956,3.7239334397548696,3.7765452536328863,10216800
2008-05-20,3.6433708667755127,3.755171106772591,3.6113105683980447,3.7321535209818117,21502400
2008-05-21,3.610487937927246,3.706669136137754,3.6096660157778806,3.6409043885016668,16894400
2008-05-22,3.6343276500701904,3.6581674683844336,3.6022673561398153,3.6022673561398153,12480000
2008-05-23,3.5447230339050293,3.6047333830748625,3.534036478479483,3.598157065396914,18058400
2008-05-27,3.612133264541626,3.6778983470474023,3.563631688668751,3.571030244771093,24593600
2008-05-28,3.705629348754883,3.724829462871349,3.668063769637092,3.718985963724895,20509600
2008-05-29,3.786604881286621,3.834187853017462,3.6747430856420205,3.6956128212589467,30371200
2008-05-30,4.0996503829956055,4.183963963819014,3.852552821816445,3.8600659384004596,62956000
2008-06-02,3.9877874851226807,4.006987595805638,3.9452130635870586,3.97610048891973,34876000
2008-06-03,3.904308557510376,3.976935118159014,3.8650733689264314,3.940204513353823,41064800
2008-06-04,3.897629737854004,3.9577346479342186,3.8158204538263414,3.8275074489093313,30386400
2008-06-05,4.121352672576904,4.130535401344693,4.002812802711575,4.006986683484199,46279200
2008-06-06,3.9627444744110107,4.06959739118952,3.9619095068723476,4.044553778625408,26616800
2008-06-09,3.9159953594207764,3.970256774198816,3.8742559075751286,3.926847706065733,19490400
2008-06-10,3.817491054534912,3.8609001320712775,3.7715777112482924,3.8408650507287954,26025600
2008-06-11,3.747368812561035,3.891787311524442,3.7423602809735774,3.8400304682908493,26036800
2008-06-12,3.875924587249756,3.940203365772768,3.7815933597085385,3.78910647196309,25864000
2008-06-13,3.950221538543701,3.9543954198712816,3.8291770693634803,3.867577605538723,24754400
2008-06-16,3.930185556411743,3.9468810765208655,3.884271920771757,3.9452114608206266,16989600
2008-06-17,3.9034736156463623,3.9577350334708745,3.8909519704576963,3.9452130698354444,10802400
2008-06-18,3.7924468517303467,3.824168926235013,3.720654939220886,3.7732467409226387,29704800
2008-06-19,3.8700826168060303,3.8984654611312735,3.7431946256135773,3.792447199047182,20480800
2008-06-20,3.6989502906799316,3.7974554212724874,3.686428327905029,3.794950837649462,34292800
2008-06-23,3.7565510272979736,3.79829048315684,3.739855181265072,3.76990764043494,14691200
2008-06-24,3.6663930416107178,3.7306718311844835,3.644688668280989,3.706463192821596,18147200
2008-06-25,3.6997854709625244,3.75655115838723,3.6330024029472203,3.6663937777314786,19856000
2008-06-26,3.557037115097046,3.6613857733974906,3.5169672685232953,3.655542274008412,25549600
2008-06-27,3.592097520828247,3.614636865528903,3.48607926321262,3.5478537988862824,22929600
2008-06-30,3.62799334526062,3.6638893019679717,3.5536971664536545,3.581245359555618,21261600
2008-07-01,3.628828287124634,3.6555415126098065,3.4935922248533346,3.5670537541609426,29956800
2008-07-02,3.6396796703338623,3.7565502499326744,3.633836173198593,3.7206542998464696,25043200
2008-07-03,3.556201934814453,3.690603049618784,3.553697669068002,3.5862543975591255,17280800
2008-07-07,3.564549684524536,3.653037129385697,3.514462145154332,3.6380112178660986,26414400
2008-07-08,3.590427875518799,3.590427875518799,3.4693837075217155,3.5194709274896963,19736800
2008-07-09,3.6588809490203857,3.761559974901777,3.6405154860597713,3.6405154860597713,38128000
2008-07-10,3.672236919403076,3.72315878046806,3.606288512545392,3.6538714596587267,51498400
2008-07-11,3.183885097503662,3.461869978841455,3.1680242216304157,3.4326521736685636,78576800
2008-07-14,3.1012423038482666,3.202251730342375,3.088720337264405,3.1838862642718686,36843200
2008-07-15,3.090388536453247,3.1271191332988084,2.9576570890259943,3.07202307880712,31972800
2008-07-16,3.2690343856811523,3.276547500969017,3.0795372053732777,3.096233052507065,33228000
2008-07-17,3.3174517154693604,3.3224602457983528,3.2131030876588174,3.269868448216752,29619200
2008-07-18,3.207258939743042,3.260685699150363,3.1797110704431604,3.2264593655070506,29303200
2008-07-21,3.1287903785705566,3.2156085455382386,3.1145991127790156,3.203921545840062,16962400
2008-07-22,3.275712728500366,3.289903991039009,3.0903894373463245,3.1271200448993874,32768000
2008-07-23,3.3408255577087402,3.4051043477966916,3.2323030532985433,3.2389811995892948,26596000
2008-07-24,3.1605112552642822,3.3107732139669857,3.1538327903035355,3.29324272111513,20629600
2008-07-25,3.19724178314209,3.213102977833061,3.1555023334445513,3.1638504144520967,9983200
2008-07-28,3.1555025577545166,3.2297987325460267,3.1488244109204913,3.186389663561231,10691200
2008-07-29,3.288234233856201,3.2999212303754737,3.1346330257883954,3.138806907624311,19223200
2008-07-30,3.265695810317993,3.357522828825563,3.216443226498957,3.3015917774291648,17326400
2008-07-31,3.288234233856201,3.3625304132545235,3.2222858181297105,3.2439905131913065,18325600
2008-08-01,3.3767216205596924,3.3975913458802753,3.288233870559595,3.3391560512932954,22752000
2008-08-04,3.30409574508667,3.380896197205768,3.23230382426859,3.380896197205768,21637600
2008-08-05,3.4026007652282715,3.420131581097767,3.3408265404683233,3.39007911783214,25092000
2008-08-06,3.49609637260437,3.5311573572629427,3.36086032720115,3.36086032720115,31948800
2008-08-07,3.4134521484375,3.4827397878532618,3.387573893407247,3.4134521484375,25586400
2008-08-08,3.466046094894409,3.4902550671896253,3.405941148077853,3.405941148077853,22488000
2008-08-11,3.4510180950164795,3.4894183165536523,3.390913178908372,3.4343222496034755,20812000
2008-08-12,3.3366522789001465,3.3466696593682634,3.2873997071322942,3.322460697994096,27924000
2008-08-13,3.3658692836761475,3.4017652368040516,3.299920875050766,3.3157820701448437,17768000
2008-08-14,3.5286529064178467,3.5453487489962554,3.383399489966414,3.383399489966414,26288000
2008-08-15,3.541175127029419,3.6179758880364727,3.529488130852571,3.5336623310129562,16804000
2008-08-18,3.477731466293335,3.6112975983109252,3.442670476056259,3.56287999487209,16403200
2008-08-19,3.405940294265747,3.4643756091945423,3.3717139455633856,3.463540960007735,13840800
2008-08-20,3.3917486667633057,3.4435055088832307,3.3424960903832246,3.4101138129335165,15534400
2008-08-21,3.360860586166382,3.360860586166382,3.2890689951270446,3.3424954435501566,19401600
2008-08-22,3.4693849086761475,3.4785673247068405,3.3633666152068713,3.394253734265829,10566400
2008-08-25,3.33080792427063,3.434321572209801,3.3199555791257054,3.4301476912915074,19180800
2008-08-26,3.383399724960327,3.4393307537156774,3.334147161078877,3.338321360848431,29842400
2008-08-27,3.436826705932617,3.4652095491778385,3.3667047245057216,3.369208990000459,16856000
2008-08-28,3.456026554107666,3.495261420186176,3.41428710450949,3.41428710450949,10607200
2008-08-29,3.446009635925293,3.5136276742008525,3.3792265651606166,3.5136276742008525,15172800
2008-09-02,3.4318182468414307,3.5595408848973884,3.4142877511174348,3.5219753094554043,27676000
2008-09-03,3.390078067779541,3.4635395865139085,3.3725475757868106,3.4084435270748132,16173600
2008-09-04,3.299086809158325,3.422635567022599,3.2765474635521223,3.3850699910122604,31998400
2008-09-05,3.288234233856201,3.3065996960703563,3.193902975820004,3.240651280343865,30844000
2008-09-08,3.293243408203125,3.3959224400465917,3.247330066582408,3.3733830937716647,22205600
2008-09-09,3.209764242172241,3.339156492569972,3.2022511273260874,3.309939000638696,22031200
2008-09-10,3.271538496017456,3.294077840811262,3.223120891918999,3.236477505302723,23824000
2008-09-11,3.1037471294403076,3.2231220435300805,3.0611726901358143,3.213939308839037,53506400
2008-09-12,3.1087546348571777,3.1120935491155586,2.9835362744352953,3.0636759486780782,26500800
2008-09-15,2.9050655364990234,2.9943879303394225,2.8541433586476948,2.9551530655013365,34450400
2008-09-16,3.038632392883301,3.0544932708371326,2.842456767091732,2.862491845222624,35112000
2008-09-17,2.8675005435943604,3.010249727313011,2.829100319915398,2.9217619646013846,40088000
2008-09-18,2.915083885192871,2.9301101170503046,2.684682194123601,2.8766836564224634,44337600
2008-09-19,3.213937997817993,3.339156361369344,3.001066843470051,3.061171441430898,46980800
2008-09-22,3.0837109088897705,3.183885667442059,3.065345764708709,3.1513289425630906,20684800
2008-09-23,2.936788320541382,3.110424302013759,2.921762090031192,3.0052410068892264,30544000
2008-09-24,2.8115694522857666,2.872509012693634,2.720577436126789,2.870004747529955,38801600
2008-09-25,2.8583176136016846,2.883361219364604,2.7723341319384702,2.821586694599126,19869600
2008-09-26,2.805725574493408,2.811569071381491,2.6997073448219573,2.71306395462996,19994400
2008-09-29,2.450106382369995,2.658803686503327,2.3624534190999515,2.646281880100008,43698400
2008-09-30,2.7806825637817383,2.8791877015356624,2.5260717966812196,2.5410980257248195,52524800
2008-10-01,2.7047173976898193,2.799883324767789,2.6120557365517416,2.785691741399109,26331200
2008-10-02,2.5527849197387695,2.732264534432079,2.5377586912970584,2.6888554654278862,20296000
2008-10-03,2.469306230545044,2.63709886412775,2.467636614077939,2.6095508293140752,29872000
2008-10-06,2.3223841190338135,2.43341110447644,2.1737917055799874,2.43341110447644,54288800
2008-10-07,2.2171993255615234,2.403357375615745,2.1737904227582083,2.362452578444581,40568800
2008-10-08,2.1303822994232178,2.3599493534328726,2.0752862191987744,2.109512567240522,55708800
2008-10-09,2.088642120361328,2.2564347288013424,2.07361589285575,2.1437381817328713,26078400
2008-10-10,1.9959803819656372,2.1220335334857525,1.9033187568560328,1.9408843235824556,61005600
2008-10-13,2.4634625911712646,2.4701408974341543,2.1988344467662624,2.273130623843834,40900800
2008-10-14,2.3648500442504883,2.6700192032504804,2.2925511451560165,2.562411319469378,44001600
2008-10-15,2.10507869720459,2.309365345546331,2.101715874837715,2.2723752615998882,27496800
2008-10-16,2.227818727493286,2.2513580019619597,2.052115275402753,2.1950320126265037,32434400
2008-10-17,2.1824212074279785,2.262286457244259,2.1008747071462577,2.1235732720853893,27860800
2008-10-20,2.355602979660034,2.356443685176326,2.2101642926534018,2.2202524381525377,17406400
2008-10-21,2.2328622341156006,2.34383277353133,2.2303402784413375,2.2975951022241587,17536000
2008-10-22,2.1319797039031982,2.2168890074161767,2.076494441860757,2.144589961576821,21987200
2008-10-23,2.1740143299102783,2.21772988572826,2.063043789140982,2.135342685502346,26165600
2008-10-24,2.1202104091644287,2.2110045068044655,2.0075584524177703,2.021850123358709,31666400
2008-10-27,2.0495922565460205,2.165607006365449,2.042866775422294,2.086582482900575,17091200
2008-10-28,2.368213415145874,2.374938899420571,2.0596815233912915,2.1311398940275668,27498400
2008-10-29,2.347195863723755,2.437989966403475,2.2564017610440352,2.257242466481127,28790400
2008-10-30,2.4640512466430664,2.4951567070928835,2.367372364169144,2.4211762305167523,22381600
2008-10-31,2.4648923873901367,2.5313066869461607,2.3724168555131837,2.4152918792110856,29541600
2008-11-03,2.399318218231201,2.488430900374362,2.379141610625062,2.461528970697042,28892000
2008-11-04,2.5153326988220215,2.5220581808904705,2.401840048612322,2.4321047980944126,19459200
2008-11-05,2.321134328842163,2.4505999023751937,2.311886730608323,2.41276912481049,18254400
2008-11-06,2.078176498413086,2.2807818860825457,2.0537966788297366,2.232022086567659,28816800
2008-11-07,2.243790864944458,2.2488349357908137,2.1420677807295325,2.147952556774968,22082400
2008-11-10,2.2950730323791504,2.3614873125055866,2.263127030526586,2.3371073381761907,18247200
2008-11-11,2.188305616378784,2.247153537498279,2.1252541692412468,2.19923446332945,22894400
2008-11-12,2.0546371936798096,2.2505170791096964,2.048752415717892,2.1445905947506603,22945600
2008-11-13,2.2034385204315186,2.208482753236034,1.9688871468594127,2.042867464162409,30440000
2008-11-14,2.078176498413086,2.1899877711117846,2.0706103088031735,2.1218922249707606,23944000
2008-11-17,2.05379581451416,2.1302982236208665,2.044548217694189,2.0462296280883874,22165600
2008-11-18,2.0285756587982178,2.101715426182562,1.9714091338985078,2.0176468091352593,20516800
2008-11-19,1.8814550638198853,2.0428667707698365,1.8806145189859371,2.021849622262541,23707200
2008-11-20,1.7746890783309937,1.893225850349067,1.7738483726718615,1.8503508238225839,30502400
2008-11-21,1.9302153587341309,1.9554360399042805,1.8242890430032486,1.9352595911770571,37677600
2008-11-24,2.0983526706695557,2.1101223864638867,1.993266896048328,1.993266896048328,33180000
2008-11-25,1.9453483819961548,2.072292054405376,1.9125616619597026,2.0075591596708606,38034400
2008-11-26,2.043708324432373,2.0933088283299366,1.9621618120939608,1.9621618120939608,37508800
2008-11-28,2.1143252849578857,2.1227321771349774,2.005876872952612,2.005876872952612,9309600
2008-12-01,1.9848601818084717,2.084061179678771,1.9848601818084717,2.0579997918666293,19539200
2008-12-02,2.05379581451416,2.0630434113341316,1.9848595918332268,1.9848595918332268,19934400
2008-12-03,2.0353009700775146,2.0512740508667138,1.9386221006972757,1.9571172975105002,21636800
2008-12-04,1.9243305921554565,2.031097774247706,1.876411506112774,1.9873820549164942,23031200
2008-12-05,1.9974701404571533,2.013443220835733,1.838580523035518,1.894065791352538,23363200
2008-12-08,2.1765360832214355,2.2101636527441744,2.021849840670123,2.0378229201586104,42101600
2008-12-09,2.0958309173583984,2.1925098072886855,2.0815392442140475,2.127776925379086,26461600
2008-12-10,2.107600212097168,2.1319801881049054,2.06892872506882,2.1109630337595435,21035200
2008-12-11,2.0159659385681152,2.1235738549517738,1.9999930124992304,2.080698829525821,18155200
2008-12-12,2.036142110824585,2.0487525332931598,1.9344191479921498,1.9915858406426545,13525600
2008-12-15,2.0075583457946777,2.0529554723776955,1.9495511200694646,2.0243721320139025,12253600
2008-12-16,2.023531198501587,2.0445483487317206,1.9117199656912,2.0285752696593424,36522400
2008-12-17,2.0941483974456787,2.1370233941759893,2.0033543338838737,2.005035744033634,24020800
2008-12-18,2.1420679092407227,2.1983938781733006,2.0840606901572425,2.118528803646776,25480000
2008-12-19,2.1487934589385986,2.2042787243788156,2.1420679770776068,2.1605631724564365,16888000
2008-12-22,2.10507869720459,2.151316382311741,2.0664070417265137,2.101715874837715,11784800
2008-12-23,2.127776861190796,2.1689704683410835,2.1059189993736314,2.1319803886641995,14270400
2008-12-24,2.112644672393799,2.1479535045951414,2.0975124531773877,2.121051567746155,3045600
2008-12-26,2.02941632270813,2.047070815308066,2.0159653570834917,2.0344605550784878,8153600
2008-12-29,2.0117616653442383,2.050433145178502,1.9890631043903184,2.043707663453059,12495200
2008-12-30,2.0554778575897217,2.060521929976775,2.000833125395325,2.0117621359734725,9519200
2008-12-31,2.065565586090088,2.079857255263345,2.0403450688893456,2.054636738062603,7721600
2009-01-02,2.1143252849578857,2.1227321771349774,2.0310973891357555,2.06052143158151,14917600
2009-01-05,2.184943914413452,2.1975541782287014,2.0832209379091458,2.0832209379091458,20835200
2009-01-06,2.236224889755249,2.2690115938760784,2.1664479551210896,2.1857836954821868,30572000
2009-01-07,2.2648086547851562,2.379982573733543,2.1143257488759826,2.1294581260454155,51324800
2009-01-08,2.2395880222320557,2.290869932584818,2.209323427572278,2.2421101385987745,22020800
2009-01-09,2.2252962589263916,2.3026393938374694,2.169810983919332,2.2984360270801503,17408000
2009-01-12,2.1756961345672607,2.251358031957422,2.147112947089878,2.1572010931764387,30562400
2009-01-13,2.3034799098968506,2.3665313681623563,2.237065790571556,2.2908696503133794,41921600
2009-01-14,2.221932888031006,2.3026386585054666,2.2068005159800164,2.295072472479972,34449600
2009-01-15,2.2824630737304688,2.3144092401443785,2.174014633852508,2.219411606719416,25572000
2009-01-16,2.3287007808685303,2.3413110414887672,2.2572424235563027,2.32197529784786,22836800
2009-01-20,2.200076103210449,2.3135687883437215,2.1992353976496766,2.2891888081258838,25332000
2009-01-21,2.2479946613311768,2.250516777411679,2.151315789786039,2.190827979625001,26825600
2009-01-22,2.1462714672088623,2.2278179534396267,2.101715050414742,2.2101636239832465,23449600
2009-01-23,2.190828561782837,2.2353849956225607,2.1025565600351483,2.103397265618712,26676800
2009-01-26,2.2446320056915283,2.2891882674515833,2.198394172858901,2.2084824768572666,14914400
2009-01-27,2.279099941253662,2.3017983428226585,2.2446318259045923,2.2723744592428226,14131200
2009-01-28,2.3572840690612793,2.3858672509743535,2.3261786105952913,2.3396295763243242,18325600
2009-01-29,2.3085241317749023,2.3656908166419908,2.294232620906291,2.3497178949600745,17109600
2009-01-30,2.2328622341156006,2.3127274776623308,2.2177298586774286,2.3017984685800297,28686400
2009-02-02,2.2379062175750732,2.262286028357695,2.1941905067980816,2.2152076569391586,13543200
2009-02-03,2.306842803955078,2.3127275812561527,2.209323224927726,2.241269227568484,14094400
2009-02-04,2.276578187942505,2.3303820525981567,2.2404286562464266,2.300117458903435,26321600
2009-02-05,2.2530388832092285,2.268171260003842,2.1815806866651384,2.2152081015708567,24144000
2009-02-06,2.4371495246887207,2.4522819034975,2.2236152913542373,2.262286783556065,39576800
2009-02-09,2.466573476791382,2.466573476791382,2.3623284007599943,2.408566080491887,17959200
2009-02-10,2.279099941253662,2.439670964567077,2.2757371200741727,2.437989553977332,29436000
2009-02-11,2.269012451171875,2.3539217922038693,2.2421105134881136,2.3387894121697044,27300800
2009-02-12,2.2757363319396973,2.282461811621364,2.165606542021868,2.227817269164309,32251200
2009-02-13,2.2177298069000244,2.291710271682052,2.1925092886573276,2.274055780633649,24628800
2009-02-17,2.1092817783355713,2.1504753846457545,2.0891053279192473,2.134502301268933,26672000
2009-02-18,2.1143252849578857,2.1412272116460738,2.080697876597651,2.094989545194267,17381600
2009-02-19,2.078176498413086,2.17905891964646,2.0714510143540736,2.1269362979279727,18327200
2009-02-20,2.031097888946533,2.1033969549734266,2.010080733505987,2.0546371607652865,25161600
2009-02-23,1.990745186805725,2.07313240583597,1.988223070176894,2.047911880940405,18278400
2009-02-24,2.0832204818725586,2.0907866705750386,2.0092400057479005,2.0268944995030775,18969600
2009-02-25,2.069769859313965,2.1059192375852143,2.0453898782550106,2.0622036693541648,18157600
2009-02-26,2.0344605445861816,2.106759444358705,2.0344605445861816,2.0823796294203416,26313600
2009-02-27,2.0344605445861816,2.0722913250798123,2.0083991585182126,2.0403453219730916,26348800
2009-03-02,1.9150835275650024,2.009240307226573,1.907517337727245,1.9789757082237365,37369600
2009-03-03,1.9403032064437866,1.9764527286995217,1.9007910236993049,1.9159233967689728,22074400
2009-03-04,2.0243723392486572,2.0571590493495537,1.9756125466391496,1.9756125466391496,20149600
2009-03-05,1.9285340309143066,1.9983109734277547,1.9167643160343901,1.9756124093895098,23500800
2009-03-06,1.960479974746704,1.976453055668048,1.9159237137240108,1.9638427961398923,26074400
2009-03-09,1.918445348739624,1.9655237179377405,1.9024722704882886,1.9587982366237238,14088000
2009-03-10,2.0605216026306152,2.0613623079529266,1.9285339136424802,1.9478696550112076,22357600
2009-03-11,2.059680938720703,2.128617173054835,2.052955456355133,2.0815387964958436,19701600
2009-03-12,2.135343313217163,2.1361840188153587,2.0428677819421894,2.0512746775759503,21344800
2009-03-13,2.12861704826355,2.173173466540902,2.0991930045086247,2.1597225025983313,23029600
2009-03-16,2.1092817783355713,2.1630856461124353,2.108441072858036,2.141227784741041,19958400
2009-03-17,2.1319797039031982,2.1353423644537055,2.0680875499623,2.117688035780259,22089600
2009-03-18,2.2025973796844482,2.224455074533887,2.110121887801856,2.110121887801856,24007200
2009-03-19,2.248835563659668,2.2648086462055783,2.2210929257368583,2.2353845974151643,22246400
2009-03-20,2.1765360832214355,2.281621837109657,2.158881753535319,2.2631268021506585,21771200
2009-03-23,2.321974754333496,2.321974754333496,2.2337026299577363,2.2479942980748713,33524000
2009-03-24,2.2076416015625,2.286666135697659,2.199234708935672,2.2496759043485,21716800
2009-03-25,2.257242441177368,2.286666489753061,2.213526721027663,2.231181214312344,18438400
2009-03-26,2.3530802726745605,2.363168575990514,2.266489550402112,2.311886674801689,23966400
2009-03-27,2.178217649459839,2.2589235975956488,2.1756955334609196,2.2488352939481175,24315200
2009-03-30,2.1748552322387695,2.1832619658144536,2.12273261818944,2.1437497728249792,16973600
2009-03-31,2.2387471199035645,2.305161401919903,2.2110044837019918,2.221092787933544,20847200
2009-04-01,2.269012451171875,2.279941463573526,2.1916693001569625,2.24463263027654,20888800
2009-04-02,2.405202865600586,2.5170141050099604,2.349717598546198,2.349717598546198,40691200
2009-04-03,2.4430339336395264,2.4438746390404718,2.35812461232196,2.4253796012641526,24169600
2009-04-06,2.3799827098846436,2.4018405714522233,2.353921481239835,2.4018405714522233,22150400
2009-04-07,2.36989426612854,2.385867187287797,2.3177716550587406,2.347195701936136,16000800
2009-04-08,2.4304234981536865,2.4396710965494237,2.3656906300798237,2.400999452633917,17416000
2009-04-09,2.4985191822052,2.502722709167679,2.458166285454348,2.4682545898161403,17802400
2009-04-13,2.478342056274414,2.4875896527155046,2.4304229844398804,2.4724572804839435,15784800
2009-04-14,2.417813539505005,2.4480782941298664,2.397637089871153,2.4379899891388566,23116800
2009-04-15,2.2538793087005615,2.4178131564845846,2.195872085323076,2.28918813005336,57460800
2009-04-16,2.311886787414551,2.3303818239885334,2.24463196319266,2.2950730011850036,28092000
2009-04-17,2.3522391319274902,2.362327433375918,2.295913169681708,2.3446729459281976,29130400
2009-04-20,2.279099941253662,2.3127273513078594,2.2614454507576216,2.311045940718115,26868800
2009-04-21,2.287506341934204,2.300116759181282,2.2370653143383574,2.2639672384823064,29828800
2009-04-22,2.3446731567382812,2.3833447953614315,2.269852155516006,2.2942321260053156,24087200
2009-04-23,2.405202865600586,2.4346267493808367,2.3640092679600944,2.4253793117705325,34272800
2009-04-24,2.428741693496704,2.4522809581637475,2.395954992282137,2.4085652496455765,21072000
2009-04-27,2.410247325897217,2.4321051861946525,2.353921344455254,2.388389465599781,16471200
2009-04-28,2.4094064235687256,2.43378639818256,2.3598059293216838,2.3598059293216838,17125600
2009-04-29,2.5489604473114014,2.56829619077977,2.4842275735974773,2.4850682790110796,25580000
2009-04-30,2.590153932571411,2.606127014006353,2.5514824473952054,2.5632520019535017,24644800
2009-05-01,2.580906629562378,2.601923784003934,2.549801170435683,2.5775438078846107,20286400
2009-05-04,2.7540881633758545,2.759973262485923,2.6801078399136595,2.7120538485943793,31513600
2009-05-05,2.725504159927368,2.7566097762737582,2.692717453607498,2.737274034615791,20740800
2009-05-06,2.6422767639160156,2.731389616959949,2.5867914872990134,2.731389616959949,25977600
2009-05-07,2.6052865982055664,2.691877337311056,2.589313514995235,2.691877337311056,16181600
2009-05-08,2.6195781230926514,2.6700193259438088,2.5867914133960728,2.6271443115377333,13704000
2009-05-11,2.610330104827881,2.6447982198350224,2.5540041334153085,2.56745525765169,11971200
2009-05-12,2.677586078643799,2.7305492485722787,2.6649758153606555,2.713735457295956,15661600
2009-05-13,2.552323579788208,2.6523651309675365,2.5481200522082896,2.622941239649017,17672800
2009-05-14,2.6464803218841553,2.6565686276102936,2.5977205249622095,2.6170562705601133,15023200
2009-05-15,2.6918771266937256,2.728867202336507,2.6565683015087727,2.686832894275761,17912000
2009-05-18,2.933994770050049,3.081114845210512,2.9003671960205604,3.0264701175866717,65892800
2009-05-19,2.7759451866149902,2.852447599129345,2.7473618500329096,2.786874194315971,33566400
2009-05-20,2.707850217819214,2.8205021833019477,2.691036429403098,2.7658577718199964,27542400
2009-05-21,2.650684118270874,2.707010110113457,2.6254634315715135,2.6851522457799564,22930400
2009-05-22,2.6565680503845215,2.6960802385012146,2.6498425681444857,2.6700190148645935,11312000
2009-05-26,2.724663734436035,2.75492848642671,2.619577968188585,2.6557274974334124,17808000
2009-05-27,2.7414779663085938,2.816298992714057,2.7044875653377236,2.7044875653377236,16944800
2009-05-28,2.8062102794647217,2.8146170121498635,2.7221416698281202,2.7616536982838418,20457600
2009-05-29,2.9054114818573,2.90709289265938,2.789396702084288,2.821342865931182,26784800
2009-06-01,3.0012497901916504,3.0399212783221237,2.960056025394348,2.9777103585804774,29220000
2009-06-02,3.0592575073242188,3.0710270646472844,2.971826051929467,3.0096570009653103,19033600
2009-06-03,2.9880292415618896,3.0024275101509925,2.934671807308767,2.9651616312742615,21409600
2009-06-04,3.0159788131713867,3.033764625547105,2.9499170397274663,2.982100798383139,12416000
2009-06-05,3.052396297454834,3.099825110745981,3.0227529660633077,3.0752638994707335,13366400
2009-06-08,3.067641258239746,3.0998250023953497,3.0134367174676275,3.0134367174676275,16201600
2009-06-09,3.1785922050476074,3.2056944850547944,3.1523370530257684,3.153183857926453,21994400
2009-06-10,3.1574172973632812,3.2090810994446213,3.112529224183872,3.2090810994446213,18575200
2009-06-11,3.144713878631592,3.1802854927680744,3.1082951366816136,3.1184584088513807,21984800
2009-06-12,3.1438658237457275,3.1447129513094194,3.07441622541006,3.095589891319337,14517600
2009-06-15,3.0083556175231934,3.0998257204947888,2.980406212977808,3.0998257204947888,19964800
2009-06-16,2.9507627487182617,3.057477906420451,2.9431402143763505,3.0498553720785395,23489600
2009-06-17,2.982100009918213,3.014284083149135,2.9312833242564267,2.9710899326450777,22529600
2009-06-18,2.9863343238830566,3.021906258073559,2.96854851833009,3.0159776562225704,21533600
2009-06-19,3.061713457107544,3.125234480507413,3.053243793470115,3.0955911424033613,22442400
2009-06-22,2.970243215560913,3.0549379187661505,2.970243215560913,3.0363049806739095,17603200
2009-06-23,3.0041213035583496,3.027835717680363,2.981253694332982,3.0041213035583496,17528000
2009-06-24,3.060866355895996,3.091356499087386,3.017672201764617,3.022753676906759,18860000
2009-06-25,3.1066017150878906,3.115071056108232,3.024447750235048,3.041386755360381,10305600
2009-06-26,3.1896021366119385,3.2311026784843127,3.1684284632878854,3.1819796012918946,20196000
2009-06-29,3.1540307998657227,3.191296351906264,3.139632532726089,3.190449223970886,16274400
2009-06-30,3.1150710582733154,3.1760513475330376,3.103213851602736,3.1735106098420993,12109600
2009-07-01,3.161653995513916,3.2065420929151727,3.139633187784639,3.1574190011227166,12615200
2009-07-02,3.0667948722839355,3.140479490609011,3.0566315992022313,3.1294690896378,23070400
2009-07-06,3.029529094696045,3.0549374370340527,2.976171349627008,3.0549374370340527,36971200
2009-07-07,2.9863343238830566,3.022753062730313,2.984640714569548,3.008355121973503,20526400
2009-07-08,2.9041802883148193,2.954150156133417,2.8635268858142777,2.8923230863043936,35324000
2009-07-09,2.9211199283599854,2.9795591467111695,2.8796193891242092,2.8796193891242092,44201600
2009-07-10,3.044773578643799,3.0778044496337356,2.94568064258945,3.0032730464484048,49631200
2009-07-13,3.068488597869873,3.1082952057896764,2.9964982401828197,3.1057541453772903,22929600
2009-07-14,3.0549368858337402,3.1260804253945387,3.038845013976189,3.1032128244909383,24054400
2009-07-15,3.16249942779541,3.163346232455251,3.0854272803670644,3.0913558822396623,17956000
2009-07-16,3.187061071395874,3.1955304106205378,3.126080795107634,3.153183068328056,20152000
2009-07-17,3.281071662902832,3.2920817373985694,3.190448068628469,3.2311017946041303,22880000
2009-07-20,3.4453799724578857,3.4563903724854734,3.3877875581230263,3.421665562938096,30404000
2009-07-21,3.464012861251831,3.4690943357471546,3.3928693105559504,3.4462267312644155,25967200
2009-07-22,3.43013596534729,3.4690954567960923,3.342053384005452,3.3818600035336224,21764800
2009-07-23,3.5766561031341553,3.6071462379696566,3.436062954902881,3.4555426914734406,31996800
2009-07-24,3.591055154800415,3.594442697016074,3.523299141133352,3.547013875150671,15636800
2009-07-27,3.5952906608581543,3.607994674061194,3.540238967724235,3.5834334526347726,12388800
2009-07-28,3.558870315551758,3.5724214507551024,3.5139822407690304,3.5724214507551024,12235200
2009-07-29,3.519911289215088,3.5317684936381717,3.4809514878590546,3.513982687003546,15884800
2009-07-30,3.574962854385376,3.619004132781242,3.546166646322102,3.566493514460428,12168000
2009-07-31,3.6444125175476074,3.69268846646107,3.621544911785765,3.621544911785765,26408800
2009-08-03,3.7587506771087646,3.76044460978908,3.6596577153604,3.7070868611553447,17816800
2009-08-04,3.8070268630981445,3.8400577446950948,3.730801503193918,3.732495435978972,29400000
2009-08-05,3.7663733959198,3.829047292718379,3.724872850944006,3.8070268129718983,17124000
2009-08-06,3.6859130859375,3.733342230428424,3.660504742600604,3.721484701992232,14179200
2009-08-07,3.6909947395324707,3.704545876987983,3.6444124016373336,3.6630453367953884,15640800
2009-08-10,3.652881383895874,3.738422862567948,3.629166655453637,3.7087798558708287,17180000
2009-08-11,3.6105358600616455,3.6511892852700645,3.5919029190176897,3.6300156061145525,13456800
2009-08-12,3.641871213912964,3.6706674178300767,3.6029117389323293,3.6325547474861684,14272800
2009-08-13,3.6283206939697266,3.6715148456344755,3.5893612123764838,3.6715148456344755,11481600
2009-08-14,3.548708438873291,3.6173109464381903,3.52245296275402,3.6054537388632535,18100000
2009-08-17,3.437757968902588,3.481799252735795,3.4309822376584105,3.4758706494394644,15253600
2009-08-18,3.4623186588287354,3.4758697949009103,3.4021851896166746,3.430981394155618,15432800
2009-08-19,3.4767167568206787,3.489421088812506,3.3877874021316403,3.4148896755019265,12885600
2009-08-20,3.489422082901001,3.4953506866969426,3.414043843422879,3.491116015854795,16017600
2009-08-21,3.5783512592315674,3.5986781304353386,3.5241467001343856,3.5241467001343856,14744000
2009-08-24,3.58766770362854,3.6401783295057175,3.5681879605303077,3.633402921207689,11523200
2009-08-25,3.6486470699310303,3.6503406792632402,3.6012179315148214,3.6105343982648423,13202400
2009-08-26,3.744352102279663,3.8298939186202503,3.719790565066259,3.761291104602169,19738400
2009-08-27,3.7960166931152344,3.8019452966822795,3.7130159200919364,3.769761217972131,15480000
2009-08-28,3.7460458278656006,3.8222711725634197,3.713014952858072,3.786699237342911,17948800
2009-08-31,3.6613516807556152,3.71216869236525,3.626626868210447,3.6867600250181196,18656000
2009-09-01,3.652881383895874,3.7646783278457834,3.6350952567930603,3.674055052417971,18951200
2009-09-02,3.6782901287078857,3.73334180219361,3.677443000945878,3.7070863340091824,10816000
2009-09-03,3.755362033843994,3.780770372616262,3.71894329647274,3.742657702915582,11907200
2009-09-04,3.803638219833374,3.8154954238197782,3.7663726754354503,3.7816177442992776,11054400
2009-09-08,3.898496389389038,3.8984963893890385,3.819730303618704,3.8425979081731167,11497600
2009-09-09,3.9679455757141113,3.977262042083079,3.8756283628250245,3.8993430926054584,26448000
2009-09-10,3.998436212539673,4.016222019788964,3.92559872789827,3.9315273303147005,21551200
2009-09-11,3.9620182514190674,4.01537600677221,3.950161044248294,3.9984370009205357,17059200
2009-09-14,3.9340691566467285,3.9620182416108376,3.9112015472662773,3.9315280957702363,11732800
2009-09-15,3.992506980895996,4.003517379256078,3.9467717782475513,3.962863973485643,9721600
2009-09-16,4.1119279861450195,4.119550522746441,4.0077535346487085,4.062805223779492,15951200
2009-09-17,4.163591384887695,4.207632667084657,4.120397230607106,4.138183039835312,16459200
2009-09-18,4.122937202453613,4.188152147262942,4.1178554051531,4.175447815553946,11444800
2009-09-21,4.1474995613098145,4.183918308147126,4.075508872477728,4.084825341168852,5987200
2009-09-22,4.174602508544922,4.243205019748275,4.1627453003411174,4.204245529054433,21238400
2009-09-23,4.109387397766113,4.166979826830473,4.10769346478367,4.144112216194506,19248000
2009-09-24,3.9908132553100586,4.100069470712157,3.9865785859013205,4.061109995216461,23633600
2009-09-25,3.950160264968872,3.9721810651572307,3.914588650474047,3.944231662553068,18930400
2009-09-28,4.061110496520996,4.094988179057336,3.957782870153255,3.981497280237154,10097600
2009-09-29,4.078049659729004,4.0941415353353445,4.0272326492988535,4.070427124318712,11427200
2009-09-30,4.106845378875732,4.140723058703834,4.010293167499965,4.107692183560489,14229600
2009-10-01,4.001825332641602,4.1500410857024015,3.999284594547664,4.134796010969372,15039200
2009-10-02,4.052641868591309,4.075509479762992,3.953549209932033,3.962865680011388,13137600
2009-10-05,4.174602508544922,4.192388320850629,4.08821386195117,4.089907794992384,18858400
2009-10-06,4.200010776519775,4.211867984493568,4.133101876570878,4.196622910503067,17761600
2009-10-07,4.1119279861450195,4.143264937468787,4.067039894539244,4.089907504343508,24776000
2009-10-08,4.190693378448486,4.206785253837127,4.093294675173115,4.09752934521385,29900000
2009-10-09,4.0433244705200195,4.080590016222128,3.9831909976372826,4.013681136432003,48233600
2009-10-12,4.011987209320068,4.1288659671618735,3.988272800485489,4.125478102161337,21378400
2009-10-13,4.050784587860107,4.072905931700359,4.019304101584338,4.038873070056547,18287200
2009-10-14,4.163094997406006,4.169050758238319,4.1290618001659665,4.1290618001659665,17851200
2009-10-15,4.125658988952637,4.143526272527328,4.085670028468157,4.12140459561754,12515200
2009-10-16,4.046530723571777,4.089072046182464,3.992077557995889,4.0797129032777875,26608800
2009-10-19,4.078011512756348,4.101834551318004,4.025260359699299,4.071204744844699,12423200
2009-10-20,4.0890727043151855,4.091625080221978,4.032067154068313,4.07886255155884,12893600
2009-10-21,4.066100120544434,4.1171495832189065,4.057591660388976,4.066100120544434,15091200
2009-10-22,4.096729278564453,4.104386729208227,4.0422761158951035,4.061845408868262,11450400
2009-10-23,4.1333160400390625,4.183514501032301,4.104387920826665,4.126509271017505,13424000
2009-10-26,4.104386806488037,4.223502310944006,4.0933259721133215,4.148629494857853,12249600
2009-10-27,4.015049934387207,4.1180001823698555,4.010795867014428,4.104386972038242,15649600
2009-10-28,3.9469845294952393,4.053337854064801,3.93847639335551,4.0380229493616175,16834400
2009-10-29,4.0210065841674805,4.042277250306794,3.9461340730436127,3.972509491335013,12512800
2009-10-30,3.9138023853302,4.014199950745143,3.849139706120122,4.003990122357149,19832000
2009-11-02,3.946134328842163,4.023559545625583,3.8993389252151958,3.9274160375655245,17788000
2009-11-03,3.972510814666748,3.982720971501367,3.8942348929896333,3.903594041139009,17279200
2009-11-04,4.066100120544434,4.136718554729607,4.046531149033734,4.0729065641042315,15678400
2009-11-05,4.108642578125,4.133316632518065,4.067802931835439,4.082266831232621,8893600
2009-11-06,4.066100120544434,4.10098399577039,4.055889968357884,4.083116716290781,11341600
2009-11-09,4.179259300231934,4.182662683820506,4.112044259462516,4.117149010280851,15061600
2009-11-10,4.1035356521606445,4.1145964861414255,4.089922442862957,4.10183396042787,11616000
2009-11-11,4.2269062995910645,4.293270666210036,4.201381568165657,4.221801223480155,16371200
2009-11-12,4.208188533782959,4.3085861044667,4.193724636521296,4.237116652870895,11358400
2009-11-13,4.328154563903809,4.348574543888309,4.25838681285067,4.286464244758786,17650400
2009-11-16,4.4166412353515625,4.438762585984989,4.331558568267491,4.339216021287642,15665600
2009-11-17,4.472795009613037,4.482154153305086,4.347723406754851,4.347723406754851,15739200
2009-11-18,4.42855167388916,4.47619807264842,4.403026944918483,4.448971651804425,10884800
2009-11-19,4.334961891174316,4.41408879640196,4.300078011148713,4.408983719606281,10392800
2009-11-20,4.358784198760986,4.418342119742531,4.33921522785761,4.374949785707803,10995200
2009-11-23,4.410686492919922,4.466841053177277,4.393669890661546,4.424299709813684,8177600
2009-11-24,4.406431198120117,4.431955932127208,4.380055455726182,4.416641026810034,9294400
2009-11-25,4.4787516593933105,4.508530788382908,4.453226923519816,4.455779299737778,7536000
2009-11-27,4.302629470825195,4.349424862175579,4.2430715524862785,4.25923746328036,7104000
2009-11-30,4.336662769317627,4.370695634539319,4.3060329634229175,4.332408377170933,7646400
2009-12-01,4.4217448234558105,4.465136826250535,4.390264013547502,4.397921463989454,7834400
2009-12-02,4.427700519561768,4.4557776210755025,4.400474101611993,4.400474101611993,9600000
2009-12-03,4.423447132110596,4.463435757049554,4.410684604739182,4.431955267315169,18759200
2009-12-04,4.463436126708984,4.5204416759073665,4.403027517885666,4.4821544151867485,11425600
2009-12-07,4.394519805908203,4.456630112817955,4.370696438847964,4.414088780038841,11048800
2009-12-08,4.4038777351379395,4.435358548709269,4.357933351704772,4.411535186470892,8385600
2009-12-09,4.4659881591796875,4.4796013693371215,4.425999212345242,4.442164797980779,9468800
2009-12-10,4.476199150085449,4.485558295359202,4.409834773874638,4.409834773874638,7641600
2009-12-11,4.465137481689453,4.511932874786269,4.438761743058913,4.463435789723171,11316000
2009-12-14,4.543415069580078,4.547669138505868,4.500022722668915,4.51193424548699,19292000
2009-12-15,4.535757064819336,4.592762295543871,4.523845218883303,4.53490605639874,12624800
2009-12-16,4.631049156188965,4.678695562081001,4.578297998477324,4.578297998477324,16809600
2009-12-17,4.615735054016113,4.650618937294295,4.585956248009609,4.615735054016113,14045600
2009-12-18,4.648916244506836,4.654872004426564,4.560430204892915,4.629347272689934,23974400
2009-12-21,4.6012701988220215,4.636154074849104,4.57319276651105,4.602971566327618,10920000
2009-12-22,4.632749557495117,4.6514675165592685,4.566384881250137,4.592760615039186,14440800
2009-12-23,4.731446266174316,4.7442084690643656,4.682098172885371,4.690606632709959,6056800
2009-12-24,4.763778209686279,4.76462889346598,4.713579428004679,4.734850092707652,2434400
2009-12-28,4.752717971801758,4.780795083972612,4.737403065321428,4.764629493605431,4436000
2009-12-29,4.728043556213379,4.74591083754511,4.692308993549916,4.74591083754511,5728800
2009-12-30,4.739953994750977,4.762926347459526,4.7016667402367265,4.7016667402367265,6268800
2009-12-31,4.702517986297607,4.7433576183237705,4.700816294392616,4.7263410238384,5848000
2010-01-04,4.829290866851807,4.841202709982009,4.765478882051856,4.766329890271997,11443200
2010-01-05,4.8480095863342285,4.849711278362103,4.797810807487897,4.824186547073111,8181600
2010-01-06,4.77398681640625,4.813975759677044,4.7442076987025406,4.813975759677044,11821600
2010-01-07,4.62849760055542,4.694010973991139,4.613182693253275,4.686353844904711,20374400
2010-01-08,4.640408515930176,4.666783933727546,4.556176536787788,4.5748948265004525,11551200
2010-01-11,4.6650824546813965,4.6795463512487965,4.599568766816161,4.653170609516685,14999200
2010-01-12,4.90501594543457,4.989247605091264,4.879490885354727,4.913524082418104,34623200
2010-01-13,4.982440948486328,5.030938041271783,4.929689462825448,4.983291632322649,14494400
2010-01-14,4.998605728149414,5.018174698860806,4.9671252382714846,4.972229989591684,10765600
2010-01-15,4.929688930511475,4.9986059981375535,4.893103362772706,4.983291094220647,14042400
2010-01-19,4.979037284851074,4.988396429348896,4.921181050286894,4.926286126712411,8059200
2010-01-20,4.858220100402832,4.9339439458024925,4.820783844193542,4.924584800609017,13092000
2010-01-21,4.751866340637207,4.898208616909628,4.712728395678401,4.8497115275988065,16345600
2010-01-22,4.603823184967041,4.757822605240444,4.60297217653685,4.753568536783347,15756800
2010-01-25,4.637004852294922,4.688054317173253,4.623391640023062,4.6497673807967965,10936000
2010-01-26,4.599569797515869,4.671889945687999,4.57319404987332,4.615735389872142,10453600
2010-01-27,4.631049156188965,4.657424897327079,4.564684786017398,4.566386153580875,12956800
2010-01-28,4.453227996826172,4.647216425696903,4.442167156274771,4.645514732953249,22576000
2010-01-29,4.4166412353515625,4.5621325181698165,4.3911165001392645,4.548519304418949,19384000
2010-02-01,4.497468948364258,4.501723015967838,4.426850192799527,4.443016104083506,9820000
2010-02-02,4.5153374671936035,4.517889843543861,4.436210554689189,4.491514422418818,9934400
2010-02-03,4.52639627456665,4.54511423367715,4.501722232370427,4.517887816275971,13236000
2010-02-04,4.312839984893799,4.475347855010797,4.308585916741284,4.453226505878961,19711200
2010-02-05,4.333261489868164,4.352830469901307,4.2158472851045925,4.308587431518444,21076000
2010-02-08,4.349425792694092,4.413237792159646,4.323050373969682,4.357083245612543,14687200
2010-02-09,4.531503200531006,4.560431323478583,4.449823909113607,4.4753486471109625,20500000
2010-02-10,4.518740177154541,4.560430499283886,4.465989018218298,4.522143561489678,13441600
2010-02-11,4.617434978485107,4.620838362029781,4.521291503017449,4.5263965783344595,14264000
2010-02-12,4.597015857696533,4.619988214053508,4.553623845398633,4.568938749636616,15057600
2010-02-16,4.7212371826171875,4.724640242518501,4.646364347189959,4.6650826371879175,11752800
2010-02-17,4.713580131530762,4.713580131530762,4.668486094926023,4.676143548344592,11483200
2010-02-18,4.750165939331055,4.757823068560715,4.681248855182256,4.682099539130668,11972000
2010-02-19,4.763778209686279,4.782496173920977,4.713579428004679,4.730595700115389,12772000
2010-02-22,4.757821559906006,4.792705757457853,4.7348495303719105,4.775689162803538,9316000
2010-02-23,4.723789691925049,4.789303384201198,4.701668016837198,4.7612259484122985,10235200
2010-02-24,4.804618835449219,4.813126973255,4.737403443263726,4.737403443263726,10800800
2010-02-25,4.831844329833984,4.832695013623899,4.7450599778561715,4.756120814512598,12742400
2010-02-26,4.841203212738037,4.848009656383317,4.77994359710766,4.836098136580649,10532800
2010-03-01,4.963722229003906,4.97818612492226,4.841203319603228,4.854816531758859,12406400
2010-03-02,5.026683330535889,5.0709260247915715,4.9611696483153995,4.962871340335166,14400800
2010-03-03,5.023280620574951,5.060716876339736,5.011369099402729,5.0368938339952924,10652000
2010-03-04,4.9509596824646,4.991799318781806,4.905865978220209,4.991799318781806,17266400
2010-03-05,5.067523956298828,5.068374640192785,4.960319610041058,4.962872310852186,11572000
2010-03-08,5.093898773193359,5.104959609892879,5.033490162371796,5.033490162371796,9249600
2010-03-09,5.0607171058654785,5.104109448749018,5.040297447091151,5.078584388434171,14156000
2010-03-10,5.0887932777404785,5.104958863966471,5.014771140526493,5.066671607573813,9910400
2010-03-11,5.102407455444336,5.102407455444336,5.055611730670575,5.064970875625327,8728000
2010-03-12,5.030086040496826,5.111765628947339,5.021577905553741,5.111765628947339,11544000
2010-03-15,5.063268184661865,5.07943409532754,5.031787696121956,5.0496549741123475,12233600
2010-03-16,5.115170001983643,5.119424070547814,5.070076290987092,5.105810856403688,7415200
2010-03-17,5.201953887939453,5.232583698102585,5.1066613976488435,5.1066613976488435,14308800
2010-03-18,5.255556106567383,5.266616943580982,5.2104623992602,5.21982121950983,13469600
2010-03-19,5.164517402648926,5.25725751280008,5.117722005687793,5.2198209355795075,12532800
2010-03-22,5.240240573883057,5.249599717576644,5.113467279008702,5.16026299747664,10736800
2010-03-23,5.302350997924805,5.30660506573324,5.224075111642968,5.247047142721434,7804000
2010-03-24,5.225776672363281,5.300649501905899,5.224075304828646,5.275975453314132,8196000
2010-03-25,5.244494915008545,5.287887251747493,5.237688471235806,5.264063887131463,9613600
2010-03-26,5.183237075805664,5.244496713591999,5.158563343532559,5.233435873532868,9278400
2010-03-29,5.130484580993652,5.154307947648726,5.096451710087927,5.121976444408372,10813600
2010-03-30,5.081986904144287,5.110915019598849,5.037743884945278,5.052208104954842,15748000
2010-03-31,5.003711700439453,5.066672691474652,4.9909491707234634,5.035192195957053,13054400
2010-04-01,5.120274066925049,5.121124750643886,5.060716145104992,5.076031048560566,15445600
2010-04-05,5.196848392486572,5.218969738570456,5.123677261912527,5.146649616248417,8668800
2010-04-06,5.201103687286377,5.2283301156128905,5.120275086195014,5.147501514521528,9166400
2010-04-07,5.093047618865967,5.226627357018559,5.072627639504527,5.206207377657119,11132800
2010-04-08,5.131336212158203,5.141546042212581,5.04625353772088,5.097303012557416,10984800
2010-04-09,5.186639785766602,5.187490794272093,5.119424394677302,5.140695063409512,7717600
2010-04-12,5.22662878036499,5.249601141690869,5.157711696387355,5.163667457705399,17324000
2010-04-13,5.364461421966553,5.422317654292988,5.2419425135741715,5.283632833460688,40296000
2010-04-14,5.343191146850586,5.391688238571807,5.31000896036392,5.382329093754624,16728000
2010-04-15,5.331279277801514,5.368715530060483,5.3134119977164085,5.359356710419176,12100800
2010-04-16,5.273422718048096,5.316815052209345,5.235135459836569,5.305754216600558,23811200
2010-04-19,5.253853797912598,5.282781912778424,5.1857877407472905,5.227478058764046,11329600
2010-04-20,5.294693470001221,5.300649229760408,5.205356749048853,5.2325831721092975,11048000
2010-04-21,5.238539218902588,5.264914959684591,5.207909410140155,5.261511575474413,9608800
2010-04-22,5.295543670654297,5.30235011309906,5.169621077498771,5.206206638762354,9622400
2010-04-23,5.270870685577393,5.310859313811529,5.222373596873007,5.303202186235176,8547200
2010-04-26,5.314263343811035,5.32872756608592,5.258108796141582,5.265766249213081,12216800
2010-04-27,5.14579963684082,5.309158525480724,5.139843876144197,5.306605824778875,11589600
2010-04-28,5.135589122772217,5.18663858609591,5.114318458959916,5.149202334629506,11844800
2010-04-29,5.190893173217773,5.212163839157891,5.107512201680267,5.138993020958156,8251200
2010-04-30,5.099855422973633,5.210463160132225,5.093048977746827,5.210463160132225,12494400
2010-05-03,5.1687703132629395,5.186637589536761,5.097300883603142,5.111765100989934,9355200
2010-05-04,4.984992980957031,5.133887633524966,4.91607591063948,5.116020353112314,22008800
2010-05-05,5.013920307159424,5.022428441852861,4.95181001511664,5.019025382714206,16460800
2010-05-06,4.8352484703063965,5.002010431764219,4.6378563700233855,4.975634686247717,18760800
2010-05-07,4.8054680824279785,4.8854456574065015,4.705921536696132,4.834396196707794,21308800
2010-05-10,5.104959487915039,5.1143186322398835,5.017324453899831,5.047954262757655,15636000
2010-05-11,5.024982452392578,5.1049600428878925,4.982441118701845,5.009667546298745,14264800
2010-05-12,5.06497049331665,5.07347895379902,4.995202740184128,5.031788308846863,14635200
2010-05-13,5.075181484222412,5.133888410707453,5.053910816349837,5.091347074962301,10126400
2010-05-14,4.923734188079834,4.996905338677945,4.850563037481722,4.996905338677945,14412800
2010-05-17,4.924583911895752,4.940749498680593,4.79610892762169,4.879489886334574,12085600
2010-05-18,4.887997627258301,4.996052616670422,4.8675776512912945,4.934793013333911,14344800
2010-05-19,4.840353965759277,4.918630205833223,4.797812622661284,4.851414805842868,11213600
2010-05-20,4.694860935211182,4.762076310647533,4.654871983446466,4.726341426725654,17260800
2010-05-21,4.797811508178711,4.804618277284298,4.6046738164299725,4.632751252143597,12757600
2010-05-24,4.735702037811279,4.796110663761673,4.721238137751891,4.76633185507195,9019200
2010-05-25,4.729745864868164,4.729745864868164,4.533204770909301,4.596166092533995,15257600
2010-05-26,4.75876522064209,4.873475530127374,4.733083876306342,4.804135606520445,11776800
2010-05-27,4.958223819732666,4.958223819732666,4.8255366066677725,4.8255366066677725,12762400
2010-05-28,4.924837112426758,4.974487983336936,4.90172380975022,4.965071416332872,10636800
2010-06-01,4.842657089233398,4.947950814442833,4.8298162556358735,4.876042864719809,11214400
2010-06-02,5.005306720733643,5.005306720733643,4.793863015378834,4.845225702778349,13996000
2010-06-03,5.032701015472412,5.063518763543045,4.966785349111571,5.048965792929222,12805600
2010-06-04,4.947094917297363,5.0155786012704615,4.917989310789301,4.948807050216186,14380800
2010-06-07,4.840945243835449,4.9616478459084306,4.832384905299316,4.924837802402289,10572800
2010-06-08,4.911996841430664,4.91370897429113,4.788725887924698,4.846937098956747,11011200
2010-06-09,4.893163681030273,4.994177233379892,4.8786110416260495,4.900012212436462,10700800
2010-06-10,5.042117118835449,5.042117118835449,4.9445274834662,4.965072755795522,11840000
2010-06-11,5.087488174438477,5.09947278213842,4.962505370487544,4.9727778447223425,9594400
2010-06-14,5.230446815490723,5.30749117281528,5.160250990619904,5.160250990619904,15151200
2010-06-15,5.358853340148926,5.3674140048856565,5.222741873116616,5.23472680374804,11291200
2010-06-16,5.441034317016602,5.452162691807076,5.308346783758639,5.313483182816077,12022400
2010-06-17,5.408504962921143,5.4692842214442745,5.359710310128655,5.429906137884726,8352800
2010-06-18,5.429049491882324,5.447026725656364,5.385391241987633,5.385391241987633,10496000
2010-06-21,5.412785530090332,5.521503546075757,5.396520753483771,5.474421023009575,13213600
2010-06-22,5.310915470123291,5.450450890846816,5.308347107160107,5.389671634466188,12601600
2010-06-23,5.324612617492676,5.373407272312622,5.27581796267273,5.339165260325699,6632800
2010-06-24,5.265544891357422,5.338309081434839,5.2501363459702635,5.2912265623000465,5948800
2010-06-25,5.334883689880371,5.357141089795365,5.244142610526825,5.310058254035164,9856000
2010-06-28,5.316051959991455,5.340021499044271,5.247568262460614,5.321188359764779,5749600
2010-06-29,5.128576278686523,5.239006392385534,5.097758542160666,5.224453427223464,11656800
2010-06-30,5.128576278686523,5.201340124829072,5.103750843534479,5.143985146949452,10960800
2010-07-01,5.059237003326416,5.173091396759441,5.024995323564915,5.152546127657762,17753600
2010-07-02,5.040403842926025,5.072933387451908,4.964215727056322,5.059236651189444,6177600
2010-07-06,5.086630821228027,5.174803879154737,5.042116667187897,5.126009229118905,7440000
2010-07-07,5.202197074890137,5.20647724409902,5.080638244710799,5.090911042679291,7107200
2010-07-08,5.250991344451904,5.292937783414987,5.2193177027181195,5.247567078708804,11813600
2010-07-09,5.356287002563477,5.361423403034343,5.25698554601923,5.262977849957204,7368800
2010-07-12,5.394808769226074,5.423914383180309,5.320332764261669,5.3485821482594575,11361600
2010-07-13,5.087488174438477,5.17651715528958,5.024996772463011,5.156828110274521,50377600
2010-07-14,5.083207130432129,5.122585213694563,5.0446849504771345,5.086631070217897,14002400
2010-07-15,5.080638885498047,5.101184157470293,5.03698063157155,5.080638885498047,10436800
2010-07-16,4.991609573364258,5.092623133322535,4.978768739288419,5.092623133322535,13474400
2010-07-19,5.016435146331787,5.041260586997323,4.9779132936750665,5.01729137617874,7900800
2010-07-20,5.040403842926025,5.046396144631106,4.908572552302339,4.919701252564327,9256000
2010-07-21,4.965928554534912,5.069510490785849,4.941959342785614,5.063518187848524,10908000
2010-07-22,5.132857322692871,5.151690459683025,5.001026016873769,5.016434887764624,13024000
2010-07-23,5.15169095993042,5.155115226362227,5.055813785731964,5.080638900972514,10908000
2010-07-26,5.193636894226074,5.193636894226074,5.120873031221858,5.1670996467228,6249600
2010-07-27,5.202197074890137,5.228734646474776,5.155114560480469,5.2184618485062835,8488000
2010-07-28,5.173091411590576,5.209901454192804,5.136281368988349,5.166242879685057,5608000
2010-07-29,5.171380043029785,5.210758127639328,5.109744552993267,5.18165251585053,5988000
2010-07-30,5.177371501922607,5.1953484080669154,5.095191079643511,5.130288988734956,8006400
2010-08-02,5.250991344451904,5.298073855473682,5.234726572006113,5.273248418670142,8667200
2010-08-03,5.361422538757324,5.3734071447013205,5.253560432149321,5.307491485453323,21931200
2010-08-04,5.424770832061768,5.440179707266727,5.353719086666528,5.390529141149921,13105600
2010-08-05,5.326323986053467,5.38710323837602,5.280953277701211,5.376830766877162,7169600
2010-08-06,5.297219276428223,5.30406748307027,5.200485867619527,5.294650913200923,8002400
2010-08-09,5.341733455657959,5.365702667362116,5.311771614471745,5.311771614471745,5704000
2010-08-10,5.311771392822266,5.332316663822815,5.232158998348646,5.2698252740903175,8048800
2010-08-11,5.114879608154297,5.2133251203562105,5.1003269693633015,5.195347889450478,9446400
2010-08-12,5.07464599609375,5.091766999666052,5.023283311932826,5.037835952707895,7807200
2010-08-13,5.054956436157227,5.084062041268563,5.03355526553289,5.03355526553289,5373600
2010-08-16,5.092624187469482,5.099472394253091,4.971065333139001,4.9727774664739135,5939200
2010-08-17,5.107175827026367,5.156826704310471,5.080638255385969,5.130289132670073,10028800
2010-08-18,5.170523166656494,5.186787939441488,5.092622915434113,5.092622915434113,6114400
2010-08-19,5.103751182556152,5.16966682860254,5.083206241211485,5.143129585486014,8073600
2010-08-20,5.0994720458984375,5.120873221288831,5.057525925004638,5.07379070074117,7608800
2010-08-23,5.082350730895996,5.177371996094058,5.076358428275938,5.129433248577594,7924000
2010-08-24,5.01986026763916,5.062662623709148,4.979625948435433,5.062662623709148,9448000
2010-08-25,5.027563095092773,5.050676399156986,4.971064016232238,4.985616982445687,7249600
2010-08-26,4.98989725112915,5.061805200803412,4.9890410213933825,5.031843364614824,5729600
2010-08-27,4.965928554534912,4.984761693227086,4.879467950327787,4.9796252936139425,11684000
2010-08-30,4.906861305236816,4.954800054087321,4.901724905752688,4.933398879404133,6251200
2010-08-31,4.903437614440918,4.930831095126148,4.856355089922931,4.901725481078585,10310400
2010-09-01,5.110599994659424,5.118304429725705,5.02756334189572,5.02756334189572,14480000
2010-09-02,5.1165924072265625,5.139705712924418,5.053244792363255,5.053244792363255,9284800
2010-09-03,5.192780017852783,5.208188886798966,5.128576506095674,5.156826208015657,11089600
2010-09-07,5.207333564758301,5.237295076299379,5.1833640289694545,5.233014907015795,7358400
2010-09-08,5.275816917419434,5.334028130330686,5.258695914818013,5.261263950913639,9218400
2010-09-09,5.293794631958008,5.318620073194966,5.28009789309555,5.308347274131113,8086400
2010-09-10,5.33574104309082,5.363134520634397,5.304923299215293,5.322900207624014,3888800
2010-09-13,5.539479732513428,5.552320567379884,5.40165612137824,5.40165612137824,15340800
2010-09-14,5.573721885681152,5.604539628915147,5.5240710045694925,5.536055609925823,12996000
2010-09-15,5.543760776519775,5.615668413900983,5.506094498017967,5.602827577765179,19215200
2010-09-16,5.5566020011901855,5.5625943047242865,5.512943416520535,5.512943416520535,5660800
2010-09-17,5.5702972412109375,5.582281845753543,5.541191959639458,5.543759995882593,11308000
2010-09-20,5.663607120513916,5.671311229822928,5.566017164149006,5.605395899879555,10644000
2010-09-21,5.639636993408203,5.733802679094228,5.597690876310236,5.730378412968192,13025600
2010-09-22,5.610532283782959,5.687576646704248,5.582282575193145,5.638781992372773,9881600
2010-09-23,5.599405288696289,5.64306322752679,5.584851989307245,5.593412331051723,10088800
2010-09-24,5.725242614746094,5.75349232502852,5.666175810560762,5.685864527585176,12916800
2010-09-27,5.661038398742676,5.735514720532601,5.661038398742676,5.69271237187191,8720000
2010-09-28,5.756059646606445,5.773180977883162,5.645629509041655,5.685008244422098,10591200
2010-09-29,5.74664306640625,5.774036543283238,5.709833020623548,5.762908167809213,8844800
2010-09-30,5.7620530128479,5.820264243709479,5.708978508873488,5.770614006622469,8246400
2010-10-01,6.036841869354248,6.0710838726750005,5.912715342067395,5.912715342067395,24755200
2010-10-04,5.8904595375061035,5.9829127755816165,5.833104541947283,5.9829127755816165,14990400
2010-10-05,5.9692158699035645,5.990617044371277,5.919564988391589,5.928125327556271,8220000
2010-10-06,5.908434867858887,5.969214766854263,5.87932958945492,5.936684569682897,12781600
2010-10-07,5.893881797790527,5.939252171463421,5.872480628842042,5.898162292824963,7959200
2010-10-08,5.948671340942383,5.973496786158636,5.881043539100617,5.940111000239707,9189600
2010-10-11,5.889604568481445,5.964936481476894,5.875051270775667,5.923845931498927,10046400
2010-10-12,5.9015889167785645,5.908436797213807,5.833104887529281,5.84936999142621,8560000
2010-10-13,6.095053672790527,6.116454845311719,6.013729478454782,6.013729478454782,14593600
2010-10-14,6.078789234161377,6.162681464817276,6.042834767911178,6.1275838814524075,12476800
2010-10-15,5.8733367919921875,6.052250248882755,5.829678224960123,6.008592334962529,29948000
2010-10-18,5.883612155914307,5.9486712669349515,5.8390973398347885,5.916141711424629,20363200
2010-10-19,5.754876136779785,5.81126260763665,5.723647388967289,5.794780897203788,16705600
2010-10-20,5.797382831573486,5.829479244582293,5.781768127842936,5.786972808474355,12688000
2010-10-21,5.848565101623535,5.885866864406687,5.786973942020921,5.85550511838236,19062400
2010-10-22,5.8954081535339355,5.924035221098529,5.870251093719865,5.882395789928546,10156800
2010-10-25,5.857237815856934,5.92837130904867,5.843358448857577,5.92837130904867,9572800
2010-10-26,5.828611850738525,5.853768908508269,5.788707757604665,5.818201828332898,9518400
2010-10-27,5.760080814361572,5.799984908340579,5.713236705298496,5.788707880206164,12208000
2010-10-28,5.803454875946045,5.8424913023118465,5.773093137457504,5.819936584361961,12485600
2010-10-29,5.850299835205078,5.852034508298213,5.779166325332117,5.801720384724657,9958400
2010-11-01,5.831214427947998,5.901480261992938,5.7817679777244715,5.869383849817486,11517600
2010-11-02,5.87892484664917,5.910154249597963,5.860707805235074,5.860707805235074,9372800
2010-11-03,5.906683921813965,5.916226275632417,5.846828120940956,5.870249840963235,6664800
2010-11-04,6.034205913543701,6.054158295160369,5.991699471465533,6.024663556488301,9875200
2010-11-05,5.9821553230285645,6.037674113723887,5.96827595627283,6.0368064464778435,9323200
2010-11-08,5.897143363952637,5.941384472707056,5.878925658187533,5.941384472707056,7540800
2010-11-09,5.845962047576904,5.965674343797536,5.831215010140894,5.930975587909593,12568800
2010-11-10,5.926639080047607,6.002977284610518,5.889337314466946,5.954398487328345,10894400
2010-11-11,5.86851692199707,5.929240408226914,5.839022184516602,5.898878665111992,10440000
2010-11-12,5.751406192779541,5.850299092441558,5.725381466832158,5.815599678457139,14045600
2010-11-15,5.766153812408447,5.845962009367236,5.7557437886082985,5.801720235512028,6396800
2010-11-16,5.60480260848999,5.701960854214464,5.577043204259627,5.682008472188077,9796800
2010-11-17,5.596127986907959,5.651646796044754,5.584850294471903,5.597862660140054,10865600
2010-11-18,5.754876136779785,5.78957555437142,5.7141050325836815,5.7141050325836815,12485600
2010-11-19,5.72017765045166,5.73318935355459,5.649044138864689,5.70803295299801,8014400
2010-11-22,5.819070816040039,5.828613173284684,5.743599625605956,5.790443744306104,6826400
2010-11-23,5.698488712310791,5.760947513902197,5.65424695087752,5.721910431989492,6307200
2010-11-24,5.798250198364258,5.819937251461377,5.721044342285422,5.721044342285422,9970400
2010-11-26,5.808660507202148,5.84335992622786,5.7340569879395975,5.743599344717578,3650400
2010-11-29,5.758346080780029,5.7774307933353235,5.692417916107987,5.758346080780029,10880800
2010-11-30,5.7383952140808105,5.754876926776186,5.674201712917793,5.678538727064394,6497600
2010-12-01,5.885866165161133,5.914493234513048,5.824275012875597,5.850299741711219,5797600
2010-12-02,6.009047508239746,6.018589863163537,5.865913508055373,5.877190535767015,7491200
2010-12-03,6.014253616333008,6.04635003076832,5.98215654006137,6.002108919762404,3877600
2010-12-06,6.027266979217529,6.098400497421213,6.008182263776174,6.043748691959799,4930400
2010-12-07,6.081916332244873,6.153917496816812,6.068036302615287,6.12529043208297,8125600
2010-12-08,6.077579498291016,6.10707423441603,6.0229283631956925,6.055025439777199,4741600
2010-12-09,6.026399612426758,6.072376068192091,6.009917237025424,6.072376068192091,7182400
2010-12-10,6.052422523498535,6.083651933092918,6.012518424980455,6.071507236232474,6882400
2010-12-13,6.112278938293457,6.127893642927405,6.061964816491141,6.0957965662253075,6376000
2010-12-14,6.1851487159729,6.213775127267653,6.0680380825883,6.0949304824250685,11132000
2010-12-15,6.195557594299316,6.229389346501168,6.139171120017435,6.159123501441381,12761600
2010-12-16,6.382065773010254,6.385535780825057,6.219846382308856,6.246738777414505,12987200
2010-12-17,6.398548603057861,6.413295640950003,6.3404267952915045,6.357776835608464,14324800
2010-12-20,6.397679805755615,6.428909210974678,6.347365690476431,6.398547473077325,4788000
2010-12-21,6.42283821105957,6.450597614652627,6.368187071377224,6.4054881701661674,7042400
2010-12-22,6.436715602874756,6.4488602968478785,6.394209173968827,6.415896222040287,4434400
2010-12-23,6.493103981018066,6.506116346077497,6.437585174478449,6.445392858248659,4299200
2010-12-27,6.509584903717041,6.540814308166429,6.428041385228502,6.462740797042959,3046400
2010-12-28,6.50698184967041,6.538211250693136,6.502644175480969,6.514788869008012,3982400
2010-12-29,6.5772504806518555,6.610214568329903,6.523466342174201,6.523466342174201,4710400
2010-12-30,6.628430366516113,6.669201465107785,6.5937309536942905,6.599803301300391,6255200
2010-12-31,6.599804401397705,6.639708501151582,6.578984353132443,6.605876750015983,4211200
2011-01-03,6.725588321685791,6.759420069161384,6.663129507319686,6.669201855281042,5504800
2011-01-04,6.66920280456543,6.724721611496368,6.603274634982682,6.709106905682267,5237600
2011-01-05,6.712576866149902,6.753348634476822,6.6180216262737535,6.697829827940364,7841600
2011-01-06,6.704769611358643,6.736866689143824,6.665732517538337,6.677010209054503,5569600
2011-01-07,6.57204532623291,6.607611752243992,6.50785116697206,6.587660032291442,13986400
2011-01-10,6.526936054229736,6.609347262436937,6.496574308821363,6.5234660459207205,19044000
2011-01-11,6.523465156555176,6.553827559660555,6.441922288837754,6.459271666181123,15809600
2011-01-12,6.651852607727051,6.680479675172532,6.479223859333669,6.551224368889468,12503200
2011-01-13,6.231991291046143,6.317004830814169,6.133098381382395,6.245871322778204,31805600
2011-01-14,6.135700225830078,6.25281015866487,6.114013176718591,6.225050762275614,16344000
2011-01-18,6.165195465087891,6.349968920326536,6.154785441277528,6.315270164631341,25443200
2011-01-19,6.146110534667969,6.211171692046606,6.108808777964097,6.148712875069303,12280000
2011-01-20,6.130496501922607,6.234594762232536,6.120087139177088,6.176472952279027,13462400
2011-01-21,6.097530841827393,6.241532504581019,6.084518479920227,6.1773390241648825,13680800
2011-01-24,6.152183532714844,6.206835334260803,6.120087115259738,6.173003581797299,12581600
2011-01-25,6.0723748207092285,6.147846003170551,6.035073063194275,6.127025955834531,11040000
2011-01-26,6.107941150665283,6.12355519148395,6.046349345533596,6.087988773225458,19097600
2011-01-27,6.077579498291016,6.107941901846972,6.0584947858283,6.101868891666714,16645600
2011-01-28,5.8659138679504395,6.066302009972094,5.8659138679504395,6.05068730657844,17719200
2011-01-31,5.873721122741699,5.901480523010115,5.847697057272984,5.847697057272984,13036800
2011-02-01,5.963939189910889,5.980421560914256,5.881528658566637,5.9092880581407705,15177600
2011-02-02,5.900613784790039,5.9639402782250315,5.873722047686785,5.9153614855645955,8051200
2011-02-03,5.9292402267456055,5.950927279997664,5.876323763863675,5.898878484559991,5284000
2011-02-04,5.871119499206543,5.88586653762297,5.806926002342504,5.841624760537299,10304800
2011-02-07,5.963071346282959,5.996903092831589,5.878058477153267,5.924034919291853,9158400
2011-02-08,5.983892440795898,5.994301803505773,5.908421251967367,5.959602383521285,7715200
2011-02-09,5.899746417999268,5.985626967435241,5.872854020705535,5.985626967435241,8082400
2011-02-10,5.839890003204346,5.87979410402242,5.788708872319114,5.816468275576747,8756000
2011-02-11,5.822539806365967,5.822539806365967,5.747936296497577,5.789575064616133,13161600
2011-02-14,5.9110236167907715,5.947457710096939,5.871119515288342,5.871119515288342,9424000
2011-02-15,5.924036502838135,5.951795909012117,5.8849994035758035,5.8849994035758035,6761600
2011-02-16,5.956999778747559,6.001241553812285,5.925770368329676,5.928372708891772,7020800
2011-02-17,6.034205913543701,6.03941125674253,5.937915337320225,5.950927702562715,7442400
2011-02-18,6.017723560333252,6.037675277986255,5.964807099335834,5.992566500036421,8692000
2011-02-22,5.846829891204834,5.983892231335819,5.826010504677458,5.957867501799326,11988000
2011-02-23,5.770490646362305,5.862444199144384,5.7349242243656,5.849431835258245,11243200
2011-02-24,5.770490646362305,5.79304536630919,5.700224807948004,5.77656299459766,8648800
2011-02-25,5.8416242599487305,5.871986663521903,5.773093755101147,5.803455496837988,8812000
2011-02-28,5.786104679107666,5.844226476141805,5.767020631037437,5.844226476141805,8342400
2011-03-01,5.773961544036865,5.935313292684404,5.750539814901252,5.925770935153045,11896000
2011-03-02,5.799116611480713,5.858105409619331,5.758344854583054,5.758344854583054,11564000
2011-03-03,5.933578014373779,5.94745738456275,5.844227459178902,5.844227459178902,8627200
2011-03-04,5.870251178741455,5.923167639489825,5.824274733594648,5.910155275695972,6887200
2011-03-07,5.7965168952941895,5.895409827842857,5.761817469770545,5.876325110713028,9568000
2011-03-08,5.978686332702637,6.017723423379498,5.912758171186862,5.912758171186862,11641600
2011-03-09,5.9578680992126465,5.984759837083538,5.916228660146219,5.949193409109434,7224000
2011-03-10,5.8173346519470215,5.887601150901542,5.797382934614439,5.874588787255423,9911200
2011-03-11,5.8598408699035645,5.90755198031987,5.805189083171374,5.806924417709397,11105600
2011-03-14,5.884130477905273,5.96220398911902,5.851165738817118,5.899745180148023,8997600
2011-03-15,5.768755912780762,5.787840624701817,5.711501777017597,5.728851815962335,23295200
2011-03-16,5.621283531188965,5.791309920939153,5.59178879952495,5.769622871300054,18908800
2011-03-17,5.658587455749512,5.701961571681916,5.634297394884718,5.698491562986946,7235200
2011-03-18,5.599597454071045,5.679405651763081,5.594392111204976,5.664658614287968,17258400
2011-03-21,5.655982971191406,5.681140031262355,5.641235934478327,5.655982971191406,5633600
2011-03-22,5.596994876861572,5.679406083164683,5.59439253614904,5.668128390961846,7639200
2011-03-23,5.739262580871582,5.761816641659372,5.662056055805566,5.714972523210549,12233600
2011-03-24,5.920566082000732,5.94051846403454,5.783503734008916,5.786106074744543,14849600
2011-03-25,6.006444931030273,6.143507240128391,5.981287874663944,6.095795467392902,19791200
2011-03-28,6.022061347961426,6.074110148237206,6.009048982433379,6.048953746542428,8797600
2011-03-29,6.137436389923096,6.154785768693628,6.0905922730390065,6.103604638035094,12261600
2011-03-30,6.138304233551025,6.155653612819398,6.090592447808408,6.141774241771979,13524000
2011-03-31,6.219846725463867,6.3517043823558454,6.215509711833324,6.258883819156883,13875200
2011-04-01,6.342163562774658,6.353440595150602,6.220715900469469,6.244138294728796,12883200
2011-04-04,6.366450309753418,6.396812047217824,6.334353237670337,6.3811973448309525,6994400
2011-04-05,6.367319583892822,6.391608979993918,6.329150154684584,6.350837210037191,8243200
2011-04-06,6.3447651863098145,6.441055769959149,6.29965640007167,6.390741640120743,9679200
2011-04-07,6.35604190826416,6.386404315306853,6.306595448403521,6.332620179629713,8320000
2011-04-08,6.250208377838135,6.369052994026305,6.218111304020541,6.3603783059728745,8454400
2011-04-11,6.319607734680176,6.347367138782632,6.280571300167359,6.307463036750126,7364800
2011-04-12,6.225917816162109,6.284906616677799,6.2042307668818735,6.264087234682915,11313600
2011-04-13,6.331751346588135,6.411560198800729,6.290112578494532,6.3725231091471555,10557600
2011-04-14,6.333486080169678,6.362980149616779,6.257147242850174,6.273629612150744,10150400
2011-04-15,5.483354091644287,5.595259358229227,5.3263400485730665,5.577909981542881,106188000
2011-04-18,5.506775856018066,5.547547617094481,5.43304001624655,5.525860566465432,32221600
2011-04-19,5.543211460113525,5.58398322992035,5.4694752736348375,5.5727055376031585,23426400
2011-04-20,5.636898994445801,5.6715977490840865,5.585717206232584,5.655116039181797,29106400
2011-04-21,5.642104625701904,5.684611070579553,5.622152242771168,5.649911648259736,19667200
2011-04-25,5.677670001983643,5.714971758246076,5.636898899784699,5.695020040847745,18590400
2011-04-26,5.747937202453613,5.747937202453613,5.675936021514695,5.695020735675506,15200000
2011-04-27,5.741864204406738,5.751406560408306,5.665525356394197,5.749671225588212,16486400
2011-04-28,5.588320255279541,5.731454952739937,5.5787778979930875,5.715840246438141,29600000
2011-04-29,5.6542487144470215,5.658586389957858,5.619549295869418,5.630826987463046,22616000
2011-05-02,5.675068378448486,5.71237013942262,5.642971960709241,5.6950207602033736,10733600
2011-05-03,5.592655658721924,5.660319137925179,5.509377148643225,5.656849131063969,23200000
2011-05-04,5.550150394439697,5.616078887940958,5.493764256913733,5.577042458468428,15598400
2011-05-05,5.491160869598389,5.5518846744083525,5.460799132652463,5.496365880611167,16000000
2011-05-06,5.623018741607666,5.667260512415833,5.576174630487776,5.578776970799499,18417600
2011-05-09,5.606536388397217,5.649910491961029,5.590921684640793,5.642103471000965,11143200
2011-05-10,5.638633728027344,5.6481760842062965,5.573572569627028,5.590921947132581,8514400
2011-05-11,5.583114147186279,5.650777636592462,5.534535036558336,5.62041589927382,8000000
2011-05-12,5.588320255279541,5.596127939348642,5.509379387161885,5.553620834404838,12000000
2011-05-13,5.511981964111328,5.5900554942787615,5.4954995905658715,5.577043128944791,11144800
2011-05-16,5.426968097686768,5.541475707589502,5.418293078198284,5.486824243025601,13824800
2011-05-17,5.433908462524414,5.446053160410292,5.369714964865285,5.421763764638535,16628800
2011-05-18,5.479016304016113,5.512848049101649,5.430437192839016,5.450389570066092,8683200
2011-05-19,5.439111709594727,5.5163175475989625,5.403544964078683,5.465136101035085,15500000
2011-05-20,5.457330226898193,5.500704334672275,5.422630808311656,5.450390541731794,6444800
2011-05-23,5.422630310058594,5.427835321643771,5.365376506294243,5.396605913969007,11143200
2011-05-24,5.427835941314697,5.45039066317395,5.383594496003373,5.403546546313828,10596000
2011-05-25,5.386334419250488,5.396818674904771,5.328670513219219,5.368860437634366,10897600
2011-05-26,5.397694110870361,5.423905259101379,5.334788221666263,5.3950731293626975,13911200
2011-05-27,5.386334419250488,5.437882481709387,5.380218575678117,5.409923911150504,8095200
2011-05-31,5.395071506500244,5.431766569723874,5.374102660880674,5.40031380122726,15296000
2011-06-01,5.389831066131592,5.507780238405875,5.38808363395472,5.444000463748792,14836800
2011-06-02,5.434389114379883,5.473705500514686,5.396820160216467,5.44487337291964,8869600
2011-06-03,5.472831726074219,5.539232809145329,5.416915235038701,5.417788784397379,12720800
2011-06-06,5.528748512268066,5.619612981695971,5.457979345336901,5.475452999751919,17216800
2011-06-07,5.609127044677734,5.65193862091446,5.5899059627705,5.621358733151934,18496000
2011-06-08,5.567190170288086,5.626601515897689,5.537484497483284,5.5794218590979705,11268800
2011-06-09,5.607379913330078,5.628348426794465,5.565442553112793,5.575926809844987,9096800
2011-06-10,5.516515731811523,5.574179646547623,5.498168198324702,5.572432214793375,7798400
2011-06-13,5.536611080169678,5.606506688733561,5.525253272913926,5.575053914846228,10556800
2011-06-14,5.560201168060303,5.607380831009155,5.540106200498065,5.6012649858071075,13156800
2011-06-15,5.440504550933838,5.532242556164457,5.4046830314327945,5.532242556164457,10883200
2011-06-16,5.385462284088135,5.43963134471277,5.348767210748778,5.422157690716078,11582400
2011-06-17,5.384587287902832,5.444872177885898,5.3784714439895565,5.4405037655604875,11952800
2011-06-20,5.3033342361450195,5.358377171752088,5.268386266457365,5.299839372518546,11363200
2011-06-21,5.395071506500244,5.40031380122726,5.296343788849988,5.329544322210768,8452800
2011-06-22,5.375851154327393,5.421283384403435,5.3443980463294745,5.383714431326872,7532000
2011-06-23,5.434389114379883,5.4413785089768645,5.319061270576839,5.33478782503076,9259200
2011-06-24,5.448367118835449,5.554958114197221,5.41691401638191,5.5540842317465655,11385600
2011-06-27,5.540977954864502,5.57155750425724,5.496419620928486,5.503409346488583,10489600
2011-06-28,5.606506824493408,5.616117533395266,5.524379524103227,5.547095805741901,7285600
2011-06-29,5.634466648101807,5.64931999020849,5.59078217107302,5.623108837387103,5466400
2011-06-30,5.6991190910339355,5.7209614902280945,5.658055273896577,5.667665982868176,7885600
2011-07-01,5.77250862121582,5.778624465679597,5.701739468623975,5.731444808426015,9110400
2011-07-05,5.82929801940918,5.831918999947857,5.775128644161066,5.810076606689625,9021600
2011-07-06,5.806582450866699,5.829298729263044,5.768139620746274,5.824929983448624,8459200
2011-07-07,5.962974548339844,5.986564044467935,5.867742014704307,5.88521566616385,14272000
2011-07-08,5.872109413146973,5.935889500072595,5.801340266394473,5.861624823541159,18427200
2011-07-11,5.687760829925537,5.768140701992823,5.6755291392447385,5.765519720643673,17942400
2011-07-12,5.367986679077148,5.47981996402709,5.320807360900275,5.396818799402141,37714400
2011-07-13,5.352259635925293,5.435260792910173,5.320806871132029,5.4212816752392365,27644800
2011-07-14,5.34352445602417,5.454483882481873,5.326050470238415,5.377598544997686,15954400
2011-07-15,5.36361837387085,5.434387852480372,5.331291723128052,5.381965905377154,10685600
2011-07-18,5.298092842102051,5.330419502925513,5.2474186440508355,5.326924971993033,12810400
2011-07-19,5.417788028717041,5.424777755765833,5.360124113718632,5.364492859768391,9440800
2011-07-20,5.383713245391846,5.402934658998345,5.335660044664085,5.394197834607293,8308800
2011-07-21,5.474577903747559,5.525252420443336,5.4177875430765665,5.466714628166783,13276000
2011-07-22,5.558452606201172,5.591653140040945,5.5095258545304535,5.5095258545304535,12852800
2011-07-25,5.492925643920898,5.5287471599717195,5.475451660491312,5.500788919799787,11262400
2011-07-26,5.518261909484863,5.53923075248194,5.485061380276347,5.514767046770608,7588800
2011-07-27,5.416040420532227,5.513020374543314,5.389829279854556,5.489430881195008,22327200
2011-07-28,5.399439334869385,5.460598100249875,5.384586668015165,5.408176491802859,11481600
2011-07-29,5.436136245727539,5.4885578688159296,5.407304119726938,5.42565165447902,16343200
2011-08-01,5.526125431060791,5.55408366744814,5.447492682916081,5.526998980134191,23244000
2011-08-02,5.35488224029541,5.489431488613448,5.345271532088617,5.434388553703608,19190400
2011-08-03,5.379344940185547,5.405555747168494,5.252658984264724,5.367986801620488,15608800
2011-08-04,5.080541610717773,5.291102301780724,5.07617286474267,5.291102301780724,30090400
2011-08-05,5.014141082763672,5.111121388068579,4.925024054464259,5.040351895019132,23787200
2011-08-08,4.664660930633545,4.8498843114838746,4.607870914469243,4.796589157840327,30064000
2011-08-09,4.8297905921936035,4.831538023902715,4.640198751150102,4.686504524931718,27924000
2011-08-10,4.587777137756348,4.714463113048312,4.581661292968122,4.700483991634005,18703200
2011-08-11,4.71621036529541,4.752031883386042,4.611366792036221,4.6393250338002,24696800
2011-08-12,4.698736667633057,4.729316225564534,4.596514402436516,4.630588490835363,18517600
2011-08-15,4.7354326248168945,4.751159180270916,4.679516131330858,4.724074482924858,13722400
2011-08-16,4.64980936050415,4.70223097751402,4.627966964535286,4.682136013217287,14200800
2011-08-17,4.723201274871826,4.77125449410364,4.675147722351397,4.686505865064282,18790400
2011-08-18,4.18325662612915,4.514387163542938,4.155298380225431,4.495166077789493,43904800
2011-08-19,4.155296802520752,4.254898057396703,4.135201841737749,4.185876018214788,24372000
2011-08-22,4.20247745513916,4.235677995104713,4.145687417430478,4.235677995104713,20279200
2011-08-23,4.359742641448975,4.364984603504794,4.253151635800192,4.281983426972801,16848800
2011-08-24,4.325667381286621,4.336151969938464,4.214708317673272,4.318677988807195,12910400
2011-08-25,4.16403341293335,4.235676428853934,4.152675276276153,4.191991646790727,24095200
2011-08-26,4.229559898376465,4.260139107533695,4.061810522505284,4.142190348454796,14169600
2011-08-29,4.4855546951293945,4.514386486077116,4.324794638663688,4.346637035828656,19218400
2011-08-30,4.454100131988525,4.504774636803182,4.4305103107770565,4.461089856771963,12169600
2011-08-31,4.510018348693848,4.564187736938417,4.481186555985591,4.499534090735259,9628800
2011-09-01,4.450606822967529,4.543218708941362,4.428764425328389,4.531860568848217,17133600
2011-09-02,4.332658767700195,4.407796682062004,4.329163903476717,4.3702277248811,13426400
2011-09-06,4.275866985321045,4.313435930154968,4.22519280388899,4.288972555207665,18995200
2011-09-07,4.372847557067871,4.390321540303897,4.337899923884328,4.34314188555318,13836000
2011-09-08,4.336152076721191,4.398184394640769,4.314309683091328,4.364110313904338,14662400
2011-09-09,4.121222972869873,4.262761933957254,4.112486148091468,4.261888051506312,22331200
2011-09-12,4.147434711456299,4.157045420070616,4.030359442796396,4.046085996294632,19145600
2011-09-13,4.198982238769531,4.233056322487199,4.136076032959371,4.14656028949823,16448000
2011-09-14,4.352753162384033,4.400806372602596,4.255772859362114,4.31955262322145,20928000
2011-09-15,4.422647953033447,4.487301587517249,4.367605358761667,4.436627072207176,11752800
2011-09-16,4.4243950843811035,4.463711458542121,4.3684786114803105,4.442742614560089,16398400
2011-09-19,4.319551467895508,4.341393860633571,4.2592665839223,4.315183056005588,8402400
2011-09-20,4.364111423492432,4.4340070342214615,4.359743010313473,4.391195785175115,10462400
2011-09-21,4.281109809875488,4.43575402055337,4.241793428637294,4.396437639315175,17343200
2011-09-22,4.107243537902832,4.1954869945166235,4.0294846701643365,4.129959813844165,23108000
2011-09-23,4.213834285736084,4.219950128921673,4.092390637781588,4.097632931921432,14936800
2011-09-26,4.255772113800049,4.266256703249487,4.1325810207213465,4.218203168160795,12668000
2011-09-27,4.47419548034668,4.583407439933086,4.347509540568757,4.353625716930971,26190400
2011-09-28,4.4409966468811035,4.524871377582909,4.4270171918089165,4.467207458564349,24107200
2011-09-29,4.521376609802246,4.643694177972224,4.447986135557971,4.538850595724894,27990400
2011-09-30,4.4619646072387695,4.50739683069979,4.423522110443374,4.464585588094123,21003200
2011-10-03,4.371974468231201,4.53098709917404,4.348384638371961,4.4034275747101885,19334400
2011-10-04,4.431385517120361,4.438374910703812,4.22956165308718,4.27761485882217,18480000
2011-10-05,4.492543697357178,4.499533423819261,4.37110003303074,4.4209006675633296,12168800
2011-10-06,4.600008964538574,4.60961933930431,4.4392489084824245,4.499533804520282,17585600
2011-10-07,4.567681789398193,4.636703841420335,4.530986723738938,4.548460707366995,22900800
2011-10-10,4.703105926513672,4.703979475903575,4.620104736352176,4.648936532259212,13378400
2011-10-11,4.600881576538086,4.6087448512271685,4.491669613238864,4.494290593705737,26017600
2011-10-12,4.922403335571289,5.0988899696540315,4.856002585432637,4.892697657888282,48418400
2011-10-13,4.884834289550781,4.90405570807281,4.836781076534282,4.852507631090747,19371200
2011-10-14,4.980066299438477,4.989677007026713,4.918907523840302,4.96958204265518,12910400
2011-10-17,4.809695720672607,4.937255238312829,4.803579876216468,4.936381689085607,21232800
2011-10-18,4.876096248626709,4.895317329073522,4.743294450604189,4.831537577383688,11607200
2011-10-19,4.830679416656494,4.920282556105916,4.82101624757074,4.865817817295451,10913600
2011-10-20,4.7788519859313965,4.87372607638186,4.741077946322908,4.868455163259294,13171200
2011-10-21,4.881630897521973,4.897443297308459,4.8183812983760275,4.835950668706331,10871200
2011-10-24,5.063473701477051,5.088949274425108,4.878117478129582,4.909742281084701,18024000
2011-10-25,5.062596321105957,5.147807239171418,5.0494192057320175,5.088071563663362,22119200
2011-10-26,5.064352035522461,5.1117889018603995,4.960693114633248,5.0713795828989445,12642400
2011-10-27,5.347218990325928,5.400805435290915,5.20578600216797,5.207542973244785,18483200
2011-10-28,5.291874885559082,5.298902433398737,5.153955531130408,5.189972928574795,15128000
2011-10-31,5.146927833557129,5.218083638345549,5.142535574396635,5.207541814230891,12404800
2011-11-01,5.051175117492676,5.090706120216371,4.979140994799672,5.051175117492676,19025600
2011-11-02,5.143413543701172,5.154833684831017,5.01603602602976,5.051174767148726,15054400
2011-11-03,5.160983085632324,5.172403227141377,5.022185422222259,5.1082753073115725,19615200
2011-11-04,5.102125644683838,5.110031509163923,5.027455907440454,5.09246247461993,13021600
2011-11-07,5.090705871582031,5.124087642819191,5.035362470471876,5.106518271899218,5602400
2011-11-08,5.129358291625977,5.135507521268228,5.051174941796304,5.110910602699221,5740000
2011-11-09,4.92203950881958,5.019549181816092,4.912376339768349,4.997587555829773,16613600
2011-11-10,4.921163082122803,4.994075534157016,4.886024332999939,4.978263130562522,11052800
2011-11-11,5.025699615478516,5.031848845420685,4.917648429927394,4.94663794403296,10713600
2011-11-14,4.8693342208862305,4.984413320313518,4.83858806288672,4.981777695979282,13331200
2011-11-15,4.884265899658203,4.910620121163733,4.80783952857257,4.871967441679808,12784800
2011-11-16,4.7788519859313965,4.868455163259294,4.774459390775277,4.839465978855083,13756000
2011-11-17,4.6927618980407715,4.832437906833319,4.681342089381092,4.772702569306219,11900000
2011-11-18,4.663771152496338,4.705059118750873,4.656743270960317,4.693638978808756,10508000
2011-11-21,4.478414535522461,4.510917646733902,4.386175777425893,4.492469962136149,18051200
2011-11-22,4.480172634124756,4.543422237370453,4.444155573411598,4.513554406405306,19872800
2011-11-23,4.3598222732543945,4.434491670795194,4.331711417584364,4.434491670795194,13850400
2011-11-25,4.389691352844238,4.437128225891435,4.322049482350729,4.326441741970738,7028800
2011-11-28,4.480172634124756,4.5645052150470935,4.441520284978989,4.47314475149395,12674400
2011-11-29,4.441518783569336,4.5214590783783715,4.408137022573147,4.435369555900008,14442400
2011-11-30,4.534636974334717,4.612820318444441,4.527609427446804,4.550449373717341,17774400
2011-12-01,4.6040358543396,4.614577342347393,4.526730827030775,4.5627478849062735,15888000
2011-12-02,4.6391754150390625,4.681341709636036,4.6145781585265535,4.66201536561362,8583200
2011-12-05,4.6795854568481445,4.728779642313666,4.65498853166937,4.717359497720104,8268800
2011-12-06,4.6339030265808105,4.678704595598893,4.604913519780781,4.667284791502955,6575200
2011-12-07,4.646202087402344,4.670799004170202,4.588223401372494,4.651472998898823,15242400
2011-12-08,4.445033073425293,4.580316773208906,4.438005527195247,4.5627474049720504,17761600
2011-12-09,4.611064434051514,4.625998183062979,4.505648532701015,4.508283821324706,10094400
2011-12-12,4.532880783081055,4.560113327834411,4.493350112936652,4.560113327834411,7681600
2011-12-13,4.539030075073242,4.597009106970585,4.504769981757845,4.572411850530159,13173600
2011-12-14,4.378270149230957,4.491592229560861,4.368606979342816,4.486321318228826,14367200
2011-12-15,4.400232315063477,4.479294319170382,4.385298232017555,4.45557571793831,9420800
2011-12-16,4.424829483032227,4.514432981025594,4.414287993594156,4.484565148361138,25073600
2011-12-19,4.339617729187012,4.430099527276353,4.3185344193340045,4.401110018116947,14232800
2011-12-20,4.521460056304932,4.551327883633549,4.394960865215326,4.4257073453197595,16261600
2011-12-21,4.335225582122803,4.51706784979165,4.277246892940096,4.501255784658072,28336000
2011-12-22,4.486321926116943,4.497742067996504,4.4362494345553465,4.445912605752828,13564800
2011-12-23,4.493348121643066,4.514431091695796,4.446789253820069,4.475778756527281,4226400
2011-12-27,4.510919094085693,4.54342255083384,4.50476986391343,4.50476986391343,3951200
2011-12-28,4.481050968170166,4.583831573817616,4.463481931745136,4.54430057164552,8252000
2011-12-29,4.509162425994873,4.514433003185827,4.45996824986255,4.479294593183804,4913600
2011-12-30,4.513553142547607,4.550448510704456,4.5100392022161575,4.510917519745123,6316000
2012-01-03,4.695396423339844,4.782364287929298,4.68221931168308,4.712965793846238,14123200
2012-01-04,4.673433780670166,4.7489818228915075,4.665527582411937,4.708572178956229,9913600
2012-01-05,4.744590759277344,4.774458591757506,4.666407404137248,4.674313604943993,12347200
2012-01-06,4.7366838455200195,4.743711727449493,4.6664067017645605,4.727021010528776,10824000
2012-01-09,4.861426830291748,4.871968319729089,4.745469441157276,4.758646219176975,16880000
2012-01-10,4.912377834320068,4.932582831269572,4.861427020786493,4.8992010557840375,13177600
2012-01-11,4.995831489562988,4.996710142421817,4.807839990719172,4.81926013212879,22670400
2012-01-12,4.554842472076416,4.579439728488152,4.481051373057047,4.4819300260224235,55790400
2012-01-13,4.487200736999512,4.505648427149007,4.4169232476736,4.490714343379484,15696000
2012-01-17,4.5609917640686035,4.594373539937916,4.537273495409483,4.58295339698906,13252800
2012-01-18,4.550449371337891,4.581195852391521,4.508283084708893,4.5258524545812735,13932800
2012-01-19,4.541664123535156,4.578559492736326,4.5179455282882035,4.5495703219508075,16112800
2012-01-20,4.593493938446045,4.632146280946046,4.532879634054794,4.533758286786516,21358400
2012-01-23,4.6391754150390625,4.664650654304705,4.577682776419672,4.584710324631874,16715200
2012-01-24,4.707695484161377,4.7349280286840605,4.626876503540335,4.628633474326435,14578400
2012-01-25,4.763038635253906,4.77358012429648,4.66728591075514,4.679584370489458,11793600
2012-01-26,4.816625118255615,4.857912757060702,4.782364692074347,4.83770809655866,15181600
2012-01-27,4.770944595336914,4.871089573963362,4.735805853488952,4.855277173642567,17088000
2012-01-30,4.76918888092041,4.776216430076306,4.715602436286344,4.756890418566618,9452800
2012-01-31,4.830679416656494,4.892171701551623,4.769186796653545,4.853519360316425,17025600
2012-02-01,4.872846603393555,4.890415639421758,4.828923343107283,4.877238862400605,16912000
2012-02-02,4.875482559204102,4.94488140038264,4.86230544527119,4.901836451961998,11919200
2012-02-03,5.015157699584961,5.068744128899719,4.978261987963378,5.002859240747057,14130400
2012-02-06,4.948394775390625,4.985290154004599,4.922919203428849,4.951030063832226,9924800
2012-02-07,4.920284748077393,4.9413680659395744,4.86845527407033,4.887781620851666,9504000
2012-02-08,4.895686626434326,4.936974598971635,4.852642018353541,4.936974598971635,14517600
2012-02-09,4.945759296417236,5.0072519310126555,4.918527088103591,4.972113186927301,12158400
2012-02-10,4.893929481506348,4.9396097114914115,4.872846504656549,4.8789957341633965,8784800
2012-02-13,4.92203950881958,4.960692185024508,4.898320912541416,4.9571782444408194,8679200
2012-02-14,5.027457237243652,5.032728150065761,4.92467695052209,4.939610700856153,23970400
2012-02-15,5.1644978523254395,5.210178090554853,5.074015693765592,5.082800548295057,28510400
2012-02-16,5.218961238861084,5.222475179749694,5.154833325629256,5.160982554630401,12238400
2012-02-17,5.235651969909668,5.270790708677323,5.196999625351527,5.269912391006663,8250400
2012-02-21,5.230381488800049,5.291874115207947,5.196999719874415,5.21808303054004,14896000
2012-02-22,5.279576301574707,5.346339851815333,5.233896401020068,5.247951832369476,11136000
2012-02-23,5.24004602432251,5.262885976312947,5.193487132210248,5.262885976312947,16220800
2012-02-24,5.238286972045898,5.293630026647463,5.213689723781839,5.269033113491212,12738400
2012-02-27,5.158348560333252,5.182945482507223,5.094220631016877,5.17679625196373,11706400
2012-02-28,5.139899730682373,5.156590783928457,5.09773344135332,5.131993530488933,10089600
2012-02-29,5.066987037658691,5.129357983198538,5.062594778908029,5.117059524653539,17178400
2012-03-01,5.084556579589844,5.117059697572547,5.04766086760018,5.081042638427424,11141600
2012-03-02,5.067864894866943,5.090705174467553,5.05029586146073,5.077528064305061,9862400
2012-03-05,5.014278888702393,5.033604892786441,4.9721122695368525,5.007251007138857,12018400
2012-03-06,4.89832067489624,4.965962519865357,4.874602414876601,4.952785745977535,9913600
2012-03-07,5.012523651123047,5.045026776821021,4.987926392255325,5.007252738128259,11628800
2012-03-08,5.070501327514648,5.105639735045067,5.057324215248313,5.09509824629673,9699200
2012-03-09,5.112667560577393,5.130236931700535,5.049417958577232,5.089827277584943,13284800
2012-03-12,5.059080600738525,5.0678651178281084,4.989681776364144,5.004615857545851,13994400
2012-03-13,5.178552150726318,5.182944409475487,5.07225794750025,5.095097894060649,11140800
2012-03-14,5.157469272613525,5.169767732186955,5.103004522313528,5.1337506712471015,9844800
2012-03-15,5.188215255737305,5.198756743624203,5.074893171852613,5.100368741428153,10155200
2012-03-16,5.1627397537231445,5.19436455290555,5.108275007968927,5.123208754745139,14733600
2012-03-19,5.103882789611816,5.143413791498191,5.036241262626993,5.097733559885923,11276800
2012-03-20,5.064352035522461,5.0713795828989445,5.002859404215793,5.050296605661613,9263200
2012-03-21,5.072257995605469,5.103004142249113,5.038876225601036,5.096854912920384,9002400
2012-03-22,4.960692882537842,5.005494458401957,4.9396095711790515,4.966842111870018,15080800
2012-03-23,5.009885787963867,5.0116427581768725,4.934337744343627,4.987924162962997,21140800
2012-03-26,5.043267726898193,5.053809213434428,4.967719680654917,4.991438276692305,10643200
2012-03-27,5.057323932647705,5.096854932129855,5.024820815343657,5.037119274047466,9770400
2012-03-28,4.911499977111816,5.040634496545587,4.891295313375232,5.007252717929166,17407200
2012-03-29,4.959814548492432,4.965963778219831,4.8526420195949775,4.896565280566624,12239200
2012-03-30,5.009885787963867,5.072257057648267,4.978260994345367,5.014278381050284,12432000
2012-04-02,5.039754390716553,5.070500871537085,4.992317528060973,5.017792762319539,14633600
2012-04-03,5.059958457946777,5.083677054059668,5.0239414049844955,5.047660001097386,10119200
2012-04-04,5.004617214202881,5.0467835108574866,4.936975341931554,5.016037022493463,8080000
2012-04-05,5.0415120124816895,5.04941821313028,4.91237751359068,4.956300776058871,15295200
2012-04-09,4.987046718597412,5.002859118175271,4.940488172678084,4.940488172678084,11475200
2012-04-10,4.940488815307617,4.992318279530522,4.873725267270701,4.885145409586367,22768800
2012-04-11,4.960692882537842,5.042390169502875,4.942244859433451,4.972112688378816,17518400
2012-04-12,4.987046718597412,4.995831236092728,4.869332374577716,4.930825002368517,27828000
2012-04-13,4.317655563354492,4.351036991723637,4.26231217510994,4.282516829683202,78881600
2012-04-16,4.171832084655762,4.2781263113265515,4.169196460738646,4.24737982308506,31031200
2012-04-17,4.1762237548828125,4.224539275176155,4.162168324704606,4.194671444158979,23815200
2012-04-18,4.112095832824707,4.158654382446805,4.106824920843608,4.149869864252862,13481600
2012-04-19,4.140206336975098,4.195549400029739,4.121758314182358,4.126150908009304,17855200
2012-04-20,4.098038673400879,4.160409597539736,4.092767763643945,4.159530945026374,14275200
2012-04-23,4.011072158813477,4.017221388510655,3.904777948210383,3.975055098398053,22386400
2012-04-24,4.018100738525391,4.05851006500582,4.006680594917288,4.0119511726533785,16022400
2012-04-25,4.051480770111084,4.071685426314157,3.9794466618713176,4.040939283202486,15468800
2012-04-26,4.117365837097168,4.127907659593318,4.020734809970684,4.049723984065493,13235200
2012-04-27,4.134057998657227,4.136693287435025,4.084863819121425,4.115609971888843,11940000
2012-04-30,4.155139446258545,4.207847548125938,4.121757681919977,4.176222754027063,11424800
2012-05-01,4.161290645599365,4.19291545467779,4.143721269988244,4.161290645599365,9105600
2012-05-02,4.182373046875,4.192036218099034,4.124394354638692,4.154262186100299,10486400
2012-05-03,4.104190349578857,4.185887656468405,4.089256263910085,4.185009003430741,8800000
2012-05-04,4.011950492858887,4.0822279784395805,3.9636349728530744,4.081349325560484,13324000
2012-05-07,3.939915657043457,4.031276103639459,3.918832683279965,4.021612934369598,23572000
2012-05-08,3.9548499584198,3.974176298040039,3.8749096469558717,3.94518678860968,23405600
2012-05-09,3.9021427631378174,3.939916798440722,3.8485566604854364,3.893358244042784,13334400
2012-05-10,3.905655860900879,3.9249822008635036,3.8731527451428875,3.8819372623397985,8175200
2012-05-11,3.8415279388427734,3.8863298477315804,3.810781793611514,3.837135680253715,9532000
2012-05-14,3.803755521774292,3.840651246776274,3.790578740429863,3.810783406577714,10221600
2012-05-15,3.873152256011963,3.9899879284936706,3.8652460574900576,3.8951138813386113,18814400
2012-05-16,3.8134167194366455,3.8775446270461886,3.8055105206843556,3.875787656755922,15000800
2012-05-17,3.7317190170288086,3.827471708690971,3.7299620469395847,3.827471708690971,16676800
2012-05-18,3.7659811973571777,3.83186610448082,3.7510474459276426,3.8028769196025602,17414400
2012-05-21,3.7738864421844482,3.7809143246798262,3.668470550508952,3.74138332341303,15984800
2012-05-22,3.823620080947876,3.849467136861887,3.763012558117082,3.7861858627293765,13688000
2012-05-23,3.78083872795105,3.800447147831648,3.706862094763357,3.7879691860890703,9697600
2012-05-24,3.8485758304595947,3.868184245806645,3.7790555796820575,3.790642061479061,13792000
2012-05-25,3.7844038009643555,3.850359176025441,3.781730049272333,3.833424508645449,9349600
2012-05-29,3.87264084815979,3.899379381634072,3.845010837570322,3.8476845889180797,13588800
2012-05-30,3.7888598442077637,3.8530325993386616,3.7567738066412293,3.8530325993386616,15687200
2012-05-31,3.7523176670074463,3.8209467982661205,3.7523176670074463,3.7826214348359652,34419200
2012-06-01,3.7594475746154785,3.7906424751639314,3.6899273162509747,3.739839157128499,16043200
2012-06-04,3.804903030395508,3.8343156564767478,3.7621213070037247,3.79064245593158,12209600
2012-06-05,3.8583807945251465,3.8655109124134754,3.778164843288034,3.779056320523416,10174400
2012-06-06,4.006333827972412,4.04109395524977,3.8824450297279203,3.8824450297279203,22396800
2012-06-07,3.9109654426574707,4.034854217632461,3.8967048715811883,4.010789440191451,19963200
2012-06-08,3.8877925872802734,3.900270546992031,3.8726408762013973,3.8958141813805325,6768000
2012-06-11,3.8254034519195557,3.921662606366243,3.8209470851393923,3.9100757807386253,7720800
2012-06-12,3.9332478046417236,3.9573125832967717,3.878879268420932,3.893139840216644,12774400
2012-06-13,3.9038360118865967,3.9778129775131505,3.8922491885959114,3.933248638701662,12310400
2012-06-14,3.9537479877471924,3.9760301559919364,3.929683205243,3.966225947564424,14808000
2012-06-15,4.010790824890137,4.060703010888392,4.008117073139874,4.02772515264005,19424800
2012-06-18,3.968008041381836,3.9778122485234326,3.91720473164707,3.9492911041108925,14565600
2012-06-19,3.943944215774536,3.9947475377947677,3.9261184112062755,3.951965810830307,17616800
2012-06-20,3.9172050952911377,3.9394872626818733,3.8280764257281943,3.9216614607695064,14345600
2012-06-21,3.7754900455474854,3.9341389495958903,3.7665769756578356,3.926117356694631,16386400
2012-06-22,3.805793523788452,3.839662506885072,3.768359312997698,3.8325320514968038,14002400
2012-06-25,3.7844038009643555,3.819163932956423,3.760339015739322,3.8057948344973664,13744800
2012-06-26,3.7924246788024902,3.8057941147320147,3.7674687610661826,3.7906420646786283,16724800
2012-06-27,3.853924512863159,3.867293611696571,3.8173817653868434,3.8209466544097146,20441600
2012-06-28,3.815598487854004,3.849467137679249,3.782620635130994,3.839663269571243,20789600
2012-06-29,4.016139030456543,4.023269149099694,3.9573141066548696,3.9724658212709305,18408000
2012-07-02,4.048224449157715,4.0722892333599745,4.017921024605532,4.051789677928182,21789600
2012-07-03,4.10437536239624,4.10437536239624,4.039311471291894,4.056245796922151,6608000
2012-07-05,3.9742484092712402,4.0286169660563536,3.932357815027174,4.016139003515307,13760000
2012-07-06,3.8815531730651855,3.9368128484616065,3.8485756632317094,3.910965794807727,9825600
2012-07-09,3.926119089126587,3.9519664932136718,3.864620409746041,3.8770983730987023,12529600
2012-07-10,3.878880500793457,3.9956392032158665,3.861054695385606,3.945727016073677,15614400
2012-07-11,3.8877925872802734,3.9519653400823427,3.8280765400886057,3.941269994614965,20438400
2012-07-12,3.4537363052368164,3.520582814370432,3.3975851423648793,3.479583703701557,75989600
2012-07-13,3.583864688873291,3.5874299182178597,3.505431683286678,3.534843975381912,33893600
2012-07-16,3.5054306983947754,3.5437557130845847,3.4590837499340505,3.485822282507845,36171200
2012-07-17,3.4947354793548584,3.520582878288875,3.475127400852271,3.5089960546289825,19424800
2012-07-18,3.54642915725708,3.5785155264906856,3.467995848019246,3.476017440327648,9400800
2012-07-19,3.5794081687927246,3.6186246699053664,3.574951802302488,3.5972339747526414,19004800
2012-07-20,3.5241479873657227,3.572277554780174,3.4974094521351127,3.5571255028168443,9566400
2012-07-23,3.4581925868988037,3.4688879328998237,3.404715516894785,3.449279855231107,11094400
2012-07-24,3.416302442550659,3.4412583639680205,3.380650834812489,3.4332367692268786,15216000
2012-07-25,3.402040481567383,3.4581916274928357,3.390454001613598,3.4118446876812203,16014400
2012-07-26,3.4448225498199463,3.46443062214055,3.415409931340801,3.427887888271774,15926400
2012-07-27,3.528604507446289,3.5348434879394595,3.4537364015293095,3.4715622057950544,8014400
2012-07-30,3.5196917057037354,3.5758425290317697,3.5009744245954604,3.55979933950978,13115200
2012-07-31,3.5277135372161865,3.5589084411586427,3.5063225030849643,3.553560597626099,9140800
2012-08-01,3.5562334060668945,3.58118932021511,3.532168628853045,3.5597982938031896,10942400
2012-08-02,3.4974095821380615,3.5259307327774008,3.4733447975363188,3.4991918565539524,17012000
2012-08-03,3.569603204727173,3.6007984435693188,3.529495234786641,3.5348430774450113,10677600
2012-08-06,3.6248631477355957,3.658732140357358,3.6212982590377174,3.6230808733861175,11573600
2012-08-07,3.6890363693237305,3.7193401370687966,3.6444720249926896,3.6444720249926896,11339200
2012-08-08,3.694382905960083,3.7086434775006274,3.670318127735631,3.694382905960083,6652000
2012-08-09,3.706861972808838,3.7139920907133224,3.6872535535733504,3.7041882210945247,6444800
2012-08-10,3.724687337875366,3.731817454938152,3.6988399410250916,3.7255784750086245,9044000
2012-08-13,3.689927577972412,3.7344919190590407,3.6631887013212827,3.715774637403462,9068800
2012-08-14,3.6676440238952637,3.7220122139126994,3.658730955040823,3.7184473263697346,11188800
2012-08-15,3.688145160675049,3.6961667560993856,3.6631888971332462,3.664971511671872,8048800
2012-08-16,3.750535249710083,3.7567742304962826,3.681014643808365,3.691709990870571,12650400
2012-08-17,3.7950994968414307,3.814707575961576,3.767469482628072,3.767469482628072,11002400
2012-08-20,3.803121328353882,3.8093606499274775,3.737166283136973,3.787078475732766,14752000
2012-08-21,3.876206636428833,3.907401539987548,3.8450113928711684,3.863728335006398,17904800
2012-08-22,3.8770976066589355,3.9056187572551324,3.855706573712321,3.891358181957034,14774400
2012-08-23,3.886901378631592,3.9751385721118124,3.8815535359968623,3.9590953842065186,21265600
2012-08-24,3.8895747661590576,3.8993789734062974,3.8467930490792637,3.8646188495288936,13216800
2012-08-27,3.8521406650543213,3.8664012365770133,3.830749637770861,3.8548144159651874,12397600
2012-08-28,3.839662551879883,3.884226878582302,3.831640959473494,3.860162101363136,9919200
2012-08-29,3.8102498054504395,3.8352057187683872,3.797771848791465,3.828075603534182,7976000
2012-08-30,3.779946804046631,3.817381021482967,3.7621210024102276,3.80935942774653,8443200
2012-08-31,3.7906417846679688,3.8236196335250563,3.7576642758097356,3.7950984896478515,6276000
2012-09-04,3.7612297534942627,3.788859422210226,3.7318171306688974,3.7772729404901213,12819200
2012-09-05,3.776381731033325,3.782620710862828,3.7059703386719494,3.7469694461226544,12100000
2012-09-06,3.9795961380004883,3.987617733687347,3.8334248010400667,3.8405552594279273,22112000
2012-09-07,4.069614410400391,4.0999181669736275,4.002767918547559,4.009006897253917,15260000
2012-09-10,4.0384202003479,4.066049870723975,4.034854971912633,4.039311337457269,9304800
2012-09-11,4.085658073425293,4.091897052861242,4.050897947996757,4.064267043931413,13966400
2012-09-12,4.108832836151123,4.124876028968985,4.091007368574832,4.099920102362978,13120800
2012-09-13,4.218460559844971,4.272828768688163,4.05089854734771,4.110614599355333,23394400
2012-09-14,4.29154634475708,4.3450234200815805,4.26748155886137,4.317393405164515,24274400
2012-09-17,4.295110702514648,4.29778479394938,4.19439554511106,4.254111593837139,20873600
2012-09-18,4.249655246734619,4.332544941597437,4.2336120580515635,4.312936524318388,12973600
2012-09-19,4.234502792358398,4.289762810342477,4.228263812908402,4.287980196214067,13278400
2012-09-20,4.265698432922363,4.279067530151147,4.222025232644278,4.255894224288574,11347200
2012-09-21,4.342349529266357,4.35839271934977,4.299567802376903,4.314719515234048,15598400
2012-09-24,4.3004584312438965,4.333435944739753,4.288871608664686,4.320957985038558,6852000
2012-09-25,4.231829643249512,4.340566740560969,4.229155891675928,4.337001511796904,14619200
2012-09-26,4.216677188873291,4.267480499823668,4.171221380128933,4.246980948036574,17220800
2012-09-27,4.2541117668151855,4.269263818898401,4.210438904926057,4.232721074461019,17066400
2012-09-28,4.326304912567139,4.356608668287588,4.243415237802343,4.25411058099814,17408800
2012-10-01,4.408304214477539,4.446629572193288,4.36997885676179,4.399391482915283,17072800
2012-10-02,4.409195423126221,4.440390321693356,4.383348027171226,4.408303946024934,14904800
2012-10-03,4.410977840423584,4.435933758163259,4.366413507317663,4.407412612175379,15115200
2012-10-04,4.425239086151123,4.455542850869943,4.404739190606951,4.450195007684646,14344800
2012-10-05,4.345023155212402,4.410978528091054,4.330762579995252,4.376218057250251,18892000
2012-10-08,4.268373012542725,4.3075898546869595,4.238069243612624,4.2630255086132225,17304000
2012-10-09,4.230047225952148,4.312045791351426,4.224699722555831,4.290654757769326,14575200
2012-10-10,4.177460670471191,4.231829213607077,4.156961117157461,4.220242391299701,16106400
2012-10-11,4.297785758972168,4.307589969770159,4.2318303754213975,4.278177337376184,20548800
2012-10-12,3.9697911739349365,4.000986073461134,3.852141352866271,3.981377656616721,79955200
2012-10-15,3.9724647998809814,3.9876168506001672,3.93770467293547,3.966225820172756,18162400
2012-10-16,3.998030424118042,3.99892763850506,3.9504883272169193,3.991751292157027,25110400
2012-10-17,3.9585607051849365,4.002514619578655,3.9477961879486765,3.973809924655872,28542400
2012-10-18,3.986368417739868,3.9890597182989245,3.9415172865413175,3.970221983133432,18212000
2012-10-19,3.9190924167633057,3.9800899933982006,3.8912849294827456,3.971119902440672,28940800
2012-10-22,3.945106267929077,3.976502271516589,3.925371656656186,3.964840879201968,15498400
2012-10-23,3.8850059509277344,3.9074315213949498,3.8554040336612263,3.8912850832835906,11028800
2012-10-24,3.8571982383728027,3.9074316409436043,3.852713192579549,3.9074316409436043,9690400
2012-10-25,3.899358034133911,3.9208863886769283,3.8805202961749883,3.9208863886769283,9729600
2012-10-26,3.827596426010132,3.876932957660958,3.8195235486713446,3.8625806054135547,20899200
2012-10-31,3.894871950149536,3.934341163399209,3.8778286440016094,3.894871950149536,14637600
2012-11-01,3.939723491668701,3.961252186798842,3.9217833116117515,3.9307534016402266,19108000
2012-11-02,3.9298574924468994,4.000722042284625,3.926269318681497,3.9836787301795917,10292000
2012-11-05,3.9262681007385254,3.9289590591342893,3.8715496654448023,3.9110185380595803,10685600
2012-11-06,3.9469010829925537,3.9711207443370062,3.9164022882092175,3.925372381068448,20431200
2012-11-07,3.883211135864258,3.9361354859274877,3.867961572869606,3.9307532268375547,21779200
2012-11-08,3.845536470413208,3.9110190907303934,3.839257338477795,3.9065340453746735,15098400
2012-11-09,3.861682653427124,3.8796231758569264,3.8033763832640197,3.8033763832640197,16053600
2012-11-12,3.839256525039673,3.8652702616530545,3.8302864362287603,3.8320805224283334,10015200
2012-11-13,3.7746715545654297,3.8222136465120586,3.77018616747183,3.8105522560052845,14098400
2012-11-14,3.7414822578430176,3.797994793698066,3.7334090384351533,3.7881274875121136,13139200
2012-11-15,3.7549374103546143,3.780053938684895,3.7307177542416863,3.736996886324256,13721600
2012-11-16,3.816831588745117,3.8275957655264534,3.79350914868772,3.79350914868772,22946400
2012-11-19,3.8814163208007812,3.8948714527190593,3.8482265847780557,3.8589907587500627,10049600
2012-11-20,3.771981716156006,3.811450947883973,3.738791960356045,3.809656860788418,18924000
2012-11-21,3.799788475036621,3.8150376977426728,3.7710837740241487,3.79530342966349,8286400
2012-11-23,3.90474009513855,3.9083282684232263,3.809655898403894,3.809655898403894,8007200
2012-11-26,3.9343414306640625,3.935238302759315,3.8796229938049875,3.8975635153929287,12746400
2012-11-27,3.9110183715820312,3.9917505418882646,3.9056364550195912,3.9917505418882646,12872000
2012-11-28,3.896665573120117,3.9137092194286436,3.871549052901561,3.8993568732770507,21672000
2012-11-29,4.006102561950684,4.00879352001175,3.9522813476077485,3.9693246523060597,15512800
2012-11-30,3.987267017364502,4.014177636996332,3.9648414439734614,4.014177636996332,10491200
2012-12-03,3.9469010829925537,3.982782138803693,3.9442101235722062,3.9693266573277386,8401600
2012-12-04,3.9495911598205566,3.979193075577843,3.941517941176481,3.949591159820556,13055200
2012-12-05,3.901153087615967,3.9370338014764172,3.8482287181487247,3.9172991864315474,20253600
2012-12-06,3.8554046154022217,3.875139229890978,3.8266999082479045,3.8464345227366605,19870400
2012-12-07,3.841050624847412,3.859888016729238,3.8069636713086634,3.8482269696711295,17803200
2012-12-10,3.867065191268921,3.8706533644506567,3.800685356154922,3.8033766571347383,14009600
2012-12-11,3.8571982383728027,3.864374585391657,3.805170749047288,3.820420315368824,41335200
2012-12-12,3.839256525039673,3.858093916854761,3.820419133224584,3.858093916854761,13643200
2012-12-13,3.7468631267547607,3.8015815555116688,3.73251078004696,3.8015815555116688,18765600
2012-12-14,3.7387912273406982,3.7782601091433987,3.734306181574696,3.75314357910414,16160000
2012-12-17,3.7190558910369873,3.7316141536108187,3.6939393658893254,3.7262322366146003,16708000
2012-12-18,3.771083116531372,3.7791563336702447,3.732511117110868,3.732511117110868,14771200
2012-12-19,3.8024792671203613,3.84194848592243,3.7872300450828438,3.7899210037513438,12645600
2012-12-20,3.806964635848999,3.806964635848999,3.73251192146769,3.77287801586095,15435200
2012-12-21,3.827596426010132,3.827596426010132,3.7378941389170937,3.749555532051568,16827200
2012-12-24,3.7621123790740967,3.8069635057104985,3.761215507103622,3.793508373031742,5911200
2012-12-26,3.7800540924072266,3.81055288184301,3.7648048687828592,3.7899213981345463,6998400
2012-12-27,3.7405848503112793,3.771980508967789,3.7226443272845535,3.7567312868166316,7536800
2012-12-28,3.748657703399658,3.7773624005714317,3.7459664027862543,3.757627792945719,7196000
2012-12-31,3.7944061756134033,3.799788435317116,3.7468640792185246,3.7908180024775944,11676000
2013-01-02,3.8446390628814697,3.90743071567939,3.8177284523072124,3.901151584618296,13629600
2013-01-03,3.899358034133911,3.9316509081354627,3.8491246365551604,3.8625801147848158,15911200
2013-01-04,3.8284924030303955,3.8518148395738137,3.797993621589336,3.8518148395738137,17388000
2013-01-07,3.883211135864258,3.8859020943157323,3.828492699437717,3.8302867858010283,14556800
2013-01-08,3.814141035079956,3.8392575642989373,3.8060678160899912,3.81145007614565,19768800
2013-01-09,3.8284924030303955,3.857197098247045,3.8060668385057035,3.8069637105244296,26828800
2013-01-10,3.9424142837524414,4.015072893294432,3.818625072646925,3.8545061125052347,33850400
2013-01-11,4.684252738952637,4.769469623341292,4.497671849515935,4.55956663600552,118329600
2013-01-14,4.658238887786865,4.688737673138895,4.606211407168167,4.621460970937683,39931200
2013-01-15,4.5748162269592285,4.603520928851461,4.515612736533121,4.590065450132648,29895200
2013-01-16,4.60441780090332,4.626843368975859,4.542523014023426,4.552390318725266,13844000
2013-01-17,4.676178455352783,4.713853236643186,4.633121415797924,4.635812373836686,15685600
2013-01-18,4.683355331420898,4.700398981345183,4.647474629523399,4.664517937260687,9644000
2013-01-22,4.665414333343506,4.682457981528743,4.638503724119453,4.673487550329417,11625600
2013-01-23,4.756014347076416,4.787410004375604,4.6537538150882005,4.667208950136281,20025600
2013-01-24,4.721927642822266,4.751529557455751,4.692326070375799,4.705781206147095,14543200
2013-01-25,4.724619388580322,4.737177996454076,4.703987903211199,4.711164250567629,12723200
2013-01-28,4.683355331420898,4.718339161200435,4.659135677991913,4.71744228908247,9394400
2013-01-29,4.7048845291137695,4.720133752057797,4.666312522366246,4.697708182655145,8425600
2013-01-30,4.73897123336792,4.759602715036827,4.695016969160585,4.717442537346835,13819200
2013-01-31,4.729102611541748,4.74345495749628,4.682457401642789,4.693221575561958,15996800
2013-02-01,4.73807430267334,4.741662475922839,4.681561771648353,4.70847272883256,13364800
2013-02-04,4.6564459800720215,4.7048853000437765,4.655549107711251,4.679768425510039,17114400
2013-02-05,4.718339443206787,4.729103962387709,4.679767438276026,4.702193006622421,17015200
2013-02-06,4.744353294372559,4.752426512851513,4.689634851591538,4.695017111306515,17643200
2013-02-07,4.682459831237793,4.705782277195166,4.657342956144741,4.705782277195166,17053600
2013-02-08,4.6995015144348145,4.739867601313384,4.6860463802666095,4.6860463802666095,8854400
2013-02-11,4.585580348968506,4.682458973319286,4.575713043652737,4.6815617589158345,18534400
2013-02-12,4.624152183532715,4.634916360663829,4.556875477635963,4.604417915823509,11654400
2013-02-13,4.680665493011475,4.703987937716801,4.644784440340273,4.654651746934207,10870400
2013-02-14,4.631328105926514,4.72551541712537,4.613387584225067,4.721030372246757,10006400
2013-02-15,4.610696315765381,4.6402978837237585,4.593652667310678,4.635812839146667,8745600
2013-02-19,4.686944484710693,4.713855102309896,4.664518913013513,4.669003958915535,11012000
2013-02-20,4.655548095703125,4.707575235995558,4.6394016592224006,4.666312272627937,10896000
2013-02-21,4.590065002441406,4.648371614953286,4.582888998761778,4.628637006007049,10192000
2013-02-22,4.797277450561523,4.837643541273248,4.702192919350239,4.717442483480006,25981600
2013-02-25,4.8959503173828125,4.997313641419303,4.871730662151335,4.87352474870778,32092000
2013-02-26,4.886979579925537,4.933624800923986,4.869936271982392,4.915684278665044,11912800
2013-02-27,4.893259525299072,4.926449274577117,4.846614296541978,4.850202470027999,18100000
2013-02-28,4.837643623352051,4.88877389172541,4.82598223201814,4.826879446375295,12796000
2013-03-01,4.841231346130371,4.855583694826826,4.7560141260383695,4.796380213680579,19460000
2013-03-04,4.806247234344482,4.809835064666932,4.766778021114857,4.785615413508834,15255200
2013-03-05,4.857378005981445,4.867244968139965,4.807144612125617,4.821496961486282,14852000
2013-03-06,4.912096977233887,4.933625676201436,4.884289487876834,4.884289487876834,12100800
2013-03-07,4.905816078186035,4.950667204547101,4.905816078186035,4.944388074231507,13711200
2013-03-08,4.93900728225708,4.953359632271945,4.896847104381594,4.896847104381594,13263200
2013-03-11,4.875319480895996,4.886980874782166,4.832262421378318,4.871731649243174,10492800
2013-03-12,4.732692718505859,4.821498137081396,4.712061232656147,4.80535169734039,16584000
2013-03-13,4.748837947845459,4.768572556318233,4.708472200968597,4.7443529028799185,9956800
2013-03-14,4.777543067932129,4.788307587423937,4.748838366994695,4.75511749893807,8564800
2013-03-15,4.807144641876221,4.886979607075693,4.8035564689670975,4.816114731962025,16872000
2013-03-18,4.77395486831665,4.806247739924407,4.726412433033231,4.738971038137248,10348000
2013-03-19,4.71205997467041,4.763190239470913,4.6932225807306445,4.750631976844403,9968800
2013-03-20,4.792791843414307,4.801761932659749,4.728206105848813,4.728206105848813,12523200
2013-03-21,4.683355331420898,4.761396550976628,4.6743852414932725,4.753323333166967,10025600
2013-03-22,4.697707653045654,4.729103651982069,4.665414781996539,4.699501739458049,11024800
2013-03-25,4.690531253814697,4.726411952474137,4.665414388347427,4.716544991318992,11732800
2013-03-26,4.7210307121276855,4.747044111171225,4.713854366055664,4.71654566692618,10312000
2013-03-27,4.730002403259277,4.739869711354095,4.682460292097476,4.704885867881289,7021600
2013-03-28,4.835848808288574,4.8412310670596055,4.7282060281767,4.747043420594863,15614400
2013-04-01,4.780234336853027,4.839437824912976,4.767676073050466,4.838540610534494,8900000
2013-04-02,4.862760066986084,4.92016946612716,4.838540412563378,4.864554153482619,11604800
2013-04-03,4.8116302490234375,4.886083305743984,4.793689724568977,4.858275475730218,11544800
2013-04-04,4.71385383605957,4.731794357035489,4.681560966740312,4.718338880756806,11880000
2013-04-05,4.667208671569824,4.6752818889916155,4.5900646700253676,4.636709888219388,7568000
2013-04-08,4.646576881408691,4.65554731249277,4.610696183633252,4.640297750743316,8540800
2013-04-09,4.617872714996338,4.671694281101762,4.553286972544628,4.573021581001983,12257600
2013-04-10,4.754221439361572,4.79010249275989,4.619668002398509,4.619668002398509,21496800
2013-04-11,4.8744215965271,4.891464905447603,4.769469757715312,4.799071672468156,28821600
2013-04-12,3.8661680221557617,4.059924927807168,3.845536539399713,3.9621494316755257,147591200
2013-04-15,3.7414822578430176,3.833875844885698,3.7253358190272894,3.82311132421717,47242400
2013-04-16,3.8356688022613525,3.845536106422184,3.777362533781796,3.786332623644191,21743200
2013-04-17,3.7576277256011963,3.8284925951807702,3.725334856314961,3.8186252915447567,27891200
2013-04-18,3.7020137310028076,3.8159356859548703,3.686764163017301,3.801583332538151,23293600
2013-04-19,3.744173049926758,3.7504521817026233,3.687660521756951,3.726232526772706,25348800
2013-04-22,3.7056009769439697,3.71636515376416,3.6652348861344906,3.689454540620178,19756000
2013-04-23,3.693042755126953,3.7423792835682885,3.675102572625064,3.7190564988165575,19844800
2013-04-24,3.659853219985962,3.7002193173398097,3.640118949647355,3.6912492255665397,20673600
2013-04-25,3.6652352809906006,3.683175805748327,3.6472947562328746,3.657162061958976,13466400
2013-04-26,3.5970616340637207,3.6580592176541034,3.565665969945321,3.643706865173253,23578400
2013-04-29,3.660750150680542,3.696630857179082,3.647294671876689,3.65985293626053,17211200
2013-04-30,3.744173049926758,3.7567313134784888,3.6885573939304956,3.6957337400669235,13922400
2013-05-01,3.72623348236084,3.7809519380290224,3.706498867611763,3.772878717648682,18728800
2013-05-02,3.8186259269714355,3.827596017849374,3.773774788207677,3.776465747033652,23523200
2013-05-03,3.892181634902954,3.8975638945590343,3.8473304976633496,3.8482277120328736,15948800
2013-05-06,3.8751375675201416,3.9002540899588154,3.856300175691136,3.88141669812981,8788800
2013-05-07,3.9424142837524414,3.956766631258374,3.8634762013763337,3.875137590658328,21380800
2013-05-08,3.930753707885742,3.9379300542172326,3.877829351345595,3.9208864027734562,14962400
2013-05-09,3.8814163208007812,3.911915098877235,3.872445890668341,3.906532840797771,8533600
2013-05-10,3.845536470413208,3.8930789093075138,3.818625856091862,3.885005690792407,14152800
2013-05-13,3.839256525039673,3.868858434052201,3.807860872014525,3.839256525039673,10200800
2013-05-14,3.8491241931915283,3.877828890733868,3.822213582018958,3.871549759533168,7678400
2013-05-15,3.8096554279327393,3.8751380424496737,3.7970971651742853,3.8607856932704414,11602400
2013-05-16,3.832080841064453,3.865270583048889,3.8006848432417857,3.8006848432417857,9288000
2013-05-17,3.8894894123077393,3.902047671904192,3.832976901936792,3.857196549238626,10261600
2013-05-20,3.8679616451263428,3.8841080805107864,3.834771902252538,3.8805199077171344,10489600
2013-05-21,3.905637264251709,3.944209271146987,3.8778294348985676,3.9020490910086516,14695200
2013-05-22,3.862579822540283,3.9020486976742665,3.841051127439111,3.878726258319413,16289600
2013-05-23,3.8087587356567383,3.829390219042945,3.769289855551,3.826699260136453,12016800
2013-05-24,3.7495551109313965,3.783642072010754,3.734305888088045,3.779157026597241,7212800
2013-05-28,3.8123459815979004,3.836565632425781,3.7836412862878848,3.8024786784250275,11255200
2013-05-29,3.7623322010040283,3.7841163186014306,3.72693275021902,3.751440142205327,11708800
2013-05-30,3.7868406772613525,3.8476550647401737,3.7641486796195704,3.7641486796195704,8091200
2013-05-31,3.7895636558532715,3.873977915887441,3.789563655853271,3.866716310345727,15120000
2013-06-03,3.942054510116577,4.046437855036601,3.916639579354469,3.99379224559799,27531200
2013-06-04,3.96474552154541,4.001052853213442,3.9484072569200337,3.975637582544869,10470400
2013-06-05,3.8712549209594727,3.9284385054900715,3.851285852312493,3.918453971166582,10105600
2013-06-06,3.87760853767395,3.8885005992257327,3.8458395342903597,3.861270272220079,7180000
2013-06-07,3.9084699153900146,3.939331046956119,3.8685317767442227,3.8975775068943896,11385600
2013-06-10,3.9157307147979736,3.936607309250137,3.893946592870662,3.9148231873228254,12502400
2013-06-11,3.867624521255493,3.884870316541542,3.8222405214214743,3.8449325213384835,12004000
2013-06-12,3.7922863960266113,3.8376703896458957,3.766871470400578,3.8376703896458957,12741600
2013-06-13,3.782301902770996,3.7950097119732877,3.7351028536006425,3.7478103165505376,11985600
2013-06-14,3.8167953491210938,3.848564365348953,3.7804883471853694,3.7877496090715006,18472000
2013-06-17,3.8349483013153076,3.8576403030982385,3.803179637320192,3.8040871650404227,16632000
2013-06-18,3.7741332054138184,3.8113480676117546,3.765964072431227,3.7959173291991246,12195200
2013-06-19,3.7160422801971436,3.7959182275695857,3.7160422801971436,3.7714108228217063,8461600
2013-06-20,3.6125659942626953,3.678826586540663,3.5871510674307103,3.648873329381882,14113600
2013-06-21,3.6434268951416016,3.686087959274571,3.622550299954851,3.6779188267012874,12132000
2013-06-24,3.5590133666992188,3.5907823759663766,3.531783034650554,3.5907823759663766,16530400
2013-06-25,3.6552271842956543,3.6633963176602053,3.606212384108346,3.609843186993129,13628800
2013-06-26,3.6543192863464355,3.6960728267412155,3.637981365977509,3.637981365977509,14958400
2013-06-27,3.756887912750244,3.7750415841662424,3.6888119046296115,3.7360113118102145,11007200
2013-06-28,3.7387337684631348,3.7850256420316075,3.6951651703267383,3.708780508729804,15176000
2013-07-01,3.724210500717163,3.7823019586331688,3.6951647717591602,3.716949241603863,15844800
2013-07-02,3.677011013031006,3.7450870035033965,3.667934352802311,3.686088019512094,9675200
2013-07-03,3.6797332763671875,3.6997019926304415,3.6307184936029957,3.6407030248607715,7876800
2013-07-05,3.7332887649536133,3.7487191621747358,3.6987968203529906,3.699704348203196,10265600
2013-07-08,3.771409749984741,3.7768559537969515,3.7169490968721917,3.7196720256521028,11712800
2013-07-09,3.822239398956299,3.829500656746082,3.7314714259438095,3.73510222796487,16056800
2013-07-10,3.8649017810821533,3.873978442991882,3.814071574131284,3.825871511615897,18836000
2013-07-11,3.997422695159912,4.009222285539535,3.8576398958338207,3.8739781630928407,24170400
2013-07-12,4.190758228302002,4.3486946944160225,4.156266638965864,4.3132952312143695,45884000
2013-07-15,4.2025580406188965,4.215265504341225,4.118143778746381,4.160804846601984,12495200
2013-07-16,4.213449954986572,4.240680629152571,4.152635567521295,4.189850429795433,9394400
2013-07-17,4.249758720397949,4.266096991896905,4.212543845595333,4.213451373455264,8106400
2013-07-18,4.320556640625,4.344156514412348,4.280618845468831,4.284249648551876,12362400
2013-07-19,4.333263874053955,4.355047997144837,4.302402744464877,4.302402744464877,10541600
2013-07-22,4.449447154998779,4.474862082789713,4.349602152779897,4.351417554229596,20015200
2013-07-23,4.421308994293213,4.4539855281962035,4.41677066375167,4.424939797227418,12320800
2013-07-24,4.498462200164795,4.504815932458263,4.45761653095504,4.481216058580431,12582400
2013-07-25,4.5338616371154785,4.568353573821691,4.478493102107528,4.507538834201463,17367200
2013-07-26,4.524785041809082,4.524785041809082,4.492108849914685,4.493016377639889,8124800
2013-07-29,4.519338130950928,4.532045593660588,4.46578500506565,4.477584940261359,10208800
2013-07-30,4.511168956756592,4.533860953172619,4.496646092900431,4.508445681735045,10184000
2013-07-31,4.509354591369629,4.542031129115454,4.447632319239174,4.460339784750891,13839200
2013-08-01,4.522061347961426,4.555645408156371,4.508446010617642,4.515707616201637,14030400
2013-08-02,4.511168956756592,4.540214684468915,4.488476960340565,4.518430215558479,7286400
2013-08-05,4.512984752655029,4.526599743943766,4.477585290550928,4.499369415113875,8533600
2013-08-06,4.453985691070557,4.489385155342483,4.4249399590396195,4.484846824634982,12329600
2013-08-07,4.399524211883545,4.434015795848009,4.398616338159421,4.428569938512765,10292800
2013-08-08,4.509354591369629,4.537492798040193,4.445816917558576,4.453986051995033,11498400
2013-08-09,4.496647834777832,4.522970643917726,4.472140427604742,4.479401689219443,7281600
2013-08-12,4.496647834777832,4.547477704838294,4.493017030844221,4.515709036050505,13430400
2013-08-13,4.574707508087158,4.584691697605225,4.531138561769892,4.584691697605225,10289600
2013-08-14,4.542938709259033,4.5810614524866216,4.5166159039652785,4.5792460507850725,10968000
2013-08-15,4.4385552406311035,4.508446294387861,4.412232438110934,4.50390796373842,10856000
2013-08-16,4.394079208374023,4.421309541244315,4.356864339325715,4.400432941168676,8724800
2013-08-19,4.3323564529418945,4.3614021842661606,4.320556516387527,4.345063917114707,13046400
2013-08-20,4.3087568283081055,4.345971692363591,4.296956892021511,4.319648890744427,9004000
2013-08-21,4.21254301071167,4.273357752849918,4.195297214770725,4.2052817505137545,15485600
2013-08-22,4.255204200744629,4.274265398825708,4.224343064981349,4.263373335101158,12529600
2013-08-23,4.3214640617370605,4.341433130349089,4.257018871901299,4.262464729702832,11412800
2013-08-26,4.316018104553223,4.346879236785933,4.280618641808847,4.307848971131257,8627200
2013-08-27,4.213449954986572,4.229788220985209,4.182589170602931,4.183496698157342,17284800
2013-08-28,4.217081546783447,4.235235217540114,4.137205949458064,4.152636344537125,12475200
2013-08-29,4.1943888664245605,4.24249613808586,4.193481338847138,4.226157871672953,10840000
2013-08-30,4.208911895751953,4.259742098382414,4.195296904044592,4.246126760422626,6474400
2013-09-03,4.125405788421631,4.1308516469773835,4.067314322143925,4.0836525903160865,16940800
2013-09-04,4.238865852355957,4.256111648450042,4.188035645509376,4.214358449747023,11467200
2013-09-05,4.188035488128662,4.202558354360156,4.139928558659172,4.15535895254469,10000000
2013-09-06,4.231604099273682,4.269726839651298,4.196204634371037,4.266096036519631,7712800
2013-09-09,4.316018104553223,4.323279710373824,4.242496250007959,4.242496250007959,10194400
2013-09-10,4.483938694000244,4.493922881713112,4.436739299234175,4.478492490132178,14073600
2013-09-11,4.434924602508545,4.491200666409417,4.406786397431886,4.4848469340134685,12148000
2013-09-12,4.385002613067627,4.422217482683702,4.365033540406937,4.422217482683702,6415200
2013-09-13,4.3541412353515625,4.3541412353515625,4.296957296239795,4.330541360558314,8131200
2013-09-16,4.365032196044922,4.393170394650451,4.359585992564132,4.373201328139923,13084000
2013-09-17,4.375924587249756,4.390447451376346,4.3514171891138105,4.375924587249756,7551200
2013-09-18,4.451263427734375,4.459432562730825,4.330541804592663,4.345064672780521,12776000
2013-09-19,4.40315580368042,4.4621551458800335,4.379556274552052,4.448539806525519,8500000
2013-09-20,4.345972061157227,4.4022481258148956,4.341433730278011,4.391356062454287,6736800
2013-09-23,4.398617267608643,4.435832134356787,4.355956542374518,4.360494873196984,9710400
2013-09-24,4.412231922149658,4.424939384983073,4.348694261730192,4.357770921967662,10110400
2013-09-25,4.435831546783447,4.473954282397789,4.427662413884118,4.459431417938135,9344000
2013-09-26,4.422216892242432,4.445816418938466,4.418586089288448,4.439462686895209,6174400
2013-09-27,4.413140773773193,4.41767910525359,4.355049299818116,4.373202971992202,12384000
2013-09-30,4.366847991943359,4.405878254786214,4.353232655136821,4.358678859109916,9315200
2013-10-01,4.41949462890625,4.420402502978851,4.334172817464655,4.372295218453717,8668000
2013-10-02,4.4385552406311035,4.446724374301072,4.390447966240205,4.401340375301786,6960000
2013-10-03,4.461246967315674,4.491200224772229,4.441277898176362,4.470323628059499,8828000
2013-10-04,4.483938694000244,4.489384551615919,4.446723833199435,4.474861687553466,10411200
2013-10-07,4.485754489898682,4.49392362392379,4.4476320952831445,4.468508694180098,9141600
2013-10-08,4.387723922729492,4.482122699773675,4.375016461637457,4.4666919639816705,14948000
2013-10-09,4.509354591369629,4.519339127486683,4.472139722548543,4.506631661974966,28857600
2013-10-10,4.563815593719482,4.6609373401608245,4.558369734528093,4.5883229988382075,23995200
2013-10-11,4.847012042999268,4.932333850749651,4.811612227001962,4.836119632114332,26492800
2013-10-14,4.95048713684082,4.9559329956063936,4.869703666795142,4.887856991017006,12489600
2013-10-15,4.999790668487549,5.008921247848155,4.92126977576227,4.924921659210523,15183200
2013-10-16,4.974225997924805,5.034486431610722,4.948661070996236,4.995225809086987,12670400
2013-10-17,4.955051898956299,4.964182129745077,4.868313313278994,4.883835123575092,9349600
2013-10-18,4.942269802093506,5.000704119374185,4.929487338725358,4.9851823079300015,7632800
2013-10-21,4.977877140045166,4.995224715477916,4.945920640084713,4.955051217914527,5100800
2013-10-22,4.99705171585083,5.021703757912465,4.958704327063393,5.013486410558587,5208000
2013-10-23,4.945920944213867,4.9806164455087565,4.934964598440306,4.945920944213867,9793600
2013-10-24,4.95048713684082,4.97422594756329,4.9167045142603785,4.933139209489782,8406400
2013-10-25,4.935879230499268,4.966009276996997,4.897531486970461,4.953226811919412,7260000
2013-10-28,4.923095226287842,4.950486614309648,4.874704377828993,4.950486614309648,8571200
2013-10-29,4.940443515777588,4.976964788670628,4.904835126681077,4.9377045160920074,9773600
2013-10-30,4.904834747314453,4.952312711869594,4.893878052827598,4.931312554917772,9402400
2013-10-31,4.844573974609375,4.914877858544005,4.841834627035443,4.906660512414089,8773600
2013-11-01,4.799833297729492,4.867398158244991,4.777007383112823,4.848224125262169,9187200
2013-11-04,4.785226821899414,4.820835208568056,4.776096591372674,4.808965630246519,9900800
2013-11-05,4.831790924072266,4.84000826979195,4.801660888630705,4.823573926648505,8869600
2013-11-06,4.892051696777344,4.915790502050743,4.839095391350334,4.839095391350334,9808000
2013-11-07,4.900269508361816,4.958704170081701,4.8920525095640635,4.927660897538255,12707200
2013-11-08,4.901182651519775,4.901182651519775,4.8400089913103095,4.881095726033686,8208800
2013-11-11,4.8600945472717285,4.896616156355755,4.840007627445927,4.869225123690674,8712000
2013-11-12,4.816270351409912,4.827226698288348,4.781574846616215,4.824487698642736,6604000
2013-11-13,4.8838348388671875,4.898443416255198,4.797096258246393,4.797096258246393,8049600
2013-11-14,4.927659511566162,4.931311393906028,4.829051374176237,4.863746868624086,9537600
2013-11-15,4.987008094787598,5.001616673143742,4.92857378136302,4.929487013426768,9167200
2013-11-18,5.055485248565674,5.074659288287358,4.999789941599133,5.002529289157052,11124800
2013-11-19,5.016225337982178,5.085616347592187,4.999790643511175,5.076485768277192,7656800
2013-11-20,4.967833995819092,5.009833611630479,4.949573187289286,5.000703381513553,5022400
2013-11-21,4.886573791503906,4.903921368143607,4.86192175209215,4.902095252450593,8172000
2013-11-22,4.923095226287842,4.932225805060433,4.877443377312788,4.892965187078208,6069600
2013-11-25,4.8600945472717285,4.898442271639544,4.855529433210195,4.898442271639544,8267200
2013-11-26,4.892965316772461,4.9176173576679405,4.823574657741315,4.860095928911822,7948800
2013-11-27,4.856442451477051,4.8719642576720705,4.829964649867008,4.86100791396116,8684800
2013-11-29,4.932226181030273,4.978790917284104,4.896617791842757,4.908487022707933,3258400
2013-12-02,4.890225410461426,4.949572595720224,4.886573179532785,4.931311789372936,4955200
2013-12-03,4.858269214630127,4.909399405925399,4.847312869458259,4.907573290347432,6009600
2013-12-04,4.964181423187256,4.970572653488925,4.88292119652667,4.916703463592052,8701600
2013-12-05,4.918529987335205,4.974225297411239,4.897530179130398,4.953225489206432,11063200
2013-12-06,5.065528392791748,5.094745544074937,4.988833283599398,4.995224513674101,11014400
2013-12-09,5.0390496253967285,5.049093085229633,5.009832477680572,5.021702052782721,6938400
2013-12-10,5.028095722198486,5.056400000163948,4.991574095681506,5.028095722198486,4281600
2013-12-11,4.956878185272217,5.068268467569846,4.953225953512691,5.026268847223265,5191200
2013-12-12,4.919442176818848,4.970572012640101,4.899355256577135,4.942268095895017,5092800
2013-12-13,4.964181423187256,4.987920577132822,4.924007925820205,4.931312039752428,4420000
2013-12-16,5.08196496963501,5.12852971292839,5.049095575170954,5.08105208569814,14673600
2013-12-17,5.101137638092041,5.149528836090919,5.062790251149208,5.083790060422089,4983200
2013-12-18,5.131267547607422,5.1376587781682375,5.021703047814108,5.09474593157767,5307200
2013-12-19,5.163223743438721,5.178745552284296,5.113919665876467,5.1449629352716695,6687200
2013-12-20,5.204309940338135,5.2143534012135015,5.182396903128615,5.209788286714492,10072000
2013-12-23,5.19335412979126,5.198832128434879,5.134919822286336,5.137658821608146,10514400
2013-12-24,5.218006610870361,5.227136841580933,5.163224181719001,5.17235476072555,4197600
2013-12-26,5.249050140380859,5.2545281397575225,5.2253109820953405,5.2253109820953405,7564800
2013-12-27,5.318439960479736,5.32574442288648,5.281918345037895,5.2956140379025705,7729600
2013-12-30,5.162311553955078,5.1942677113226985,5.1513548586039,5.186050363957311,7387200
2013-12-31,5.167788505554199,5.195179890082488,5.157745392629206,5.17691908316227,2891200
2014-01-02,5.070094585418701,5.135833363931745,5.059138238431858,5.135833363931745,3642400
2014-01-03,5.218006610870361,5.257267229858577,5.194267453749313,5.218006610870361,8421600
2014-01-06,5.141311168670654,5.196093246116089,5.128528358857163,5.194267130428447,4820000
2014-01-07,5.1212239265441895,5.148614963566831,5.081050428797378,5.0956590050958495,6201600
2014-01-08,5.091093063354492,5.091093063354492,5.043615456070191,5.067354259712342,9640000
2014-01-09,5.126702308654785,5.204310305470622,5.0691808867030375,5.101137038734044,15258400
2014-01-10,5.43256950378418,5.452656426849509,5.24996212550572,5.280092510103714,37150400
2014-01-13,5.424351692199707,5.523872718750351,5.421612693215346,5.4773079945367025,14360000
2014-01-14,5.526613235473633,5.534830582979296,5.436222761207331,5.48735261386835,10294400
2014-01-15,5.477309226989746,5.564047465106628,5.4681786478275605,5.528439077114059,13068800
2014-01-16,5.5421342849731445,5.546699400005316,5.516569013860268,5.531177939236741,17083200
2014-01-17,5.503787040710449,5.5485260079049565,5.479134999394616,5.526612966192222,13811200
2014-01-21,5.526613235473633,5.6078734784207525,5.480048498472205,5.536656698902333,19728800
2014-01-22,5.614264011383057,5.6297854713905116,5.5430468968488045,5.562220588021285,14012800
2014-01-23,5.5877861976623535,5.619742351559675,5.554916811770276,5.591438429049463,11423200
2014-01-24,5.43530797958374,5.533916121540197,5.43530797958374,5.509264086051083,10792000
2014-01-27,5.3138747215271,5.542133941968161,5.3093096067774646,5.416134754761835,23970400
2014-01-28,5.300179481506348,5.354961908067029,5.291962134937043,5.354961908067029,12771200
2014-01-29,5.32757043838501,5.372309401970699,5.3120489774914965,5.3577008247725875,8564000
2014-01-30,5.410656452178955,5.416134798900721,5.360439492931864,5.389656645522751,13820800
2014-01-31,5.348570346832275,5.3604395758023635,5.318439961840656,5.34765711488323,11567200
2014-02-03,5.162311553955078,5.345831847387397,5.158659322171353,5.307484458546254,11980000
2014-02-04,5.211614608764648,5.232614414929264,5.1623105343107225,5.211614608764648,18484800
2014-02-05,5.161397933959961,5.208875898692248,5.093833392518761,5.192441205196611,13189600
2014-02-06,5.251789093017578,5.262745439968739,5.182398082969585,5.182398082969585,5262400
2014-02-07,5.265483379364014,5.27735295601035,5.239005575255,5.239918458860448,5200800
2014-02-10,5.251789093017578,5.294701945328942,5.218006820078839,5.229876050819267,7018400
2014-02-11,5.346743583679199,5.354960928745706,5.2408313296530515,5.287396052832661,10934400
2014-02-12,5.335787773132324,5.368657158830019,5.308396734482897,5.350396350298416,6675200
2014-02-13,5.33030891418457,5.345830372539239,5.245396464267192,5.246309347813273,5167200
2014-02-14,5.414309501647949,5.436222543551028,5.340353725354028,5.344005608757886,6390400
2014-02-18,5.466352939605713,5.493743982542779,5.420701085278599,5.444440244574462,8436800
2014-02-19,5.470917701721191,5.547612825964759,5.460874586987093,5.50378709043929,7454400
2014-02-20,5.5549163818359375,5.556742497388156,5.453569232611325,5.46909104065722,9648800
2014-02-21,5.5521769523620605,5.592350446509646,5.5220465705294455,5.554915951330152,6875200
2014-02-24,5.574090480804443,5.596916404434515,5.5375692119739,5.554003904851228,7248000
2014-02-25,5.547611713409424,5.589611672957365,5.529351255157875,5.5740898654884505,5740000
2014-02-26,5.5877861976623535,5.615177236473766,5.56496027393685,5.5877861976623535,7461600
2014-02-27,5.630697727203369,5.631610959040765,5.5804807733193025,5.605132808490585,4420000
2014-02-28,5.630697727203369,5.672697684326237,5.599654810649786,5.623393613983671,7017600
2014-03-03,5.471829891204834,5.543046654327249,5.456308083580561,5.543046654327249,9490400
2014-03-04,5.648959636688232,5.658090215367138,5.570438401529465,5.5795689802083706,10450400
2014-03-05,5.708306789398193,5.7430022894176815,5.629785559599533,5.638002905701624,7782400
2014-03-06,5.753045558929443,5.770393483557849,5.706480828618137,5.75030655958641,9571200
2014-03-07,5.5120038986206055,5.623394516540359,5.495569205868643,5.593264130396445,13750400
2014-03-10,5.446266174316406,5.470004984504549,5.39330985792563,5.470004984504549,8270400
2014-03-11,5.444438934326172,5.528438158890884,5.435308356680491,5.48187343193365,6847200
2014-03-12,5.113920211791992,5.386918434877544,4.940443386426068,5.37870108773996,46184800
2014-03-13,4.9760518074035645,5.036312237377897,4.86466117842532,4.988834270080546,24242400
2014-03-14,5.01713752746582,5.067354484226904,5.006181182860618,5.020789758432859,15124800
2014-03-17,5.024442195892334,5.072833390809067,4.989747042762243,5.045442003827691,9056000
2014-03-18,5.013485908508301,5.039050831806522,4.965095061323538,4.996138331741074,8520800
2014-03-19,4.915791034698486,4.973312461030475,4.856443492640534,4.867400186996316,16415200
2014-03-20,4.987008094787598,5.034486061519063,4.898443740882963,4.913965203006875,12100800
2014-03-21,4.917616844177246,4.991572610845349,4.90939949807013,4.981529497421932,11856800
2014-03-24,4.868313312530518,4.944095551590442,4.831791692789064,4.922182510086373,9032000
2014-03-25,4.873791217803955,4.929486526123504,4.85005206263696,4.908486370285028,11128800
2014-03-26,4.893877983093262,4.967834102493864,4.887486752214983,4.941355946971875,10193600
2014-03-27,4.893877983093262,4.921269370624125,4.841834904058158,4.879269405614916,13572800
2014-03-28,4.924007415771484,5.003441518646925,4.9075727257564425,4.956876795801568,8416000
2014-03-31,4.946835041046143,4.982443432257525,4.9367915772078526,4.96783485257347,8587200
2014-04-01,5.039963722229004,5.062789644568541,5.007094338332721,5.013485568724117,7610400
2014-04-02,5.082876682281494,5.097485608273324,5.046355412189819,5.0582249904101975,7788000
2014-04-03,5.037224769592285,5.0910939644684206,4.989747153904537,5.066442272909612,5788000
2014-04-04,5.00161600112915,5.087441692198987,4.968746617170144,5.070093768278436,6137600
2014-04-07,4.989746570587158,5.032659066091702,4.933138034592016,4.966920649126642,7125600
2014-04-08,5.01713752746582,5.050919793171143,4.97057245337586,4.995224489959501,7357600
2014-04-09,4.938617706298828,4.963269749886531,4.889313619123422,4.942269938303528,13786400
2014-04-10,4.816270351409912,4.918530401632611,4.8144442355475086,4.893878359934142,11646400
2014-04-11,4.852792739868164,4.894792366460611,4.82174946188765,4.826314578117953,10721600
2014-04-14,5.074660301208496,5.10296422802104,4.880183303982911,4.900269883073359,20346400
2014-04-15,4.837270259857178,4.976051933561193,4.648271617950735,4.905748038759396,39376000
2014-04-16,4.800748825073242,4.818096403091012,4.72953170057212,4.777922899541237,14737600
2014-04-17,4.828138828277588,4.836356173634687,4.759661066400393,4.799834561315154,9636000
2014-04-21,4.7934441566467285,4.819009080694134,4.77792269513108,4.787965809366869,6372800
2014-04-22,4.78887939453125,4.810792088674613,4.703053688964431,4.746879773843143,13995200
2014-04-23,4.775183200836182,4.776096432836123,4.729531353125901,4.770618085724346,13084000
2014-04-24,4.798007965087891,4.8034863108756385,4.761486704723858,4.793442851079371,11079200
2014-04-25,4.7934441566467285,4.816270081202189,4.767879232599323,4.782487810382978,10349600
2014-04-28,4.831790924072266,4.848225615511635,4.794356426526131,4.803487004156849,9813600
2014-04-29,4.8637471199035645,4.88018181031763,4.8263126246928385,4.8637471199035645,11507200
2014-04-30,4.903921604156494,4.9240085294504246,4.821748483791818,4.838183177523947,12266400
2014-05-01,4.868313312530518,4.906661048088642,4.856443733870148,4.892052469851256,5643200
2014-05-02,4.882009029388428,4.924008648476455,4.871052334438175,4.894791491867742,9192000
2014-05-05,4.859182357788086,4.86374747250163,4.808052167426981,4.8518778956096735,5776000
2014-05-06,4.865573406219482,4.8911383262967085,4.800747874140278,4.829051793284089,10018400
2014-05-07,4.6838788986206055,4.699400705945154,4.607183790471322,4.698487474063521,20403200
2014-05-08,4.693922519683838,4.724965787096113,4.6619663686546975,4.689357405007664,13266400
2014-05-09,4.7916178703308105,4.807139679589933,4.717661752017012,4.735922560670587,11345600
2014-05-12,4.926747798919678,4.936791262116943,4.861009368685197,4.914878568137446,11179200
2014-05-13,4.957788944244385,4.981528092211142,4.945919370261007,4.957788944244385,10653600
2014-05-14,4.968747615814209,4.993399658738157,4.926747993779041,4.975139195798348,8659200
2014-05-15,4.908486843109131,5.0143991229975455,4.871965571459045,5.008921123812822,17897600
2014-05-16,4.857356548309326,4.900269047275704,4.7916177777450715,4.898443279911985,17092800
2014-05-19,4.756922245025635,4.779748168175078,4.69574893816718,4.727705091258023,17074400
2014-05-20,4.823574066162109,4.85370410247513,4.775182874059481,4.775182874059481,12444000
2014-05-21,4.867400169372559,4.911225901749117,4.859182822783456,4.905747554591063,9724800
2014-05-22,4.803487300872803,4.852791378236469,4.79800895395597,4.839095685092357,12368800
2014-05-23,4.8071393966674805,4.813530627075685,4.77974801115125,4.792530820263594,8852000
2014-05-27,4.831790924072266,4.8847472294426595,4.804399887771959,4.857356193142352,6685600
2014-05-28,4.671098232269287,4.809879926414807,4.646446186437907,4.79709746153099,27428000
2014-05-29,4.633661270141602,4.63822638399981,4.570661862988255,4.572487978190711,21394400
2014-05-30,4.695749282836914,4.7012276301814335,4.609923930881935,4.620880277275003,28690400
2014-06-02,4.772445201873779,4.793445014427174,4.709445764213593,4.718575996351233,15287200
2014-06-03,4.745053291320801,4.747792290803093,4.712183904349425,4.738662060331474,8325600
2014-06-04,4.6847920417785645,4.714009192111061,4.660140005880038,4.714009192111061,10427200
2014-06-05,4.714922904968262,4.727705366949997,4.687531865250834,4.695749211995659,7116000
2014-06-06,4.74870491027832,4.761487719841609,4.7130965258061694,4.721313872091739,7549600
2014-06-09,4.743227005004883,4.746879236380586,4.716748849974965,4.72496619642232,12444000
2014-06-10,4.775183200836182,4.850052203217365,4.744139930461353,4.843660972401603,13342400
2014-06-11,4.999790668487549,5.024442710317202,4.916704311933972,4.923095543338402,25681600
2014-06-12,4.902096748352051,4.970574540404648,4.84914077027866,4.939531260742295,27990400
2014-06-13,4.928572654724121,4.939528998912686,4.895703273862522,4.930398770138199,8039200
2014-06-16,4.957788944244385,4.986093205806028,4.934050144573471,4.970571401628404,13375200
2014-06-17,4.97990083694458,5.0067289394155345,4.964173677519972,4.974350012517571,10567200
2014-06-18,5.014130115509033,5.022456175825252,4.943821083304552,4.976200363602667,7650400
2014-06-19,5.054833889007568,5.112190983572861,5.01505387181932,5.10293996451205,10291200
2014-06-20,5.052061080932617,5.085365330197254,5.012281044633626,5.062237418530581,11973600
2014-06-23,4.946597099304199,4.978051068448734,4.912367541211939,4.978051068448734,8711200
2014-06-24,4.896639823913574,5.092764349450486,4.890164039077719,4.953996926561351,8538400
2014-06-25,4.933645725250244,4.939196197560731,4.8846143181163315,4.892015418402162,8228000
2014-06-26,4.870737075805664,4.9179178481000285,4.861485701794334,4.8984904920319865,7488800
2014-06-27,4.968800067901611,4.969725381921873,4.923469562217921,4.939196371523393,7395200
2014-06-30,4.974350452423096,5.014130482075009,4.96972494144345,4.970649902477833,8257600
2014-07-01,4.972500801086426,4.995628711789153,4.949372890383698,4.960474188707912,5745600
2014-07-02,4.963249206542969,4.984526839591293,4.949372320557428,4.981751250651863,7676800
2014-07-03,4.9706501960754395,4.979901571485041,4.929945202984853,4.975275707328296,6857600
2014-07-07,5.141794681549072,5.154746248540786,5.09553888349082,5.110340724753312,13790400
2014-07-08,5.1390204429626465,5.159373112381151,5.116817851691391,5.132544657766545,13419200
2014-07-09,5.090914249420166,5.124218488520535,5.06593607009489,5.105716094253239,10447200
2014-07-10,5.148272514343262,5.156598575424131,5.023381598130222,5.049285095328412,16590400
2014-07-11,5.015979290008545,5.2269056345441305,4.938269528405367,5.194526714252707,31959200
2014-07-14,4.965099334716797,5.004879366429033,4.9484475649084025,4.967874923771434,15649600
2014-07-15,4.937345027923584,4.9734245030202855,4.919767947285243,4.959547971854382,13370400
2014-07-16,5.071487903594971,5.0733381786803315,4.9715755193127,4.9715755193127,22400000
2014-07-17,4.922543525695801,5.03725809700219,4.916067740120036,5.017830740274898,10208000
2014-07-18,5.016905784606934,5.026157159592766,4.9456717852834435,4.960473632356904,9424800
2014-07-21,4.948447227478027,4.952147424458754,4.872587366459415,4.933645380843536,15012000
2014-07-22,5.024306297302246,5.05390998798878,4.984526271772748,4.989151782273051,10775200
2014-07-23,5.1334710121154785,5.173250692281526,5.114968613703242,5.173250692281526,10732000
2014-07-24,5.159374713897705,5.191753649928928,5.119594676542813,5.17602683897203,7050400
2014-07-25,5.1066412925720215,5.151046826066966,5.092764408959434,5.142720766480176,4182400
2014-07-28,5.16955041885376,5.172325655058394,5.11034302712894,5.125144875060145,7425600
2014-07-29,5.124218463897705,5.169549311989566,5.120517914481264,5.169549311989566,6224000
2014-07-30,5.1473469734191895,5.166774330783292,5.12514438011846,5.140871187631155,4294400
2014-07-31,5.071487903594971,5.109417660585148,5.060386605986693,5.089990301544692,9312000
2014-08-01,5.103865623474121,5.111266722058257,5.0548345805175305,5.077037523366136,11020800
2014-08-04,5.297216892242432,5.299992481700616,5.225983232721219,5.245410594408822,13833600
2014-08-05,5.337920188903809,5.376774897321001,5.294439617471787,5.362898366987918,16360800
2014-08-06,5.205629825592041,5.225057184550362,5.1001666164995685,5.188052741711258,17884000
2014-08-07,5.2870402336120605,5.319419165632616,5.271313071699297,5.29074043091163,19896000
2014-08-08,5.353647708892822,5.371225143727682,5.260211121717034,5.2676118683023585,13076800
2014-08-11,5.40915584564209,5.429508167001394,5.384177659838302,5.387878210232325,6973600
2014-08-12,5.348097801208496,5.40637987776504,5.3268201672888855,5.379551771547026,10252000
2014-08-13,5.39435338973999,5.414705708808281,5.372150442779099,5.407304961757231,5648000
2014-08-14,5.377701759338379,5.430433366174007,5.367525422422046,5.398979394298027,7859200
2014-08-15,5.378625869750977,5.407304600806111,5.32959482098612,5.39435302965342,7153600
2014-08-18,5.402679443359375,5.411930465386522,5.342546741471311,5.377701260401434,8122400
2014-08-19,5.375850677490234,5.402679133897663,5.363824067220723,5.400828859017442,10052800
2014-08-20,5.410079002380371,5.447083788170676,5.386951099487379,5.406378453220582,6472000
2014-08-21,5.399904251098633,5.419331963428969,5.365675043599108,5.4026798402337635,4504800
2014-08-22,5.45726203918457,5.506293097614372,5.448010663034852,5.4637378260374145,9979200
2014-08-25,5.485940933227539,5.517394909254234,5.472989358317244,5.500742783539869,7740800
2014-08-26,5.498891353607178,5.5136932008117565,5.467437384184464,5.505367139702689,5948000
2014-08-27,5.509993553161621,5.538671936471958,5.501667491222253,5.521094851446142,8616000
2014-08-28,5.482239246368408,5.488715385385489,5.432283232481379,5.47113794916061,6011200
2014-08-29,5.50444221496582,5.508142765017349,5.476688795387104,5.498891389888526,4992800
2014-09-02,5.499816417694092,5.520168736110804,5.485014571162002,5.500741378706909,5344800
2014-09-03,5.663563251495361,5.683915574253201,5.5941795149072435,5.656162150198741,16922400
2014-09-04,5.65338659286499,5.682990290563754,5.644135216769181,5.670963678091158,10976800
2014-09-05,5.699641227722168,5.702416463521031,5.652460101718459,5.662636436852743,8839200
2014-09-08,5.712592601776123,5.750522352303341,5.694090206979078,5.742196292289862,10463200
2014-09-09,5.577526569366455,5.67651399077084,5.562724721854694,5.670963165614974,16181600
2014-09-10,5.592328071594238,5.6052796432543825,5.546072256862944,5.548847492817586,10095200
2014-09-11,5.560873985290527,5.586777128060367,5.5405213143120235,5.583076578263575,7954400
2014-09-12,5.516468524932861,5.567349850199245,5.495190892654333,5.550697728780595,9525600
2014-09-15,5.46281099319458,5.526644235716952,5.459110443763523,5.504441292034428,7170400
2014-09-16,5.524795055389404,5.546997650566148,5.474838686885899,5.486865298467237,12452800
2014-09-17,5.478538990020752,5.66263694108442,5.449860256898047,5.65153564399661,29980000
2014-09-18,5.500741481781006,5.560874182952822,5.4683625521677905,5.5506978471018495,27912000
2014-09-19,5.50629186630249,5.559023463400389,5.497040492221556,5.547922167407104,18280800
2014-09-22,5.448935508728027,5.5044423492394765,5.435058622148222,5.492415737730571,13998400
2014-09-23,5.446159839630127,5.461887001049697,5.407305122423919,5.423031930939609,10791200
2014-09-24,5.519242763519287,5.521093038109658,5.446158505266695,5.449859054447437,9965600
2014-09-25,5.456335544586182,5.534970636777696,5.447084523341928,5.4979658459930025,17225600
2014-09-26,5.558099746704102,5.567350769952173,5.499817312110289,5.517394397443191,11916000
2014-09-29,5.598803997039795,5.608980332999061,5.551622867211173,5.557173692162737,12071200
2014-09-30,5.596029281616211,5.616381602524257,5.566425232024332,5.581227433272222,11716800
2014-10-01,5.567348957061768,5.7014908679017955,5.561798133178085,5.691314533900278,21757600
2014-10-02,5.515542984008789,5.556248324869624,5.495190666482214,5.546071989654416,11476800
2014-10-03,5.556249141693115,5.571975950862185,5.53034564290892,5.546072804981884,10890400
2014-10-06,5.642285346984863,5.655236920735666,5.574751536020395,5.590478699077739,8992000
2014-10-07,5.573825836181641,5.777351497461164,5.559023989156069,5.721844306437365,32560800
2014-10-08,5.584928035736084,5.59787960986342,5.464662965105772,5.464662965105772,18364800
2014-10-09,5.4961161613464355,5.5617993367838,5.468362741729622,5.5386714282858085,19873600
2014-10-10,5.811581134796143,5.880039902946208,5.721844732020707,5.772726415803003,46504000
2014-10-13,5.906867980957031,6.031758551852797,5.897616958262491,5.924445418142111,26402400
2014-10-14,6.011471748352051,6.105633552442312,5.892137085960385,5.892137085960385,22148000
2014-10-15,5.9816389083862305,6.05995179010129,5.90518995861063,5.952737116172535,26490400
2014-10-16,5.864168167114258,5.895866386879795,5.740172074734742,5.811959229957996,17798400
2014-10-17,5.7830586433410645,5.93036226135476,5.757886492580079,5.875356529464681,26712800
2014-10-20,5.802636623382568,5.822214842302499,5.732714108116272,5.739240181089582,17532800
2014-10-21,5.8138251304626465,5.832471208883243,5.74297010359325,5.792382264754488,17991200
2014-10-22,5.754157543182373,5.826876852495326,5.7429696835616575,5.783058624758373,6953600
2014-10-23,5.732714653015137,5.822215395708477,5.730850009753484,5.797043245142661,9201600
2014-10-24,5.797041416168213,5.84272391691065,5.729915702504293,5.752291058940342,11439200
2014-10-27,5.775599479675293,5.821281987700738,5.732713758283651,5.777464122645923,14193600
2014-10-28,5.8483195304870605,5.852980960691819,5.790517013530538,5.7989077301568335,13288000
2014-10-29,5.966721534729004,5.980706180583752,5.902392946214661,5.9107836625986465,11031200
2014-10-30,6.0823259353637695,6.100039865697748,5.974179488617505,5.9862991344157965,11364000
2014-10-31,6.233358860015869,6.238020645281455,6.153180990210046,6.1746242066277475,13800800
2014-11-03,6.246411323547363,6.270651327844326,6.211915960174324,6.218442033105591,8119200
2014-11-04,6.249208450317383,6.274380955342191,6.219374870824433,6.248275950908298,5898400
2014-11-05,6.292093753814697,6.351760908793434,6.2333590981824205,6.3116719723587895,8804800
2014-11-06,6.300486087799072,6.3275228839550826,6.275313579420939,6.291163226332212,5703200
2014-11-07,6.339641094207764,6.364812885585439,6.3042139441569605,6.3042139441569605,10475200
2014-11-10,6.317266464233398,6.362016476290091,6.301416819978394,6.326589324137824,7221600
2014-11-11,6.264124870300293,6.326588808991262,6.250140225938054,6.306078092098452,7135200
2014-11-12,6.260395526885986,6.306078034180409,6.244546595355673,6.255733741711869,10301600
2014-11-13,6.335912704467773,6.364813785931986,6.312605197147945,6.341506278612156,5960800
2014-11-14,6.324723243713379,6.3303175277301795,6.285566812038252,6.324723243713379,5544800
2014-11-17,6.338708877563477,6.422616038045229,6.334047803324195,6.339641376926775,7201600
2014-11-18,6.277177810668945,6.387189269614364,6.233359584716897,6.352693903988812,12603200
2014-11-19,6.2669219970703125,6.29582307537602,6.245478779712513,6.287432715076401,12568800
2014-11-20,6.176488399505615,6.353625567560468,6.134535177911188,6.322859492370659,24224000
2014-11-21,6.325655937194824,6.331250221383428,6.240816999293272,6.264124501428322,7828000
2014-11-24,6.4944024085998535,6.522370982977416,6.374135618297432,6.396510620057179,15858400
2014-11-25,6.418887138366699,6.45804357851962,6.38812105912284,6.428209998695206,10488000
2014-11-26,6.51398229598999,6.522372657070263,6.446856562193154,6.447789061631627,8368000
2014-11-28,6.511185646057129,6.549410303839779,6.460842050438587,6.49906599693248,6607200
2014-12-01,6.511185646057129,6.559665665133234,6.485081348687883,6.498133497372506,8661600
2014-12-02,6.443126678466797,6.455246324888841,6.358287019646693,6.406767027912066,7289600
2014-12-03,6.501861095428467,6.505590381410906,6.385323575809359,6.443126441604322,6812000
2014-12-04,6.376934051513672,6.4188872795591,6.3573558310065605,6.403038345523153,8306400
2014-12-05,6.277177810668945,6.319131037782505,6.244547443881883,6.308875678036764,10832000
2014-12-08,6.024523735046387,6.071138741847552,5.964856227599703,6.018929450554029,23078800
2014-12-09,5.998418807983398,6.05062809992299,5.920105937006858,5.98909594876551,16233200
2014-12-10,5.8548455238342285,6.000284491486287,5.85298088064896,5.979773772092654,10096000
2014-12-11,5.901459693908691,5.93688719808173,5.754156459747989,5.7746668205687826,16550800
2014-12-12,5.830605983734131,5.914512794788555,5.8268766972932236,5.843658130632975,13734800
2014-12-15,5.757885456085205,5.817552963246798,5.722458307149471,5.776531529845435,14128000
2014-12-16,5.780261516571045,5.85111617867777,5.670250059255728,5.688896135276757,18684800
2014-12-17,5.845522880554199,5.85484574118231,5.729917488286203,5.757886425814873,19172800
2014-12-18,6.06927490234375,6.07859776322672,5.918242351044682,5.918242351044682,18774800
2014-12-19,5.990961074829102,6.082326092912024,5.985366790148508,6.067409660103795,14258800
2014-12-22,5.985367298126221,6.00214873101508,5.929429425592906,5.95553407433353,9712800
2014-12-23,5.976043224334717,5.983501795501481,5.903323933680001,5.905188576471692,8671600
2014-12-24,5.91824197769165,5.979773780312813,5.862304104633982,5.862304104633982,4644000
2014-12-26,5.929428577423096,6.004012870991099,5.929428577423096,6.004012870991099,2529600
2014-12-29,5.92756462097168,5.970450343215677,5.92569997796399,5.935022837358149,3344400
2014-12-30,5.867896556854248,5.987231208553388,5.854844412678776,5.968584780239493,5722800
2014-12-31,5.866032600402832,5.957398331610275,5.854845097749709,5.91451225275876,5498800
2015-01-02,5.948074817657471,6.01147161122625,5.903324453647991,6.009606612626041,13401600
2015-01-05,5.873490810394287,5.918241173891406,5.84365723472954,5.905189028993615,10076400
2015-01-06,5.832470417022705,5.91078365124132,5.739240393221702,5.85298078042079,13290800
2015-01-07,5.955533981323242,6.00214863727679,5.851116099280125,5.85484538556259,23202800
2015-01-08,5.987232208251953,6.026388647316386,5.968585776824631,5.97604434939556,14087200
2015-01-09,6.257598400115967,6.49626699325414,6.171826252079486,6.442193417843612,21250000
2015-01-12,6.25014066696167,6.358287120997682,6.22962994862158,6.3415056888365715,14019600
2015-01-13,6.313537120819092,6.358287132470391,6.2687863978791825,6.300484974813412,12560800
2015-01-14,6.31912899017334,6.341503989964413,6.279972562716856,6.330316845713085,8686000
2015-01-15,6.371338844299316,6.470163143264695,6.363880983724726,6.369474556977809,13886400
2015-01-16,6.4459228515625,6.449652137326997,6.345234269786681,6.395578560674591,9820400
2015-01-20,6.4515156745910645,6.503724957936278,6.399307102534298,6.460839243562727,6111200
2015-01-21,6.561528205871582,6.5708517764112955,6.494403192490188,6.546611773327461,10028800
2015-01-22,6.675268650054932,6.6789979358521885,6.570851492885877,6.617466498418787,12345200
2015-01-23,6.619331359863281,6.684592088754945,6.5820392099443605,6.6715399429766125,14085600
2015-01-26,6.654758930206299,6.678998935873567,6.610008916516035,6.610008916516035,8186800
2015-01-27,6.552204608917236,6.602548896751517,6.479485319141661,6.494402461294849,13230000
2015-01-28,6.552204608917236,6.6249238986928125,6.544746037840643,6.596955324088315,9804400
2015-01-29,6.4552459716796875,6.514913123750287,6.3694745294892705,6.514913123750287,10396800
2015-01-30,6.354557037353516,6.464567752715019,6.348962753768983,6.4421927522422076,9725600
2015-02-02,6.404901504516602,6.477621510957417,6.3489636398832,6.468297940778067,7320400
2015-02-03,6.436601161956787,6.4533825953009805,6.382527575482311,6.440330448398681,7856000
2015-02-04,6.485079288482666,6.570851438533016,6.458974999406332,6.499996431548303,8541600
2015-02-05,6.665947914123535,6.665947914123536,6.552207150593827,6.552207150593827,9281600
2015-02-06,6.669675350189209,6.731206790142902,6.628653916027704,6.654758206389183,9884000
2015-02-09,6.749854564666748,6.800198868089085,6.658488818910203,6.684593114472443,10849200
2015-02-10,6.803927898406982,6.826302906433129,6.721885016829977,6.803927898406982,8038800
2015-02-11,6.774094104766846,6.826302692286254,6.753583385016033,6.7834169652112175,6551600
2015-02-12,6.848677158355713,6.906480026604478,6.822572866659046,6.8729171626263055,10686000
2015-02-13,6.824437141418457,6.899021441517874,6.8001978484814565,6.876646436003489,5887600
2015-02-17,6.744259357452393,6.807655799993407,6.701373633275915,6.77222864818378,9932800
2015-02-18,6.805792331695557,6.818844479264206,6.792740184126907,6.816980191592411,8074000
2015-02-19,6.936314105987549,6.951230540340524,6.863594799206243,6.876646945998342,8166400
2015-02-20,6.884103775024414,6.891562346726561,6.794603048464288,6.820708049421803,6093600
2015-02-23,6.747989177703857,6.796469190636719,6.740531316035366,6.781552044722402,7310400
2015-02-24,6.852406978607178,6.859865551470041,6.764770525690171,6.770364810981648,6253200
2015-02-25,6.856136322021484,6.94004348920443,6.816979881098997,6.8990220494063985,9003600
2015-02-26,6.820708274841309,6.841218280767234,6.764769696515022,6.781551127755193,5613600
2015-02-27,6.844948768615723,6.880376635948135,6.794604466055474,6.844948768615723,9196800
2015-03-02,6.824437141418457,6.844947859510226,6.796468562347625,6.844947859510226,6452000
2015-03-03,6.876646041870117,6.9158024770981985,6.8635938967940895,6.874781043265793,9794400
2015-03-04,6.734935760498047,6.846812199890084,6.721883615928922,6.800197194632201,9094400
2015-03-05,6.617466926574707,6.729342662576734,6.593226922968454,6.712561231047571,15684800
2015-03-06,6.570852756500244,6.621196346223248,6.541019175673547,6.595092051910973,12893600
2015-03-09,6.4944024085998535,6.563392412277353,6.460839550315992,6.479485266567701,13367200
2015-03-10,6.468298435211182,6.48507986701282,6.4272777106983074,6.475757007409375,13158400
2015-03-11,6.457111835479736,6.520508281960403,6.414226108638205,6.457111835479736,7807200
2015-03-12,6.568986892700195,6.610008327669114,6.501861166855995,6.505590452879403,7992800
2015-03-13,6.565258026123047,6.582039458656242,6.5354244473183245,6.555935166113189,5885200
2015-03-16,6.734935760498047,6.74612361782381,6.626789318169797,6.667810039120531,7854400
2015-03-17,6.654758930206299,6.677134648340074,6.608143917693899,6.656623929028435,7090800
2015-03-18,6.749854564666748,6.768500286843003,6.600686653390589,6.600686653390589,8745200
2015-03-19,6.708832263946533,6.7778222807179445,6.688321545403747,6.697644405299027,8547200
2015-03-20,6.733071327209473,6.833759907091737,6.733071327209473,6.779686331456241,8358000
2015-03-23,6.710699081420898,6.742396955913277,6.643573333920791,6.658489771538143,7698000
2015-03-24,6.66035270690918,6.714425576716081,6.66035270690918,6.688321285508214,10542000
2015-03-25,6.5298309326171875,6.686457400580456,6.524237358818417,6.671540255398892,9961200
2015-03-26,6.516778469085693,6.563393478576595,6.410496304349527,6.483215605349157,21732000
2015-03-27,6.619331359863281,6.651029224956776,6.520507767173449,6.5801749225282835,14756400
2015-03-30,6.671539306640625,6.708831453002595,6.6435707303355445,6.669675019402365,7978800
2015-03-31,6.541018486022949,6.639842078725317,6.541018486022949,6.634248505187778,11417200
2015-04-01,6.458974838256836,6.5261005578003735,6.444058406851891,6.494402696509543,13315200
2015-04-02,6.458974838256836,6.4850791266818755,6.4496519797176814,6.460839836737775,5036400
2015-04-06,6.44219446182251,6.492538759712649,6.434735889256126,6.4757573270826025,7016400
2015-04-07,6.5391526222229,6.557798339073697,6.438464044136184,6.445922615391905,19201600
2015-04-08,6.671539306640625,6.684591451174035,6.604413585446784,6.636112158805444,7363600
2015-04-09,6.716291904449463,6.723750478067248,6.652895451275753,6.667811887222593,9372000
2015-04-10,6.770363807678223,6.77222809497334,6.71069665619473,6.742394519231594,6551200
2015-04-13,6.753581523895264,6.794602240803932,6.712560095698134,6.731205811448577,7345600
2015-04-14,6.734935760498047,6.787145050063077,6.731206474722792,6.75544647661768,6351600
2015-04-15,6.7405290603637695,6.74798691953654,6.623059065109387,6.665944778328638,9134000
2015-04-16,6.5839033126831055,6.626789030302783,6.55406973906557,6.596955456685246,10519600
2015-04-17,6.544746398925781,6.561527829129736,6.462704246422297,6.541017824470259,9557200
2015-04-20,6.436601161956787,6.460841168184769,6.391850435942716,6.429142589072998,19539600
2015-04-21,6.44219446182251,6.481350900863075,6.408631596562416,6.408631596562416,18726000
2015-04-22,6.444060325622559,6.473893908604151,6.3750695870555365,6.4030388822895965,20770800
2015-04-23,6.518642425537109,6.559663859418733,6.341505256207485,6.444058840911546,21999600
2015-04-24,5.931294918060303,6.1606410818331465,5.864169532537561,6.054358895414799,61965200
2015-04-27,5.8380632400512695,5.9443453966132145,5.776531446481497,5.884678245956984,25115600
2015-04-28,5.832470417022705,5.8865436458922415,5.778396832508851,5.832470417022705,21934000
2015-04-29,5.808230400085449,5.843657908639557,5.789584324233587,5.79517825368244,15037600
2015-04-30,5.776531219482422,5.793312649400565,5.756020859528003,5.774666576642155,14210800
2015-05-01,5.8156890869140625,5.828741233573439,5.778396934477856,5.785855507222826,6830800
2015-05-04,5.8809494972229,5.966720940026526,5.8809494972229,5.920105932682569,11470400
2015-05-05,5.821281909942627,5.845521912592746,5.798906905882507,5.810094407912567,9472000
2015-05-06,5.70940637588501,5.765344243614899,5.688895658416715,5.7560213842080135,11757200
2015-05-07,5.74669885635376,5.802637086417096,5.713135989444623,5.785855652962528,15061600
2015-05-08,5.821281909942627,5.826875838779795,5.778396189123834,5.804500479075399,10046800
2015-05-11,5.83620023727417,5.905190621886345,5.823148088855632,5.8902738300302495,11815200
2015-05-12,5.7205939292907715,5.759750365921844,5.705677140720226,5.711270714156498,14971200
2015-05-13,5.733646869659424,5.800772605354309,5.722459365591724,5.7541575901538256,7254800
2015-05-14,5.724323272705078,5.750427564054038,5.711270771386302,5.737375418379558,6582000
2015-05-15,5.793313503265381,5.804501006311627,5.718729556883223,5.75788599536724,12102400
2015-05-18,5.856709957122803,5.894002108203032,5.7933135136730005,5.826876378516344,10635200
2015-05-19,5.910783767700195,5.953669494138989,5.894002334633829,5.929429488312316,7671600
2015-05-20,5.9704508781433105,6.0040137440002415,5.95180480204009,5.976044452023252,9238400
2015-05-21,5.936888217926025,5.9741803714241755,5.927565357373654,5.9741803714241755,8226000
2015-05-22,5.935023784637451,5.953669862046129,5.918242350534075,5.953669862046129,7174400
2015-05-26,5.839929580688477,5.8567110161446,5.802637778509382,5.849252797966531,6782000
2015-05-27,5.828741073608398,5.838063933639431,5.776532132759405,5.8007721378709896,9391200
2015-05-28,5.8809494972229,5.888407713462907,5.838063420176805,5.84179270611895,6782800
2015-05-29,5.9424824714660645,5.946211402503613,5.901461029253862,5.923836393700913,12460400
2015-06-01,6.0058770179748535,6.03757559095188,5.9536684404697775,5.96112665626582,9960800
2015-06-02,5.9331583976745605,5.944345900459796,5.886543387817728,5.921970894889325,12408400
2015-06-03,5.985367298126221,6.050628742155623,5.921971208555813,5.944346215311411,11231200
2015-06-04,5.901459693908691,5.9629914876596155,5.8567093307847715,5.9350225551627,10394400
2015-06-05,5.931294918060303,5.949940996789431,5.87722168095464,5.87908632439199,6310800
2015-06-08,5.877220153808594,5.8958662276926965,5.866032296091564,5.879084796761432,5764800
2015-06-09,5.800771236419678,5.856709099201642,5.785854449301537,5.839927669238201,8981600
2015-06-10,5.914511680603027,5.931293110781465,5.8641677457119785,5.890272034592098,12770800
2015-06-11,5.912809371948242,5.95443542000663,5.867399039278388,5.890104025168694,9450000
2015-06-12,5.86929178237915,5.8749678489881205,5.787931459350623,5.801176095957261,10429600
2015-06-15,5.912809371948242,5.926054007199127,5.812527995079872,5.825772991220001,7482000
2015-06-16,6.02444314956665,6.037687784614846,5.893888219582993,5.893888219582993,8279600
2015-06-17,6.03957986831665,6.0414720105750765,5.95065134750607,5.95065134750607,8270000
2015-06-18,6.086881637573242,6.134184108695615,6.028227035319695,6.028227035319695,7822800
2015-06-19,6.035796165466309,6.084990786258522,6.028227956592498,6.0641775802993205,5787600
2015-06-22,6.154997825622559,6.190948168616814,6.102019284509115,6.126616773645424,6966800
2015-06-23,6.096343517303467,6.149322061013843,6.09066672920698,6.115264219549022,8711600
2015-06-24,5.96389627456665,6.088774782626003,5.956327705162204,6.04714837268005,12708400
2015-06-25,6.103911399841309,6.160674950457782,6.013091090234156,6.016875014171225,9659400
2015-06-26,6.119048595428467,6.172027139927364,6.096343608040159,6.153106437400196,9585400
2015-06-29,6.001737594604492,6.047147925001629,5.982816894272605,6.020658655825605,5429200
2015-06-30,5.997953414916992,6.0433637433747895,5.9260534575252395,6.032010890593432,6579600
2015-07-01,6.020658016204834,6.062284418646835,5.960110915441036,6.047147282566699,7260400
2015-07-02,6.03957986831665,6.043364152833502,5.960111697908962,6.0357955837998,4183000
2015-07-06,6.00930643081665,6.028227492879606,5.967680382989542,6.001737861635771,10254800
2015-07-07,6.001737594604492,6.013090447870696,5.899564441433243,5.990385102227515,5044600
2015-07-08,5.846585273742676,5.89199560205477,5.827664213390333,5.873074902591638,8665200
2015-07-09,5.831448554992676,5.9147010048282675,5.797390718201333,5.827664270707146,6421200
2015-07-10,5.857937812805176,5.876858873309995,5.808743560737543,5.831448544631956,6001400
2015-07-13,5.880642890930176,5.910916442009443,5.835232564311275,5.857937547176127,4954600
2015-07-14,5.895780086517334,5.952542908612754,5.869290817658034,5.9298379241302746,6055200
2015-07-15,5.971463203430176,5.994168545888634,5.910916104726521,5.922268595511162,5095200
2015-07-16,6.028228282928467,6.084991115667326,6.00930721838575,6.035796492211979,5777200
2015-07-17,5.994169235229492,6.069853478202068,5.9676799667226215,6.05471634089618,8292400
2015-07-20,5.967679500579834,6.035794808689678,5.94497415728376,5.997953051048474,8805800
2015-07-21,6.455841064453125,6.773713728520306,6.444488933308287,6.671540217546191,34685200
2015-07-22,6.5315260887146,6.614778188113166,6.470978976101366,6.474763260862007,10838600
2015-07-23,6.554230690002441,6.603425667218786,6.5088207191026335,6.5088207191026335,8963600
2015-07-24,6.520172595977783,6.565583286880354,6.474762626853657,6.50503618019589,9637600
2015-07-27,6.334746837615967,6.39529394282929,6.270415448104507,6.349883974808511,8278000
2015-07-28,6.406647205352783,6.410431489892879,6.304473688105605,6.387725782652302,7298800
2015-07-29,6.433136463165283,6.474762871248994,6.410431477746202,6.4407050322311346,6515400
2015-07-30,6.414216041564941,6.4369210279726365,6.330963221772552,6.395294618076441,6356000
2015-07-31,6.399078845977783,6.474763095703021,6.387725991985448,6.417999547519844,8677400
2015-08-03,6.417999267578125,6.482330660505006,6.380157866144578,6.4331364055743165,6708600
2015-08-04,6.410431861877441,6.421783994377997,6.3158269082207195,6.353669034039111,5603000
2015-08-05,6.580718517303467,6.641265613081823,6.527739988941985,6.527739988941985,8204200
2015-08-06,6.5504469871521,6.60342625361113,6.489899872723382,6.565584126648547,6208400
2015-08-07,6.633700847625732,6.637485133091301,6.550448010940516,6.550448010940516,6726600
2015-08-10,6.694246292114258,6.701814139368179,6.5845042064799975,6.5845042064799975,6946800
2015-08-11,6.607210159301758,6.709383690865041,6.580720885587998,6.667757998648521,4849000
2015-08-12,6.754794597625732,6.766146731407212,6.648836777734143,6.713168182350715,7680800
2015-08-13,6.8229079246521,6.8910228690885225,6.724518709206135,6.724518709206135,8374200
2015-08-14,6.800203323364258,6.849398299948433,6.7888511916744205,6.822909030300861,4673200
2015-08-17,6.773714542388916,6.807772383472371,6.747225270830343,6.773714542388916,4472400
2015-08-18,6.811556339263916,6.887240587300464,6.7623620832850975,6.822909193002943,6612000
2015-08-19,6.872104644775391,6.898593919663955,6.811557524521929,6.898593919663955,6875200
2015-08-20,6.5504469871521,6.743441185060587,6.550446987152099,6.732089052216788,10429800
2015-08-21,6.452057838439941,6.637484191042258,6.452057838439941,6.592073493679159,9104600
2015-08-24,6.259064197540283,6.308258456780055,6.016875020836359,6.073637849737183,21571400
2015-08-25,6.243927001953125,6.429352626306795,6.243927001953125,6.365021228324622,9722400
2015-08-26,6.414216041564941,6.421783889181837,6.240142554363268,6.296905381271758,16751000
2015-08-27,6.5353102684021,6.5353102684021,6.421783892743649,6.433136746843045,9708000
2015-08-28,6.626130104064941,6.648835087635009,6.497467327537201,6.561798715801071,6263600
2015-08-31,6.4899001121521,6.554231513828276,6.478547978889492,6.4899001121521,9062800
2015-09-01,6.376374244689941,6.44448992919885,6.346100687328042,6.414216371836951,7883600
2015-09-02,6.6034255027771,6.614777634330118,6.421783458365786,6.501251988129196,9236800
2015-09-03,6.641267776489258,6.68289418906364,6.558015673119043,6.558015673119043,7451600
2015-09-04,6.4028639793396,6.478548239096764,6.338532575079588,6.395295409008164,8195000
2015-09-08,6.5996413230896,6.610993454822811,6.421783560298969,6.429352129306754,9880000
2015-09-09,6.5353102684021,6.698030901600926,6.527741699002502,6.694246616901127,10543000
2015-09-10,6.660188674926758,6.679109376359028,6.505036613490962,6.539094453491843,11301000
2015-09-11,6.694246292114258,6.698030576630453,6.5996413445447795,6.626130614379678,8787800
2015-09-14,6.690462589263916,6.7131675765565815,6.6412676080548545,6.698031158954316,9604600
2015-09-15,6.720735549926758,6.728304118945609,6.679109142101541,6.701814127379628,8642000
2015-09-16,6.762361526489258,6.7737136575150965,6.70938226851446,6.751008673684996,5621200
2015-09-17,6.716952800750732,6.811557769775391,6.694247810282832,6.735873505844211,5153600
2015-09-18,6.592072486877441,6.7131666989796885,6.558014649501379,6.7131666989796885,7047200
2015-09-21,6.758578777313232,6.7850680514279915,6.6450523888203685,6.694247373700852,6526000
2015-09-22,6.716952800750732,6.777499923184223,6.6639742490660865,6.686679239533987,7105000
2015-09-23,6.679110527038574,6.788852635231934,6.675326241744464,6.7774997793496015,5936400
2015-09-24,6.690462589263916,6.762362557765643,6.645051892900055,6.743441133539645,7678600
2015-09-25,6.739656925201416,6.766146197639981,6.675325525659814,6.728304792315483,6099600
2015-09-28,6.751010894775391,6.766147315049216,6.679110913583403,6.732090188988443,7896600
2015-09-29,6.830477714538574,6.856967709210814,6.728304907917006,6.747225610904338,7779000
2015-09-30,7.224033832550049,7.250523102305753,6.928866137175485,6.944003275195012,20944800
2015-10-01,7.148349285125732,7.212680675443991,7.046176494908387,7.20132854418564,10015400
2015-10-02,7.148349285125732,7.152133569471328,6.955355114170956,7.091586463498666,10204600
2015-10-05,7.356482028961182,7.36404987735068,7.1937613792404385,7.208897797798012,7771200
2015-10-06,7.189975261688232,7.2429537958052705,7.171054562868831,7.2240330969858695,10564800
2015-10-07,7.193760871887207,7.193760871887207,7.125645188735664,7.148350175860003,7656200
2015-10-08,7.250522136688232,7.250522136688232,7.136996503774887,7.136996503774887,11381600
2015-10-09,7.246739864349365,7.341344825298518,7.193761317186984,7.341344825298518,16092800
2015-10-12,6.766145706176758,7.201329053584067,6.679109325406691,7.0688819792330815,26413800
2015-10-13,6.633700847625732,6.728305818929004,6.523958734460185,6.728305818929004,16401000
2015-10-14,6.584505081176758,6.735872873040182,6.5542315228040735,6.694247181389344,12252000
2015-10-15,6.662777423858643,6.6665949933758535,6.590231222512406,6.643685934943402,8776600
2015-10-16,6.8880534172058105,6.89950758482007,6.6398691043288895,6.681869660957168,12455000
2015-10-19,6.842233657836914,6.899506673138306,6.804051404880685,6.872779314548716,7743400
2015-10-20,6.891870498657227,6.933871052305985,6.846052374918531,6.91478028879252,15409200
2015-10-21,6.739142894744873,6.918599294488786,6.716233830533359,6.914780995742531,8723400
2015-10-22,6.933872222900391,6.941508820901385,6.762052409208349,6.784962203211333,5201800
2015-10-23,7.109509468078613,7.124781933950962,6.96823533536299,7.021690058315182,8549200
2015-10-26,7.063690662384033,7.113327087142131,7.044599897846147,7.059872363823259,4395600
2015-10-27,7.063690662384033,7.109509516847342,6.998781043382838,7.063690662384033,4442400
2015-10-28,7.10187292098999,7.14769104719547,7.0025993431901385,7.056054066518526,6827200
2015-10-29,6.983508586883545,7.052235776272804,6.937689732358052,7.014054247145211,5235000
2015-10-30,6.933872222900391,6.94914541890238,6.884235792426061,6.945327119901883,3857000
2015-11-02,6.972053527832031,7.006417485854514,6.838415994218594,6.903325611787065,4984200
2015-11-03,7.006417274475098,7.105690847071028,6.857506551448229,6.94532595722621,5878200
2015-11-04,6.930052757263184,7.006417267885445,6.926234458905476,7.002598969527737,3853000
2015-11-05,6.9071431159973145,6.9415070700682175,6.8956882218850515,6.899506519922473,8524200
2015-11-06,6.834597110748291,6.9376889759917955,6.784960691334329,6.910961617209977,6847200
2015-11-09,6.742959499359131,6.834596461447915,6.643685941696488,6.800232509631392,8349800
2015-11-10,6.66659688949585,6.678051786103006,6.605505564123103,6.66659688949585,4968200
2015-11-11,6.67041540145874,6.697143494395964,6.628415569089523,6.678051999440804,4435200
2015-11-12,6.628414630889893,6.704778415103641,6.616959735538146,6.636050499525092,4014000
2015-11-13,6.498595237731934,6.60168710857898,6.460412982425701,6.58259561679289,9543400
2015-11-16,6.4565958976745605,6.502414758307515,6.345868137566218,6.498596459232596,15365200
2015-11-17,6.1511383056640625,6.26950264566715,6.055682664178207,6.227502090586776,16822400
2015-11-18,6.1511383056640625,6.174047368314279,6.00222794190571,6.101501153611626,12851400
2015-11-19,6.219865798950195,6.273320517587946,6.132046396274848,6.216047500723795,7275200
2015-11-20,6.189319610595703,6.284774884503219,6.13968318860081,6.269502419376308,5003800
2015-11-23,6.2007737159729,6.238955966326593,6.185501252790934,6.204592013834855,3599000
2015-11-24,6.2007737159729,6.212228609558764,6.059499972276919,6.143500704575287,5348200
2015-11-25,6.174046516418457,6.208410469785225,6.124410099480832,6.208410469785225,4569000
2015-11-27,6.288593769073486,6.37259488403288,6.2198665771967265,6.23132074504318,6708400
2015-11-30,6.3687744140625,6.490957017876476,6.280955758604425,6.353501224452871,14280800
2015-12-01,6.322956562042236,6.40313936349719,6.265683548583485,6.376412005767498,6067200
2015-12-02,6.208411693572998,6.280957912565859,6.193138498725653,6.26950301643035,6377600
2015-12-03,6.158774375915527,6.22368399577028,6.135865312515613,6.2160481268143055,4031000
2015-12-04,6.250412464141846,6.273321528927556,6.154957177891009,6.158774748466929,3501200
2015-12-07,6.22750186920166,6.269502422788932,6.174047148829457,6.1855020438803345,4059400
2015-12-08,6.078591823577881,6.174047096731889,6.059500696120486,6.174047096731889,10154400
2015-12-09,6.1549553871154785,6.208410098818242,6.0633180622353295,6.0671363599663595,7865000
2015-12-10,6.273320198059082,6.280956794122915,6.216047184112108,6.242774542069637,9517200
2015-12-11,6.196956634521484,6.235138892370033,6.139683611881658,6.204593231744393,6513800
2015-12-14,6.307684898376465,6.357321322132359,6.2275020867511355,6.277139238773,10607000
2015-12-15,6.410776615142822,6.468049634459034,6.395503421583324,6.395503421583324,7203200
2015-12-16,6.460412979125977,6.513867699567832,6.403139960328852,6.513867699567832,5703000
2015-12-17,6.34968376159668,6.498594466799012,6.307683941181644,6.490957870990511,12099200
2015-12-18,6.242775917053223,6.372595165667779,6.2351393193074145,6.296230644741788,7591000
2015-12-21,6.322956562042236,6.426048423227514,6.280956740580954,6.391684469499088,8547800
2015-12-22,6.410776615142822,6.418412483656619,6.322957208707614,6.326775507097488,6223200
2015-12-23,6.437502384185791,6.456593143149768,6.387865245654212,6.456593143149768,4101400
2015-12-24,6.433686256408691,6.4604136192779915,6.414594762740608,6.437504555142309,1068400
2015-12-28,6.429867744445801,6.487140767018712,6.395503785248856,6.433686043052794,3297400
2015-12-29,6.471867561340332,6.510049086515415,6.45277607048688,6.456594368657571,3829600
2015-12-30,6.422230243682861,6.445139303835732,6.395502885460197,6.410776077739372,3210000
2015-12-31,6.39550256729126,6.468048770476465,6.384047673651747,6.468048770476465,2945400
2016-01-04,6.2007737159729,6.284774084138343,6.196955418110946,6.284774084138343,8218400
2016-01-05,6.185502052307129,6.261865834619176,6.162592262174164,6.22368357933018,7265800
2016-01-06,6.135864734649658,6.223683409633702,6.1091373751559,6.143501331152426,7042000
2016-01-07,6.132047653198242,6.216048774865415,6.017501595990734,6.036592726902997,7850400
2016-01-08,6.174046516418457,6.246592721111174,6.151137456929235,6.166409920500093,8147400
2016-01-11,6.204592227935791,6.258046943316003,6.16640997626455,6.177864870245685,9768000
2016-01-12,6.326776027679443,6.384049051708215,6.189320187397583,6.189320187397583,11860800
2016-01-13,6.2847747802734375,6.483321921492095,6.277138911969591,6.3955032457374354,16731800
2016-01-14,6.815507411956787,6.899507799561793,6.620778545527619,6.792598347749244,23494600
2016-01-15,6.613141059875488,6.720051225595761,6.536777280017513,6.616959358108276,12403400
2016-01-19,6.6742329597473145,6.700960321452284,6.597869173199685,6.658960493744183,12712200
2016-01-20,6.651323318481445,6.693323870804876,6.506231626866024,6.559686345629717,15478000
2016-01-21,6.823140621185303,6.876595320546826,6.624593554605843,6.689503144515833,13172600
2016-01-22,6.834597110748291,6.872779363979134,6.792597287633679,6.804051453816798,6572400
2016-01-25,6.800232887268066,6.846051734989831,6.75823306581115,6.8155060792639475,7379000
2016-01-26,6.6895060539245605,6.853689248531049,6.6742328598839675,6.8193252902056924,10147800
2016-01-27,6.651323318481445,6.773505948950417,6.6284142573349945,6.693323870804876,12695600
2016-01-28,6.605503559112549,6.6971412476223415,6.586412798828071,6.658958998787565,5453400
2016-01-29,6.83841609954834,6.876598356635426,6.754415716569536,6.777324779515395,9599600
2016-02-01,6.784960746765137,6.826960570222872,6.73914189686062,6.826960570222872,7780000
2016-02-02,6.70477819442749,6.834597424410648,6.674232536094156,6.762051212769251,6740800
2016-02-03,6.739142894744873,6.78496175143392,6.624596845421285,6.758234388476151,7823800
2016-02-04,6.811689376831055,6.830780143031838,6.746779752175925,6.807871077937688,6331800
2016-02-05,6.624595642089844,6.7811422209201595,6.609322449879135,6.765869028709451,7734400
2016-02-08,6.319138526916504,6.529140556022428,6.208410793392139,6.490958302706268,20492000
2016-02-09,6.238956451416016,6.296229467266703,6.162591944771161,6.235138153257182,16329200
2016-02-10,6.242775917053223,6.391685931766253,6.2351393193074145,6.292412345868884,8980000
2016-02-11,6.189319610595703,6.208411102336773,6.074773573213061,6.112955828429257,14613000
2016-02-12,6.147319316864014,6.284774405595749,6.093864236461276,6.254228749403598,8943200
2016-02-16,6.189319610595703,6.219865997381415,6.112955828429257,6.135864890252596,21192800
2016-02-17,6.292411804199219,6.311503296920286,6.204593122480256,6.265684442655707,31074000
2016-02-18,6.265683174133301,6.395502385290007,6.258046578590945,6.387865789747651,14067600
2016-02-19,6.258047103881836,6.296229356532739,6.200774089038429,6.277138594340235,10928800
2016-02-22,6.4489569664001465,6.494775810456611,6.368774899633608,6.387865659835406,12336800
2016-02-23,6.357320308685303,6.441321405403345,6.345866143326191,6.391684261294347,8722000
2016-02-24,6.429867744445801,6.437504341659787,6.300048504872008,6.326775866854966,8416200
2016-02-25,6.441321849822998,6.4565943141108235,6.338229984883033,6.342048283021466,8242400
2016-02-26,6.4489569664001465,6.475684321988992,6.357320006553036,6.464230157174241,7740600
2016-02-29,6.422230243682861,6.4680490922544935,6.296229320443236,6.30004761851303,10953400
2016-03-01,6.651323318481445,6.678050677863292,6.536777284483266,6.571140512069982,7435000
2016-03-02,6.75059700012207,6.796415123177306,6.666595894077579,6.689505683871133,11716600
2016-03-03,6.9415082931518555,6.95678075972664,6.765870193812743,6.765870193812743,10881200
2016-03-04,7.040780067443848,7.0522342323681375,6.918597453145913,6.9338699158002415,7460800
2016-03-07,7.029327392578125,7.059873055792249,6.960599468279831,6.968236066149876,4061000
2016-03-08,6.842233657836914,6.895688375016093,6.811688001125111,6.888052507037568,6650000
2016-03-09,6.811689376831055,6.987326756329612,6.765870518376707,6.987326756329612,9602800
2016-03-10,6.784960746765137,6.868961121946521,6.73914189686062,6.7620509576799215,11909600
2016-03-11,6.857506275177002,6.861324573384472,6.765869302995488,6.811688153219204,6184000
2016-03-14,6.880414962768555,6.918597210463806,6.815505360166368,6.819323657762473,6626400
2016-03-15,6.777324199676514,6.819324751705518,6.765869305050625,6.804051558871,5627600
2016-03-16,6.9415082931518555,6.945326591862055,6.746779428527759,6.842234711484708,5265000
2016-03-17,6.998779296875,7.002597594482939,6.88805157930799,6.949142884503403,5156400
2016-03-18,7.07132625579834,7.10569020970169,7.006416646010444,7.094235315645279,5216600
2016-03-21,7.132419586181641,7.166783549810663,7.052236761625223,7.078964855321421,6264400
2016-03-22,7.067508697509766,7.11714512041771,7.002599080928018,7.0560538022544135,6650000
2016-03-23,7.124780654907227,7.140053846303705,7.017870499929421,7.140053846303705,8980000
2016-03-24,7.182053565979004,7.189690161570773,7.0980531992670635,7.101871497062948,6000200
2016-03-28,7.159143924713135,7.1782346838727245,7.10568921645366,7.1629622221982086,4956400
2016-03-29,7.136237621307373,7.201147247064917,7.117146126516295,7.140055920265588,8516600
2016-03-30,7.315690994262695,7.37678230178451,7.1667810232115015,7.174417618718186,10802800
2016-03-31,7.262237071990967,7.357692341407465,7.254600475653829,7.357692341407465,6505400
2016-04-01,7.3500566482543945,7.380602309090525,7.1706009818753715,7.201146642711503,6791800
2016-04-04,7.3500566482543945,7.441693630762789,7.342420050978861,7.441693630762789,4038200
2016-04-05,7.182053565979004,7.254599767569131,7.136235448960069,7.254599767569131,6205400
2016-04-06,7.178236484527588,7.185873081413369,7.086599506696091,7.128600061301929,7426200
2016-04-07,6.914780616760254,7.067508916909712,6.895689124075334,7.059872319835743,10447200
2016-04-08,6.891870498657227,6.9491442457295145,6.819325014693301,6.94150764901775,8956800
2016-04-11,6.937689304351807,7.0216896828226645,6.930052707691018,6.972053261059417,4767600
2016-04-12,6.9491448402404785,6.987326370533903,6.903325984315957,6.96823560538719,6593200
2016-04-13,7.006417274475098,7.033144634738243,6.872779744893425,6.960598422405458,12878200
2016-04-14,7.04459810256958,7.071325457417698,6.968233607347127,7.04459810256958,11473400
2016-04-15,7.6364216804504395,7.815877327765293,7.4646019013339355,7.510420751853644,29496800
2016-04-18,7.365329265594482,7.487511899363719,7.3653292655944815,7.46460210933253,10071600
2016-04-19,7.388237953186035,7.483693222017209,7.38441965504088,7.407328715645908,8430600
2016-04-20,7.3844218254089355,7.445513157155072,7.34623956100107,7.414967491282004,8359800
2016-04-21,7.231690883636475,7.323327848152348,7.2011452287978495,7.315691252376228,5887400
2016-04-22,7.2851457595825195,7.304236521181603,7.2011453889743295,7.216417852600422,6076800
2016-04-25,7.2851457595825195,7.315691415100577,7.220236150573413,7.262236700010445,3087800
2016-04-26,7.342419147491455,7.3958745935764725,7.2889644296723475,7.342419147491454,7032400
2016-04-27,7.3386006355285645,7.40732854401712,7.308054979340972,7.353873827755305,6823800
2016-04-28,7.212599754333496,7.296600855533423,7.178235799890961,7.227872946648353,5100200
2016-04-29,7.178236484527588,7.201146275184934,7.090417805138982,7.189691379856261,5242600
2016-05-02,7.17441987991333,7.227874608776035,7.132419319654884,7.132419319654884,3737400
2016-05-03,7.067508697509766,7.109509251846767,7.036963038428118,7.063690399091315,4569800
2016-05-04,7.040780067443848,7.090416481402698,6.964415569374725,7.0522342323681375,7404800
2016-05-05,7.025508403778076,7.067508959673051,7.006417639243624,7.059872362552877,4962000
2016-05-06,7.025508403778076,7.056054063992789,6.987326146443187,6.987326146443187,5614800
2016-05-09,7.136237621307373,7.162964985748822,7.082782164158415,7.082782164158415,4948400
2016-05-10,7.250781059265137,7.2927816043761355,7.174417292468354,7.182053159361973,6629000
2016-05-11,7.124780654907227,7.208781022790313,7.109508191776597,7.208781022790313,3433400
2016-05-12,7.1476922035217285,7.182056167868101,7.105692369083131,7.178237868688937,2700400
2016-05-13,7.082779407501221,7.170598792828265,7.0713252433506595,7.120961653956574,2831000
2016-05-16,7.201146125793457,7.246964249625704,7.143872378604228,7.174418765513655,4500200
2016-05-17,7.033145427703857,7.189692036837528,7.029327128912057,7.185873738045727,4406400
2016-05-18,7.117142677307129,7.159143217226551,7.029324028626253,7.071324568545675,4332200
2016-05-19,7.052236557006836,7.09041881862747,6.987326930731578,7.036964089318223,3599800
2016-05-20,7.048416614532471,7.11714452377105,7.025507554208243,7.07514470122095,2829800
2016-05-23,7.021688938140869,7.040780427768103,6.941506866504077,7.010234772630392,4444800
2016-05-24,7.0980544090271,7.109509304367074,6.994962535765228,6.998780834211886,5255800
2016-05-25,7.182053565979004,7.21259922008024,7.113325662184762,7.159144507469536,5009200
2016-05-26,7.323328018188477,7.411146686855301,7.319509720211761,7.346237077782893,6529400
2016-05-27,7.441691875457764,7.441691875457763,7.342418319089932,7.353873212301314,3768800
2016-05-31,7.422605037689209,7.456969007217982,7.384422768405439,7.414968438179213,5812800
2016-06-01,7.464601516723633,7.476056410829832,7.388237740813292,7.395874336884091,3261000
2016-06-02,7.510419845581055,7.514238143352441,7.4302370489135985,7.445510239999146,3567000
2016-06-03,7.487512588500977,7.502785054994811,7.4569669272473,7.491330887190937,3568200
2016-06-06,7.525693416595459,7.544784908263708,7.472238696456246,7.502784354859502,4481000
2016-06-07,7.54229211807251,7.569311469239513,7.499832716968876,7.5384321055883525,5315800
2016-06-08,7.4496541023254395,7.542292939591397,7.445794825643025,7.47281417975302,7690000
2016-06-09,7.0366411209106445,7.167878592928834,6.897684360590608,7.140859243317217,19110600
2016-06-10,6.978742599487305,7.082960724732195,6.905403836956965,7.036641312549328,11015600
2016-06-13,6.92084264755249,7.001900684085027,6.893823302041644,7.001900684085027,7943400
2016-06-14,6.971022605895996,7.005761981132824,6.9054038678066645,6.920843917343959,6870800
2016-06-15,6.990322589874268,7.048221302549371,6.967162515826566,7.044361290208088,4975000
2016-06-16,7.040499687194824,7.059799744540748,6.928562299476104,6.940141597661749,4119800
2016-06-17,7.0520806312561035,7.0713799548695535,6.9903219122266576,7.0289205594535575,7110600
2016-06-20,7.187178611755371,7.233497286180908,7.1447192133469155,7.1447192133469155,5271400
2016-06-21,7.15629768371582,7.20261634800327,7.121558317389285,7.179457015859545,4102000
2016-06-22,7.1717376708984375,7.206477040508318,7.109978955196864,7.129278277770369,5165000
2016-06-23,7.326135158538818,7.32999517066588,7.245077112536631,7.272096461204026,10521200
2016-06-24,6.978742599487305,7.0675206752638795,6.971022574753146,7.044361337283486,6364400
2016-06-27,6.6892476081848145,6.870663753398086,6.681527584246717,6.8668044776510415,13317200
2016-06-28,6.774166584014893,6.816625985226217,6.700828555296193,6.797326658978582,15700600
2016-06-29,6.862944602966309,6.916983299169959,6.835924518642465,6.87452390288308,7680600
2016-06-30,6.889965057373047,6.947863774919616,6.835925616270396,6.835925616270396,7163200
2016-07-01,6.913123607635498,6.924703644311172,6.843644860025565,6.9015435709598245,4558800
2016-07-05,6.8822455406188965,6.905404882104505,6.851366173230688,6.8745255147162965,3799200
2016-07-06,6.805046081542969,6.889964885635264,6.74714736543957,6.878384847925737,7219400
2016-07-07,6.820486068725586,6.889964821895759,6.7857466921405,6.832066106327986,5927000
2016-07-08,6.886105060577393,6.9208444384298256,6.85136568272496,6.870665009877583,3864800
2016-07-11,6.998040199279785,7.017340256355499,6.9092621453972,6.92470219105777,6004600
2016-07-12,7.0520806312561035,7.075239966836644,6.963302564679026,6.998041199938835,10178400
2016-07-13,7.0675201416015625,7.117699562362504,7.0443608053699105,7.094539489908827,8428200
2016-07-14,7.117699146270752,7.133138457448616,7.028920346165604,7.071379740293198,10524400
2016-07-15,6.488531112670898,6.596609234300199,6.372733703671054,6.507831171652186,42071600
2016-07-18,6.492391586303711,6.50783163458707,6.376594169066613,6.4692322501006965,12999400
2016-07-19,6.426772117614746,6.527130211298519,6.422912105985915,6.492390842860984,9434600
2016-07-20,6.465371608734131,6.503970989463501,6.407472905751051,6.473091632124395,8404800
2016-07-21,6.415193557739258,6.461512230175513,6.388173473225748,6.449932193955437,9971200
2016-07-22,6.3958940505981445,6.434493438448438,6.368874699969565,6.419053388819485,8357400
2016-07-25,6.442212104797363,6.442212104797363,6.376593380155473,6.4306320700175235,6885200
2016-07-26,6.465371608734131,6.519410300022078,6.446072286480422,6.469231620429262,8168200
2016-07-27,6.446073055267334,6.492391728689185,6.422912982334369,6.48853171653369,5349600
2016-07-28,6.4036126136779785,6.438351981191176,6.384313292269278,6.438351981191176,5958200
2016-07-29,6.341854572296143,6.449931961568122,6.295535165306724,6.426772626184412,9730400
2016-08-01,6.3958940505981445,6.422913401226723,6.365014687562327,6.407474087819859,7653800
2016-08-02,6.326414585113525,6.422912675728299,6.291675213594447,6.422912675728299,7448800
2016-08-03,6.310976505279541,6.345715883579341,6.291676441656236,6.318696530728863,10643600
2016-08-04,6.210616588592529,6.307114670160193,6.210616588592529,6.283955336726095,14055600
2016-08-05,6.27237606048584,6.303255420873197,6.191318015552287,6.214477351787299,15948400
2016-08-08,6.280096054077148,6.307115402256847,6.272376029962371,6.283956066134537,13707800
2016-08-09,6.314835071563721,6.345714430065808,6.2993950242016865,6.2993950242016865,10186000
2016-08-10,6.372735023498535,6.384315061285595,6.303256269220419,6.310976294411792,8715800
2016-08-11,6.341854572296143,6.372733931548422,6.303255189175293,6.322554512624719,9993400
2016-08-12,6.229917049407959,6.287816497911629,6.187458386386557,6.283956485596579,10573400
2016-08-15,6.253077030181885,6.280096379762806,6.117979546055215,6.129559214716892,10584800
2016-08-16,6.156578063964844,6.218337150733816,6.129558716579731,6.202897102958323,11482400
2016-08-17,6.144999027252197,6.156578696161892,6.106399640071833,6.11411966475232,9500600
2016-08-18,6.129558563232422,6.13727821881604,6.040780131299367,6.087099537245042,13126200
2016-08-19,6.1372785568237305,6.152718236952292,6.083239860429272,6.087099872489165,6007600
2016-08-22,6.09868049621582,6.1025405088805735,6.036921766024036,6.063941118455174,8803000
2016-08-23,6.384314060211182,6.3997533719508874,6.152718126228523,6.16043815020938,17232600
2016-08-24,6.326414585113525,6.376594004517531,6.29939523753691,6.345714644969683,13101400
2016-08-25,6.1951775550842285,6.287816376411198,6.172018217863514,6.276236339689812,14880000
2016-08-26,6.1372785568237305,6.191317989440211,6.09481952849794,6.168157917080853,9020400
2016-08-29,6.079380989074707,6.1449997339612255,6.067801318833286,6.133420063719805,9193200
2016-08-30,6.1218390464782715,6.2183375100968314,6.106399365921506,6.2144774979298845,9292000
2016-08-31,6.1218390464782715,6.168158088148568,6.0832400291418685,6.152718407591802,9324400
2016-09-01,6.214477062225342,6.226056361692301,6.133418652957672,6.137278296742993,9199600
2016-09-02,6.291675567626953,6.303255604192256,6.1874581834274105,6.1874581834274105,10940800
2016-09-06,6.345715045928955,6.368874382997681,6.299395635569451,6.299395635569451,9827600
2016-09-07,6.345715045928955,6.395893732281537,6.341855033713825,6.368874382997681,11382400
2016-09-08,6.210616588592529,6.2685152902887395,6.129558185351254,6.264655278679401,18985000
2016-09-09,6.202897548675537,6.249216959108358,6.160438518574983,6.195177524233059,12184800
2016-09-12,6.322555065155029,6.341855126513092,6.206757641894903,6.2800964026114166,7500000
2016-09-13,6.199038505554199,6.27623728960342,6.164299494465351,6.264657251129387,7920000
2016-09-14,6.156578063964844,6.202897102958323,6.121838692691984,6.17587775557321,9170400
2016-09-15,6.191317558288574,6.280095620817711,6.144998153017475,6.152717808488668,7804400
2016-09-16,6.202897548675537,6.272376296213741,6.175878199348914,6.202897548675537,11935000
2016-09-19,6.226057052612305,6.276236476610955,6.19903770256168,6.268516451961613,5823600
2016-09-20,6.1951775550842285,6.245356977988174,6.179738242344437,6.226056916785866,4990000
2016-09-21,6.226057052612305,6.2530771388850015,6.156578671323407,6.222197776509706,7828600
2016-09-22,6.27237606048584,6.291675384644679,6.245356712174656,6.253076736327001,4966600
2016-09-23,6.1604390144348145,6.22605738692244,6.1565790019028785,6.214478085548745,6132600
2016-09-26,6.125699043273926,6.144998735949209,6.08324001387712,6.125699043273926,3546200
2016-09-27,6.141138553619385,6.187457962000948,6.129558885579498,6.141138553619385,5603400
2016-09-28,6.133419036865234,6.1642983977466,6.087099995543186,6.144998705167992,10841000
2016-09-29,6.125699043273926,6.222197506650341,6.1025397065524025,6.125699043273926,11811800
2016-09-30,6.090959548950195,6.164298306035585,6.083239892900214,6.1411386016636165,10281600
2016-10-03,6.1604390144348145,6.175878696451501,6.102540298900004,6.110259955852819,5858800
2016-10-04,6.156578063964844,6.260795809672421,6.152718052020971,6.191317803348703,6295800
2016-10-05,6.1604390144348145,6.187458734047308,6.110259955852819,6.1604390144348145,3181400
2016-10-06,6.083240032196045,6.129559073889595,6.071659995689391,6.094819700591677,4788400
2016-10-07,6.021482467651367,6.052361834717387,5.975163048941245,6.052361834717387,9547000
2016-10-10,6.125699043273926,6.168158072670733,6.08324001387712,6.08710002603438,6490000
2016-10-11,6.060081481933594,6.117980571165432,6.044641798427322,6.106400532452409,6688400
2016-10-12,6.14885950088501,6.15271914540377,6.063941063584177,6.071660720732762,6485400
2016-10-13,6.426772117614746,6.4499314511657895,6.168157228258624,6.187457286402776,20842400
2016-10-14,6.044641971588135,6.191319521266224,5.986743248808764,6.172019456191632,39789400
2016-10-17,6.060081481933594,6.110260545356749,6.040781785522981,6.056221469029253,13968600
2016-10-18,6.141138553619385,6.168157901749455,6.121838861478901,6.168157901749455,8038200
2016-10-19,6.178192138671875,6.244498522814256,6.178192138671875,6.201594173093521,6949600
2016-10-20,6.139188766479492,6.170391729635606,6.076782840167266,6.170391729635606,8119200
2016-10-21,6.18989372253418,6.236698167630798,6.15479029571955,6.1859932591172955,6677800
2016-10-24,6.236697673797607,6.267900634724645,6.178192215051571,6.197694158623128,9311200
2016-10-25,6.119687080383301,6.158690971962675,6.088484115907273,6.150890416828006,8141400
2016-10-26,6.092383861541748,6.119686359248819,6.0728819180501405,6.1079853419413075,7877600
2016-10-27,5.990973949432373,6.088483293236752,5.9870738583763545,6.088483293236752,5230000
2016-10-28,5.963672161102295,6.037779107536563,5.9441702156294856,5.994875125071321,10002600
2016-10-31,5.95197057723999,5.998775018747666,5.924667707384035,5.971472520860347,8316000
2016-11-01,5.95197057723999,5.96367159462475,5.905166135732315,5.924667707384035,7145200
2016-11-02,5.912966251373291,5.936368656375448,5.858361259649271,5.924667267890065,4683400
2016-11-03,5.834959506988525,5.877863486992383,5.8232584891635915,5.866162469167449,7410600
2016-11-04,5.866162300109863,5.912966742029386,5.82325832134246,5.834959338830181,11188000
2016-11-07,5.944169998168945,5.983173887687651,5.916867498687046,5.955871388205752,8760400
2016-11-08,5.912966251373291,5.951970135720683,5.889564218339742,5.936368656375448,8596800
2016-11-09,5.671143531799316,5.819357781919574,5.565833631852781,5.819357781919574,34182400
2016-11-10,5.632139682769775,5.663343015819902,5.573634223734142,5.651641626437866,19365400
2016-11-11,5.65944242477417,5.671143441923095,5.534630211300661,5.550231691488771,15769000
2016-11-14,5.483926296234131,5.593136669829632,5.425420459974323,5.593136669829632,24311200
2016-11-15,5.4605231285095215,5.5931358925740176,5.452722202638142,5.5931358925740176,23541600
2016-11-16,5.503427505493164,5.5307303760617605,5.472224543673607,5.5229294496225485,13865600
2016-11-17,5.499527454376221,5.53463050770291,5.476125046856446,5.5073280089037135,10340200
2016-11-18,5.4176201820373535,5.538531580280595,5.409819254682982,5.476125649320381,19826800
2016-11-21,5.4605231285095215,5.464423591445211,5.359113323993305,5.417619152122792,11521200
2016-11-22,5.483926296234131,5.511228796640839,5.405918514554387,5.429320923452044,15037400
2016-11-23,5.511229515075684,5.530731463037862,5.425421167223333,5.437122187213152,11085600
2016-11-25,5.667243480682373,5.729649406960462,5.643841444312421,5.686745425636442,7705600
2016-11-28,5.678945064544678,5.772553957154808,5.671144137509496,5.772553957154808,13924600
2016-11-29,5.655542373657227,5.682844872982844,5.6282398743316095,5.675044318304948,6434000
2016-11-30,5.647740840911865,5.741350090781331,5.643840749975792,5.690645188926217,11560000
2016-12-01,5.5814361572265625,5.6867460768888805,5.569734765732869,5.6828456130576495,12539200
2016-12-02,5.5814361572265625,5.604838196276543,5.522930315664205,5.5619342100391105,7407800
2016-12-05,5.593136310577393,5.667243252050788,5.593136310577393,5.600936865063129,8934600
2016-12-06,5.64384126663208,5.651641821186932,5.60093691469012,5.651641821186932,5976600
2016-12-07,5.768653392791748,5.792055801519505,5.659443019989105,5.667243574919246,9952600
2016-12-08,5.7647528648376465,5.815457773206536,5.737450364934654,5.803756754957919,7968800
2016-12-09,5.749151706695557,5.811557636824725,5.7413511514137525,5.788155599010629,11169600
2016-12-12,5.733548641204834,5.7452496568813824,5.671142728305129,5.725748088076662,5083000
2016-12-13,5.838860511779785,5.866163013226359,5.760853099097656,5.760853099097656,8455200
2016-12-14,5.7881550788879395,5.854461466684071,5.776454061032344,5.838859985553725,6204000
2016-12-15,5.8037567138671875,5.854461621877084,5.780354305566981,5.78815523232327,6285600
2016-12-16,5.811557769775391,5.881764628761165,5.772554248536721,5.8466611992682775,10166800
2016-12-19,5.799856185913086,5.8388600753229385,5.788155167877593,5.819358130618013,4106400
2016-12-20,5.8232574462890625,5.831057999452485,5.795954580295628,5.815456521157057,6409200
2016-12-21,5.838860511779785,5.838860511779785,5.78815560054423,5.811557638364526,4951800
2016-12-22,5.77255392074585,5.792055866242125,5.686745583743441,5.741350956739278,5821400
2016-12-23,5.753050804138184,5.795954777921367,5.7374493253107905,5.776453208363573,3734400
2016-12-27,5.776453971862793,5.7998560072127345,5.7647525822191765,5.768653045433715,2295000
2016-12-28,5.745251178741455,5.784255070619806,5.7374506235469935,5.780354607038235,5319400
2016-12-29,5.749151706695557,5.776454580103581,5.721849205256217,5.7413511514137525,3381800
2016-12-30,5.784255504608154,5.8232593994129385,5.768654021079983,5.780355040733935,7088400
2017-01-03,5.749151706695557,5.780354671760141,5.7062477227239246,5.764753189227849,7727200
2017-01-04,5.9012651443481445,5.93636856532869,5.792054790606469,5.792054790606469,12092200
2017-01-05,5.858362197875977,5.893465253048114,5.831059325672757,5.870063216266689,11927400
2017-01-06,5.780354022979736,5.795955503760936,5.63994069594894,5.737450043823598,27104200
2017-01-09,5.834959506988525,5.866162469167449,5.725749139362291,5.737450157187225,19123800
2017-01-10,5.7647528648376465,5.8349597182666715,5.760852773400551,5.776454255054927,22058600
2017-01-11,5.924668312072754,5.936369702620428,5.764753027607954,5.772553954639736,25168000
2017-01-12,5.948070049285889,5.9987749533586605,5.885664127955903,5.967571992693667,12858600
2017-01-13,5.655542373657227,5.795955705577241,5.538531077739552,5.760852651573729,36469000
2017-01-17,5.651641845703125,5.667243326849157,5.6126383288223725,5.632139901278423,13426000
2017-01-18,5.632139682769775,5.66724310697861,5.612638111070322,5.655542089565211,14859200
2017-01-19,5.612637996673584,5.659442437341851,5.593136053402982,5.639940494071249,8517600
2017-01-20,5.600937366485596,5.624339775975189,5.561933846627846,5.593136811301517,7235200
2017-01-23,5.495626449584961,5.604836805988724,5.491725986721245,5.597036252229904,25697000
2017-01-24,5.507328033447266,5.546331922164495,5.468324516698686,5.519029051274974,15134800
2017-01-25,5.4605231285095215,5.530729973477459,5.437120722864003,5.515128493703319,22564600
2017-01-26,5.378615379333496,5.468324168889801,5.366914362250022,5.464423705872434,15098000
2017-01-27,5.4371209144592285,5.495626744650365,5.4137188799576785,5.444921840605499,22787000
2017-01-30,5.386416435241699,5.5034273528349775,5.370814954764687,5.476124854992364,23176200
2017-01-31,5.370815753936768,5.3786163093516715,5.296708431667384,5.335712324647974,17932600
2017-02-01,5.300607681274414,5.460522936323187,5.234301301575858,5.44102099429974,26133200
2017-02-02,5.363013744354248,5.441021142605678,5.343511801799236,5.425419662955392,32758800
2017-02-03,5.4137187004089355,5.429320180215415,5.3786152778522025,5.3786152778522025,9092800
2017-02-06,5.402017593383789,5.452722122932097,5.382515650959032,5.413718610051197,14134200
2017-02-07,5.487825870513916,5.511228277205889,5.433220874847038,5.441021429098606,19453800
2017-02-08,5.503427505493164,5.511228431932376,5.409818620034494,5.476125006893214,17344200
2017-02-09,5.682844161987305,5.714047120732313,5.503426963219203,5.503426963219203,25719000
2017-02-10,5.655542373657227,5.725749225601562,5.651641910333951,5.686745336306118,14656200
2017-02-13,5.714046955108643,5.753050838393666,5.702345938910574,5.745249912949221,14538200
2017-02-14,5.815457344055176,5.834959287676167,5.733549478421921,5.756951885160838,18193800
2017-02-15,5.795955181121826,5.854461009771006,5.792055090120112,5.803756107062499,11984200
2017-02-16,5.846661567687988,5.944170934882126,5.831060083815675,5.916868431097757,8537600
2017-02-17,5.8037567138671875,5.84276023174265,5.795955787110898,5.819358195411104,5701600
2017-02-21,5.963672161102295,5.963672161102295,5.877863824203138,5.88566475117973,14907200
2017-02-22,5.866162300109863,5.916867205181507,5.83105887567806,5.842759893165781,16588600
2017-02-23,5.924668312072754,5.967572666810209,5.916867757009646,5.936369702620428,9339600
2017-02-24,5.932468414306641,5.932468414306641,5.866162031629838,5.889564437502848,6828000
2017-02-27,5.932468414306641,5.94806989423244,5.905165917428648,5.9441694312588345,8431000
2017-02-28,5.905166149139404,5.963671608164671,5.90126568601275,5.955871053879999,9542800
2017-03-01,5.990973949432373,6.00267533850631,5.9480699720671515,6.00267533850631,10635400
2017-03-02,5.959771633148193,5.990974596779703,5.909066724254825,5.93246913296279,7129800
2017-03-03,5.998775959014893,6.033879388640032,5.959772065660584,5.998775959014893,8735000
2017-03-06,5.912966251373291,5.994874110927928,5.8817632926828205,5.967571615065919,16881200
2017-03-07,5.86226224899292,5.916867621054679,5.834959748946374,5.8973656758920034,22414000
2017-03-08,5.838860511779785,5.885664959389063,5.823259029243359,5.850561530689934,11346400
2017-03-09,5.936368942260742,5.940269033308416,5.827158209616087,5.866162095841839,15575400
2017-03-10,6.0455803871154785,6.049480850831265,5.955871953464544,5.959772045211637,11079600
2017-03-13,6.080683708190918,6.115787137069656,6.049480742958415,6.09628519080717,13620600
2017-03-14,6.068982124328613,6.088483696807234,6.022177308867698,6.080683142209516,10022200
2017-03-15,6.0104756355285645,6.033878040706928,5.936368701072866,5.998774618923688,8853200
2017-03-16,6.150888919830322,6.205493908389321,6.092383096700355,6.131386978787,17432200
2017-03-17,5.98317289352417,6.174291102078598,5.948069473183848,6.162590085954689,31497800
2017-03-20,6.049480438232422,6.088483956824013,5.987074510910943,6.045579974782663,13356800
2017-03-21,6.057280540466309,6.150889796421213,6.045579522960185,6.107985445617695,12263000
2017-03-22,6.104085445404053,6.107985908858125,6.037779054559495,6.068982390223406,8018000
2017-03-23,6.127487659454346,6.182093030170228,6.115786641432606,6.127487659454346,9512000
2017-03-24,6.1118855476379395,6.154789523937715,6.100184530823204,6.1118855476379395,8074600
2017-03-27,6.143089294433594,6.146989757861269,6.096284849207483,6.143089294433594,7182800
2017-03-28,6.131387710571289,6.1586902081093555,6.092383823829511,6.14308872780637,8981400
2017-03-29,6.162591457366943,6.1820934032257835,6.119687102083757,6.143089511508102,8093000
2017-03-30,6.162591457366943,6.170392012529272,6.131388492780269,6.135288584377094,8073000
2017-03-31,6.162591457366943,6.2093959042469535,6.107986083355924,6.127488029214765,8196000
2017-04-03,6.033879280090332,6.1508905860795275,5.990974923778705,6.135288731443526,14728000
2017-04-04,6.002676486968994,6.049480936313727,5.987075003854083,6.006576578771198,11802800
2017-04-05,5.990973949432373,6.00267533850631,5.9480699720671515,5.9870738583763545,8661000
2017-04-06,5.990973949432373,6.006575429562329,5.9753724693024175,5.9870738583763545,6716200
2017-04-07,5.95587158203125,5.983174082401671,5.928568709692159,5.948070655086175,6895400
2017-04-10,5.916866779327393,5.928567795972957,5.815456976482864,5.834958918871214,17253000
2017-04-11,5.885663986206055,5.920767409100902,5.846660100329864,5.909066020156871,9899000
2017-04-12,5.95197057723999,5.955871040357789,5.862261785373801,5.881763728994159,17386200
2017-04-13,5.647740840911865,5.784254066827066,5.647740840911865,5.741350090781331,35304000
2017-04-17,5.667243480682373,5.682844962251895,5.643841444312421,5.663343389266489,15980600
2017-04-18,5.624339580535889,5.651642080684451,5.5970370803873255,5.6126385621820285,12138600
2017-04-19,5.593136310577393,5.636040290170554,5.577534829637276,5.616538346003246,9725000
2017-04-20,5.64384126663208,5.675044228788788,5.616538395768473,5.671143765527037,6851200
2017-04-21,5.647740840911865,5.647740840911865,5.593135848120678,5.636039824166414,14905000
2017-04-24,5.628239154815674,5.698445625816135,5.600936287011809,5.682844146486187,14650200
2017-04-25,5.671143531799316,5.686745012234678,5.624339090493231,5.663342977565953,14318800
2017-04-26,5.655542373657227,5.671143854981673,5.6204389476850585,5.636040429009505,10860400
2017-04-27,5.682844161987305,5.69454555049314,5.643840649540349,5.655541666077575,8921000
2017-04-28,5.678945064544678,5.694546546646366,5.647741728372627,5.671144137509496,9022600
2017-05-01,5.671143531799316,5.686745012234678,5.659442514464954,5.6750439949003155,4568000
2017-05-02,5.6633429527282715,5.725748874196027,5.651641563476593,5.67894443309521,11353400
2017-05-03,5.725749492645264,5.745251066233865,5.694546528541094,5.721849029140074,7579800
2017-05-04,5.7413506507873535,5.764752686560871,5.725749169615458,5.7413506507873535,10237600
2017-05-05,5.77255392074585,5.784254939256146,5.733550029753299,5.733550029753299,11956000
2017-05-08,5.889564037322998,5.909065606928702,5.792054701420092,5.792054701420092,19107600
2017-05-09,5.827159881591797,5.909067768592647,5.799857376581091,5.873964707279768,21557200
2017-05-10,5.815457344055176,5.834959287676167,5.760852348278763,5.807656789787961,8922400
2017-05-11,5.95587158203125,5.9675726004801914,5.799856390847787,5.807657317792862,30645600
2017-05-12,5.959771633148193,6.049480432565281,5.948070614778544,5.987074505302264,10838800
2017-05-15,5.897364616394043,5.940268590469033,5.885663600186064,5.920767020778601,8069000
2017-05-16,5.95197057723999,5.971472520860347,5.9168671531170745,5.9168671531170745,10042800
2017-05-17,5.807657241821289,5.932469095560425,5.780354369839355,5.909066687000005,16875800
2017-05-18,5.842759609222412,5.885663957873412,5.803756095502601,5.858361461072683,8158800
2017-05-19,5.912966251373291,5.920767177030212,5.846659871163889,5.870062276166046,6215400
2017-05-22,5.870062828063965,5.916867270500181,5.854461347251893,5.912966807305002,6237600
2017-05-23,5.873963356018066,5.92076779897029,5.854461411795811,5.870062892779886,6535200
2017-05-24,5.928568363189697,5.936369289678837,5.862261975906601,5.8778634569162325,12805800
2017-05-25,6.049480438232422,6.119686920484752,6.010476547672163,6.018277474571683,15821600
2017-05-26,6.057280540466309,6.080682947447195,5.994874617808798,6.049479986118439,11395600
2017-05-30,6.006575107574463,6.080682413195634,5.979272611802772,6.057280008270894,12903000
2017-05-31,5.978858947753906,6.030332234238304,5.943223305104541,6.0144942127950545,9038600
2017-06-01,6.05804967880249,6.0620092789730995,5.966980762919753,5.974899963260972,11342000
2017-06-02,6.01053524017334,6.042211284374898,5.970939996117275,6.018454062419613,9718000
2017-06-05,6.030333518981934,6.054090745012318,5.986779045135909,5.994698246348802,8110000
2017-06-06,6.172875881195068,6.184754304946682,6.058050111307383,6.069928535058996,16073200
2017-06-07,6.0699286460876465,6.113483119045765,6.050131021067305,6.073888246613373,14086000
2017-06-08,6.04617166519165,6.077847713484308,5.994697992314009,6.073888113045656,11539000
2017-06-09,5.919467449188232,5.9867791502464405,5.792763248423748,5.978860326502812,25309800
2017-06-12,5.963021755218506,6.034292672816248,5.963021755218506,6.010535826153091,9556400
2017-06-13,5.994697570800781,6.042211639898849,5.98677837048031,5.990737970640546,9688000
2017-06-14,6.006575584411621,6.054089650272289,5.966980340723616,6.022413606365177,6649200
2017-06-15,5.966980457305908,5.998656501831904,5.915506790549106,5.978859257209334,6543400
2017-06-16,5.808601379394531,5.907589132448142,5.769006127129763,5.903629531700003,17488600
2017-06-19,5.867992877960205,5.879871678175784,5.788802764564245,5.816519209850769,10638600
2017-06-20,5.899669647216797,5.943224498135005,5.8798723996448405,5.899669647216797,9027000
2017-06-21,5.931344509124756,5.939263708654907,5.891749644298653,5.923425687202823,6022600
2017-06-22,5.848195552825928,5.923426065121027,5.796721885420547,5.919466465103326,13805200
2017-06-23,5.879871368408203,5.919466234216095,5.816518903420769,5.848195324718599,8339600
2017-06-26,5.915508270263672,5.947184700321496,5.883832217814178,5.9036298449971945,6078400
2017-06-27,5.824438095092773,5.856114138738573,5.753166808085611,5.828397694950555,14850800
2017-06-28,5.907588005065918,5.93926404978947,5.808600270902761,5.8323571156413045,14128200
2017-06-29,5.895709991455078,5.8996692141138425,5.816519496547565,5.867993167194143,9605000
2017-06-30,5.947183609008789,6.018454525137717,5.871952715039921,5.907588361908515,18206000
2017-07-03,5.994697570800781,6.030332839418141,5.98677837048031,6.014494816385452,7084200
2017-07-05,5.915508270263672,5.97490115181272,5.915508270263672,5.97490115181272,10577800
2017-07-06,5.915508270263672,5.982819976120928,5.8996702440389255,5.911549046913733,10786200
2017-07-07,5.955102443695068,5.970940467044992,5.8759123269454525,5.9194667967556756,8271000
2017-07-10,6.0659685134887695,6.157037429550963,6.0422116676348105,6.12536138334018,14222600
2017-07-11,6.125361919403076,6.129321142319724,6.046171796945772,6.105564294386678,10745200
2017-07-12,6.192674160003662,6.200592984138466,6.105564828870888,6.137240880626747,21274600
2017-07-13,6.160996913909912,6.19663218202095,6.125361268190625,6.157037313805936,20329000
2017-07-14,6.2045512199401855,6.307498554301338,6.1372395303662195,6.157037152760016,23331800
2017-07-17,6.192674160003662,6.232269035894325,6.121402854748817,6.224350211759521,14512400
2017-07-18,6.15703821182251,6.208511887856993,6.1055645357880275,6.176835837621665,12970800
2017-07-19,6.089726448059082,6.164956972192428,6.077848023745037,6.160997749159947,15647400
2017-07-20,6.1451592445373535,6.157037667924214,6.077847549331365,6.101604396105084,9950000
2017-07-21,6.2085113525390625,6.216430175610955,6.101604409006467,6.141199657190748,9722800
2017-07-24,6.2085113525390625,6.256025423795236,6.196632551518815,6.22434937629112,9155800
2017-07-25,6.259984493255615,6.2797817380605725,6.208510826024598,6.232267670833843,10863000
2017-07-26,6.29957914352417,6.307498343260018,6.248105478065841,6.256024677801689,6838400
2017-07-27,6.172875881195068,6.256025602672929,6.137240232331944,6.200592329151594,8586000
2017-07-28,6.2203898429870605,6.279782338295272,6.19663261829881,6.256025491215298,6380400
2017-07-31,6.256025791168213,6.3035398652145584,6.204552116549265,6.295620664069354,12215800
2017-08-01,6.29957914352417,6.303538743392094,6.256024677801689,6.275822299533081,11159400
2017-08-02,6.248106002807617,6.279782049194839,6.228308379413538,6.275822826602631,5451600
2017-08-03,6.24414587020874,6.263943113109359,6.180793409058871,6.252064691847347,11285400
2017-08-04,6.2045512199401855,6.256024887120762,6.2045512199401855,6.252065287120354,4433600
2017-08-07,6.153077125549316,6.176834346294049,6.125360682687307,6.164955547117576,6806200
2017-08-08,6.1451592445373535,6.2005921387482115,6.141199644205644,6.153078067592503,4952400
2017-08-09,6.176835060119629,6.176835060119629,6.121401790381253,6.1372398135053245,5047000
2017-08-10,6.0659685134887695,6.184753875583334,6.05409009056179,6.180794275404922,9926400
2017-08-11,6.133279800415039,6.1530774223893685,6.093684934074614,6.101603756299406,6834200
2017-08-14,6.125361919403076,6.176835593402396,6.125361919403076,6.1530783678610605,3865200
2017-08-15,6.133279800415039,6.145158600164575,6.10952295613243,6.125360978190247,4436600
2017-08-16,6.196632385253906,6.299579725684188,6.101604245291306,6.125361469086087,15401600
2017-08-17,6.307499408721924,6.394608354881318,6.291661384183099,6.343135058336354,18182000
2017-08-18,5.856114864349365,5.974900231543509,5.737329497155222,5.974900231543509,67189200
2017-08-21,5.7650465965271,5.812560670145803,5.495799801746154,5.56311150044139,61406600
2017-08-22,5.646260738372803,5.693774807907611,5.5749894452664615,5.677936784729342,30566600
2017-08-23,5.867992877960205,5.8838309006393965,5.725450673847477,5.757126719205861,33150600
2017-08-24,5.935305595397949,5.955103221573461,5.828399018223487,5.90758914531722,15167000
2017-08-25,5.9986572265625,6.010536027901069,5.959062354925451,5.959062354925451,17296600
2017-08-28,6.062008857727051,6.117441745830554,6.0422112358579865,6.085765701883344,19995400
2017-08-29,6.04617166519165,6.062009689337979,6.002616815583034,6.01449523929071,14134800
2017-08-30,5.959062099456787,6.030333016391361,5.9432240759592965,6.01449499289387,13530400
2017-08-31,5.93926477432251,5.959062399091908,5.911548326210323,5.93926477432251,17592000
2017-09-01,5.875912189483643,5.970940327360082,5.864033766651151,5.95906190452759,10663800
2017-09-05,5.800680637359619,5.848195078501831,5.769004595003619,5.844235478805278,12538600
2017-09-06,5.788802623748779,5.816519068361087,5.765045779112011,5.788802623748779,12556600
2017-09-07,5.772965908050537,5.824439586557891,5.772965908050537,5.788803933929083,8000400
2017-09-08,5.753167629241943,5.765046430510763,5.721491581074984,5.761086830087823,17924800
2017-09-11,5.769004821777344,5.808600065082899,5.729409956080015,5.753166799976767,14023400
2017-09-12,5.757126808166504,5.780884031356519,5.737329185109535,5.757126808166504,8990400
2017-09-13,5.753167629241943,5.757127229664883,5.717531980652044,5.749208406427283,5910800
2017-09-14,5.7610859870910645,5.788802430779447,5.709612321949622,5.75316678740397,7203600
2017-09-15,5.800680637359619,5.836316279412173,5.788802215878172,5.824437857930725,10119800
2017-09-18,5.860074520111084,5.867993343274496,5.836317295404296,5.864034120496928,7898600
2017-09-19,5.860074520111084,5.883831367209596,5.832357695018453,5.883831367209596,4238200
2017-09-20,5.875912189483643,5.911547835589371,5.832357343084084,5.844236143524829,11953600
2017-09-21,5.796722888946533,5.848196565263012,5.772965662335733,5.840277363856644,15722000
2017-09-22,5.776925563812256,5.780885164721595,5.72149228390648,5.765047138692563,10435200
2017-09-25,5.6660590171813965,5.769005990944633,5.654180215217394,5.749208742887901,11344200
2017-09-26,5.677936553955078,5.725450621558722,5.666058131456228,5.717531421487327,8812600
2017-09-27,5.6620988845825195,5.685855731062006,5.638341660494767,5.666058484865189,7596200
2017-09-28,5.6502203941345215,5.666058417468545,5.626463170329356,5.6581392169974025,8390000
2017-09-29,5.776925563812256,5.8086016158703195,5.658140179790352,5.658140179790352,12034800
2017-10-02,5.812560558319092,5.824438982093168,5.745248860918852,5.776924909388579,10237800
2017-10-03,5.7610859870910645,5.788802430779447,5.697733900027204,5.765045586934612,15808200
2017-10-04,5.745248317718506,5.776924363193333,5.733369517459259,5.749207917804921,10879200
2017-10-05,5.749207973480225,5.7769244191370435,5.725450750339916,5.761086396246254,4980800
2017-10-06,5.792762756347656,5.808600780097828,5.765046309186922,5.7848435556684334,4455800
2017-10-09,5.816519737243652,5.824438938105418,5.788803289444035,5.808600913990167,3759200
2017-10-10,5.844235897064209,5.879871541667126,5.8402762970842765,5.860073919375701,7066600
2017-10-11,5.772965908050537,5.852156037443265,5.753168281300274,5.836318011564719,10099000
2017-10-12,5.7848429679870605,5.80068099012825,5.76900494584587,5.80068099012825,6234600
2017-10-13,5.824438095092773,5.844235716773455,5.804640473412092,5.824438095092773,5803000
2017-10-16,5.788802623748779,5.879871535145022,5.769005001479314,5.867992735218401,11782400
2017-10-17,5.72545051574707,5.7967218046395,5.701693293580182,5.788802604714458,15113800
2017-10-18,5.772965908050537,5.780885109793971,5.693775778657809,5.741289856293446,7804800
2017-10-19,5.8204779624938965,5.836315982867163,5.7373282611322045,5.761085480496199,5394800
2017-10-20,5.7650465965271,5.8402771186879745,5.7650465965271,5.808601069608839,11967400
2017-10-23,5.87195348739624,5.9273867651062835,5.784844158882833,5.8204798104386954,19089400
2017-10-24,5.749207973480225,5.765045996371014,5.602705789730111,5.681896281792309,23529000
2017-10-25,5.9432244300842285,5.9551028540130515,5.80464143301757,5.812560634042311,16565200
2017-10-26,5.9432244300842285,5.974900478966616,5.923426805130665,5.9551028540130515,13338200
2017-10-27,5.93926477432251,5.970940822910234,5.887791100965387,5.927386350504185,14930000
2017-10-30,5.895709991455078,5.943224061834627,5.856114744001322,5.871952767461171,12135800
2017-10-31,5.959924697875977,6.000058640245098,5.903736719260059,5.903736719260059,13989800
2017-11-01,5.8796563148498535,5.996045403683593,5.85557602488387,5.979991749456501,9712600
2017-11-02,5.8555755615234375,5.911763155497395,5.8475485436704275,5.895709502540653,6332400
2017-11-03,5.87162971496582,5.907750532884673,5.863602696428604,5.891696878559551,4694600
2017-11-06,5.947883129119873,5.971963796523862,5.883668526374867,5.887682034733737,5256000
2017-11-07,5.959924697875977,6.056246618861016,5.947884170690879,6.024139311866003,9363200
2017-11-08,5.988018035888672,6.008085196906583,5.967950874870761,5.971964383624195,5998800
2017-11-09,6.012098789215088,6.016112298279814,5.959924702370811,5.959924702370811,9211400
2017-11-10,6.024139881134033,6.032166517266641,6.000059207237557,6.0161128622521,7686000
2017-11-13,5.939857482910156,5.97999142492518,5.9197903205280005,5.97999142492518,5838800
2017-11-14,5.984004974365234,6.004072136882916,5.899723197990402,5.94387103207916,9304200
2017-11-15,5.955911159515381,6.004072119770982,5.747213282325153,5.971964812933915,4178000
2017-11-16,6.128486633300781,6.176647581080751,6.104405968036202,6.112432601291602,11900000
2017-11-17,6.096380233764648,6.108420760302993,6.068286437340386,6.0803265811294605,6428800
2017-11-20,6.052232265472412,6.080326059486453,6.02413847145837,6.0722994252321145,4174600
2017-11-21,6.068286895751953,6.112434348146398,6.05624675105334,6.088354058749173,6191800
2017-11-22,6.100393772125244,6.108420789856309,6.0682864666995275,6.07229997556506,3485000
2017-11-24,6.264945030212402,6.309092870846567,6.192703770287186,6.228824591624467,13455600
2017-11-27,6.232836723327637,6.264944029889909,6.2167830700465005,6.256917394623984,10130000
2017-11-28,6.244877338409424,6.305078443375257,6.188689359758499,6.196715995137607,7677000
2017-11-29,6.220796585083008,6.248890382664902,6.192702787501115,6.244877256402693,5274000
2017-11-30,6.244877338409424,6.26895762729604,6.1686221971867905,6.188689359758499,10090200
2017-12-01,6.0442070960998535,6.180662973489132,6.012099403053125,6.132502008043034,11063000
2017-12-04,6.204742431640625,6.3251450130351845,6.196715414264669,6.2609304050245544,14086000
2017-12-05,6.297051906585693,6.321132580062298,6.2248106516545185,6.228824161025506,11253200
2017-12-06,6.244877338409424,6.297051425246858,6.240863829345224,6.252903973788532,8323600
2017-12-07,6.289024829864502,6.313105118904264,6.264944158075447,6.280997811685053,5960800
2017-12-08,6.293037414550781,6.3090910658022175,6.26494323779884,6.26494323779884,6103800
2017-12-11,6.365279674530029,6.369293183673795,6.301065059226968,6.3090920775145,6356400
2017-12-12,6.385345935821533,6.40541309595737,6.32113132958625,6.361265649857924,10178200
2017-12-13,6.3773193359375,6.449560576968617,6.373305827338759,6.381332461786995,11613600
2017-12-14,6.381332874298096,6.421467197381438,6.377319748189178,6.393373400872661,9271600
2017-12-15,6.445547580718994,6.473641377644835,6.421467292710923,6.429494310546464,9597000
2017-12-18,6.437521457672119,6.45357472816706,6.405413768434384,6.449561219168682,7508200
2017-12-19,6.417454242706299,6.441534532436355,6.385346934566688,6.409427607046048,5109200
2017-12-20,6.421466827392578,6.453574130909601,6.413439810138698,6.441533605028781,6692800
2017-12-21,6.4575886726379395,6.513776271407139,6.441534635561813,6.489695981291571,8728200
2017-12-22,6.461601734161377,6.569964180420577,6.457588225170454,6.545883126475043,7653400
2017-12-26,6.505748271942139,6.529829323925423,6.465614716300341,6.473640968129597,4099600
2017-12-27,6.493710041046143,6.513776823593783,6.481669512218347,6.497723550655408,9322600
2017-12-28,6.485681533813477,6.541869124454664,6.481668025125034,6.517788837822513,5316200
2017-12-29,6.509761810302734,6.569963675037074,6.505748301620545,6.557923148990504,7103800
2018-01-02,6.537856578826904,6.577990135927081,6.513775525968558,6.529829561207456,12298200
2018-01-03,6.481668472290039,6.529829814375461,6.461601692961942,6.517789287479465,10250800
2018-01-04,6.441534996032715,6.501736872938489,6.429495233050491,6.501736872938489,16272000
2018-01-05,6.561936378479004,6.573976138514803,6.481667739247451,6.489694756270302,9813600
2018-01-08,6.614111423492432,6.630165459881298,6.557923827128577,6.5739770980188545,11198200
2018-01-09,6.7184600830078125,6.726487100867093,6.642204944341763,6.642204944341763,12924400
2018-01-10,6.818795204162598,6.883009813161891,6.702406512413324,6.702406512413324,16472200
2018-01-11,6.931172847747803,6.971307179562241,6.858931203581555,6.87899798673942,35177800
2018-01-12,6.746553897857666,6.862943360629347,6.710433082893941,6.790701730701898,17614000
2018-01-16,7.135856628417969,7.320473466957568,7.099735809486544,7.123816100274613,34275200
2018-01-17,7.272313594818115,7.324487690865117,7.244219026409573,7.264286575272818,25586000
2018-01-18,7.192043304443359,7.300405747311019,7.15592249015414,7.288365220715098,17432600
2018-01-19,7.220137596130371,7.228164614411446,7.1840167793641285,7.188030288504666,7706400
2018-01-22,7.340540409088135,7.34856666169046,7.220137434070308,7.252244740975346,19282400
2018-01-23,7.404755592346191,7.456929683017256,7.368634773612902,7.38870155490978,12009000
2018-01-24,7.408766746520996,7.50910216247387,7.400740495023606,7.460941591495636,15833400
2018-01-25,7.404755592346191,7.440876411079482,7.368634773612902,7.436862901720379,9798200
2018-01-26,7.424820899963379,7.444887677277399,7.35659278539783,7.424820899963379,7542800
2018-01-29,7.444889068603516,7.4930504148556,7.424822287539347,7.452916087228634,12540800
2018-01-30,7.324487686157227,7.372649037899339,7.296393883265459,7.316460666617088,12589400
2018-01-31,7.2281646728515625,7.3285001056804315,7.204084383312242,7.324486596507445,19138600
2018-02-01,7.1960554122924805,7.260270010638221,7.163948113119609,7.260270010638221,10878600
2018-02-02,7.123814105987549,7.204082740141709,7.115787089472447,7.163948423064629,15280200
2018-02-05,6.971305847167969,7.175989445853803,6.951238302346814,7.087694545136412,13482400
2018-02-06,7.011440753936768,7.039535322088263,6.834850918548204,6.8789979946459905,13102200
2018-02-07,7.0154523849487305,7.12381482230341,6.943210760045612,6.979331572497171,9494000
2018-02-08,6.86695671081543,7.115788135370067,6.862943201967963,7.107761117675133,10278800
2018-02-09,6.967292785644531,7.0435471643662995,6.774648170482592,6.903078169090088,24858600
2018-02-12,7.071639537811279,7.111773086598686,6.915115788646569,6.935183328538646,18193800
2018-02-13,7.007425785064697,7.059600635268829,6.963278718159528,7.039533856266348,9333400
2018-02-14,7.051572799682617,7.051572799682617,6.899063306654376,6.923143591764422,13086800
2018-02-15,7.067628860473633,7.10374968124767,6.995387218925557,7.079668623732524,10147000
2018-02-16,7.059600353240967,7.103748183881001,7.047559827021361,7.071640879460572,5777800
2018-02-20,7.079666614532471,7.111773916608641,7.023479027273789,7.023479027273789,6754200
2018-02-21,7.091708183288574,7.22415091952662,7.087694674251231,7.135856017200782,8143800
2018-02-22,7.1438822746276855,7.18803010856987,7.103748715224148,7.175989581449662,8334600
2018-02-23,7.208096981048584,7.208096981048584,7.115788568434602,7.159936402945022,7406600
2018-02-26,7.095721244812012,7.171976380715125,7.071640957605224,7.155922345578247,7132400
2018-02-27,7.03150749206543,7.131842927401413,7.03150749206543,7.111775381035043,9465000
2018-02-28,7.087693214416504,7.212108906954267,7.087693214416504,7.175988098556462,17073800
2018-03-01,7.023479461669922,7.139868917331166,6.971305379631147,7.107760847770675,10454800
2018-03-02,7.123814105987549,7.139868139017753,7.003411920254736,7.015451679528961,6620800
2018-03-05,7.224151134490967,7.236191661961281,7.063614595713109,7.0796678668415955,8560600
2018-03-06,7.220137596130371,7.268298940318226,7.175989761083054,7.196057306785741,12470400
2018-03-07,7.180002689361572,7.204083742256641,7.143881875517502,7.196056724624952,5775000
2018-03-08,7.236189842224121,7.244216093020644,7.143880685829232,7.184015001805478,7832800
2018-03-09,7.288365364074707,7.324486179074411,7.240204787740808,7.2442175311865,9874000
2018-03-12,7.388700485229492,7.420807789955426,7.324485875777626,7.324485875777626,11646600
2018-03-13,7.380673885345459,7.440875754924617,7.344553069797392,7.40475493937655,5638600
2018-03-14,7.376659393310547,7.420807220985742,7.360606124927684,7.408766695574743,5120200
2018-03-15,7.344553470611572,7.416795105650147,7.3405407268859735,7.400741834251915,6369400
2018-03-16,7.344553470611572,7.388701306579282,7.316459671540707,7.324486689989129,9818000
2018-03-19,7.216123580932617,7.240204634087071,7.167963005620797,7.192043293276707,11571800
2018-03-20,7.308432102203369,7.324486137890106,7.232177729187034,7.244217490453532,11714000
2018-03-21,7.24020528793335,7.324486685089568,7.236191778711824,7.304419904480548,11720000
2018-03-22,7.099734783172607,7.208096458803837,7.099734783172607,7.192043189098612,12787800
2018-03-23,7.115787982940674,7.228163931766893,7.115787982940674,7.216123405482415,12422200
2018-03-26,7.212109565734863,7.216123074312163,7.075653336100612,7.143881450917737,7530000
2018-03-27,7.111775875091553,7.2321788651583265,7.0756550546213886,7.200071554240256,8988600
2018-03-28,7.099734783172607,7.127828579280649,7.023479646951827,7.083680747968851,10084400
2018-03-29,7.163949012756348,7.208096076226463,7.067627103141792,7.127828200963578,9813800
2018-04-02,7.0435471534729,7.180003404814703,7.023480372892651,7.139869843654205,8026000
2018-04-03,7.095721244812012,7.139869075939898,7.043546396115687,7.075653700890915,9244800
2018-04-04,7.1559247970581055,7.167965327535614,6.999401728344447,7.011441493323165,13969200
2018-04-05,7.171976089477539,7.228163679177905,7.163949072235059,7.196056375706482,9677200
2018-04-06,7.019466400146484,7.079667503410463,6.979332076137646,7.075653994459723,11383800
2018-04-09,6.927159309387207,7.047561538834203,6.927159309387207,7.019467736329818,11558600
2018-04-10,6.951239109039307,7.003413966130647,6.919131799097964,6.97933290955065,16201800
2018-04-11,6.963277816772461,7.011438386343515,6.927157006844945,6.939197531986935,15789400
2018-04-12,7.2281646728515625,7.312446068988483,7.1960573649662685,7.224151163678576,21398000
2018-04-13,6.670300483703613,6.923145459311218,6.618125625475927,6.8709713665822,49190000
2018-04-16,6.818795204162598,6.915117117661538,6.810768186663056,6.87899630441212,31001800
2018-04-17,6.754580497741699,6.854915918543269,6.746553480357932,6.846888901159501,17462400
2018-04-18,6.794715404510498,6.8509030000402795,6.746554061557415,6.8187956932377505,24623600
2018-04-19,6.8910369873046875,6.895050496145691,6.782674545093199,6.826822376845703,15478000
2018-04-20,6.971305847167969,7.095721563064874,6.943211284418353,7.06361425684959,17252000
2018-04-23,6.991373538970947,7.071642197734717,6.9672932475412805,7.067628688246662,19402600
2018-04-24,6.8589301109313965,6.927158234497364,6.822809294602438,6.846889583655548,19468600
2018-04-25,6.907090187072754,6.975318305680322,6.830835816363173,6.86294312126682,14151800
2018-04-26,7.007425785064697,7.071641161969449,6.975318479361597,6.975318479361597,9746400
2018-04-27,7.071639537811279,7.095719820183398,7.0395322394823285,7.04354498196237,9669800
2018-04-30,7.091708183288574,7.167963324000957,7.0596008764884,7.147895778814237,11187400
2018-05-01,7.079666614532471,7.079666614532471,7.027492535720618,7.075653106085642,6275800
2018-05-02,7.131842136383057,7.1679629503376106,7.079667287116018,7.103748340084745,14506800
2018-05-03,7.095721244812012,7.115788023234582,7.0154526001246795,7.091707736027793,6899400
2018-05-04,7.087693214416504,7.1117734981822345,7.00742458119951,7.027492122252968,9887600
2018-05-07,6.9994001388549805,7.0435472095829335,6.967292830371644,7.015453410347341,11304000
2018-05-08,6.951239109039307,7.003413966130647,6.915118289667964,6.955252618469306,5599400
2018-05-09,7.011440753936768,7.011440753936768,6.9472261291593425,6.999400990227694,4722000
2018-05-10,7.003413677215576,7.035520985832382,6.979332621629007,6.999400167951149,6500400
2018-05-11,7.047560691833496,7.0917085278909475,7.019466892705522,7.027493911170262,6216400
2018-05-14,7.083683013916016,7.139871389604317,7.063616228990836,7.071643249160418,7456800
2018-05-15,7.03150749206543,7.071641819299547,6.979332637011489,7.03150749206543,4797800
2018-05-16,7.0435471534729,7.083681480132008,7.0274938821084225,7.059601190335988,4999400
2018-05-17,6.967292785644531,7.019466874533037,6.927158458923351,7.019466874533037,7953800
2018-05-18,6.967292785644531,7.0034136031437315,6.951238748756614,6.97130629486651,7760200
2018-05-21,6.979332447052002,6.991372974544111,6.923144849752692,6.975318937887965,7475000
2018-05-22,7.03150749206543,7.067628310026273,6.983346146284763,7.003413692651133,9099000
2018-05-23,7.147896766662598,7.18401758749206,6.9351861167765225,6.967293428013969,21593200
2018-05-24,7.320472240447998,7.424821170377998,7.175988988929767,7.175988988929767,26357000
2018-05-25,7.352581024169922,7.364621552718847,7.288366402906324,7.304420440971558,8715600
2018-05-29,7.224151134490967,7.268298969716852,7.17598979010831,7.2442179147762245,12508000
2018-05-30,7.28033971786499,7.280339717864989,7.192044800951612,7.248232405760243,10066800
2018-05-31,7.300405025482178,7.34856559610689,7.288364500076765,7.296391517013707,11609800
2018-06-01,7.340540409088135,7.360607188841817,7.3124458457349695,7.332513390987231,6089400
2018-06-04,7.4007415771484375,7.408767829819414,7.364620760883996,7.372647779053557,4743000
2018-06-05,7.3686347007751465,7.380674463234806,7.296393064022664,7.344553644858565,6070400
2018-06-06,7.521143436431885,7.521143436431885,7.3927142137113675,7.4087674838021575,6417200
2018-06-07,7.452914714813232,7.545223115508102,7.448901206239739,7.51712932099214,6047600
2018-06-08,7.517129421234131,7.545223216124727,7.448901305571899,7.4569283228259255,7230600
2018-06-11,7.5251569747924805,7.549237262772222,7.481009142247495,7.517129956966383,5146000
2018-06-12,7.625492095947266,7.649572382963302,7.5331836911370225,7.5452234518957795,7466200
2018-06-13,7.553252220153809,7.665628194773586,7.5492387104711,7.625493863445187,9597600
2018-06-14,7.47382116317749,7.609633962426645,7.469705528657573,7.609633962426645,11047200
2018-06-15,7.708406925201416,7.7248694634716415,7.638442707507017,7.650789611209686,11280400
2018-06-18,7.58905553817749,7.63432594175882,7.576708636304266,7.6137485569470265,10883200
2018-06-19,7.490283012390137,7.531437783850333,7.46970484168309,7.531437783850333,15387000
2018-06-20,7.47382116317749,7.519092357919549,7.465589894137657,7.498514185319967,7358200
2018-06-21,7.502628803253174,7.519091339102208,7.473820150494277,7.502628803253174,7455600
2018-06-22,7.704291343688965,7.71663824747666,7.531438615546406,7.568478541932457,16286600
2018-06-25,7.671365737915039,7.700174390174826,7.642557085655253,7.67959700569695,9240800
2018-06-26,7.704291343688965,7.71663824747666,7.634327125512762,7.654905298492254,8451400
2018-06-27,7.679596424102783,7.733098875656434,7.609632223208899,7.630210391105242,13818000
2018-06-28,7.8195271492004395,7.844220173035913,7.66725180143136,7.679598705837634,15941000
2018-06-29,7.996495723724365,8.02942001799951,7.873029031459755,7.881260301272814,19214800
2018-07-02,8.070574760437012,8.087036513410094,7.975916737177978,7.980032371665502,9753600
2018-07-03,8.103498458862305,8.173462670080665,8.070574170346426,8.148768864961038,7878400
2018-07-05,7.959455966949463,7.971802871936493,7.782487587020909,7.811296247013536,21795200
2018-07-06,7.881258964538574,7.910067619020974,7.831872923990733,7.868912846890094,13426600
2018-07-09,7.984147548675537,8.00061008568236,7.914183336350476,7.926530239105594,13745400
2018-07-10,8.14054012298584,8.181694903701784,7.934763079497618,8.004727305682698,17864000
2018-07-11,8.132308006286621,8.144654910202378,8.037650764530273,8.037650764530273,15992400
2018-07-12,8.235196113586426,8.268120404103945,8.017072198297239,8.041766004918133,28335600
2018-07-13,7.992380142211914,8.078806120895136,7.860682964231519,7.868914234099569,27224000
2018-07-16,8.066459655761719,8.136423876690918,8.041766632191727,8.119961337659547,14771800
2018-07-17,8.189925193786621,8.206387732084705,8.033535004839974,8.054112392735549,12135400
2018-07-18,8.099383354187012,8.157000666612392,8.091152085275668,8.132307644855373,5833800
2018-07-19,8.111730575561523,8.152886140737314,8.000611570057137,8.000611570057137,14995000
2018-07-20,8.235196113586426,8.292813425747832,8.185809285321646,8.189924919758461,10394600
2018-07-23,8.29281234741211,8.305159249117056,8.226963774939533,8.251656793372522,6873400
2018-07-24,8.391586303710938,8.403933207030816,8.338084625945477,8.375124550928106,8553200
2018-07-25,8.469780921936035,8.510936477149764,8.399816713565775,8.41216361562297,7539200
2018-07-26,8.45332145690918,8.4780144827245,8.412165890565552,8.44097455151295,9587400
2018-07-27,8.371006965637207,8.490357196673612,8.325735782325042,8.478011081207983,8674800
2018-07-30,8.206389427185059,8.35454837758617,8.181695614637212,8.313393593294146,14123200
2018-07-31,8.305158615112305,8.317504730897863,8.25988743062701,8.276349964976879,16554000
2018-08-01,8.3751220703125,8.379237703533455,8.313389141951708,8.333966523079715,9094000
2018-08-02,8.387470245361328,8.41216405075304,8.280466895238442,8.305159915653187,14119600
2018-08-03,8.45332145690918,8.457436307064118,8.338086028142452,8.375125959354003,8424400
2018-08-06,8.473897933959961,8.48212920333664,8.36277815230594,8.408049348900628,6577600
2018-08-07,8.47801399230957,8.502707016696512,8.354547300420682,8.498591381802505,9157800
2018-08-08,8.53974723815918,8.585018438566195,8.449205622322266,8.478014282589596,7491200
2018-08-09,8.601479530334473,8.634403823097418,8.568555237571527,8.580902141724028,5629600
2018-08-10,8.560322761535645,8.576785298085207,8.506821087703461,8.523282839276076,4435400
2018-08-13,8.568553924560547,8.622056382712493,8.556207807276975,8.589132094994733,4827600
2018-08-14,8.601479530334473,8.622057703921977,8.547977848961082,8.564439602854026,5472800
2018-08-15,8.589134216308594,8.601480336641368,8.478014423450832,8.552094285356006,6000200
2018-08-16,8.638519287109375,8.659097460290232,8.605594994997045,8.642634921745547,6288200
2018-08-17,8.675558090209961,8.700251109851736,8.61382514861705,8.634402534155706,7209600
2018-08-20,8.436856269836426,8.55209166245514,8.350430314105058,8.436856269836426,12304800
2018-08-21,8.43274211883545,8.539746262588013,8.416280365553456,8.473897679505978,8231200
2018-08-22,8.436856269836426,8.465664921746882,8.39981635024387,8.432740635995376,10869000
2018-08-23,8.387470245361328,8.53151430357178,8.37923976187439,8.478012628510339,11189200
2018-08-24,8.354546546936035,8.408049010755702,8.30516050261621,8.408049010755702,7687000
2018-08-27,8.45332145690918,8.552094345147601,8.445090186645027,8.498591873407745,7388600
2018-08-28,8.498590469360352,8.523283491096151,8.48212871652882,8.519168641621025,7254000
2018-08-29,8.3751220703125,8.449201898336158,8.362775170649632,8.41216198432433,12943200
2018-08-30,8.420394897460938,8.440973069508354,8.342200198611753,8.379240123320104,9159000
2018-08-31,8.54797649383545,8.56032261105364,8.478012284683606,8.48624355281369,6992200
2018-09-04,8.543862342834473,8.60971092935143,8.461551217199741,8.585017905651839,12184400
2018-09-05,8.523283958435059,8.543862131824051,8.371009400241768,8.38747115397591,12774400
2018-09-06,8.560322761535645,8.564438395673035,8.465665531306502,8.473896799581283,7225000
2018-09-07,8.580900192260742,8.671441780544768,8.531513371847806,8.552091540760228,10373600
2018-09-10,8.51916790008545,8.626171246619009,8.47801234412342,8.543860919671891,8940600
2018-09-11,8.630287170410156,8.687905264681868,8.519168186052712,8.527398669539842,8671800
2018-09-12,8.683789253234863,8.766099579369458,8.667326717021785,8.700251004471008,4392500
2018-09-13,8.73317813873291,8.757871951102134,8.61794348758528,8.724947652920356,9522300
2018-09-14,8.494475364685059,8.675559366987656,8.453320587551017,8.65909761312945,10702000
2018-09-17,8.436856269836426,8.469780555587931,8.395700716402821,8.40393198408492,7260000
2018-09-18,8.346317291259766,8.379241587311046,8.296930454694275,8.379241587311046,6657600
2018-09-19,8.239311218261719,8.420394411976494,8.222848681572946,8.395701391920289,11042600
2018-09-20,8.288698196411133,8.313392004238905,8.206387858583021,8.296929465687057,9811500
2018-09-21,8.173462867736816,8.264004467100781,8.14053857842474,8.264004467100781,7935600
2018-09-24,8.189925193786621,8.288698068644035,8.173463440465568,8.26400504617394,12798900
2018-09-25,8.354546546936035,8.387470838141592,8.255773673319364,8.280467480456297,10763500
2018-09-26,8.280466079711914,8.395700686949478,8.255772276752246,8.280466079711914,6388300
2018-09-27,8.31339168548584,8.395702020158,8.28869787860488,8.31339168548584,8822100
2018-09-28,8.371006965637207,8.436855531376635,8.329851415805859,8.412162515468555,9329800
2018-10-01,8.535630226135254,8.552092763619163,8.47801291489556,8.510937204886384,7440100
2018-10-02,8.45332145690918,8.494476238275668,8.395703350037246,8.494476238275668,9053800
2018-10-03,8.264004707336426,8.354546309332445,8.239311685878784,8.329853287874803,10073600
2018-10-04,8.231078147888184,8.247540680972815,8.066456741925776,8.074688008468092,14905600
2018-10-05,8.371006965637207,8.387468714583653,8.239309834158352,8.247541101119985,8296800
2018-10-08,8.25577449798584,8.288698792480194,8.165232884370642,8.20638844873286,9091600
2018-10-09,8.247542381286621,8.264004132788227,8.173462537087037,8.206386825067192,8825600
2018-10-10,8.017072677612305,8.09938380131572,7.9265310695201885,8.074690778195517,23251500
2018-10-11,7.835988521575928,7.967685675723934,7.786601696281947,7.84421900497746,18729300
2018-10-12,8.017072677612305,8.03353521634381,7.877144238302728,7.942992823274641,11524500
2018-10-15,8.156999588012695,8.198155142150402,8.058226729068341,8.10761355102897,17032800
2018-10-16,8.412163734436035,8.659096284229147,8.156999916488534,8.189924204129154,27500700
2018-10-17,8.066459655761719,8.280467953307157,8.01707282364467,8.280467953307157,20694700
2018-10-18,7.852450370788574,8.049996104461716,7.6960601945415785,8.049996104461716,21337000
2018-10-19,7.885375499725342,8.033535208251426,7.852451207272551,7.901838038440263,8651900
2018-10-22,7.803063869476318,7.885374987752617,7.7372152888460795,7.877143718929587,9586300
2018-10-23,7.737216949462891,7.753679490642259,7.589058003734421,7.60551975993662,10275200
2018-10-24,7.457357883453369,7.712520891636714,7.449126616098588,7.654903590106964,11702500
2018-10-25,7.577973365783691,7.6528382159406965,7.528063994542458,7.553018680163075,9126200
2018-10-26,7.503110408782959,7.528065098061618,7.361699180711776,7.478154926209031,8647400
2018-10-29,7.461518287658691,7.5696563258329,7.386653430976914,7.553019338439074,9618300
2018-10-30,7.644519805908203,7.752657835830995,7.569655748234112,7.61956512001684,13429500
2018-10-31,7.877433776855469,7.935661648537555,7.8275236059170705,7.860796788777584,9089200
2018-11-01,7.73602294921875,7.819205514000279,7.661158085608666,7.810887812828833,12112500
2018-11-02,7.694430351257324,7.827523073649138,7.677793364310747,7.769295205926519,8302600
2018-11-05,7.819204807281494,7.877433469990541,7.7277037563033115,7.7277037563033115,9240100
2018-11-06,7.885751724243164,7.943980391041733,7.810887655436912,7.852478540341959,6901300
2018-11-07,7.993890285491943,8.0604366575836,7.9689355942814055,8.002208780327233,6291500
2018-11-08,7.910706520080566,8.027162256972742,7.869114845492557,7.993889075961377,5057100
2018-11-09,7.89407205581665,7.902390552051826,7.794252480880925,7.827525672526166,5318600
2018-11-12,7.769296169281006,7.877434217956741,7.711068294338419,7.835842538728335,7691300
2018-11-13,7.819204807281494,7.869114976275645,7.760976937867671,7.79425011943203,5937800
2018-11-14,7.694430351257324,7.8524777607738026,7.6195654965881285,7.827523073649138,5406400
2018-11-15,7.760976314544678,7.794249493436701,7.619565105929789,7.711066942854223,7020900
2018-11-16,7.760976314544678,7.794249493436701,7.694429956760631,7.719384642605859,4709700
2018-11-19,7.727701663970947,7.760974836526349,7.661155318860143,7.760974836526349,6507000
2018-11-20,7.561338424682617,7.644520988284714,7.5280652405827215,7.636203287231203,7108500
2018-11-21,7.544699192047119,7.5696546676712675,7.444879669435669,7.478152843639486,7539300
2018-11-23,7.561338424682617,7.619566298533613,7.5280652405827215,7.5280652405827215,3158400
2018-11-26,7.636202335357666,7.661157021998097,7.536382795500759,7.5447004955174455,6051900
2018-11-27,7.7110676765441895,7.744340858602078,7.644520519133177,7.6944306888676275,5458600
2018-11-28,8.201847076416016,8.226802558426332,7.9522986026748645,8.010526474108433,13928900
2018-11-29,8.052116394042969,8.151935920420145,8.035479409665902,8.143617428231611,12415800
2018-11-30,8.201847076416016,8.201847076416016,8.110346022263943,8.151937698985886,10463200
2018-12-03,8.235119819641113,8.268393000583888,8.201846638698338,8.24343831320061,13191200
2018-12-04,8.19352912902832,8.359895037612123,8.176892141522327,8.26839319291961,9518900
2018-12-06,8.176891326904297,8.201846012381964,8.077071791698478,8.126981955948962,17177400
2018-12-07,8.06043529510498,8.29334835135114,8.027162114683415,8.176891823228061,11353200
2018-12-10,7.960615634918213,7.9772526215280575,7.8441599018300385,7.943979441603553,7731000
2018-12-11,8.06043529510498,8.12698244924331,8.002207427691038,8.027162114683415,7952700
2018-12-12,8.035481452941895,8.168574188621179,8.035481452941895,8.126983303692862,5453300
2018-12-13,8.210164070129395,8.30166510756096,8.193527878457795,8.260074231734407,7971700
2018-12-14,8.226800918579102,8.326620446837598,8.210163933888472,8.309983462146969,7799600
2018-12-17,7.985571384429932,8.176891977131119,7.9356612162105895,8.168573483545359,10520400
2018-12-18,7.935661315917969,8.085391029162057,7.902388134452084,8.052117847696174,9742500
2018-12-19,7.844159126281738,7.9689333403384675,7.80256745716446,7.894068494586388,8175400
2018-12-20,7.719383716583252,7.935659750084361,7.602928001078858,7.910705067232715,23548800
2018-12-21,7.569657325744629,7.7443417499785925,7.569657325744629,7.661158388611819,15286200
2018-12-24,7.553019046783447,7.686111767613874,7.544700553407748,7.644520094030567,8590700
2018-12-26,7.802567958831787,7.802567958831787,7.5862919001525215,7.611246585909312,9004200
2018-12-27,7.860795497894287,7.860795497894287,7.719384295635539,7.7360212809813325,9856500
2018-12-28,7.844159126281738,7.902386987068864,7.80256745716446,7.885750002103911,6818500
2018-12-31,7.919025421142578,7.927343121852012,7.810887378967431,7.877433744414406,7229400
2019-01-02,7.993890285491943,8.093709843629426,7.877434530979212,7.90238922218975,9818900
2019-01-03,7.877433776855469,7.977253325437012,7.877433776855469,7.943980142576497,9404900
2019-01-04,8.01052474975586,8.085389593080833,7.902386730874795,7.919023715300381,7119000
2019-01-07,8.07707405090332,8.160257416822617,8.035482367943672,8.068755555652317,7732700
2019-01-08,8.110346794128418,8.193530155488892,8.085392103038407,8.168574671103553,9391600
2019-01-09,8.210164070129395,8.226801055096102,8.102026047731123,8.118663032697828,9634300
2019-01-10,8.218483924865723,8.226802418727905,8.068754208527375,8.135300572834366,13956500
2019-01-11,8.659354209899902,8.883948795383203,8.418123429174473,8.46803360149141,40526400
2019-01-14,8.626080513000488,8.659353694800776,8.426441422198767,8.468033097772933,34162200
2019-01-15,8.725898742675781,8.800763588761816,8.70094405841214,8.792445096242233,12153400
2019-01-16,8.825719833374023,8.850675315344795,8.775810456022981,8.792446650708245,12048400
2019-01-17,8.800764083862305,8.842355755504919,8.734217726552187,8.767490905207246,9581000
2019-01-18,8.875629425048828,8.892265618648887,8.800764570610568,8.817401557505825,10168700
2019-01-22,8.759173393249512,8.883948422152187,8.709264016324635,8.850675239770522,10437700
2019-01-23,8.759173393249512,8.784128875007193,8.67599083394297,8.784128875007193,8108100
2019-01-24,8.723210334777832,8.823573154648669,8.723210334777832,8.806845619197134,6627700
2019-01-25,8.82357406616211,8.84866457431858,8.706483698743794,8.790119789415858,8839100
2019-01-28,8.798482894897461,8.840300139469013,8.731573548834788,8.773391591019154,5192200
2019-01-29,8.765027046203613,8.80684508468159,8.714846038120236,8.773390813421758,8271100
2019-01-30,8.857028007507324,8.890482282986717,8.714847137316694,8.748301412796087,7026000
2019-01-31,9.032661437988281,9.04938817374536,8.932298630607741,8.932298630607741,10354900
2019-02-01,9.116299629211426,9.141390937295288,9.041028097798677,9.074482377630881,6651300
2019-02-04,9.091207504272461,9.099571272148463,9.024298956490052,9.057753230381257,7449000
2019-02-05,9.06611442565918,9.133022954455642,9.057750660156476,9.074478191161882,6926300
2019-02-06,9.116299629211426,9.149753909043628,9.074482377630881,9.124663398572713,5478400
2019-02-07,9.074480056762695,9.141388599314727,9.03266201826449,9.082843026372142,7116200
2019-02-08,9.082843780517578,9.107935084267469,9.041026536160043,9.057753274380495,4103300
2019-02-11,9.049389839172363,9.107935419128447,9.024299332112808,9.082844114456051,5929600
2019-02-12,9.007574081420898,9.082845615035195,8.999210311814986,9.074482643042254,6300600
2019-02-13,9.032661437988281,9.091206209557091,9.007570935546319,9.074479473800013,9532300
2019-02-14,8.999207496643066,8.999207496643066,8.882117151627929,8.907207654983772,8443400
2019-02-15,8.999207496643066,9.015934233009387,8.898844685606973,8.932298955952337,9269100
2019-02-19,8.82357406616211,8.840300805728798,8.681393190587324,8.756665512669608,13443300
2019-02-20,8.949028015136719,8.974118525005078,8.882119457079142,8.882119457079142,6693600
2019-02-21,8.82357406616211,8.882118851064831,8.773392252236297,8.865392111498142,6913200
2019-02-22,8.89047908782959,8.932297116553023,8.823570560917119,8.831934326184317,4644600
2019-02-25,9.041027069091797,9.133026128759274,9.015935763862874,9.057753808298221,7781200
2019-02-26,8.974117279052734,8.999208583050384,8.882118223899802,8.949026772667901,6343700
2019-02-27,8.949028015136719,8.974118525005078,8.840301408889923,8.873755687918713,6812900
2019-02-28,8.965754508972168,9.0075725522897,8.90720892928249,8.940663204413948,6815000
2019-03-01,9.06611442565918,9.091204924554708,8.982478365857311,9.024296395758245,8012100
2019-03-04,8.965754508972168,9.091207841311931,8.915572697468562,9.074481102552618,5650900
2019-03-05,9.007574081420898,9.032664592625665,8.907210441375895,8.96575603100431,5576000
2019-03-06,8.957388877868652,8.990843146042442,8.932298376141476,8.949025111422037,6026600
2019-03-07,8.773390769958496,8.95738965978242,8.765027002781787,8.9072078543349,8304200
2019-03-08,8.756664276123047,8.765027245919002,8.664664429852689,8.70648246928351,6145300
2019-03-11,8.82357406616211,8.840300805728798,8.748301744079827,8.765028483646516,5497300
2019-03-12,8.798482894897461,8.823573401162955,8.74830108475366,8.806845865244084,9129600
2019-03-13,8.82357406616211,8.865392111498142,8.765028483646516,8.806846528982547,10809900
2019-03-14,8.865391731262207,8.873754701880427,8.76502810771517,8.798483180639408,5964500
2019-03-15,8.949028015136719,9.007573601646795,8.94066424597629,8.94066424597629,7108200
2019-03-18,8.965754508972168,8.98248124773148,8.93230023384071,8.949026972600022,5828700
2019-03-19,9.116299629211426,9.124663398572713,9.024300559076101,9.03266432843739,7204100
2019-03-20,9.149752616882324,9.233388703457914,9.099571603027236,9.1748439214227,7616300
2019-03-21,9.250116348266602,9.266843087210123,9.149752724154096,9.149752724154096,5108000
2019-03-22,9.099570274353027,9.300295895690082,9.082842740435247,9.241751122203286,8525300
2019-03-25,9.049389839172363,9.099571650904315,9.007572593277382,9.082844114456051,7322400
2019-03-26,9.049389839172363,9.099571650904315,9.007572593277382,9.082844114456051,4427200
2019-03-27,8.974117279052734,9.057753363819266,8.923936266283068,9.024299089435218,5644900
2019-03-28,9.099570274353027,9.149751280880933,9.057752237171295,9.12466077761698,5429900
2019-03-29,9.141389846801758,9.225025137598783,9.1330260784382,9.141389846801758,5862300
2019-04-01,9.275206565856934,9.333751346750383,9.225024755367679,9.25847902982291,5765400
2019-04-02,9.350478172302246,9.41738671612876,9.28356962847573,9.333750637539238,7661600
2019-04-03,9.367204666137695,9.43411320822625,9.333750395093418,9.367204666137695,7516300
2019-04-04,9.258478164672852,9.325386707331106,9.199933389250065,9.275205699143786,5658700
2019-04-05,9.467567443847656,9.501021714766765,9.325386593038264,9.342114127304184,9160300
2019-04-08,9.45920467376709,9.517749449706715,9.425750402142626,9.434113371839178,4759200
2019-04-09,9.325387001037598,9.417386848299824,9.31702403115148,9.392295545803162,15865500
2019-04-10,9.266841888427734,9.342114197968273,9.233387617255577,9.300296159599892,15151400
2019-04-11,9.174842834472656,9.258478113527083,9.116297261760545,9.241751376761293,19697600
2019-04-12,8.82357406616211,8.957391173147114,8.739937975490045,8.865392111498142,27590500
2019-04-15,8.840301513671875,8.873755793097189,8.78175672408081,8.873755793097189,15949200
2019-04-16,8.673028945922852,8.840300320472346,8.66466517779217,8.831937349954494,21431800
2019-04-17,8.706483840942383,8.748301886961407,8.67302956364974,8.714847609668764,10317700
2019-04-18,8.689757347106934,8.773392643899788,8.647939299904053,8.739938365660064,18307000
2019-04-22,8.739935874938965,8.756663408098241,8.689754870686498,8.731572108359327,7392500
2019-04-23,8.806845664978027,8.898845515214134,8.765027623744595,8.765027623744595,13314800
2019-04-24,8.848662376403809,8.949025181713496,8.831935640991865,8.882116644840371,12134700
2019-04-25,8.798482894897461,8.840300139469013,8.698119274609859,8.840300139469013,7030200
2019-04-26,8.907207489013672,8.932298789514704,8.831935980348693,8.8988445197927,5366900
2019-04-29,8.990842819213867,9.01593332002897,8.915570519155915,8.940661019971019,6956900
2019-04-30,8.999207496643066,9.09957030767916,8.990843729653545,9.049388503354754,8432300
2019-05-01,9.007574081420898,9.09957315424702,8.999210311814986,9.041028362231577,9212300
2019-05-02,8.840301513671875,8.965755659726506,8.756666213915057,8.898847100875878,12516500
2019-05-03,8.63957405090332,8.831936716037939,8.422120880790368,8.831936716037939,30580400
2019-05-06,8.739935874938965,8.798481443383752,8.622846333274754,8.622846333274754,13121800
2019-05-07,8.64793872833252,8.74830155641837,8.606120683893534,8.731574019597634,13262100
2019-05-08,8.689757347106934,8.723211625346657,8.581030743424606,8.7148478563835,11854500
2019-05-09,8.530847549438477,8.664664640784526,8.522483781826153,8.64793790317266,18123600
2019-05-10,8.581029891967773,8.589393660101033,8.455575762807376,8.555938587567995,19016300
2019-05-13,8.455575942993164,8.514121523560737,8.397031160038438,8.505757755249249,13309000
2019-05-14,8.539212226867676,8.606120779669524,8.472303674065829,8.489030413459858,5885600
2019-05-15,8.689757347106934,8.689757347106934,8.522485158295408,8.55593943653513,11611400
2019-05-16,8.790120124816895,8.831938171748561,8.756665846794142,8.765028818090151,8502800
2019-05-17,8.505756378173828,8.731572502734634,8.489028844259026,8.698118232517748,12427600
2019-05-20,8.530847549438477,8.664664640784526,8.48902950898964,8.62284739794847,17155700
2019-05-21,8.51412296295166,8.539213474515062,8.463941142211876,8.5308497047896,13841200
2019-05-22,8.547575950622559,8.631211242380585,8.514121674396776,8.522484645243575,8639200
2019-05-23,8.497393608093262,8.530847882234857,8.371940279465482,8.43048505981007,6115600
2019-05-24,8.555935859680176,8.656299450054716,8.555935859680176,8.58939092154674,10594200
2019-05-28,8.614485740661621,8.739939095128165,8.614485740661621,8.698121044434991,13101000
2019-05-29,8.589391708374023,8.647936476778327,8.555936643442823,8.639572710545526,9885000
2019-05-30,8.840301513671875,8.865392821450563,8.673030116545304,8.681393885804868,9560600
2019-05-31,8.756664276123047,8.806845285349823,8.70648246928351,8.781754780736435,8501000
2019-06-03,8.739935874938965,8.890480482921728,8.706481606233092,8.831935712089622,16517600
2019-06-04,8.848662376403809,8.865389909428428,8.71484530265756,8.781753839530685,8956200
2019-06-05,8.731573104858398,8.840299689964176,8.723210134937009,8.831936720042787,7705300
2019-06-06,8.806845664978027,8.848663706211457,8.748300885818901,8.748300885818901,5068500
2019-06-07,8.89047908782959,8.932297116553023,8.79848006272808,8.79848006272808,4587400
2019-06-10,9.015935897827148,9.041027203428891,8.974117852770442,8.999209158372187,6059100
2019-06-11,9.06611442565918,9.074478191161882,8.965751632464483,9.06611442565918,6582600
2019-06-12,9.032661437988281,9.116296711999054,9.007570935546319,9.04938817374536,7234800
2019-06-13,9.007217407226562,9.075068321835497,8.939366492617626,9.015698973764355,11253600
2019-06-14,8.990253448486328,9.049622785763574,8.96480875349903,8.98177188349056,4910900
2019-06-17,8.990253448486328,9.032659655772044,8.879995530081043,8.922402546213315,5351000
2019-06-18,9.117475509643555,9.185326425472699,9.108993942953232,9.151400967558127,9545700
2019-06-19,8.990253448486328,9.15988070416886,8.98177188349056,9.142917574177329,17172400
2019-06-20,9.134439468383789,9.15988336190707,9.058106978967155,9.15140179445038,14996300
2019-06-21,9.092033386230469,9.151402746912783,9.058107921719593,9.092033386230469,8959000
2019-06-24,9.058107376098633,9.134439868861886,9.032662672612997,9.092032838565986,6824800
2019-06-25,9.032662391662598,9.075069420639476,8.998736930250455,9.075069420639476,8018600
2019-06-26,9.041142463684082,9.058105596007593,8.990254684406887,9.041142463684082,4425400
2019-06-27,9.007217407226562,9.049624431068823,8.922404168388745,8.981773516459887,7636900
2019-06-28,9.075068473815918,9.083550040495753,9.015699124750515,9.02418069143035,6315300
2019-07-01,9.075068473815918,9.075068473815918,9.007217558070682,9.075068473815918,8891900
2019-07-02,9.125958442687988,9.151402337721741,9.092032979694038,9.100513738807395,7007200
2019-07-03,9.108994483947754,9.134439185529915,9.049625131282912,9.066587456824253,6879500
2019-07-05,9.066588401794434,9.075069969872482,8.939368116011092,8.96481201139839,18833300
2019-07-08,8.956332206726074,9.007220002924253,8.947850637744066,8.990257673807172,13564300
2019-07-09,8.837590217590332,8.94784815725028,8.795183193283165,8.939366590619505,23515700
2019-07-10,8.888479232788086,8.998737187744217,8.854553770405186,8.947849398593279,14954300
2019-07-11,9.092033386230469,9.092033386230469,8.930886823168649,8.964812287679527,15798500
2019-07-12,9.668766975402832,9.804469652012385,9.558509814480905,9.617879179415317,41385700
2019-07-15,9.753581047058105,9.863839016825612,9.702692442224283,9.753581047058105,13349700
2019-07-16,9.779024124145508,9.829912724707457,9.745098660053163,9.779024124145508,8621500
2019-07-17,9.745098114013672,9.872319203866633,9.73661654625411,9.838393741675207,9347900
2019-07-18,9.795985221862793,9.82991067889453,9.745096631891839,9.753578198361447,9554000
2019-07-19,9.660284996032715,9.787505278791363,9.651803428156317,9.762061384009,10326900
2019-07-22,9.71965217590332,9.770540762913907,9.702689043950908,9.711170609927114,6380400
2019-07-23,9.745098114013672,9.787505143964658,9.702691084062685,9.73661654625411,6815600
2019-07-24,9.71965217590332,9.80446621797208,9.711170609927114,9.745096064985288,9101500
2019-07-25,9.770543098449707,9.795986993613745,9.736616826435199,9.770543098449707,7030300
2019-07-26,9.736617088317871,9.804468825325031,9.71965476070123,9.779024120629773,4230100
2019-07-29,9.76206111907959,9.79598658081766,9.72813565734152,9.79598658081766,6082600
2019-07-30,9.685728073120117,9.745097425549124,9.660284180485794,9.728135100075162,5375600
2019-07-31,9.600915908813477,9.770544050019009,9.49065794056865,9.745099343530025,20376600
2019-08-01,9.550026893615723,9.660284847776277,9.499138295985151,9.507619863731383,9424600
2019-08-02,9.397360801696777,9.507618742858797,9.371916910304535,9.490655609366152,10132700
2019-08-05,9.244696617126465,9.354954567608857,9.193808830040311,9.32102910660249,7132500
2019-08-06,9.329510688781738,9.363436149841618,9.25317819918531,9.337992256258406,15365300
2019-08-07,9.465211868286133,9.465211868286133,9.2277336575449,9.287103008018523,14179700
2019-08-08,9.541543960571289,9.626358008203937,9.499136936754965,9.541543960571289,11876300
2019-08-09,9.439767837524414,9.550025778814247,9.397360812590366,9.541544212058092,6107900
2019-08-12,9.414324760437012,9.439768654059634,9.363436164344972,9.380399299324583,4599900
2019-08-13,9.380398750305176,9.414324209432003,9.142919727570641,9.202289887677649,12558600
2019-08-14,9.15140151977539,9.304066494026491,9.15140151977539,9.295584926824372,8238800
2019-08-15,9.2701416015625,9.371917987678172,9.13443975340827,9.219253004081255,14914000
2019-08-16,9.38887882232666,9.405841955073807,9.25317699573624,9.261658562109814,9420600
2019-08-19,9.439767837524414,9.48217486245846,9.380398487924781,9.380398487924781,11201500
2019-08-20,9.609395980834961,9.66028457703934,9.490656462255942,9.533063490951792,13538500
2019-08-21,9.583953857421875,9.711174158161668,9.56699071927153,9.668767121632756,7062900
2019-08-22,9.507617950439453,9.609394316372526,9.490654818360612,9.56698729502208,6352600
2019-08-23,9.422805786132812,9.600914664232564,9.414325027249447,9.550026875545102,8412800
2019-08-26,9.439767837524414,9.524581078545785,9.414323946102675,9.5076187538802,6104400
2019-08-27,9.456730842590332,9.465212409956726,9.397361488719147,9.414324623451934,6968800
2019-08-28,9.499138832092285,9.550027432594879,9.439769472211646,9.490657263867375,5520600
2019-08-29,9.660284996032715,9.736616680379806,9.566989367085995,9.566989367085995,10932700
2019-08-30,9.745098114013672,9.753579681773234,9.643321727439396,9.73661654625411,7067000
2019-09-03,9.566988945007324,9.677246895995623,9.516101157687677,9.660284569838005,9252700
2019-09-04,9.906245231628418,9.906245231628418,9.677247742127188,9.694210878614776,18432500
2019-09-05,10.237017631530762,10.24549919921685,9.974095504036582,9.999539398248029,25060600
2019-09-06,10.01650333404541,10.21157455333279,10.01650333404541,10.19461222545196,10360200
2019-09-09,9.872318267822266,9.982576211701991,9.829911241892102,9.982576211701991,6583300
2019-09-10,9.855356216430664,9.87231935220467,9.745098260440129,9.804468426802314,9401500
2019-09-11,9.821430206298828,9.889281127919283,9.804467880317109,9.880799560505029,9023800
2019-09-12,9.906245231628418,9.931689127512932,9.829912735128008,9.880800526897037,7979500
2019-09-13,9.98257827758789,10.067391538153503,9.931689674170995,9.991059037451615,9378200
2019-09-16,9.974095344543457,9.974095344543457,9.804468037768256,9.829911931572836,8333600
2019-09-17,9.897762298583984,9.974094784558922,9.889280731509713,9.906243865658256,8195500
2019-09-18,9.923206329345703,9.974094923654254,9.821429949575366,9.94016946373081,8528000
2019-09-19,9.838394165039062,9.90624509234166,9.821431028789984,9.889281956092583,8105000
2019-09-20,9.626358985900879,9.83839331767097,9.626358985900879,9.762060828818251,14943600
2019-09-23,9.329510688781738,9.38888004342483,9.168364950959006,9.312547553828402,18658500
2019-09-24,9.363435745239258,9.550026177429256,9.337991852755499,9.541544610319084,14108100
2019-09-25,9.380398750305176,9.456730426705475,9.354954049324995,9.439768101565436,17286800
2019-09-26,9.439767837524414,9.473693295702306,9.32950989623458,9.388879245834211,9697400
2019-09-27,9.507617950439453,9.516099516478873,9.380397695234775,9.46521092908901,10509800
2019-09-30,9.643321990966797,9.68572902207666,9.592434200712436,9.609396527848276,12125900
2019-10-01,9.363435745239258,9.541544610319084,9.337991852755499,9.507619150725153,10800900
2019-10-02,9.397360801696777,9.431286259835343,9.278621293788435,9.304065994027402,8582600
2019-10-03,9.465211868286133,9.507618893844466,9.380398626016204,9.380398626016204,7168100
2019-10-04,9.516100883483887,9.550026343668364,9.44824996311493,9.507619316226073,7018000
2019-10-07,9.575470924377441,9.592434060111486,9.414325179138165,9.46521296864664,8589300
2019-10-08,9.431286811828613,9.541544759443799,9.422805244585883,9.507619299319646,9263600
2019-10-09,9.465211868286133,9.533062785640771,9.397360950931494,9.40584251781251,8826400
2019-10-10,9.482175827026367,9.507619721036368,9.278622248405934,9.363436306901681,13331900
2019-10-11,9.30406665802002,9.592433477200736,9.295585090668402,9.575470342497502,31213600
2019-10-14,9.007217407226562,9.287102632200096,8.947848059155419,9.270140307971214,36090800
2019-10-15,9.0496244430542,9.134438490851048,8.913922613656604,9.041142876505173,41270700
2019-10-16,8.990253448486328,9.125955253032354,8.95632799734982,9.05810435075934,29060900
2019-10-17,8.98177433013916,9.100513037038253,8.896960274771141,9.007218223210854,37682300
2019-10-18,8.964810371398926,9.066586743176261,8.964810371398926,9.024180528237398,22623800
2019-10-21,7.879196643829346,7.997936174483076,7.573867462094313,7.58234822161846,77165400
2019-10-22,7.735812664031982,7.795913053814854,7.64136825859444,7.770155860880252,48623900
2019-10-23,7.761569976806641,7.898942766320781,7.684297578003334,7.81308518227765,25956700
2019-10-24,7.66712760925293,7.71864200411814,7.521168792457261,7.65854160383988,28788000
2019-10-25,7.8989434242248535,7.941872629225204,7.649955017790592,7.667127027313326,23665400
2019-10-28,7.864599227905273,7.984800822920985,7.856013224231356,7.890356420120648,11893500
2019-10-29,7.993388652801514,8.062075060272512,7.864601024688467,7.916116239694999,24147000
2019-10-30,8.001973152160645,8.105002754515608,7.9933879660692675,8.062074367639244,14840500
2019-10-31,8.23379135131836,8.353992158965488,8.190862140527274,8.259548550270374,30212200
2019-11-01,8.173690795898438,8.319648799790517,8.156518784377853,8.259548397081627,10537300
2019-11-04,8.37975025177002,8.663081899199367,8.37975025177002,8.43985065613182,21739400
2019-11-05,8.34540843963623,8.431266057512378,8.293893213865154,8.362579635688766,11662500
2019-11-06,8.482778549194336,8.499949739712415,8.431263340027154,8.482778549194336,12466800
2019-11-07,8.60297966003418,8.688837245267361,8.568635643373197,8.637322857888737,12326100
2019-11-08,8.311062812805176,8.56005122423972,8.293890802937588,8.551465219305925,32583800
2019-11-11,8.405506134033203,8.474192533630099,8.328233729785078,8.371162934234755,16820700
2019-11-12,8.371162414550781,8.37974841866899,8.319647208647952,8.353990406314365,9914300
2019-11-13,8.336819648742676,8.34540565330565,8.233790050406366,8.242376054969341,9327100
2019-11-14,8.474191665649414,8.491363673193007,8.379748080578814,8.405505273087815,6339100
2019-11-15,8.465606689453125,8.517121899530556,8.431263489003667,8.474192694267112,9996700
2019-11-18,8.465606689453125,8.474192694267112,8.396920288554208,8.465606689453125,10115400
2019-11-19,8.439848899841309,8.534292489728985,8.42267771022829,8.525707304325689,13020000
2019-11-20,8.517121315002441,8.568635702737966,8.414091720724963,8.414091720724963,8461600
2019-11-21,8.474191665649414,8.525706869473806,8.431262465596818,8.499948858158415,4301600
2019-11-22,8.242374420166016,8.379747190701066,8.225202414445985,8.285302796853495,23598600
2019-11-25,8.474191665649414,8.48277766942121,8.285303676701826,8.336818880526218,16600800
2019-11-26,8.28530502319336,8.40550663911399,8.28530502319336,8.319648225055465,20127900
2019-11-27,8.396919250488281,8.405505254240826,8.285303658124354,8.311061669381989,8987600
2019-11-29,8.439848899841309,8.448434904051032,8.353990495356928,8.353990495356928,4669500
2019-12-02,8.319646835327148,8.353990031452506,8.28530363920179,8.345404846525954,9664000
2019-12-03,8.30247688293457,8.362577280401505,8.285304872911729,8.345406089185168,4134300
2019-12-04,8.465606689453125,8.50853589471657,8.396920288554208,8.465606689453125,8169800
2019-12-05,8.491363525390625,8.534291905889614,8.45702032970761,8.52570672107364,6628000
2019-12-06,8.534294128417969,8.56863733304475,8.525708941366211,8.534294128417969,3731800
2019-12-09,8.534294128417969,8.6373245611049,8.525708941366211,8.56863733304475,6421400
2019-12-10,8.620150566101074,8.637322573866896,8.517120975925332,8.55146417265058,12796700
2019-12-11,8.645907402038574,8.671665412624012,8.602979022008906,8.654493405567054,14914900
2019-12-12,8.611564636230469,8.620150640187173,8.499949041212533,8.508535045169236,9539700
2019-12-13,8.654494285583496,8.706009493186237,8.620151086783817,8.628737091185348,8067400
2019-12-16,8.69742202758789,8.706008030546943,8.64590682863988,8.654492831598933,7558000
2019-12-17,8.834796905517578,8.860554101727763,8.7403533068759,8.817625714312957,15342000
2019-12-18,8.869140625,8.903483828222587,8.834797421777415,8.877726630507285,10213900
2019-12-19,8.81762409210205,8.84338128357359,8.723179692029154,8.834795280147626,7302800
2019-12-20,8.834796905517578,8.869140106733324,8.791867699296269,8.80045370430183,6327100
2019-12-23,8.834796905517578,8.851968915528703,8.791867699296269,8.834796905517578,3500900
2019-12-24,8.791865348815918,8.826208540850109,8.766108159491845,8.826208540850109,1730800
2019-12-26,8.731766700744629,8.826210292884475,8.723180696330157,8.800453098447509,5815700
2019-12-27,8.809040069580078,8.877726474820713,8.791868058866651,8.800454064223365,8082900
2019-12-30,8.723180770874023,8.817625182627394,8.688837571729104,8.80903917813955,6427000
2019-12-31,8.860553741455078,8.860553741455078,8.72318094217771,8.72318094217771,5474500
2020-01-02,8.834796905517578,8.877726111738887,8.783281694290705,8.843382910523141,5688000
2020-01-03,8.851967811584473,8.88631100851722,8.809038610716938,8.834795803714897,6992200
2020-01-06,8.766108512878418,8.80045170629708,8.731765319459756,8.774694515934662,10068900
2020-01-07,8.671667098999023,8.731767497773347,8.671667098999023,8.688838290588892,10589100
2020-01-08,8.663080215454102,8.688837409630652,8.577221809790347,8.58580781411801,13440400
2020-01-09,8.997926712036133,9.023684726495878,8.714595103430835,8.766110313543837,28436900
2020-01-10,9.143885612487793,9.573176032206591,9.118128416570483,9.530247645279907,30794600
2020-01-13,9.341358184814453,9.42721576417914,9.272671793800155,9.401458572250371,13659600
2020-01-14,9.324187278747559,9.358530478310284,9.246915693836277,9.332773283339856,15188300
2020-01-15,9.315601348876953,9.384287742516067,9.212570939611881,9.298429341063974,11884300
2020-01-16,9.315601348876953,9.392872927616157,9.281258152057395,9.307015344970463,8511200
2020-01-17,9.341358184814453,9.375701380321601,9.20398540278586,9.307014989307305,6604300
2020-01-21,9.315601348876953,9.36711573470309,9.246914955237838,9.246914955237838,15790000
2020-01-22,9.478732109069824,9.504489304102442,9.375702510132882,9.392873700552471,22364600
2020-01-23,9.495903968811035,9.54741835806533,9.341359163435238,9.521661163438184,27833700
2020-01-24,9.470144271850586,9.547416660801614,9.392871882899557,9.504487464850342,21191300
2020-01-27,9.43580150604248,9.45297351272295,9.298428727824112,9.298428727824112,13542100
2020-01-28,9.53024673461914,9.564589932162727,9.401459129725877,9.435802327269464,15422800
2020-01-29,9.495903968811035,9.67620596881398,9.4787319598553,9.598933566126082,19730500
2020-01-30,9.495903968811035,9.513075158960316,9.418631566123135,9.444388760750284,10487100
2020-01-31,9.410042762756348,9.44438595164645,9.358527570018088,9.410042762756348,24260300
2020-02-03,9.392874717712402,9.401460723255216,9.25550190425363,9.341360322068642,11681900
2020-02-04,9.53024673461914,9.581761121531313,9.487317532988053,9.513074726444138,7737200
2020-02-05,9.478732109069824,9.556004512974146,9.470146104456795,9.530247317941528,10488300
2020-02-06,9.410042762756348,9.478729140536553,9.40145676083227,9.418628764680426,16312500
2020-02-07,9.315601348876953,9.435802128342203,9.307015344970463,9.401458931522646,8140300
2020-02-10,9.375701904296875,9.410045101723345,9.298429505385712,9.315601513502155,4589700
2020-02-11,9.401459693908691,9.470146093117744,9.38428850350966,9.418631703114187,6526500
2020-02-12,9.633275985717773,9.633275985717773,9.495903200413755,9.513074389173562,9928100
2020-02-13,9.53024673461914,9.667619524793489,9.52166073053164,9.6332763272499,9416900
2020-02-14,9.452973365783691,9.547416944639181,9.452973365783691,9.513073750618426,5420300
2020-02-18,9.624689102172852,9.676204301356213,9.564588718797522,9.573173902989488,8421200
2020-02-19,9.701964378356934,9.736307581762532,9.633277971545736,9.650449163845257,7540600
2020-02-20,9.753478050231934,9.770650060063632,9.607519241888472,9.63327725663602,11640000
2020-02-21,9.796407699584961,9.822164896692298,9.701964097653706,9.727721294761043,10524200
2020-02-24,9.633275985717773,9.693376374586684,9.538831581716469,9.538831581716469,11279100
2020-02-25,9.461560249328613,9.736305827057976,9.392873036089863,9.616104227398175,20686000
2020-02-26,9.444388389587402,9.56458999113428,9.401459187691628,9.45297439372784,16736100
2020-02-27,9.11812686920166,9.367115237632357,9.109540865750791,9.289842844187252,23272000
2020-02-28,8.645907402038574,8.851967392690257,8.577221011423468,8.740351803239118,21543200
2020-03-02,8.8948974609375,8.92065547641171,8.611565841173336,8.697424255141,16473900
2020-03-03,8.766108512878418,9.049440063283964,8.697422126041092,8.87772409619065,12922700
2020-03-04,8.989340782165527,8.997925967468541,8.774695592268207,8.886311189271584,12536000
2020-03-05,8.69742202758789,8.894895182808263,8.64590682863988,8.860551989778358,12249800
2020-03-06,8.396919250488281,8.620150435216134,8.233789273221856,8.551464042808547,15525700
2020-03-09,7.795912265777588,8.027729435175344,7.54692390909462,7.907527848953583,12921200
2020-03-10,7.890356540679932,8.11358772677434,7.7358125662199795,8.087830534165413,21848100
2020-03-11,7.641369342803955,7.881772573658292,7.5984409547574465,7.7787429684949405,24616200
2020-03-12,6.911575794219971,7.203493405273225,6.868646589275701,7.126221000134836,17213700
2020-03-13,7.194906711578369,7.418137900867993,6.868645931571934,7.38379470396239,35410600
2020-03-16,6.32774019241333,6.7570305784832145,6.216124593778388,6.310568593346663,19661600
2020-03-17,6.757030487060547,6.808545283563552,6.113094916668173,6.353497709752071,20011000
2020-03-18,6.310568332672119,6.465113127291458,6.0787515501463085,6.095923148503657,25345100
2020-03-19,6.121681213378906,6.310568809584665,6.035823215103562,6.284811614803676,13834300
2020-03-20,5.958549976348877,6.490869900408644,5.889863587360929,6.439355108667683,22880400
2020-03-23,6.113094806671143,6.173195606211486,5.8040060332147565,5.941378821417595,26046500
2020-03-24,6.645415306091309,6.92016172345252,6.447942111831708,6.722687710386447,20455100
2020-03-25,7.031775951385498,7.194906751701635,6.593899983695583,6.662586787293032,22259700
2020-03-26,7.813085079193115,7.838842272185578,7.22924991265463,7.297936306505464,29555000
2020-03-27,7.306522846221924,7.581268441772209,7.255007637653015,7.4267236348719425,23759500
2020-03-30,7.289350509643555,7.426723301247617,7.169149726393213,7.220664113841524,13054500
2020-03-31,7.048947811126709,7.315108197137949,6.9974326071609765,7.280764181956535,20571700
2020-04-01,6.679758548736572,6.885818145747554,6.662586949769259,6.75703053938788,15617300
2020-04-02,6.7913737297058105,6.885818138024936,6.645414933945731,6.6969301401931105,7323600
2020-04-03,6.490870475769043,6.705515665084435,6.405012481923529,6.696930070401487,15539600
2020-04-06,7.083291053771973,7.109048246519898,6.696929887327507,6.748444682226556,16003400
2020-04-07,7.194906711578369,7.529753495512805,7.169149518600767,7.443895093845596,15033000
2020-04-08,7.280764102935791,7.315108117744457,7.031775727217618,7.2206637146333845,13721300
2020-04-09,7.315108776092529,7.452481572465007,7.272179572524516,7.340865970710755,9988000
2020-04-13,7.297936916351318,7.340866120797031,7.143392107869337,7.297936916351318,5684500
2020-04-14,7.443896293640137,7.5039966932102224,7.28076546794057,7.375209888758171,7582100
2020-04-15,7.1519775390625,7.263593134149247,7.083291144979334,7.10904833805892,8004400
2020-04-16,7.057534217834473,7.143391804270425,6.945918618541943,7.126220614505808,9811400
2020-04-17,7.366622447967529,7.375208451606317,7.203492472862417,7.2550068570824,14965900
2020-04-20,7.306522846221924,7.495410033759514,7.16056404388422,7.272179646778139,9658400
2020-04-21,7.083291053771973,7.237835847872316,6.954504271225949,6.954504271225949,9776700
2020-04-22,7.340866565704346,7.375209767581058,7.160564551149975,7.194907753026688,9961600
2020-04-23,7.546926021575928,7.718642036525157,7.512582818586082,7.632784438453816,11386000
2020-04-24,7.521167755126953,7.5640969574648,7.383794962690988,7.495409742440387,7976800
2020-04-27,7.66712760925293,7.684298801272485,7.546925989889867,7.624198400994225,5505300
2020-04-28,7.546926021575928,7.6671276414436615,7.46106760469804,7.641369625096368,9793600
2020-04-29,8.147933006286621,8.156519012286823,7.727228537955938,7.735814543956139,20772500
2020-04-30,7.924700736999512,8.165103961037202,7.813085948675612,8.122174755401437,13033600
2020-05-01,7.778741359710693,7.830255742235006,7.6928829637617095,7.795912547616682,5863600
2020-05-04,7.66712760925293,7.71864200411814,7.555511995302916,7.71864200411814,8592000
2020-05-05,7.649954319000244,7.84742831644087,7.632783129852507,7.821670304509654,5337700
2020-05-06,7.607025146484375,7.675711540946044,7.503995554791871,7.64136834371521,5179400
2020-05-07,7.761569976806641,7.770155980852878,7.6499543806247985,7.718640775381869,7759400
2020-05-08,7.873187065124512,7.881773070797979,7.718642238228373,7.795914651676442,8072000
2020-05-11,7.727228164672852,7.8474297864492355,7.641369746431641,7.8474297864492355,6883800
2020-05-12,7.856013774871826,8.062073783457029,7.795913382554628,7.873185783423274,14818900
2020-05-13,7.340866565704346,7.847429407490745,7.306523363827633,7.838843402319937,25972500
2020-05-14,7.452481269836426,7.4610664551562405,7.1863208735680875,7.263593273091361,14592500
2020-05-15,7.46965217590332,7.4868241835043285,7.33227939032081,7.340865394121314,6360300
2020-05-18,7.69288444519043,7.752984842644521,7.5984408465044995,7.615612037717166,9250200
2020-05-19,7.546926021575928,7.710056031076059,7.529754829484278,7.692884838984409,12363000
2020-05-20,7.727228164672852,7.761571368208024,7.598441356117595,7.632784559652768,10458500
2020-05-21,7.66712760925293,7.744400020357288,7.615612395581176,7.692884806685535,11336400
2020-05-22,7.77015495300293,7.787326140017556,7.710053751435978,7.778740955913395,5827800
2020-05-26,7.787327289581299,7.898942887475106,7.658540502138059,7.873185693747743,8686400
2020-05-27,8.027731895446777,8.062075099348736,7.890358261032375,7.898944266709507,10198100
2020-05-28,7.890356540679932,8.079244530360306,7.87318535187611,8.044901333946274,12831000
2020-05-29,7.922570705413818,7.957395157359971,7.818096519294933,7.870333612354376,7768600
2020-06-01,8.061868667602539,8.087986799492272,7.974807120929507,7.974807120929507,3269200
2020-06-02,8.166342735290527,8.192460869450544,8.08798750252996,8.131518279650333,6388700
2020-06-03,8.070573806762695,8.235989724887396,8.035748528967684,8.209871596821458,13863000
2020-06-04,8.070573806762695,8.175047149306767,7.992218592284561,8.044454848416436,15375600
2020-06-05,8.166342735290527,8.314346879331483,8.148930092330172,8.175049056770705,8806000
2020-06-08,8.323052406311035,8.349170537977873,8.20116640806507,8.244697181030089,11967900
2020-06-09,8.122810363769531,8.227283710183375,8.079279595193675,8.227283710183375,8096900
2020-06-10,8.09669303894043,8.175048264103534,8.018337813777325,8.15763562283154,12306300
2020-06-11,7.713623523712158,7.966101019683537,7.6962117120660976,7.948689208037475,10391500
2020-06-12,7.931276321411133,7.948688962800436,7.731035927116789,7.809391152807772,6634900
2020-06-15,8.027044296264648,8.044456107607287,7.757154163069916,7.7832722952241,7467600
2020-06-16,7.939982891082764,8.11410515903361,7.8964521165249355,8.009631798263102,15298100
2020-06-17,8.122810363769531,8.148928492802904,7.931275480203977,7.931275480203977,15289000
2020-06-18,8.027044296264648,8.140223975973377,7.9835135224873754,8.061868749230376,8988700
2020-06-19,7.974806785583496,8.157635361684445,7.966100465226211,8.079280139029695,8513200
2020-06-22,7.966100215911865,8.061868076283949,7.922570276048608,8.009630986055505,7625100
2020-06-23,8.201164245605469,8.331755699786106,8.183751608898602,8.235988688738987,8398100
2020-06-24,7.896451473236084,8.166341589283494,7.861627022482908,8.122810818271926,13176300
2020-06-25,8.087985038757324,8.096691357585371,7.879038368565766,7.887744687393813,8126100
2020-06-26,8.296934127807617,8.462350912644487,8.244697860171083,8.410113814727447,14009200
2020-06-29,8.331758499145508,8.340464820424149,8.209873322366516,8.270815910756012,7814800
2020-06-30,8.410113334655762,8.444937787852414,8.288228163607709,8.323052616804361,10269600
2020-07-01,8.427525520324707,8.471055461754483,8.29693320519414,8.323052166388502,12302500
2020-07-02,8.636472702026367,8.740946061694373,8.61035456967948,8.706121608471705,12533400
2020-07-06,8.801886558532715,8.90635989340868,8.76706211357406,8.845417322301099,8629600
2020-07-07,8.915067672729492,9.054365475384579,8.897655862537803,8.993422894293078,17172600
2020-07-08,9.002131462097168,9.02824959904583,8.793184705946665,8.793184705946665,15182500
2020-07-09,8.906360626220703,9.02824660874486,8.836711730572707,9.010834799973026,9799800
2020-07-10,9.045660018920898,9.054365508908775,8.897655895481778,8.932480346274488,7959000
2020-07-13,9.115309715270996,9.254607530587228,9.089190752188848,9.13272152704529,13485700
2020-07-14,9.219781875610352,9.219781875610352,8.949891770885925,8.97601073056531,13468400
2020-07-15,10.368989944458008,10.621467419426292,10.142630599926335,10.194867691079951,34662300
2020-07-16,10.647586822509766,10.682412107628247,10.368991183805885,10.447346414761476,21368700
2020-07-17,10.68241024017334,10.760764627150843,10.46475722791501,10.543111614892515,20643000
2020-07-20,10.952301025390625,10.97841915799591,10.7346479830255,10.900064760180056,16665600
2020-07-21,10.873946189880371,10.995832196906303,10.847828056332133,10.961007742081822,14563100
2020-07-22,10.708529472351074,10.847827281701912,10.673705020013365,10.743353924688783,10959500
2020-07-23,10.656291961669922,10.795589765569334,10.59534938003403,10.664998281983737,11821600
2020-07-24,10.734646797180176,10.795589376620399,10.586642678299317,10.664997897739815,8750200
2020-07-27,11.030655860900879,11.056773992576607,10.926182503917529,11.039362181552933,6335100
2020-07-28,10.952301025390625,11.135129614188548,10.943594704428708,11.100305160621346,9797300
2020-07-29,11.18736743927002,11.24831002941691,11.013244329798011,11.021950651327716,13711300
2020-07-30,11.274426460266113,11.309250910842765,11.048067116377679,11.065479756806202,10135600
2020-07-31,11.18736743927002,11.300546298034098,11.109012206063719,11.291840806784911,8049700
2020-08-03,11.248308181762695,11.291838951980305,11.06547961107304,11.135128511309063,8779600
2020-08-04,11.004537582397461,11.100304617450988,10.969713130534322,11.100304617450988,9241900
2020-08-05,11.013243675231934,11.082892582768984,10.96971373073163,11.039362638268681,9359800
2020-08-06,11.169955253601074,11.26572230350776,11.082893695300049,11.2221923546378,9597900
2020-08-07,10.96971321105957,11.091598378335066,10.917476117741193,11.04806760561649,10051700
2020-08-10,10.961008071899414,11.056775117978253,10.900065481692929,10.995832527771766,7134300
2020-08-11,10.995830535888672,11.143834654105508,10.995830535888672,11.013242345530458,7169100
2020-08-12,11.109009742736816,11.135127871253939,10.995830078788831,11.074185294620538,8224800
2020-08-13,11.126423835754395,11.152542799913714,11.021950469958638,11.06548124661033,8451400
2020-08-14,11.074186325073242,11.117717096839211,11.013242912488723,11.091598135611383,7091800
2020-08-17,11.204776763916016,11.274425660126376,11.135127867705654,11.135127867705654,6155300
2020-08-18,11.300545692443848,11.309252013506985,11.161247876555553,11.222191293717039,5540700
2020-08-19,11.143835067749023,11.344075452604226,11.126422427180536,11.169953198321354,5985500
2020-08-20,11.161247253417969,11.248308798627704,11.013243124729675,11.030655765883793,6882100
2020-08-21,10.96971321105957,11.074186567415893,10.943594249260165,11.074186567415893,9835700
2020-08-24,11.135129928588867,11.204778837689807,11.039362886145197,11.109011795246136,9428400
2020-08-25,11.152541160583496,11.196071100556145,10.969712589745066,11.013242529717715,6969300
2020-08-26,11.213483810424805,11.265720070828616,11.178659360062134,11.239601940626711,4183300
2020-08-27,11.126423835754395,11.23960352293659,11.07418756799677,11.230897201550151,4566200
2020-08-28,11.152541160583496,11.283132641062211,11.117716710437147,11.178659290623163,7646900
2020-08-31,10.96971321105957,11.03936211529712,10.96971321105957,11.013243153497715,6849000
2020-09-01,11.030655860900879,11.065480313228662,10.90876986261342,10.952300635593257,5259700
2020-09-02,11.082891464233398,11.100304104500534,11.01324256372563,11.091597784366966,5592400
2020-09-03,10.856534957885742,11.082893511203396,10.786886044514073,11.074188019742342,10269900
2020-09-04,10.830415725708008,10.934889923470923,10.621468990743214,10.908770958889935,8113900
2020-09-08,11.030655860900879,11.082892124252336,10.882651730937692,10.882651730937692,12523700
2020-09-09,11.100303649902344,11.143834418507051,11.00453662319627,11.00453662319627,8273900
2020-09-10,10.96971321105957,11.20477805529119,10.96100689045977,11.143835471653443,6190200
2020-09-11,11.109009742736816,11.213483087085647,11.03936084650426,11.143834190853093,6581600
2020-09-14,11.526904106140137,11.570434877579176,11.413724432510795,11.474667844637613,8960900
2020-09-15,11.61396598815918,11.744557476009312,11.58784785664524,11.596553346962933,6924000
2020-09-16,11.805502891540527,11.962212537474743,11.788090247391963,11.788090247391963,9852400
2020-09-17,11.901268005371094,11.92738613705998,11.76197019598979,11.840325421336882,7972500
2020-09-18,11.753263473510742,11.875149467692541,11.701026381638426,11.814206055461437,9845100
2020-09-21,11.849029541015625,11.857735860664917,11.67490729943148,11.761968835363723,7650300
2020-09-22,12.049271583557129,12.057977903814823,11.822912238539459,11.849030369032144,6974600
2020-09-23,11.831619262695312,12.023154168357584,11.805501130648782,11.988329715535393,7495000
2020-09-24,11.361488342285156,11.492079828290564,11.335370211140159,11.422430925050291,8873500
2020-09-25,11.814207077026367,11.822913398137985,11.579142218976097,11.727146356751648,7882000
2020-09-28,11.866443634033203,11.93609253919932,11.840325502166019,11.90126808661626,5855400
2020-09-29,11.805502891540527,11.918681757383906,11.744559467301125,11.875151807573639,7928900
2020-09-30,12.023154258728027,12.136333108540503,11.805501219383267,11.822913030785012,14130900
2020-10-01,11.979622840881348,12.101508004983424,11.936092069296144,12.049271743305509,5418500
2020-10-02,11.901268005371094,11.962210589405304,11.814206459367561,11.918679816403538,7740400
2020-10-05,12.23210334777832,12.362694864581258,12.205985210473855,12.336576727276793,10194400
2020-10-06,12.092802047729492,12.35398500659004,12.092802047729492,12.310455066966867,11187800
2020-10-07,12.658700942993164,12.693525396649083,12.441047900073556,12.458460542041749,18332700
2020-10-08,12.885058403015137,12.972119109150707,12.815409505994543,12.919882851525434,11197000
2020-10-09,13.233304977416992,13.2855420735699,12.989533799357863,13.03306457443854,8471800
2020-10-12,13.538019180297852,13.581549954116777,13.32907246230355,13.3638969153026,17959500
2020-10-13,13.686022758483887,13.764377982126495,13.56413676278645,13.590254893907181,14513000
2020-10-14,14.243215560913086,14.469574923241444,13.903676517420548,13.938500970834106,26818600
2020-10-15,13.285540580749512,13.320365030844934,13.163654590275343,13.215891680558666,16033700
2020-10-16,13.503192901611328,13.555429158907119,13.433544005030047,13.433544005030047,13317600
2020-10-19,13.181066513061523,13.424837650461825,13.163653873821334,13.381306882641686,28085300
2020-10-20,13.381306648254395,13.407424776376857,13.276833305484223,13.337775881196743,14350400
2020-10-21,13.355191230773926,13.625080546804988,13.320366776115709,13.494489049406795,13686700
2020-10-22,13.363897323608398,13.390015456585557,13.17236241112145,13.302953906287723,6873600
2020-10-23,13.393815994262695,13.46421706120585,13.314614584139916,13.332214431252245,7125700
2020-10-26,13.12981128692627,13.279413760725788,13.068210564507726,13.217813038307245,9727200
2020-10-27,13.068212509155273,13.112212552146396,12.945010206737866,13.024211626917126,9214500
2020-10-28,12.6546049118042,12.80420740021559,12.575403495674994,12.760206520227479,11488500
2020-10-29,12.56660270690918,12.72500553355936,12.505001980654976,12.72500553355936,11173300
2020-10-30,12.557804107666016,12.566603612588692,12.36420073216795,12.522602730987266,9171900
2020-11-02,12.540202140808105,12.707404466750233,12.469801073122271,12.637003399064398,5958100
2020-11-03,12.58420181274414,12.7250039346313,12.496200066941242,12.522600254983374,4398900
2020-11-04,12.918608665466309,13.077010650053822,12.865807444439179,12.901007978708286,5624600
2020-11-05,13.209012985229492,13.24421351870508,13.077010355260853,13.138611918278318,6133400
2020-11-06,13.138611793518066,13.323414802321793,13.041809697944217,13.261813239889278,5514900
2020-11-09,13.050609588623047,13.5610177211018,13.050609588623047,13.508217342843658,6601300
2020-11-10,12.795405387878418,12.857006108281,12.672203107826384,12.795405387878418,6081300
2020-11-11,13.279415130615234,13.279415130615234,13.050611224819066,13.068211912609687,8851700
2020-11-12,13.156211853027344,13.341014864816895,13.059410595136407,13.059410595136407,15504200
2020-11-13,13.45541763305664,13.45541763305664,13.18261285066474,13.209013881999004,7086500
2020-11-16,13.605019569396973,13.66662029485528,13.437817240618593,13.455417088215134,7321200
2020-11-17,13.446617126464844,13.508218692918602,13.314615328379722,13.341015520147353,12855000
2020-11-18,13.191412925720215,13.376215945060558,13.182612582121399,13.341015409912252,7971200
2020-11-19,13.050609588623047,13.138611338049127,12.989008867572919,13.138611338049127,5856300
2020-11-20,13.121011734008789,13.235413681993908,13.112211390491407,13.182612460136566,4172000
2020-11-23,13.534619331359863,13.543419675321827,13.402616689671387,13.464218258158139,5346400
2020-11-24,13.666620254516602,13.728221819040026,13.596219185844351,13.657820750367774,12677400
2020-11-25,13.288214683532715,13.429016820488531,13.235413462550815,13.341015065267678,5194100
2020-11-27,13.12981128692627,13.297013607453843,13.103411097210737,13.20021235233229,4397900
2020-11-30,13.393815994262695,13.411415841375025,13.059410506659244,13.121011230422777,9652400
2020-12-01,13.534619331359863,13.649021285124414,13.481818106835075,13.631420597200487,8176000
2020-12-02,13.561017990112305,13.693020616869967,13.437816545568095,13.666619587970297,7482800
2020-12-03,13.411416053771973,13.481817121830073,13.349815329032868,13.464217274439013,13907300
2020-12-04,13.860222816467285,13.869023159357312,13.561017872181505,13.569818215071532,8994600
2020-12-07,13.745820999145508,13.842622254057858,13.684220276860094,13.763421685082426,5835700
2020-12-08,14.089028358459473,14.106629046316192,13.781023034942809,13.816223571409258,11478600
2020-12-09,13.666620254516602,14.1594285744693,13.605019529240117,14.133027544282001,13918100
2020-12-10,13.640219688415527,13.816222355255377,13.613819498201279,13.781021821887407,10106200
2020-12-11,13.851423263549805,13.904224484654426,13.737021317195575,13.737021317195575,7196400
2020-12-14,13.781022071838379,13.860223483164543,13.772221728525043,13.789822415151715,5500900
2020-12-15,13.737021446228027,13.851423393656841,13.631419842273802,13.754622133177204,14062300
2020-12-16,13.781022071838379,13.860223483164543,13.666620126505801,13.807422262531457,7215800
2020-12-17,14.26502799987793,14.388231117365791,13.84262162747482,13.860222312615047,8951800
2020-12-18,14.273829460144043,14.309030833180898,14.177029041280392,14.238629765601038,7731400
2020-12-21,14.018628120422363,14.0274276256278,13.88662547137637,14.001027431517416,4495200
2020-12-22,14.590636253356934,14.73143839961297,14.397033721878381,14.423433075242649,6714400
2020-12-23,14.599434852600098,14.898639797261094,14.581834166797972,14.872238768557906,5913500
2020-12-24,14.608235359191895,14.687436767695157,14.537834293688306,14.678636424695483,1320600
2020-12-28,14.757837295532227,14.819438015791867,14.713835582136957,14.72263592481601,4239300
2020-12-29,14.749038696289062,14.872240151371585,14.669837281309173,14.872240151371585,8473700
2020-12-30,14.898641586303711,14.960242315514439,14.810639825219535,14.8458412010508,3877200
2020-12-31,14.916241645812988,14.986642716015606,14.86343958429059,14.969042028841473,3693700
2021-01-04,15.180244445800781,15.338647265098585,15.01304128337601,15.303445892590705,12597600
2021-01-05,15.532252311706543,15.549853000831138,15.241847655127112,15.241847655127112,8109900
2021-01-06,15.60265064239502,15.655452700471416,15.25944565736746,15.312246036950052,9136300
2021-01-07,15.444249153137207,15.444249153137207,15.189045897799353,15.277047656999766,10272000
2021-01-08,16.359464645385742,16.37706533279783,15.857856803598859,15.901856843635136,17802400
2021-01-11,16.509065628051758,16.59706737860463,16.324261784041344,16.438664563308215,12220600
2021-01-12,16.36826515197754,16.667470126984732,16.315464767709788,16.6498694393975,10629100
2021-01-13,16.21866226196289,16.781870822825223,16.19226123123725,16.74667112701828,18409900
2021-01-14,16.033859252929688,16.41226565423245,15.963458179093871,16.341864580396635,13286100
2021-01-15,15.989858627319336,16.174660809954723,15.937058243494075,16.00745931475907,7443000
2021-01-19,15.945857048034668,15.998657426763357,15.79625457622524,15.910655676553025,7179600
2021-01-20,16.192258834838867,16.253859552254752,16.095458426825473,16.16585948651415,5408500
2021-01-21,16.016258239746094,16.19226006307123,15.972256525044466,16.183459720130905,7963400
2021-01-22,15.998658180236816,16.077859591306808,15.893055739312208,16.042658218167322,5663500
2021-01-25,15.769853591918945,16.03385716479787,15.699452527251648,15.972256443025707,6012600
2021-01-26,15.708253860473633,15.769854586129414,15.620252104467992,15.769854586129414,5472600
2021-01-27,15.373847007751465,15.7434530277844,15.347447656780862,15.532249827550412,11388300
2021-01-28,15.523451805114746,15.620253915795528,15.32104891777682,15.36504896163495,7877600
2021-01-29,14.854637145996094,15.162642414134798,14.854637145996094,15.101041696205792,9671400
2021-02-01,15.294646263122559,15.329847637272959,15.00424164035738,15.127444771389873,5829200
2021-02-02,15.347447395324707,15.40904811786514,15.259445643769602,15.356247738329598,4119800
2021-02-03,15.532252311706543,15.620254078835421,15.391450155697976,15.488252267389152,4677800
2021-02-04,15.479449272155762,15.523449308938671,15.277046417364286,15.435449235372854,4439600
2021-02-05,15.514650344848633,15.532251032523696,15.303447128229754,15.400249231948642,6952900
2021-02-08,15.805054664611816,15.849056382928353,15.673052866650059,15.831455695601738,3621600
2021-02-09,15.523451805114746,15.734655036923114,15.514651460644304,15.71705602647631,7973500
2021-02-10,15.400247573852539,15.681851832358268,15.329846509226108,15.681851832358268,13180500
2021-02-11,15.690653800964355,15.76985521668691,15.514650281915578,15.532250969519247,6324400
2021-02-12,15.90185546875,15.981056876762642,15.743452652724717,15.752252995669876,9810300
2021-02-16,15.620250701904297,15.75225248481319,15.541049296460212,15.690651764688623,5857800
2021-02-17,15.488249778747559,15.593850539539073,15.382647339462213,15.505850465044087,8422200
2021-02-18,15.690653800964355,15.690653800964355,15.479450585202196,15.55865200092475,12267700
2021-02-19,15.787455558776855,15.831455598329118,15.70825414478765,15.717054488396887,8937800
2021-02-22,15.497052192687988,15.558652924463402,15.400250083615735,15.426651116588364,10941900
2021-02-23,15.294646263122559,15.400248707079852,15.092243397239475,15.347448324348157,8335700
2021-02-24,15.558649063110352,15.620249779597671,15.224242775759711,15.391445919435032,8022800
2021-02-25,15.303446769714355,15.585051051942353,15.215446690388546,15.444248910828353,7412800
2021-02-26,15.065842628479004,15.215445097563268,14.907439816684635,15.136243691666085,7422400
2021-03-01,15.541048049926758,15.549848391880648,15.294643510698632,15.329844878514194,7592500
2021-03-02,15.857856750488281,15.919457477730333,15.655453881408986,15.769854992216523,10306600
2021-03-03,16.245058059692383,16.377061505943633,15.937054494422252,16.201058029937663,22911800
2021-03-04,15.989858627319336,16.43866608606891,15.849056484789346,16.0954610734638,11867600
2021-03-05,16.086660385131836,16.104259393700623,15.699453662222222,16.060259354537806,8946500
2021-03-08,15.82265567779541,16.20106207064102,15.82265567779541,16.095461301494407,8450900
2021-03-09,16.36826515197754,16.39466450486444,16.16586228020619,16.227463008267563,7090100
2021-03-10,16.43866539001465,16.54426615319377,16.341863291688895,16.5354674883404,7418300
2021-03-11,16.79067039489746,16.861071461770443,16.58826753744937,16.641067917980646,5679200
2021-03-12,16.641069412231445,16.64986975619251,16.500267265842442,16.544267307153763,7452500
2021-03-15,16.852270126342773,16.861070468995464,16.588266560737004,16.641066938159412,5134500
2021-03-16,17.010677337646484,17.045878717363596,16.8610748308371,16.913875221918598,7418200
2021-03-17,16.808271408081055,16.89627316300696,16.58826786001322,16.887472819664982,9004400
2021-03-18,16.174659729003906,16.482665024639527,16.14826037810251,16.42986464434291,9617900
2021-03-19,16.50026512145996,16.535466492729416,16.183459494009924,16.33306196491758,17303400
2021-03-22,16.781871795654297,16.87867390209925,16.54426754083159,16.685069689209342,6428000
2021-03-23,16.465065002441406,16.676269889133803,16.456266337448625,16.676269889133803,8851000
2021-03-24,16.421064376831055,16.57946719694419,16.350663309946754,16.491465443715356,8412700
2021-03-25,16.245058059692383,16.333059797695366,16.060255920530306,16.253858401342036,6647900
2021-03-26,16.473865509033203,16.473865509033203,16.104259471402944,16.306664016612636,13425300
2021-03-29,16.21866226196289,16.491466198818845,16.157061535430312,16.456266503011904,8066300
2021-03-30,16.544267654418945,16.641069761528513,16.500267612184064,16.535468988767185,7845100
2021-03-31,16.473865509033203,16.570667609851146,16.421065126084283,16.500266539754616,8991400
2021-04-01,16.72907066345215,16.755471694530637,16.6058692087404,16.649869248710615,4213100
2021-04-05,17.04587745666504,17.063476466727817,16.85227323952807,16.949075348096557,3919100
2021-04-06,17.01947593688965,17.081076666582042,16.993074904809767,17.01067559286302,4428600
2021-04-07,16.905071258544922,17.01067369659842,16.861071221810686,17.01067369659842,4643600
2021-04-08,17.001874923706055,17.07227599607878,16.90507281975832,17.054675308362107,3862300
2021-04-09,17.195478439331055,17.213077447845247,17.019474926237958,17.028275269742004,5214200
2021-04-12,16.82587242126465,16.913872499404295,16.720269977605614,16.834671086283493,8059200
2021-04-13,16.20106315612793,16.62346961800394,16.19226281169375,16.52666918621615,11356300
2021-04-14,15.233044624328613,15.734652426466019,15.171443901749466,15.400247784539017,16177500
2021-04-15,15.84025764465332,15.954658766882858,15.725856522423783,15.85785833376374,13117600
2021-04-16,15.998658180236816,16.324262489307802,15.884255396027337,15.989857836951945,15005500
2021-04-19,16.069061279296875,16.09546231248882,15.893057748338704,15.972259169420473,5469500
2021-04-20,15.866660118103027,15.937061202438999,15.752257306998168,15.901859821023887,6985200
2021-04-21,15.92825698852539,16.01625874219558,15.761053824401422,15.822654548422399,7225100
2021-04-22,15.708253860473633,15.893056037440976,15.673052486673821,15.875457029034958,9373800
2021-04-23,15.743453025817871,15.805053749400026,15.637852264960983,15.673051959082002,4617800
2021-04-26,15.849054336547852,15.849054336547853,15.699451870575686,15.822653308966748,5313100
2021-04-27,15.937058448791504,15.945858792624733,15.77865561678127,15.919457761125042,5042200
2021-04-28,16.04265594482422,16.157058712822124,15.972254887015362,15.972254887015362,5157000
2021-04-29,16.245058059692383,16.245058059692383,16.07785660382961,16.19225768828801,6545400
2021-04-30,15.91065788269043,16.165862825837177,15.91065788269043,16.069060719334065,7073500
2021-05-03,16.016258239746094,16.077858961834583,15.972256525044466,16.06025827595393,3800500
2021-05-04,15.937058448791504,15.937058448791504,15.769855272948039,15.840256345119926,4087700
2021-05-05,16.095462799072266,16.139462843894943,15.972259652279353,16.113061809904867,3762400
2021-05-06,16.36826515197754,16.385865839564776,16.1218605612381,16.148261592618955,10426600
2021-05-07,16.174659729003906,16.41226395807943,16.174659729003906,16.385864607178032,5220800
2021-05-10,16.157060623168945,16.227461689301744,16.07785921395782,16.104258564698984,9179500
2021-05-11,16.007455825805664,16.016256167607427,15.857853372162861,15.954653774995094,3729400
2021-05-12,15.69945240020752,15.981056656597898,15.673051371735758,15.884254564028542,5670600
2021-05-13,15.734654426574707,15.893057263910046,15.690654384423343,15.761055458961936,6264900
2021-05-14,15.981060028076172,15.998660717437179,15.82265718081535,15.857858559537364,3293200
2021-05-17,15.989858627319336,16.03385866742473,15.928257899774207,15.998658971039204,2734500
2021-05-18,16.069061279296875,16.262663820555606,16.069061279296875,16.1218616671867,5303000
2021-05-19,16.22746467590332,16.236265020601316,15.998660749237796,16.00746109393579,4322700
2021-05-20,16.41226577758789,16.447467154017374,16.21866324270777,16.22746358681514,7019600
2021-05-21,16.473865509033203,16.570667609851146,16.456266500379503,16.544266579129733,6448300
2021-05-24,16.42986297607422,16.46506266653322,16.37706260113889,16.41226229159789,3840400
2021-05-25,16.482666015625,16.667469875514847,16.465065328303314,16.588268461061187,7172000
2021-05-26,16.949071884155273,17.03707363046012,16.82587044642471,16.878670822810136,3753500
2021-05-27,17.04587745666504,17.142677886739477,17.04587745666504,17.081077155284643,2931900
2021-05-28,17.197038650512695,17.259282055265466,17.108118774006346,17.15257956026231,2151400
2021-06-01,17.134794235229492,17.188145479584662,16.992523119612052,17.045874363967222,9107300
2021-06-02,17.1525821685791,17.1525821685791,16.965850229919717,16.9747423885231,6886400
2021-06-03,17.01919937133789,17.12590356531742,16.974740279849705,17.054768001332942,5827400
2021-06-04,17.1525821685791,17.1525821685791,16.965850229919717,17.081444899752032,6484000
2021-06-07,17.250389099121094,17.321524657830658,17.090333668023206,17.152578765898884,10765100
2021-06-08,17.339309692382812,17.47268865850772,17.241497659088616,17.4104452540498,7916900
2021-06-09,17.481578826904297,17.517147451694072,17.33930771975596,17.33930771975596,4972800
2021-06-10,17.686094284057617,17.703878597410423,17.53493101256971,17.588283952628128,6716400
2021-06-11,18.264074325561523,18.27296478707437,17.712772431455516,17.77501583807921,14076000
2021-06-14,18.184045791625977,18.31742475643384,18.059557287933824,18.104018073540146,10214000
2021-06-15,17.988420486450195,18.35299042325278,17.97063617343411,18.35299042325278,7477400
2021-06-16,18.12179946899414,18.228503651243816,18.050663912829506,18.14847593855792,5797500
2021-06-17,18.379669189453125,18.441912596781766,18.157370336990464,18.201829429080735,8568500
2021-06-18,17.95285415649414,18.352991036697958,17.926177686078354,18.308531948677143,11423400
2021-06-21,18.255184173583984,18.264076332079366,18.059560078697263,18.121803492159103,4007600
2021-06-22,18.45969581604004,18.477480130222528,18.14847710186871,18.228504819684353,5596100
2021-06-23,18.39745330810547,18.415235927148174,18.24629002220589,18.272964798772758,5710100
2021-06-24,18.842050552368164,19.073241554385604,18.842050552368164,18.98432167730111,5937000
2021-06-25,18.895402908325195,19.126593923900682,18.78869871036509,19.055458357262506,5249200
2021-06-28,18.930971145629883,19.11770136816647,18.850943422826873,19.002106710787487,4669000
2021-06-29,19.073238372802734,19.11769745592602,18.86872218082182,18.94874988724798,4748600
2021-06-30,18.842050552368164,19.055457239767584,18.824266237750148,19.037672925149568,6493500
2021-07-01,18.637535095214844,18.88651042212246,18.530832595115623,18.833159172072847,4670600
2021-07-02,18.73534393310547,18.806479486354828,18.690884848326636,18.76202040157599,4908600
2021-07-06,18.770912170410156,18.770912170410156,18.65531583876183,18.699776618628622,5728600
2021-07-07,18.833158493041992,18.87761758381275,18.637534423237227,18.850942807752535,4256200
2021-07-08,18.628643035888672,18.628643035888672,18.450803289634568,18.557507476588135,5439400
2021-07-09,18.97542953491211,18.97542953491211,18.664210812874483,18.73534637539689,4808400
2021-07-12,18.717559814453125,18.770912751946188,18.68199288546314,18.717559814453125,5247100
2021-07-13,18.717559814453125,18.753128439448503,18.566396550233556,18.584180862731245,8872500
2021-07-14,19.01988983154297,19.44670492974746,18.922079486875973,19.144378345855223,6837200
2021-07-15,18.788698196411133,19.028781363249763,18.73534694689332,18.97543011373195,5026900
2021-07-16,18.548616409301758,18.850942978090416,18.495263464688033,18.74423878486858,10653200
2021-07-19,18.35299301147461,18.468589366375653,18.228506194817186,18.335210391956174,6212800
2021-07-20,18.619749069213867,18.69088462160033,18.441909340245036,18.441909340245036,3727700
2021-07-21,18.948753356933594,18.957645514387544,18.619752011165456,18.655318944975647,4023500
2021-07-22,18.966535568237305,19.10880667970982,18.948751255301882,19.073239749844404,4106800
2021-07-23,19.322216033935547,19.331108191639835,19.002106836609567,19.002106836609567,4814800
2021-07-26,19.304433822631836,19.402245872034435,19.1799469932146,19.384461554687444,4878400
2021-07-27,19.304433822631836,19.3755710920198,19.16216267586761,19.206623469235087,9226700
2021-07-28,19.42892074584961,19.50005631336553,19.31332438863267,19.437812903789812,3593400
2021-07-29,19.491161346435547,19.686783704910578,19.446702259147507,19.446702259147507,5947800
2021-07-30,19.669002532958984,19.677892994265527,19.420027216236,19.455594149478948,4464000
2021-08-02,19.802377700805664,19.97132356930088,19.74902476717061,19.82016201201735,5538200
2021-08-03,20.34478759765625,20.38924837999705,20.033570601297807,20.033570601297807,6607800
2021-08-04,20.131383895874023,20.229195935426475,20.02468139454924,20.175844684764083,5665100
2021-08-05,20.078033447265625,20.264765376051866,20.033574352605246,20.22030458538574,5253200
2021-08-06,20.28254508972168,20.28254508972168,19.944651609109684,19.98021854053992,4067000
2021-08-09,20.34478759765625,20.38924837999705,20.23808511204919,20.24697726851735,4917800
2021-08-10,20.255870819091797,20.52262874747443,20.220302190771154,20.42481671559821,4794100
2021-08-11,20.442602157592773,20.442602157592773,20.291438870901338,20.309223186042836,2829800
2021-08-12,20.73603630065918,20.851632651552798,20.495953137423776,20.54041392469271,4147900
2021-08-13,21.011686325073242,21.10949836072118,20.78049701609639,20.79827963493688,3686500
2021-08-16,20.807172775268555,20.993904697962396,20.7360372085294,20.94055175090376,3635400
2021-08-17,20.949443817138672,21.118391423407523,20.798280526478266,20.993904606159784,4824700
2021-08-18,20.87830352783203,21.225090819727246,20.869411372039302,20.904979995210216,5935700
2021-08-19,20.940549850463867,21.056146195927717,20.656007609330608,20.727143169613925,4911400
2021-08-20,21.233983993530273,21.260660464318107,20.958333912744752,20.985010383532586,3372800
2021-08-23,21.429607391357422,21.46517432196928,21.25176765028174,21.31401105085659,4528000
2021-08-24,21.233983993530273,21.367364651463912,21.109497188531428,21.287336935105937,6427200
2021-08-25,21.322904586791992,21.40293230585213,21.118390058529673,21.242876867731855,4122800
2021-08-26,21.038358688354492,21.242873181124217,21.020574376981834,21.22509056575684,4142700
2021-08-27,21.100605010986328,21.242876129704726,21.06503807930949,21.118389324827508,4616100
2021-08-30,21.091711044311523,21.19841522219743,21.047251959528865,21.091711044311523,3412000
2021-08-31,21.180633544921875,21.340688983660222,21.16284923039415,21.26955342155491,5439400
2021-09-01,20.940549850463867,21.065038352963825,20.896090761288875,20.9850106356444,9368800
2021-09-02,21.073930740356445,21.073930740356445,20.81606327150725,20.967226550762334,6195300
2021-09-03,21.367366790771484,21.41182588386361,21.15396009111904,21.21620349985029,3781200
2021-09-07,20.833850860595703,21.40293543853582,20.807174385002575,21.322907707762266,8424800
2021-09-08,20.620441436767578,20.816063810751267,20.55819803122757,20.753820405211258,4351700
2021-09-09,20.389251708984375,20.70047045216145,20.371467393144382,20.691578294241456,8297800
2021-09-10,20.442602157592773,20.54930635243611,20.398143065744673,20.513737722153117,4201300
2021-09-13,20.415925979614258,20.60265789928443,20.291439163837918,20.513738018298906,5872800
2021-09-14,20.460386276245117,20.57598093154346,20.415925488818353,20.487062748701177,3970300
2021-09-15,20.780498504638672,20.78938896669295,20.638225671684243,20.744929872398632,4835500
2021-09-16,20.531522750854492,20.76271376771191,20.42481855230272,20.76271376771191,6554000
2021-09-17,20.318113327026367,20.442600128650152,20.202516986085303,20.407033197902845,8070400
2021-09-20,20.238086700439453,20.407034294583514,20.069139106295392,20.22919454327339,7148800
2021-09-21,20.55819320678711,20.656003522822772,20.540408896233277,20.56708366605882,4785000
2021-09-22,20.691577911376953,20.789388254675686,20.51373814827906,20.55819893705637,6613800
2021-09-23,21.100605010986328,21.153957952509863,20.9850103630297,21.056145922388897,5323800
2021-09-24,21.05614471435547,21.16284719926977,20.967224846256602,21.073929027176323,5455200
2021-09-27,20.362571716308594,20.656006092936423,20.335896943164055,20.656006092936423,7458800
2021-09-28,19.64232635498047,20.006896330205997,19.62454204009005,19.998004172760787,8522600
2021-09-29,19.989110946655273,20.078030820347912,19.74013733552252,19.864624141088896,9652300
2021-09-30,19.784595489501953,20.015786471776337,19.757919019853023,19.92686660228535,7337900
2021-10-01,19.855731964111328,19.917975366831797,19.615648814184784,19.864624121072186,7195200
2021-10-04,19.695674896240234,19.873514628687005,19.588972413576478,19.820163387355127,8654400
2021-10-05,20.22919464111328,20.255871112740493,19.82016558552949,19.82016558552949,9498900
2021-10-06,19.962438583374023,20.006897677588597,19.695678930069406,19.84684222480697,7134600
2021-10-07,20.246978759765625,20.30922216362172,20.06024685219179,20.140274570294068,9589800
2021-10-08,19.50005531311035,20.4514941158339,19.322215555439982,20.371466394482795,15739900
2021-10-11,19.402244567871094,19.633435589824426,19.393352409795302,19.588976495451213,11872400
2021-10-12,19.455596923828125,19.624544544839257,19.43781430267366,19.60676022767896,14046800
2021-10-13,20.140274047851562,20.44260059817209,20.024679400261014,20.344788568360883,13099100
2021-10-14,20.193626403808594,20.22030287595303,19.76681302553123,20.16695162766976,11343900
2021-10-15,20.789386749267578,20.8071710634907,20.23808657639526,20.362573383946,22295600
2021-10-18,21.145069122314453,21.153961280634032,20.887201619063966,20.967229347934406,12618300
2021-10-19,21.536312103271484,21.58966504870727,21.28733847526037,21.385148816548035,7759900
2021-10-20,21.456281661987305,21.50963460066172,21.198415909082666,21.27844362108886,8434600
2021-10-21,20.816062927246094,20.949441890028712,20.74492736736166,20.904982801103017,6244600
2021-10-22,20.460386276245117,20.64711649542066,20.442601961274413,20.495953210180907,7696800
2021-10-25,20.389251708984375,20.433710802578656,20.211411942595845,20.3359004574701,10860000
2021-10-26,20.352474212646484,20.540839168609963,20.262775881345764,20.540839168609963,5844600
2021-10-27,20.226896286010742,20.585689618690843,20.226896286010742,20.54980960108147,17484500
2021-10-28,20.235868453979492,20.370415112693205,20.16411012194194,20.280718480786454,6915000
2021-10-29,19.98471450805664,20.020592817501043,19.868106152941884,19.957804492833187,5688100
2021-11-01,20.155139923095703,20.343506612169495,20.07441158647173,20.21792996002268,4766500
2021-11-02,20.325565338134766,20.352475352287826,20.13720037162375,20.155138670205655,3786300
2021-11-03,20.370412826538086,20.38835283524748,20.24483618727913,20.30762450690861,7089200
2021-11-04,20.370412826538086,20.49599117665044,20.343504524327393,20.460111159231655,4077600
2021-11-05,20.442171096801758,20.558777721640503,20.370411068158536,20.558777721640503,4723100
2021-11-08,21.025211334228516,21.052119638840935,20.818904637363197,20.818904637363197,6848800
2021-11-09,20.899629592895508,20.971387911679358,20.693324640248598,20.926539604009427,5532100
2021-11-10,20.59465789794922,20.818902875291975,20.585689604406504,20.756114555372548,6060200
2021-11-11,20.809934616088867,20.881692940522825,20.65744796281003,20.65744796281003,3639400
2021-11-12,21.258424758911133,21.258424758911133,21.1059381042881,21.159756420374634,5304700
2021-11-15,21.195634841918945,21.40194152459581,21.168726539157106,21.348121497365273,3667100
2021-11-16,21.554428100585938,21.608246416764654,21.258424795322863,21.303273106996222,8389100
2021-11-17,21.294301986694336,21.536486963088485,21.285331982659,21.41987862148241,5177900
2021-11-18,21.21357536315918,21.294303695100595,21.105938727806276,21.27636368559062,6453500
2021-11-19,21.159759521484375,21.258427874481406,21.10594119751039,21.240487862872186,3084000
2021-11-22,20.424232482910156,21.132845705568613,20.415262478717853,21.043147374498925,12581200
2021-11-23,20.531869888305664,20.800964891695557,20.38835323750576,20.540839892837337,8496200
2021-11-24,20.280715942382812,20.298654240006794,20.00265094354397,20.047500964737353,3992100
2021-11-26,19.91295623779297,20.182049547417115,19.85913620718531,20.011622872199933,3527600
2021-11-29,20.289684295654297,20.31659259532743,20.02058932295033,20.146165950366907,9943000
2021-11-30,20.253808975219727,20.702298989472467,20.19999065254841,20.36144733141598,8744700
2021-12-01,20.12822723388672,20.51392882244429,20.11925723056524,20.495988815801333,6696100
2021-12-02,21.025211334228516,21.087999659462223,20.478052995728692,20.57672134158369,9337500
2021-12-03,20.522897720336914,20.75611268101558,20.36144278834699,20.738174384696645,6754900
2021-12-06,19.957801818847656,20.065440154466334,19.63488852284493,20.056470150593668,6857200
2021-12-07,20.684356689453125,20.693326694048032,20.19101841270731,20.244836729423312,8397300
2021-12-08,21.025211334228516,21.096969664617546,20.738178012672392,20.809936343061423,5193700
2021-12-09,20.85478401184082,21.02521068280452,20.827873997208606,20.83684400208601,4480800
2021-12-10,20.800966262817383,21.114909598706177,20.68435790707268,20.917572907708543,4001300
2021-12-13,20.280715942382812,20.666417570379025,20.253805929666786,20.666417570379025,4551600
2021-12-14,20.531869888305664,20.603628213705615,20.280716604832545,20.406293246569106,5253200
2021-12-15,20.863754272460938,20.881694282435653,20.37938426826477,20.40629428322684,6836200
2021-12-16,21.62618637084961,21.976007991402927,21.321213061855744,21.357091368932622,11307500
2021-12-17,21.563396453857422,21.76970140912239,21.41090981064999,21.455758118889054,6517000
2021-12-20,21.249452590942383,21.410909233616962,20.98932761977706,21.375029219310058,4031000
2021-12-21,21.724853515625,21.751763529713337,21.384001891440068,21.509578535478706,3750300
2021-12-22,22.002918243408203,22.011888247988033,21.662064912788477,21.724853233993837,6968800
2021-12-23,22.182310104370117,22.245098416806197,21.97600516040779,22.146431801915156,2488600
2021-12-27,22.720500946044922,22.729470950405553,22.298921006215657,22.298921006215657,3527200
2021-12-28,22.693592071533203,22.77432040397574,22.585955435512144,22.747412100397217,3405800
2021-12-29,22.765350341796875,22.765350341796875,22.550075359443763,22.594925383384087,2330400
2021-12-30,22.792259216308594,22.96268587705174,22.774319207629652,22.908867561868313,2293900
2021-12-31,22.702560424804688,22.92680539619785,22.702560424804688,22.89989709457682,3009700
2022-01-03,22.65771484375,22.90886985786652,22.559046496980372,22.774321490143006,4526700
2022-01-04,22.52316665649414,22.756381644287412,22.40655830717078,22.64874329959304,8180900
2022-01-05,21.796607971191406,22.3527361876059,21.751759666529516,22.28097787363498,8881400
2022-01-06,21.62618637084961,21.967037986920353,21.50060801894698,21.70691470033936,11523300
2022-01-07,21.7069149017334,21.859401557645086,21.50060821842693,21.72485320001156,6596500
2022-01-10,22.21819496154785,22.227164966830475,21.913221625352936,22.119526614292564,10032000
2022-01-11,22.44243621826172,22.478314522555113,22.119522925354755,22.31685787610163,9883900
2022-01-12,23.097232818603516,23.67129941691319,22.881957844237387,23.45602444254706,15578800
2022-01-13,22.962688446044922,23.124145120511862,22.84608008743943,23.08826509913984,20147500
2022-01-14,23.500873565673828,23.581601891829116,22.944745286698883,23.070321922561174,11294700
2022-01-18,22.8819580078125,23.11517299275633,22.801229677991426,23.061352965639998,6915000
2022-01-19,21.949094772338867,22.469342980373177,21.931156476846983,22.406554669018668,13756100
2022-01-20,21.2404842376709,21.868369139146793,21.222544229123574,21.823520828631867,19417500
2022-01-21,20.998300552368164,21.32121388275991,20.953452239081972,21.02521056685197,13813600
2022-01-24,20.576717376708984,20.60362567613651,19.706645863683587,20.52289735614749,18128000
2022-01-25,20.164108276367188,20.495991600947843,20.110289959978285,20.32556493638732,9588100
2022-01-26,20.08338165283203,20.487023337179593,19.88604666873632,20.379384984402385,11662800
2022-01-27,19.563129425048828,20.07440764949342,19.482401104257235,19.96677102900679,17086900
2022-01-28,20.325565338134766,20.36144535700551,19.778407026330154,19.86810536265355,15420200
2022-01-31,21.141815185546875,21.17769520142645,20.648476943176036,20.693325252172176,5686800
2022-02-01,21.096969604492188,21.19563623921244,20.845814593419586,21.08799959936243,10309700
2022-02-02,21.32121467590332,21.39297300634271,21.16872800986292,21.28533465525685,9033400
2022-02-03,20.415264129638672,20.863754110401768,20.388354114885622,20.702297443590492,12135000
2022-02-04,20.531869888305664,20.81890318990547,20.32556491663748,20.603628213705615,18253100
2022-02-07,20.155139923095703,20.54981160094028,20.101321602297578,20.343506612169495,15889900
2022-02-08,20.531869888305664,20.603628213705615,20.06544162863269,20.146168247710886,21190900
2022-02-09,20.998300552368164,21.04314886565436,20.7202372461161,20.783025569058164,7472800
2022-02-10,20.576717376708984,20.87272064638432,20.513929063573794,20.675383992698617,10600800
2022-02-11,19.975740432739258,20.424230329958263,19.921920413258682,20.37938031372445,7761500
2022-02-14,19.90398597717285,19.9667743012222,19.634890960149693,19.733559304143537,6502900
2022-02-15,20.531869888305664,20.5856899154957,20.316594912105806,20.433203260164124,9976200
2022-02-16,20.48702049255371,20.49599049661079,20.1730771939693,20.199987206140538,6605000
2022-02-17,20.119258880615234,20.406292167030337,20.065440567125737,20.316593837312283,8470200
2022-02-18,20.191017150878906,20.406292115142847,20.011620491898956,20.20895715894757,8932700
2022-02-22,20.675384521484375,20.917569487645466,20.28071462572548,20.298652922184875,17268300
2022-02-23,20.379383087158203,20.845813054347268,20.32556477120667,20.657448093090192,8420000
2022-02-24,19.948833465576172,19.95780347019103,18.87245857459479,19.20434019107734,21155100
2022-02-25,20.48702049255371,20.51393050472495,19.94883222510234,19.94883222510234,8269300
2022-02-28,20.14616584777832,20.433200826038224,19.993680921465096,20.280714188871773,6965700
2022-03-01,19.8770751953125,20.182048509660085,19.769438561338912,20.083380169473084,6930300
2022-03-02,20.26277732849121,20.433203999048928,19.886045678805118,19.921923987375774,8749500
2022-03-03,20.199987411499023,20.576719031459604,20.119259085017944,20.495990704978528,7023600
2022-03-04,20.14616584777832,20.2268941680931,19.868102583834755,19.984710918001984,13424500
2022-03-07,20.253808975219727,20.253808975219727,19.903987311575747,19.984715651009534,14195100
2022-03-08,20.926542282104492,21.177697285416414,20.217929007285147,20.343505653514363,20426800
2022-03-09,21.437820434570312,21.662065421774717,21.11490881637634,21.303273784418366,10599200
2022-03-10,21.384002685546875,21.464731019956307,21.114909378084445,21.114909378084445,7789000
2022-03-11,21.536487579345703,21.787642566961882,21.48266926444702,21.697944234895147,7892800
2022-03-14,22.146434783935547,22.460378099241662,21.913219798589672,21.9401281013408,13945300
2022-03-15,21.69794464111328,21.805581272925775,21.159756349490568,21.671034627733448,9186200
2022-03-16,22.52316665649414,22.532136661123126,21.88631001466377,21.94909833621322,12327300
2022-03-17,21.9670352935791,22.469343507042186,21.940125283430767,22.25406855841515,14814900
2022-03-18,22.460376739501953,22.460376739501953,21.715881805861407,21.87733845600739,29035600
2022-03-21,21.715883255004883,22.029826572255086,21.590306612446177,21.886309920515583,8200800
2022-03-22,22.236135482788086,22.379652148898924,22.047768789234105,22.074678805699993,5367300
2022-03-23,21.805580139160156,22.11055343152771,21.778671838032817,21.841460155134374,9022300
2022-03-24,22.128494262695312,22.14643427134979,21.87733927409279,22.092614245386358,3594400
2022-03-25,22.182310104370117,22.200250111024197,21.98497516373483,22.065703482824993,3365400
2022-03-28,22.173341751098633,22.218191771071403,21.993946803767543,22.18231175509319,2834400
2022-03-29,22.52316665649414,22.532136661123126,22.254071650184926,22.343769985621332,3817200
2022-03-30,22.397586822509766,22.57698348152805,22.26304018367272,22.26304018367272,6945500
2022-03-31,22.325828552246094,22.612861838650584,22.325828552246094,22.397586873847217,7849500
2022-04-01,22.074678421020508,22.541106722325814,22.011890094547887,22.53213842784708,14712000
2022-04-04,22.191282272338867,22.191282272338867,22.011887320858637,22.0298256184093,12357900
2022-04-05,21.868370056152344,22.0118884196957,21.76970342671144,21.976008401096497,6293000
2022-04-06,21.500606536865234,21.635154883975737,21.294301580547305,21.446788224533012,12373700
2022-04-07,21.366060256958008,21.527516907500797,21.231513618456795,21.303271939714328,8337400
2022-04-08,21.258424758911133,21.437819716150724,21.204604731971177,21.330183083977655,5583400
2022-04-11,20.675384521484375,21.03417782432448,20.594656199430677,20.872721180217084,6641500
2022-04-12,20.24483871459961,20.872725410985154,20.164110376182794,20.76508705614486,11642600
2022-04-13,19.00700569152832,19.64386063723075,18.764820693506206,19.634890632394356,20145500
2022-04-14,18.35220718383789,19.051852093192643,18.316328878945843,19.02494208138362,17199800
2022-04-18,18.44190788269043,18.58542454241148,18.271482918555144,18.42396958336545,11998300
2022-04-19,18.316329956054688,18.352208263056593,17.715353343805383,17.99341663877046,16645300
2022-04-20,18.45087432861328,18.59439096065003,18.352206002518063,18.5495426547085,10019600
2022-04-21,18.54954719543457,18.773792201741365,18.504697167661035,18.702033868157336,21840600
2022-04-22,18.17281150817871,18.486754789935084,18.047234879817463,18.397056465025656,11983400
2022-04-25,18.30735969543457,18.30735969543457,17.966508084845287,18.092084723875015,8778400
2022-04-26,18.047237396240234,18.280450678328375,17.993417367278216,18.163844037284303,13027100
2022-04-27,18.047237396240234,18.226632360219842,17.93062904434268,17.93062904434268,9754100
2022-04-28,18.38808822631836,18.531604875606718,18.2535415814672,18.30735989723698,24229100
2022-04-29,17.82299041748047,18.208690316841967,17.82299041748047,18.154872004744387,12325100
2022-05-02,18.074148178100586,18.13693650964533,17.796084833750836,17.83196314712481,15073900
2022-05-03,18.136934280395508,18.199724315076313,18.05620594665941,18.110025976385813,7716800
2022-05-04,18.486753463745117,18.531601767555912,17.975475272548326,18.029293579291906,7519400
2022-05-05,18.217662811279297,18.648214499482325,18.038267842810438,18.477787825211408,9577100
2022-05-06,17.805051803588867,17.939598449791617,17.679473451059994,17.90371843168239,6615300
2022-05-09,17.778141021728516,18.065174310784553,17.724322707743845,17.975477691094557,14538200
2022-05-10,17.724321365356445,18.047234646514674,17.509046414868703,17.957536322764806,18342600
2022-05-11,17.410377502441406,17.733290772745512,17.383467492965007,17.57183413759346,8503200
2022-05-12,17.518020629882812,17.625657275577282,17.150258953861705,17.186137265475317,13434100
2022-05-13,17.446258544921875,17.500076856198376,17.213043581586014,17.311710200450722,14033500
2022-05-16,16.988800048828125,17.204075022868345,16.95292003106138,17.159225000659916,11057600
2022-05-17,17.589780807495117,17.59875081405205,17.401414091507196,17.41935410462106,7184600
2022-05-18,16.84528350830078,17.39244009595134,16.827343499301502,17.329651775307294,10672000
2022-05-19,16.710735321044922,16.890131991149268,16.342973687099114,16.468552040513533,9392800
2022-05-20,16.773527145385742,16.890133795815267,16.49546210592815,16.881163790266285,6019100
2022-05-23,16.943950653076172,16.97983067216948,16.71970566630342,16.85425402704985,7451600
2022-05-24,16.50442886352539,16.65691550614258,16.3698822284757,16.585157186725862,9904800
2022-05-25,16.27121353149414,16.387821867205133,16.055938578089137,16.23533522801993,19046500
2022-05-26,16.549280166625977,16.64794679419694,16.271215160312423,16.342973485297406,9116900
2022-05-27,17.042617797851562,17.07849781442507,16.8183728268272,16.86322113669073,14402900
2022-05-31,17.106107711791992,17.36006789857978,16.933776349347408,17.26936882042644,14970000
2022-06-01,17.260299682617188,17.369139275428054,17.09703856342675,17.16052861422878,11631300
2022-06-02,17.695661544799805,17.704731799212286,17.459840119997743,17.459840119997743,9397700
2022-06-03,17.57775115966797,17.77729331032871,17.541471869531453,17.595891669723354,9036000
2022-06-06,17.623098373413086,17.813568495176412,17.58681736166358,17.704728919875613,3917300
2022-06-07,17.57775115966797,17.586821414695663,17.269371138597677,17.369140483953792,11026400
2022-06-08,17.378210067749023,17.514260427960973,17.36913981307167,17.496121648580452,3191500
2022-06-09,17.12424659729004,17.496120085951755,17.12424659729004,17.387278769518613,5958200
2022-06-10,16.625396728515625,16.88842893213497,16.507486874117664,16.88842893213497,8787000
2022-06-13,16.190032958984375,16.362364322731054,16.10840240405037,16.235382498403695,9535700
2022-06-14,16.543766021728516,16.607256075856586,16.326085094729034,16.335155349600793,11567800
2022-06-15,16.589115142822266,16.62539442762602,16.23538216863516,16.380502767798177,16537200
2022-06-16,16.02677345275879,16.135614780219495,15.963283399229297,16.108404015860764,5810400
2022-06-17,16.108402252197266,16.280733614319388,15.890721351083332,15.890721351083332,13242000
2022-06-21,17.024477005004883,17.187738112177176,16.74330432933082,16.797725851704257,14786000
2022-06-22,16.61632537841797,16.76144598810051,16.498415531791203,16.643536141473742,12715900
2022-06-23,16.72516632080078,16.82493565645771,16.589115968560176,16.7342365749467,12097800
2022-06-24,16.933774948120117,16.960985707298914,16.607252757870114,16.661674276227703,6561500
2022-06-27,17.015409469604492,17.033549979960377,16.84307808117217,17.015409469604492,8163800
2022-06-28,16.743303298950195,17.0879659995421,16.72516452258265,17.015405704150208,5168800
2022-06-29,16.879356384277344,16.933776176609026,16.58004493149209,16.661675484976612,5126600
2022-06-30,16.788660049438477,16.843079856267153,16.634469155111834,16.68888896194051,10376700
2022-07-01,17.0970401763916,17.151459977931093,16.779588162458342,16.87028898500703,9066900
2022-07-05,16.933774948120117,16.951915454239316,16.652604023168106,16.78865435911431,10265200
2022-07-06,17.169597625732422,17.251228179418472,16.960986979634296,16.960986979634296,8860200
2022-07-07,17.378210067749023,17.396350577103735,17.142388636060357,17.224019198182365,9675500
2022-07-08,17.287508010864258,17.378208821157376,17.015407309958967,17.278437756837537,15835100
2022-07-11,16.743303298950195,16.861214860195705,16.53469266594525,16.77958431163309,7908800
2022-07-12,16.516551971435547,16.661674290539892,16.42585290070942,16.49841319527465,12463200
2022-07-13,16.425853729248047,16.570974325698554,16.307942163398277,16.362363684547695,8601800
2022-07-14,16.235382080078125,16.28073334830295,15.99049042158606,16.144681273602473,6778800
2022-07-15,16.480276107788086,16.51655539760949,16.28073568883475,16.43492656301777,4846900
2022-07-18,16.72516632080078,16.997267025281992,16.679815050071188,16.85214641889547,7496500
2022-07-19,16.970054626464844,17.033546399363924,16.815865510774554,16.870285300428417,5046400
2022-07-20,16.979127883911133,17.106109722202703,16.879358540222174,17.033549413167904,13431500
2022-07-21,17.423559188842773,17.487050970045324,17.187739492844184,17.323789849758494,15563600
2022-07-22,17.12424659729004,17.287507706952734,17.051686296325954,17.133316851157304,9935200
2022-07-25,16.834003448486328,16.997264539286356,16.552832530982855,16.960985257982927,15146700
2022-07-26,16.244455337524414,16.407716473374798,16.180965280243555,16.407716473374798,13040200
2022-07-27,16.970054626464844,17.04261665263522,16.507483819446133,16.543763102557403,9772700
2022-07-28,17.369138717651367,17.38727922586201,17.02447771151957,17.10610826849338,9660300
2022-07-29,17.677520751953125,17.777291818913262,17.523329889366604,17.56868116070035,7222000
2022-08-01,17.795429229736328,17.795429229736328,17.550537597085533,17.559607849773393,8471600
2022-08-02,17.677520751953125,17.79543232744676,17.632171210593487,17.668450497686376,6613000
2022-08-03,18.230792999267578,18.230792999267578,17.886130278828222,17.922411293600366,7339100
2022-08-04,18.276147842407227,18.384989188340835,18.212657778102,18.29428835505858,8486500
2022-08-05,18.421266555786133,18.421266555786133,18.158236069767074,18.230796382804158,5790000
2022-08-08,18.384984970092773,18.48475430683514,18.32149492035469,18.421264257097057,9722500
2022-08-09,18.303356170654297,18.375916481609373,18.258004895073455,18.303356170654297,5140100
2022-08-10,18.484752655029297,18.684294770631073,18.421262610964714,18.548244429067832,5828100
2022-08-11,18.276147842407227,18.521039573276965,18.23079829075335,18.403129700992185,7446900
2022-08-12,18.239864349365234,18.267073382105885,18.094743741501414,18.185442823935723,4842800
2022-08-15,18.239864349365234,18.276143636344138,18.158233791195073,18.158233791195073,2987500
2022-08-16,18.276147842407227,18.2852180987329,18.131027201145418,18.18544700912497,7513200
2022-08-17,18.221723556518555,18.30335411341478,18.0493921886294,18.212653302421856,10568900
2022-08-18,18.112882614135742,18.185442918444743,18.04032230982674,18.04032230982674,5370900
2022-08-19,17.9405517578125,18.17637316334192,17.913340996798873,18.17637316334192,2868500
2022-08-22,17.704734802246094,17.795435631781206,17.641244740563845,17.668453778442274,9260400
2022-08-23,17.459840774536133,17.64124240963788,17.459840774536133,17.614031645380354,6669000
2022-08-24,17.459840774536133,17.586820881122833,17.4144912307478,17.450770519783624,5528700
2022-08-25,17.39634895324707,17.41448946090846,17.251228351904,17.350997684093592,3818500
2022-08-26,16.906566619873047,17.42355900878936,16.888427841119626,17.37820946694461,5710800
2022-08-29,16.6798152923584,16.752375596605656,16.57097570097457,16.66167651377717,5544000
2022-08-30,16.716096878051758,17.033548868671637,16.652606825922618,17.033548868671637,6267500
2022-08-31,16.598186492919922,16.8249376839706,16.598186492919922,16.761447627272297,7419500
2022-09-01,16.70702362060547,16.70702362060547,16.49841299254059,16.625393073975932,4480300
2022-09-02,16.407716751098633,16.725168772850562,16.326086181791727,16.598186926165187,5248800
2022-09-06,16.30794334411621,16.525624254552376,16.262593803182295,16.453063951073656,7158700
2022-09-07,16.716096878051758,16.734237387224134,16.425855651190442,16.453064684974834,4769300
2022-09-08,16.806798934936523,16.806798934936523,16.580047743461268,16.64353780027845,3936900
2022-09-09,17.287508010864258,17.32378902697113,17.00633705593225,17.024477563985688,5513600
2022-09-12,17.450769424438477,17.60496028560449,17.40541988349663,17.44169917025529,3607400
2022-09-13,16.834003448486328,17.142385124447753,16.77051340872495,17.01540504492499,15227800
2022-09-14,16.398643493652344,16.725165711106115,16.298872431658353,16.66167566437322,16757300
2022-09-15,16.1356143951416,16.153753174306996,15.881652457110253,16.053983833987747,21950100
2022-09-16,15.763740539550781,15.836300844578465,15.50071008256573,15.600481150719093,42686600
2022-09-19,15.790950775146484,15.890721839966785,15.682111186228042,15.790950775146484,15219300
2022-09-20,15.43722152709961,15.700252009560723,15.373731470297765,15.654902463266348,18634300
2022-09-21,15.43722152709961,15.682113229027552,15.41908101659214,15.500711583901454,10736000
2022-09-22,15.128837585449219,15.400938283903004,15.056277283863272,15.32837798231706,17899000
2022-09-23,15.065346717834473,15.156045792399816,14.865804601853222,15.038135957480495,18057100
2022-09-26,15.137908935546875,15.35558985606723,15.092557662537942,15.174188223979847,10331500
2022-09-27,15.228609085083008,15.455360250280975,15.12883801880419,15.328378421387725,12443100
2022-09-28,15.518851280212402,15.600481843238969,15.228610047217591,15.29210010068843,8791800
2022-09-29,15.328377723693848,15.328377723693848,15.14697783777662,15.273957930916081,6037800
2022-09-30,15.39186954498291,15.6276909808427,15.39186954498291,15.509781127899917,6245800
2022-10-03,15.46442985534668,15.573271183437411,15.255819183978183,15.301170458171914,9703100
2022-10-04,16.05398178100586,16.063050304441788,15.700248817916435,15.763738861811628,8648900
2022-10-05,15.999563217163086,16.09933429313484,15.781882285021837,15.917932651363333,6090900
2022-10-06,15.85444164276123,16.081192816358985,15.845371388220421,16.01770276454748,10827300
2022-10-07,15.47350025177002,15.763741489368755,15.419080452213816,15.718391944734291,14041700
2022-10-10,15.927003860473633,16.044915453680275,15.718393170922647,15.927003860473633,23349600
2022-10-11,15.536989212036133,15.663971042023404,15.410009112022978,15.446290129154802,12839500
2022-10-12,15.509780883789062,15.70025104246208,15.446290830898056,15.546060172594983,11642700
2022-10-13,16.37143325805664,16.53469437202747,15.337448509540161,15.419079066525576,16478500
2022-10-14,16.15375518798828,16.507488240408406,16.135616406561763,16.262596526419333,13607400
2022-10-17,16.471206665039062,16.670747093831793,16.425857118032546,16.434927373428714,9800800
2022-10-18,16.38957405090332,16.67074501319495,16.226312934097177,16.552835167709464,7630100
2022-10-19,16.17189598083496,16.307946358760724,16.081195152226314,16.190036492551574,6284000
2022-10-20,16.2263126373291,16.534694356773034,16.199103605008453,16.353294464730418,8674600
2022-10-21,16.598186492919922,16.65260802435358,16.19910564225222,16.262595698950523,7393300
2022-10-24,16.72516632080078,16.81586713228588,16.525624189538743,16.589115968560176,9595200
2022-10-25,16.888429641723633,16.942849443734268,16.7614477970664,16.77958830772805,5701200
2022-10-26,16.94285011291504,17.124250036773226,16.824938518931553,16.870289797376888,7555000
2022-10-27,16.971271514892578,17.081294984872645,16.87958412404817,16.9437647730018,7597000
2022-10-28,17.227994918823242,17.246330996957727,16.842909297336227,16.87958320239662,8698000
2022-10-31,17.17298126220703,17.264668647106355,17.062957799360973,17.10880061741493,8585500
2022-11-01,17.3380184173584,17.622247740110925,17.273837771781192,17.594742748458653,5474700
2022-11-02,16.87958526611328,17.310513758809442,16.87958526611328,17.154645708465445,6370600
2022-11-03,16.67786979675293,16.751219344424555,16.57701351290776,16.68703870881078,11328700
2022-11-04,16.80623435974121,16.925426742256587,16.595354587480124,16.751222625410385,10899800
2022-11-07,17.035449981689453,17.10879953521096,16.732882854814324,16.732882854814324,6280400
2022-11-08,17.18214988708496,17.37469356701984,17.072126426086214,17.14547598301584,6187600
2022-11-09,16.943763732910156,17.191319148356428,16.934594819509396,16.971270473112437,10196200
2022-11-10,17.603914260864258,17.68643274558641,17.34718989186293,17.503057946472364,9282800
2022-11-11,18.10818862915039,18.1448642809837,17.750609767732293,17.888139964524534,6249900
2022-11-14,17.924816131591797,18.15403373812771,17.924816131591797,17.988998530406757,5670300
2022-11-15,18.11735725402832,18.392417643239128,18.099019428403253,18.31906808953016,5136400
2022-11-16,18.053178787231445,18.172371170565825,17.979829224689173,18.01650313156455,4740800
2022-11-17,17.860633850097656,17.915647329771016,17.73227256177594,17.778115379379013,4115500
2022-11-18,17.851465225219727,18.04400890960435,17.750610675105325,18.04400890960435,2744300
2022-11-21,17.69559669494629,17.73227234761892,17.640584964728713,17.65892279106503,7430300
2022-11-22,17.759780883789062,17.79645479138043,17.658924577527582,17.677262405719045,4605400
2022-11-23,17.90648078918457,17.924816869380578,17.695599253410027,17.704768167903843,3328100
2022-11-25,18.26405906677246,18.355746459687506,18.135697765966338,18.181540588028078,3161100
2022-11-28,17.9981632232666,18.300730352377734,17.979827146344196,18.245718624027887,4043200
2022-11-29,18.071516036987305,18.23655300059677,18.034842127736106,18.08068495149801,5516500
2022-11-30,18.65831184387207,18.66748075716395,18.126527114482894,18.190707758734646,6994600
2022-12-01,18.80501365661621,18.860025395467748,18.566627123204025,18.70415734472869,5586800
2022-12-02,18.511611938476562,18.603299318689583,18.209044807927526,18.429093471163977,5674600
2022-12-05,18.10818862915039,18.474936403526815,17.96148951939982,18.37408185856788,7650000
2022-12-06,17.79645347595215,17.95232150647544,17.585573713712233,17.86980303450479,11673400
2022-12-07,17.778114318847656,17.81478996977539,17.631415212719308,17.741440416711214,8087400
2022-12-08,17.952322006225586,18.172370688009146,17.869803531957817,17.91564810032406,6872000
2022-12-09,16.952932357788086,17.4388742670096,16.879582800621762,17.34718688335385,12510700
2022-12-12,16.87958526611328,16.98961049232913,16.833742441985134,16.9529348339933,6741000
2022-12-13,17.17298126220703,17.55806687975106,17.081293877307708,17.429705590166854,13184600
2022-12-14,17.163814544677734,17.39303216185512,17.053791067755903,17.19132128830401,7721700
2022-12-15,16.659534454345703,16.833740311813294,16.512835337149234,16.806233571542172,6568600
2022-12-16,16.25611114501953,16.705377413828824,16.21943723980624,16.604522862898698,15368300
2022-12-19,16.39364242553711,16.49449873187583,16.311125696195443,16.375306346123157,10765900
2022-12-20,16.558677673339844,16.696207873108158,16.41197856041479,16.457823126198477,6483900
2022-12-21,16.70537757873535,16.751222146693813,16.522004553275863,16.522004553275863,4228200
2022-12-22,16.439485549926758,16.577015751786885,16.256110781585658,16.540341847393503,7911000
2022-12-23,16.430316925048828,16.457823665420268,16.25611106694591,16.338629539268794,3685100
2022-12-27,16.53117561340332,16.58618735330517,16.35696973012383,16.51283778383881,4943200
2022-12-28,16.466991424560547,16.677872944105083,16.430317518199427,16.549509899862432,5872100
2022-12-29,16.72371482849121,16.852076116760006,16.5861846269473,16.5861846269473,4971600
2022-12-30,16.512836456298828,16.668704497482885,16.366137329159898,16.586186019868293,4468300
2023-01-03,16.71454620361328,16.824571416021648,16.558678172829755,16.668703385238125,11041400
2023-01-04,16.595354080200195,16.659534726422898,16.37530540081174,16.448654960607893,10440400
2023-01-05,16.210268020629883,16.38447387628449,16.210268020629883,16.32946039631478,6420300
2023-01-06,16.32946014404297,16.356966883602876,16.017724090862874,16.072737569982685,8915600
2023-01-09,16.5036678314209,16.723716525984855,16.49449891721512,16.58618631048133,10778100
2023-01-10,16.34779930114746,16.448655605618903,16.21943800366855,16.439486691685904,9517600
2023-01-11,16.613691329956055,16.641196320929048,16.265279621439422,16.33862917868639,9032200
2023-01-12,16.87041473388672,17.062958424104234,16.55867866308996,16.980439949552654,10853600
2023-01-13,16.980440139770508,17.035451873823988,16.723715799535107,16.861246009064555,10388700
2023-01-17,17.117969512939453,17.310511447115047,17.072126694933285,17.072126694933285,7344100
2023-01-18,17.19131851196289,17.411367179061052,17.19131851196289,17.255499154600937,6338300
2023-01-19,17.246334075927734,17.347190393234595,17.191322334120237,17.218829079419855,4594600
2023-01-20,17.21882438659668,17.26466720081029,17.044618544760684,17.127137009378195,6126200
2023-01-23,17.466379165649414,17.52139264482697,17.25549940850957,17.338017878484532,4319100
2023-01-24,17.3288516998291,17.420539097468847,17.273839960761915,17.39303235353943,7045800
2023-01-25,17.072126388549805,17.182149849306644,16.998776831781452,17.172980936111678,8245400
2023-01-26,17.36552619934082,17.383862278611605,17.04462120341632,17.1363085949364,6245500
2023-01-27,17.108800888061523,17.200488274411263,16.962101769418517,17.07212698279649,5411100
2023-01-30,17.136308670043945,17.31051279102493,17.099633013758552,17.163813663466446,8848300
2023-01-31,17.237163543701172,17.237163543701172,16.998778768635812,17.072128333761672,7983100
2023-02-01,17.438875198364258,17.548898665594052,17.20965760137879,17.31051215487419,7845700
2023-02-02,17.888141632080078,17.915648373519275,17.67726186075407,17.787285328927858,10416900
2023-02-03,17.677261352539062,17.86980329070343,17.60391179293481,17.69559743084654,5482200
2023-02-06,17.25550079345703,17.41136883272085,17.191320144723374,17.338019270055025,7774000
2023-02-07,17.448043823242188,17.48471772878115,17.127138843016898,17.127138843016898,6590600
2023-02-08,17.567237854003906,17.73227481642556,17.53973111066976,17.649756335214732,5737300
2023-02-09,17.732275009155273,17.961492626389656,17.695599350977787,17.89731197337069,4725100
2023-02-10,17.567237854003906,17.768948725412805,17.44804546380583,17.686431992993597,11739400
2023-02-13,17.438875198364258,17.466380190775965,17.292176076196878,17.319681068608585,5610000
2023-02-14,17.530561447143555,17.640584907220024,17.37469342137575,17.475547968313954,6225500
2023-02-15,17.63141632080078,17.66809197403347,17.493886118761008,17.530561771993693,8592700
2023-02-16,17.530561447143555,17.68642947291136,17.48471688145222,17.521392534005287,6542000
2023-02-17,17.49388885498047,17.530564513949596,17.37469646091415,17.42970820057617,5695200
2023-02-21,17.227994918823242,17.429705768633994,17.218826005360288,17.246330996957727,11326500
2023-02-22,17.072126388549805,17.200487675696575,17.044619648964908,17.145475945318157,7887000
2023-02-23,17.145475387573242,17.21882494195552,16.998776278808684,17.08129299729634,7433600
2023-02-24,16.80623435974121,16.962102397671476,16.742053711556665,16.93459565611031,11821700
2023-02-27,16.650367736816406,16.760392963619886,16.60452491244342,16.67787448071519,6270100
2023-02-28,16.448654174804688,16.549508721711604,16.439485261669265,16.50366590482586,7969800
2023-03-01,16.522005081176758,16.604523557347115,16.402810949467792,16.586185729577814,4293700
2023-03-02,16.586185455322266,16.586185455322266,16.311125038496918,16.356967858370652,6263000
2023-03-03,16.668703079223633,16.668703079223633,16.430316580708137,16.632027426163685,6765200
2023-03-06,16.742053985595703,16.81540354883458,16.705378329580498,16.81540354883458,7383700
2023-03-07,16.70537757873535,16.797064965860823,16.613691940401335,16.73288431951043,5435600
2023-03-08,16.650367736816406,16.71454839045525,16.56784925391171,16.71454839045525,4737800
2023-03-09,16.2469425201416,16.586185330546158,16.2469425201416,16.476160115368838,6733900
2023-03-10,16.210268020629883,16.457823434119362,16.16442345398846,16.301955405121326,6763900
2023-03-13,15.83435344696045,16.05440215004929,15.559291256505666,15.81601561783847,13321500
2023-03-14,15.889362335205078,16.01772361844944,15.770169964876933,15.779337129001823,7397600
2023-03-15,15.522618293762207,15.595967865932005,15.348412404062033,15.485942633281436,14925800
2023-03-16,15.761003494262695,15.770172408599713,15.37591783606598,15.37591783606598,7402800
2023-03-17,15.485939025878906,15.696820526935644,15.458434035717277,15.650975962014032,15611100
2023-03-20,15.522618293762207,15.623474611292583,15.440099806472217,15.49511154840163,9583200
2023-03-21,15.485939025878906,15.50427685184755,15.29339709958215,15.440096209748631,13141400
2023-03-22,15.220047950744629,15.504277265679775,15.210879037515575,15.375915978055783,8451200
2023-03-23,15.531783103942871,15.641806558723282,15.275058794803112,15.458433551158839,14192500
2023-03-24,15.403423309326172,15.412592223948337,15.265893087576975,15.35758048500699,6230000
2023-03-27,15.605135917663574,15.623473746889378,15.430930037601724,15.495110691100393,11983600
2023-03-28,15.375914573669434,15.504275849569321,15.2933961109363,15.421757386836186,9638200
2023-03-29,15.550119400024414,15.56845722567707,15.41258920521212,15.430927030864774,7848700
2023-03-30,15.715157508850098,15.715157508850098,15.605134044286745,15.68765251710498,6290700
2023-03-31,15.99022102355957,16.008557103347112,15.816015149641009,15.981052109270005,8384400
2023-04-03,15.971879959106445,15.990217783970365,15.779336295617753,15.779336295617753,8446400
2023-04-04,15.926039695739746,16.008556423257104,15.898532954039617,15.98105143034849,7522300
2023-04-05,15.889362335205078,15.99021862849212,15.806843867750468,15.944374063911043,5559700
2023-04-06,15.81601333618164,15.926038546249375,15.724325952590426,15.861856153581554,6830800
2023-04-10,15.944375038146973,15.953543951623427,15.770170928468612,15.916870046509038,9204200
2023-04-11,15.999391555786133,15.999391555786133,15.751836091308617,15.797678918600706,11708400
2023-04-12,15.650976181030273,16.320291099130007,15.595964451145855,16.2377726299077,16959200
2023-04-13,14.119802474975586,14.642419148142451,14.05562183285159,14.550731767054744,40415000
2023-04-14,13.918092727661133,14.257334665270282,13.808068386360523,14.16564727698857,26028600
2023-04-17,13.927260398864746,14.018947784723089,13.79889910793792,13.817236060472162,17173000
2023-04-18,13.716381072998047,13.92726084304378,13.698043245483248,13.908923889924722,20768400
2023-04-19,13.588017463684082,13.679704842750645,13.533005735760662,13.597186376469867,19107300
2023-04-20,13.61552619934082,13.743887499588906,13.5605135889518,13.588019456948421,16901400
2023-04-21,13.633862495422363,13.716380969826789,13.606356628752799,13.67053727578036,6908400
2023-04-24,13.588017463684082,13.624692240431576,13.48716204622738,13.588017463684082,11751900
2023-04-25,13.56051254272461,13.643031014743748,13.551343629301215,13.643031014743748,14700200
2023-04-26,13.61552619934082,13.707212717461486,13.551344674821,13.597188371079222,11181600
2023-04-27,14.037285804748535,14.064791671126121,13.826405164131776,13.826405164131776,11606400
2023-04-28,14.248165130615234,14.257334043922963,13.991441678768712,13.991441678768712,11666900
2023-05-01,14.202322006225586,14.238996786526917,14.147310272971456,14.211490919899852,7691400
2023-05-02,14.248165130615234,14.275670996142722,14.083128188658906,14.193152525164558,10433300
2023-05-03,14.101465225219727,14.28483910912203,14.073959361233294,14.229827381149166,9372300
2023-05-04,14.028117179870605,14.165647388984773,14.018948266090796,14.101466741317594,12316300
2023-05-05,13.982272148132324,14.009778012445405,13.908922593700332,13.97310323522941,11268800
2023-05-08,13.99144172668457,14.092297150227887,13.98227281334544,14.07396019794533,12112600
2023-05-09,14.0006103515625,14.018947303467252,13.945597747056876,13.982272525262065,12613800
2023-05-10,14.028117179870605,14.0647919605941,13.918092837700122,14.000611312926921,15541600
2023-05-11,13.780561447143555,13.936429480344424,13.76222449438825,13.936429480344424,15960000
2023-05-12,13.82640552520752,13.853911392303418,13.734718135693521,13.75305596335462,10854900
2023-05-15,14.06479263305664,14.101467415533621,13.826406109758375,13.872249806453548,8921200
2023-05-16,13.853912353515625,14.009780401866408,13.844744313444728,13.982274532862096,13214600
2023-05-17,13.927260398864746,13.954767139259678,13.753055415008749,13.753055415008749,7723900
2023-05-18,13.890585899353027,13.908923726652565,13.817236338946342,13.83557416624588,9384700
2023-05-19,13.982272148132324,14.119802344093394,13.97310323522941,14.01894692534832,7375200
2023-05-22,14.349020004272461,14.422369559133745,14.183983943032407,14.202320894549894,10336400
2023-05-23,14.238996505737305,14.339852805373905,14.220659553146108,14.26650324621768,7113800
2023-05-24,14.266504287719727,14.339853852230714,14.202322762975776,14.30317906997522,6913200
2023-05-25,14.358190536499023,14.449877927613667,14.22982923821344,14.431540099632432,9303400
2023-05-26,14.550731658935547,14.614912300582647,14.477382104368672,14.495719930208223,6331800
2023-05-30,14.578238487243652,14.624082180478148,14.51405784135279,14.56907044811333,6573500
2023-05-31,14.633252143859863,14.679095840383395,14.486553014501194,14.486553014501194,9041000
2023-06-01,14.710380554199219,14.775429332121195,14.561697126821482,14.673209697354784,7995900
2023-06-02,14.682502746582031,14.74755152500668,14.589575160641273,14.598868096479977,7581500
2023-06-05,14.310792922973633,14.59886772304255,14.255037081813917,14.561696866861702,14055500
2023-06-06,14.533818244934082,14.561696164168655,14.180694685144882,14.227158474684552,12480900
2023-06-07,14.533818244934082,14.58957408340323,14.43159773070219,14.533818244934082,7357300
2023-06-08,14.3479642868042,14.543111510214,14.301501379601557,14.468769795221995,10270800
2023-06-09,14.357256889343262,14.422306553118105,14.217866398525835,14.2364513837307,8376100
2023-06-12,14.691795349121094,14.719673269781625,14.51523311708379,14.533818988339556,9468800
2023-06-13,14.728965759277344,14.812599518725715,14.589574387750542,14.803307469602402,5843500
2023-06-14,14.459477424621582,14.766137213713804,14.39442776077984,14.682502564648084,15595900
2023-06-15,14.515233039855957,14.552403895946604,14.32008582382428,14.375842551071809,9532800
2023-06-16,14.710380554199219,14.73825847527676,14.533819205743939,14.626745904743458,18245800
2023-06-20,14.533818244934082,14.719672516869695,14.468768585089313,14.691794597635122,7622000
2023-06-21,14.30150032043457,14.347963224196178,14.050596386251101,14.273621514709909,15032000
2023-06-22,14.375843048095703,14.413013905471479,14.106354110565546,14.13423203204159,11712900
2023-06-23,14.124938011169434,14.18998767124777,14.07847422146293,14.162108865690021,8482700
2023-06-26,14.403719902038574,14.440890756659428,14.217865628934305,14.22715856414529,8509100
2023-06-27,14.515233039855957,14.533818911012837,14.36654961549337,14.505940104277517,7913600
2023-06-28,14.636038780212402,14.654624651669614,14.450184496755918,14.570990002558416,7520300
2023-06-29,14.775428771972656,14.794014642801836,14.580281559381783,14.663916205666887,7992900
2023-06-30,14.933405876159668,15.109968112976844,14.886942969208652,15.026333462507987,12763900
2023-07-03,14.998454093933105,15.147137517551197,14.914819446592153,15.044918771592647,7111800
2023-07-05,15.109967231750488,15.212187748016678,14.989160844809323,15.007746715484299,13415500
2023-07-06,14.933405876159668,15.035626398387446,14.868357097449731,14.998454654869604,6464100
2023-07-07,14.914819717407227,15.03562610906935,14.868356811350258,14.868356811350258,5208600
2023-07-10,14.877649307250977,14.933405147360384,14.849770500973174,14.905528113528781,6775000
2023-07-11,15.09138298034668,15.128554725685078,15.007748325781659,15.109968853015879,7631500
2023-07-12,14.933405876159668,15.137846920615225,14.896235905088112,15.109968112976844,7102600
2023-07-13,15.602481842041016,15.658237680447936,15.407333748947575,15.407333748947575,13295300
2023-07-14,15.834799766540527,15.983483182639358,15.788335091230813,15.946311442391584,11539700
2023-07-17,16.06711769104004,16.08570178856198,15.825506698793633,15.844090796315577,12658400
2023-07-18,16.615388870239258,16.856999894399827,16.503877180593673,16.541047152993418,25345300
2023-07-19,16.457412719726562,16.680439646894403,16.39236393782193,16.550340310638767,21117700
2023-07-20,15.072795867919922,15.072795867919922,14.24574409907679,14.868356602713256,39518000
2023-07-21,15.147137641906738,15.305114002353697,14.951991311473206,15.044918895108989,15268200
2023-07-24,15.072795867919922,15.18430932231661,15.026332962514934,15.147137580035638,10331400
2023-07-25,15.221480369567871,15.277237986936,15.082089871040253,15.082089871040253,7717900
2023-07-26,15.444506645202637,15.49096955194412,15.240065601669043,15.240065601669043,10006100
2023-07-27,15.453798294067383,15.59319056356333,15.435214194254746,15.463091230196868,11839800
2023-07-28,15.295822143554688,15.314408016079517,15.04491995425494,15.202896325823264,9072200
2023-07-31,15.48167610168457,15.56531074899727,15.42592026095818,15.444506132015716,6604000
2023-08-01,15.611775398254395,15.648947144522088,15.472384894643385,15.537433678165428,7462200
2023-08-02,15.351578712463379,15.425920425038054,15.26794406426109,15.370164583718607,11896400
2023-08-03,15.34228515625,15.388748060062436,15.27723638193412,15.35157809150172,10134400
2023-08-04,15.528139114379883,15.686115474570142,15.463090337674405,15.50026208004681,7013000
2023-08-07,15.593189239501953,15.695407983353945,15.52813869211918,15.686115048013548,5533700
2023-08-08,15.583895683288574,15.583895683288574,15.407333463747772,15.518846910943571,6330600
2023-08-09,15.528139114379883,15.65823844023707,15.453797402081303,15.621066697864665,7998100
2023-08-10,15.676823616027832,15.797628228487014,15.59318897184603,15.59318897184603,9033300
2023-08-11,15.500261306762695,15.518847177021676,15.388747857654943,15.4352125333024,6831100
2023-08-14,15.667531967163086,15.751166618211354,15.556018508283296,15.611774351500042,5407200
2023-08-15,15.91843318939209,15.964897866313594,15.583896377788212,15.583896377788212,13343900
2023-08-16,15.91843318939209,16.085702481417123,15.862677349532476,15.992774900020304,8748900
2023-08-17,15.76975154876709,15.955606732546446,15.751167448346267,15.955606732546446,6166600
2023-08-18,15.537432670593262,15.57460441445044,15.425920983914336,15.528139734628967,5445600
2023-08-21,15.686115264892578,15.751165813174753,15.556017713220648,15.713994071299226,6993300
2023-08-22,15.788334846496582,15.89055535814731,15.741871944353216,15.7604560417429,4037600
2023-08-23,16.048534393310547,16.067120266257525,15.871972145207057,15.871972145207057,6097000
2023-08-24,15.91843318939209,16.113581287570025,15.881263220301078,16.07640954603282,4708800
2023-08-25,16.029945373535156,16.085701208984297,15.853383160092484,15.964896603436818,4662000
2023-08-28,16.10428810119629,16.169336875426403,16.029946391726707,16.039239326966175,5356600
2023-08-29,16.18792152404785,16.197214458585893,16.039238116331248,16.05782398540733,7928100
2023-08-30,16.308727264404297,16.345899005146276,16.21580145744166,16.234385555366497,4613400
2023-08-31,16.141462326049805,16.327315742100346,16.132169389380312,16.262266957860337,6511500
2023-09-01,16.280851364135742,16.336607206682118,16.21580258575726,16.280851364135742,5315100
2023-09-05,16.513168334960938,16.680437623826567,16.503875399752165,16.55963123855865,5746400
2023-09-06,16.336606979370117,16.49458334142528,16.308728172261706,16.438827499654707,5049300
2023-09-07,16.280851364135742,16.355193078346332,16.24367962080731,16.308728399185792,5920700
2023-09-08,16.49458122253418,16.503874157043214,16.33660488077263,16.373776618808773,5796800
2023-09-11,16.680437088012695,16.680437088012695,16.485288999789347,16.57821657644589,5196600
2023-09-12,16.782657623291016,16.894171081702773,16.73619471621312,16.76407352392763,6680000
2023-09-13,16.72690200805664,16.77336491576716,16.661853228283384,16.764073752182107,4102400
2023-09-14,16.82912254333496,16.8941713231522,16.754780827480072,16.82912254333496,2914100
2023-09-15,16.49458122253418,16.847703871647393,16.44811832243503,16.801240971548243,16969900
2023-09-18,16.503877639770508,16.61538933251861,16.457412957420132,16.494584703300433,3944300
2023-09-19,16.531755447387695,16.559632482662227,16.43882786076458,16.48529076785299,3171400
2023-09-20,16.62468147277832,16.829122520435824,16.615388536753315,16.689730252507047,4888100
2023-09-21,16.48529052734375,16.699022732746307,16.48529052734375,16.643266890564394,5630200
2023-09-22,16.522462844848633,16.680439213561478,16.485291100470867,16.624681596994833,5319300
2023-09-25,16.364486694335938,16.429535475418042,16.17863151486162,16.318022013244182,4992900
2023-09-26,16.048534393310547,16.26226661486159,16.02994852036357,16.19721783199357,5946500
2023-09-27,16.206510543823242,16.271559325789603,16.104290016478178,16.18792467113389,10292100
2023-09-28,15.760456085205078,15.937018304239755,15.537430963898904,15.834799564753244,18047500
2023-09-29,15.899848937988281,16.067118228402872,15.844091326219301,15.918433036131766,9559900
2023-10-02,15.964899063110352,15.974191999191289,15.825508566788915,15.825508566788915,4529900
2023-10-03,15.797629356384277,16.020654499310265,15.77904348469554,15.881264006537307,6775000
2023-10-04,16.206510543823242,16.21580348016792,15.946313643511429,15.974192452545457,7318800
2023-10-05,16.364486694335938,16.40165666676299,16.225094423507024,16.28085204081713,5069500
2023-10-06,16.531755447387695,16.59680422628999,16.29943736705305,16.34590027414146,5476600
2023-10-09,16.49458122253418,16.54104412263333,16.29014198067348,16.33660488077263,8642700
2023-10-10,16.58751106262207,16.726901554419648,16.522462284612953,16.58751106262207,11060900
2023-10-11,16.364486694335938,16.661853563537765,16.30872907702583,16.596804782455656,15897100
2023-10-12,15.295822143554688,15.695409540606702,15.063504054333409,15.240066298426562,26816400
2023-10-13,15.704700469970703,15.974190269803627,15.583895858889617,15.648944631967597,13208800
2023-10-16,15.99277400970459,16.07640865106118,15.769748890235721,15.769748890235721,7474100
2023-10-17,16.122875213623047,16.16933812095327,15.881264196124027,15.881264196124027,7210500
2023-10-18,15.927725791931152,16.05782511214646,15.89055582361689,15.96489753269157,6115500
2023-10-19,15.881264686584473,16.039241057810827,15.862678814099876,15.881264686584473,4830900
2023-10-20,15.76975154876709,15.964899668980053,15.732581575479054,15.797630358067911,5910200
2023-10-23,15.593189239501953,15.806921434992516,15.52813869211918,15.574603368821162,8505800
2023-10-24,15.796529769897461,15.834184447943109,15.674148026240257,15.692976263042825,5602500
2023-10-25,15.41997241973877,15.561182402063531,15.410560096772665,15.495283572384203,4727100
2023-10-26,15.363490104675293,15.504698296960113,15.316421305766882,15.429387141370905,6991300
2023-10-27,15.476456642150879,15.636493060913464,15.438800169237584,15.542353674189686,5591700
2023-10-30,15.532938957214355,15.589421868847598,15.429385456253923,15.532938957214355,5559700
2023-10-31,15.457629203796387,15.542354476666343,15.363489812212041,15.448215085081996,4663500
2023-11-01,15.438801765441895,15.448215884643535,15.316421806939845,15.344662368985125,5943300
2023-11-02,15.711804389953613,15.758873186071336,15.580008528816935,15.645907357165012,9262500
2023-11-03,15.70238971710205,15.86242613203403,15.692975599099062,15.815355542019086,8674200
2023-11-06,15.871841430664062,15.88125554936732,15.740045564378002,15.815356718444518,3979000
2023-11-07,15.805943489074707,15.862426402496286,15.730630543766676,15.815355811678767,2875500
2023-11-08,15.692977905273438,15.749460826032447,15.645909103900873,15.702392024659884,3314000
2023-11-09,15.401145935058594,15.608251155362886,15.382317698060156,15.570596476925518,7329500
2023-11-10,15.655320167541504,15.702390760684763,15.419972588503805,15.438800825761108,5099500
2023-11-13,15.580009460449219,15.636494173839454,15.457629505889544,15.485871862584661,4579800
2023-11-14,15.928323745727539,15.994220778601933,15.749459088240272,15.768287324935665,6902000
2023-11-15,16.34253692626953,16.34253692626953,15.975393471581683,15.975393471581683,10004100
2023-11-16,16.257810592651367,16.483744044747176,16.257810592651367,16.427261130613093,5859600
2023-11-17,16.48374366760254,16.493157785669403,16.25781022067604,16.295464897384075,4249400
2023-11-20,16.511987686157227,16.549642366660734,16.351951254008213,16.38960593451172,5052400
2023-11-21,16.4178466796875,16.521398387575342,16.389604325412943,16.446087238402626,4702200
2023-11-22,16.54964256286621,16.643781958580462,16.474331405406737,16.60612548207091,5435700
2023-11-24,16.446088790893555,16.446088790893555,16.276640035928754,16.370777634611553,2743400
2023-11-27,16.351951599121094,16.399020399633777,16.25781220253608,16.323709241477697,3757400
2023-11-28,16.596712112426758,16.634368590636818,16.323709827642638,16.351952186300185,6783900
2023-11-29,16.587297439575195,16.709677385308762,16.568469203136353,16.70026326708934,6039100
2023-11-30,16.521398544311523,16.65319440328368,16.44608739442434,16.577883253396497,5541400
2023-12-01,16.69084930419922,16.70967754081328,16.408432937226163,16.446087614894818,4766000
2023-12-04,16.653196334838867,16.832059214342053,16.606125738475143,16.79440453281073,5588600
2023-12-05,16.436674118041992,16.67202169793762,16.370777082960743,16.55905586510106,5016100
2023-12-06,16.653196334838867,16.81323277135622,16.62495397702063,16.75674805571975,6891300
2023-12-07,16.606122970581055,16.672019998946954,16.54964005991876,16.634365323691878,3340000
2023-12-08,16.841472625732422,16.879129101240622,16.700264433695835,16.841472625732422,4581100
2023-12-11,16.389604568481445,16.841471470219236,16.304879299960678,16.766160319929604,8516800
2023-12-12,16.521398544311523,16.53081266249235,16.323707449192458,16.474329748966827,5521000
2023-12-13,16.446088790893555,16.446088790893555,16.276640035928754,16.370777634611553,9025600
2023-12-14,17.2933406829834,17.387478276981827,16.907369006239893,16.945025480286873,14029200
2023-12-15,17.575756072998047,17.86758654830057,17.538099601057382,17.820517753934148,8262300
2023-12-18,17.698137283325195,17.745207876622484,17.462789703517362,17.594585569190233,4898200
2023-12-19,17.688724517822266,17.839346821487386,17.585171010717687,17.585171010717687,5257800
2023-12-20,17.340408325195312,17.585170003522208,17.340408325195312,17.443961826368835,6181000
2023-12-21,17.330995559692383,17.472203747864594,17.11447621812436,17.415720831707617,7763900
2023-12-22,17.66048240661621,17.782862356700587,17.547514779526423,17.603999490851077,7018100
2023-12-26,17.36865234375,17.575757570390063,17.293341189011837,17.547515214028415,3866200
2023-12-27,17.50986099243164,17.585172149139662,17.368652798049048,17.547515673005847,4338000
2023-12-28,17.47220230102539,17.585169919544246,17.443961743065213,17.519272890224656,3308700
2023-12-29,17.302753448486328,17.443963434214705,17.246270531530712,17.41572107795712,2864800
2024-01-02,17.020336151123047,17.208614924910385,16.96385323721063,17.170958451929135,8963600
2024-01-03,16.982681274414062,17.001507715124305,16.521398463604058,16.530812581738896,12408800
2024-01-04,17.010923385620117,17.19920217437976,16.954440467216067,17.133305136981765,6707600
2024-01-05,17.039165496826172,17.246270725026775,17.010923140251716,17.18037368857929,10479200
2024-01-08,17.32158088684082,17.340409123477215,17.029750401214574,17.039164519532772,7538600
2024-01-09,17.180374145507812,17.34041057923356,17.142717669073697,17.27451354103348,6106100
2024-01-10,17.039165496826172,17.236856606168626,16.92619786608793,17.208616045153747,13572600
2024-01-11,17.716964721679688,18.018209322959258,17.538100066335147,17.547514184570066,17927300
2024-01-12,18.451251983642578,18.884290700717003,18.272387306974604,18.272387306974604,21182400
2024-01-16,18.328868865966797,18.42300825698609,18.084107167540445,18.25355771226327,13410000
2024-01-17,18.394765853881836,18.55480046835582,18.328867029878047,18.41359229375213,11273100
2024-01-18,18.667770385742188,18.790150339996696,18.498319837113186,18.65835626686729,9891800
2024-01-19,18.818391799926758,18.85604827363202,18.57363010752103,18.639527140945745,7921000
2024-01-22,18.705425262451172,18.82780520624562,18.67718290824041,18.76190817531327,5823300
2024-01-23,18.630115509033203,18.78073781832155,18.46066496219392,18.54539023561356,8984900
2024-01-24,18.818391799926758,18.99725645890777,18.79014944464781,18.92194530705674,10476100
2024-01-25,18.912532806396484,18.978429845457992,18.696013450748776,18.82780752887179,7290500
2024-01-26,19.034912109375,19.176122097423384,18.94077451142219,18.978429191491397,5696300
2024-01-29,18.98784065246582,18.98784065246582,18.893701272131132,18.969012417287015,5283800
2024-01-30,18.780736923217773,18.89370275202022,18.6960116538362,18.856048074272564,6409700
2024-01-31,18.696012496948242,18.969014758498314,18.686598378196923,18.8654630433529,6594300
2024-02-01,19.006669998168945,19.034910557027864,18.667768927386437,18.696011281804793,8251300
2024-02-02,19.157291412353516,19.289085469099035,19.01608323790341,19.138463176944338,6117900
2024-02-05,19.11022186279297,19.157292453874987,19.01608427174784,19.129050099225775,3604800
2024-02-06,19.402053833007812,19.524433776760585,19.298500329829707,19.439708509716578,7549400
2024-02-07,19.232603073120117,19.27967186734332,18.95018492110267,19.11963545320126,5739100
2024-02-08,19.006669998168945,19.307914596393648,18.987841761890042,19.232603446837473,6885700
2024-02-09,18.921945571899414,19.063153759151596,18.874874979109006,18.969014369130303,5895300
2024-02-12,18.9596004486084,19.053739839612994,18.912531650885867,18.912531650885867,4253200
2024-02-13,18.696012496948242,18.837220687098938,18.64894190319164,18.75249541389661,6914100
2024-02-14,18.997257232666016,19.01608547028552,18.818392566399844,18.88428960250855,7591100
2024-02-15,19.119638442993164,19.13846668185043,19.006672600968923,19.081983760838312,5247500
2024-02-16,19.270259857177734,19.37381337046681,19.072568745145432,19.15729402046202,5516600
2024-02-20,18.846633911132812,19.2043614289026,18.818391556219616,19.091395600368763,7587200
2024-02-21,18.62070083618164,18.771323140988084,18.526561446787735,18.63011495467698,6191500
2024-02-22,19.119638442993164,19.166709040136336,18.95960200382575,19.016086720397556,6590200
2024-02-23,18.931360244750977,19.072568436137608,18.92194612591726,19.025497841969017,4228200
2024-02-26,18.818391799926758,18.85604827363202,18.667769496224693,18.761908884928356,5145700
2024-02-27,18.827804565429688,18.884287476369355,18.761907536740182,18.808976329930008,2751500
2024-02-28,18.780736923217773,18.79014924598508,18.648941062202287,18.780736923217773,4344500
2024-02-29,18.790151596069336,18.912533354064326,18.761911033116412,18.856050432598785,6256900
2024-03-01,18.667770385742188,18.752495660056688,18.60187334917748,18.752495660056688,6151800
2024-03-04,18.6395263671875,18.64894048522302,18.357110008359584,18.488904069738023,6821800
2024-03-05,18.159420013427734,18.347696998834987,18.093521183197694,18.253557608351596,7522600
2024-03-06,18.19707489013672,18.470078945950885,18.168832534016772,18.37593955444395,9226500
2024-03-07,18.253555297851562,18.37593702865698,18.20648650634751,18.35710879383164,11084100
2024-03-08,18.131175994873047,18.31004064083253,18.121761877132087,18.262970052127738,8183300
2024-03-11,18.093523025512695,18.16883418645582,18.046454223258134,18.08410890594984,8544100
2024-03-12,18.281801223754883,18.42300942142925,18.215904184544158,18.291215343007796,11415900
2024-03-13,18.253555297851562,18.310040002327586,18.159417714843457,18.21590062376018,7171000
2024-03-14,18.507732391357422,18.743079956655006,18.423007124205537,18.639526453345052,8476900
2024-03-15,18.102935791015625,18.50773392414179,18.093521672156925,18.47007924426657,13296100
2024-03-18,18.046451568603516,18.102934482112225,17.9523121823827,18.065279804959566,6324200
2024-03-19,17.745208740234375,17.745208740234375,17.538101710766032,17.59458642547174,9561000
2024-03-20,17.82051658630371,17.82051658630371,17.547512569299798,17.575754921404812,9677300
2024-03-21,17.142715454101562,17.406305368403636,17.06740430652374,17.274511309032295,22905000
2024-03-22,16.68143653869629,17.057994119277115,16.653195977044458,17.04858000020663,15028500
2024-03-25,16.596712112426758,16.747336229707297,16.559057429776402,16.747336229707297,12454500
2024-03-26,16.70967674255371,16.775573771995408,16.606123241682827,16.672020271124524,10500900
2024-03-27,16.747333526611328,16.794402321217078,16.643780023807373,16.784988203184046,6074600
2024-03-28,16.879127502441406,16.935610414794038,16.747333441765466,16.747333441765466,7019600
2024-04-01,16.54964256286621,16.869715430958884,16.474331405406737,16.841473073576722,14601600
2024-04-02,16.54964256286621,16.577884920248373,16.3707778905651,16.40843436707465,12687000
2024-04-03,16.68143653869629,16.775575933841495,16.493159543965493,16.521400105617325,8871400
2024-04-04,16.70967674255371,16.963852538022582,16.615537359540124,16.700262624696414,12716500
2024-04-05,16.784990310668945,16.80381854909904,16.615539755917347,16.662610351992594,5967200
2024-04-08,16.813230514526367,16.907368103498474,16.690848775967567,16.70026289397666,8716600
2024-04-09,17.12388801574707,17.1991991589351,16.95443749468418,16.973265729371008,13467900
2024-04-10,16.94502830505371,17.02033947014267,16.813234215037987,16.94502830505371,11553000
2024-04-11,16.88854217529297,17.0768191545073,16.803816906200705,17.0768191545073,13389200
2024-04-12,16.68143653869629,16.813232410123426,16.502573663035975,16.737921253119183,17657700
2024-04-15,16.257810592651367,16.672021023713956,16.24839647436911,16.653194582708903,11374300
2024-04-16,16.050703048706055,16.182498904722827,15.984806018477373,15.984806018477373,13033300
2024-04-17,15.956565856933594,16.17308518894347,15.881254706862356,16.135428716128125,17034100
2024-04-18,15.542353630065918,15.909495262130958,15.099900847947548,15.307006061704337,31702900
2024-04-19,15.824769973754883,15.956565832850217,15.702390028408626,15.777701178366195,16182300
2024-04-22,16.28605079650879,16.37077606364059,15.965977964135186,16.05070323126699,19944700
2024-04-23,16.15425682067871,16.351949710226723,16.12601446629773,16.28605088333776,8832400
2024-04-24,16.041290283203125,16.220153133009166,15.937736783955891,16.154256104600694,10685000
2024-04-25,16.013050079345703,16.097775354545384,15.84359952894634,16.022464198318957,10657300
2024-04-26,15.947150230407715,16.126013072684945,15.890665526527165,16.107186633617378,8845000
2024-04-29,15.975393295288086,16.088360925228386,15.937738615681027,15.95656685326434,7426500
2024-04-30,15.730631828308105,15.956567091562867,15.730631828308105,15.937738853698372,11349100
2024-05-01,15.787114143371582,15.90007996227652,15.702388881413219,15.740043555861758,6966200
2024-05-02,15.881255149841309,15.91890982814751,15.65531989776609,15.862426912908457,8716700
2024-05-03,15.937739372253418,15.994222292125059,15.87184233314323,15.92832525301487,4035300
2024-05-06,15.975393295288086,16.041292126829674,15.95656685326434,16.003635651663053,4209700
2024-05-07,16.126014709472656,16.182499419086394,15.994220644826195,16.060117677149425,8843200
2024-05-08,16.088361740112305,16.135430540895076,15.909497065130392,15.994222342987106,4739100
2024-05-09,15.975393295288086,16.06011856885342,15.900082140514407,16.041292126829674,12308400
2024-05-10,15.881255149841309,15.96597862492014,15.805943997669402,15.94715218354679,10340700
2024-05-13,15.928323745727539,16.041291370340414,15.900081390684452,15.947151982422932,5923300
2024-05-14,15.956565856933594,16.01304877059716,15.87184058865852,16.003634652393323,9395500
2024-05-15,16.050703048706055,16.126014196904464,15.871840193959464,16.022462490356283,4019700
2024-05-16,16.229568481445312,16.27663907356324,16.14484321119254,16.201326126174557,10753400
2024-05-17,16.126014709472656,16.16367118254848,16.022462999633063,16.14484294601057,7986000
2024-05-20,16.126014709472656,16.210739978333798,16.107188268494205,16.154257064279523,6096100
2024-05-21,16.013050079345703,16.107189473518638,16.00363596037245,16.06011887865237,7889700
2024-05-22,16.257810592651367,16.295465270220934,16.182499441952764,16.24839647436911,8385600
2024-05-23,16.38018798828125,16.49315559451621,16.3519474333919,16.417844455545964,9249300
2024-05-24,16.34253692626953,16.45550276189688,16.314294569582902,16.38019160629212,9241000
2024-05-28,16.304880142211914,16.370777177674412,16.257811344184287,16.295466023494477,11508000
2024-05-29,16.031875610351562,16.14484142783742,16.003633258200452,16.116600871245602,8563800
2024-05-30,15.881255149841309,15.96597862492014,15.787115760736551,15.91890982814751,11351200
2024-05-31,16.08775520324707,16.15498731994164,15.780407337250306,16.06854550363783,14253800
2024-06-03,16.183801651000977,16.231824067438374,16.020522870400956,16.20301135035104,8585300
2024-06-04,16.135778427124023,16.135778427124023,15.905267516100865,16.03012873786625,8822800
2024-06-05,16.471939086914062,16.500753634668133,16.327870012019076,16.414311823343603,7513200
2024-06-06,16.846519470214844,16.85612248672492,16.70244857543833,16.74086796922874,7386000
2024-06-07,17.29793930053711,17.45161323798612,17.20189263164702,17.345961719013236,11158200
2024-06-10,17.134658813476562,17.163473360866924,16.952170343879583,17.009797606722653,6404300
2024-06-11,17.086637496948242,17.1154502142511,16.904149015633127,17.105845364504223,5756500
2024-06-12,17.15386962890625,17.201892045746725,17.04821811353188,17.096240530372352,6033900
2024-06-13,17.105844497680664,17.19228630908442,17.038612384797226,17.144263894721302,6851000
2024-06-14,17.086637496948242,17.105845364504223,16.92335871512688,16.98098598167037,6694600
2024-06-17,17.23070526123047,17.278727674353654,17.0290070958503,17.067426491898953,6348700
2024-06-18,17.201892852783203,17.355566792207746,17.173078302164406,17.26912497228921,10828100
2024-06-20,17.547658920288086,17.74935526487318,17.442007407255282,17.69172799955426,17345600
2024-06-21,17.34596061706543,17.51884424369714,17.19228668937896,17.49002969527928,22822100
2024-06-24,17.42279815673828,17.470822405688597,17.249914524392707,17.278729073762896,5758800
2024-06-25,17.614891052246094,17.63410075135029,17.4420074241838,17.538054087767044,8733100
2024-06-26,17.4996337890625,17.624494994876933,17.44200652665303,17.566867732467465,8693400
2024-06-27,17.89342498779297,17.96065893701091,17.816588020624554,17.883821969842494,8949300
2024-06-28,17.883819580078125,17.999074099460714,17.806982623177213,17.95105168837423,9520300
2024-07-01,18.01828384399414,18.200772304089682,17.970259600843967,18.13353836367944,8064200
2024-07-02,18.469701766967773,18.4985163144632,18.287215128643066,18.344842391696254,10531700
2024-07-03,18.604167938232422,18.66179520164149,18.517726127149984,18.527330976374444,7252400
2024-07-05,18.661794662475586,18.79625888385777,18.584957702837535,18.681004360369506,7709600
2024-07-08,18.729026794433594,18.853886167010597,18.70021224756,18.83467830103249,10910900
2024-07-09,18.53693389892578,18.815469029198514,18.527330881688076,18.805864180023146,12586700
2024-07-10,18.604167938232422,18.73863216349947,18.402469768394177,18.681004900090404,16768700
2024-07-11,19.103607177734375,19.276490799024984,18.81546903020847,18.86349144415023,14459300
2024-07-12,19.59344482421875,19.65107209124854,19.334119374678007,19.362933924161798,10583500
2024-07-15,19.507001876831055,19.60304853760448,19.37253765091087,19.37253765091087,11641700
2024-07-16,19.843162536621094,19.843162536621094,19.66067408031927,19.699093474040716,7137500
2024-07-17,19.718303680419922,19.862372746723025,19.651069739670074,19.72790852909847,14389200
2024-07-18,21.37030029296875,21.716067535614364,20.66916279043751,20.80362701504962,42176100
2024-07-19,20.822837829589844,21.005326309872416,20.46746571871723,20.46746571871723,16443500
2024-07-22,20.92848777770996,20.92848777770996,20.611533257394708,20.82283627093821,8459600
2024-07-23,21.207021713256836,21.226231411786493,20.870859316738546,20.99572052524364,9992300
2024-07-24,20.99571990966797,21.23583563843567,20.966905362718297,21.00532475865119,7859100
2024-07-25,21.139789581298828,21.255044108497597,20.928488393475966,20.928488393475966,11403500
2024-07-26,21.88895034790039,22.033019416365242,21.552787966857338,21.57199583256508,15980100
2024-07-29,21.706464767456055,21.82171930476238,21.62002294850739,21.735277485813715,8940800
2024-07-30,21.716068267822266,21.783300382395208,21.610416755243225,21.658439170813118,6682900
2024-07-31,21.255043029785156,21.754484174133214,20.89006793626163,21.67764721592102,18250700
2024-08-01,21.418325424194336,21.552791497803394,21.293466032919387,21.40872240573602,10759600
2024-08-02,20.909278869628906,20.986115832382502,20.630743734686064,20.966906133709678,10940900
2024-08-05,19.977628707885742,20.198536579550318,19.574234193979503,19.72790995198266,14844400
2024-08-06,20.160118103027344,20.256164769190317,20.06407143686437,20.14090840340719,9996700
2024-08-07,20.140907287597656,20.582721194695658,20.121699420979407,20.448256968679505,8944600
2024-08-08,20.304187774658203,20.33300232492339,20.05446716817342,20.073676868350212,8243300
2024-08-09,20.457860946655273,20.573117311465246,20.304187014867157,20.390628830490193,7794500
2024-08-12,20.467464447021484,20.60193050242444,20.371417788001555,20.467464447021484,11669500
2024-08-13,20.73639488220215,20.813231843609763,20.53469671354612,20.53469671354612,7691800
2024-08-14,20.89006996154785,20.90927966094767,20.70758148112509,20.75560572962464,5350300
2024-08-15,20.96690559387207,21.130184364511713,20.947695895693844,21.024532856469108,6838200
2024-08-16,21.139789581298828,21.197416844898214,21.034138071418557,21.13018473204265,5219100
2024-08-19,21.37990379333496,21.42792620425604,21.178205637203828,21.21662503149073,5276900
2024-08-20,21.427928924560547,21.504765890951358,21.312674390943222,21.389511357334033,5588900
2024-08-21,21.677648544311523,21.687253393668826,21.485557052978603,21.495160070398207,7843700
2024-08-22,21.456743240356445,21.620022021151694,21.4279286912969,21.523975356224295,4273000
2024-08-23,21.456743240356445,21.523975356224295,21.274254760188168,21.466348090042963,4428500
2024-08-26,21.55278968811035,21.610416953711013,21.427928475381552,21.427928475381552,4569000
2024-08-27,21.898555755615234,22.004207272261773,21.639232136841233,21.668044854517344,8258200
2024-08-28,22.090648651123047,22.551670444177073,22.06183410208051,22.109858350484735,7492200
2024-08-29,22.28274154663086,22.39799607667947,22.100253070126545,22.100253070126545,5756200
2024-08-30,22.359577178955078,22.446018987312115,22.215506277068275,22.369182027876704,6375000
2024-09-03,22.07143783569336,22.40760022977347,21.98499602487454,22.263531155721328,5793200
2024-09-04,22.14827537536621,22.186694773149583,21.927369333924972,21.9561838822625,5558000
2024-09-05,21.99460220336914,22.282742200825563,21.946579786428625,22.119463418514925,6270100
2024-09-06,21.648836135864258,22.013811256940453,21.600811888395203,21.917764593940067,7517300
2024-09-09,21.725671768188477,21.86013598898431,21.66804267475802,21.86013598898431,4585000
2024-09-10,22.02341651916504,22.02341651916504,21.754486224111606,21.86974258825958,6484400
2024-09-11,22.013809204101562,22.04262374989597,21.66804198231886,21.98499465830715,5590600
2024-09-12,22.33076286315918,22.40759982338932,22.16748409367793,22.33076286315918,5643300
2024-09-13,22.28274154663086,22.407600926173142,22.2347172991625,22.349973661148837,5273400
2024-09-16,22.273136138916016,22.369182799507836,22.138670081312394,22.282740988168964,6747300
2024-09-17,22.061832427978516,22.49404147113076,21.91776335757364,22.359577249677894,10352700
2024-09-18,21.59120750427246,21.80251053381522,21.504765688902744,21.59120750427246,7051700
2024-09-19,21.792903900146484,21.908158423246192,21.725671789682053,21.83132146386718,6281100
2024-09-20,21.946578979492188,21.994601394667004,21.71606808916519,21.744880805494994,21841100
2024-09-23,21.792903900146484,21.83132146386718,21.60081058573015,21.821716614952603,4900300
2024-09-24,21.687253952026367,21.821718182615083,21.57199758870908,21.725673350444712,7015300
2024-09-25,21.66804313659668,21.71606738214566,21.562393460264225,21.620020722985352,9151500
2024-09-26,22.052228927612305,22.340368917980637,21.956184096093928,22.138670741529033,10927900
2024-09-27,21.504764556884766,21.802509386123855,21.456742142846288,21.72567242449969,9702000
2024-09-30,21.389511108398438,21.53358018971228,21.207022628367433,21.39911595807773,11576900
2024-10-01,21.504764556884766,21.629625764485073,21.389510030417355,21.53357910447045,8366500
2024-10-02,21.437532424926758,21.55278878322684,21.293463351004906,21.475951821672677,5273100
2024-10-03,21.523975372314453,21.543185071701846,21.31267417486643,21.31267417486643,7816800
2024-10-04,21.88895034790039,21.975390323429224,21.69685703532219,21.71606673296753,9261000
2024-10-07,22.00420570373535,22.157879626846267,21.82171723306451,21.831322082251152,7549400
2024-10-08,22.397994995117188,22.436414391236667,22.167484114213234,22.225111376454812,7722500
2024-10-09,22.349971771240234,22.45562144286146,22.292342679151307,22.397994182710104,4269500
2024-10-10,21.754486083984375,21.831323048942174,21.562394587558753,21.73527638476049,7665900
2024-10-11,22.02341651916504,22.081043785270147,21.87934743793339,21.927369854364688,5065600
2024-10-14,22.43641471862793,22.522856529220473,22.28274079578289,22.359577757205408,7100000
2024-10-15,22.10985565185547,22.359576217264408,22.061831409312862,22.263529564116734,10562700
2024-10-16,21.99460220336914,22.023416752696114,21.802510703669302,21.860137970385477,13868500
2024-10-17,21.764089584350586,21.831321695528445,21.149393902795712,21.30306782318443,16539000
2024-10-18,21.62002182006836,21.648836368859907,21.341486677563278,21.504765456839905,11307600
2024-10-21,21.322277069091797,21.399114027656875,21.110974059084633,21.120578907897468,10411900
2024-10-22,21.283857345581055,21.370299151625783,21.17820584220693,21.17820584220693,5733800
2024-10-23,21.331880569458008,21.48555632200885,21.23583574302798,21.303067854304054,4532000
2024-10-24,21.178207397460938,21.43753283463908,21.149394681288502,21.331881323506273,7199600
2024-10-25,21.024532318115234,21.21662563110348,21.00532445236649,21.17820623573079,6572800
2024-10-28,21.197416305541992,21.341485376843536,21.17820660751842,21.33188052783175,3887200
2024-10-29,21.148845672607422,21.343138040207254,21.012838977067826,21.061413458663043,8789300
2024-10-30,20.517391204833984,20.94483550384215,20.507676309002857,20.90597777344455,8486700
2024-10-31,20.31338119506836,20.4785307110009,20.27452346639844,20.43967298233098,8615100
2024-11-01,20.167661666870117,20.439673181923077,20.167661666870117,20.284236706945062,9285500
2024-11-04,20.128803253173828,20.284237884246448,20.060800833695428,20.167662837405462,11936900
2024-11-05,20.11908721923828,20.216234321396048,20.070514594622825,20.187091487797517,9558400
2024-11-06,20.78940200805664,20.983696229401673,20.59510963963863,20.896264015089113,17779900
2024-11-07,21.032268524169922,21.04198342037555,20.731114153503373,20.828261262632676,12341100
2024-11-08,21.12941551208496,21.372282357051454,21.041983299662864,21.041983299662864,7743000
2024-11-11,21.41114044189453,21.498570795265536,21.14884382300097,21.255703967310797,6092100
2024-11-12,21.391712188720703,21.537431925383387,21.362567500217374,21.391712188720703,3848800
2024-11-13,21.41114044189453,21.430568379906504,21.177986656482354,21.352851069078064,5432100
2024-11-14,21.197418212890625,21.401427328885873,21.187703316612087,21.313995115306053,6169200
2024-11-15,20.915693283081055,21.129415438857162,20.760258651075343,21.09055585439225,7650200
2024-11-18,20.98369598388672,21.051698404683727,20.66311181946725,20.72139934401797,4816400
2024-11-19,21.1099853515625,21.323709357278283,20.818545883857094,20.818545883857094,6033100
2024-11-20,21.362565994262695,21.401425576194395,21.17798668594083,21.37228088974562,7812600
2024-11-21,21.33342170715332,21.411140872471538,21.148844248303206,21.19741687370021,6121500
2024-11-22,22.139741897583008,22.15916983644777,21.663721263321165,21.770583265248547,8678600
2024-11-25,22.18831443786621,22.227172168371588,21.809442764035904,21.838585598683206,11805800
2024-11-26,22.518613815307617,22.538043607308477,22.246602286076392,22.285461870078116,7339500
2024-11-27,22.091167449951172,22.460326082817822,21.92601792533755,22.353464080736384,9141100
2024-11-29,21.440284729003906,21.60543425732716,21.372282309034386,21.508287148973427,5620900
2024-12-02,21.56657600402832,21.644293318245865,21.381996687914054,21.479143793917714,5836200
2024-12-03,21.488859176635742,21.760868856095996,21.40142696454438,21.654008704705312,8215700
2024-12-04,21.877445220947266,21.964877430898206,21.63457838284508,21.702580801045386,5866400
2024-12-05,22.207744598388672,22.43118164805427,22.100882595102103,22.110597491121514,5984600
2024-12-06,22.207744598388672,22.324319644767698,22.149455222272206,22.22717253750054,4709600
2024-12-09,22.499183654785156,22.74205049203709,22.35346392301938,22.35346392301938,6292000
2024-12-10,22.576900482177734,22.71290531517203,22.30488896326226,22.47003848315257,6600900
2024-12-11,22.693477630615234,22.83919736087111,22.528328108878064,22.57690073465439,6193400
2024-12-12,22.58661651611328,22.80033867200774,22.489469407824174,22.703193416645604,5750900
2024-12-13,22.73233413696289,22.95577116818935,22.615759100204215,22.848911026648366,4443500
2024-12-16,22.683761596679688,22.907198628722508,22.64490201566695,22.683761596679688,9862100
2024-12-17,22.47003936767578,22.71290620925559,22.46032632458831,22.66433358211041,3890600
2024-12-18,22.00373649597168,22.62547689921136,21.974593659505175,22.47004040870616,6071000
2024-12-19,22.75176429748535,22.94605849914599,22.44089505716979,22.51861236724868,9178400
2024-12-20,22.081453323364258,22.31460527454298,21.799728743870926,21.984306213808043,12356700
2024-12-23,22.130027770996094,22.1883152954705,21.867731131470766,22.081453289828257,3622600
2024-12-24,22.120311737060547,22.168884362803176,21.90658773676841,21.93573242397013,2051600
2024-12-26,21.994020462036133,22.110597360654232,21.95516273111473,21.994020462036133,3440300
2024-12-27,21.838586807250977,22.052310822102466,21.663722377982314,21.94544881467672,4339900
2024-12-30,21.46942901611328,21.586004061617334,21.26541990709078,21.586004061617334,4830800
2024-12-31,21.294565200805664,21.556861840043084,21.265420512136952,21.51800225515147,2304300
2025-01-02,21.974592208862305,22.168884566545366,21.848300416087746,22.10088214870995,6556200
2025-01-03,21.98430633544922,22.013451024355444,21.809443760792895,21.87744618198041,3810700
2025-01-06,22.10088348388672,22.15917100942026,21.935733950769166,21.935733950769166,4862600
2025-01-07,21.96487808227539,22.227172866979743,21.887160765895032,22.023165606328917,5150400
2025-01-08,22.130027770996094,22.1591706067698,21.906588863478042,21.945448448412307,6199700
2025-01-10,22.052310943603516,22.528329752053683,22.052310943603516,22.19803068448793,7409000
2025-01-13,22.04259490966797,22.13002712027217,21.83858580061585,21.87744538440747,11561800
2025-01-14,21.86773109436035,22.052310416630895,21.84830130192619,21.935733514952922,13923400
2025-01-15,22.236886978149414,22.314604291786242,21.994020141418464,22.071737455055292,9229900
2025-01-16,20.954551696777344,21.955163794199322,20.701969948313728,21.955163794199322,22922700
2025-01-17,20.58539390563965,20.886548268835877,20.507676590849428,20.633966532535933,13512700
2025-01-21,20.54653549194336,20.565965284979214,20.332813327330133,20.49796286228078,18004300
2025-01-22,20.993410110473633,21.07112742466766,20.721398584331073,20.82826058619546,9311600
2025-01-23,21.158559799194336,21.177987738198638,20.90597806286897,20.964265585735767,10751800
2025-01-24,21.061412811279297,21.226562337772663,21.05169791525887,21.11970033447491,7612600
2025-01-27,20.92540740966797,21.01283776564484,20.624251199920785,20.624251199920785,9588900
2025-01-28,20.915693283081055,20.944836118502767,20.711684170494202,20.799116382613285,14719300
2025-01-29,21.080842971801758,21.19741802023065,20.973980966636116,21.119700703635726,8351400
2025-01-30,21.197418212890625,21.440285061073013,21.0808431634022,21.109985999310805,6800600
2025-01-31,21.32370948791504,21.42085474246069,21.19741769232256,21.294564799795168,9751700
2025-02-03,21.362565994262695,21.459713096165093,20.964264544097038,20.964264544097038,10983000
2025-02-04,21.741439819335938,21.760869612237375,21.372283018843802,21.372283018843802,9778200
2025-02-05,21.673437118530273,21.692866911181973,21.391712536788695,21.488859647120176,9910900
2025-02-06,21.605432510375977,21.760867130003177,21.45971278609133,21.74143733931807,9375200
2025-02-07,21.20713233947754,21.556861181103763,21.032267918664427,21.556861181103763,9618000
2025-02-10,21.24599266052246,21.25570570385856,21.090556173239886,21.17798838668077,9249900
2025-02-11,21.343137741088867,21.36256753345465,21.022553578761386,21.129415583846207,8557800
2025-02-12,21.12941551208496,21.12941551208496,20.896263563268363,20.973980879540562,5914200
2025-02-13,21.119699478149414,21.139129269402464,20.886547541893457,20.964264853978776,9916700
2025-02-14,20.954551696777344,21.129416126708083,20.92540886040691,21.109986333843104,7038100
2025-02-18,20.799116134643555,20.85740365771904,20.565964189414654,20.85740365771904,10779700
2025-02-19,20.604822158813477,20.604822158813477,20.400814899226162,20.585394219514903,11414600
2025-02-20,20.740829467773438,20.760259260576333,20.527105452795627,20.663112149488878,10776600
2025-02-21,20.56596565246582,20.67282766314544,20.497963228552273,20.585395445848857,13778200
2025-02-24,20.23566436767578,20.2550941589378,20.031657118205192,20.070514847802354,12509400
2025-02-25,20.177377700805664,20.22595032808963,20.02194306998462,20.157947908721294,9215000
2025-02-26,20.177377700805664,20.37167006286849,20.128803220594737,20.187092596847847,9233300
2025-02-27,19.915081024169922,20.206520493108943,19.905366128148362,20.167662761949654,10206600
2025-02-28,19.5264949798584,19.5264949798584,19.137908393045333,19.273913235198155,17385600
2025-03-03,19.264196395874023,19.613925215194712,19.225338667575514,19.497348324445543,9916000
2025-03-04,19.147621154785156,19.361345164084188,19.00190141848935,19.099048526995546,13778200
2025-03-05,19.48763656616211,19.613928372547438,19.35163171583371,19.507066359902485,12466000
2025-03-06,19.186479568481445,19.45849108511359,19.118477152555126,19.409916607361314,11306000
2025-03-07,19.29334259033203,19.303057486397968,18.953328639732117,19.04076085139858,15923200
2025-03-10,18.885326385498047,19.22534033907405,18.80760906921727,19.186480754470175,14185200
2025-03-11,18.428735733032227,18.652174641099645,18.27330109876698,18.584170367297475,17695000
2025-03-12,17.972145080566406,18.117864805228876,17.816710460536193,17.962430185198663,15292400
2025-03-13,17.768138885498047,18.059578352026993,17.738994197674376,17.972146141482924,10913500
2025-03-14,17.874998092651367,17.933285612298928,17.738993262498113,17.855568301793234,7767300
2025-03-17,18.04014778137207,18.166439570229166,17.86528336783262,18.059577572415755,10044500
2025-03-18,17.923572540283203,18.15672447141637,17.865283167804783,18.15672447141637,13070400
2025-03-19,18.04014778137207,18.13729488366364,17.913857845441836,18.0110049477334,9710800
2025-03-20,17.544700622558594,17.865284788566363,17.38926598770192,17.806997263726863,19376100
2025-03-21,17.79728126525879,17.90414326495249,17.651561535720855,17.88471347356693,18677600
2025-03-24,18.05957794189453,18.098435671850027,17.972145733336042,18.098435671850027,7515800
2025-03-25,18.2927303314209,18.47730964880933,18.253872600507353,18.35101785425469,11605900
2025-03-26,18.127580642700195,18.253872436117486,18.06929312039133,18.088722912136593,7391100
2025-03-27,18.13729476928711,18.24415676642663,18.069292353989905,18.166439455668847,6249500
2025-03-28,17.651561737060547,17.95271609526426,17.593274215165906,17.84585594727857,7866100
2025-03-31,17.729278564453125,17.768138146602027,17.36012179867288,17.48641173480308,12408200
2025-04-01,17.680706024169922,17.690419066826692,17.437839193359494,17.67099112858628,13574900
2025-04-02,17.865283966064453,17.904143549453064,17.60298918989901,17.63213202451355,9782300
2025-04-03,16.85495948791504,17.243546071043294,16.786957067483467,17.058966749209752,16271300
2025-04-04,16.106929779052734,16.417799057555115,16.02921245942714,16.320651944791354,19389000
2025-04-07,16.301223754882812,16.93267719878423,15.883492473446282,15.941779999040882,23309900
2025-04-08,15.951493263244629,16.680093743868603,15.766913956000373,16.55380380918159,12944700
2025-04-09,17.156112670898438,17.262974668710715,15.689196799799184,15.689196799799184,20797800
2025-04-10,16.495515823364258,16.816099987672505,16.029211921266263,16.76752735938492,25884800
2025-04-11,16.39836883544922,16.466373109653855,16.00978224748635,16.281793785523863,15133500
2025-04-14,16.524660110473633,16.680094740728574,16.398368315312144,16.680094740728574,20142000
2025-04-15,16.544090270996094,16.573233106738687,16.37894074105575,16.408083576798344,16826200
2025-04-16,16.106929779052734,16.369226427636764,16.058357149134384,16.126359572190896,21244700
2025-04-17,15.679482460021973,15.98063867308953,15.368613204015265,15.75719977402365,20714100
2025-04-21,16.106929779052734,16.39836926441695,15.9223504500943,16.378941324205844,20614300
2025-04-22,16.37894058227539,16.44694300225154,16.184646365548982,16.184646365548982,10459300
2025-04-23,16.73838233947754,17.04925160139214,16.689809712150993,16.864674135209697,12569300
2025-04-24,16.864673614501953,16.952105823331777,16.748096718419887,16.77724140567213,10165700
2025-04-25,16.903532028198242,16.94239161277281,16.767527188041214,16.903532028198242,7574000
2025-04-28,16.835529327392578,16.95210622624542,16.66066490557679,16.864674015337524,7546900
2025-04-29,17.068679809570312,17.146397117837026,16.86467257021774,16.932674983335264,7769600
2025-04-30,17.09782600402832,17.11725579604152,16.796671639531542,17.049251523995324,7085500
2025-05-01,17.09782600402832,17.25326063428001,17.08811110802172,17.21440105025361,7752700
2025-05-02,17.369836807250977,17.505843507238893,17.360123763541264,17.360123763541264,8940500
2025-05-05,17.340694427490234,17.466984381244185,17.330979530597297,17.330979530597297,5659500
2025-05-06,17.262975692749023,17.476697848124704,17.23383100445494,17.340693008606266,8333400
2025-05-07,17.204687118530273,17.253261601285757,17.126969799048553,17.185259178355135,5479000
2025-05-08,16.990962982177734,17.262974495273024,16.95210525340803,17.165827393958505,11433300
2025-05-09,16.990962982177734,17.25325959984889,16.913245671711483,17.214400018152347,8642400
2025-05-12,18.11786460876465,18.38016122206893,17.972144885682315,18.32187370342136,16249500
2025-05-13,17.85556983947754,17.92357411333739,17.748709686408912,17.758424582674603,8599700
2025-05-14,17.933286666870117,18.011005834872947,17.86528424779459,18.001290938872593,8648200
2025-05-15,18.185867309570312,18.25387157747991,18.079007165851767,18.12757979000321,8079100
2025-05-16,17.787567138671875,17.874999350760444,17.59327477519604,17.816711827010387,12914100
2025-05-19,17.806997299194336,17.865284824149935,17.573845346444937,17.583560242758704,9394400
2025-05-20,17.71956443786621,17.777851960692118,17.641847123122684,17.748709125742636,7065500
2025-05-21,17.641847610473633,17.82642693293606,17.56413029358319,17.641847610473633,7863200
2025-05-22,17.525272369384766,17.62241762473709,17.30183346446429,17.39898057274359,8345000
2025-05-23,17.59327507019043,17.69042032709374,17.43784043563273,17.43784043563273,10086500
2025-05-27,17.962430953979492,17.98186074554656,17.748708805522483,17.76813859708955,9014400
2025-05-28,17.83614158630371,17.923573798230844,17.79728200192411,17.84585648239861,6625900
2025-05-29,17.933286666870117,18.059578461947766,17.86528424779459,18.001290938872593,8526600
2025-05-30,17.920480728149414,17.999295299283897,17.81210998818165,17.999295299283897,12638500
2025-06-02,17.920480728149414,17.940182961617335,17.733295417047167,17.80225793190389,8475400
2025-06-03,17.772703170776367,17.85151773982047,17.664332433682898,17.752999058743455,11219600
2025-06-04,17.58551788330078,17.831813646710913,17.555961715220047,17.772703189636992,7541700
2025-06-05,17.66433334350586,17.7332958600855,17.58551877040232,17.7332958600855,9590900
2025-06-06,17.93033218383789,17.989442640436906,17.881071904099098,17.920480127890134,6425900
2025-06-09,18.018999099731445,18.087961613393666,17.950034706981658,17.95988676308877,5386700
2025-06-10,18.23573875427246,18.393367894307698,18.17662829653114,18.29484921201378,9545800
2025-06-11,18.334257125854492,18.649515400582263,18.324405069883305,18.600255120726334,15531200
2025-06-12,18.284997940063477,18.353960456900538,18.117516736707334,18.20618336666574,11362600
2025-06-13,18.147071838378906,18.284996863935724,18.0978134375622,18.206182295176465,10471900
2025-06-16,18.472183227539062,18.54114574426785,18.422924823900683,18.45247911444865,9604100
2025-06-17,18.393367767333984,18.580553074491483,18.393367767333984,18.472182336807528,10128900
2025-06-18,18.156923294067383,18.38351493687288,18.156923294067383,18.373662881217754,10915900
2025-06-20,17.41803741455078,18.097814276022735,17.41803741455078,18.05840605027358,37327100
2025-06-23,17.83181381225586,17.83181381225586,17.56581393432245,17.59537010267757,15272800
2025-06-24,18.02884864807129,18.038700703834852,17.881071569792837,17.881071569792837,8763700
2025-06-25,18.23573875427246,18.36381172589325,18.216034641996163,18.29484921201378,10846500
2025-06-26,18.324405670166016,18.39336818513589,18.245591098902214,18.35395995996019,14327700
2025-06-27,18.245590209960938,18.38351523318086,18.13721947509528,18.36381112155301,13502100
2025-06-30,18.255443572998047,18.284997863468615,18.18647917736222,18.275145806949208,12743100
2025-07-01,18.619958877563477,18.69877344474233,18.284996497281476,18.432773575855887,15010100
2025-07-02,18.600255966186523,18.610108022605527,18.393368418650336,18.472182990914735,9428300
2025-07-03,18.67906951904297,18.698773630805626,18.580552718404732,18.619959062842522,4267300
2025-07-07,18.54114532470703,18.679070355043553,18.482034865861035,18.580553549996097,8790400
2025-07-08,18.610107421875,18.77758861741654,18.541144908255703,18.610107421875,10832400
2025-07-09,18.54114532470703,18.71847858033262,18.44262664057197,18.708626524010352,13092800
2025-07-10,17.83181381225586,18.147072091693577,17.792405587782362,18.087961634070897,27407300
2025-07-11,17.920480728149414,18.07810987041838,17.910628671871653,18.02884958902958,16461200
2025-07-14,17.743146896362305,17.851517632806125,17.634776159918484,17.743146896362305,14495200
2025-07-15,17.950035095214844,18.048553779329215,17.930332861662052,17.979591264175436,14013600
2025-07-16,18.225887298583984,18.235739355046707,18.068258153355675,18.196331129195812,15715300
2025-07-17,18.196331024169922,18.24559130619922,18.009147589721465,18.087962161880714,13528000
2025-07-18,17.940181732177734,18.107662919246984,17.871219222047007,18.078108631526657,9706800
2025-07-21,17.920480728149414,18.06825781414062,17.900776615593895,17.920480728149414,11469300
2025-07-22,17.989442825317383,18.028849170425868,17.831813686708337,17.851517798806356,18870500
2025-07-23,18.17662811279297,18.55099684682046,18.12736783260017,18.186478289743974,24739700
2025-07-24,17.41803741455078,17.61507290603369,17.329370785702803,17.61507290603369,14675700
2025-07-25,17.11263084411621,17.201295592129295,16.994408048286115,17.201295592129295,19087800
2025-07-28,16.90574073791504,17.083073984949202,16.807222058553002,17.063369873259294,21715200
2025-07-29,16.954999923706055,17.033816374117862,16.856483118866503,17.023964317816386,11563700
2025-07-30,16.698854446411133,16.876185827568044,16.639742106937838,16.866335650076817,13278800
2025-07-31,16.472259521484375,16.767815556794933,16.46240746573194,16.7579635010425,15926400
2025-08-01,16.166852951049805,16.403296646603213,16.1274466080013,16.403296646603213,20078400
2025-08-04,16.235816955566406,16.432854326212958,16.196410608889675,16.30477947156641,18306000
2025-08-05,15.959966659545898,16.245668775833565,15.950114603248034,16.225964663237836,22539900
2025-08-06,15.831891059875488,15.95011385078498,15.733373320175922,15.900853571619562,16992500
2025-08-07,15.782632827758789,16.08803904548451,15.743224604007064,15.930409908652685,19616500
2025-08-08,15.753076553344727,15.881151400583617,15.7235213252747,15.85159523296983,13909900
2025-08-11,15.74322509765625,15.930410408171307,15.684114639262713,15.753077153903105,20161800
2025-08-12,15.831891059875488,15.881151339040908,15.674261924721176,15.74322443646525,18403100
2025-08-13,16.137298583984375,16.17670681051491,15.841744401356017,15.900854862064154,27608700
2025-08-14,16.117595672607422,16.166854074613276,15.871299904402969,16.088039503951357,18675100
2025-08-15,16.31463050842285,16.41314918758919,16.157001373391715,16.157001373391715,9000900
2025-08-18,16.166852951049805,16.186557062117785,16.019075876214856,16.11759455246731,11116100
2025-08-19,16.35403823852539,16.432852803664098,16.216111340217058,16.2358154512736,18923300
2025-08-20,16.757963180541992,16.935296422519283,16.718554958285946,16.8170736348386,22949600
2025-08-21,16.79737091064453,16.807222967022014,16.63974176678006,16.659445879535024,19974100
2025-08-22,17.08307456970215,17.12248091534333,16.7284080634936,16.748112175857983,33953400
2025-08-25,17.073223114013672,17.191445913270474,17.04366694442756,17.171741800213066,17187400
2025-08-26,16.96485137939453,17.07322211578647,16.87618475490795,16.915592978718667,14770200
2025-08-27,17.102779388427734,17.132333679107347,16.905742014821246,16.97470453185722,10264900
2025-08-28,16.748111724853516,16.78751994852107,16.63974098885528,16.738259668936628,28336300
2025-08-29,16.570777893066406,16.63974040296892,16.403296706551394,16.482111272023904,17333200
2025-09-02,16.639741897583008,16.649593954037936,16.452558462202283,16.521520978299144,13503100
2025-09-03,16.39344596862793,16.60033539405196,16.255520937736986,16.551075112242614,19263600
2025-09-04,16.344186782836914,16.35403883872676,16.03878056660179,16.324482671057222,15167700
2025-09-05,16.137298583984375,16.393446419169862,16.078188123276234,16.245669327855683,23404000
2025-09-08,16.54122543334961,16.560927667579357,16.25552142751008,16.363892171668198,25547900
2025-09-09,16.757963180541992,16.886036144699222,16.67914861511736,16.738259069413967,14879900
2025-09-10,16.728408813476562,16.994408705058518,16.659446296197018,16.945150301026747,17812800
2025-09-11,16.817073822021484,16.886036332649695,16.314630257189187,16.63974057807038,30237600
2025-09-12,16.708703994750977,16.81707473395042,16.64959353659109,16.78752044441427,12966900
2025-09-15,16.66929817199707,16.846631431128046,16.590483598948598,16.73826068852853,18852800
2025-09-16,16.807222366333008,16.826926478383747,16.62988911605145,16.73825985324297,17749400
2025-09-17,17.41803741455078,17.51655609983605,16.94514998008665,16.94514998008665,32050800
2025-09-18,17.30966567993164,17.339221847548146,17.181592711768502,17.270259335530493,13245800
2025-09-19,16.718555450439453,17.349073871484904,15.999372284882744,17.28996153636071,54720200
2025-09-22,16.895889282226562,16.92544545081129,16.54122465464776,16.620039225119445,14994200
2025-09-23,16.6298885345459,16.886036344986014,16.6298885345459,16.856482057030895,11524400
2025-09-24,16.777667999267578,16.7875200552471,16.5707785818727,16.64959315062133,17049600
2025-09-25,16.29492950439453,16.610187798225294,16.24566922155369,16.5018170550631,17831200
2025-09-26,16.275224685668945,16.354039255709743,16.11759554558735,16.225964404963715,19463500
2025-09-29,16.078187942504883,16.23581708867943,15.97966925637388,16.196410741679614,19370300
2025-09-30,16.028928756713867,16.196409951236593,15.969816420467573,16.06833510179051,13331200
2025-10-01,16.1274471282959,16.15700141676388,15.969816113754101,15.979668169605933,15899200
2025-10-02,15.910706520080566,16.18655846162031,15.792485601626119,16.07818772046405,13738800
2025-10-03,15.989521026611328,16.009225139302266,15.831891883259054,15.999373082956797,15110100
2025-10-06,16.442705154418945,16.472259442446944,16.147149120526528,16.245667798490665,21090500
2025-10-07,16.14715003967285,16.22596461071304,16.0190770663904,16.22596461071304,15178500
2025-10-08,16.49196434020996,16.541224621084552,16.344187255761344,16.43285388224803,13231300
2025-10-09,16.807222366333008,16.925445159549895,16.62988911605145,16.71855574119223,21105900
2025-10-10,16.334335327148438,16.817074808963888,16.334335327148438,16.748112294288482,15132700
2025-10-13,16.5313720703125,16.61018663826624,16.393445167077815,16.42300133471829,9959800
2025-10-14,16.235816955566406,16.45255843909514,16.166854439566404,16.45255843909514,19181600
2025-10-15,16.196409225463867,16.4230008669916,16.196409225463867,16.304778078884212,23613300
2025-10-16,15.831891059875488,16.048632530028303,15.585595301310935,15.959965906618065,30758900
2025-10-17,16.08803939819336,16.14714985602933,15.900854089443952,15.900854089443952,12874600
2025-10-20,16.65944480895996,16.669296864704325,16.10774284088798,16.127446952376708,19872900
2025-10-21,17.152036666870117,17.152036666870117,16.4722598395271,16.511668063297726,24526800
2025-10-22,17.21114730834961,17.29981393369859,17.112630506039682,17.152036851146143,23013100
2025-10-23,17.270259857177734,17.38848077303956,17.092926604297418,17.24070368866849,14138800
2025-10-24,17.220998764038086,17.329369497706043,17.152036253190293,17.27025904256329,8492500
2025-10-27,17.040000915527344,17.270000457763672,16.889999389648438,17.200000762939453,11499700
2025-10-28,16.889999389648438,17.110000610351562,16.889999389648438,16.989999771118164,15833300
2025-10-29,16.8799991607666,17.190000534057617,16.780000686645508,17.100000381469727,13848200
2025-10-30,16.639999389648438,16.790000915527344,16.56999969482422,16.739999771118164,14127400
2025-10-31,16.56999969482422,16.649999618530273,16.399999618530273,16.549999237060547,13459400
2025-11-03,16.40999984741211,16.65999984741211,16.329999923706055,16.639999389648438,12273800
2025-11-04,16.299999237060547,16.399999618530273,16.270000457763672,16.360000610351562,10752700
2025-11-05,16.420000076293945,16.5,16.31999969482422,16.350000381469727,9322900
2025-11-06,16.18000030517578,16.450000762939453,16.170000076293945,16.450000762939453,10341600
2025-11-07,16.5,16.510000228881836,16.270000457763672,16.270000457763672,8094500
2025-11-10,16.760000228881836,16.889999389648438,16.6200008392334,16.770000457763672,9889900
2025-11-11,17.010000228881836,17.09000015258789,16.8799991607666,16.90999984741211,9370300
2025-11-12,17.09000015258789,17.280000686645508,17.049999237060547,17.149999618530273,10919500
2025-11-13,16.959999084472656,17.170000076293945,16.950000762939453,17.059999465942383,10304900
2025-11-14,16.649999618530273,16.739999771118164,16.579999923706055,16.65999984741211,11248600
2025-11-17,16.770000457763672,16.889999389648438,16.65999984741211,16.729999542236328,10426600
2025-11-18,16.950000762939453,16.989999771118164,16.610000610351562,16.639999389648438,14371300
2025-11-19,17.309999465942383,17.3700008392334,17.229999542236328,17.290000915527344,7807700
2025-11-20,17.1299991607666,17.280000686645508,17.0,17.270000457763672,12455000
2025-11-21,17.700000762939453,17.760000228881836,17.100000381469727,17.219999313354492,16657000
2025-11-24,17.270000457763672,17.579999923706055,17.260000228881836,17.520000457763672,12775000
2025-11-25,17.280000686645508,17.34000015258789,17.059999465942383,17.34000015258789,10433200
2025-11-26,17.420000076293945,17.700000762939453,17.350000381469727,17.3799991607666,8260000
2025-11-28,17.479999542236328,17.610000610351562,17.40999984741211,17.610000610351562,3688900
2025-12-01,17.450000762939453,17.579999923706055,17.399999618530273,17.510000228881836,5508400
2025-12-02,17.40999984741211,17.510000228881836,17.34000015258789,17.5,6642800
2025-12-03,17.65999984741211,17.719999313354492,17.510000228881836,17.6200008392334,7412700
2025-12-04,18.290000915527344,18.31999969482422,17.790000915527344,17.799999237060547,18299700
2025-12-05,18.06999969482422,18.229999542236328,18.030000686645508,18.149999618530273,9198300
2025-12-08,17.719999313354492,18.06999969482422,17.700000762939453,18.059999465942383,7209500
2025-12-09,17.75,18.020000457763672,17.729999542236328,17.739999771118164,16529000
2025-12-10,18.06999969482422,18.1299991607666,17.6200008392334,17.639999389648438,10143600
2025-12-11,17.799999237060547,17.989999771118164,17.770000457763672,17.950000762939453,12986500
2025-12-12,17.780000686645508,17.889999389648438,17.65999984741211,17.809999465942383,7955900
2025-12-15,17.780000686645508,17.920000076293945,17.690000534057617,17.75,8091200
2025-12-16,17.770000457763672,17.889999389648438,17.670000076293945,17.75,14058800
2025-12-17,18.219999313354492,18.280000686645508,17.8700008392334,17.899999618530273,15974900
2025-12-18,19.18000030517578,19.309999465942383,18.209999084472656,18.280000686645508,29526500
2025-12-19,20.219999313354492,30.0,18.989999771118164,19.079999923706055,118705800
2025-12-22,19.15999984741211,19.799999237060547,18.780000686645508,19.780000686645508,23938800
2025-12-23,18.56999969482422,19.020000457763672,18.489999771118164,18.790000915527344,13291700
2025-12-24,18.670000076293945,18.729999542236328,18.450000762939453,18.520000457763672,13262500
2025-12-26,18.790000915527344,18.829999923706055,18.520000457763672,18.610000610351562,6204000
2025-12-29,18.43000030517578,18.559999465942383,18.280000686645508,18.559999465942383,6075600
2025-12-30,18.040000915527344,18.3799991607666,18.030000686645508,18.34000015258789,6867400
2025-12-31,17.81999969482422,18.139999389648438,17.81999969482422,18.1299991607666,4524100
2026-01-02,18.149999618530273,18.31999969482422,18.030000686645508,18.1200008392334,8327700
2026-01-05,17.68000030517578,18.100000381469727,17.670000076293945,17.899999618530273,16098800
2026-01-06,18.100000381469727,18.229999542236328,17.84000015258789,17.84000015258789,11906900
2026-01-07,18.229999542236328,18.540000915527344,18.15999984741211,18.389999389648438,8960000
2026-01-08,18.040000915527344,18.229999542236328,17.969999313354492,18.06999969482422,7461600
2026-01-09,17.829999923706055,18.100000381469727,17.700000762939453,18.079999923706055,6356300
2026-01-12,17.799999237060547,17.84000015258789,17.549999237060547,17.700000762939453,12811600
2026-01-13,17.520000457763672,17.799999237060547,17.459999084472656,17.739999771118164,19913500
2026-01-14,19.350000381469727,19.450000762939453,18.06999969482422,18.3799991607666,37606900
2026-01-15,18.81999969482422,19.100000381469727,18.5,18.90999984741211,19077800
2026-01-16,18.6299991607666,18.8799991607666,18.549999237060547,18.850000381469727,12792700
2026-01-20,18.209999084472656,18.559999465942383,18.200000762939453,18.510000228881836,8885400
2026-01-21,18.309999465942383,18.43000030517578,18.049999237060547,18.260000228881836,9311900
2026-01-22,18.290000915527344,18.530000686645508,18.209999084472656,18.389999389648438,7346300
2026-01-23,18.239999771118164,18.3799991607666,18.110000610351562,18.3799991607666,4347600
2026-01-26,18.549999237060547,18.700000762939453,18.229999542236328,18.25,5162400
2026-01-27,18.25,18.719999313354492,18.149999618530273,18.6200008392334,7960200
2026-01-28,17.93000030517578,18.200000762939453,17.8799991607666,18.200000762939453,8729200
2026-01-29,17.75,18.18000030517578,17.649999618530273,18.1299991607666,15133900
2026-01-30,17.579999923706055,17.75,17.5,17.700000762939453,17190500
2026-02-02,18.34000015258789,18.389999389648438,17.600000381469727,17.6299991607666,14203800
2026-02-03,17.31999969482422,18.229999542236328,17.170000076293945,18.1299991607666,29449200
2026-02-04,16.739999771118164,17.209999084472656,16.489999771118164,16.709999084472656,32385600
2026-02-05,16.799999237060547,16.93000030517578,16.489999771118164,16.5,13642800
2026-02-06,16.84000015258789,16.8799991607666,16.5,16.530000686645508,14622500
2026-02-09,16.309999465942383,16.600000381469727,16.229999542236328,16.600000381469727,10278200
2026-02-10,16.610000610351562,16.739999771118164,16.440000534057617,16.5,9978100
2026-02-11,15.760000228881836,16.219999313354492,15.739999771118164,16.200000762939453,12472900
2026-02-12,14.210000038146973,15.270000457763672,14.1899995803833,15.239999771118164,32387500
2026-02-13,14.720000267028809,14.920000076293945,14.460000038146973,14.619999885559082,19838300
2026-02-17,14.75,15.239999771118164,14.579999923706055,15.069999694824219,23069500
2026-02-18,15.050000190734863,15.130000114440918,14.680000305175781,14.680000305175781,14666600
2026-02-19,14.550000190734863,14.779999732971191,14.369999885559082,14.710000038146973,18068200
2026-02-20,14.649999618530273,14.920000076293945,14.600000381469727,14.609999656677246,15845900
2026-02-23,13.90999984741211,14.369999885559082,13.770000457763672,14.350000381469727,23772100
2026-02-24,13.84000015258789,14.15999984741211,13.65999984741211,13.859999656677246,25141200
2026-02-25,14.239999771118164,14.3100004196167,13.670000076293945,14.010000228881836,28804500
2026-02-26,14.699999809265137,14.760000228881836,14.239999771118164,14.380000114440918,19283300
2026-02-27,14.4399995803833,14.4399995803833,13.989999771118164,14.180000305175781,16921500
2026-03-02,14.1899995803833,14.329999923706055,13.979999542236328,14.09000015258789,10538600
