Price,Close,High,Low,Open,Volume
Ticker,WWW,WWW,WWW,WWW,WWW
Date,,,,,
2000-01-03,2.3422369956970215,2.5125815044749866,2.29965086850253,2.5125815044749866,516300
2000-01-04,2.3422369956970215,2.399018282018766,2.313846027629783,2.3280418365697684,479100
2000-01-05,2.2854559421539307,2.342237234258973,2.2570649711950104,2.342237234258973,228600
2000-01-06,2.2854559421539307,2.2996511027269917,2.22867400023609,2.2712601317680714,401700
2000-01-07,2.3422369956970215,2.3564321548242746,2.2428695821807856,2.2570647413080387,238500
2000-01-10,2.4416046142578125,2.4416046142578125,2.271260091174412,2.313846221945262,290400
2000-01-11,2.3564324378967285,2.384823409374505,2.2996511447539865,2.3706282485420216,372300
2000-01-12,2.2854559421539307,2.328042073685912,2.2428698106219493,2.328042073685912,333000
2000-01-13,2.3280413150787354,2.3564316269736927,2.25706423571617,2.2996503533711916,534300
2000-01-14,2.3138468265533447,2.356432968451952,2.271260684654737,2.299651662524794,300900
2000-01-18,2.2854559421539307,2.342237234258973,2.2712601317680714,2.342237234258973,437400
2000-01-19,2.3564324378967285,2.3564324378967285,2.2712601732762105,2.2854559839215036,483600
2000-01-20,2.4699952602386475,2.4699952602386475,2.342236884709062,2.342236884709062,774300
2000-01-21,2.384822130203247,2.4699943491390774,2.3706269769847625,2.441603392889647,437400
2000-01-24,2.257065773010254,2.370629047376119,2.257065773010254,2.3564332319472427,703500
2000-01-25,2.3422369956970215,2.3422369956970215,2.2570647413080387,2.271259900435292,378600
2000-01-26,2.2428696155548096,2.3138460620599406,2.2286738064035903,2.3138460620599406,530700
2000-01-27,2.0867197513580322,2.2286732593360172,2.0867197513580322,2.2144781034819934,736200
2000-01-28,2.0867197513580322,2.17189198610734,2.0725245955040084,2.1435010245867097,402900
2000-01-31,2.0725250244140625,2.0867201832057813,2.0725250244140625,2.0867201832057813,441000
2000-02-01,2.05832839012146,2.07252419303132,2.044133237024056,2.07252419303132,344100
2000-02-02,2.0867197513580322,2.100914907212056,2.044133633983378,2.0867197513580322,847800
2000-02-03,2.2428696155548096,2.2712599342317654,2.072525104242109,2.115111232070284,610800
2000-02-04,2.7397072315216064,2.753903040108974,2.299650811380243,2.299650811380243,2780100
2000-02-07,2.6119492053985596,2.867465996681445,2.555167912828853,2.7397076010400023,1456200
2000-02-08,2.5267770290374756,2.597754134564272,2.5125818678572465,2.583558973384043,519300
2000-02-09,2.384822130203247,2.498385305388508,2.384822130203247,2.498385305388508,282000
2000-02-10,2.3564324378967285,2.384823409374505,2.2996511447539865,2.384823409374505,440400
2000-02-11,2.2854559421539307,2.342237234258973,2.2712601317680714,2.328042073685912,424200
2000-02-14,2.711318254470825,2.711318254470825,2.257065801155865,2.285456782554624,1024800
2000-02-15,2.6971206665039062,2.6971206665039062,2.4132136383325116,2.6829255100391194,480000
2000-02-16,2.6119492053985596,2.66873114778107,2.441604677876636,2.640340176589815,423300
2000-02-17,2.654534339904785,2.7539023768327455,2.54097179743363,2.583557913313453,725400
2000-02-18,2.5125813484191895,2.6403397220676226,2.5125813484191895,2.6261445638220273,268500
2000-02-22,2.5125813484191895,2.5551674729686673,2.4132139410746385,2.5551674729686673,291000
2000-02-23,2.555166721343994,2.6119479874363605,2.455799343229228,2.498385455251628,426900
2000-02-24,2.5125813484191895,2.5409723147230716,2.441604257565829,2.4983861901735938,256200
2000-02-25,2.5409724712371826,2.555167630357145,2.4558002168919444,2.4841905351318694,374400
2000-02-28,2.4416046142578125,2.526776875799513,2.427409453938458,2.512581715480158,390600
2000-02-29,2.6119492053985596,2.6119492053985596,2.42740951718741,2.42740951718741,374700
2000-03-01,2.569361686706543,2.5977526425737953,2.5125804247844905,2.5835574895463957,215700
2000-03-02,2.498385429382324,2.555166694886754,2.498385429382324,2.54097154096377,351000
2000-03-03,2.498385429382324,2.54097154096377,2.4557993178008783,2.4699944717238624,419700
2000-03-06,2.5125813484191895,2.5551674729686673,2.484190382115307,2.4983861901735938,429300
2000-03-07,2.4699952602386475,2.526776543869785,2.441604293516728,2.5125813854151757,305100
2000-03-08,2.484189748764038,2.498385553203064,2.427408480445511,2.4557994395110376,457500
2000-03-09,2.4558005332946777,2.498386665954049,2.4132144006353067,2.4699956942435297,411900
2000-03-10,2.4416046142578125,2.526776875799513,2.4416046142578125,2.4416046142578125,584400
2000-03-13,2.384822130203247,2.4274082396711623,2.384822130203247,2.4132130864526777,516600
2000-03-14,2.4699952602386475,2.4699952602386475,2.384823009885591,2.384823009885591,278400
2000-03-15,2.498385429382324,2.54097154096377,2.4416035140654007,2.4557993178008783,468900
2000-03-16,2.5267770290374756,2.555168001210759,2.484190895683963,2.498386706677018,887700
2000-03-17,2.895857810974121,2.910052975796134,2.526777677284853,2.526777677284853,1899000
2000-03-20,3.023613452911377,3.0378086046307735,2.8532690330290458,2.8674641847484423,785100
2000-03-21,2.9810285568237305,3.0094195215881756,2.8958563123430525,3.0094195215881756,506400
2000-03-22,2.966832399368286,2.9810275520596625,2.9100504889779057,2.9526365968644726,468600
2000-03-23,2.966832399368286,2.9952227047510394,2.9242462914817198,2.9526365968644726,543300
2000-03-24,2.895857810974121,2.9739321922146806,2.8248806872380716,2.9526391200751654,531300
2000-03-27,2.7539024353027344,2.924246902438727,2.725511474175878,2.8958559413118703,476400
2000-03-28,2.725510597229004,2.8106828033924103,2.6971196452370805,2.725510597229004,509700
2000-03-29,2.725510597229004,2.725510597229004,2.569361335991971,2.725510597229004,336300
2000-03-30,2.705009937286377,2.705009937286377,2.5768778773352325,2.619588563985614,428400
2000-03-31,2.5056943893432617,2.719247869920429,2.477220374695139,2.705010536739616,984900
2000-04-03,2.7192482948303223,2.7192482948303223,2.505694780883271,2.5199314645752064,686700
2000-04-04,2.6623005867004395,2.790432710954156,2.5911165077019427,2.7192486319556592,396600
2000-04-05,2.6623005867004395,2.7192486319556592,2.5911165077019427,2.6338272157865146,148200
2000-04-06,2.8331432342529297,2.8331432342529297,2.6765377492995515,2.690774433827956,216000
2000-04-07,2.705009937286377,2.8189053189251805,2.6480625723236546,2.8189053189251805,237000
2000-04-10,2.7334835529327393,2.76195755718021,2.6622988681706943,2.7050095486852683,255300
2000-04-11,2.80466890335083,2.8331422626428617,2.733484201693911,2.7619582126993625,569400
2000-04-12,3.0182244777679443,3.075171888087155,2.861618284747769,2.861618284747769,1414500
2000-04-13,2.7334835529327393,3.0039843122872867,2.7050095486852683,2.9897476360201836,367500
2000-04-14,2.619589328765869,2.7904321252443727,2.5911159638284844,2.7050107270051207,682800
2000-04-17,2.5911166667938232,2.6053533531249036,2.505695245379892,2.505695245379892,1033500
2000-04-18,2.6053526401519775,2.676537355754635,2.5911159577168648,2.6053526401519775,736800
2000-04-19,2.619589328765869,2.676537362067736,2.619589328765869,2.619589328765869,239400
2000-04-20,2.705009937286377,2.705009937286377,2.5199305123725098,2.619588563985614,1013400
2000-04-24,2.6765358448028564,2.705009193599373,2.534166493967556,2.6765358448028564,356700
2000-04-25,2.6765358448028564,2.705009193599373,2.519929819569298,2.705009193599373,819600
2000-04-26,2.619589328765869,2.7050107270051207,2.619589328765869,2.676537362067736,334500
2000-04-27,2.63382625579834,2.6480629360662564,2.591115563281142,2.619588923816975,334200
2000-04-28,2.7334835529327393,2.7334835529327393,2.6195881876561202,2.6195881876561202,301500
2000-05-01,2.6480627059936523,2.719247404575365,2.5911153381563174,2.7050100738309877,252900
2000-05-02,2.63382625579834,2.7050103088513704,2.591115563281142,2.63382625579834,260100
2000-05-03,2.63382625579834,2.7334843211006516,2.619588923816975,2.6480629360662564,540900
2000-05-04,2.69077467918396,2.733485388377356,2.6480639699905635,2.6480639699905635,327600
2000-05-05,2.705009937286377,2.7192472673120767,2.6338258940113133,2.6622992506359955,309600
2000-05-08,2.619589328765869,2.7050107270051207,2.5768786296462434,2.7050107270051207,377700
2000-05-09,2.7192482948303223,2.7192482948303223,2.5484054836726813,2.648063572943437,271500
2000-05-10,2.6053526401519775,2.6480633391708626,2.4202731616413256,2.63382665673575,460500
2000-05-11,2.5911166667938232,2.5911166667938232,2.4772212210040068,2.576879328749018,171900
2000-05-12,2.63382625579834,2.63382625579834,2.53416753878258,2.591115563281142,204900
2000-05-15,2.562640905380249,2.6053515871365867,2.519930223623912,2.6053515871365867,244200
2000-05-16,2.6480627059936523,2.7050100738309877,2.534167318605591,2.548404649349968,519000
2000-05-17,2.562640905380249,2.6480622688929243,2.5341669003049296,2.6195882638176045,228600
2000-05-18,2.519930839538574,2.591115543769004,2.4772201473430053,2.5341675196992828,261000
2000-05-19,2.4772205352783203,2.519931234162429,2.4487465187843993,2.4914572176685086,101100
2000-05-22,2.4487457275390625,2.4772197348323854,2.3917983646657515,2.4772197348323854,188700
2000-05-23,2.4487457275390625,2.605351790082336,2.4487457275390625,2.4772197348323854,205200
2000-05-24,2.4202721118927,2.505693472880522,2.391798107659005,2.4772194686468265,267600
2000-05-25,2.4914581775665283,2.5484062324950654,2.406036746887518,2.406036746887518,219900
2000-05-26,2.534168004989624,2.534168004989624,2.406035903865763,2.4629839388409684,136200
2000-05-30,2.5056943893432617,2.5341677522778823,2.434509678579705,2.5341677522778823,119400
2000-05-31,2.562640905380249,2.562640905380249,2.477219541867574,2.477219541867574,515100
2000-06-01,2.5056943893432617,2.5341677522778823,2.4487463600470156,2.5341677522778823,302400
2000-06-02,2.519930839538574,2.5484048515734345,2.391798762951867,2.4202727749867274,510900
2000-06-05,2.4914581775665283,2.519932205030797,2.4202740864765504,2.4202740864765504,314100
2000-06-06,2.406036615371704,2.4914580413815135,2.377563241177608,2.4629846671874174,369300
2000-06-07,2.462985038757324,2.4772217280021422,2.406036978350335,2.4345110085538293,660000
2000-06-08,2.462985038757324,2.519932447450455,2.4487476977986473,2.519932447450455,521400
2000-06-09,2.4487457275390625,2.5056937421257084,2.4345090497490682,2.462983057042391,328800
2000-06-12,2.406036615371704,2.4772213542844654,2.391799928274656,2.406036615371704,142800
2000-06-13,2.334851026535034,2.434509075547746,2.3206136968808315,2.4060350679526823,273000
2000-06-14,2.3490891456604004,2.4345105691389604,2.3348524589852206,2.3633258323355797,212100
2000-06-15,2.4487457275390625,2.4487457275390625,2.3206136722891118,2.3206136722891118,301800
2000-06-16,2.334851026535034,2.4487457534886077,2.334851026535034,2.4487457534886077,330000
2000-06-19,2.3490891456604004,2.3917998573996804,2.2921417472459407,2.3917998573996804,330000
2000-06-20,2.3490891456604004,2.3775631707245006,2.2779044088570197,2.3633258323355797,263400
2000-06-21,2.3490891456604004,2.3775631707245006,2.3348524589852206,2.3490891456604004,147300
2000-06-22,2.2494313716888428,2.349089496736696,2.235194031172122,2.3348528079338133,474900
2000-06-23,2.1640079021453857,2.235191930989232,2.1212972241537873,2.235191930989232,522000
2000-06-26,2.2067201137542725,2.249430821428783,2.178246091400039,2.1924827767203166,377400
2000-06-27,2.2494313716888428,2.277904749294607,2.2067206535663573,2.235194031172122,379200
2000-06-28,2.3633248805999756,2.3633248805999756,2.2494301296376618,2.277903491521501,336600
2000-06-29,2.2856149673461914,2.3427557829256775,2.2856149673461914,2.328470252070931,275700
2000-06-30,2.2570440769195557,2.3141842098058185,2.2570440769195557,2.3141842098058185,392700
2000-07-03,2.2999000549316406,2.314184929113454,2.27132965264839,2.2856145268302033,129600
2000-07-05,2.2856149673461914,2.3427557829256775,2.2856149673461914,2.3141853751359345,413100
2000-07-06,2.2999000549316406,2.3427553313967047,2.2856145268302033,2.314184929113454,256500
2000-07-07,2.2999000549316406,2.442750758508646,2.2856145268302033,2.314184929113454,745800
2000-07-10,2.7427375316619873,2.7427375316619873,2.2856143917451277,2.3284696656773463,447900
2000-07-11,2.385610342025757,2.4141800872057675,2.2998997986466225,2.3427550703361897,627300
2000-07-12,2.542745590209961,2.542745590209961,2.2856139916296456,2.3141843872228374,1164000
2000-07-13,2.5141773223876953,2.5998879054927317,2.4570364977044346,2.5998879054927317,1012800
2000-07-14,2.5141773223876953,2.58560237236199,2.5141773223876953,2.5427470808094714,141900
2000-07-17,2.4998910427093506,2.5284614465189423,2.4998910427093506,2.5141765715739757,311400
2000-07-18,2.485605239868164,2.5141756330122007,2.4141795839677798,2.499890109480475,311400
2000-07-19,2.4570350646972656,2.485605460375893,2.4284653229381106,2.485605460375893,612000
2000-07-20,2.5141773223876953,2.5141773223876953,2.4570364977044346,2.471322030835177,1153200
2000-07-21,2.471320152282715,2.5141754112591816,2.4141793710345207,2.485605020635085,186600
2000-07-24,2.528460741043091,2.528460741043091,2.471320603286462,2.4856054742457503,551100
2000-07-25,2.5141773223876953,2.5284622015985834,2.485606910046065,2.499891789256953,131100
2000-07-26,2.542745590209961,2.557031114966292,2.5141758485362393,2.5141758485362393,709500
2000-07-27,2.528460741043091,2.557031136881143,2.5141758700838026,2.528460741043091,422700
2000-07-28,2.528460741043091,2.542745612002379,2.5141758700838026,2.528460741043091,660600
2000-07-31,2.4141790866851807,2.542744848471716,2.4141790866851807,2.514175115132006,707100
2000-08-01,2.385610342025757,2.428465613715324,2.357039942926195,2.4141800872057675,435900
2000-08-02,2.3713247776031494,2.414180048607541,2.314184634237141,2.399895176245924,220800
2000-08-03,2.328470230102539,2.3713255144229524,2.299900476502093,2.3713255144229524,259200
2000-08-04,2.328470230102539,2.3570406376227293,2.299900476502093,2.3570406376227293,173400
2000-08-07,2.2999000549316406,2.3284698032952673,2.2856145268302033,2.3284698032952673,164100
2000-08-08,2.2999000549316406,2.3427553313967047,2.27132965264839,2.314184929113454,553800
2000-08-09,2.328470230102539,2.385611045142919,2.299900476502093,2.299900476502093,366000
2000-08-10,2.2856149673461914,2.3427557829256775,2.2856149673461914,2.299900498200938,107400
2000-08-11,2.342754364013672,2.3713241005801255,2.2284734559897954,2.257043846475603,202200
2000-08-14,2.342754364013672,2.342754364013672,2.2856135830420565,2.3141839735278644,153900
2000-08-15,2.271329641342163,2.314184917593902,2.2427592392011304,2.314184917593902,379200
2000-08-16,2.328470230102539,2.328470230102539,2.2570451921816796,2.2570451921816796,337800
2000-08-17,2.385610342025757,2.428465613715324,2.328469543826633,2.328469543826633,1099800
2000-08-18,2.3570404052734375,2.399895685369318,2.314185125177557,2.385610809977251,389400
2000-08-21,2.3713247776031494,2.3856103038843073,2.299899761875524,2.3570399052415327,435000
2000-08-22,2.328470230102539,2.4141807987433657,2.314185353302316,2.3713255144229524,547800
2000-08-23,2.3570404052734375,2.3570404052734375,2.271329845081676,2.3284700005696237,257100
2000-08-24,2.385610342025757,2.3998952146157624,2.328469543826633,2.3427550703361897,475800
2000-08-25,2.3570404052734375,2.399895685369318,2.3427555298813703,2.385610809977251,257700
2000-08-28,2.3713247776031494,2.3713247776031494,2.2713293632327494,2.314184634237141,406500
2000-08-29,2.399895191192627,2.399895191192627,2.328469521100617,2.342755047470746,427500
2000-08-30,2.3713247776031494,2.399895176245924,2.328469506598758,2.3570399052415327,376500
2000-08-31,2.4998910427093506,2.4998910427093506,2.3713252064456753,2.3713252064456753,558300
2000-09-01,2.5570311546325684,2.5856008967494812,2.514175887537718,2.514175887537718,477900
2000-09-05,2.5856003761291504,2.5856003761291504,2.557030639764861,2.557030639764861,290100
2000-09-06,2.657026767730713,2.68559716600207,2.571316226836174,2.571316226836174,352200
2000-09-07,2.8427329063415527,2.89987370659577,2.6570269403142834,2.6570269403142834,1064100
2000-09-08,2.1713340282440186,2.2570445733862883,2.057053083414471,2.1141932288694627,4132200
2000-09-11,2.1999027729034424,2.2427580259724658,2.18561790652019,2.18561790652019,3413700
2000-09-12,2.2427594661712646,2.2856147467600127,2.2284745906149106,2.2284745906149106,2291400
2000-09-13,2.3570404052734375,2.3570404052734375,2.257044969689609,2.257044969689609,1422300
2000-09-14,2.385610342025757,2.385610342025757,2.2998997986466225,2.3427550703361897,359400
2000-09-15,2.3141844272613525,2.385610090520357,2.299899556177344,2.357039694432859,414900
2000-09-18,2.1999027729034424,2.3284685321105125,2.1999027729034424,2.3141836657272603,493200
2000-09-19,2.142763137817383,2.214188793717767,2.142763137817383,2.214188793717767,813900
2000-09-20,2.1856186389923096,2.1856186389923096,2.1284785003905093,2.1284785003905093,504600
2000-09-21,2.128478527069092,2.1999035377367195,2.114193001799971,2.157048269768345,201600
2000-09-22,2.157047986984253,2.157047986984253,2.085622985680281,2.114192724634106,230700
2000-09-25,2.0999081134796143,2.18561864872368,2.0999081134796143,2.1570482523358283,266700
2000-09-26,2.071337938308716,2.1141932105076515,2.071337938308716,2.099908337747859,407100
2000-09-27,1.9713432788848877,2.071338734478242,1.9713432788848875,2.071338734478242,574200
2000-09-28,2.0510921478271484,2.0797783105094796,1.965032346611802,1.965032346611802,594300
2000-09-29,2.1371512413024902,2.180181127660366,2.0080615822288626,2.065434545178044,693300
2000-10-02,2.108464241027832,2.1801809306723916,2.09412116573248,2.1371510482024356,356400
2000-10-03,2.1945247650146484,2.1945247650146484,2.0941218900518246,2.0941218900518246,336600
2000-10-04,2.3092710971832275,2.3236141757027595,2.1801814207552965,2.1801814207552965,549600
2000-10-05,2.2949280738830566,2.3092718134355437,2.2805849909148206,2.2949280738830566,339600
2000-10-06,2.1945247650146484,2.3092713768179665,2.1945247650146484,2.2949276399774723,203700
2000-10-09,2.151494264602661,2.2662408442427844,2.1228074555466447,2.1945241498947143,117300
2000-10-10,2.2375545501708984,2.251897629708065,2.108464864584116,2.1371516802425434,200100
2000-10-11,2.2375545501708984,2.2375545501708984,2.1371516802425434,2.1801815754381373,502500
2000-10-12,2.2232115268707275,2.2518976866706883,2.2088677903866363,2.237554606770708,638700
2000-10-13,2.2232115268707275,2.2518976866706883,2.1801816305866755,2.2232115268707275,977400
2000-10-16,2.165836811065674,2.266240289910636,2.1514937383380146,2.1945236131047747,808500
2000-10-17,2.108464241027832,2.1945240059677436,2.065434358557876,2.1658371987931395,425700
2000-10-18,2.180180788040161,2.208866936754154,2.079777297789615,2.137150908385315,1203900
2000-10-19,2.3092710971832275,2.3092710971832275,2.1945244992748285,2.1945244992748285,315000
2000-10-20,2.3236141204833984,2.3379571986620755,2.2805842293633356,2.2949273075420122,277500
2000-10-23,2.4096739292144775,2.4096739292144775,2.2949273327714894,2.323614146028246,754800
2000-10-24,2.3666443824768066,2.3953311999136613,2.294927667176737,2.3809874629031667,256500
2000-10-25,2.3379576206207275,2.36664443873956,2.3092714590860455,2.36664443873956,309000
2000-10-26,2.3379576206207275,2.352301357972219,2.3236145398533865,2.3379576206207275,465600
2000-10-27,2.380986452102661,2.380986452102661,2.323613498169635,2.352300303428076,166200
2000-10-30,2.3953309059143066,2.3953309059143066,2.337957278082551,2.352301013332517,157200
2000-10-31,2.481389284133911,2.481389284133911,2.352299679582153,2.380985820648978,411300
2000-11-01,2.3953309059143066,2.4670469558279198,2.3809871706643406,2.452703877162008,113400
2000-11-02,2.4383609294891357,2.4383609294891357,2.352301139702273,2.3666442191387205,169200
2000-11-03,2.4957332611083984,2.4957332611083984,2.3809866854145216,2.4383603015534203,225900
2000-11-06,2.4527034759521484,2.481390285175477,2.4096735904091284,2.467046552271839,123600
2000-11-07,2.481389284133911,2.510075425200736,2.452702486483404,2.510075425200736,245700
2000-11-08,2.653510332107544,2.6965402258358604,2.4957338362423593,2.4957338362423593,786600
2000-11-09,2.6248233318328857,2.6391664098668057,2.581793441147101,2.6391664098668057,239700
2000-11-10,2.5531067848205566,2.6391665714615202,2.4957338125879365,2.5961366781410384,295200
2000-11-13,2.6248233318328857,2.6248233318328857,2.481390581741611,2.524420472427396,104100
2000-11-14,2.696539878845215,2.7108829560476297,2.6104801024627506,2.6104801024627506,357900
2000-11-15,2.5674500465393066,2.696539702679541,2.5674500465393066,2.6678528935648407,650400
2000-11-16,2.5961358547210693,2.624822660030779,2.5531059750484335,2.567449705995217,273900
2000-11-17,2.610480308532715,2.610480308532715,2.5387636036913857,2.5961365736140256,137400
2000-11-20,2.5531067848205566,2.6104804136372426,2.5244206269962794,2.6104804136372426,121800
2000-11-21,2.5674500465393066,2.5961361990700627,2.5244201611592287,2.5531063136899843,1098300
2000-11-22,2.5674500465393066,2.610479931919385,2.5531063136899843,2.5817931228046844,172500
2000-11-24,2.653510332107544,2.653510332107544,2.5531068090187574,2.5531068090187574,102300
2000-11-27,2.653510332107544,2.710883304883942,2.610480438379227,2.6391665964753903,732000
2000-11-28,2.6821954250335693,2.6965391549694515,2.6391655483935454,2.6391655483935454,543900
2000-11-29,2.753912925720215,2.7682560033470054,2.6535100691646676,2.667853146791458,752400
2000-11-30,2.768256425857544,2.8112863218894444,2.725226529825644,2.725226529825644,718200
2000-12-01,2.854316473007202,2.854316473007202,2.7539135921546203,2.782600410934286,637200
2000-12-04,2.6678531169891357,2.8256295954573534,2.6678531169891357,2.8256295954573534,207600
2000-12-05,2.983405828475952,3.083809354330223,2.6965403001085524,2.6965403001085524,2496300
2000-12-06,2.983405828475952,3.0551225388598473,2.868659879762628,2.983405828475952,620700
2000-12-07,2.969062328338623,2.99774913974429,2.954719250927788,2.99774913974429,317700
2000-12-08,3.1411821842193604,3.1411821842193604,2.9547195336978294,2.9547195336978294,772800
2000-12-11,3.241584062576294,3.3563306276831586,3.1124944230500184,3.1124944230500184,904800
2000-12-12,3.198554515838623,3.2272413242488107,3.126838479689046,3.212898248335681,455100
2000-12-13,3.1268389225006104,3.2272417812790626,3.0407791416665018,3.2128987033347185,302100
2000-12-14,3.083811044692993,3.098154131998168,2.9834074638034194,3.0407811261930187,169200
2000-12-15,3.0694663524627686,3.0694663524627686,2.98340654205181,3.0551232695890245,483300
2000-12-18,3.198554515838623,3.212898248335681,3.040778711042411,3.040778711042411,732000
2000-12-19,3.198554515838623,3.212898248335681,3.141181555602176,3.1842114399254933,1040100
2000-12-20,3.055121898651123,3.2128983657995875,3.012092012754628,3.2128983657995875,979200
2000-12-21,3.055121898651123,3.055121898651123,2.997748936317114,3.055121898651123,876000
2000-12-22,3.212899923324585,3.2415860901058737,3.040780296299773,3.040780296299773,681300
2000-12-26,3.3419876098632812,3.3563306845256045,3.2128979681507577,3.2128979681507577,352200
2000-12-27,3.628854513168335,3.700571228710143,3.298959066161119,3.3276452271105326,1373100
2000-12-28,3.8094048500061035,4.025031552044949,3.565028359722394,3.651279040537932,1591500
2000-12-29,3.5075275897979736,3.7662796412922623,3.5075275897979736,3.680028957460833,1089600
2001-01-02,3.5650293827056885,3.565029382705688,3.363777517040159,3.450028222605291,564600
2001-01-03,3.5794036388397217,3.766279914693341,3.4212771543232474,3.4500276037009363,1756500
2001-01-04,3.694406509399414,3.694406509399414,3.450029220282456,3.521905048385291,1756200
2001-01-05,3.636903762817383,3.6944046597270996,3.5937784191553566,3.6800291064794095,1076700
2001-01-08,3.7519030570983887,3.823778813937428,3.507526010277814,3.5937766552685817,1140600
2001-01-09,3.5506536960601807,3.723155100857285,3.4500280959420824,3.7087802031377386,2482200
2001-01-10,3.7519030570983887,3.780653491442044,3.565026878965125,3.565026878965125,3036900
2001-01-11,3.910032272338867,4.140033938462093,3.795031110256918,3.795031110256918,6108000
2001-01-12,4.053783416748047,4.053783416748047,3.8525315384136545,3.8812819947587682,3168000
2001-01-16,4.269409656524658,4.499411304195949,4.0537829061951305,4.0537829061951305,6718500
2001-01-17,4.226284027099609,4.3700349651370916,4.183158679884308,4.197533576275883,2192100
2001-01-18,4.370035171508789,4.370035171508789,3.8669065355974355,4.2262842266827745,3082200
2001-01-19,3.335026502609253,3.565028784196478,3.1481502246051147,3.4500276434028656,8235300
2001-01-22,3.220026969909668,3.39252840297553,3.1481511534519773,3.3350274865930793,1622100
2001-01-23,3.4500274658203125,3.507527704237145,3.248775644300622,3.2775260925292966,1347600
2001-01-24,3.435652256011963,3.5506527223113005,3.421276704194203,3.5506527223113005,829200
2001-01-25,3.2631514072418213,3.4212772375650515,3.2487758531829387,3.4069023415467288,795000
2001-01-26,3.2631514072418213,3.320651649355672,3.2200260611462928,3.3062767533373494,544500
2001-01-29,3.2407262325286865,3.3350264018020157,3.2108255288410086,3.277526162163534,889800
2001-01-30,3.3580265045166016,3.3580265045166016,3.2200255505036837,3.275225932108851,723600
2001-01-31,3.521327257156372,3.5650280501627276,3.4316264779322827,3.4385266897280777,1121700
2001-02-01,3.5811288356781006,3.6800293721194675,3.450027741999679,3.450027741999679,853200
2001-02-02,3.5650293827056885,3.622529633735556,3.5420288874693444,3.576528972283199,569700
2001-02-05,3.5650293827056885,3.5880292199013706,3.5420288874693444,3.565029382705688,497400
2001-02-06,3.63403058052063,3.737531512915848,3.507529148463902,3.519029398294657,699600
2001-02-07,3.8065311908721924,3.93303193717328,3.611029289724325,3.611029289724325,1198800
2001-02-08,3.7720301151275635,3.7858302108600688,3.680028818870392,3.680028818870392,882900
2001-02-09,3.7352302074432373,3.7835307200211576,3.7283303222294335,3.772031130678368,497100
2001-02-12,3.7490296363830566,3.7605298817096933,3.6570293188712872,3.73753004909695,1193400
2001-02-13,3.8065311908721924,3.875531687678328,3.737530694066056,3.737530694066056,669300
2001-02-14,3.737529754638672,3.8640304691438296,3.6800288615559142,3.8065302341015506,447000
2001-02-15,3.8870317935943604,3.8870317935943604,3.7490304643005086,3.7490304643005086,468900
2001-02-16,3.7145299911499023,3.8019309445569522,3.7145299911499023,3.749030073108203,826500
2001-02-20,3.63403058052063,3.732931149767231,3.5880299102180047,3.7145310132543385,569400
2001-02-21,3.438528299331665,3.6570303925248377,3.438528299331665,3.6570303925248377,426300
2001-02-22,3.3925271034240723,3.4615275844148146,3.3120263777580834,3.440827604627715,380400
2001-02-23,3.4960291385650635,3.4960291385650635,3.2660268016203307,3.3695277216373185,435000
2001-02-26,3.461529016494751,3.558130058867154,3.4270289262363636,3.4500287670617,690600
2001-02-27,3.4500274658203125,3.505227852630196,3.427027633669786,3.484527872086619,433500
2001-02-28,3.3833277225494385,3.4592281098382145,3.2430265380472703,3.4500283719738385,415200
2001-03-01,3.3580265045166016,3.4845275435385563,3.289026027510143,3.335026016494221,779700
2001-03-02,3.4960291385650635,3.565029642236271,3.3350273052915376,3.381027970092697,505800
2001-03-05,3.5075275897979736,3.611028476199739,3.358026711575727,3.496028003118163,591000
2001-03-06,3.461529016494751,3.507529027165807,3.4316283021647425,3.507529027165807,306600
2001-03-07,3.4270293712615967,3.4914295261720665,3.4155287913147276,3.473029058885671,380700
2001-03-08,3.438528299331665,3.530529301894187,3.408628244940644,3.461528796737567,340500
2001-03-09,3.4270293712615967,3.4477293623006005,3.410928756748235,3.4270293712615967,316500
2001-03-12,3.2131271362304688,3.4247283667659376,3.2085267733067027,3.4155282989591615,378900
2001-03-13,3.1625242233276367,3.2545255046889054,3.151024638942797,3.2361250510045427,659400
2001-03-14,3.0475246906280518,3.1855256671534278,2.990023790212057,3.139525341644969,497400
2001-03-15,3.0360236167907715,3.0866236320307308,3.013023460308885,3.0705236870035058,541800
2001-03-16,3.065924644470215,3.116525334069319,2.980824202552371,3.116525334069319,747300
2001-03-19,3.1050262451171875,3.1050262451171875,3.0015253044758636,3.0935259943701867,238200
2001-03-20,3.2315266132354736,3.277527281281649,3.197026523476315,3.197026523476315,909000
2001-03-21,3.220026969909668,3.220026969909668,3.105025795185512,3.105025795185512,368100
2001-03-22,3.1395251750946045,3.231525492210666,3.082024935769533,3.231525492210666,505500
2001-03-23,3.222325325012207,3.2315250593733436,3.1050243523898016,3.1050243523898016,508800
2001-03-26,3.335026502609253,3.3465267482967245,3.2660260155452505,3.277526261232722,648300
2001-03-27,3.473027467727661,3.5167282696185755,3.3350264939576535,3.3350264939576535,613200
2001-03-28,3.346526622772217,3.475327856147438,3.346526622772217,3.475327856147438,355800
2001-03-29,3.468763828277588,3.4826019700020496,3.4249432111137885,3.4249432111137885,334800
2001-03-30,3.3626725673675537,3.4941351111250354,3.3626725673675537,3.448007630743673,1452000
2001-04-02,3.341914176940918,3.4595385400924297,3.3326890795593718,3.385734791694311,684000
2001-04-03,3.22890305519104,3.3326892837377744,3.226596203331539,3.3326892837377744,743400
2001-04-04,3.251965045928955,3.29809249750983,3.2196760607713815,3.2289018150293156,782100
2001-04-05,3.2542715072631836,3.3442195669201973,3.251965315952607,3.263497592214395,763200
2001-04-06,3.2727229595184326,3.275029151020774,3.228902351628655,3.2542717778634294,470100
2001-04-09,3.482603073120117,3.482603073120117,3.2519673046583115,3.2519673046583115,273300
2001-04-10,3.464151382446289,3.5402609883595586,3.4595383391325236,3.482601576137635,707100
2001-04-11,3.22890305519104,3.4364755122845088,3.2173711053848137,3.4134112827447307,944100
2001-04-12,3.3442203998565674,3.3442203998565674,3.2104517026361354,3.309624882163491,198000
2001-04-16,3.067457675933838,3.2980940528197498,3.067457675933838,3.2980940528197498,464400
2001-04-17,3.620980978012085,3.662495371781094,3.136645724186165,3.136645724186165,1802400
2001-04-18,3.8170247077941895,3.9761635090360796,3.6924814272286244,3.6924814272286244,1282800
2001-04-19,3.7824273109436035,3.826247904324263,3.7570569033272796,3.823941713585507,783600
2001-04-20,3.7132389545440674,3.7593657715153577,3.6348224748889497,3.7593657715153577,1853100
2001-04-23,3.9000558853149414,3.976165878195854,3.6786454768286982,3.6901767740460567,1418700
2001-04-24,3.840087890625,3.955406061286868,3.7247697199631316,3.955406061286868,392100
2001-04-25,3.91850209236145,3.9899996193133638,3.7593633721649606,3.7824275907487044,489600
2001-04-26,3.9646334648132324,4.033824209501662,3.8862172874996785,3.918505971760117,541500
2001-04-27,3.9438741207122803,4.059192301268607,3.897746980460682,3.9784696408646445,791400
2001-04-30,4.105319499969482,4.139915023394696,4.001533259621205,4.001533259621205,529200
2001-05-01,4.128384113311768,4.149141165341535,4.047661107890539,4.047661107890539,601500
2001-05-02,4.103013038635254,4.149140510153049,4.001532997208915,4.1283834614010155,535200
2001-05-03,4.128384113311768,4.1514473578215565,4.0384360080430595,4.103013686539777,626100
2001-05-04,4.070724964141846,4.146834600089881,4.047661388107985,4.10532016322893,407100
2001-05-07,4.084562301635742,4.149140631681215,4.036128636583475,4.036128636583475,673200
2001-05-08,4.109927654266357,4.146828996125181,4.0245927032251965,4.142216947005897,466500
2001-05-09,4.09378719329834,4.149139753107341,4.07994905334609,4.128382708142606,168300
2001-05-10,4.013066291809082,4.232170434706472,3.9554075152113004,4.1168522216560595,621600
2001-05-11,3.9577131271362305,4.089175670527836,3.8862162090952825,4.063805572885065,344400
2001-05-14,3.91850209236145,3.9554044461828384,3.8054908195509425,3.920808943125144,350400
2001-05-15,3.920811176300049,3.920811176300049,3.7593655133853217,3.920811176300049,476700
2001-05-16,4.084562301635742,4.103013158812349,3.909279158457983,3.9208111091570372,499800
2001-05-17,4.139915466308594,4.139915466308594,3.99000239523367,4.059193119559188,503100
2001-05-18,4.047658443450928,4.149138434101005,4.036126498859738,4.105317176625351,348000
2001-05-21,4.149140357971191,4.149140357971191,3.9669376604807054,4.059192270205246,446700
2001-05-22,4.264458656311035,4.264458656311035,4.0361291071653715,4.151447307891735,548400
2001-05-23,4.153753280639648,4.262152238420835,4.05919279654977,4.262152238420835,394800
2001-05-24,4.197571277618408,4.197571277618408,4.04765767599324,4.186039335213736,325800
2001-05-25,4.036129951477051,4.209106958823995,4.036129951477051,4.209106958823995,287700
2001-05-29,4.1745100021362305,4.209105523781688,4.086869091730399,4.139914810418118,423300
2001-05-30,3.948486328125,4.209104450367419,3.948486328125,4.174508937544578,373800
2001-05-31,3.920811176300049,4.116851372194959,3.920811176300049,3.990001891897198,554400
2001-06-01,3.971550464630127,4.010759029325023,3.883908896833194,3.9208109395171338,698700
2001-06-04,3.971550464630127,4.047660412154289,3.966937750535551,3.966937750535551,348300
2001-06-05,4.116849899291992,4.116849899291992,3.978468517606992,3.9900004643776947,217200
2001-06-06,4.013066291809082,4.119158414354806,3.994615100581979,4.093788974958886,218100
2001-06-07,3.9853856563568115,4.0245938588509835,3.9853856563568115,4.0245938588509835,303000
2001-06-08,3.9900012016296387,4.151446176759779,3.9669373038266045,4.059191905256841,162300
2001-06-11,3.8054909706115723,3.8977452091912705,3.6786415575280773,3.851618419828603,616500
2001-06-12,3.8031842708587646,3.817022404794592,3.729380559940545,3.805490461551167,258600
2001-06-13,3.7478342056274414,3.8031867778582775,3.724770303937238,3.8031867778582775,238500
2001-06-14,3.6786415576934814,3.7824277410639002,3.66710961290691,3.736300291844795,113700
2001-06-15,3.6555795669555664,3.7178513809296216,3.6302101307683445,3.6671118487004115,220200
2001-06-18,3.780120849609375,3.782427700439968,3.6440460141232593,3.6440460141232593,190800
2001-06-19,3.7478342056274414,3.8031867778582775,3.6924816333966057,3.770897447462935,308400
2001-06-20,3.7824273109436035,3.805490538039739,3.747831810445112,3.747831810445112,338700
2001-06-21,3.874682903289795,3.874682903289795,3.775509729690431,3.7824289647863782,415500
2001-06-22,3.6878678798675537,3.8631509915548303,3.664804642467572,3.8631509915548303,283800
2001-06-25,3.6440465450286865,3.6947863830971945,3.632514598685867,3.6786420541299187,360600
2001-06-26,3.7478342056274414,3.7478342056274414,3.634822209098452,3.6440479677309465,473100
2001-06-27,3.8516223430633545,3.8631536397407396,3.727078664194286,3.7478360539816364,396600
2001-06-28,3.8261892795562744,3.918665061460376,3.77995105788474,3.837748256215062,376200
2001-06-29,4.131356716156006,4.159099430753647,3.8955433113568083,3.8955433113568083,633000
2001-07-02,3.7221522331237793,4.101302773257079,3.7221522331237793,4.101302773257079,493500
2001-07-03,3.7915101051330566,3.8608669247031826,3.699033684267416,3.7314005307862113,359700
2001-07-05,3.689788579940796,3.8377495501545447,3.689788579940796,3.8030712856080897,277800
2001-07-06,3.606557607650757,3.7452715653107855,3.6065576076507573,3.699033358944527,478500
2001-07-09,3.5949981212615967,3.7013459010628544,3.5741912417242827,3.6065577560085167,426000
2001-07-10,3.488652467727661,3.6343016639954135,3.4678452507068425,3.6296778747373977,293100
2001-07-11,3.969526529312134,4.103617078515787,3.701347084502294,3.7568325553014663,2462100
2001-07-12,4.147542953491211,4.184532937017933,3.971838960821673,3.971838960821673,1547400
2001-07-13,4.163726806640625,4.219212288084699,4.115176845017282,4.161415076940234,1298400
2001-07-16,4.2746968269348145,4.2978164338776255,4.166038279145973,4.166038279145973,804900
2001-07-17,4.438842296600342,4.438842296600342,4.2562024428122065,4.274697270414549,1152900
2001-07-18,4.392599582672119,4.508194534813455,4.357921030885882,4.508194534813455,1645800
2001-07-19,4.390289783477783,4.505884786379473,4.346363973408147,4.346363973408147,709500
2001-07-20,4.3717942237854,4.450399260844055,4.36948282646379,4.390289701709429,1017300
2001-07-23,4.399537563323975,4.448087496923845,4.392602047506488,4.392602047506488,668700
2001-07-24,4.320935249328613,4.392603818359116,4.311688001417112,4.392603818359116,519900
2001-07-25,4.415722846984863,4.415722846984863,4.2099640686726545,4.2654495373339945,605100
2001-07-26,4.3694844245910645,4.3694844245910645,4.253889381563732,4.3694844245910645,318300
2001-07-27,4.20302677154541,4.346364513585242,4.184531290978241,4.323245245556123,771300
2001-07-30,4.147542953491211,4.175285689175875,4.115176097806273,4.1614143213335435,1365600
2001-07-31,4.184532165527344,4.260824839954049,4.138294942683192,4.149853917674795,489300
2001-08-01,4.186844348907471,4.235394290365032,4.149853712589688,4.184531958728444,561300
2001-08-02,4.309375762939453,4.3348067704329845,4.161414499615665,4.186845507109197,440700
2001-08-03,4.288568496704102,4.346366360619343,4.2423309331548245,4.300128135631051,300300
2001-08-06,4.161412239074707,4.288566215311903,4.161412239074707,4.288566215311903,1082100
2001-08-07,4.092057228088379,4.152166815726398,4.0573786452756355,4.149854425150317,246300
2001-08-08,4.045819282531738,4.1614143459545865,4.027324456018701,4.115176122153748,633300
2001-08-09,4.0342583656311035,4.045817337264528,3.9764605309899257,4.045817337264528,590700
2001-08-10,4.115175724029541,4.115175724029541,4.0296357954644035,4.0458188911174835,297000
2001-08-13,4.022701740264893,4.1174896117378035,4.022701740264893,4.1151772203873715,244500
2001-08-14,4.161412239074707,4.184530843191169,4.080495801789766,4.080495801789766,583800
2001-08-15,4.258512020111084,4.357923280491686,4.184531093491992,4.196091057680353,504900
2001-08-16,4.346367359161377,4.346367359161377,4.25620327926304,4.274698110500082,751200
2001-08-17,4.357922554016113,4.357922554016113,4.300125388464034,4.323244320828724,301800
2001-08-20,4.337116718292236,4.381043196377448,4.286255054916696,4.346364624170801,883500
2001-08-21,4.392599582672119,4.427278134458356,4.346362064822436,4.346362064822436,675900
2001-08-22,4.242330551147461,4.300127748419248,4.184532692436719,4.300127748419248,296100
2001-08-23,4.207653045654297,4.334807100649759,4.207653045654297,4.253890613245754,165600
2001-08-24,4.311685562133789,4.332492436922555,4.172971630424994,4.20996192402219,230400
2001-08-27,4.253888130187988,4.387978287738984,4.253888130187988,4.311685965418577,157500
2001-08-28,4.334805488586426,4.350988581617203,4.253889031274302,4.253889031274302,280200
2001-08-29,4.392599582672119,4.429590192246389,4.323242809818825,4.330178321744564,317700
2001-08-30,4.311685562133789,4.415720597516245,4.29319008461588,4.381042362628531,320100
2001-08-31,4.3024396896362305,4.3440537927821286,4.30012796037676,4.30012796037676,428100
2001-09-04,4.30012845993042,4.392604255442163,4.30012845993042,4.3232474088083555,405000
2001-09-05,4.30012845993042,4.311688430448686,4.2446429826233745,4.307064309953566,113400
2001-09-06,4.068939208984375,4.277010091767266,4.045819928035564,4.277010091767266,383100
2001-09-07,3.8146307468414307,4.0689395514894136,3.803071105393986,4.0689395514894136,703500
2001-09-10,3.800758123397827,3.9649031258452436,3.7337130188172734,3.8146294901331688,710100
2001-09-17,3.29445219039917,3.421606198843715,3.2713335804269024,3.3753686481797653,679500
2001-09-18,3.1904168128967285,3.386927975427356,3.1672982027725083,3.3175708221770264,446400
2001-09-19,3.08638072013855,3.248213269675396,3.08638072013855,3.213535031562886,304800
2001-09-20,3.030895471572876,3.097940885388986,3.0054644753474116,3.097940885388986,672600
2001-09-21,3.329129219055176,3.329129219055176,2.9939045695149398,3.0308945267052625,886500
2001-09-24,3.386927843093872,3.386927843093872,3.3060117186623907,3.3060117186623907,348300
2001-09-25,3.2828922271728516,3.490962672639652,3.259773288787651,3.444725457308016,441000
2001-09-26,3.13724422454834,3.317572028710254,3.121061125432039,3.2944534101782637,351000
2001-09-27,3.095505714416504,3.176661718572442,3.021306062390007,3.1534737675752615,338700
2001-09-28,3.1163747310638428,3.1650682054403814,3.053768882822173,3.1071001468509123,420000
2001-10-01,2.912325620651245,3.1163737033847227,2.8404445485063805,3.1163737033847227,1512900
2001-10-02,3.0259451866149902,3.1210136052756234,2.9587018570510613,2.991164405714337,1007400
2001-10-03,3.223036289215088,3.3969411297367245,3.002757200477796,3.002757200477796,1429200
2001-10-04,3.250859260559082,3.3296963350233457,3.0839105324137357,3.0839105324137357,201300
2001-10-05,3.1882543563842773,3.2717285784428443,3.15579249061413,3.246223063692781,328500
2001-10-08,3.3389711380004883,3.4433137165592176,3.1998471470939034,3.1998471470939034,610800
2001-10-09,3.3783905506134033,3.4178084334058485,3.3389720044268505,3.3389720044268505,408900
2001-10-10,3.4734599590301514,3.4757791861980247,3.38071110584743,3.3969420473528005,263400
2001-10-11,3.5986714363098145,3.684464923814087,3.4734597138624417,3.4734597138624417,314100
2001-10-12,3.4572277069091797,3.6056263464600424,3.4224469416130083,3.6056263464600424,472500
2001-10-15,3.501284122467041,3.529108873226185,3.4549102012628543,3.4780971618649477,276300
2001-10-16,3.485053777694702,3.5360654928951725,3.4804159871886027,3.5036036129302253,180000
2001-10-17,3.5337445735931396,3.5685256573217874,3.4804136669950787,3.4804136669950787,296700
2001-10-18,3.547658920288086,3.6635957096099827,3.475778482409354,3.501284005541018,502500
2001-10-19,3.531428813934326,3.594034681647732,3.4943288070579395,3.52447279068687,202800
2001-10-22,3.559251546859741,3.63113196080616,3.5036020657281637,3.5314268062939527,246600
2001-10-23,3.6079463958740234,3.707651588720673,3.5360652908967656,3.5360652908967656,173400
2001-10-24,3.489689588546753,3.5963510907816167,3.489689588546753,3.594032528320694,252300
2001-10-25,3.536064863204956,3.5522964636913987,3.4549098460471748,3.466502993459082,417000
2001-10-26,3.526789665222168,3.605626105518287,3.5221518763489947,3.526789665222168,243300
2001-10-29,3.3853495121002197,3.5592544482465005,3.3853495121002197,3.5476606310446552,249000
2001-10-30,3.2763681411743164,3.4085358968551254,3.2694117863871544,3.4085358968551254,166500
2001-10-31,3.4154911041259766,3.4549099962413554,3.2879611698963855,3.2879611698963855,354900
2001-11-01,3.362159490585327,3.443315158286224,3.281004486278644,3.3923034602475717,392100
2001-11-02,3.5291080474853516,3.5291080474853516,3.2740482235692974,3.2925977213713216,615900
2001-11-05,3.4549083709716797,3.47577675713709,3.371433831218983,3.408533479243729,234000
2001-11-06,3.4549083709716797,3.4549083709716792,3.373752393372021,3.373752393372021,275400
2001-11-07,3.4920084476470947,3.494327010304975,3.434040400835012,3.4665022682278734,96000
2001-11-08,3.394623041152954,3.519834424421921,3.3667982893154056,3.4804158601367914,568800
2001-11-09,3.4688220024108887,3.4943275221721106,3.3714350591782027,3.3714350591782027,103500
2001-11-12,3.5337445735931396,3.6288129133443765,3.4363580035287216,3.4549081580951317,262200
2001-11-13,3.614901542663574,3.614901542663574,3.5082393683683293,3.5128771570611166,308700
2001-11-14,3.698375940322876,3.6983759403228764,3.552295872326494,3.5824391783497163,352500
2001-11-15,3.6404073238372803,3.7795310438449037,3.5824392730159933,3.698376038052792,326100
2001-11-16,3.614901542663574,3.686781960248358,3.5476579186803114,3.6056259652779996,243900
2001-11-19,3.9372036457061768,3.9372036457061768,3.605625056537233,3.605625056537233,487500
2001-11-20,3.8096742630004883,3.879236109290527,3.6867815020395636,3.879236109290527,789000
2001-11-21,3.721561908721924,3.8259048341751964,3.716924121042474,3.7911237484584337,226500
2001-11-23,3.83286190032959,3.872280449395808,3.7795306490188767,3.7795306490188767,183300
2001-11-26,3.8235867023468018,3.8838733052062056,3.7702557866983324,3.814311457641063,246900
2001-11-27,3.7470712661743164,3.821270293239475,3.7470712661743164,3.7795331539355934,188700
2001-11-28,3.57548189163208,3.70996811558175,3.57548189163208,3.70996811558175,272400
2001-11-29,3.5453410148620605,3.5754843335893267,3.4201296173929867,3.5754843335893267,608100
2001-11-30,3.4757800102233887,3.559254296405144,3.4386799957786134,3.547660479697903,786600
2001-12-03,3.3134665489196777,3.4757782417503624,3.2694108639212436,3.4757782417503624,845400
2001-12-04,3.3296971321105957,3.3505658525108375,3.294916373706269,3.3505658525108375,635100
2001-12-05,3.4224469661712646,3.466502646755493,3.3227417953561416,3.338972730824923,902400
2001-12-06,3.4780969619750977,3.4896907733070295,3.445634422924559,3.445634422924559,773700
2001-12-07,3.4780969619750977,3.5175155224670562,3.447953649566989,3.4780969619750977,1127700
2001-12-10,3.4178104400634766,3.4780977417909114,3.3644801564288005,3.4757791780229903,899400
2001-12-11,3.443315029144287,3.478096123053662,3.4108528296208487,3.4201280754674968,979800
2001-12-12,3.3853495121002197,3.459548549063191,3.3273807577883368,3.4433176030174186,388500
2001-12-13,3.3157854080200195,3.4896902289935174,3.3157854080200195,3.403896768252865,429600
2001-12-14,3.4178104400634766,3.417810440063477,3.315786668632718,3.3389739647981744,454200
2001-12-17,3.4085335731506348,3.4989641335508725,3.3783902741485736,3.4178081537153235,469500
2001-12-18,3.4780969619750977,3.5360650235432334,3.3621601754444783,3.3853477981083415,439200
2001-12-19,3.3853495121002197,3.512879842833805,3.3853495121002197,3.4896925401274568,366900
2001-12-20,3.4224469661712646,3.5128775536450307,3.408534593613541,3.408534593613541,359400
2001-12-21,3.4943273067474365,3.5360644234038707,3.431721465914226,3.4665025623098136,842400
2001-12-24,3.4780969619750977,3.5244718756056503,3.4780969619750977,3.5012839212446125,284700
2001-12-26,3.5244719982147217,3.559252770026119,3.4920094580348784,3.5012840430470233,191400
2001-12-27,3.5105597972869873,3.536065321957033,3.464184879742787,3.536065321957033,539700
2001-12-28,3.540783166885376,3.652377343448297,3.5221841928875373,3.5221841928875373,477000
2001-12-31,3.498934030532837,3.550081187906075,3.475684990060159,3.538456335093985,366600
2002-01-02,3.39198899269104,3.505908138455105,3.3710649932990164,3.4989333611325346,568800
2002-01-03,3.4733619689941406,3.4873112004930764,3.3710672720926986,3.3896665800005255,386100
2002-01-04,3.478011131286621,3.5454319002809207,3.4524370480629383,3.475685761117434,1044900
2002-01-07,3.417562484741211,3.482658517098587,3.4012885597957827,3.4733593689695303,421500
2002-01-08,3.417562484741211,3.4640602208404743,3.3245676776940116,3.394313782979411,607800
2002-01-09,3.3826916217803955,3.487311018861417,3.3826916217803955,3.4524377756424447,989400
2002-01-10,3.405939817428589,3.4501128736310607,3.3826911030397966,3.3826911030397966,528900
2002-01-11,3.3757164478302,3.487310270047455,3.371066372661991,3.405939608392795,380700
2002-01-14,3.3013193607330322,3.4524361213102255,3.3013193607330322,3.4408116016154864,490800
2002-01-15,3.4291863441467285,3.4408101939345253,3.301318010120169,3.3245670399981613,536400
2002-01-16,3.371065139770508,3.4640606227588555,3.366415731454363,3.417562881264682,436800
2002-01-17,3.4268641471862793,3.4454634548178347,3.3826917477170695,3.3943162734148036,477300
2002-01-18,3.4291863441467285,3.5128816544353425,3.389663392444861,3.389663392444861,459600
2002-01-22,3.3989646434783936,3.5338078364803307,3.3989646434783936,3.429188467549934,216300
2002-01-23,3.5128836631774902,3.5198584426443364,3.3989644823909377,3.4222138581390213,217500
2002-01-24,3.4268641471862793,3.5059104563245977,3.4105902103005414,3.4873111486930424,539100
2002-01-25,3.445462703704834,3.4849856833700055,3.417564247203243,3.4268634001279383,265200
2002-01-28,3.4315125942230225,3.5105578681024405,3.3803654371049725,3.4687101940967637,374400
2002-01-29,3.305968999862671,3.5314816152701334,3.2641213288920237,3.510557613496947,623700
2002-01-30,3.389666795730591,3.4268644161858917,3.294346542224152,3.301321324705475,584700
2002-01-31,3.47568416595459,3.47568416595459,3.301318731782856,3.301318731782856,426900
2002-02-01,3.419887065887451,3.5128822021726545,3.419887065887451,3.4849837610597887,444000
2002-02-04,3.343167304992676,3.4384871769719645,3.2734211788770122,3.426862656331472,285900
2002-02-05,3.3338677883148193,3.391989387413245,3.2896954129091025,3.324568305853013,299700
2002-02-06,3.3943164348602295,3.405940628534942,3.2548241153081334,3.3245702750841812,562200
2002-02-07,3.417562484741211,3.438486150038999,3.3826892658106793,3.394313782979411,588900
2002-02-08,3.3733911514282227,3.405939011293089,3.2896957994380247,3.405939011293089,921600
2002-02-11,3.46871018409729,3.4756849626993374,3.3431671624421693,3.394314651988523,600600
2002-02-12,3.6198275089263916,3.638426808833598,3.440811949497662,3.4524364703676946,427800
2002-02-13,3.6361021995544434,3.684924332722865,3.5663560574739566,3.6082037427222486,470700
2002-02-14,3.5686795711517334,3.6361006467492922,3.5431058303556267,3.6361006467492922,192300
2002-02-15,3.552405834197998,3.5989035861588015,3.53845660838249,3.557055908712278,308100
2002-02-19,3.571004629135132,3.6221517832199708,3.5105576599136836,3.533807031467343,282600
2002-02-20,3.5896031856536865,3.6105271833831574,3.5570546708354738,3.5570546708354738,501600
2002-02-21,3.4919610023498535,3.6523773182629915,3.491961002349854,3.557057078317525,147000
2002-02-22,3.719799280166626,3.719799280166626,3.5221852863767653,3.5221852863767653,422400
2002-02-25,3.7174715995788574,3.7337455275703793,3.6756239285747254,3.719796303902335,253500
2002-02-26,3.7174715995788574,3.7546695293603083,3.638426331369,3.684923078444362,228600
2002-02-27,3.608203649520874,3.7383967772840134,3.5454319569819344,3.7314219969682068,250500
2002-02-28,3.5989041328430176,3.6268025887118918,3.5896049801292205,3.615178065811947,457200
2002-03-01,3.668649673461914,3.67097404533032,3.603553292965333,3.6151771477618224,201900
2002-03-04,3.8081424236297607,3.8127924982877164,3.5803047290277106,3.6291268546025877,639000
2002-03-05,3.7895426750183105,3.798842823235477,3.754669779809919,3.7895426750183105,662400
2002-03-06,4.094100475311279,4.184770584459398,3.7895419632504157,3.7895419632504157,704100
2002-03-07,3.9848296642303467,4.045276598995726,3.9313578362732593,4.045276598995726,498900
2002-03-08,4.001107215881348,4.031330373104723,3.9150864885625203,3.963908614100521,541500
2002-03-11,4.0313286781311035,4.0313286781311035,3.88253699417361,3.9639069474743933,562800
2002-03-12,4.05457878112793,4.066203302699065,3.9522847872112035,3.9871580193488194,442200
2002-03-13,3.9708821773529053,4.022029657129087,3.9034611041491845,4.022029657129087,194700
2002-03-14,3.9639086723327637,3.9639086723327637,3.9197362882245,3.9546095206146274,228300
2002-03-15,4.108048439025879,4.115023214166653,3.8709117380244753,3.8709117380244753,562800
2002-03-18,4.175472259521484,4.1824467055989265,4.045279162793141,4.080152058331852,343200
2002-03-19,4.231267929077148,4.2382423731282115,4.131298015356235,4.175471046366023,251700
2002-03-20,4.173148155212402,4.226620365847722,4.131300468331833,4.208021061324951,162600
2002-03-21,4.2359185218811035,4.242893301006885,4.119675639734418,4.161523316761782,295800
2002-03-22,4.0313286781311035,4.196394618809271,4.0313286781311035,4.196394618809271,589800
2002-03-25,3.987159252166748,4.073179341571991,3.9546107147339735,4.0685292654451155,312900
2002-03-26,4.266142845153809,4.266142845153809,3.963908921454881,3.963908921454881,346200
2002-03-27,4.204381465911865,4.26031553862031,4.101835999339754,4.257985452347516,372000
2002-03-28,4.183407306671143,4.21603585656434,4.134464815224795,4.195060407832063,229200
2002-04-01,4.113490104675293,4.218366358476718,4.031919722095682,4.160101847118922,169200
2002-04-02,4.031919002532959,4.111158950545447,4.031919002532959,4.09018350349249,291300
2002-04-03,4.027256965637207,4.07852952878794,3.9969595116487415,4.0319181380503055,156300
2002-04-04,4.078531742095947,4.132135420632508,4.031920326063568,4.04357276332975,363000
2002-04-05,4.160099029541016,4.181074466131014,4.055222846770787,4.055222846770787,185400
2002-04-08,4.348877906799316,4.463076798789602,4.1367947265221465,4.141455565589758,497700
2002-04-09,4.37917423248291,4.428116697406082,4.3395547768656115,4.348876785991686,215400
2002-04-10,4.428116798400879,4.486381940565548,4.369852323022759,4.3721827420091115,405600
2002-04-11,4.38150691986084,4.444432921565599,4.38150691986084,4.428118316103055,367800
2002-04-12,4.48405122756958,4.48405122756958,4.381505782386272,4.428117166527793,390600
2002-04-15,4.334895610809326,4.463078056298973,4.269639511362739,4.428119086295089,667200
2002-04-16,4.365192413330078,4.423457576785175,4.27663045840867,4.39315945174528,765000
2002-04-17,4.344217777252197,4.381507499285381,4.1484481535000715,4.381507499285381,564300
2002-04-18,4.311588287353516,4.367522349449609,4.218364183740078,4.367522349449609,477900
2002-04-19,4.306929588317871,4.353541670494898,4.257987418791957,4.28828488880447,452100
2002-04-22,4.209042072296143,4.276629229067942,4.19505855710818,4.230017511774736,339000
2002-04-23,4.227685928344727,4.255652951018815,4.174081968129578,4.195057401831749,543300
2002-04-24,4.148448467254639,4.306928714353157,4.148448467254639,4.195060539973114,464700
2002-04-25,4.1880669593811035,4.202050809052753,4.146116410546133,4.148446829895858,341400
2002-04-26,4.12980318069458,4.190397756577791,4.104166231782655,4.160100301939507,147900
2002-04-29,4.181074619293213,4.185736123944644,4.104165126836857,4.104165126836857,511200
2002-04-30,4.199721336364746,4.223026868688606,4.146117345124942,4.192729409952867,345300
2002-05-01,4.206711769104004,4.234678800250958,4.104165654838531,4.230017628393132,469200
2002-05-02,4.288281440734863,4.299934535257622,4.183404923603066,4.183404923603066,703800
2002-05-03,4.276631832122803,4.297607284368511,4.2416731895712925,4.297607284368511,354900
2002-05-06,4.197390556335449,4.2323491907684785,4.171754602263777,4.230019104116634,715800
2002-05-07,4.183407306671143,4.197390828028179,4.106497772510723,4.183407306671143,339300
2002-05-08,4.299935340881348,4.3465473943122275,4.1717532774747195,4.1717532774747195,704400
2002-05-09,4.136795520782471,4.237010581237698,4.136795520782471,4.188068094303998,618000
2002-05-10,4.055226802825928,4.1484499821243705,4.052896381705417,4.136797543128237,287400
2002-05-13,4.106494426727295,4.150776041702782,4.020262948646422,4.024924452027568,318900
2002-05-14,4.253323554992676,4.283621675012879,4.106496460941998,4.106496460941998,338700
2002-05-15,4.148448467254639,4.253325047432658,4.143787960109052,4.230019511163607,422100
2002-05-16,4.234681129455566,4.25798700156364,4.1228129433368155,4.148448902565456,542700
2002-05-17,4.241670608520508,4.285951573259981,4.20904207301638,4.230017512498562,251100
2002-05-20,4.21836519241333,4.248663316716737,4.171754129641144,4.241671723979587,291900
2002-05-21,4.136795520782471,4.22535748115123,4.059885993713348,4.192729601053318,508500
2002-05-22,3.959669589996338,4.136794814047224,3.959669589996338,4.113488617855948,406200
2002-05-23,4.262645244598389,4.285951100679212,3.9596684487611578,3.9596684487611578,1012800
2002-05-24,4.031919002532959,4.253324572929966,4.031919002532959,4.241672139488848,421800
2002-05-28,4.083191871643066,4.087853045011698,4.034249384575716,4.073869524905801,656400
2002-05-29,4.055226802825928,4.097177383537337,4.034251345773432,4.078532347605353,282600
2002-05-30,4.045901775360107,4.076199230247712,4.008612061555322,4.036579096863892,259800
2002-05-31,4.1181488037109375,4.199719804049351,4.043569727233321,4.043569727233321,372900
2002-06-03,3.8687756061553955,4.080859738898986,3.8687756061553955,4.078528653102911,382200
2002-06-04,3.77555251121521,3.8594535966349692,3.7172880352592386,3.8501315872038293,573600
2002-06-05,3.7569098472595215,3.819835867467286,3.682331391306613,3.7522490063188583,466500
2002-06-06,3.7359328269958496,3.7988588207751772,3.693982275607414,3.775553292286059,541200
2002-06-07,3.824496269226074,3.8478021361888723,3.717289614590622,3.7289420479818927,396000
2002-06-10,3.9759833812713623,3.980644219484814,3.8244948039622746,3.8244948039622746,438300
2002-06-11,3.9456849098205566,3.9736519369382743,3.927040558468673,3.964329927958963,227400
2002-06-12,3.92704176902771,4.034248739360164,3.8547930932788366,3.9386945338889037,430200
2002-06-13,3.8687756061553955,3.9270407488992665,3.8221645588187863,3.892082130003532,313200
2002-06-14,3.8920819759368896,3.8920819759368896,3.7056347934313996,3.8641149485700557,426000
2002-06-17,4.031919002532959,4.031919002532959,3.7872072316800343,3.892083800157979,260100
2002-06-18,4.029584884643555,4.05522181921808,3.9899654405295735,4.029584884643555,340500
2002-06-19,3.8804283142089844,4.129801438551066,3.8105104226142013,3.9853044848147285,598800
2002-06-20,3.913057327270508,3.992297243155215,3.8384782495151457,3.8687756977155967,299700
2002-06-21,4.038910388946533,4.038910388946533,3.9153888099522254,3.9643312909317268,490200
2002-06-24,3.9503488540649414,4.027258392833252,3.8361502561705465,4.027258392833252,343800
2002-06-25,3.7732229232788086,4.0179346430155105,3.7522474806072736,3.9503474759553994,390300
2002-06-26,3.8454713821411133,3.9153889769559105,3.7033057727143888,3.7522479223880514,484500
2002-06-27,3.9891932010650635,4.007889208980188,3.73913806507231,3.809246841110226,303300
2002-06-28,4.077998161315918,4.089682456369846,3.9027260464913525,3.9611498618961885,730200
2002-07-01,3.972834825515747,4.063976405456709,3.8443015624334707,4.063976405456709,422700
2002-07-02,3.811584234237671,3.9728345834204477,3.743812251449255,3.9728345834204477,278700
2002-07-03,3.809248685836792,3.8326189577771137,3.669031065856975,3.811586147627553,312900
2002-07-05,3.853649377822876,3.8770189686859164,3.776529560822343,3.785877397167559,231300
2002-07-08,3.7391393184661865,3.9728359855398714,3.739139318466186,3.820933085080951,343200
2002-07-09,3.8139231204986572,3.8793576786003054,3.7625099907504254,3.7625099907504254,249000
2002-07-10,3.5942468643188477,3.9027258076480535,3.5638658937907706,3.7975624783282096,723000
2002-07-11,3.645660400390625,3.645660400390625,3.4400082853073024,3.587236576239641,446400
2002-07-12,3.575552225112915,3.6994116094132745,3.411965021358465,3.645661026721965,552900
2002-07-15,3.3815829753875732,3.5171272844676413,3.3184852409419827,3.5171272844676413,606600
2002-07-16,3.3582143783569336,3.414301413053527,3.2787580801751903,3.381583641842084,805200
2002-07-17,3.3184847831726074,3.435333067281386,3.2577241835796196,3.341854707438351,770400
2002-07-18,3.157236099243164,3.3885953282072028,3.157236099243164,3.31848652159767,342600
2002-07-19,3.0988125801086426,3.241367001080537,3.07777976880653,3.180606363398243,534600
2002-07-22,3.047398090362549,3.1432132593651665,2.9913110643205156,3.0380499183838316,451800
2002-07-23,3.0146803855895996,3.0707674065541477,2.9422348173295654,3.0380496433531463,917400
2002-07-24,3.2250068187713623,3.2250068187713627,2.93288640698537,3.014680483334876,812100
2002-07-25,3.194627523422241,3.260062403986,3.0146814347193396,3.1198444684728144,702900
2002-07-26,3.2834320068359375,3.3418565147926547,3.1782686279852115,3.1782686279852115,384300
2002-07-29,3.482072591781616,3.540496399703398,3.2997894552448934,3.3068004994062994,338100
2002-07-30,3.428323268890381,3.5521826421466556,3.376910486599835,3.4353343155787046,451500
2002-07-31,3.3068015575408936,3.4563666472849843,3.27174699412682,3.447019142587003,615300
2002-08-01,3.295116662979126,3.4259867594381914,3.229682116207294,3.3184862633637566,598200
2002-08-02,3.178267240524292,3.3605503955311957,3.178267240524292,3.318485129215376,458100
2002-08-05,3.154898166656494,3.311474277711416,3.154898166656494,3.2016376884861426,437100
2002-08-06,3.316148281097412,3.3488660442063702,3.2016374474361142,3.2016374474361142,267900
2002-08-07,3.346529245376587,3.388594519300718,3.2600619050184134,3.3161489369172545,290100
2002-08-08,3.4236488342285156,3.4259859608747845,3.2717466342878825,3.2717466342878825,280200
2002-08-09,3.4166393280029297,3.4820748919205724,3.3395194628096623,3.418976790007426,307200
2002-08-12,3.3815829753875732,3.423648577424675,3.306800945807287,3.423648577424675,300300
2002-08-13,3.3091373443603516,3.482072999436164,3.304463425807223,3.3582136563207157,529500
2002-08-14,3.563866376876831,3.580225594666773,3.332507221595187,3.332507221595187,378300
2002-08-15,3.568540334701538,3.6059313489177827,3.54750753400581,3.580225298266948,396600
2002-08-16,3.6082687377929688,3.6760400541804494,3.5638660108507785,3.5638660108507785,302400
2002-08-19,3.820932626724243,3.820932626724243,3.5965844951120105,3.6199537578498653,396600
2002-08-20,3.7461488246917725,3.8326171520359664,3.727453819446318,3.8209318544187565,479700
2002-08-21,3.820932626724243,3.8793564521790525,3.7788673520469493,3.785878398312375,471900
2002-08-22,3.844301223754883,3.8653336884698435,3.7297903951845455,3.8209316327910385,457500
2002-08-23,3.720444679260254,3.8372923663716207,3.720444679260254,3.809248841231647,348300
2002-08-26,3.74147629737854,3.7952258686354763,3.7134327811796384,3.750823801806424,427200
2002-08-27,3.643322706222534,3.7975619909391596,3.643322706222534,3.7625074408965347,336000
2002-08-28,3.577888011932373,3.680714559683213,3.5334859505514813,3.624627534167323,264900
2002-08-29,3.6666953563690186,3.7274566772901343,3.4283249976477523,3.5638687370215516,567000
2002-08-30,3.6620194911956787,3.6877265526203566,3.598921738429278,3.645660938369252,413100
2002-09-03,3.512455701828003,3.6456623044175602,3.5007703960067738,3.6456623044175602,317100
2002-09-04,3.7064216136932373,3.7064216136932373,3.5054427532059327,3.5054427532059327,265500
2002-09-05,3.538161277770996,3.6807156770816207,3.505443501982496,3.6807156770816207,321000
2002-09-06,3.6293020248413086,3.6433237821381526,3.5381604352592917,3.5381604352592917,276000
2002-09-09,3.7391393184661865,3.762509252617656,3.5521828540005664,3.5989217193881267,448800
2002-09-10,3.7882168292999268,3.8676738279168354,3.739140487131275,3.7508254578591367,658800
2002-09-11,3.743814706802368,3.827945291733714,3.743814706802368,3.778868950037815,139200
2002-09-12,3.74147629737854,3.7718566061081416,3.7157695737103387,3.727454539279089,134100
2002-09-13,3.8957154750823975,3.89805226751629,3.706421581429262,3.7741932422831153,374700
2002-09-16,3.8349556922912598,3.8910430786196653,3.788216482271922,3.8910430786196653,218100
2002-09-17,3.762509346008301,3.972836084151115,3.7508243786425295,3.809248212555984,301800
2002-09-18,3.7508225440979004,3.7788660508933822,3.6807137771091956,3.755496796202118,498000
2002-09-19,3.7321295738220215,3.7438148792808943,3.608271152869192,3.7438148792808943,591900
2002-09-20,3.5989203453063965,3.7484860615233497,3.5989203453063965,3.7484860615233497,463800
2002-09-23,3.500770330429077,3.650336492088729,3.4937596150950214,3.633977264828607,357600
2002-09-24,3.470388650894165,3.505443216784052,3.409627693082795,3.505443216784052,405000
2002-09-25,3.619954824447632,3.633976586804824,3.4587043901873327,3.4937589632329047,300600
2002-09-26,3.6409852504730225,3.6783769265743773,3.589572155502988,3.6783769265743773,375600
2002-09-27,3.6210639476776123,3.6984071535674587,3.5530953202420608,3.644500896723392,381000
2002-09-30,3.5155956745147705,3.6421569980989035,3.461689757944123,3.6421569980989035,265800
2002-10-01,3.6187217235565186,3.6187217235565186,3.400754731239737,3.515597299187101,498000
2002-10-02,3.4241926670074463,3.63044090411076,3.3984114697327414,3.616378524308262,683400
2002-10-03,3.3866915702819824,3.4921595318605574,3.3421602210408587,3.468721573771105,497100
2002-10-04,3.562471628189087,3.574189769819013,3.3984099340812444,3.3984099340812444,1022400
2002-10-07,3.346848964691162,3.564815968400687,3.3210674381593974,3.562472406617301,325200
2002-10-08,3.3796606063842773,3.421847728829282,3.297629922882267,3.370285355011941,331800
2002-10-09,3.234348773956299,3.3515355496824517,3.2226299622743175,3.3046606382279413,576300
2002-10-10,3.3374741077423096,3.398410738501236,3.1452876212468426,3.2320061142801864,425400
2002-10-11,3.597627639770508,3.7429385067138337,3.396066604647977,3.396066604647977,539100
2002-10-14,3.3960676193237305,3.5718475195808477,3.374974219046066,3.5718475195808477,665400
2002-10-15,3.6210639476776123,3.6421573359281587,3.4382527947149493,3.4382527947149493,330900
2002-10-16,3.4804422855377197,3.6093476050426117,3.475754825469789,3.6093476050426117,450000
2002-10-17,3.7288763523101807,3.7429387275479384,3.4804410564431203,3.4804410564431203,248400
2002-10-18,3.703096389770508,3.742939289347534,3.6585650252567596,3.742939289347534,215400
2002-10-21,3.764033555984497,3.785127292630771,3.630440784620949,3.7265342130189754,162900
2002-10-22,3.6960644721984863,3.764032109985892,3.6749707436556243,3.761688548633041,250800
2002-10-23,3.7171566486358643,3.7780932471433397,3.635125993217343,3.6984068228571543,317700
2002-10-24,3.775750160217285,3.8319996446097897,3.703094743846987,3.749968978900701,254400
2002-10-25,3.857780933380127,3.860124158848043,3.73825061846818,3.7710624804860773,213000
2002-10-28,3.8062191009521484,3.8765309682221827,3.7570006262264095,3.8765309682221827,363300
2002-10-29,3.7499704360961914,3.8038763805562597,3.6609090531398674,3.7945017981213605,474000
2002-10-30,3.7827820777893066,3.7827820777893066,3.7241890237751254,3.7523137701675537,298500
2002-10-31,3.775750160217285,3.8202808343913315,3.7523132103271153,3.773406599337618,499200
2002-11-01,3.832000732421875,3.8320007324218746,3.738251900428054,3.7780947936064493,636900
2002-11-04,3.8273117542266846,3.8413741237325874,3.7968434546005616,3.8085622634921488,282900
2002-11-05,3.7851250171661377,3.8390309398655478,3.745281800626024,3.8390309398655478,198900
2002-11-06,3.8507511615753174,3.9374689795255566,3.778095049119228,3.782782843073097,582600
2002-11-07,3.8132505416870117,3.8859066424218716,3.7734073169682474,3.874187829974717,463500
2002-11-08,3.810906410217285,3.8624681043956945,3.7757503134089125,3.8132499711920373,142800
2002-11-11,3.6655969619750977,3.787471253566094,3.6655969619750977,3.787471253566094,339900
2002-11-12,3.7359073162078857,3.792156811266458,3.5624717083840576,3.6890330722658455,513300
2002-11-13,3.7945003509521484,3.8109062830481095,3.696063752556256,3.738250866154496,473700
2002-11-14,3.9491875171661377,3.951531078705381,3.8015327467163202,3.8202819095772007,230100
2002-11-15,3.88356351852417,3.9773133743012195,3.843720617711726,3.925750651877663,169200
2002-11-18,3.8343441486358643,3.867156691209209,3.7991883798798542,3.8554378781082352,456300
2002-11-19,3.7827820777893066,3.8460625895355594,3.7804385165599825,3.8390315705741638,489900
2002-11-20,3.9491875171661377,3.958562433870046,3.8085637666075174,3.8085637666075174,327600
2002-11-21,3.925750970840454,3.9796569243642583,3.8320017779934554,3.9796569243642583,412800
2002-11-22,3.8905930519104004,3.9257491505637563,3.8484059346904154,3.9210620283682736,279000
2002-11-25,3.9796552658081055,3.9796552658081055,3.85309390821021,3.867156281276643,266700
2002-11-26,3.9140312671661377,3.9632494061890564,3.8437194005095208,3.9609055096637893,436500
2002-11-27,4.007782936096191,4.031220241640553,3.914034049192409,3.9187208397539512,321300
2002-11-29,3.9187183380126953,4.040592919584995,3.9187183380126953,4.040592919584995,206400
2002-12-02,3.972623586654663,4.040591879482683,3.9491863021059257,3.9491863021059257,268200
2002-12-03,3.9093432426452637,3.9843428979117217,3.890593077373594,3.9796551051387494,345600
2002-12-04,3.984344482421875,3.9890316065120284,3.867157663056,3.9023137759204705,634200
2002-12-05,3.878878593444824,3.984346654254414,3.834347202305755,3.984346654254414,263100
2002-12-06,3.867156744003296,3.874188099014563,3.8437197880283005,3.860125388992029,415200
2002-12-09,3.8085639476776123,3.925750076774361,3.79918869525451,3.832000905278175,677700
2002-12-10,3.9773144721984863,3.986689058035711,3.8109091195704585,3.8132526822113584,299400
2002-12-11,3.9140312671661377,3.9702807604914314,3.9140312671661377,3.9609055096637893,151200
2002-12-12,3.9140312671661377,3.974967882995113,3.9140312671661377,3.9140312671661377,145200
2002-12-13,3.8249704837799072,3.892938811390547,3.799189289946153,3.892938811390547,370500
2002-12-16,3.9421544075012207,3.9421544075012203,3.82027988441033,3.82027988441033,380100
2002-12-17,3.9187183380126953,3.9890305450315684,3.888250363166522,3.9187183380126953,409500
2002-12-18,3.7874715328216553,3.9140332936025892,3.7265345501699763,3.9140332936025892,216300
2002-12-19,3.7476253509521484,3.855436860775014,3.6890323067285786,3.7968438165514447,275400
2002-12-20,3.7499704360961914,3.782782983349105,3.7030961828276805,3.782782983349105,523500
2002-12-23,3.733565092086792,3.7429396760140246,3.6327848783150825,3.7429396760140246,359700
2002-12-24,3.7382519245147705,3.7570010875420983,3.693720566865676,3.728876337180695,169800
2002-12-26,3.719503164291382,3.820283390283128,3.6585658468237807,3.7405969026876438,465300
2002-12-27,3.6210639476776123,3.7171569810227716,3.58122006142503,3.7171569810227716,255600
2002-12-30,3.589332103729248,3.678654303621125,3.5540733052189997,3.6386940181402085,374700
2002-12-31,3.5517239570617676,3.643396591521675,3.5517239570617676,3.631643543096054,430200
2003-01-02,3.678654432296753,3.6833549106733696,3.5963837874774875,3.5963837874774875,1461000
2003-01-03,3.575230836868286,3.711563954764019,3.561127376094276,3.6998115751652203,542400
2003-01-06,3.6668999195098877,3.725664119283884,3.5282158431386685,3.5963826780294537,447600
2003-01-07,3.713916540145874,3.713916540145874,3.6198930939848344,3.6198930939848344,281100
2003-01-08,3.586982250213623,3.666901488501173,3.525866945194541,3.666901488501173,379500
2003-01-09,3.612837553024292,3.758573562819468,3.6128375530242924,3.619889447289851,383100
2003-01-10,3.6198911666870117,3.6433972679020568,3.5493735355478475,3.605787707709776,509100
2003-01-13,3.673952579498291,3.673952579498291,3.5846303853721264,3.631642225768803,381600
2003-01-14,3.6668999195098877,3.6786532974690567,3.570526188026929,3.6551468778034497,262500
2003-01-15,3.702159881591797,3.720964821531933,3.6034357122334764,3.6669010815516923,553200
2003-01-16,3.6904094219207764,3.716265938234122,3.6339955713313743,3.6786570407609274,174600
2003-01-17,3.5681772232055664,3.6551483547135497,3.5282172687606166,3.6551483547135497,311100
2003-01-21,3.4906084537506104,3.582281083233677,3.460051471011096,3.57052803544612,185100
2003-01-22,3.4694528579711914,3.5141136250842053,3.424792090858177,3.4906078696950273,372300
2003-01-23,3.5282158851623535,3.572877309677676,3.4553482362243626,3.4788536474117433,208500
2003-01-24,3.467103958129883,3.5634770927513473,3.4647528771893916,3.5493736333853536,235500
2003-01-27,3.382481813430786,3.4200906867153944,3.358975384964156,3.4200906867153944,518100
2003-01-28,3.4929590225219727,3.521165935008479,3.401286388814367,3.40363746923429,271500
2003-01-29,3.4953081607818604,3.556422767624844,3.4435951803712115,3.502360053111579,285300
2003-01-30,3.4482972621917725,3.5564237292117706,3.4247918447445973,3.5023610000810086,265800
2003-01-31,3.5141139030456543,3.5587753461970233,3.373079023302077,3.4482977827499934,425700
2003-02-03,3.4812071323394775,3.568178289845865,3.471804490612686,3.561126728866981,234000
2003-02-04,3.5023610591888428,3.5258664770327086,3.4482973203871965,3.4671022599173837,371400
2003-02-05,3.713916540145874,3.7609277588466465,3.5540769170493216,3.5846342596427987,1077900
2003-02-06,3.5799314975738525,3.704511882465503,3.556425396600466,3.7021614741199538,986400
2003-02-07,3.5540759563446045,3.619892115489306,3.485909051961056,3.5282194399826494,595500
2003-02-10,3.5822806358337402,3.6081371359853396,3.4953095053300607,3.53761986682579,480000
2003-02-11,3.671602487564087,3.760924016851431,3.525866475956235,3.584630693053619,677700
2003-02-12,3.6763033866882324,3.7421198359055694,3.6669010848361614,3.6669010848361614,251100
2003-02-13,3.678654432296753,3.732717163063795,3.6316425872210534,3.652797598064925,312900
2003-02-14,3.8008828163146973,3.8243885632884824,3.6904056374115433,3.6904056374115433,440400
2003-02-18,3.843195915222168,3.8431959152221675,3.784431673798714,3.784431673798714,666900
2003-02-19,3.8079371452331543,3.831442570995339,3.7515233163968467,3.831442570995339,398100
2003-02-20,3.7444705963134766,3.791482446259483,3.739769108691293,3.7844305510790774,263100
2003-02-21,3.7256667613983154,3.8055870309249697,3.7256667613983154,3.7444717087149826,420300
2003-02-24,3.737419605255127,3.7797299740076515,3.6974593081650284,3.730367709003246,360000
2003-02-25,3.789132595062256,3.8384948685753346,3.7139144850118604,3.737420249481665,573600
2003-02-26,3.7961807250976562,3.8619971365481076,3.7773764684366427,3.789128834628712,388800
2003-02-27,3.833791732788086,3.8949063471870033,3.796182196134269,3.796182196134269,1169100
2003-02-28,3.9583725929260254,3.958372592926025,3.822039222462599,3.838493081805912,583800
2003-03-03,3.9090116024017334,3.995983422869284,3.8925577377547644,3.9654254290535094,512100
2003-03-04,3.829091787338257,3.948971329983323,3.817338739357036,3.937218282002102,522300
2003-03-05,3.7844302654266357,3.8925567387593603,3.765625661368771,3.819689066161555,924000
2003-03-06,3.7726786136627197,3.810287835674,3.7468221054034805,3.7609255636577106,875100
2003-03-07,3.869051694869995,3.876103253948603,3.725665734401859,3.749172164257767,494700
2003-03-10,3.7256667613983154,3.845546325055873,3.7115633031005424,3.845546325055873,345600
2003-03-11,3.7961807250976562,3.8173357239992005,3.7139107992267215,3.7139107992267215,717000
2003-03-12,3.779728889465332,3.8220392460774693,3.7256651516372536,3.7961827489103066,357000
2003-03-13,3.826742172241211,3.901959939778667,3.7679769253249615,3.7867818715887513,542400
2003-03-14,3.8808047771453857,3.937218605077396,3.791483219172641,3.8314425095784075,663600
2003-03-17,4.033590793609619,4.033590793609619,3.878452828423897,3.883154315136875,741600
2003-03-18,3.9912805557250977,4.038292397948985,3.9395682354097312,3.995982042575019,638400
2003-03-19,3.977177619934082,4.003034455952068,3.9278157003866303,3.9959825610150848,502200
2003-03-20,4.047694206237793,4.075901444981584,3.930165109605869,3.9795273570915013,569700
2003-03-21,4.122912883758545,4.132315184439788,4.0312406202428255,4.061797929330466,634500
2003-03-24,3.9842300415039062,4.075902670284767,3.94897123466422,4.075902670284767,568800
2003-03-25,3.977177619934082,3.9959825610150848,3.9560226076288476,3.965424573790062,585900
2003-03-26,3.932518243789673,4.033592862397111,3.854949389538962,3.9795294362501497,659100
2003-03-27,3.9936325550079346,4.014787909255167,3.9066614024157373,3.9113628911399654,403200
2003-03-28,4.06555700302124,4.067915043719383,3.987735925119608,4.006601262739382,1089300
2003-03-31,3.950005054473877,4.008960806944313,3.8745426763589674,4.008960806944313,785700
2003-04-01,3.9570798873901367,3.9712294852140446,3.8627518215422594,3.950005425823162,478800
2003-04-02,3.9783051013946533,4.027827696116213,3.9146332420876595,3.9617977947175187,861300
2003-04-03,3.950005054473877,4.030184864339872,3.9240652520519728,3.9900947907344007,489300
2003-04-04,3.8886914253234863,3.9971690645651035,3.8203031797378415,3.9641537935379687,569400
2003-04-07,3.921706438064575,3.9452888734007514,3.865109402885606,3.9264231950077617,652800
2003-04-08,3.8816189765930176,3.9217080536760593,3.825021918097969,3.9217080536760593,500400
2003-04-09,3.834453821182251,3.90991689132702,3.7920060339823953,3.8863341126370496,441300
2003-04-10,3.8863322734832764,3.9146307848912953,3.8462432216725477,3.8556757214636885,705000
2003-04-11,3.8438873291015625,3.9500069934822597,3.7849322223807076,3.8863351273848186,291300
2003-04-14,3.91698956489563,3.9217056461966706,3.796720720752448,3.843884569866693,286200
2003-04-15,4.058482646942139,4.067915147319812,3.914631028310896,3.9500043384429357,969000
2003-04-16,3.9617958068847656,4.181109466590816,3.8674677609894172,4.117437976576097,1221000
2003-04-17,3.985377550125122,4.032541737572832,3.867467418850727,3.9735866719356343,863100
2003-04-21,4.174034118652344,4.197615872101373,3.980660974142641,3.985377054956578,1374000
2003-04-22,4.138660430908203,4.244779998335552,4.0679141650715716,4.176391772687739,765000
2003-04-23,4.244781970977783,4.2636479879798035,4.150453572692489,4.16224445380567,689700
2003-04-24,4.280155181884766,4.339110260665083,4.17403556779726,4.232990646577577,978000
2003-04-25,4.164601802825928,4.2754374747369015,4.162243424779374,4.244780921545844,750300
2003-04-28,4.244781970977783,4.268363733204144,4.174035672263813,4.188184932006607,552900
2003-04-29,4.195258617401123,4.244781186015468,4.195258617401123,4.221199428149941,339600
2003-04-30,4.348542213439941,4.376840724250941,4.197616147758232,4.221198914790448,1637100
2003-05-01,4.221200466156006,4.3155285328483695,4.207051205550404,4.3155285328483695,499500
2003-05-02,4.296659469604492,4.3249583081049705,4.126868462670087,4.197614715559423,349200
2003-05-05,4.263647556304932,4.3108110759825635,4.244781541213008,4.3108110759825635,284400
2003-05-06,4.324961185455322,4.324961185455322,4.244782045505085,4.270722524161469,483000
2003-05-07,4.3509016036987305,4.357976064923625,4.273080506155105,4.324961125402535,428100
2003-05-08,4.275437355041504,4.3343930937611725,4.249497558669767,4.3343930937611725,435600
2003-05-09,4.294302463531494,4.301376921295209,4.211764649092961,4.291944423391855,376500
2003-05-12,4.289584636688232,4.343823594484368,4.254211344674281,4.256570058914125,471000
2003-05-13,4.296659469604492,4.3155254743863924,4.2518540154583615,4.2895850129879305,316500
2003-05-14,4.284870624542236,4.327318393028292,4.249497652809628,4.291945421295684,727500
2003-05-15,4.204690933227539,4.315526935622233,4.195258096315006,4.315526935622233,602700
2003-05-16,4.174034118652344,4.185825332721695,4.122153518905838,4.145735609699704,1381500
2003-05-19,4.162243366241455,4.190541878332846,4.14809411019576,4.1504524882091465,702000
2003-05-20,4.124514102935791,4.2070519776333875,4.070275091987821,4.15045458747918,493200
2003-05-21,4.0773491859436035,4.117439267406444,3.9853791521239086,4.091498447865481,620400
2003-05-22,4.136302947998047,4.152810243578197,4.044332958691832,4.07027275364289,444000
2003-05-23,4.119793891906738,4.152809149055171,4.091495389217877,4.129227400825882,153300
2003-05-27,4.185825347900391,4.230631151898793,4.11743711567777,4.122153533853646,267900
2003-05-28,4.207051753997803,4.232991562472211,4.159887208485596,4.197618237674313,411000
2003-05-29,4.251856803894043,4.263648022447507,4.19761746842408,4.221200242875973,1275900
2003-05-30,4.332035064697266,4.409856152864888,4.242423434138669,4.284871208408757,974400
2003-06-02,4.301377773284912,4.433437830261469,4.282511761706949,4.315527028959736,804300
2003-06-03,4.3532586097717285,4.3532586097717285,4.2329897614442,4.308452799749138,556200
2003-06-04,4.416930675506592,4.445229192085598,4.315527826437616,4.329677084727119,531000
2003-06-05,4.457020282745361,4.499468053195474,4.405139674417447,4.409855756011456,736500
2003-06-06,4.551349639892578,4.551349639892578,4.386274929310875,4.473528536231566,1132200
2003-06-09,4.445230007171631,4.548991590998841,4.445230007171631,4.532484625985062,405000
2003-06-10,4.534841060638428,4.534841060638428,4.4334382213625805,4.447587478285598,794400
2003-06-11,4.442869663238525,4.525407138026349,4.424003655924495,4.525407138026349,471900
2003-06-12,4.548990726470947,4.548990726470947,4.424005443743561,4.438154701938458,351900
2003-06-13,4.515974998474121,4.551347969083646,4.457019935009957,4.532482969489667,738600
2003-06-16,4.55842399597168,4.55842399597168,4.480602899874333,4.5183345959707415,623700
2003-06-17,4.539556980133057,4.560781030277577,4.518332929988536,4.560781030277577,301500
2003-06-18,4.527766227722168,4.539557442858765,4.51597501258557,4.530124268342567,680100
2003-06-19,4.530124664306641,4.551348381124801,4.508900610143583,4.508900610143583,948900
2003-06-20,4.593794822692871,4.657466629410955,4.548989023851641,4.548989023851641,856500
2003-06-23,4.55842399597168,4.6362447547240695,4.53719993800151,4.6079462356604814,1006200
2003-06-24,4.598513603210449,4.607946105286478,4.534841768446383,4.558423866998825,514500
2003-06-25,4.598513603210449,4.678692738288751,4.556065825816054,4.64567813766028,778200
2003-06-26,4.527766227722168,4.6103037216437475,4.527766227722168,4.59851250650715,783000
2003-06-27,4.58807373046875,4.649562638297395,4.540773711803484,4.547868494699174,309300
2003-06-30,4.554963111877441,4.618817842442777,4.536042903516559,4.588073222773514,739500
2003-07-01,4.6377387046813965,4.670848146032934,4.528949090323339,4.557328901465258,434700
2003-07-02,4.647197723388672,4.71578242258553,4.640102602848253,4.6637521024790685,1245600
2003-07-03,4.642465114593506,4.703955001061889,4.640100301129076,4.640100301129076,601800
2003-07-07,4.692132472991943,4.713417159013475,4.635372520868562,4.6826725373570435,1097100
2003-07-08,4.711052894592285,4.729973106386269,4.635373062358422,4.677942777688331,968700
2003-07-09,4.616451263427734,4.6944955283856356,4.505296561914668,4.6944955283856356,1493700
2003-07-10,4.604626655578613,4.623546860052363,4.576246856338829,4.611721774545506,622800
2003-07-11,4.609357833862305,4.621182244981989,4.5762477234946095,4.588073149556166,246000
2003-07-14,4.604626655578613,4.62118136931154,4.564421770831973,4.62118136931154,645600
2003-07-15,4.659025192260742,4.666119978112599,4.576250209685369,4.618820278053079,912600
2003-07-16,4.654293537139893,4.668483443051652,4.635373324276836,4.6661186278900475,334800
2003-07-17,4.58098030090332,4.6164552434238,4.564424899195871,4.611724935327886,500400
2003-07-18,4.630645275115967,4.630645275115967,4.552600602497359,4.595170331658199,688200
2003-07-21,4.524218559265137,4.625912693117637,4.517123438735398,4.625912693117637,783900
2003-07-22,4.512392997741699,4.583342504025671,4.4721877700432175,4.517122964827298,752700
2003-07-23,4.510030269622803,4.526584992923377,4.379955607127525,4.512395085102561,872400
2003-07-24,4.484014987945557,4.61881927293707,4.484014987945557,4.536044308374621,571800
2003-07-25,4.510030269622803,4.514759900582319,4.3846855764011305,4.436715238410788,513000
2003-07-28,4.540772914886475,4.54550322040542,4.488743275631414,4.493472904522479,615300
2003-07-29,4.517124176025391,4.564423521250038,4.4745544608405865,4.559694229524217,459300
2003-07-30,4.486379146575928,4.5360439864631825,4.4461749205987084,4.521854080540259,691800
2003-07-31,4.517124176025391,4.552599107836405,4.469824492486719,4.49110918092211,365700
2003-08-01,4.52658224105835,4.536041835540659,4.389413215513566,4.505297223109976,950700
2003-08-04,4.507664680480957,4.571519433457107,4.465094957934883,4.512394987966824,747000
2003-08-05,4.493474960327148,4.552600084910897,4.491110144799692,4.507664868434174,888000
2003-08-06,4.495838642120361,4.552598251692779,4.491108336342034,4.4934731509172385,577200
2003-08-07,4.488743305206299,4.540772944804165,4.474553403497789,4.500567715825809,468900
2003-08-08,4.498203277587891,4.550232579310299,4.486377851926891,4.493472971997912,276300
2003-08-11,4.53367805480957,4.588073188256179,4.493473162105357,4.502933435371608,850800
2003-08-12,4.599898815155029,4.606993599087304,4.517124531603556,4.540774375234555,423600
2003-08-13,4.623546600341797,4.656656025947853,4.61645182008732,4.6353710085566755,639600
2003-08-14,4.58807373046875,4.656657759507085,4.562058398804554,4.633008257645453,386400
2003-08-15,4.592803001403809,4.611723211773979,4.590438186553786,4.599898122581872,172800
2003-08-18,4.694499969482422,4.7039599098395835,4.606995013707449,4.614090138132396,513000
2003-08-19,4.70632266998291,4.70632266998291,4.656657835645045,4.689767950746292,278400
2003-08-20,4.8482208251953125,4.87187099973908,4.675577189874565,4.68503678605255,1068300
2003-08-21,4.907347679138184,4.952282214895899,4.843492929312826,4.843492929312826,533100
2003-08-22,4.711052894592285,4.904981597761872,4.670847994290359,4.8978868143639,700200
2003-08-25,4.822206497192383,4.822206497192383,4.722877185348886,4.75362146487715,540900
2003-08-26,4.779637813568115,4.82220752774143,4.659023454253385,4.82220752774143,449700
2003-08-27,4.770176887512207,4.796192218604644,4.718147578583304,4.76544759620902,195600
2003-08-28,4.803286552429199,4.826936051560786,4.720511952212802,4.777271562082117,287400
2003-08-29,4.753622055053711,4.8245719106359335,4.753622055053711,4.782001861961006,252300
2003-09-02,4.907347679138184,4.966472121711082,4.753623181169266,4.76544861098635,687900
2003-09-03,4.888427734375,4.966472395315037,4.871873011335649,4.91917236501126,303000
2003-09-04,4.836397647857666,4.954646520846919,4.81274712896895,4.871872242091636,341100
2003-09-05,4.796192646026611,4.966471506723545,4.791462339359896,4.8198421494760515,507600
2003-09-08,4.808016777038574,4.895521004952423,4.789096569087683,4.796191689358512,303600
2003-09-09,4.699227809906006,4.810382574199435,4.682673089749045,4.810382574199435,162900
2003-09-10,4.649562358856201,4.718147398714538,4.649562358856201,4.687402777490984,344100
2003-09-11,4.687403202056885,4.708687889706614,4.644833488443417,4.647198303376048,197400
2003-09-12,4.708685398101807,4.729970412802562,4.635370422646721,4.656655437347477,336300
2003-09-15,4.713418006896973,4.7512584328715475,4.694498470537776,4.694498470537776,258600
2003-09-16,4.760717868804932,4.765448175625241,4.685038034390503,4.687403526114691,265500
2003-09-17,4.791461944580078,4.8174769375334625,4.715782795486403,4.741797111811797,243000
2003-09-18,4.80092191696167,4.829301722955164,4.755986716667678,4.7796372316235365,240600
2003-09-19,4.8293023109436035,4.874236840080622,4.774907507009618,4.777272321973348,418800
2003-09-22,4.73233699798584,4.817476412032271,4.708687160750721,4.812746106271288,400200
2003-09-23,4.729973316192627,4.741797730171059,4.706323134979607,4.737068438219341,411000
2003-09-24,4.689769744873047,4.774909203468488,4.689769744873047,4.692134560676964,321000
2003-09-25,4.550234794616699,4.753623824821077,4.550234794616699,4.659024771558319,370800
2003-09-26,4.502933025360107,4.604627147680558,4.493472752955256,4.5407727617237965,301500
2003-09-29,4.580020427703857,4.589507433510062,4.4424532451591965,4.515980678628853,420000
2003-09-30,4.6013665199279785,4.696239619186571,4.475658704904285,4.580019826606515,554700
2003-10-01,4.684380054473877,4.802972186509733,4.601366308495939,4.6250843277501135,1167300
2003-10-02,4.6369452476501465,4.719959361047103,4.629829907322078,4.684381641523922,643500
2003-10-03,4.7460479736328125,4.765022999156498,4.68437990409268,4.68437990409268,705300
2003-10-06,4.743676662445068,4.755535333284617,4.703355281543203,4.731817313017163,505200
2003-10-07,4.753162384033203,4.760278059628166,4.71521335827172,4.746047047732327,328800
2003-10-08,4.717585563659668,4.753162927822476,4.717585563659668,4.743675924767303,342000
2003-10-09,4.798226833343506,4.802970843020341,4.731815787278854,4.738931123205968,559500
2003-10-10,4.672519207000732,4.765020931885553,4.665403533104667,4.765020931885553,752700
2003-10-13,4.814831733703613,4.814831733703613,4.6843802473745715,4.6843802473745715,329700
2003-10-14,4.767393112182617,4.81008648462319,4.684378711417379,4.791111463930676,655800
2003-10-15,4.750792980194092,4.779255015503694,4.677265207408724,4.779255015503694,585600
2003-10-16,4.826688289642334,4.945280374598942,4.736559241526833,4.75316157697855,456000
2003-10-17,4.7365617752075195,4.8741279344689445,4.73418943008421,4.86226858391187,324300
2003-10-20,4.760278701782227,4.7958560666741095,4.743676021977783,4.76739403904295,381900
2003-10-21,4.793485641479492,4.807716657971468,4.755535585579165,4.755535585579165,329100
2003-10-22,4.710469722747803,4.8314335031240345,4.708098056890367,4.783996453740048,714600
2003-10-23,4.715213775634766,4.7816248310662415,4.708098099409964,4.708098099409964,552600
2003-10-24,4.710469722747803,4.738931748801726,4.696238709720841,4.7009827200239425,679800
2003-10-27,4.760278701782227,4.79111239540225,4.710469983780631,4.743676021977783,402600
2003-10-28,4.883613586425781,4.883613586425781,4.746047135553795,4.786368506318492,933000
2003-10-29,4.802972316741943,4.8907300761032575,4.802972316741943,4.8907300761032575,394500
2003-10-30,4.786369323730469,4.881242754327343,4.7768816413766295,4.8266900227929135,490800
2003-10-31,4.791113376617432,4.897846171740115,4.791113376617432,4.800601060398352,446700
2003-11-03,4.942908763885498,4.95951109838082,4.793483003311455,4.793483003311455,548100
2003-11-04,4.921562194824219,4.945280203843748,4.805341779146812,4.933420860039965,588600
2003-11-05,4.8575215339660645,4.907330225322448,4.829059521560689,4.897842548560037,479700
2003-11-06,4.802972316741943,4.885986743559139,4.802972316741943,4.885986743559139,621900
2003-11-07,4.817203044891357,4.871755437424532,4.814831378760777,4.838549736537342,311700
2003-11-10,4.776880741119385,4.862266812564601,4.776880741119385,4.8290614574077715,274500
2003-11-11,4.836174964904785,4.8504059704324245,4.746044923935802,4.791109605126358,285600
2003-11-12,4.885984897613525,4.885984897613525,4.817201512297856,4.821945521638016,323400
2003-11-13,4.852778434753418,4.89547145837193,4.814829080425851,4.857522104044364,321300
2003-11-14,4.762649059295654,4.945280522733726,4.762649059295654,4.874125473204745,360600
2003-11-17,4.738931179046631,4.769764867250899,4.689122809087713,4.769764867250899,456600
2003-11-18,4.684380054473877,4.769766145247895,4.6250843277501135,4.746048125993721,535500
2003-11-19,4.717585563659668,4.791112297219673,4.639314819630887,4.700982884195457,298200
2003-11-20,4.738931179046631,4.798226889882874,4.696238145098669,4.727071833302938,345900
2003-11-21,4.836174964904785,4.836174964904785,4.746044923935802,4.779250942794229,280200
2003-11-24,4.907332897186279,4.928679587759781,4.8480364967827585,4.857524178710865,293700
2003-11-25,4.942908763885498,4.980857781017402,4.9097027377188125,4.933420746191,197400
2003-11-26,4.9666266441345215,4.978485987358453,4.907330945896869,4.973741978633679,288600
2003-11-28,4.9310479164123535,5.035408961228915,4.9310479164123535,5.0164342874975265,96300
2003-12-01,5.040154457092285,5.087591501107511,4.990345747488039,4.990345747488039,407700
2003-12-02,5.047269821166992,5.120797562128061,5.0354111538619994,5.087591529344879,459600
2003-12-03,4.9405388832092285,5.078105708129328,4.93816721689725,5.047271331720181,399600
2003-12-04,4.850409507751465,4.893102555469678,4.779254428221111,4.838550158182648,767700
2003-12-05,4.831433296203613,4.878870343555968,4.786368593195321,4.807715281468585,295200
2003-12-08,4.923935890197754,4.933422894140744,4.767394387490663,4.840921127931477,261600
2003-12-09,4.805342674255371,4.933421779006282,4.798226998788835,4.923934777207703,367800
2003-12-10,4.672519207000732,4.798225939793168,4.672519207000732,4.798225939793168,255300
2003-12-11,4.821946144104004,4.831433146126865,4.6820073507378615,4.6820073507378615,483900
2003-12-12,4.871754169464111,4.900216191388243,4.781624094076963,4.826688792476472,543300
2003-12-15,4.791113376617432,4.914449533533176,4.791113376617432,4.885987160778819,570900
2003-12-16,4.859895706176758,4.885986067323463,4.767393948485509,4.802971651995721,415800
2003-12-17,4.883613586425781,4.895472932872137,4.829061542796006,4.840920210654175,290100
2003-12-18,4.855151653289795,4.914448390779052,4.81008728639798,4.862267329647331,486000
2003-12-19,4.902586936950684,4.904958602018962,4.791110535685571,4.855149903351103,335700
2003-12-22,4.928680896759033,4.928680896759033,4.814832415620442,4.8931031827855564,371100
2003-12-23,4.978487491607666,4.978487491607666,4.862267046496756,4.8859857401112174,322200
2003-12-24,4.907332897186279,4.945281928428026,4.881242535295792,4.938166591099616,124800
2003-12-26,4.954768180847168,4.966627526177247,4.9097034828986175,4.9097034828986175,99600
2003-12-29,4.897844314575195,4.978487051428386,4.885985308110597,4.933421673263063,662100
2003-12-30,4.94183874130249,4.951351074130961,4.89903137247425,4.90616604734563,576300
2003-12-31,4.846712589263916,4.963243374424956,4.846712589263916,4.941840024652606,362100
2004-01-02,4.939462661743164,5.132094562027317,4.894277611182808,4.894277611182808,733200
2004-01-05,5.0012946128845215,5.0417236581913,4.939461875309414,4.939461875309414,373800
2004-01-06,4.994156837463379,5.051232861173828,4.953727817235176,4.9751311560266265,450000
2004-01-07,5.089284896850586,5.089284896850586,4.948973138021177,4.951351136208103,593700
2004-01-08,5.222463607788086,5.229597943842122,5.0869078207605165,5.0869078207605165,625200
2004-01-09,5.160633563995361,5.201062623321419,5.113070505106302,5.184415603740288,523200
2004-01-12,5.077394962310791,5.143983684007967,5.0678819475825465,5.132092670747719,348900
2004-01-13,5.086908340454102,5.139227717395705,5.053613634800153,5.077395664610152,376200
2004-01-14,5.2557597160339355,5.338995478719393,5.12971656200142,5.1320945614094775,588300
2004-01-15,5.113067626953125,5.2676484168795445,5.113067626953125,5.2676484168795445,552300
2004-01-16,5.070262908935547,5.124960301794884,5.065506229330128,5.113069963582253,667800
2004-01-20,5.008429050445557,5.05123609563909,4.946596311632521,5.0464794170840985,1141800
2004-01-21,5.017940521240234,5.017940521240234,4.951352135960761,4.9703778262978755,616500
2004-01-22,4.953731536865234,5.0417243164569365,4.9347065215429575,5.022698620734277,469200
2004-01-23,5.0012946128845215,5.0012946128845215,4.934705877249948,4.9775129215864595,420900
2004-01-26,5.084531307220459,5.084531307220459,4.92994978509878,4.982269512176791,471000
2004-01-27,4.9822678565979,5.067881927003765,4.9537298331292785,5.065503928481418,500400
2004-01-28,4.894277572631836,5.04648007977326,4.889520893452211,4.9703793365028455,431700
2004-01-29,4.839577674865723,4.958486452961751,4.780123626017803,4.920436093035146,709200
2004-01-30,4.951353549957275,4.963244567288771,4.827688738750725,4.827688738750725,593700
2004-02-02,4.998918056488037,5.041725113178199,4.910925262991227,4.994161376655552,390300
2004-02-03,4.989404678344727,5.117826188139844,4.989404678344727,5.036968414691221,481500
2004-02-04,4.929948329925537,5.274782963073112,4.929948329925537,5.136849177854099,1066800
2004-02-05,5.215330600738525,5.291432364272394,4.987025990537314,4.987025990537314,1491900
2004-02-06,5.208197593688965,5.229600954372458,5.208197593688965,5.215331933850035,540600
2004-02-09,5.279539585113525,5.296186595812937,5.210572182929951,5.231975871200719,510900
2004-02-10,5.353263854980469,5.355642534504201,5.270028102258366,5.315213147404614,630900
2004-02-11,5.486442565917969,5.500711583584587,5.284298319074322,5.3389957098293666,481800
2004-02-12,5.541139125823975,5.560164137323841,5.4864410695864425,5.4864410695864425,494100
2004-02-13,5.600592613220215,5.660046661168141,5.517356537853011,5.517356537853011,900600
2004-02-17,5.510224342346191,5.643402190931755,5.510224342346191,5.588704115601948,642600
2004-02-18,5.48168420791626,5.517356911259362,5.44601184477327,5.493575222430665,472200
2004-02-19,5.51260232925415,5.553030700344216,5.48406429533154,5.48406429533154,511500
2004-02-20,5.374665260314941,5.536381389312796,5.348505918635945,5.514977703957189,795900
2004-02-23,5.386557102203369,5.465036495176349,5.365153414901604,5.434120473762771,728700
2004-02-24,5.469796180725098,5.5506539568449735,5.369913045518192,5.393694404176723,780000
2004-02-25,5.5577874183654785,5.562544097586016,5.460282298348494,5.481685653839905,865200
2004-02-26,5.588702201843262,5.591080881121681,5.503088118626969,5.54113916247878,624000
2004-02-27,5.600592613220215,5.614861625551727,5.431742463863933,5.431742463863933,589200
2004-03-01,5.671938419342041,5.743283830564062,5.595836670051896,5.595836670051896,1226400
2004-03-02,5.59583854675293,5.7123697190039175,5.562544849510463,5.676697001429192,1275000
2004-03-03,5.629131317138672,5.648157009409902,5.56016424578087,5.633887995356576,539100
2004-03-04,5.5340070724487305,5.61962119042432,5.503090352879372,5.617242510180159,712200
2004-03-05,5.650534629821777,5.6671816416688365,5.529247848392758,5.538760183591001,403200
2004-03-08,5.671938419342041,5.724257797891291,5.650535068135542,5.657669405137664,621900
2004-03-09,5.709989547729492,5.736149579146064,5.6457788089434775,5.68620785562359,630900
2004-03-10,5.531628608703613,5.709991531567062,5.510224908271877,5.664806470967162,327900
2004-03-11,5.48168420791626,5.674316057528761,5.472171872584894,5.534004603739617,508200
2004-03-12,5.545894145965576,5.545894145965576,5.429364057444138,5.474549089666717,444600
2004-03-15,5.34613037109375,5.531627952151039,5.331861352566285,5.52924995249658,412200
2004-03-16,5.358021259307861,5.422231666938573,5.30332284945908,5.346129901279623,353700
2004-03-17,5.450768947601318,5.486441655951392,5.39369288640133,5.400827564151409,407100
2004-03-18,5.436501502990723,5.4864432410697335,5.3818034251041995,5.457905202224658,397200
2004-03-19,5.386557102203369,5.4911968598341225,5.36753141337954,5.460280158020409,329700
2004-03-22,5.317591190338135,5.446012669664835,5.317591190338135,5.400827624146321,415200
2004-03-23,5.253381729125977,5.671939930863186,5.251003729558265,5.671939930863186,588000
2004-03-24,5.260514736175537,5.3247254710500584,5.2367333857184715,5.2842971072330185,447900
2004-03-25,5.443634986877441,5.457904003165186,5.281919128749485,5.289053466793266,435000
2004-03-26,5.467418193817139,5.486443895516916,5.377048066894911,5.407964109231416,409500
2004-03-29,5.636266708374023,5.636266708374023,5.48644187173141,5.48644187173141,890700
2004-03-30,5.802003383636475,5.802003383636475,5.6112262863632045,5.623150345325422,802200
2004-03-31,5.754311561584473,5.802005770237421,5.747157259718586,5.802005770237421,640200
2004-04-01,5.77100133895874,5.794848770510908,5.713768663094883,5.7900790112919225,413400
2004-04-02,5.890235900878906,5.973701562396004,5.768615580523204,5.771000801046062,857700
2004-04-05,5.94508695602417,5.9474708127660385,5.847313351487756,5.895007543113494,529500
2004-04-06,6.004705429077148,6.042860788122539,5.897392970058262,5.909317031463674,432900
2004-04-07,5.9474711418151855,5.99755055749655,5.852083435557834,5.990396257788987,377400
2004-04-08,5.87831449508667,5.992780543447783,5.806772873725242,5.985626244857348,341100
2004-04-12,5.8115434646606445,5.923625003436025,5.797235546025299,5.883085104652298,529200
2004-04-13,5.682769298553467,5.8139288621255085,5.682769298553467,5.811543640387792,588300
2004-04-14,5.687537670135498,5.732847322996083,5.606457885063278,5.608842424089746,377700
2004-04-15,5.71138334274292,5.747153807175954,5.666074042309653,5.69707508874257,447600
2004-04-16,5.670845985412598,5.747156020531766,5.6541525042796374,5.747156020531766,415200
2004-04-19,5.704233646392822,5.7471584430183915,5.620769275769265,5.699464906817455,197400
2004-04-20,5.825852870941162,5.916472203155039,5.720925618113994,5.723310157837586,658200
2004-04-21,6.271793365478516,6.491185988651255,6.04762961694318,6.1048626531460535,2924100
2004-04-22,6.517418384552002,6.529342446227705,6.281331924539219,6.281331924539219,1931400
2004-04-23,6.639037609100342,6.693886099991177,6.550803525235649,6.553188064247024,2016900
2004-04-26,6.476876258850098,6.729655772500967,6.472107181636464,6.588957760627505,873300
2004-04-27,6.608037948608398,6.634269247808122,6.495956404180146,6.495956404180146,651600
2004-04-28,6.579421043395996,6.63665408202492,6.493571485452611,6.5961141835640085,736200
2004-04-29,6.588960647583008,6.629501233018856,6.510265380906349,6.605653107415951,1015200
2004-04-30,6.410104751586914,6.586573581273475,6.367179642965848,6.586573581273475,913500
2004-05-03,6.386259078979492,6.42918351258351,6.338564202552585,6.407721295781501,1286100
2004-05-04,6.3791069984436035,6.4434943535201885,6.336181867635277,6.371952696263581,1039200
2004-05-05,6.386259078979492,6.433952590863258,6.348103041383652,6.386259078979492,761100
2004-05-06,6.386259078979492,6.407721295781501,6.24794489252166,6.388643618119366,771000
2004-05-07,6.035707950592041,6.4888025567181025,6.030938188958685,6.367182163464076,1043400
2004-05-10,6.116786003112793,6.219328002687582,6.009473561001481,6.038090075776858,788100
2004-05-11,6.25986909866333,6.274177698379208,6.152557329880594,6.1644807081294335,485400
2004-05-12,6.319486141204834,6.331410200723381,6.0213976164002245,6.247944513179672,785400
2004-05-13,6.264639854431152,6.371951640259806,6.224099270310897,6.259870093011013,621600
2004-05-14,6.197867393493652,6.276562658953744,6.1287109687642305,6.262254738993594,615000
2004-05-17,6.038090229034424,6.1978659444868915,6.014243473918768,6.1978659444868915,677400
2004-05-18,6.140635967254639,6.143021189769626,6.0261698483231605,6.047632075054841,649200
2004-05-19,6.083402156829834,6.281333300283421,6.081017616881089,6.166867195482089,711000
2004-05-20,6.1287102699279785,6.154942249514099,6.078631532370204,6.104862829684697,481800
2004-05-21,6.200250148773193,6.2121735243752,6.100092019810602,6.176402715297744,430200
2004-05-24,6.29086971282959,6.298024012184648,6.205020167383504,6.207405388682883,560700
2004-05-25,6.453030109405518,6.457799187063441,6.188326513517853,6.247944077870773,655500
2004-05-26,6.305177211761475,6.438721622550749,6.264638004157943,6.438721622550749,675600
2004-05-27,6.410104751586914,6.44826010046277,6.331409515098325,6.343332891054166,606600
2004-05-28,6.283714771270752,6.412489417414715,6.283714771270752,6.412489417414715,588600
2004-06-01,6.271793365478516,6.343334319596303,6.200251729089119,6.286101283393429,926700
2004-06-02,6.343336582183838,6.355259965077787,6.26225607750691,6.3147200538752495,500100
2004-06-03,6.212175369262695,6.312332845698549,6.202636529493965,6.295640387806999,1101300
2004-06-04,6.150174140930176,6.27179453613004,6.133480316082201,6.27179453613004,776700
2004-06-07,6.188326358795166,6.193096118605315,6.128708795932824,6.188326358795166,731400
2004-06-08,6.152559280395508,6.197868268559499,6.121558214211777,6.131096374017414,582000
2004-06-09,6.150174140930176,6.185944283529882,6.092941094044561,6.092941094044561,546000
2004-06-10,6.0571699142456055,6.17402054088879,6.02378363104944,6.114402957777577,996000
2004-06-14,5.961779594421387,6.061937741046147,5.947470995358612,6.04524460289676,948900
2004-06-15,6.021397113800049,6.092938735853702,5.96893316665784,5.980856542909625,530100
2004-06-16,6.088169097900391,6.114401071996768,5.937932234396535,6.026166312060909,557700
2004-06-17,6.002321243286133,6.10009418603159,5.959396120695641,6.090555345708333,700800
2004-06-18,5.973703861236572,6.021398055977972,5.926008984223594,6.016628295368042,992400
2004-06-21,6.078629970550537,6.121555079050782,5.985626137359552,6.021396947397847,465300
2004-06-22,6.10486364364624,6.138249927983903,5.988013013007861,6.042861518835895,556200
2004-06-23,6.109631061553955,6.152556170340128,6.019011766489511,6.0810145497869925,352500
2004-06-24,6.13347864151001,6.188327133701834,6.0857851310650934,6.109631886287551,534600
2004-06-25,6.152559280395508,6.212176872811562,6.104864387736502,6.116788452037154,1283400
2004-06-28,6.267022609710693,6.4101051775021824,6.176403308973668,6.176403308973668,744300
2004-06-29,6.241921424865723,6.387749920493216,6.2156250885069495,6.268218445187778,742200
2004-06-30,6.275392532348633,6.3327674950701685,6.20367348696496,6.253877092318933,378900
2004-07-01,6.3351545333862305,6.3351545333862305,6.21562376744894,6.299295030019788,497100
2004-07-02,6.320812702178955,6.41643830642179,6.296906814090781,6.371016298298204,321000
2004-07-06,6.227579593658447,6.318423619763466,6.227579593658447,6.296907497393253,431700
2004-07-07,6.263437271118164,6.330375394159173,6.2156254985974355,6.2156254985974355,562800
2004-07-08,6.0219855308532715,6.244314003174167,6.0219855308532715,6.239532414754848,909000
2004-07-09,5.993295192718506,6.115217089696984,5.952654788380052,6.072186234271118,625500
2004-07-12,6.155860900878906,6.182157929283364,5.976563974795409,6.014814633178663,860100
2004-07-13,6.155860900878906,6.167814530857702,6.0602359648295065,6.155860900878906,423000
2004-07-14,5.493655204772949,5.998076683786093,5.47692101957343,5.988514878497666,5297700
2004-07-15,5.510391712188721,5.701641919800081,5.510391712188721,5.570157808170582,1569300
2004-07-16,5.500828266143799,5.591672272917401,5.450625017241633,5.582109097923359,963900
2004-07-19,5.51995325088501,5.5462495866306485,5.450624682201233,5.536687096187707,716400
2004-07-20,5.610795497894287,5.641874100772549,5.536686377571065,5.546248866772873,769800
2004-07-21,5.522344589233398,5.596453735664509,5.503219604092246,5.59406362549443,906600
2004-07-22,5.369342803955078,5.507998546243547,5.288060967143993,5.498436399654767,792600
2004-07-23,5.407593727111816,5.474531163330577,5.302405985357828,5.343046742624328,533100
2004-07-26,5.412376880645752,5.462579801345555,5.378907810870219,5.395642003776237,765600
2004-07-27,5.3908586502075195,5.441061890084946,5.3143583937320145,5.402811248874803,974700
2004-07-28,5.347827911376953,5.390859117005881,5.261765500119096,5.354999949972585,686700
2004-07-29,5.570157051086426,5.601234979036325,5.343047353546921,5.378906869469392,1226100
2004-07-30,5.58928108215332,5.6299218396245925,5.517562400129002,5.57015644226182,618300
2004-08-02,5.527126312255859,5.570157529872586,5.462579314839911,5.565376283470727,872100
2004-08-03,5.517562389373779,5.555812695027174,5.462578237586474,5.510390350194502,569100
2004-08-04,5.414766311645508,5.474531714726734,5.374125208303974,5.474531714726734,521400
2004-08-05,5.26176643371582,5.398032113375896,5.237859520161359,5.398032113375896,848100
2004-08-06,5.221124649047852,5.261765402377717,5.1159369174827924,5.261765402377717,1006800
2004-08-09,5.163749694824219,5.218734528566523,5.120718487265208,5.20439079271352,520800
2004-08-10,5.366954326629639,5.3908609018759375,5.16136106253613,5.16136106253613,708300
2004-08-11,5.40281343460083,5.4291108038191895,5.264157625468544,5.3669542561656565,620400
2004-08-12,5.295234203338623,5.3836877556114855,5.285671712603445,5.355000283405952,523800
2004-08-13,5.355000019073486,5.3645621673550155,5.271327716298429,5.290453038806369,891300
2004-08-16,5.570157051086426,5.570157051086426,5.366953583501338,5.366953583501338,665400
2004-08-17,5.5725483894348145,5.641876638320501,5.546251361311426,5.606017458676123,560400
2004-08-18,5.653830528259277,5.6633933653405135,5.486486864019152,5.548643424147285,1094700
2004-08-19,5.7088117599487305,5.7255459457492615,5.61796776681418,5.641874332783401,345300
2004-08-20,5.840297222137451,5.868984696125695,5.670563172031175,5.701640755879274,479100
2004-08-23,5.668170928955078,5.842686532616288,5.65382719476299,5.840296081241739,490200
2004-08-24,5.72315788269043,5.78531409099684,5.696860854339152,5.696860854339152,331800
2004-08-25,5.773360252380371,5.785313196523442,5.653828759059497,5.73750073598777,331500
2004-08-26,5.804437160491943,5.828343728539417,5.749453353512963,5.773359237597169,345900
2004-08-27,5.818781852722168,5.880938396346404,5.735110555791331,5.773360526032886,634800
2004-08-30,5.713594913482666,5.818781643908781,5.687297546912743,5.818781643908781,258600
2004-08-31,5.766186237335205,5.7757487261670954,5.689685984698504,5.696858022313211,308700
2004-09-01,5.828345775604248,5.840298721844533,5.73511129021031,5.737501742665666,270900
2004-09-02,5.914403915405273,5.916794366120956,5.773357063734868,5.833122435404986,260700
2004-09-03,5.902453899383545,5.959829539348595,5.840298039030166,5.916797980365664,201600
2004-09-07,5.9167985916137695,5.9765640059654705,5.876157480608196,5.902454509149804,348000
2004-09-08,5.978952407836914,6.0076398756809395,5.916795885526599,5.928749510100665,726600
2004-09-09,5.952655792236328,6.019593221713986,5.928749909404494,6.002858693353764,316200
2004-09-10,6.12000036239624,6.12000036239624,5.9072350860154685,5.940703466092235,215700
2004-09-13,6.129561424255371,6.15346730407016,6.079358529473797,6.131951875444221,517200
2004-09-14,6.098484992980957,6.160641533750326,6.084140912817492,6.129563605347335,261000
2004-09-15,6.12477970123291,6.1367333248366895,6.074576807571673,6.074576807571673,485700
2004-09-16,6.033937931060791,6.160641463187743,6.021984987037069,6.10087605910575,320100
2004-09-17,5.9574360847473145,6.093701365585411,5.916794998422534,6.093701365585411,863400
2004-09-20,6.0100321769714355,6.01481376506553,5.892891818208567,5.95982926378212,394200
2004-09-21,6.084139823913574,6.186937450772381,5.986125152167801,5.998077410225897,754500
2004-09-22,5.933530807495117,6.067406365735274,5.931141039694309,6.067406365735274,369600
2004-09-23,5.9574360847473145,6.09131023065119,5.9215765843278945,5.935919974117813,322500
2004-09-24,5.950264930725098,6.021983258241866,5.868983429978699,5.943092892784466,246600
2004-09-27,5.802046775817871,5.945484133867831,5.802046775817871,5.892890777897816,246300
2004-09-28,6.002859592437744,6.038719106019618,5.802047273927915,5.802047273927915,378600
2004-09-29,6.102329730987549,6.102329730987549,5.9968693021983865,6.004059957414122,528600
2004-09-30,6.040011405944824,6.066377368324548,5.963312918071348,6.051996058978984,694800
2004-10-01,6.318042755126953,6.387550573419567,6.051994760943331,6.051994760943331,822900
2004-10-04,6.375568389892578,6.437885572464762,6.27010796222236,6.27010796222236,556800
2004-10-05,6.320440769195557,6.449869810405793,6.318044112883145,6.3635840115118265,549000
2004-10-06,6.92683744430542,7.130568280073672,6.651202132066008,6.699138678292931,6309600
2004-10-07,6.967582702636719,7.046678511011843,6.842948379535426,6.929234154885973,2766600
2004-10-08,6.941214561462402,7.161723248534549,6.9364212521285395,6.938817906795471,1697100
2004-10-11,6.902867794036865,7.041883400586454,6.900471138757318,6.974772252591206,1219200
2004-10-12,6.9843597412109375,7.020312314292888,6.871709397019544,6.9028679736793634,1203000
2004-10-13,6.946011543273926,7.104202476860206,6.910058964858171,7.032297320028698,1014900
2004-10-14,7.005930423736572,7.094613521339718,6.92923265905365,6.938819279618057,835800
2004-10-15,7.1928863525390625,7.262394867619726,7.005933455856436,7.005933455856436,1253100
2004-10-18,7.178503513336182,7.315123172449521,7.171313546334207,7.192884818816907,1111800
2004-10-19,7.128170013427734,7.224043779178377,7.101805430728125,7.178503208999593,767400
2004-10-20,7.156930446624756,7.161724442495949,7.087422649529089,7.10180395140445,805500
2004-10-21,7.257597923278809,7.336693030963986,7.130566282793789,7.171312164239091,1222800
2004-10-22,7.159330368041992,7.322314628861259,7.070647241233544,7.293552700481388,930600
2004-10-25,7.310330867767334,7.348680106678879,7.087425402290116,7.111394019479073,907800
2004-10-26,7.180902004241943,7.298346379601709,7.106600180753726,7.298346379601709,844200
2004-10-27,7.28875732421875,7.298343945225015,7.1617249955499656,7.204868218769506,603300
2004-10-28,7.370249271392822,7.394217195979208,7.231233663019893,7.295947470846108,636000
2004-10-29,7.295948505401611,7.3798376248259,7.27437723306743,7.334297738768328,369000
2004-11-01,7.434967994689941,7.480507214458869,7.274380339945451,7.303142277254673,555900
2004-11-02,7.382235527038574,7.550013092894715,7.3630602231600975,7.406203456844407,681300
2004-11-03,7.506869792938232,7.564394332588953,7.413394044634582,7.430171321055178,561000
2004-11-04,7.667455673217773,7.667455673217773,7.346281236984173,7.422979005956999,714000
2004-11-05,7.6099348068237305,7.732173188235748,7.322315489229892,7.684237321041986,1157400
2004-11-08,6.993948936462402,7.552409499961559,6.9651870101997195,7.550012844207606,2798100
2004-11-09,7.075440406799316,7.075440406799316,6.8165823960823175,6.993948628841906,2273100
2004-11-10,6.936425685882568,7.190489757903478,6.876504480741013,7.0754420314951885,1558500
2004-11-11,7.073044776916504,7.073044776916504,6.9004732019036314,6.9124564818842,1323300
2004-11-12,7.44934606552124,7.497283297000588,7.106599592039151,7.106599592039151,1752600
2004-11-15,7.518855094909668,7.535632372783852,7.399013379340058,7.449346584439589,1045800
2004-11-16,7.370249271392822,7.578773369690502,7.36066196441061,7.578773369690502,597900
2004-11-17,7.41818904876709,7.573982683890287,7.231236823766969,7.231236823766969,837300
2004-11-18,7.312730312347412,7.418190759569671,7.286365029107161,7.418190759569671,729000
2004-11-19,7.166520118713379,7.32231370637575,7.142551505213888,7.312726398123629,650100
2004-11-22,7.2336297035217285,7.2336297035217285,7.0970100763332296,7.118581343775224,864300
2004-11-23,7.188093185424805,7.250410361752503,7.161727909714525,7.221648429815438,1186500
2004-11-24,7.319915294647217,7.329501914861061,7.207263592537774,7.207263592537774,580500
2004-11-26,7.363062381744385,7.3678563805540405,7.3223164776861775,7.3223164776861775,171300
2004-11-29,7.33909273147583,7.430171830208953,7.2815688736217075,7.367854660402892,536400
2004-11-30,7.178503513336182,7.346282439078297,7.142551621111144,7.327107136524533,1000800
2004-12-01,7.430171012878418,7.454139627216955,7.214456226785186,7.214456226785186,1034100
2004-12-02,7.502076625823975,7.559600480844323,7.3918222274990875,7.406203534123396,694500
2004-12-03,7.403807163238525,7.490092949090192,7.3990131655997535,7.478108297862497,435600
2004-12-06,7.231234550476074,7.396615444781095,7.147344746913452,7.394218103437613,1553400
2004-12-07,7.195286750793457,7.396620355805118,7.190492750661862,7.231239351694532,885600
2004-12-08,7.190492630004883,7.22644523030267,7.142556058187438,7.190492630004883,769800
2004-12-09,7.0874247550964355,7.214456425956312,7.029900901981954,7.178503846325156,825600
2004-12-10,7.190492630004883,7.22644523030267,7.046682914552548,7.087428829162673,810000
2004-12-13,7.298348426818848,7.35587230260893,7.221649925765406,7.274380488108992,1399500
2004-12-14,7.444552421569824,7.444552421569825,7.295948793535898,7.310330099485561,953700
2004-12-15,7.722585201263428,7.76333178199099,7.509267045094315,7.576378899060069,2014200
2004-12-16,7.636296272277832,7.7872965101083915,7.540423214248621,7.7872965101083915,849000
2004-12-17,7.550010681152344,7.665058353242265,7.530836069137357,7.636296435219784,688500
2004-12-20,7.410999298095703,7.585967560720847,7.372649366535772,7.552411627757884,438000
2004-12-21,7.502076625823975,7.5020766258239755,7.382235604067472,7.458933391689493,601800
2004-12-22,7.470918655395508,7.533236512982875,7.463728001493408,7.499680585265408,709800
2004-12-23,7.466126918792725,7.542825421675252,7.466126918792725,7.478110888433442,255300
2004-12-27,7.363062381744385,7.550015306286856,7.353475755602347,7.526047369454488,483600
2004-12-28,7.569188117980957,7.571584773942706,7.363060619024158,7.370251272647877,392700
2004-12-29,7.4781107902526855,7.669857730680248,7.466126820769306,7.585968572819195,430500
2004-12-30,7.508884429931641,7.552163606036643,7.489649393418121,7.501671119264279,372000
2004-12-31,7.554566860198975,7.626697894071763,7.472817621384127,7.516096792027065,481500
2005-01-03,7.645934581756592,7.66997803345124,7.568993747795883,7.602655405647391,877800
2005-01-04,7.624298572540283,7.645938515678463,7.585829167615735,7.645938515678463,1005000
2005-01-05,7.506483554840088,7.6218938251575095,7.506483554840088,7.6218938251575095,1463700
2005-01-06,7.412708759307861,7.544949798606289,7.412708759307861,7.5064797281121365,699900
2005-01-07,7.273257732391357,7.424733876134291,7.268449315332565,7.424733876134291,663600
2005-01-10,7.3598127365112305,7.4559886093760355,7.282873276437917,7.285277484087262,1101300
2005-01-11,7.304515838623047,7.374242707416663,7.237192490671215,7.359816079169986,621000
2005-01-12,7.417518615722656,7.431945238911257,7.227573121667296,7.297299966014182,525900
2005-01-13,7.34298038482666,7.431942232167514,7.321340458798634,7.393472169760769,332400
2005-01-14,7.427135944366455,7.499266988077442,7.34298248678766,7.34298248678766,483600
2005-01-18,7.638720512390137,7.645933822341752,7.400686787179603,7.4295393390869675,522600
2005-01-19,7.602654933929443,7.69883011053904,7.559375760505563,7.665169142675244,592200
2005-01-20,7.455986499786377,7.605057650355451,7.453581604918288,7.5497574505711915,730200
2005-01-21,7.5593767166137695,7.605060103256133,7.460797320095415,7.477628150105636,1057800
2005-01-24,7.321345329284668,7.631510929699296,7.314132703709475,7.6074674686497845,959100
2005-01-25,7.419927597045898,7.477632745775125,7.311730615153507,7.342987398740262,720000
2005-01-26,7.518502235412598,7.53773727266094,7.417517945909203,7.424731256852129,436200
2005-01-27,7.4752278327941895,7.602660551892267,7.419927581304062,7.501676197880548,818100
2005-01-28,7.266040325164795,7.477626378229593,7.249210187041806,7.463200447281453,1737000
2005-01-31,7.556975364685059,7.597848971765581,7.30691911423874,7.3141324274409065,963000
2005-02-01,7.694022178649902,7.840689160211768,7.552163612270803,7.593037892920981,1317600
2005-02-02,8.176102638244629,8.241021075169183,7.613477331397394,8.150856732307156,2085200
2005-02-03,8.262661933898926,8.305941129576517,8.013808106526605,8.176104230443222,1174600
2005-02-04,8.316758155822754,8.381676587773814,8.147249451872213,8.262659691829967,1171200
2005-02-07,8.421339988708496,8.4321592570416,8.280683309291224,8.316749142164845,981200
2005-02-08,8.410531044006348,8.529547966783817,8.360039224615738,8.475449490593958,499000
2005-02-09,8.186920166015625,8.446593148390274,8.168886890080424,8.446593148390274,454000
2005-02-10,8.186920166015625,8.284297104469156,8.096755850037034,8.186920166015625,659200
2005-02-11,8.313152313232422,8.342004876044925,8.067905873275837,8.222987968455934,440000
2005-02-14,8.168889045715332,8.342004412980717,8.09675798663775,8.342004412980717,584200
2005-02-15,8.1256103515625,8.2626598420288,8.103970415252581,8.114790383407541,677200
2005-02-16,8.11839771270752,8.165282869468529,8.04626596149127,8.125611025409016,698200
2005-02-17,8.179705619812012,8.241017372930143,8.100360593483234,8.190524895839365,517600
2005-02-18,8.046260833740234,8.208556826598521,8.03183490543001,8.208556826598521,409800
2005-02-22,7.858724594116211,8.049872564135061,7.858724594116211,8.04265925148169,498200
2005-02-23,7.909214496612549,7.99216550839345,7.880361940867052,7.930853741446873,421800
2005-02-24,8.09315013885498,8.125609351425327,7.822657159368243,7.844296405115401,583200
2005-02-25,8.226591110229492,8.226591110229492,8.07872170300079,8.096754976991525,447800
2005-02-28,8.024626731872559,8.262660548437728,8.024626731872559,8.262660548437728,499000
2005-03-01,8.226591110229492,8.251837005917457,8.096754976991525,8.096754976991525,696400
2005-03-02,8.24101734161377,8.327574988998846,8.15085303960027,8.226590723100074,567200
2005-03-03,8.075116157531738,8.291510659854566,8.060690224256435,8.291510659854566,712000
2005-03-04,8.172490119934082,8.208555968789076,8.04265333921564,8.150850885780624,672200
2005-03-07,8.14363956451416,8.226590555581678,8.132819600849215,8.168885458500013,591000
2005-03-08,8.09315013885498,8.150855252780214,8.082330172031792,8.147248597172485,423400
2005-03-09,7.988557815551758,8.122001298482834,7.988557815551758,8.078722126535185,510200
2005-03-10,7.750523567199707,8.010196517686259,7.728884326633924,8.002983896097035,1446000
2005-03-11,7.728883743286133,7.811834732443341,7.718063779870365,7.790195493510809,737000
2005-03-14,7.739704132080078,7.840688408122452,7.689212338008441,7.8190491660773365,406400
2005-03-15,7.707248210906982,7.912822799378036,7.689214929874843,7.912822799378036,664800
2005-03-16,7.746918201446533,7.77216410095706,7.508884451919903,7.663967192226471,484200
2005-03-17,7.898394584655762,7.902001240136192,7.638721581157479,7.772164394437453,637400
2005-03-18,7.793802261352539,7.934458348308506,7.754129749483313,7.934458348308506,805400
2005-03-21,7.685606479644775,7.757738211137213,7.64232799106865,7.721672345390994,324200
2005-03-22,7.645934581756592,7.77216407895183,7.602655405647391,7.656753859859517,369200
2005-03-23,7.562986373901367,7.645938109053826,7.494461954639946,7.645938109053826,394600
2005-03-24,7.617083549499512,7.739706415870793,7.595443613169899,7.5990502692248345,375600
2005-03-28,7.689211368560791,7.754129774410395,7.613473687002263,7.65314551110001,305800
2005-03-29,7.562986373901367,7.775774321480377,7.5341338058177465,7.692823274227403,374800
2005-03-30,7.767387866973877,7.77824147558607,7.590116399869737,7.615440796593464,437400
2005-03-31,7.752915382385254,7.752915382385255,7.698648731274923,7.749297513639512,702800
2005-04-01,7.604587078094482,7.850596660455367,7.514142419287568,7.821654397238674,668400
2005-04-04,7.676942348480225,7.709502480672916,7.499670901007779,7.586497690175631,404400
2005-04-05,7.716740131378174,7.796331201997517,7.6950336012162,7.6950336012162,394200
2005-04-06,7.62629508972168,7.8071844425993655,7.62629508972168,7.734828425433043,442400
2005-04-07,7.713123798370361,7.774626221116922,7.575648159898322,7.63353271189058,285400
2005-04-08,7.7782392501831055,7.814417245168274,7.709501128715073,7.713118997217375,640600
2005-04-11,7.767387866973877,7.8144194809219885,7.720356943063822,7.77824147558607,428400
2005-04-12,7.662473201751709,7.742064269678683,7.553939174536968,7.716739870340016,633000
2005-04-13,7.593735694885254,7.742064923572282,7.5539398125415484,7.662473848923058,502400
2005-04-14,7.561173439025879,7.651618099038242,7.535849044628497,7.561173439025879,521800
2005-04-15,7.119804382324219,7.561174114181865,7.116186512796116,7.561174114181865,1055200
2005-04-18,7.054686069488525,7.235575455885667,6.837618667804305,7.119806358997615,1060200
2005-04-19,7.203012466430664,7.297074993013461,7.145127940847093,7.145127940847093,1480600
2005-04-20,7.568409442901611,7.995308363539726,7.430933858477515,7.9591303602582215,2908000
2005-04-21,7.774621963500977,7.796328486101358,7.543083882329137,7.691413051834585,925200
2005-04-22,7.760152816772461,7.8108016102123115,7.669708148465267,7.778241474418676,1134200
2005-04-25,7.637148857116699,7.745682195070718,7.561174968518378,7.742064325133833,1257800
2005-04-26,7.709505081176758,7.774625367527956,7.637149744149593,7.637149744149593,978800
2005-04-27,7.680566310882568,7.745686626930209,7.564797166815,7.666095512893387,612600
2005-04-28,7.481585502624512,7.637150493042915,7.481585502624512,7.626296880907346,629600
2005-04-29,7.340488910675049,7.640765153204094,7.221101297463774,7.517760360839136,824200
2005-05-02,7.58650016784668,7.58650016784668,7.3766685196527355,7.3875221306076355,496600
2005-05-03,7.6009721755981445,7.705887661942942,7.5286161442968496,7.586500693322583,617200
2005-05-04,7.698653697967529,7.723978105487557,7.597355377849069,7.597355377849069,414200
2005-05-05,7.734830856323242,7.843364916182635,7.705888578368405,7.705888578368405,626200
2005-05-06,7.7058868408203125,7.7673892538613725,7.655238038329386,7.760154203532798,392200
2005-05-09,7.7782392501831055,7.7782392501831055,7.5611719703099585,7.669705955265463,442400
2005-05-10,7.543086528778076,7.687797880281629,7.496054908265575,7.687797880281629,476200
2005-05-11,7.503288745880127,7.590115534767195,7.4200798261181,7.503288745880126,443000
2005-05-12,7.514142990112305,7.687796582604356,7.496053642953942,7.496053642953942,511200
2005-05-13,7.488822937011719,7.5647961690207675,7.405613271904769,7.4671157078333295,520800
2005-05-16,7.615437984466553,7.633527325473751,7.423695800054865,7.4454023192257015,390000
2005-05-17,7.857831001281738,7.857831001281738,7.561172657509619,7.57926200166519,1214200
2005-05-18,8.114692687988281,8.114692687988281,7.89400755980547,7.908479032490545,899600
2005-05-19,8.143637657165527,8.179815660896638,8.031486466633309,8.078517388457135,523000
2005-05-20,8.10745906829834,8.14001920030259,7.97360136120352,8.14001920030259,359200
2005-05-23,8.006159782409668,8.118311640586617,8.002542603793021,8.085751512733681,520800
2005-05-24,7.995309829711914,8.00616274965995,7.919335939884933,7.95913181979612,491800
2005-05-25,7.890389442443848,7.980834073755797,7.857829319968524,7.962745423508517,436600
2005-05-26,8.129167556762695,8.129167556762695,7.9591318074713575,7.977220467382171,629600
2005-05-27,8.248554229736328,8.310056637424598,8.12554941435979,8.129167284228291,599400
2005-05-31,8.313678741455078,8.3390031533942,8.176203066626208,8.234087633926624,1053400
2005-06-01,8.433063507080078,8.494565929750227,8.302823610278457,8.313676532489591,679800
2005-06-02,8.411354064941406,8.447532069895,8.346233794032546,8.429442722399179,1084000
2005-06-03,8.433063507080078,8.451152860829115,8.313676532489591,8.360708162198797,619200
2005-06-06,8.56691837310791,8.57415411157404,8.342615310923827,8.465620104696066,481800
2005-06-07,8.689923286437988,8.71886555066271,8.574154229539106,8.599478624480984,867200
2005-06-08,8.9178466796875,8.925082420807994,8.671837001896685,8.736957291904638,1701200
2005-06-09,9.022762298583984,9.03361521955621,8.711632350000265,8.856343713281689,1002800
2005-06-10,9.06617546081543,9.145767229011547,8.997437993785605,9.022762396379562,1376800
2005-06-13,8.968494415283203,9.091498539971413,8.85272465021751,9.066174141063895,608400
2005-06-14,8.881668090820312,9.004672921775878,8.841872897302835,8.968495598585118,590400
2005-06-15,8.867195129394531,8.93593326870278,8.708012324168394,8.885283786562892,752000
2005-06-16,9.134909629821777,9.152998283766653,8.820161944900343,8.831015551290019,475000
2005-06-17,9.048084259033203,9.297711724598818,8.957639595136476,9.297711724598818,747400
2005-06-20,8.874431610107422,9.051703087320377,8.827399993477357,9.051703087320377,609000
2005-06-21,8.964876174926758,8.993818442487504,8.827399886484647,8.827399886484647,190600
2005-06-22,8.863576889038086,9.048084082594054,8.834634624757033,9.044466213304169,939400
2005-06-23,8.729721069335938,8.899757526098721,8.715250277931272,8.845490850764346,689800
2005-06-24,8.476471900939941,8.72971648279319,8.465618295560203,8.72971648279319,1058800
2005-06-27,8.523503303527832,8.6067129028399,8.32452535699604,8.494561044213427,604800
2005-06-28,8.689923286437988,8.689923286437988,8.527122618900178,8.527122618900178,593400
2005-06-29,8.735267639160156,8.735267639160156,8.6336945102255,8.713502215784992,454400
2005-06-30,8.70987319946289,8.840467103586207,8.706245514136107,8.735266304840152,601400
2005-07-01,8.8477201461792,8.8477201461792,8.680850803466543,8.709871588803965,378800
2005-07-05,8.978318214416504,9.05449755199758,8.815075788299307,8.847724273522745,582400
2005-07-06,8.833213806152344,9.000083218888511,8.822330747617658,8.97831779372953,566000
2005-07-07,8.87674331665039,8.88762637354243,8.717129300362178,8.778798572263169,271600
2005-07-08,8.844096183776855,8.87674466751113,8.662716026102174,8.87674466751113,698400
2005-07-11,8.742521286010742,9.032729180122304,8.724382860184896,8.84772138815986,1705400
2005-07-12,8.796936988830566,8.796936988830566,8.484962919567947,8.74977845580522,1428400
2005-07-13,8.252799034118652,8.669973352406277,7.987984110291178,8.669973352406277,3819800
2005-07-14,8.053277969360352,8.405155169003207,8.053277969360352,8.343485897734842,1223600
2005-07-15,7.980725288391113,8.104063825473615,7.919056019849863,8.049649927798452,1243000
2005-07-18,8.056906700134277,8.111321303857924,7.900920337445833,7.980727361977857,920800
2005-07-19,8.249170303344727,8.25279798988602,8.056907068118957,8.056907068118957,779200
2005-07-20,8.405157089233398,8.405157089233398,8.165735320648917,8.180245374427448,958200
2005-07-21,8.231032371520996,8.354370943420648,8.180245453032029,8.350743256963547,865600
2005-07-22,8.231032371520996,8.234660057978097,8.151224653285666,8.180245453032029,632200
2005-07-25,8.198382377624512,8.332603292301624,8.151223154265287,8.216520114664018,518600
2005-07-26,8.017001152038574,8.241912105223468,7.969841935076753,8.234657426537991,1196400
2005-07-27,8.013371467590332,8.027881513251588,7.897288334660086,7.980722999964944,941400
2005-07-28,8.04239559173584,8.089554124612736,7.944450148171899,7.984354001159506,664400
2005-07-29,7.980725288391113,8.067787663053423,7.929939076148995,7.998863023646084,468600
2005-08-01,8.082304000854492,8.325353557870402,7.980730814132221,8.325353557870402,736800
2005-08-02,8.18749713897705,8.191124823800543,8.038765520764514,8.060530937795336,441200
2005-08-03,8.136709213256836,8.25642001945658,8.089550012442096,8.165729993792835,544200
2005-08-04,8.009745597839355,8.162104917305467,8.002490227409968,8.151221861661384,577400
2005-08-05,8.04602336883545,8.071416478511628,7.980726405719363,8.035140311012652,425400
2005-08-08,7.984355926513672,8.067790646597878,7.969845179415286,8.03876984431161,585600
2005-08-09,8.085927963256836,8.165734985539693,8.02063099415704,8.035141047340101,527800
2005-08-10,8.162108421325684,8.249170828123898,8.082301388071613,8.082301388071613,588200
2005-08-11,8.202012062072754,8.231032863553915,8.129459712414606,8.129459712414606,671000
2005-08-12,8.231032371520996,8.256425484810258,8.143969972281909,8.180245453032029,848400
2005-08-15,8.234661102294922,8.336233568333354,8.180246490448011,8.231033415377759,654200
2005-08-16,8.082304000854492,8.205642623334848,8.038772437427596,8.205642623334848,449400
2005-08-17,8.089555740356445,8.096811113605202,8.03514182481172,8.078673372393785,476800
2005-08-18,8.162108421325684,8.18024616327554,7.998865976134969,8.089556069705253,533400
2005-08-19,8.089555740356445,8.129459601314133,8.089555740356445,8.129459601314133,391000
2005-08-22,8.04239559173584,8.104064868211989,7.940822462272086,8.089554124612736,533200
2005-08-23,8.04602336883545,8.089554216305944,7.973471033837499,8.042395682894517,404400
2005-08-24,8.162108421325684,8.22740539940197,8.02788677840104,8.053280585805544,504400
2005-08-25,8.125832557678223,8.17661948252776,8.096811754297287,8.165736421793461,465000
2005-08-26,7.969846725463867,8.125833827478502,7.948081292504577,8.125833827478502,559200
2005-08-29,7.991615295410156,8.006125357852234,7.828372768493978,7.973476852468997,385800
2005-08-30,7.585318088531494,7.958961459962651,7.545414232695145,7.958961459962651,1086200
2005-08-31,7.643360614776611,7.654243674579353,7.4293319486959835,7.592574386184758,1234000
2005-09-01,7.6469879150390625,7.784836539357098,7.5490424574941635,7.6905194601402735,1191000
2005-09-02,7.625220775604248,7.683262361427797,7.556296132972429,7.646986197310509,498200
2005-09-06,7.730425834655762,7.737681210501656,7.559928653741573,7.628853340456128,484600
2005-09-07,7.705030918121338,7.7159139793576585,7.588947699242838,7.7159139793576585,436200
2005-09-08,7.6469879150390625,7.701401827482749,7.59982937543065,7.701401827482749,216600
2005-09-09,7.676010608673096,7.708659102578039,7.599831250835297,7.690521357924451,368000
2005-09-12,7.759446144104004,7.784839266011016,7.625225159192465,7.639735218034752,460800
2005-09-13,7.6941423416137695,7.7485569168796635,7.661494565128327,7.690515349045439,763800
2005-09-14,7.596199035644531,7.7413029821127255,7.552667505748976,7.679633718374968,796600
2005-09-15,7.55992317199707,7.636102487408729,7.527274696274867,7.6215924381489835,303600
2005-09-16,7.530902862548828,7.617965239398436,7.4982543847414425,7.614337553874252,877000
2005-09-19,7.3640336990356445,7.541786852160197,7.327758223126488,7.541786852160197,421200
2005-09-20,7.309622287750244,7.570810231655666,7.295112230816937,7.418450828347699,1166800
2005-09-21,7.240694522857666,7.291481430215204,7.128239034977211,7.244322208519654,513000
2005-09-22,7.218926429748535,7.258830265355443,7.0194086355340675,7.179023286051663,713800
2005-09-23,7.385799884796143,7.403937622922434,7.16451588172153,7.193536677869811,482000
2005-09-26,7.4837446212768555,7.690518571733078,7.440213773114755,7.476489941190076,813200
2005-09-27,7.57806396484375,7.646988629396712,7.429332267378754,7.509139992201289,461800
2005-09-28,7.512768268585205,7.76670084957406,7.43296122205958,7.563555199929348,1256600
2005-09-29,7.718369483947754,7.823901511922323,7.45999911601896,7.569169557154473,602600
2005-09-30,7.660145282745361,7.76931641977411,7.598281846655695,7.700174769064777,477600
2005-10-03,7.518223285675049,7.714730908491515,7.438165010132445,7.660144994983348,1165800
2005-10-04,7.514587879180908,7.729290449507996,7.456363523914822,7.554617383709741,962600
2005-10-05,8.005851745605469,8.256944562880644,7.8930422108076685,7.96946137158044,2607000
2005-10-06,8.165971755981445,8.271503113097763,8.016771796344965,8.024049318357584,1250600
2005-10-07,8.224197387695312,8.351563413110773,8.191446104185937,8.224197387695312,1034200
2005-10-10,7.860292434692383,8.187804474869402,7.834819376269217,8.187804474869402,1087800
2005-10-11,7.627397060394287,7.94399258203366,7.627397060394287,7.896685556270502,1207400
2005-10-12,7.7474822998046875,7.823901469366136,7.627393843484581,7.627393843484581,1032000
2005-10-13,7.6674275398254395,7.812988438518384,7.660149321368514,7.700178828792492,869800
2005-10-14,7.754765033721924,7.780238107368012,7.580091933786574,7.740209289105245,623600
2005-10-17,7.718369483947754,7.860291890330407,7.616477257311604,7.751120755106156,551600
2005-10-18,7.587368011474609,7.722011561052538,7.587368011474609,7.700177603245929,870400
2005-10-19,7.74020528793335,7.76931745620685,7.4345271740171635,7.591005338770549,690000
2005-10-20,7.7511186599731445,7.896680134260107,7.696533454159808,7.732923822731549,646600
2005-10-21,7.863933086395264,7.925796537894534,7.787513202030791,7.8239035901048775,920400
2005-10-24,7.9112348556518555,7.96582005449936,7.798425352155218,7.907595749850227,524600
2005-10-25,7.805709362030029,7.911240732314688,7.696538189151546,7.911240732314688,722400
2005-10-26,7.816625118255615,7.893045000122987,7.696537327397375,7.772957209264746,496800
2005-10-27,7.463639736175537,7.863932591627802,7.398137180581128,7.853015267665774,1135000
2005-10-28,7.580088138580322,7.678341968383579,7.510946477523714,7.510946477523714,835800
2005-10-31,7.623761177062988,7.769322105537304,7.580092551476064,7.580092551476064,899000
2005-11-01,7.656510353088379,7.6747052038271,7.4454461976204405,7.5873686709209185,987000
2005-11-02,7.703813552856445,7.73656482318082,7.591004007343998,7.623755277668373,661800
2005-11-03,7.743843078613281,7.882125680870338,7.6419501599421125,7.7511205988772245,617800
2005-11-04,7.7147297859191895,7.75839767746513,7.634670827937263,7.754758570821531,646800
2005-11-07,7.831179618835449,7.834818726035136,7.627393780185323,7.711091857600676,556200
2005-11-08,7.758401393890381,7.834821281835322,7.711094373039859,7.7875135668958455,397400
2005-11-09,7.754765033721924,7.82390672939645,7.732931069752305,7.758404143398393,329800
2005-11-10,7.951266765594482,7.965822499179634,7.678339993508325,7.751120049611429,613400
2005-11-11,8.013134002685547,8.024050634539572,7.933075000614683,7.965826284354763,392600
2005-11-14,7.882124423980713,7.987656433,7.8384565330054725,7.987656433,454400
2005-11-15,7.681982040405273,7.922157636231825,7.6565089763159335,7.918518527920642,470600
2005-11-16,7.671065330505371,7.696538396637034,7.529143565435249,7.681982656314224,310000
2005-11-17,7.787515640258789,7.787515640258789,7.6164816650763925,7.674706026589087,385800
2005-11-18,7.849374294281006,7.896681992784945,7.700174372701593,7.896681992784945,349800
2005-11-21,7.86757230758667,7.893045371377636,7.652869778364336,7.820264594184362,527400
2005-11-22,7.903961181640625,7.962185519715819,7.740205491087464,7.823902890309448,296200
2005-11-23,7.918519496917725,7.984022066356751,7.8566560362352025,7.903963061891708,341000
2005-11-25,7.918519496917725,7.9257977144307326,7.572811800029096,7.572811800029096,144000
2005-11-28,7.831179618835449,7.940350058471159,7.762037970218844,7.929433430960825,507800
2005-11-29,7.805709362030029,7.849377275910241,7.73292858011104,7.8239042104652885,839200
2005-11-30,7.903961181640625,7.918517613203853,7.76931766012506,7.787512505490237,797000
2005-12-01,8.187806129455566,8.238752256597056,7.91851836671081,7.969464493852299,1203400
2005-12-02,8.195082664489746,8.275140947012982,8.115023687877727,8.187804449508874,521200
2005-12-05,7.954906463623047,8.042242953889744,7.823901381178641,8.002213468900901,1564600
2005-12-06,7.936712741851807,8.013132622108667,7.882127509719124,7.969464019949192,1075600
2005-12-07,7.962181091308594,7.994932350021397,7.889401056237843,7.969459303042211,928000
2005-12-08,8.162332534790039,8.224195982617575,7.907600527479272,7.987659515308366,1370000
2005-12-09,8.195082664489746,8.224194830324448,8.067716678679629,8.19144355699931,654000
2005-12-12,8.18416690826416,8.235113034702513,8.136859890012676,8.18052780007729,989400
2005-12-13,8.18416690826416,8.231474620604558,8.100469502232889,8.187806016451031,820000
2005-12-14,8.173249244689941,8.231474279175869,8.151415290563273,8.187805676833644,423200
2005-12-15,7.973103046417236,8.21691772859899,7.842097935367675,8.206000404648567,768000
2005-12-16,8.005851745605469,8.085910013189608,7.991295318359995,7.994934425171364,1057800
2005-12-19,7.969459533691406,8.013128111268475,7.903957014370048,8.013128111268475,599200
2005-12-20,8.024051666259766,8.180529887784544,7.973105526819734,7.973105526819734,987400
2005-12-21,8.104110717773438,8.195086363835316,8.042247250687797,8.042247250687797,853400
2005-12-22,8.198726654052734,8.20236576371014,7.987663152547561,8.118667629768195,305000
2005-12-23,8.191444396972656,8.238751411021745,8.107746998376422,8.195083504836257,321600
2005-12-27,8.216917037963867,8.278780480305526,8.169610026332629,8.184165762954233,882000
2005-12-28,8.251585960388184,8.306328760605593,8.211440915385596,8.21509052821242,455200
2005-12-29,8.14210033416748,8.295380605050662,8.1238529646236,8.273483622379501,419200
2005-12-30,8.196846008300781,8.273486518617611,8.09465958933537,8.145752798818075,522600
2006-01-03,8.15670108795166,8.258887499975595,7.846490845537448,8.247939353597445,685400
2006-01-04,8.207796096801758,8.262538928994918,8.039917985263683,8.160352494525787,582000
2006-01-05,8.24793815612793,8.266185528170768,8.145751062847213,8.19319534390679,322400
2006-01-06,8.185895919799805,8.262535715847857,8.09830728313377,8.247937957783154,514200
2006-01-09,8.320931434631348,8.375674963302158,8.174950315725916,8.174950315725916,561400
2006-01-10,8.514354705810547,8.52895316206733,8.284434588507876,8.320929336964419,586800
2006-01-11,8.503409385681152,8.594647686798302,8.496110850622458,8.51435823240869,682400
2006-01-12,8.430415153503418,8.521653411233775,8.36837311040307,8.503405342032105,396000
2006-01-13,8.430415153503418,8.488807582763434,8.393919711192742,8.430415153503418,226000
2006-01-17,8.24793815612793,8.375671848705672,8.24793815612793,8.375671848705672,270200
2006-01-18,8.24793815612793,8.266185528170768,8.149400676474304,8.200493875068352,737600
2006-01-19,8.101953506469727,8.236985670458576,8.076406222384511,8.236985670458576,740200
2006-01-20,8.065462112426758,8.185896584635481,8.032616283997772,8.138452300863541,648600
2006-01-23,7.955977439880371,8.101959239292553,7.9194826861201335,8.083711166319626,719200
2006-01-24,7.9742231369018555,8.072760613317604,7.901232258943686,7.996120121852266,1098600
2006-01-25,7.985167980194092,7.988817592192479,7.872032792613323,7.955971780299302,1458200
2006-01-26,8.167651176452637,8.17495040650218,7.959627992690854,7.959627992690854,558000
2006-01-27,8.466911315917969,8.466911315917969,8.167649220392567,8.167649220392567,874200
2006-01-30,8.64208984375,8.649389073086242,8.481510278816769,8.481510278816769,897200
2006-01-31,8.777122497558594,8.83551494266781,8.642090229278349,8.642090229278349,1088000
2006-02-01,8.777122497558594,8.788071342051392,8.726029282111242,8.758875119496782,810400
2006-02-02,8.736974716186523,8.769820540750924,8.667633453651389,8.755222087125599,552400
2006-02-03,8.769824028015137,8.784421791352589,8.653038440851237,8.685884278476575,586800
2006-02-06,8.601944923400879,8.747926032120805,8.565449472197688,8.726029039836025,1360000
2006-02-07,8.547196388244629,8.65668197266508,8.426761966945184,8.594639955868859,1036400
2006-02-08,8.15670108795166,8.306331787923328,7.996121545509117,8.15670108795166,1583200
2006-02-09,7.915833950042725,8.262539021892751,7.9048851050438405,8.229693182988985,1140800
2006-02-10,7.919478893280029,8.061810313838677,7.806342983309976,7.915829280433337,1771800
2006-02-13,7.868391990661621,7.981528001010336,7.820948373745745,7.893938607161946,1125200
2006-02-14,8.182249069213867,8.226043750381622,7.80999671561289,7.8756883893181024,2344200
2006-02-15,8.193195343017578,8.295381740194582,8.105606008162113,8.185896115764185,912400
2006-02-16,8.1275053024292,8.240640562932464,8.072762479352958,8.222393187271305,651800
2006-02-17,8.065462112426758,8.156700370042236,8.010719297076005,8.156700370042236,475200
2006-02-21,7.7698493003845215,7.9559747081515075,7.649414148393718,7.9559747081515075,2619800
2006-02-22,7.8647379875183105,7.8793364437141875,7.762551578517989,7.78809818076807,1275000
2006-02-23,7.941379070281982,8.007070735775166,7.809995739295613,7.872037790473315,1635600
2006-02-24,7.959627628326416,8.018020073863985,7.817296129340201,7.926781790699927,809600
2006-02-27,7.955977439880371,8.028968339586463,7.9231316046219105,7.992472889733416,867800
2006-02-28,8.050859451293945,8.105602238046925,7.963270853270717,7.963270853270717,899000
2006-03-01,8.050859451293945,8.105602238046925,8.025312863882041,8.083705262564193,1006000
2006-03-02,8.014365196228027,8.076407215882282,7.992468217553702,8.061809462130201,631200
2006-03-03,8.061808586120605,8.069107810249701,7.992467349078841,7.992467349078841,680200
2006-03-06,7.992469310760498,8.072759403702406,7.715104990609122,7.715104990609122,728400
2006-03-07,7.963274955749512,7.996120783941103,7.8683870849840964,7.996120783941103,614400
2006-03-08,8.101953506469727,8.116551258426107,7.937724446383487,7.963271034376388,1093200
2006-03-09,8.050859451293945,8.138448049317173,8.028962475811213,8.101953322210052,513800
2006-03-10,8.1275053024292,8.13845344938879,8.025318188885525,8.07641139761098,416200
2006-03-13,8.0399169921875,8.185898092035561,8.028968148664099,8.138453799526946,982000
2006-03-14,7.966926097869873,8.058164372328344,7.923131419848979,8.010720775890768,909600
2006-03-15,8.010719299316406,8.076410260100085,7.926779573256267,7.966924629367957,545000
2006-03-16,8.069111824035645,8.131153867809637,7.981523179194597,8.04356522296859,557600
2006-03-17,8.167651176452637,8.193198481626041,8.028969285975744,8.072763970180121,1103000
2006-03-20,8.233339309692383,8.262535521226686,8.112904850101803,8.171297273170412,334200
2006-03-21,8.215091705322266,8.342825388193685,8.138451217162386,8.193194721316258,633400
2006-03-22,8.291731834411621,8.397568537578826,8.127503403552558,8.393918924080722,484800
2006-03-23,8.007071495056152,8.313632165699191,7.9851738070867775,8.284435944499512,1859800
2006-03-24,7.955977439880371,8.036267568775633,7.886636850861674,8.010720962706344,1031400
2006-03-27,7.8136444091796875,7.966924711439284,7.766200820998402,7.9450277242858185,981400
2006-03-28,7.835538387298584,7.919478081988575,7.7588986136466325,7.839187999771402,1059600
2006-03-29,7.893930435180664,8.018014469235915,7.82458988963219,8.018014469235915,682400
2006-03-30,7.8444952964782715,7.990984330790951,7.804210550099229,7.888442356029482,782600
2006-03-31,8.104512214660645,8.119161465486814,7.8408319864221445,7.87745441497284,846200
2006-04-03,7.954357147216797,8.130144581926015,7.947033223761144,8.11183302700089,715800
2006-04-04,7.851818084716797,7.925062235469318,7.829844210827854,7.925062235469318,1045200
2006-04-05,7.892107009887695,7.939716400945152,7.84449831734532,7.85548526109283,1199000
2006-04-06,7.8811163902282715,7.954360545678791,7.873791765128811,7.8811163902282715,527800
2006-04-07,7.719979286193848,8.020281975076179,7.690681479925201,7.910415376197452,713600
2006-04-10,7.591800689697266,7.705330293726574,7.547854332053139,7.705330293726574,790600
2006-04-11,7.489258766174316,7.668707907707876,7.463622575799724,7.595463046524284,690200
2006-04-12,7.485597610473633,7.51489541977331,7.419677364920641,7.492921538912398,464000
2006-04-13,7.536866664886475,7.580813716797529,7.430662395416358,7.485595686419156,704000
2006-04-17,7.49658203125,7.577151511137581,7.437986426885233,7.52221821935995,536800
2006-04-18,7.591800689697266,7.624760807187741,7.507569588783722,7.540529706274198,849400
2006-04-19,8.756391525268555,8.862596526324571,8.489048913562936,8.752729211592667,4387600
2006-04-20,8.968795776367188,8.990768947529197,8.62820848004073,8.708777938492288,1921800
2006-04-21,9.155572891235352,9.221493127814611,9.049367910409929,9.118950459967454,1409600
2006-04-24,8.954147338867188,9.082324754321885,8.880902502737767,9.053026959573021,1358400
2006-04-25,8.935842514038086,8.98711421736946,8.866259937133757,8.96880264528145,1121800
2006-04-26,9.11528491973877,9.221489862962521,8.972458256727753,8.972458256727753,2139000
2006-04-27,9.159233093261719,9.184868579686539,9.001757164063987,9.100637496143673,1001600
2006-04-28,9.096976280212402,9.15557188439133,9.00908287394401,9.129936394877387,647800
2006-05-01,8.987110137939453,9.21050562788904,8.968798574163431,9.148247708080037,1016200
2006-05-02,8.990772247314453,9.012746125055813,8.910203457807125,9.001759186185133,995000
2006-05-03,8.932175636291504,9.034718292051528,8.88090465766884,8.99077124000732,872000
2006-05-04,8.950485229492188,8.972458401421802,8.91020049885911,8.935835982529417,433800
2006-05-05,8.899215698242188,9.00175835603429,8.866255583184536,8.972460553595791,612200
2006-05-08,8.968795776367188,9.00175588236746,8.82963142765511,8.8918893280429,374000
2006-05-09,8.943161964416504,8.968797451980668,8.891890989288177,8.954148901307423,477600
2006-05-10,8.858935356140137,8.965139672389856,8.76005496967264,8.917530985487915,767800
2006-05-11,8.664830207824707,8.913861789549827,8.64285703841204,8.858928516760924,743800
2006-05-12,8.580599784851074,8.606235267502589,8.481719467325647,8.569612850065633,830200
2006-05-15,8.606239318847656,8.679484188201233,8.448763338697857,8.489048086693808,622200
2006-05-16,8.642862319946289,8.675822443464002,8.595252942191866,8.628213065709579,479800
2006-05-17,8.624551773071289,8.642863343034788,8.467076462475022,8.59891627363736,1420800
2006-05-18,8.587931632995605,8.719771468764069,8.532997611367387,8.606242507861612,759400
2006-05-19,8.60257339477539,8.639195814080672,8.46340903963278,8.591586459429442,651600
2006-05-22,8.690468788146973,8.723428903278936,8.423126252978575,8.532992837741977,1054600
2006-05-23,8.419462203979492,8.760049524426258,8.401151343133467,8.760049524426258,652800
2006-05-24,8.55496597290039,8.639197060494734,8.37185454847026,8.386503099197052,932000
2006-05-25,8.551300048828125,8.672153509967265,8.463406686046419,8.606233313252396,550200
2006-05-26,8.57327651977539,8.642859054076903,8.522005546350394,8.598912006487888,413800
2006-05-30,8.265649795532227,8.554966188717481,8.261987483129476,8.496370587302815,677400
2006-05-31,8.401153564453125,8.441437608668657,8.240015292046747,8.33889564319485,951400
2006-06-01,8.657506942749023,8.675818502226365,8.43777381713749,8.43777381713749,647400
2006-06-02,8.587931632995605,8.789354050582071,8.492713546959155,8.719771468764069,470400
2006-06-05,8.412140846252441,8.569616825320809,8.338896675916697,8.551305957365582,697200
2006-06-06,8.397488594055176,8.430448700673642,8.210714889388717,8.423124077310753,699800
2006-06-07,8.485386848449707,8.573280283700948,8.327910848348132,8.379181844282623,819800
2006-06-08,8.723427772521973,8.734414708980037,8.368191875886657,8.481720758561512,1843200
2006-06-09,8.760051727294922,8.899216120857911,8.712443058014482,8.774700279952464,1235000
2006-06-12,8.496370315551758,8.75272588891289,8.474396441838076,8.75272588891289,744600
2006-06-13,8.353546142578125,8.624551069288563,8.294950520506404,8.496373582578494,907400
2006-06-14,8.50003433227539,8.543981393611904,8.313261242511025,8.35354529201175,575000
2006-06-15,8.697793006896973,8.782024097846557,8.543979376308101,8.573277177443378,485400
2006-06-16,8.456089973449707,8.771042008542674,8.404818971835507,8.701459435984109,2238400
2006-06-19,8.41580581665039,8.489050708626422,8.287627604949863,8.448765948188099,917400
2006-06-20,8.291281700134277,8.441432951174512,8.272970844549612,8.371851141141287,499600
2006-06-21,8.313262939453125,8.40115638155253,8.18508474111504,8.305938311316096,363600
2006-06-22,8.32058334350586,8.397490509327861,8.196067511995714,8.313259416987083,381400
2006-06-23,8.309598922729492,8.37185685210749,8.203393932049147,8.294949669457095,324200
2006-06-26,8.419462203979492,8.441435376697635,8.313257953746328,8.346218062080826,457000
2006-06-27,8.23268985748291,8.503694694417089,8.221703618555715,8.459748341678942,422000
2006-06-28,8.335233688354492,8.371856119817258,8.155784542553198,8.26198882542896,667400
2006-06-29,8.67878532409668,8.689807887866875,8.384837908996406,8.39586117359085,563000
2006-06-30,8.572229385375977,8.715528324045325,8.572229385375977,8.708180181649553,1101800
2006-07-03,8.627344131469727,8.667762067529203,8.568554788560078,8.627344131469727,187800
2006-07-05,8.517112731933594,8.57590206409753,8.399534067605723,8.524461573660115,540200
2006-07-06,8.509764671325684,8.597948677666071,8.46199859736704,8.542833761306351,388800
2006-07-07,8.517112731933594,8.619993712808421,8.469345961535321,8.531809714562517,623600
2006-07-10,8.664082527160645,8.730220674064928,8.495063441359772,8.52078367608392,707800
2006-07-11,8.542828559875488,8.697150652215868,8.439946931373983,8.664081582369803,936200
2006-07-12,8.42158031463623,8.906592679743298,8.395860068126638,8.906592679743298,1560400
2006-07-13,8.781661987304688,8.803707804783125,8.414228425485883,8.49873797650647,1350800
2006-07-14,8.807381629943848,8.877194198207304,8.715523245690193,8.78166139448464,1475000
2006-07-17,8.972728729248047,8.980077569600772,8.78166308502114,8.800035185902951,922400
2006-07-18,9.237284660339355,9.32179495921318,8.987429587128307,9.167472749337197,2355600
2006-07-19,9.351190567016602,9.439374595640855,9.127055722914731,9.182170653201846,1145600
2006-07-20,9.167473793029785,9.461420559199437,9.097661173255354,9.406305628145674,866800
2006-07-21,9.145423889160156,9.20053950072397,8.983753577766917,9.167470414115327,1054800
2006-07-24,9.32179069519043,9.42467165416454,9.204211355068065,9.21890903539235,823000
2006-07-25,9.281373977661133,9.424672875269534,9.226259070952059,9.329140043255912,996400
2006-07-26,9.270350456237793,9.310768380409845,9.141748543637295,9.281373717600363,613800
2006-07-27,9.141756057739258,9.365890983905157,9.05357199682758,9.336496296934596,581000
2006-07-28,9.424673080444336,9.454067744717365,9.123377596439754,9.215236009895984,680200
2006-07-31,9.347512245178223,9.498159985498637,9.251979412151412,9.424672975224453,936800
2006-08-01,9.340168952941895,9.406307161316283,9.163800864493183,9.351192221279122,808400
2006-08-02,9.380581855773926,9.454068169345089,9.31076926218083,9.336489506971942,431000
2006-08-03,9.398953437805176,9.476114874470857,9.218911020017414,9.296071755858973,653800
2006-08-04,9.398953437805176,9.553275610312419,9.277700352322636,9.534904206776082,548400
2006-08-07,9.498161315917969,9.505510158139561,9.274026533928533,9.292398639482517,681600
2006-08-08,9.406302452087402,9.623088381748422,9.30342076825406,9.49448645216278,1139400
2006-08-09,9.25197982788086,9.516531815272002,9.240956565597191,9.498160412289987,413600
2006-08-10,9.663505554199219,9.722294887240688,9.226259977306306,9.251980222908932,957800
2006-08-11,9.127054214477539,9.560626142508198,9.082961857040418,9.556951720986417,1244800
2006-08-14,9.325465202331543,9.4577415331299,9.167469330440651,9.248304476581854,1094200
2006-08-15,9.567975044250488,9.60839227958954,9.45039565730491,9.512859421909896,853000
2006-08-16,9.531229019165039,9.626761851681927,9.457742009283105,9.623087431105423,480800
2006-08-17,9.443044662475586,9.560623313078631,9.420998139869486,9.476113745560697,581800
2006-08-18,9.538578033447266,9.560624558926254,9.38058213912596,9.472440559482688,387600
2006-08-21,9.34383773803711,9.461416392727504,9.31444307436451,9.461416392727504,360600
2006-08-22,9.3732328414917,9.435696592329712,9.296071407715758,9.329140493502004,459600
2006-08-23,9.182165145874023,9.417322414494821,9.123375828718823,9.402625435617992,498600
2006-08-24,9.101329803466797,9.222582854950948,8.96537907261539,9.222582854950948,523800
2006-08-25,9.097657203674316,9.193190036201702,9.00212437114693,9.042542296668842,204200
2006-08-28,9.222586631774902,9.270352707631742,9.064590017993932,9.064590017993932,352000
2006-08-29,9.277698516845703,9.325464577084732,9.141747774770955,9.240955016218152,625200
2006-08-30,9.354860305786133,9.40262707230431,9.23728165100918,9.36220914691571,805400
2006-08-31,9.270350456237793,9.406301209746672,9.222584391981401,9.387929107475719,380400
2006-09-01,9.215238571166992,9.343840525913983,9.185843898724046,9.296073745179026,547600
2006-09-05,9.307092666625977,9.310767086569562,9.167468212889405,9.237280089345719,669400
2006-09-06,9.244630813598633,9.365883893156658,9.086634227939125,9.237281972213518,569000
2006-09-07,9.310765266418457,9.3695545723753,9.13439734854793,9.196861073730052,437600
2006-09-08,9.413651466369629,9.461417537809538,9.22993462097527,9.347513289895796,379200
2006-09-11,9.567975044250488,9.62308996576683,9.336491392727904,9.395280735788567,385800
2006-09-12,9.887641906738281,9.946431249187714,9.523882587523323,9.556951680254159,1539800
2006-09-13,9.880290031433105,10.06768126578879,9.832523968161592,9.887638872189964,748600
2006-09-14,9.784758567810059,9.876616987601391,9.648808498980397,9.876616987601391,405800
2006-09-15,9.590018272399902,9.98684658087322,9.567972449935846,9.85824466498878,1234600
2006-09-18,9.729645729064941,9.80680718255796,9.479790661867398,9.516534177777203,473000
2006-09-19,9.736991882324219,9.759037705449682,9.479788042838852,9.670853712123748,453000
2006-09-20,9.880290031433105,9.95010261697519,9.74801440192982,9.810478146715049,431800
2006-09-21,9.788429260253906,10.008889523943846,9.736988789028334,9.917031139141693,1897000
2006-09-22,9.825176239013672,9.883965570071828,9.736992242426439,9.814152976631227,561000
2006-09-25,9.928059577941895,9.994197761641272,9.729645026843757,9.839875566617463,442600
2006-09-26,9.986846923828125,10.019916009071855,9.847221741504807,9.92805759468907,595600
2006-09-27,10.064010620117188,10.152194639802552,9.828853234289546,9.876619315476677,478400
2006-09-28,10.157964706420898,10.205862648979073,9.995849728356438,10.099013933079032,850800
2006-09-29,10.4306058883667,10.86168359643457,10.371655150746154,10.426921379421886,2440400
2006-10-02,10.360607147216797,10.467455145337413,10.220598553163994,10.426926230835514,836200
2006-10-03,10.633255004882812,10.633255004882812,10.33481595518233,10.379029381980077,1428600
2006-10-04,10.44166088104248,11.126964180522158,10.051112013792535,10.994324650881362,4565400
2006-10-05,10.213226318359375,10.441660988111074,10.121115689108395,10.441660988111074,1268400
2006-10-06,10.19848918914795,10.283230801111284,10.124800403159101,10.139538441456208,684000
2006-10-09,10.07321834564209,10.198488856083008,9.98847673644627,10.198488856083008,792800
2006-10-10,10.135857582092285,10.220599224573492,10.040062406907555,10.117435027586414,492400
2006-10-11,10.05111312866211,10.165330123661564,9.97373982687329,10.13217023757327,509200
2006-10-12,10.224285125732422,10.250076002798982,10.113752594661818,10.124805426119662,544400
2006-10-13,10.312707901000977,10.467453815278793,10.231650785045343,10.246388123060703,1184200
2006-10-16,10.279545783996582,10.301652137602423,10.113747077830306,10.283230293388941,559800
2006-10-17,10.239018440246582,10.309022016295687,10.084272546601222,10.191120516898911,753600
2006-10-18,10.209545135498047,10.331131880365092,10.113750668282261,10.331131880365092,926200
2006-10-19,10.176383018493652,10.231649257610622,10.029005443850586,10.169013999211828,623000
2006-10-20,10.187433242797852,10.23901566184812,10.102691650944939,10.209539592249007,610200
2006-10-23,10.279545783996582,10.33481201938534,10.121115393866713,10.12848441265143,440000
2006-10-24,10.32744312286377,10.342180456856537,10.135852861719894,10.279545206203665,663200
2006-10-25,10.401132583618164,10.511665765652706,10.224280335660934,10.345866343975075,579800
2006-10-26,10.41586971282959,10.496926810378488,10.205857598874664,10.467451438292679,686600
2006-10-27,10.437978744506836,10.552195752802959,10.290601846262085,10.415872385457245,738200
2006-10-30,10.496930122375488,10.555880885147282,10.360606746996412,10.408503978217798,684800
2006-10-31,10.449033737182617,10.530090866869667,10.382713948007494,10.507984504727487,538000
2006-11-01,10.316391944885254,10.500613229615348,10.294285587487204,10.500613229615348,760200
2006-11-02,10.19848918914795,10.375341432223172,10.180066641276564,10.22796456299382,681200
2006-11-03,10.231648445129395,10.30902103319943,10.132168800969376,10.224279426432734,400800
2006-11-06,10.401132583618164,10.449030506657643,10.246386690968496,10.312706459639548,374000
2006-11-07,10.460083961486816,10.59272350679927,10.367973322297257,10.434293094953484,681800
2006-11-08,10.320074081420898,10.47850446229151,10.224278951063127,10.408500193424624,704800
2006-11-09,10.058479309082031,10.187434316172467,10.025319430037397,10.143221612611791,709800
2006-11-10,10.187433242797852,10.216908609648785,10.05479444334274,10.073216284094006,485000
2006-11-13,10.250070571899414,10.331128374302288,10.135853589943382,10.19111982619641,450200
2006-11-14,10.43429183959961,10.463767212484138,10.261124111746545,10.30165231024507,521000
2006-11-15,10.46376895904541,10.537457754930667,10.430609071171888,10.449031621517424,474000
2006-11-16,10.401132583618164,10.500612236624743,10.360604382679027,10.474821371641193,326600
2006-11-17,10.286916732788086,10.412187264637996,10.20954342652858,10.401133734387084,495800
2006-11-20,10.261124610900879,10.286915475585904,10.087956171875682,10.25007108200086,390200
2006-11-21,10.334811210632324,10.393761950800238,10.224278748504549,10.290598506880515,651400
2006-11-22,10.563248634338379,10.670096615466784,10.496928858518052,10.544826786720927,738400
2006-11-24,10.46376895904541,10.555879602527762,10.37165831556306,10.500613356988039,235000
2006-11-27,10.309021949768066,10.463767842414798,10.24270218109827,10.401132583420923,721400
2006-11-28,10.401132583618164,10.426923448601714,10.24270218129251,10.264809239348436,772200
2006-11-29,10.537456512451172,10.611144596899372,10.353235247208138,10.482190273427934,517600
2006-11-30,10.706939697265625,10.71799322612637,10.456398665075582,10.526402942363589,913800
2006-12-01,10.58166790008545,10.740098280833744,10.390078342266094,10.688516557891795,472400
2006-12-04,10.787997245788574,10.82484093561449,10.544825238646164,10.618513321046336,423000
2006-12-05,10.824844360351562,10.942746594440457,10.740102722544265,10.832213381747472,375800
2006-12-06,10.828524589538574,10.876422506924987,10.699570279840422,10.780627374900444,303400
2006-12-07,10.784317016601562,10.846952298013527,10.684837327991628,10.824845232045575,427200
2006-12-08,10.721678733825684,10.769575957850947,10.581670166216298,10.765891447887707,483000
2006-12-11,10.695891380310059,10.725366766949877,10.600096198043488,10.6922068691365,403200
2006-12-12,10.673784255981445,10.76589492658009,10.59272711884415,10.684837789442795,344800
2006-12-13,10.603778839111328,10.725364875400977,10.526405523609627,10.688520472912002,271400
2006-12-14,10.729044914245605,10.758520283402259,10.596405401666544,10.6258807708232,308400
2006-12-15,10.725361824035645,10.865369670363288,10.684832922553392,10.729046333511153,771200
2006-12-18,10.426923751831055,10.75852260482967,10.36797300079761,10.75852260482967,463200
2006-12-19,10.426923751831055,10.504297051780194,10.283231384030579,10.40481739588061,514200
2006-12-20,10.585354804992676,10.61483018230885,10.426924388387578,10.426924388387578,303800
2006-12-21,10.555877685546875,10.677463684753237,10.456398039992129,10.58166854859848,380200
2006-12-22,10.42324161529541,10.537458625884353,10.353237323693188,10.537458625884353,230200
2006-12-26,10.577982902526855,10.622196307827389,10.426921547101404,10.437975074113597,152000
2006-12-27,10.710625648498535,10.74378553679562,10.58903962565871,10.611145983607283,238400
2006-12-28,10.801122665405273,10.845450428560449,10.682916236412662,10.705079765707303,378400
2006-12-29,10.535161972045898,10.797432492202484,10.535161972045898,10.775268954972695,431600
2007-01-03,10.59057331085205,10.712473847136819,10.387405985232869,10.579491187711149,652600
2007-01-04,10.579488754272461,10.653368149085878,10.424342588817186,10.568407338246738,289800
2007-01-05,10.261805534362793,10.572097759043544,10.217477771737308,10.5388521132159,433000
2007-01-08,10.28397274017334,10.343075975094303,10.139908693124262,10.243339001952878,401600
2007-01-09,10.213784217834473,10.313521160053687,10.095577784640996,10.313521160053687,486200
2007-01-10,10.106663703918457,10.206399979090827,10.018008845672913,10.191624521666329,629600
2007-01-11,10.217479705810547,10.26919485152457,10.095579216223195,10.095579216223195,403200
2007-01-12,10.343076705932617,10.343076705932617,10.213788106195222,10.213788106195222,290400
2007-01-16,10.31352710723877,10.416958148208424,10.232260313698106,10.380018440393096,473200
2007-01-17,10.331997871398926,10.383713750486423,10.269200571809144,10.291364821946534,356800
2007-01-18,10.154681205749512,10.453891333867228,10.132517675220848,10.320909446129317,246800
2007-01-19,10.2728910446167,10.302442663300347,9.981068898186459,10.154684569882113,289600
2007-01-22,10.121442794799805,10.490838522380574,10.051257409280856,10.269200944918826,577800
2007-01-23,10.147294998168945,10.250726000648097,10.047558740119333,10.12513146355415,523600
2007-01-24,10.302441596984863,10.368932908282677,10.069722712008609,10.143601398788107,442800
2007-01-25,10.099272727966309,10.302439965137012,10.05125091982823,10.272888354192801,649200
2007-01-26,10.232255935668945,10.26550158802144,10.077109792879305,10.139907057926683,471000
2007-01-29,10.701394081115723,10.708782164836979,10.22856799601849,10.22856799601849,902200
2007-01-30,10.73832893371582,10.749411054280623,10.590570849015748,10.66075620346058,823800
2007-01-31,11.366302490234375,11.48081492602549,10.701390004509644,10.830678602114412,1788800
2007-02-01,10.930416107177734,11.403242739498147,10.745718303007196,11.08186825023228,1088000
2007-02-02,10.963659286499023,11.037537968703925,10.85653424613775,10.971047366089328,450000
2007-02-05,10.826984405517578,11.01907027892782,10.75310571121329,10.930415423022977,587400
2007-02-06,11.059706687927246,11.06709406594424,10.856538644283745,10.8713148094504,452400
2007-02-07,11.177911758422852,11.177911758422852,10.871313416172052,11.078174770029324,459800
2007-02-08,11.196380615234375,11.248096479154695,11.056010595030541,11.177911116769677,412000
2007-02-09,10.959964752197266,11.20376573114879,10.830676183464544,11.20376573114879,399600
2007-02-12,10.889781951904297,10.956273271615212,10.76418739346505,10.956273271615212,462600
2007-02-13,10.959964752197266,11.000598483544525,10.863921835554844,10.934107179363924,349800
2007-02-14,10.923027992248535,10.989519314275585,10.819597673154195,10.989519314275585,483200
2007-02-15,10.78635025024414,10.889780552443657,10.72724701911125,10.889780552443657,780800
2007-02-16,10.797429084777832,10.819593319579235,10.68661072903451,10.786347671943053,953200
2007-02-20,10.867616653442383,10.934107962384605,10.623815657031617,10.74202211534398,851000
2007-02-21,10.823291778564453,10.90825330973071,10.72355549300049,10.8159044013656,645800
2007-02-22,10.793740272521973,10.875007763682454,10.73094298597354,10.823291895334986,653000
2007-02-23,10.712469100952148,10.78265444061617,10.605344071750958,10.760490204154284,378600
2007-02-26,10.583184242248535,10.756800632440935,10.490835338381503,10.71616688927825,552000
2007-02-27,10.224870681762695,10.453895567292316,10.165767440041103,10.38371090810181,862800
2007-02-28,10.250730514526367,10.335691355100387,9.973683743863493,10.224872928661785,1682000
2007-03-01,10.402175903320312,10.54254657006048,9.973677234073538,10.066026097351996,1098800
2007-03-02,10.224870681762695,10.428037987109896,10.139909859858683,10.280279882805912,810000
2007-03-05,9.899799346923828,10.36154373259315,9.892411972223293,10.158376484725055,982400
2007-03-06,10.269201278686523,10.354162834261997,9.951521421747065,9.951521421747065,858600
2007-03-07,10.254420280456543,10.343075125556238,10.15837735545702,10.269195735690118,784600
2007-03-08,10.31352710723877,10.450203814785587,10.287669523137936,10.343078732577768,504400
2007-03-09,10.357851028442383,10.50560909994359,10.295053759983613,10.398484057751427,642400
2007-03-12,10.413265228271484,10.439122815156663,10.280282547643246,10.350467929593306,612800
2007-03-13,10.047557830810547,10.372625559150995,10.010618140084905,10.372625559150995,697200
2007-03-14,10.535161972045898,10.605346624034588,10.018008307765227,10.047559925593662,940800
2007-03-15,10.6053466796875,10.730941232258955,10.549937484039187,10.553631524357895,334600
2007-03-16,10.446508407592773,10.634900258707692,10.387405164642944,10.605347932666545,1001200
2007-03-19,10.623814582824707,10.657060233934246,10.479750564394033,10.494526017906052,372400
2007-03-20,10.690302848815918,10.693996887286254,10.505605152693985,10.572096436028408,365200
2007-03-21,10.812210083007812,10.849149786319119,10.56840902754592,10.705085013861646,405000
2007-03-22,10.745718002319336,10.845454982876465,10.660757183874162,10.841760942348477,503800
2007-03-23,10.73832893371582,10.749411054280623,10.627510546332298,10.730940853339286,431400
2007-03-26,10.686615943908691,10.771576771742305,10.557327329407041,10.730943026010461,334800
2007-03-27,10.553630828857422,10.690307493377798,10.49083355671013,10.642285676965463,344200
2007-03-28,10.494527816772461,10.568407210694211,10.391096806195234,10.520385393275237,446200
2007-03-29,10.557525634765625,10.6168167019535,10.357418459707862,10.564937194865427,674400
2007-03-30,10.587169647216797,10.635344074138638,10.394473353139771,10.57975808818187,730200
2007-04-02,10.61310863494873,10.690928585617161,10.424118133959825,10.59828622474839,536600
2007-04-03,10.772459983825684,10.876219743853115,10.609409134298447,10.679817568131543,529400
2007-04-04,10.89103889465332,10.924390210839624,10.709459899197514,10.77616253157012,475200
2007-04-05,10.835454940795898,10.931803120915532,10.805809401282582,10.89104023903269,389400
2007-04-09,10.861393928527832,10.939213905979654,10.80210285370995,10.868805489581408,503400
2007-04-10,10.979975700378418,11.017032797565921,10.794690921246241,10.850276920430167,543200
2007-04-11,10.887332916259766,11.068912615217622,10.824336065365593,10.991092643263496,692800
2007-04-12,10.92809772491455,10.92809772491455,10.613113414741271,10.887334841596408,734400
2007-04-13,10.82062816619873,10.95403268687438,10.77986530073402,10.920681380004185,758200
2007-04-16,11.08373737335205,11.08373737335205,10.85768967702262,10.85768967702262,478400
2007-04-17,11.094852447509766,11.105969081576811,10.905861893511492,11.091146667218979,745400
2007-04-18,11.191202163696289,11.413543357476607,11.005917364342414,11.117087961232572,1192200
2007-04-19,10.920685768127441,11.117087908969179,10.731695188858316,11.117087908969179,989000
2007-04-20,11.24307632446289,11.395009730998463,11.061497392427817,11.246782103500964,913600
2007-04-23,11.057795524597168,11.235668740508974,11.031855768960696,11.228257179811315,624600
2007-04-24,10.872509956359863,11.109674226974331,10.783573354879438,11.057794719478736,733600
2007-04-25,10.99109935760498,11.06150781204088,10.846577373010119,10.931808250755513,509000
2007-04-26,10.909564018249512,10.968855069424366,10.77986457875261,10.965149290375303,509400
2007-04-27,10.83174991607666,10.972566768698181,10.709461968697688,10.857689676610766,559400
2007-04-30,10.590875625610352,10.924388013587812,10.568641654893236,10.809511673610004,637600
2007-05-01,10.57976245880127,10.635348467721245,10.383361010876296,10.587174020897995,747600
2007-05-02,10.616814613342285,10.72798587255315,10.583463306259539,10.605697982184793,410800
2007-05-03,10.653875350952148,10.702049085022956,10.579761152745112,10.624229813030409,594600
2007-05-04,10.6427583694458,10.705755228012665,10.59458463374427,10.690932811952733,544400
2007-05-07,10.768750190734863,10.787279091054506,10.653873835974185,10.653873835974185,492200
2007-05-08,10.576056480407715,10.705755271985096,10.527882037702915,10.683521294401173,915400
2007-05-09,10.653875350952148,10.742811964717363,10.505647661343454,10.524175857492525,726400
2007-05-10,10.324066162109375,10.598287498419436,10.32036038241266,10.598287498419436,1094200
2007-05-11,10.627935409545898,10.99850498055207,10.531587236267649,10.750223339705721,1149400
2007-05-14,10.446356773376465,10.657581323218375,10.383359915809107,10.646463981245763,1087600
2007-05-15,10.298128128051758,10.594583485165114,10.27218766584968,10.43894424597927,794800
2007-05-16,10.524178504943848,10.531590067990072,10.309248124242236,10.309248124242236,776800
2007-05-17,10.52787971496582,10.620522092399034,10.424119997790735,10.516762375223946,629400
2007-05-18,10.698342323303223,10.713164736522792,10.446354937323141,10.535291537056358,565400
2007-05-21,10.931802749633789,10.972565630132182,10.631641583905285,10.698344222246151,1053400
2007-05-22,10.942917823791504,10.97256335615415,10.831746547327644,10.950328676778232,911000
2007-05-23,10.772459983825684,10.976273722436115,10.750226001964641,10.942922396241782,671800
2007-05-24,10.809514999389648,10.909568958608194,10.646464181419287,10.746518140637832,1268200
2007-05-25,10.865097045898438,10.92809388580188,10.813217544850374,10.90956569451477,1017600
2007-05-29,10.753929138183594,10.928096582397297,10.72798938125872,10.928096582397297,756800
2007-05-30,10.713165283203125,10.77245635271749,10.668697334470002,10.698342869227185,1491800
2007-05-31,10.757636070251465,10.913275335266247,10.70575584404291,10.724284748690767,1143200
2007-06-01,10.857686996459961,10.909567211527335,10.768750393665547,10.768750393665547,1132600
2007-06-04,10.876214981079102,10.913272072490294,10.783572605953735,10.783572605953735,726200
2007-06-05,10.639050483703613,10.850275701909514,10.561231224474014,10.805807048917412,1053200
2007-06-06,10.398176193237305,10.583460875902,10.375942229222934,10.56122691188763,789400
2007-06-07,10.16472053527832,10.424118736624777,10.161014755812708,10.398178987170647,791200
2007-06-08,10.290721893310547,10.309250097667272,10.116553662412295,10.138788355807193,666000
2007-06-11,10.298128128051758,10.30924476219018,10.201779960288585,10.275893446164263,855800
2007-06-12,10.264778137207031,10.301834531526183,10.179546592578903,10.279600553573609,1015600
2007-06-13,10.346298217773438,10.405589268332191,10.242538525893082,10.275889830183015,590800
2007-06-14,10.453768730163574,10.483414978549865,10.272189699630326,10.327775708549158,1400400
2007-06-15,10.4982328414917,10.727986219173353,10.442647563492878,10.727986219173353,2142600
2007-06-18,10.464884757995605,10.53529317545261,10.37594814443141,10.490824515267825,726000
2007-06-19,10.490821838378906,10.527878927942998,10.294420465258048,10.383357056128753,622600
2007-06-20,10.494528770446777,10.627934024805002,10.46858901694496,10.505646110578386,830000
2007-06-21,10.427824974060059,10.479705182051957,10.346299942651639,10.45005965183024,689400
2007-06-22,10.409300804138184,10.64646513753537,10.31295261699421,10.42782900263279,1058200
2007-06-25,10.342596054077148,10.409298685973305,10.305538957823137,10.409298685973305,723400
2007-06-26,10.338889122009277,10.416709086154016,10.224012772543963,10.416709086154016,840600
2007-06-27,10.479705810546875,10.479705810546875,10.227718435147361,10.268480599893586,628200
2007-06-28,10.4611177444458,10.54290376873917,10.427659954337022,10.494575534554578,562600
2007-06-29,10.301265716552734,10.539187897611178,10.297548813981967,10.513165325244298,645000
2007-07-02,10.31613826751709,10.371901035258825,10.245505050211127,10.36446581047671,446000
2007-07-03,10.468555450439453,10.513166084190205,10.282679109758266,10.34587709395235,308200
2007-07-05,10.580080032348633,10.580080032348633,10.383051582510511,10.468554521461465,594200
2007-07-06,10.59866714477539,10.643277061526172,10.502011379732906,10.617254491911243,472000
2007-07-09,10.464837074279785,10.59866825669623,10.427661667046117,10.59866825669623,516200
2007-07-10,10.308701515197754,10.472272890856052,10.230633793739766,10.472272890856052,783600
2007-07-11,10.397918701171875,10.468551885112179,10.167432514299744,10.293828439640613,976400
2007-07-12,10.743654251098633,10.773394442508915,10.449969949554877,10.483427753524204,923200
2007-07-13,10.78454303741455,10.806847994931694,10.624689305574426,10.69160488718767,403200
2007-07-16,10.706474304199219,10.86261042030079,10.661864390491225,10.732497581100976,541800
2007-07-17,10.646994590759277,10.810565938729901,10.646994590759277,10.743650355057289,456600
2007-07-18,10.646994590759277,10.661865035602895,10.449966160014185,10.565209271304884,702600
2007-07-19,10.676737785339355,10.762241449203467,10.472274074454042,10.739935775641332,364400
2007-07-20,10.409074783325195,10.669301936533104,10.357029636308393,10.654431489350047,861000
2007-07-23,10.457402229309082,10.561493231516385,10.446250103078903,10.453685326606983,492200
2007-07-24,10.267806053161621,10.449964723076945,10.234348265925975,10.446247112377236,893400
2007-07-25,10.338441848754883,10.368182034839847,10.219481104415028,10.319854498350018,1076600
2007-07-26,10.219476699829102,10.286392266945208,10.115385738863862,10.167431573877312,1268600
2007-07-27,10.100515365600586,10.334719126578511,10.089362535435308,10.204606319958339,844200
2007-07-30,10.208328247070312,10.297549514197822,10.06334492884655,10.107955562410305,926600
2007-07-31,10.059625625610352,10.39792045062873,10.055908014349926,10.301264685043215,727200
2007-08-01,10.000142097473145,10.152560565584906,9.795678506316863,10.029882269078815,1111000
2007-08-02,9.907206535339355,10.130258234611041,9.858879009877029,10.037320085669656,1073000
2007-08-03,9.546605110168457,10.104233906705756,9.531734668577855,9.925792861988624,1030400
2007-08-06,10.022453308105469,10.026170920510593,9.505717237848327,9.665571025958338,1063800
2007-08-07,10.115384101867676,10.215757436298185,9.881180363924699,9.98527130804466,934400
2007-08-08,10.018731117248535,10.301262420307795,9.814266797247768,10.133974204738104,1413200
2007-08-09,9.368165016174316,9.829138116339347,9.126525279236134,9.814267673239627,2055200
2007-08-10,10.312418937683105,10.717629403017286,9.215748991196223,9.360732304991446,1576200
2007-08-13,9.836573600769043,10.5577738539462,9.81798625411955,10.502011104935896,954800
2007-08-14,9.494562149047852,9.977840266022472,9.475974092818461,9.85144431991,779400
2007-08-15,9.316121101379395,9.721331541859703,9.304968975809597,9.509432647290751,504800
2007-08-16,10.04847526550293,10.055909780267507,9.145116133374335,9.241771915933564,1154800
2007-08-17,10.200888633728027,10.513160785407777,9.825418529706864,10.49829034529845,1043600
2007-08-20,10.252935409545898,10.371896113359643,10.119104263224571,10.226912844219356,390000
2007-08-21,10.152563095092773,10.308699212189213,10.041037601050375,10.178585663098547,400800
2007-08-22,10.290109634399414,10.35330758973303,10.156278503325488,10.26036946183428,559200
2007-08-23,10.145130157470703,10.360746666078919,10.033603937048719,10.360746666078919,496400
2007-08-24,10.256656646728516,10.267809482552629,10.100520490500813,10.130260676969804,281000
2007-08-27,10.033605575561523,10.24178689499242,9.944385010091139,10.24178689499242,324600
2007-08-28,9.58749771118164,9.959250226529916,9.576344880458997,9.948097395807274,495000
2007-08-29,9.799397468566895,9.825420033679869,9.598650750732434,9.624673315845408,351600
2007-08-30,9.654415130615234,9.825421701772662,9.613522825236027,9.665567964297841,383600
2007-08-31,9.77337646484375,9.83285682576502,9.639545298239975,9.795681422923769,329800
2007-09-04,9.873751640319824,9.966689816513886,9.665570324182488,9.713897863816115,445800
2007-09-05,9.669283866882324,9.795679790035953,9.587498561514211,9.791962179465349,422600
2007-09-06,9.687872886657715,9.739918734588272,9.50571419155536,9.680438373292068,427400
2007-09-07,9.44251537322998,9.576346528689403,9.275227137967475,9.509430950959691,629000
2007-09-10,9.267788887023926,9.535450401395678,9.137675384972912,9.483405284199891,451800
2007-09-11,9.420210838317871,9.423928449364874,9.264074719652754,9.275227552793764,390000
2007-09-12,9.386750221252441,9.520581342395749,9.334705100390751,9.405337561828304,320800
2007-09-13,9.535451889038086,9.66928302163396,9.308683336548206,9.412773587179084,379600
2007-09-14,9.743637084960938,9.77337797909134,9.200878530196073,9.449952846042647,554400
2007-09-17,9.401619911193848,9.695303981428745,9.386749472669784,9.695303981428745,703800
2007-09-18,10.093085289001465,10.096802900951081,9.442518088120277,9.468540662705609,627200
2007-09-19,10.338441848754883,10.40907505660491,10.152565508458368,10.215763492521662,508600
2007-09-20,9.974125862121582,10.405358978447735,9.959256121418305,10.368183563096432,562200
2007-09-21,10.189737319946289,10.316133243437669,9.948098304705137,10.037318831452868,994800
2007-09-24,10.226912498474121,10.390483815218964,10.03731861728249,10.182301881521273,482600
2007-09-25,9.873751640319824,10.226916993482067,9.832859324956607,10.145131653693616,750400
2007-09-26,10.029888153076172,10.167436970608424,9.873751983284283,9.959255647239917,785800
2007-09-27,10.421533584594727,10.443913199391586,10.111946186070167,10.126865692123031,542200
2007-09-28,10.220117568969727,10.503595371880474,10.152977995723061,10.443915909313507,474000
2007-10-01,10.428994178771973,10.44391439797226,10.257415926579899,10.257415926579899,721600
2007-10-02,10.611762046813965,10.81691005641327,10.470022826981433,10.470022826981433,802800
2007-10-03,10.552080154418945,11.040705779004307,10.47748050743471,11.022055511540769,1446000
2007-10-04,10.30217456817627,10.630411523230531,10.257414627678584,10.593111691388312,754000
2007-10-05,10.686359405517578,10.77587856243065,10.447641653749386,10.447641653749386,491000
2007-10-08,10.346932411193848,10.716199202952156,10.346932411193848,10.656519764573138,509800
2007-10-09,10.167890548706055,10.387958667739948,10.07091131731529,10.354388906434115,643800
2007-10-10,10.08956527709961,10.235034543465218,10.078375826065008,10.130595161386715,383200
2007-10-11,9.798626899719238,10.19400334051414,9.757597020739627,10.123133743577084,621800
2007-10-12,9.996315956115723,9.996315956115723,9.776247743155881,9.776247743155881,442000
2007-10-15,9.750139236450195,9.96647742104495,9.679270334062977,9.95528796879179,611200
2007-10-16,9.712841033935547,9.854579563574157,9.70538092410319,9.70538092410319,354000
2007-10-17,9.682998657226562,9.847117483525258,9.530069993437467,9.824737869941146,470200
2007-10-18,9.578559875488281,9.731488537509614,9.567369713108032,9.6009394888137,470200
2007-10-19,9.16080093383789,9.567367490549639,9.157070880577654,9.563637437289405,1131000
2007-10-22,9.481581687927246,9.503961303814629,8.992955924347601,9.026525703896256,718600
2007-10-23,9.25031852722168,9.62331525350376,9.164529450921153,9.58601615002339,798000
2007-10-24,9.36595344543457,9.39952322714428,9.026526284978797,9.164534755176309,616400
2007-10-25,9.205562591552734,9.459200569436302,9.160802655452967,9.410710579375301,623000
2007-10-26,9.418168067932129,9.548717074527069,9.250319243533655,9.358488644020417,485200
2007-10-29,9.421896934509277,9.559905318139887,9.324917705005053,9.48157635090653,623200
2007-10-30,9.429357528686523,9.586016182716676,9.32864824150254,9.362218003897201,422800
2007-10-31,9.563637733459473,9.668077093675631,9.399519653536146,9.485308746873558,710600
2007-11-01,8.903433799743652,9.410708956601697,8.877323426517457,9.328649917909862,882600
2007-11-02,9.116044044494629,9.130963549908923,8.784076333946643,9.026524877703572,871600
2007-11-05,8.86613655090332,9.11231444985325,8.720667275025539,9.11231444985325,779600
2007-11-06,9.23167610168457,9.250325667820906,8.895978931183109,8.895978931183109,586600
2007-11-07,8.910892486572266,9.190640060271452,8.858673167140909,9.015331836869848,543200
2007-11-08,9.123503684997559,9.142153956557088,8.825106454396252,9.045174678752884,842600
2007-11-09,9.097393035888672,9.295081624505507,8.93327493246134,8.989224318240431,613000
2007-11-12,9.205562591552734,9.436820245668894,9.026524270023764,9.067553440727247,637800
2007-11-13,9.645699501037598,9.664349060379609,9.235402792597595,9.310001741400724,478200
2007-11-14,9.567368507385254,9.787436693083936,9.552449004193559,9.697917539628794,509800
2007-11-15,9.403254508972168,9.582293618811049,9.287625632265978,9.503963874862409,536400
2007-11-16,9.328651428222656,9.45547041582795,9.071283399090143,9.42563069588759,838200
2007-11-19,9.030251502990723,9.21674988887423,8.922082809124426,9.2092904941294,728600
2007-11-20,8.98176383972168,9.250321307238337,8.8101856355559,9.000413397066652,616000
2007-11-21,8.910892486572266,9.20556027235748,8.88105277383508,8.910892486572266,437200
2007-11-23,9.242866516113281,9.324925605323395,8.98176831459008,8.98176831459008,135600
2007-11-26,8.84748649597168,9.261513295925111,8.84748649597168,9.235403625916364,461800
2007-11-27,9.235401153564453,9.351029966121128,8.847484127466627,8.858674287946934,616200
2007-11-28,9.395793914794922,9.604672019711035,9.213025484063914,9.213025484063914,533400
2007-11-29,9.23167610168457,9.369685309973628,9.145886959160872,9.306275789100603,310400
2007-11-30,9.239131927490234,9.559908727154125,9.183182543595894,9.380870414118231,567600
2007-12-03,9.343570709228516,9.492770016800527,9.171992501529736,9.179452609195343,598400
2007-12-04,9.183182716369629,9.254051605299457,9.030253354076507,9.224211885898733,981400
2007-12-05,9.47412109375,9.50023076285434,9.246593469101374,9.351032145518735,540400
2007-12-06,9.697914123535156,9.697914123535156,9.414436548398115,9.474115963012782,564800
2007-12-07,9.567368507385254,9.697917539628794,9.511419125405164,9.697917539628794,349600
2007-12-10,9.623319625854492,9.697919289579149,9.46666090118081,9.574830342438048,453600
2007-12-11,9.705378532409668,9.84338697312272,9.612129316790286,9.69045831642174,910600
2007-12-12,9.753866195678711,9.970204311619787,9.608397671069952,9.772516462574025,1124000
2007-12-13,9.679272651672363,9.701652272972431,9.615863131792727,9.69046210660473,1093600
2007-12-14,9.559911727905273,9.712841135324018,9.537532109609824,9.656891022432537,715400
2007-12-17,9.272701263427734,9.59347804798505,9.272701263427734,9.511419002900153,604200
2007-12-18,9.306276321411133,9.485314727728033,9.04517811195578,9.369685845911125,864800
2007-12-19,9.257779121398926,9.392058177610943,9.03025087869186,9.324918649504935,511600
2007-12-20,9.37341022491455,9.399520601177189,9.127232368775458,9.336111110266513,441000
2007-12-21,9.679272651672363,9.697922217516531,9.51142371333352,9.586023399580858,1126200
2007-12-24,9.70164680480957,9.75013607553548,9.582287943236624,9.582287943236624,193800
2007-12-26,9.515151977539062,9.656890501003984,9.47039203192976,9.619591376337299,538200
2007-12-27,9.235401153564453,9.604667912195097,9.224210993084144,9.533798318689733,341800
2007-12-28,9.171761512756348,9.430068465493123,9.171761512756348,9.430068465493123,321200
2007-12-31,9.179248809814453,9.26909455093452,9.022018584346718,9.100633340065345,449000
2008-01-02,8.909711837768555,9.1717624799508,8.801148489914006,9.12309629933267,638800
2008-01-03,8.546586036682129,8.95463597602601,8.52786843778881,8.943404988271642,660200
2008-01-04,8.232121467590332,8.490428346543776,8.213403877910778,8.44550513167046,605200
2008-01-07,8.202174186706543,8.400583953078767,8.078636218897902,8.288276255233392,1067400
2008-01-08,7.977560520172119,8.351918132565391,7.966330248779828,8.22463648722924,793400
2008-01-09,8.247100830078125,8.247100830078125,7.898948036172971,7.936383950985586,513600
2008-01-10,8.164737701416016,8.389352366955082,8.037456081411557,8.0599180477867,921000
2008-01-11,7.902689456939697,8.138534439494066,7.846535243637268,8.101098535302608,554800
2008-01-14,7.839047431945801,8.01499522642534,7.805355194743067,8.01499522642534,584000
2008-01-15,7.6630988121032715,7.764175522242988,7.539560848831517,7.666842473297005,926000
2008-01-16,7.565765857696533,7.857765008183206,7.524587012111634,7.625663723514371,1103200
2008-01-17,7.726739883422852,7.752944798627306,7.502125916510168,7.614432899966509,830000
2008-01-18,7.764179706573486,7.79787196144441,7.558283228167394,7.625667737909241,1647400
2008-01-22,8.131049156188965,8.232125908660135,7.431000642475288,7.442230916729422,1262600
2008-01-23,8.711298942565918,8.756221441400164,7.816584058092614,7.906430483821596,1451800
2008-01-24,8.067403793334961,8.823606110385429,8.059917186040702,8.711299146638643,2135200
2008-01-25,7.932636737823486,8.235866155436037,7.8353036884846885,8.202173918586825,1494600
2008-01-28,8.056177139282227,8.194689075769363,7.771665227594128,7.898946891086977,1014600
2008-01-29,8.16848087310791,8.232121679297443,7.831559251999328,8.04868658240533,1201200
2008-01-30,8.72253131866455,9.538630956399686,8.460481441374919,8.774941865346813,2706800
2008-01-31,9.474993705749512,9.635967639806415,8.610227571339248,8.685099401050126,1724400
2008-02-01,9.763250350952148,9.92048063869266,9.51617428650717,9.534891888892398,1072800
2008-02-04,9.680889129638672,9.819401061313853,9.643453221553562,9.718324323693224,1139400
2008-02-05,9.392631530761719,9.811911611194688,9.388887869361195,9.553605400832206,986600
2008-02-06,9.37765884399414,9.67714539232006,9.343966598382094,9.448786997400747,847000
2008-02-07,9.778221130371094,9.793195063541091,9.23914596967209,9.340222696183869,980600
2008-02-08,9.658429145812988,9.808172808997634,9.564839713337937,9.73330097740531,974400
2008-02-11,9.871806144714355,9.957908185748499,9.546114853196727,9.624729573959163,805000
2008-02-12,9.969144821166992,10.047760306185088,9.800684291609276,9.901761037762276,934000
2008-02-13,10.047758102416992,10.156321435783425,9.868066624688126,10.081450343744962,842000
2008-02-14,9.860578536987305,10.10016715538875,9.796937720970622,10.088936885170185,667000
2008-02-15,9.609758377075195,9.778219560888793,9.516168989185498,9.755757593693405,1139800
2008-02-19,9.96165657043457,10.021553732955542,9.658426381887843,9.722067206320187,938000
2008-02-20,10.103915214538574,10.130120141828138,9.834377901520718,9.909249020343653,934000
2008-02-21,9.9092435836792,10.197499053775688,9.84560277487907,10.10765333206321,823000
2008-02-22,9.744527816772461,9.927962940626406,9.632220117208757,9.909244633683922,1005200
2008-02-25,9.924220085144043,9.99909117690276,9.639708222787815,9.729553961316553,1338200
2008-02-26,9.871806144714355,10.141343248224347,9.774473123272653,9.774473123272653,1336200
2008-02-27,10.002837181091309,10.002837181091309,9.714582303568596,9.755761163768625,1143600
2008-02-28,9.999094009399414,10.219965113611314,9.871813045950992,9.942940496165857,1455200
2008-02-29,9.920476913452148,10.201245127983814,9.793195265742021,9.91298958969732,1435600
2008-03-03,10.10765266418457,10.152575879087602,9.80442328418751,9.905499268166345,1136800
2008-03-04,10.07771110534668,10.148839280928685,9.916737151465139,10.021557583163316,1364000
2008-03-05,10.058991432189941,10.26488787582626,9.942940034329606,10.107657617657036,669600
2008-03-06,9.755756378173828,10.06647307869262,9.729551467074575,9.995345666860443,593200
2008-03-07,9.931708335876465,10.062732937195916,9.635965460828501,9.635965460828501,869600
2008-03-10,9.722066879272461,10.036527328944445,9.684631689479039,9.942937926399937,739000
2008-03-11,10.227449417114258,10.234936740407889,9.845604497504405,10.103911438891123,1250800
2008-03-12,10.29108715057373,10.482009553117717,10.137600639239784,10.246164652345872,685400
2008-03-13,10.410884857177734,10.452064422462943,10.04401457345824,10.085194138743448,1070400
2008-03-14,10.062735557556152,10.482016533051734,9.853095426823716,10.482016533051734,666000
2008-03-17,10.111396789550781,10.354729036878508,9.781961769204985,9.819397664339322,792600
2008-03-18,10.452061653137207,10.511958797301752,10.088935127385861,10.369703258418525,953600
2008-03-19,10.219963073730469,10.631756611967964,10.219963073730469,10.519449607917064,993600
2008-03-20,10.807703018188477,10.92001000002366,10.238679358421361,10.459550374856882,2504200
2008-03-24,11.204522132873535,11.436623425350286,10.886318057029222,10.886318057029222,2268600
2008-03-25,11.02483081817627,11.226983536441907,10.972420272378923,11.226983536441907,1399600
2008-03-26,10.934983253479004,11.080983177654456,10.863855835938235,10.96118888071176,818200
2008-03-27,10.856367111206055,11.129647905051916,10.792726309923983,10.92375157303769,827600
2008-03-28,10.627140998840332,10.901462352308254,10.559499960067635,10.845095058914014,1088600
2008-03-31,10.901464462280273,11.15699700632463,10.555744087999527,10.555744087999527,1520200
2008-04-01,11.374947547912598,11.374947547912598,10.96910208051502,10.987890937151905,838200
2008-04-02,11.559086799621582,11.664306312521655,11.337374740947736,11.41628883806082,1370600
2008-04-03,11.438836097717285,11.551570724588805,11.326100754096489,11.551570724588805,841600
2008-04-04,11.273488998413086,11.450106734691872,11.213363781094813,11.401255264401698,1084000
2008-04-07,10.939043998718262,11.412530692402225,10.856371275166776,11.412530692402225,1361800
2008-04-08,10.931529998779297,10.99165523503269,10.803763692553499,10.863888928806892,1091800
2008-04-09,10.912736892700195,11.059292009551843,10.736118452649158,10.999166796651215,1614200
2008-04-10,11.371193885803223,11.461381721536558,10.98789504637465,11.00292671070481,1557000
2008-04-11,10.85261058807373,11.284761526395402,10.803759123060777,11.254698920983804,1228600
2008-04-14,11.02171802520752,11.220883321374183,10.79624802736305,10.871404932227662,1059600
2008-04-15,11.314826965332031,11.39749897172987,11.025473867815748,11.025473867815748,1652600
2008-04-16,10.409191131591797,11.728189051956056,10.371612681942686,11.574118053469078,4684800
2008-04-17,10.721089363098145,10.957832340269439,10.31524374741221,10.379126886767828,2551800
2008-04-18,10.672239303588867,10.924013995267606,10.630903652275487,10.893951377608175,1301000
2008-04-21,10.476828575134277,10.64217327768277,10.427977105863805,10.567017115978265,716600
2008-04-22,10.176204681396484,10.405432564860405,10.007102026915023,10.405432564860405,1293800
2008-04-23,10.225051879882812,10.345303004247246,10.048434183291217,10.296450828185359,981400
2008-04-24,10.345304489135742,10.424218561679272,9.992068328502679,10.303968136803949,936800
2008-04-25,10.420463562011719,10.53319890443811,10.258876739591715,10.367854165595633,1110600
2008-04-28,10.597081184387207,10.811277385724422,10.334032790298117,10.46931490345813,1239000
2008-04-29,10.886433601379395,10.95407465823026,10.597081226821775,10.597081226821775,1583600
2008-04-30,10.800003051757812,11.021715073303834,10.743635746580676,10.939043073493979,1535600
2008-05-01,11.085599899291992,11.13069418035371,10.781215831560553,10.800004697232522,1263600
2008-05-02,11.123172760009766,11.205844730887762,11.02922704534203,11.194571703846943,1845600
2008-05-05,11.059290885925293,11.217119732941264,10.882672463818729,11.217119732941264,1232400
2008-05-06,10.99165153503418,11.126933629440469,10.803760055802826,10.950315180243566,1303000
2008-05-07,11.070564270019531,11.235908952385632,10.991650202349884,10.991650202349884,1184800
2008-05-08,11.100630760192871,11.198333714700667,10.987895424088967,11.149482237446769,984200
2008-05-09,10.882674217224121,11.13820674563531,10.867643271478878,11.100629022897644,895200
2008-05-12,11.085599899291992,11.209608276275118,10.815036363169522,10.882676709638178,1185000
2008-05-13,11.006680488586426,11.123172976350448,10.897703113412808,11.002922573916756,890800
2008-05-14,11.063051223754883,11.198332610288805,10.924011204630698,11.044261644549366,1237400
2008-05-15,10.972861289978027,11.081837961479177,10.882672760581805,11.02171275304771,1377400
2008-05-16,10.818795204162598,11.160757749209308,10.574535629058369,11.160757749209308,919400
2008-05-19,10.788728713989258,10.875159341733111,10.570774620274802,10.837580901420454,1156000
2008-05-20,10.660964965820312,10.766183756382642,10.58205015614931,10.664722165412462,715000
2008-05-21,10.322760581970215,10.709817398616641,10.296455881986837,10.691028531985463,987800
2008-05-22,10.503132820129395,10.638414182902295,10.341546051089091,10.341546051089091,755600
2008-05-23,10.43549633026123,10.52192626686204,10.35282359373059,10.424222579802686,493400
2008-05-27,10.627140998840332,10.736117670502662,10.367850589127997,10.367850589127997,507800
2008-05-28,10.74738883972168,10.886428082316366,10.642169391657683,10.769935608325088,585200
2008-05-29,10.848854064941406,10.984135439340932,10.645930928218474,10.766181357350984,623400
2008-05-30,10.788728713989258,10.875159341733111,10.630900554824535,10.875159341733111,690800
2008-06-02,10.627140998840332,10.848852974040167,10.44676465653013,10.732359755376509,812800
2008-06-03,10.604595184326172,10.71357258996332,10.52943902017044,10.657205287659236,928800
2008-06-04,10.548233032226562,10.747398362143105,10.46556099626566,10.582053573471814,647200
2008-06-05,10.85261058807373,10.897704854565653,10.503133068944793,10.533195674356392,566000
2008-06-06,10.604595184326172,10.882674496875572,10.604595184326172,10.687267896671356,744800
2008-06-09,10.44300651550293,10.766179302941222,10.337787051715486,10.589561608448795,624800
2008-06-10,10.536953926086426,10.589563308049353,10.311484019925338,10.34906245707703,890400
2008-06-11,10.123594284057617,10.514408233794308,10.067226977054629,10.514408233794308,653000
2008-06-12,10.168688774108887,10.529440862110695,10.112321461944333,10.225056086273439,535400
2008-06-13,10.35657787322998,10.401672142477317,10.202506921487648,10.270147966984105,543600
2008-06-16,10.638415336608887,10.769939515213196,10.356578118206414,10.769939515213196,590200
2008-06-17,10.49937629699707,10.6985408107559,10.31899992813647,10.6985408107559,612400
2008-06-18,10.352821350097656,10.480587627274655,10.23632882093599,10.480587627274655,616400
2008-06-19,10.495621681213379,10.521926382489706,10.21002645053588,10.352823707499953,803000
2008-06-20,10.465556144714355,10.465556144714355,10.210023603430258,10.431735619147393,1447800
2008-06-23,10.281420707702637,10.521921542163838,10.232568527734566,10.5068898816355,539200
2008-06-24,10.138625144958496,10.45804083758304,10.116078365699465,10.288938201267342,570800
2008-06-25,10.352821350097656,10.574533377154848,10.123594207779433,10.149898903066017,577800
2008-06-26,10.273906707763672,10.420461840279044,10.16492929976567,10.243844098100285,685400
2008-06-27,10.205991744995117,10.42105391913521,10.089028636692099,10.330501046000148,2066600
2008-06-30,10.062620162963867,10.390872429991306,9.983386559345634,10.205994261430337,1034200
2008-07-01,10.134305953979492,10.304090986662644,9.90792519075735,9.97961258836736,1585600
2008-07-02,9.806052207946777,10.251267471503859,9.772095062784322,10.111665794764377,1308400
2008-07-03,9.975839614868164,10.115440595488437,9.806053860443924,9.828691721152284,496400
2008-07-07,9.617406845092773,10.043757574988321,9.519308453432247,10.036211378788694,1197000
2008-07-08,10.024889945983887,10.179583336852733,9.50798785053766,9.583447637502251,2001400
2008-07-09,8.693015098571777,10.304089768478663,8.62510080566973,10.304089768478663,4945600
2008-07-10,8.802433967590332,8.97221973759005,8.44022528445051,8.662832254518932,3633600
2008-07-11,8.779793739318848,8.821296356635562,8.38740038532618,8.704333257506569,1587200
2008-07-14,8.77602481842041,8.979767064811892,8.515686823922287,8.836392944732319,1941400
2008-07-15,9.11181926727295,9.240101668521891,8.628874434001233,8.659058486080715,2064400
2008-07-16,9.560811042785645,9.572130336173345,9.070319843635748,9.134460347231588,1724200
2008-07-17,9.80982780456543,9.915472363071295,9.466483888977214,9.640042035474695,1414400
2008-07-18,9.85887622833252,9.907925768373206,9.61740378396191,9.817373601734227,1069200
2008-07-21,9.72681713104248,9.945651616831684,9.564577634404147,9.896602098495087,839800
2008-07-22,10.096577644348145,10.153172666103,9.617405068843858,9.723049637192403,904800
2008-07-23,10.353137016296387,10.413505103417526,10.062615147248179,10.1041184770106,717800
2008-07-24,10.017341613769531,10.485195503479275,9.987157561495797,10.29654499685729,779200
2008-07-25,9.779641151428223,10.175806881270063,9.74191091057555,10.09657402315949,1055400
2008-07-28,9.72681713104248,9.843780204573521,9.59098858136493,9.76831973927614,1349400
2008-07-29,10.23617172241211,10.356908598660349,9.753227095996188,9.813595174298179,1071400
2008-07-30,10.183356285095215,10.760627209166291,10.047527663044441,10.39087231541109,1274400
2008-07-31,10.085253715515137,10.345591559472684,9.930560391336813,10.02865871977943,1003000
2008-08-01,10.062620162963867,10.262590001005385,9.836239363597846,10.070166357526503,924200
2008-08-04,10.017341613769531,10.190900454076933,9.828691107147547,10.021114710259319,1178400
2008-08-05,10.273906707763672,10.375778156928215,10.16071668845502,10.179581451791597,906400
2008-08-06,10.300318717956543,10.421055662452956,10.205993452335532,10.319184202867543,988600
2008-08-07,10.149398803710938,10.504062016764667,10.115441649288522,10.277681227163464,1274400
2008-08-08,10.443689346313477,10.507830530059476,10.062615339310122,10.062615339310122,1229000
2008-08-11,10.413509368896484,10.609706092226533,10.292773145199426,10.587067510549842,1670800
2008-08-12,10.243724822998047,10.56443090511808,10.190902898758775,10.530473748208621,842400
2008-08-13,9.983384132385254,10.322955608706833,9.824918402961249,10.251268217078438,1239000
2008-08-14,10.100348472595215,10.15694348163537,9.840010567436996,9.926789629274875,848200
2008-08-15,10.179586410522461,10.232409068956382,10.036212268247402,10.232409068956382,598000
2008-08-18,10.085253715515137,10.258812518034972,10.006020865414031,10.228628472332968,435400
2008-08-19,9.930562973022461,9.99847727341901,9.760777941675691,9.99847727341901,707400
2008-08-20,9.80228042602539,9.987157841337888,9.655133257023413,9.953200691622879,958400
2008-08-21,9.772095680236816,9.87774021848902,9.636267810649171,9.677770430968806,614800
2008-08-22,9.824920654296875,10.06639311977382,9.715502993599689,9.889061148250065,854200
2008-08-25,9.636265754699707,9.84755406648007,9.58721623254438,9.8022776398478,854000
2008-08-26,9.704184532165527,9.7683257512511,9.507988497002104,9.62117854496734,763400
2008-08-27,9.836238861083984,9.945656517718108,9.636269752903212,9.69286476994221,692000
2008-08-28,10.07394027709961,10.111669813703042,9.775872044347981,9.83246706889791,786600
2008-08-29,9.93433666229248,10.055072883691118,9.892833316319958,10.036208118964321,534000
2008-09-02,10.055075645446777,10.3833279672221,9.953204160794625,10.18713119373903,888600
2008-09-03,10.1229887008667,10.224860172761693,9.998479363987737,10.017344131533587,1430800
2008-09-04,9.94188117980957,10.14939643539519,9.90415093707277,10.039979523067442,834200
2008-09-05,9.889059066772461,10.036206949139489,9.779642148750375,9.911697645379427,879800
2008-09-08,10.047524452209473,10.221083271549366,9.907923497175249,10.221083271549366,1138400
2008-09-09,9.847559928894043,10.111670295937634,9.828694440047833,10.081486233428516,1074600
2008-09-10,10.096577644348145,10.183356725681907,9.809828718526164,9.94943044385657,1567600
2008-09-11,10.29654312133789,10.29654312133789,9.919242176819438,9.983382646528913,1059000
2008-09-12,9.998477935791016,10.205993227732591,9.904152672245816,10.183355365982246,753400
2008-09-15,9.80982780456543,10.036208590138182,9.749459691031985,9.80982780456543,855800
2008-09-16,9.632494926452637,9.764549702620391,9.379703224061487,9.621175637219162,1509800
2008-09-17,9.840012550354004,9.938110921626109,9.606085554298257,9.621177943560763,1973200
2008-09-18,10.081483840942383,10.130533380657527,9.877741647268085,10.05884597934405,2124000
2008-09-19,10.285219192504883,11.111508089620175,10.077703334879045,10.55310239679562,2386600
2008-09-22,10.183356285095215,10.40219088748551,10.179583187855503,10.194675576814351,1173200
2008-09-23,10.417281150817871,10.564428314917967,10.141850865677638,10.224857548724517,1672600
2008-09-24,9.80982780456543,10.519153498405732,9.749459691031985,10.424828231054141,1597600
2008-09-25,9.790960311889648,9.889057929324984,9.734364591526482,9.858873880965387,1066600
2008-09-26,10.062620162963867,10.085258027007052,9.621177856075779,9.621177856075779,1279800
2008-09-29,9.831509590148926,10.070193313029904,9.448857310982689,9.967899979241675,1667400
2008-09-30,10.024731636047363,10.085350483676665,9.801202751734845,10.058829421690385,1310800
2008-10-01,10.02094554901123,10.153547271137409,9.55873135431362,9.55873135431362,1651400
2008-10-02,9.952749252319336,10.002001213780172,9.607983354218069,9.850455883179363,1609200
2008-10-03,9.823932647705078,10.312666285298766,9.816355202750156,9.971689211201438,1305800
2008-10-06,9.623137474060059,9.85424455362045,9.077573564214685,9.634503644778238,2084800
2008-10-07,9.248063087463379,9.9072858550202,9.202599847011282,9.744374344378969,2328800
2008-10-08,9.073787689208984,9.51326960986177,8.903298701617256,9.077575691044087,1890400
2008-10-09,9.016953468322754,9.392029071451178,8.914660844639977,9.073783586910379,2354200
2008-10-10,9.888346672058105,9.888346672058105,8.543379565197693,8.740388941475203,2565600
2008-10-13,9.365511894226074,10.047467096323413,8.952550337699847,10.047467096323413,2291200
2008-10-14,9.126825332641602,9.695120804299858,9.032109420698559,9.562518383054586,1836400
2008-10-15,8.532007217407227,9.179863533300448,8.494120718335285,9.028318259637548,1216200
2008-10-16,9.123034477233887,9.149554810759655,8.31605541403951,8.5812594719221,2207400
2008-10-17,8.933602333068848,9.248059045488631,8.778268337935272,8.857829335265944,1612000
2008-10-20,9.005584716796875,9.107878025553228,8.683550627725786,8.990429831370136,1032800
2008-10-21,8.850257873535156,9.016957411575845,8.72144413428762,8.899509845541429,918200
2008-10-22,8.554742813110352,8.801004087863875,8.38425384917511,8.702499433437426,1172400
2008-10-23,8.513066291809082,8.657034889169058,8.031909986487832,8.588839313853816,1513200
2008-10-24,8.221339225769043,8.395616109825733,7.808377903395744,7.922036677987076,1344000
2008-10-27,8.213761329650879,8.524429304229493,8.024329567334668,8.137988335674464,1391200
2008-10-28,8.399406433105469,8.437292939399528,7.944769802826754,8.38046354127094,2079200
2008-10-29,8.524435997009277,8.88435691704427,8.312272458974379,8.46760656822096,1556800
2008-10-30,8.596416473388672,8.68734366322954,8.350155243908182,8.550952517155702,1013200
2008-10-31,8.903297424316406,8.937395216942953,8.471393014547079,8.543376601091834,885600
2008-11-03,8.388039588928223,8.81236712452495,8.247860466341542,8.81236712452495,1650600
2008-11-04,8.005387306213379,8.569894688929336,7.9371924672954615,8.569894688929336,1340800
2008-11-05,7.78564453125,7.986442443694623,7.721237708211142,7.933401785647835,1224000
2008-11-06,7.728818893432617,7.857632601875253,7.509077988905492,7.721241446435963,957600
2008-11-07,7.630314350128174,7.868998875268056,7.512866810644732,7.7742829544467025,878400
2008-11-10,7.618947505950928,7.853842541873709,7.444669867810643,7.778070252676843,829000
2008-11-11,7.47498083114624,7.6719901339417,7.43330631439637,7.546965138441731,1284800
2008-11-12,7.262815475463867,7.486345064492945,7.168099572404936,7.357531378522799,1599400
2008-11-13,7.732610702514648,7.732610702514648,6.880167086114328,7.289339993081466,1050800
2008-11-14,7.168102741241455,7.679568988390947,7.168102741241455,7.596218494371951,915000
2008-11-17,6.99382209777832,7.334799934826026,6.990034097477799,7.103692894743695,684200
2008-11-18,6.918050289154053,7.145368622149132,6.6793657865904486,6.997611308258548,1165800
2008-11-19,6.44447135925293,6.9862465436401004,6.440682635693388,6.865010280235304,1128800
2008-11-20,6.304290294647217,6.815756317173882,6.285347403030486,6.421738535070929,1069200
2008-11-21,6.743771553039551,6.789235501390635,6.152744560225116,6.402794469593721,1384800
2008-11-24,7.122636318206787,7.2817590798271015,6.546764120432136,6.834700580631993,1332600
2008-11-25,7.2021989822387695,7.334801421000167,6.963514447943224,7.217353154386416,888200
2008-11-26,7.501498699188232,7.520442312026424,6.736194806148784,6.948358211561952,1284200
2008-11-28,7.300702095031738,7.471190289620762,7.149156792299827,7.372685662188768,319800
2008-12-01,6.971094131469727,7.331015048900048,6.933207605009895,7.137794414317755,1536400
2008-12-02,7.137791633605957,7.168100698441063,6.834700985254898,7.107482568770851,814800
2008-12-03,7.31206750869751,7.493922593795039,6.986245289923813,6.986245289923813,1103400
2008-12-04,7.368896484375,7.876573709369339,7.088536815840906,7.1984075944049275,1112200
2008-12-05,7.573483467102051,7.58106091272196,6.986245161433866,7.232506363081008,1342000
2008-12-08,7.808379650115967,7.914461004098117,7.516654481415,7.687143404064923,1209800
2008-12-09,7.565909385681152,7.9978145839387675,7.493925788159307,7.751552550165658,1166200
2008-12-10,7.78564453125,7.827319746929488,7.524229240055312,7.618945113781588,993800
2008-12-11,7.4522480964660645,7.717452943080543,7.380263799934979,7.709875496577256,1023600
2008-12-12,7.558332443237305,7.645470936246486,7.198411575416371,7.315859140890715,836800
2008-12-15,7.308279991149902,7.577272829745857,7.164311402714704,7.577272829745857,744200
2008-12-16,7.77049446105957,7.815957699730362,7.372687148251824,7.414362385887674,1073200
2008-12-17,7.815956115722656,7.98265630985689,7.607581415023617,7.702297319454999,667400
2008-12-18,8.115259170532227,8.156934402032698,7.759127147789671,7.834900164585974,1159600
2008-12-19,8.130416870117188,8.43729707101097,8.024335467697432,8.213767369304547,1700800
2008-12-22,7.850055694580078,8.225130675199898,7.5962169837413915,8.126626747971603,770800
2008-12-23,7.630314350128174,7.97508024410789,7.558330770594038,7.944771178350061,712000
2008-12-24,7.630314350128174,7.728818994497397,7.558330770594038,7.671989586529611,447600
2008-12-26,7.853840351104736,7.9334020635870575,7.6568311534221065,7.6568311534221065,489800
2008-12-29,7.653048038482666,7.865211536131863,7.53938847991594,7.853845363487614,513400
2008-12-30,7.877801895141602,7.896848514032252,7.637810428260565,7.744473383161242,664200
2008-12-31,8.014938354492188,8.10636341565674,7.828278037210037,7.912084888213892,851800
2009-01-02,8.197787284851074,8.277783929270253,7.984461446569875,8.03779326943102,567200
2009-01-05,8.110172271728516,8.25492842599818,7.942559308957,8.213025003659865,622000
2009-01-06,8.152074813842773,8.331116177490818,7.900655737714872,8.19778770340318,1182400
2009-01-07,7.96922492980957,8.16350344431203,7.919703297445454,8.003509416285402,841200
2009-01-08,8.133026123046875,8.136835590085715,7.908272653826158,7.9692226732845,872000
2009-01-09,7.4854302406311035,8.133025017579742,7.4701931011283715,8.133025017579742,1128800
2009-01-12,7.4244794845581055,7.599711294037886,7.352101081082889,7.458763953226293,889400
2009-01-13,7.500669002532959,7.645425114713888,7.3863871729970905,7.394006106949122,900200
2009-01-14,7.218776702880859,7.39781733385797,7.058782684733463,7.39781733385797,1207200
2009-01-15,7.374962329864502,7.4359123717161255,6.9902147365625,7.142589841191557,1023800
2009-01-16,7.4473371505737305,7.466384485349263,7.134968126070294,7.443528410200153,991200
2009-01-20,7.058782577514648,7.424482769678664,7.035925770568126,7.374961141124589,630200
2009-01-21,7.237823009490967,7.268298024678188,6.834028876614866,7.161635108232076,1014200
2009-01-22,7.1349711418151855,7.314012531473133,6.9559304787390746,6.9711676264182705,649800
2009-01-23,7.104494571685791,7.230204100617736,6.91783501215543,6.963547898395081,664800
2009-01-26,7.131160736083984,7.43972111008284,7.005451196278363,7.119733058471853,1310200
2009-01-27,7.241634845733643,7.333059921197706,7.096877931312441,7.157828708203729,425800
2009-01-28,7.287343978881836,7.409244755208552,7.199728408950242,7.32924739344982,1020000
2009-01-29,6.917835235595703,7.279726689721563,6.910216299879397,7.23020433414727,997600
2009-01-30,6.910218238830566,7.016881189042516,6.769271521438891,6.948312201519255,1247600
2009-02-02,6.814980983734131,6.925453358916429,6.761649893139429,6.81117151632285,1088200
2009-02-03,6.971168518066406,7.077831471790861,6.666418259685006,6.841649476608829,1568200
2009-02-04,6.879737377166748,7.249247557194898,6.830215776293343,7.237819160109671,1100000
2009-02-05,6.5445146560668945,6.738793114345449,6.369282806282073,6.5178491135430505,1332600
2009-02-06,6.75784158706665,6.910216676795543,6.5254691211165,6.5254691211165,1228600
2009-02-09,6.654989719390869,6.769271608934071,6.548327494382178,6.704512089500831,750400
2009-02-10,6.517850399017334,6.834028957809373,6.498803060185474,6.624512590149015,1500200
2009-02-11,6.468329429626465,6.609276860834974,6.380713831984822,6.5483268166858455,974400
2009-02-12,6.502612590789795,6.521659929805719,6.300715883292837,6.44928149470859,885600
2009-02-13,6.426424980163574,6.574990581539036,6.354046549957889,6.4873750077320524,1115000
2009-02-17,6.304524898529053,6.388331740678248,6.129293731456593,6.289287753235749,1445000
2009-02-18,6.175006866455078,6.361667193413722,6.117866291087784,6.338810382001335,1048200
2009-02-19,6.175006866455078,6.319763765739516,6.0645351842892214,6.220719762698016,887800
2009-02-20,6.175006866455078,6.258813721803491,6.022632119905933,6.072153758135765,1161600
2009-02-23,6.091198921203613,6.2321463098867405,6.041676934451046,6.201671297006824,1109600
2009-02-24,6.110246658325195,6.2245277824599725,6.007393210654896,6.18262436453911,1258000
2009-02-25,6.106438636779785,6.266432684407521,5.969300674075486,6.072153782812791,1469400
2009-02-26,5.8473992347717285,6.224527818497943,5.786448841378576,6.224527818497943,1151200
2009-02-27,5.775021076202393,5.9464431348402655,5.748355527587192,5.77121160831712,1039400
2009-03-02,5.626455783843994,5.797877852300171,5.607408806617558,5.691214925148478,833000
2009-03-03,5.43217658996582,5.675976705410367,5.4169390827505355,5.675976705410367,1184400
2009-03-04,5.519791603088379,5.580741625737871,5.371226013702941,5.485507124525342,987400
2009-03-05,5.19980525970459,5.439796321992773,5.169330238775066,5.375036811694808,883600
2009-03-06,5.093142032623291,5.321705023544041,5.062667015605972,5.234089077151105,1499200
2009-03-09,5.0360026359558105,5.272184254329528,5.009336717405382,5.032193167121329,910400
2009-03-10,5.310276508331299,5.35217992831949,5.09314192581377,5.12742641006198,1232800
2009-03-11,5.184567928314209,5.321705890524703,5.146474332482008,5.321705890524703,1612800
2009-03-12,5.256945610046387,5.295039200313811,5.009335638499234,5.16552055745553,1655200
2009-03-13,5.371226787567139,5.409320375566042,5.142663806410342,5.264563869272184,1186200
2009-03-16,5.302659034729004,5.523603130901802,5.279802586063472,5.451225042827648,1248200
2009-03-17,5.546457767486572,5.546457767486572,5.302657302300184,5.3293228476223105,751600
2009-03-18,5.679784774780273,5.717878715085884,5.489315799833701,5.53502831022599,1389600
2009-03-19,5.714069843292236,5.7559728913583665,5.5655038965819585,5.7331168154280325,606400
2009-03-20,5.54265022277832,5.801687920900739,5.493128219079242,5.729309831365738,989200
2009-03-23,5.889302730560303,5.889302730560303,5.561696112587921,5.599789702608414,827400
2009-03-24,5.706450939178467,5.881682429827368,5.691213434047727,5.881682429827368,932000
2009-03-25,5.675978183746338,5.900731746178053,5.5426500517093515,5.733119123154409,913000
2009-03-26,6.0454864501953125,6.095008437343627,5.6874048643493325,5.72168934493592,1179200
2009-03-27,5.9388251304626465,6.049297166667219,5.86263758192344,5.9464437036711235,679000
2009-03-30,5.908132553100586,5.919642165943201,5.700964278274264,5.842912877148562,589200
2009-03-31,5.977190017700195,6.134484434080868,5.82373213973672,5.965680768321045,762200
2009-04-01,6.011717796325684,6.0500824466124685,5.854423388720222,5.869769175660452,696600
2009-04-02,6.406869411468506,6.614037253963535,6.10762615925958,6.126808475304601,872200
2009-04-03,6.5373125076293945,6.568004084727635,6.326307274802191,6.387690428998671,862800
2009-04-06,6.560328960418701,6.579510915715181,6.368506480475141,6.483599675743402,945000
2009-04-07,6.245741844177246,6.560330676496975,6.2188860752945665,6.498947525397754,848400
2009-04-08,6.452908039093018,6.4874361436525385,6.291777128396815,6.310959815232483,425000
2009-04-09,6.894101619720459,6.901774696711687,6.498947667355886,6.568003896787143,994600
2009-04-13,6.924790382385254,6.966991556945694,6.771332563635379,6.844225301945795,718200
2009-04-14,6.909444808959961,6.951645982558904,6.625547667804766,6.79051509360654,1252600
2009-04-15,6.9324631690979,7.039884003645457,6.782841893482558,6.897935069841349,780600
2009-04-16,7.185672283172607,7.220200399442646,6.882593045823847,6.982340855965633,751800
2009-04-17,7.300764083862305,7.373656101718802,7.147305509597712,7.193343228226032,894200
2009-04-20,6.993847370147705,7.273908012324346,6.848062608879422,7.1664878929934055,1030600
2009-04-21,7.250891208648682,7.319947433870692,6.8787557781959965,6.963157424720203,996200
2009-04-22,8.359624862670898,8.601320889588152,6.598694262255257,6.598694262255257,2672200
2009-04-23,8.16396713256836,8.363462007455075,7.849377568997822,8.363462007455075,1677800
2009-04-24,8.198493003845215,8.378805869124779,8.148618749957567,8.183146854419883,1296600
2009-04-27,8.117927551269531,8.263713050447679,7.95296009618386,8.190820300858606,1046400
2009-04-28,8.198493003845215,8.36729625705578,8.087235615745602,8.087235615745602,922400
2009-04-29,8.102582931518555,8.286732360662326,8.045035594634438,8.233021561686803,1306800
2009-04-30,7.991325378417969,8.244531021706228,7.968306883140337,8.137110157502661,1396800
2009-05-01,7.730446815490723,8.02201711129008,7.688246361920733,7.972143581891078,1180600
2009-05-04,7.964468955993652,7.975978567497135,7.711263356874185,7.837866156433919,1011200
2009-05-05,7.918432712554932,7.983652393033117,7.768811393941063,7.945287745973341,1173600
2009-05-06,7.853211879730225,8.056543967089617,7.761137179344275,7.945286580116174,827000
2009-05-07,7.6306962966918945,8.018177706580607,7.580822785124517,7.975977268098833,997400
2009-05-08,7.715102195739746,7.841705033069745,7.592335896722154,7.707429119114931,822800
2009-05-11,7.477238178253174,7.653715193054244,7.296925358815651,7.5347847604783835,805400
2009-05-12,7.243216037750244,7.542459349937846,7.101267821833619,7.492585830445566,711600
2009-05-13,7.116613388061523,7.1664876403452,6.905608962461938,7.143469148692164,1612200
2009-05-14,7.327619552612305,7.41969426362509,7.0974324092079595,7.166488625403739,1280000
2009-05-15,7.342966556549072,7.4465509031966395,7.212527171528782,7.308438440999883,894200
2009-05-18,7.477238178253174,7.496420860157906,7.350635404659914,7.408181986885125,970200
2009-05-19,7.454220771789551,7.542458926103086,7.362146080539176,7.477239261665995,520200
2009-05-20,7.561645030975342,7.764977209805513,7.438878708566559,7.484916445342353,1179000
2009-05-21,7.277742385864258,7.56163948100043,7.1741588346991225,7.404345154394503,809200
2009-05-22,7.124287128448486,7.423530474887442,7.1012686346438665,7.3506377241373,621200
2009-05-26,7.507930755615234,7.611515056713113,6.990009981870434,7.097430819869485,1010400
2009-05-27,7.481080532073975,7.5961737860232414,7.385169243201231,7.454225488268817,946600
2009-05-28,7.465733528137207,7.607682541542237,7.331458324335803,7.534789765375061,678800
2009-05-29,7.600008487701416,7.600008487701416,7.408185956338721,7.519443375766629,540800
2009-06-01,7.872394561767578,8.010506246394339,7.672899011840991,7.699754041303287,686200
2009-06-02,8.04119873046875,8.110254946532029,7.749629178693413,7.818684663011937,1374000
2009-06-03,8.045034408569336,8.052707483255295,7.903086185602481,7.998997423942936,764800
2009-06-04,8.121763229370117,8.125599766494588,7.906922272612125,8.05654356174336,629800
2009-06-05,8.05654525756836,8.259877377497018,8.00283519000957,8.163966124430727,824800
2009-06-08,8.071892738342285,8.163967468636752,7.964471853792952,8.052710045523703,974200
2009-06-09,8.106416702270508,8.167800561650559,8.03736123248908,8.083398212343365,511800
2009-06-10,8.129438400268555,8.206166967313024,8.05270910147926,8.117928785926713,1298000
2009-06-11,8.904399871826172,9.16911511996821,8.271385784308038,8.424843634048079,3293200
2009-06-12,8.839179039001465,8.94276260812281,8.616664289699264,8.866034065504948,1353000
2009-06-15,8.789305686950684,8.819997253474838,8.658866346286855,8.724086016618768,1358800
2009-06-16,8.647361755371094,8.892894409351346,8.635852137811383,8.785473507362472,845600
2009-06-17,8.666542053222656,8.827673009352429,8.620504323580628,8.678051668569386,1048400
2009-06-18,8.53226375579834,8.70106774176542,8.4555352034458,8.639684607185515,1397000
2009-06-19,8.509244918823242,8.678048897957344,8.463207203879522,8.62050157134153,1136400
2009-06-22,8.286731719970703,8.463208059652956,8.263713226043611,8.463208059652956,968200
2009-06-23,8.286731719970703,8.38647950264774,8.225348581668639,8.340441783048828,1177600
2009-06-24,8.271384239196777,8.451697819235038,8.210001110767253,8.37880507982075,828400
2009-06-25,8.436349868774414,8.440186404949635,8.15245277750817,8.271382471962195,856000
2009-06-26,8.4171724319458,8.467045965471115,8.259878023161164,8.455537082520191,1082400
2009-06-29,8.494284629821777,8.575255666585932,8.397890118189158,8.478861154953313,839000
2009-06-30,8.50585651397705,8.660087676408256,8.467298539511201,8.482722023470417,787200
2009-07-01,8.540556907653809,8.62923971636864,8.467296844378405,8.582970744618313,841800
2009-07-02,8.29764175415039,8.490430824263,8.208958958402256,8.401748028514865,799000
2009-07-06,8.32077693939209,8.336200419311051,8.151122337443505,8.278363105046942,841600
2009-07-07,8.220525741577148,8.336199623632455,8.189679520115453,8.297641662947353,904400
2009-07-08,8.309209823608398,8.343911920057826,8.216671144887274,8.274507727158971,968200
2009-07-09,8.158835411071777,8.432596340927176,8.1241333110136,8.328490040752639,1092000
2009-07-10,8.193535804748535,8.347766919869173,8.120275749279244,8.127987488893268,911400
2009-07-13,8.513568878173828,8.521280620717052,8.193538916952503,8.243663772618964,1037800
2009-07-14,8.486571311950684,8.606100278194601,8.421023026830156,8.501994048515241,1595800
2009-07-15,8.67165470123291,8.687078184146047,8.135701172347815,8.347768914378454,2506400
2009-07-16,8.737198829650879,8.941555467349716,8.621525705176392,8.806602998508287,1634400
2009-07-17,8.733341217041016,8.887572264023161,8.679360534455176,8.771899162644463,776200
2009-07-20,8.849020004272461,8.89914484679621,8.721779227400727,8.798894426316656,674400
2009-07-21,8.810461044311523,8.883721100143758,8.617671965597626,8.883721100143758,805400
2009-07-22,8.987825393676758,9.053373700740176,8.714065292985456,8.76033425359971,1335800
2009-07-23,9.130489349365234,9.226883872503917,8.876007867113657,8.945412041442605,965400
2009-07-24,9.07651138305664,9.138203837595391,8.90685676535904,9.037953415111904,631000
2009-07-27,8.991681098937988,9.064941143244642,8.84130587653704,9.037950794140048,690000
2009-07-28,9.122776985168457,9.122776985168457,8.960834167987818,8.960834167987818,556400
2009-07-29,9.080365180969238,9.192183198001683,8.937701676641177,9.091932790279065,604800
2009-07-30,9.180615425109863,9.39268384608625,9.14976920293191,9.203750643317289,525800
2009-07-31,9.29243278503418,9.30785552731988,9.0495181590053,9.142056819015194,637200
2009-08-03,9.27701187133789,9.334848457900218,9.107357982146015,9.330993322837214,729600
2009-08-04,9.369550704956055,9.46209012743635,9.196040942527748,9.219175430431767,862200
2009-08-05,9.138205528259277,9.438956115919687,9.091935811078796,9.34641741699093,679600
2009-08-06,9.122776985168457,9.32327775604578,9.068796291252177,9.149767332126597,540600
2009-08-07,9.34255599975586,9.427383641656998,9.161334580531024,9.161334580531024,1103000
2009-08-10,9.226886749267578,9.342559918925902,9.176761169765447,9.342559918925902,479000
2009-08-11,9.09192943572998,9.184468069769753,8.987823196648353,9.13819912046571,763200
2009-08-12,9.157478332519531,9.284719054669901,9.068795560960854,9.118920381927838,560800
2009-08-13,9.049522399902344,9.180619080210452,8.864444993149336,9.13435009623832,301400
2009-08-14,8.964689254760742,9.08807410747977,8.914564434130536,9.007103073669807,687600
2009-08-17,8.771906852722168,8.868301433521312,8.729493001832212,8.810464832128284,372400
2009-08-18,8.887575149536133,8.953123457713952,8.77961374931282,8.77961374931282,922200
2009-08-19,8.995537757873535,9.041807457137601,8.76033486285905,8.837450783155186,488400
2009-08-20,9.030241012573242,9.06494310763684,8.906856112539124,8.98397130734444,321200
2009-08-21,9.157478332519531,9.219170759293545,8.999391396982155,9.111208644723153,767800
2009-08-24,8.987825393676758,9.192182053446679,8.941556433062503,9.192182053446679,410000
2009-08-25,9.061087608337402,9.250020836174293,9.037953122492407,9.057231738124562,639000
2009-08-26,9.080365180969238,9.253875643456839,9.014816865744141,9.080365180969238,670400
2009-08-27,9.223031044006348,9.238453790368599,8.91456876244042,9.149770976347405,317200
2009-08-28,9.369550704956055,9.458234256880328,9.242309918335785,9.292435500131955,1192400
2009-08-31,9.604753494262695,9.678013562692252,9.234598752489958,9.304002214998274,1800400
2009-09-01,9.489078521728516,9.705002080146397,9.454376429339504,9.550770966990767,1305600
2009-09-02,9.550769805908203,9.63559672397344,9.408105583937894,9.492933237435002,907600
2009-09-03,9.705000877380371,9.70885674666039,9.508355956690679,9.543058044778968,874800
2009-09-04,9.658730506896973,9.76283676389118,9.616317418642597,9.647163635296605,518400
2009-09-08,9.917071342468262,9.917071342468262,9.678013263000786,9.77440781594814,511000
2009-09-09,10.001898765563965,10.02503325176244,9.843811761582275,9.897792474522738,531600
2009-09-10,10.025031089782715,10.0790117910818,9.863088250453565,10.009607612021892,370800
2009-09-11,10.109855651855469,10.198539157420518,9.947912850318575,9.971048061560792,487200
2009-09-14,9.967196464538574,10.044311662099096,9.90164814212451,10.025033046566977,757200
2009-09-15,9.955625534057617,10.055875919344635,9.878510362212692,9.959481402964633,597200
2009-09-16,10.402900695800781,10.433746925456305,9.982620357099202,9.982620357099202,890600
2009-09-17,10.306500434875488,10.507001184439973,10.279510090786369,10.375904597065635,360200
2009-09-18,9.577762603759766,10.16769751802157,9.292434822315773,10.102149194214702,4930400
2009-09-21,10.055878639221191,10.171551795991322,9.427386546021365,9.531492092941683,1255800
2009-09-22,9.859230041503906,10.13299082334228,9.851518304453423,10.090577004996344,651800
2009-09-23,9.697291374206543,10.013465373732656,9.693435504037684,10.013465373732656,574400
2009-09-24,9.58932876586914,9.774406098504755,9.543059064994264,9.712713654292884,544200
2009-09-25,9.454375267028809,9.62788497221081,9.415817309622186,9.550769792829433,570800
2009-09-28,9.608604431152344,9.666440987928771,9.469796106543543,9.489075449090164,402800
2009-09-29,9.643465042114258,9.720922889317094,9.57762609359968,9.682193965715676,426000
2009-09-30,9.620226860046387,9.751904741699102,9.47693008106219,9.678319869318422,981000
2009-10-01,9.37623119354248,9.554383849952183,9.349121183341355,9.55051088582454,427000
2009-10-02,9.349124908447266,9.511785773157696,9.271667811109191,9.271667811109191,935400
2009-10-05,9.511784553527832,9.511784553527832,9.33363258767004,9.35686964002267,685600
2009-10-06,9.759650230407715,9.763522457316482,9.562133416891,9.589243437408316,1038400
2009-10-07,10.228265762329102,10.25924874170658,9.740283283114442,9.75577514214943,1895800
2009-10-08,10.774341583251953,10.964112430399899,10.336706893085061,10.336706893085061,2105600
2009-10-09,10.789834022521973,10.875037038464543,10.681393216028427,10.793706987613803,938000
2009-10-12,10.576828002929688,10.797581897172583,10.538099081079958,10.712378860057372,806200
2009-10-13,10.518730163574219,10.615552054430898,10.437400129826962,10.576823150349744,389200
2009-10-14,10.596190452575684,10.658156418136382,10.491622608682286,10.600063417759799,614400
2009-10-15,10.530352592468262,10.720123473628778,10.425784737943289,10.557462612820814,435400
2009-10-16,10.507111549377441,10.569078240766007,10.305722572461196,10.46063745420155,559800
2009-10-19,10.662031173706055,10.785963125638308,10.510988460932507,10.565209243922395,531000
2009-10-20,10.480006217956543,10.65815896554328,10.348328324994574,10.646540067213898,649000
2009-10-21,10.18953800201416,10.681393501430255,10.16630094953486,10.425783708080214,751200
2009-10-22,10.452898979187012,10.557466875936608,10.088848193480798,10.166306058930784,635800
2009-10-23,10.177919387817383,10.4993680976596,10.123698616211765,10.452893256096578,519800
2009-10-26,10.177919387817383,10.545842200530076,10.119825651190467,10.154681597689597,699000
2009-10-27,10.181793212890625,10.328962202668498,10.015259396370526,10.177920247542179,788200
2009-10-28,9.902945518493652,10.239886113519002,9.81774249775617,10.16242828470849,663600
2009-10-29,9.995898246765137,10.150813224227633,9.887458131887831,10.053991270976963,734400
2009-10-30,9.906816482543945,9.988147260234749,9.748028630382205,9.937799460070812,1023000
2009-11-02,9.910688400268555,10.414161916574534,9.809993549268885,10.414161916574534,1409400
2009-11-03,10.046242713928223,10.09271682226695,9.751903985909946,9.837107010326038,1620200
2009-11-04,9.755781173706055,10.150814220326781,9.740289305093148,10.065611159034654,1209800
2009-11-05,10.53809642791748,10.60006313049142,10.11595357598527,10.154681749391715,1509600
2009-11-06,10.429655075073242,10.553586987562076,10.220519418728987,10.460638053195451,774600
2009-11-09,10.758848190307617,10.758848190307617,10.503238471502009,10.541966634775541,871800
2009-11-10,10.607812881469727,10.933134701025004,10.5419739242099,10.700761867243681,999600
2009-11-11,10.480006217956543,10.778217960175867,10.30185420906256,10.723997912024265,820200
2009-11-12,10.127572059631348,10.507113785336426,10.100462041894211,10.491622663212025,522800
2009-11-13,10.309598922729492,10.414166040563497,10.007514250105555,10.189539203594721,635200
2009-11-16,10.723995208740234,10.824690086133636,10.421910576560027,10.421910576560027,683800
2009-11-17,10.491625785827637,10.658159645712647,10.452896860950899,10.658159645712647,637600
2009-11-18,10.437399864196777,10.65428068736228,10.247628312898026,10.526475824231776,517800
2009-11-19,10.104334831237793,10.464512463345523,10.007512918894536,10.363817585865426,414800
2009-11-20,10.224396705627441,10.2515067306084,9.995896868369673,9.995896868369673,608800
2009-11-23,10.224396705627441,10.476133601627064,10.139193664445457,10.35607460298591,406800
2009-11-24,10.096590995788574,10.259251871821567,9.95716717670523,10.259251871821567,568200
2009-11-25,10.108214378356934,10.17018038351049,10.026883534909732,10.119832542640069,373600
2009-11-27,9.895201683044434,10.046244407336856,9.779015653920501,9.79450751843983,167400
2009-11-30,9.902945518493652,9.953293328828266,9.682191666684071,9.910691449113223,585800
2009-12-01,10.181793212890625,10.247631407736367,10.026877553723253,10.030750519071697,993800
2009-12-02,10.290234565734863,10.418039483334145,10.108209603909435,10.158556682306187,314000
2009-12-03,10.255375862121582,10.402545569406263,10.23601177685952,10.294104771338208,577200
2009-12-04,10.4335298538208,10.600063667193663,10.317343111641025,10.410292062169288,467600
2009-12-07,10.41029167175293,10.456766514620416,10.336707550360545,10.402546480185487,389400
2009-12-08,10.278616905212402,10.37156587354567,10.162430140776264,10.340582884101249,319400
2009-12-09,10.294108390808105,10.336710279794723,10.07722745710787,10.255379467974159,367600
2009-12-10,10.313467025756836,10.449017814605844,10.239882923869624,10.313467025756836,389200
2009-12-11,10.418034553527832,10.452890490805895,10.332831561677205,10.332831561677205,476000
2009-12-14,10.472260475158691,10.53422645227976,10.309599600542706,10.445149713812098,379200
2009-12-15,10.425786972045898,10.62717679309514,10.375439886129994,10.433532904861519,455400
2009-12-16,10.743359565734863,10.82469035819745,10.421910838500528,10.472258647808937,779200
2009-12-17,10.561335563659668,10.73174161669294,10.522606646627507,10.73174161669294,325200
2009-12-18,10.406421661376953,10.859548336385474,10.143065885995217,10.654285572939656,1241600
2009-12-21,10.518730163574219,10.600060936013879,10.39867122574581,10.452891248243981,323000
2009-12-22,10.491625785827637,10.561337702867204,10.460642793664807,10.545845837439389,222400
2009-12-23,10.526477813720703,10.584570809997263,10.456765922711819,10.51485891898838,311200
2009-12-24,10.572952270507812,10.631046007428802,10.51098630723847,10.530351132442982,183600
2009-12-28,10.472260475158691,10.572954633960892,10.429658588878187,10.572954633960892,176400
2009-12-29,10.56908130645752,10.615555415113798,10.433530468606872,10.499369404780465,140800
2009-12-30,10.70907211303711,10.70907211303711,10.530198342894808,10.537975624571082,205800
2009-12-31,10.584635734558105,10.810171666716935,10.557415995765494,10.736289730474775,204600
2010-01-04,10.732401847839355,10.747955667526153,10.604079683273461,10.662407805042994,676800
2010-01-05,10.584635734558105,10.75184354906387,10.491310597976755,10.728512450339098,498600
2010-01-06,10.627408981323242,10.677959813835214,10.405761711179197,10.596300605543064,629000
2010-01-07,10.767395973205566,10.802392985190844,10.537971446494133,10.627407925264459,494400
2010-01-08,10.860722541809082,10.864611181624817,10.650740441852621,10.759620131646587,437000
2010-01-11,10.736288070678711,10.880164022534682,10.689625138760848,10.880164022534682,206800
2010-01-12,10.631299018859863,10.7401787192476,10.510754139572128,10.650741478148044,291200
2010-01-13,10.650740623474121,10.666295183002307,10.51075329613156,10.635186805628157,828800
2010-01-14,10.677959442138672,10.68962536078097,10.53019484774701,10.588522957594188,323200
2010-01-15,10.670181274414062,10.732398014302492,10.58074406185266,10.68573508854515,626000
2010-01-19,10.75184440612793,10.779064147090315,10.607968420560375,10.654630621729517,562800
2010-01-20,10.53019905090332,10.670187163758891,10.362991192033043,10.646855317161329,561800
2010-01-21,10.164670944213867,10.58074573618974,10.032460165608914,10.54963736132282,1039000
2010-01-22,10.188004493713379,10.394097233709672,10.114121812857695,10.129675632063885,636800
2010-01-25,10.211333274841309,10.296881115257097,10.094676319712015,10.273550020904086,469400
2010-01-26,10.335766792297363,10.401872177861337,10.137450635605443,10.211333299866853,467400
2010-01-27,10.53408432006836,10.565192697224944,10.28521730281569,10.28521730281569,416000
2010-01-28,10.32021427154541,10.561304007960475,10.254108877686658,10.522418351276114,415600
2010-01-29,10.285216331481934,10.41742710733201,10.222999583044503,10.35909825670004,664400
2010-02-01,10.3240966796875,10.355205040156152,10.176332152881855,10.355205040156152,562800
2010-02-02,10.557414054870605,10.572968612282379,10.269661417891863,10.359097897963204,1357400
2010-02-03,9.736930847167969,10.14911699415472,9.616385247172005,9.911915175362441,3878000
2010-02-04,9.336409568786621,9.721375968122413,9.309189834745018,9.643604663704583,1241800
2010-02-05,9.386960983276367,9.398626902171696,9.141982619931882,9.324744232532302,973400
2010-02-08,9.678600311279297,9.87691644205675,9.491950097023583,9.600829759513761,913600
2010-02-09,9.729147911071777,9.857469973807087,9.68248500567634,9.756367630185068,727800
2010-02-10,9.721380233764648,9.822482677197694,9.666940741793951,9.775819725735346,373000
2010-02-11,9.861363410949707,9.884694504162663,9.596941882262602,9.65138134698686,388600
2010-02-12,10.071344375610352,10.071344375610352,9.701932569741228,9.799146319972374,563000
2010-02-16,10.230779647827148,10.335770725146185,10.009132312386336,10.13356585216487,934000
2010-02-17,10.327991485595703,10.370765784916683,10.242443628636005,10.254109548909616,374400
2010-02-18,10.487422943115234,10.506866145280952,10.257998349336031,10.289106731118855,360600
2010-02-19,10.499086380004883,10.565191768361089,10.429092352135706,10.491309100978942,629800
2010-02-22,10.596301078796387,10.670183752704887,10.460201650548797,10.499087307431282,669000
2010-02-23,10.654627799987793,10.728510464234757,10.475754840074439,10.55352540198724,621200
2010-02-24,10.70907211303711,10.790731345590784,10.60408103545461,10.662409164661865,410000
2010-02-25,10.763508796691895,10.794617173608486,10.557415336068088,10.59241235280953,227600
2010-02-26,10.720735549926758,10.802395510879206,10.627410410039875,10.802395510879206,734800
2010-03-01,10.907384872436523,10.922939431893697,10.7401778083652,10.751842986275863,446000
2010-03-02,11.047370910644531,11.086256560459226,10.86072068155249,10.90738286798446,678200
2010-03-03,11.074591636657715,11.140697024769258,11.000709711231162,11.035705983354076,415800
2010-03-04,10.919049263000488,11.109588139575814,10.868498435207897,11.062925951102978,592600
2010-03-05,11.160137176513672,11.187356903892955,10.946266512552851,10.946266512552851,426600
2010-03-08,11.082367897033691,11.230132475987359,11.055148164727655,11.129030825045527,554800
2010-03-09,11.125143051147461,11.183471159437087,10.954046624040041,11.082368758950071,599000
2010-03-10,11.214578628540039,11.218467267669908,11.027928400398848,11.094033782242446,513600
2010-03-11,11.269017219543457,11.276794497200383,11.113475374815028,11.14069510493225,422400
2010-03-12,11.249577522277832,11.276797259061587,11.101812177334303,11.276797259061587,440800
2010-03-15,11.195136070251465,11.249575534198168,11.090145039769618,11.226244441318448,287800
2010-03-16,11.265132904052734,11.269021544373581,11.132922099873143,11.245690444130801,354000
2010-03-17,11.257352828979492,11.354566581417375,11.191247447654451,11.272906643694876,700000
2010-03-18,11.269017219543457,11.374008242865903,11.206800481652085,11.276794497200383,492200
2010-03-19,11.257352828979492,11.311792293006443,10.985154025480597,11.257352828979492,1230000
2010-03-22,11.424564361572266,11.521778152313523,11.132922989348495,11.183474575876073,638200
2010-03-23,11.471224784851074,11.537330177685302,11.412896671569628,11.412896671569628,1330600
2010-03-24,11.412896156311035,11.5723266715342,11.385676420787398,11.440115891834672,816000
2010-03-25,11.323460578918457,11.521776022694654,11.307906019267337,11.513999484551322,464200
2010-03-26,11.432336807250977,11.556770288098447,11.370120066827242,11.374008705813981,675000
2010-03-29,11.4517822265625,11.513998979071127,11.33901389908924,11.436227667594245,479600
2010-03-30,11.467394828796387,11.576682729334719,11.373719804533353,11.45568591605283,332600
2010-03-31,11.381525993347168,11.541554249348803,11.342494547976864,11.40104134380087,459000
2010-04-01,11.420557975769043,11.479104774346212,11.291754721114101,11.389332966897024,290800
2010-04-05,11.623518943786621,11.709387517575564,11.385427826034487,11.401039955603926,378200
2010-04-06,11.670356750488281,11.709388193358715,11.549359947606506,11.604003520947401,475200
2010-04-07,11.705487251281738,11.775743713220463,11.611812216851103,11.67426223980486,480200
2010-04-08,11.697680473327637,11.822581260078838,11.537652201087976,11.635230452183524,431200
2010-04-09,11.865513801574707,11.87332023942374,11.6196169650333,11.674260541050748,454000
2010-04-12,12.041155815124512,12.107509052788263,11.76012998762489,11.842096102133262,689400
2010-04-13,11.935772895812988,11.990416483928266,11.861613208754362,11.970901129447968,581400
2010-04-14,12.208989143371582,12.25192306093128,11.9552851344705,12.041154458515615,899000
2010-04-15,12.251922607421875,12.31437261652697,12.162150812391154,12.162150812391154,460000
2010-04-16,12.060667037963867,12.287048463472631,11.986507387265036,12.251920247060696,519000
2010-04-19,12.205084800720215,12.232406585141296,11.90064046475076,12.04505656814292,912600
2010-04-20,11.95528507232666,12.255826215996622,11.568875349520793,12.236310866703915,1987000
2010-04-21,12.138731002807617,12.166052785937115,11.92015599330888,11.998218124469908,843000
2010-04-22,12.2948579788208,12.333889422884235,11.84990145210112,11.94357647117564,1187200
2010-04-23,12.614912986755371,12.638332297098781,12.189471860199658,12.290953304966074,874600
2010-04-26,12.34169864654541,12.579789094598297,12.298763973937477,12.54075838618713,828400
2010-04-27,12.099700927734375,12.376822752930645,12.056766266859466,12.259729170769964,952200
2010-04-28,12.15434455871582,12.294857453555998,12.111410642096866,12.130925991063405,632400
2010-04-29,12.388531684875488,12.39633812175337,12.111409875875795,12.185568792827299,607000
2010-04-30,11.947477340698242,12.462690216529015,11.931864468357805,12.42365878014065,831000
2010-05-03,12.298762321472168,12.400243787524811,12.021639713316306,12.021639713316306,449000
2010-05-04,12.002120971679688,12.205083846457196,11.951380625216677,12.127020973246545,755800
2010-05-05,11.717194557189941,11.990413166640256,11.627422760276104,11.853804234146523,803000
2010-05-06,11.38932991027832,11.869414572016176,10.733604155483816,11.670354914706222,976000
2010-05-07,11.108304977416992,11.479102536903484,10.999017839898036,11.397137183764267,1088600
2010-05-10,11.600101470947266,11.697679715723122,11.303463517493109,11.553264330354093,801400
2010-05-11,11.764030456542969,11.892833682546623,11.412748998756891,11.494715094102546,521200
2010-05-12,11.826483726501465,11.904546625107029,11.623521530160353,11.7445183529823,981600
2010-05-13,11.705487251281738,11.834290516681735,11.615715436343589,11.799162285712372,595600
2010-05-14,11.506425857543945,11.685970205881029,11.350300822770105,11.623520191971492,525000
2010-05-17,11.494715690612793,11.701581059935837,11.135627777594841,11.580584264250394,960400
2010-05-18,11.287849426269531,11.732805906990253,11.237109075356543,11.611809112918666,992400
2010-05-19,10.97950267791748,11.299559914161923,10.897537317835155,11.22930346582687,675200
2010-05-20,10.780439376831055,11.03023931932466,10.675054746918107,10.780439376831055,1951400
2010-05-21,10.952180862426758,11.080984102548072,10.526739699261205,10.616512241043761,1078800
2010-05-24,10.757022857666016,10.97169539020591,10.741410729451207,10.917051080297217,649000
2010-05-25,10.90534496307373,10.928763533624734,10.429162646938089,10.604803787227945,898600
2010-05-26,11.02634048461914,11.166853380350362,10.901440463730431,11.014630828487256,1166800
2010-05-27,11.455679893493652,11.479098451131916,11.155138883362923,11.260523509428896,725000
2010-05-28,11.201981544494629,11.47129693392492,11.092693654568889,11.4400719288694,645000
2010-06-01,11.053665161132812,11.342496721069235,10.983408694898513,11.123921627367112,874000
2010-06-02,11.365912437438965,11.369814911470307,11.061468095060695,11.096596317045218,785200
2010-06-03,11.35420036315918,11.518131782676871,11.287847151819575,11.322975366320698,669400
2010-06-04,10.854605674743652,11.112212227301228,10.815574220985189,11.112212227301228,677800
2010-06-07,10.546257972717285,10.897539541613046,10.52674187505124,10.878024188410006,483600
2010-06-08,10.550162315368652,10.632127700902657,10.276942874662465,10.557968010803021,802000
2010-06-09,10.753120422363281,10.90534296420081,10.538448618657235,10.636026846607765,966200
2010-06-10,11.0731782913208,11.084887202912261,10.88973073545091,10.913149303096676,539200
2010-06-11,11.18636703491211,11.241010599657715,10.858504157513009,10.936567030974789,413800
2010-06-14,11.276141166687012,11.393235501266252,11.186369364633617,11.311269392614495,622400
2010-06-15,11.4517822265625,11.483007233367504,11.252722529007023,11.350300768330518,473400
2010-06-16,11.447876930236816,11.553261588253397,11.32297692568209,11.381523709759273,405400
2010-06-17,11.506425857543945,11.561070178061955,11.373719391870459,11.518135514325566,496200
2010-06-18,11.55716609954834,11.639131457534694,11.432266081018946,11.514231439005298,711800
2010-06-21,11.393233299255371,11.705483308857893,11.342492207405744,11.674258307897642,391200
2010-06-22,10.846797943115234,11.607907798425874,10.846797943115234,11.42836418709389,892600
2010-06-23,10.682866096496582,10.878022577478184,10.495515308962444,10.866312920612646,1378400
2010-06-24,10.167651176452637,10.600898751970712,10.097395476835453,10.600898751970712,1745000
2010-06-25,10.308164596557617,10.397936393308964,10.06617099275287,10.210586362402802,1112200
2010-06-28,10.308164596557617,10.499417846165512,10.171554919848306,10.32767994560344,483400
2010-06-29,9.927977561950684,10.17490285018509,9.861346809954643,10.167064509861754,935200
2010-06-30,9.884861946105957,10.084754174188213,9.849586803057532,9.97109040581387,855200
2010-07-01,9.939738273620605,10.022046471062295,9.504678522638182,9.873107507682548,1387000
2010-07-02,9.857426643371582,9.982849051541598,9.704568176861441,9.982849051541598,674000
2010-07-06,9.67713451385498,10.159227294929734,9.598745115557117,10.002449245910713,905200
2010-07-07,10.02204418182373,10.033802813448085,9.653615280936013,9.68497088435774,732200
2010-07-08,10.257211685180664,10.257211685180664,10.08083594691141,10.08867503474039,575800
2010-07-09,10.390473365783691,10.390473365783691,10.159225503907253,10.237614888385448,496200
2010-07-12,10.280729293823242,10.44926596217717,10.229776712672274,10.374796115039626,611600
2010-07-13,10.602124214172363,10.64523845326573,10.343440274765406,10.413990575981234,588600
2010-07-14,10.609964370727539,10.625642549276716,10.39831419335056,10.54333360704694,826800
2010-07-15,10.551173210144043,10.93136008755556,10.190583309296631,10.93136008755556,1782600
2010-07-16,10.159222602844238,10.500215356101094,10.120027921797558,10.461020675054414,855200
2010-07-19,10.076915740966797,10.237614040597144,10.010285741527586,10.20233889526079,1035400
2010-07-20,10.71578311920166,10.743219166895889,9.97500684115255,9.97500684115255,1290000
2010-07-21,10.566850662231445,10.89608495266434,10.547253685629595,10.833373730446334,938400
2010-07-22,10.927434921264648,11.072455014996427,10.64915410981289,10.684429247542882,1082200
2010-07-23,11.205720901489258,11.225317875703935,10.707949981639329,10.85297013258854,740800
2010-07-26,11.401691436767578,11.409530523973467,11.06853770628228,11.272349488176403,595400
2010-07-27,11.32330322265625,11.554551085941423,11.284109277754963,11.519275937469002,434000
2010-07-28,11.146933555603027,11.338986818203145,11.06462458730187,11.280195125174854,429000
2010-07-29,11.23315715789795,11.366418678067634,10.986231839687452,11.26059322130171,413000
2010-07-30,11.205720901489258,11.252753938635143,11.001909080319368,11.068539839256577,892400
2010-08-02,11.546713829040527,11.546713829040527,11.331144107591486,11.40561396035141,707000
2010-08-03,11.111651420593262,11.456563018239814,11.092053703491688,11.456563018239814,516600
2010-08-04,11.280191421508789,11.288029763115883,11.092057018981395,11.158687781890189,775200
2010-08-05,11.256671905517578,11.366416889439723,11.119491610085573,11.170444184449384,783800
2010-08-06,11.201802253723145,11.26059392864951,10.939198741313794,11.127332400108841,606800
2010-08-09,11.3585786819458,11.393853831383495,11.209639743546228,11.268431410083517,422400
2010-08-10,11.11557388305664,11.303707531178418,10.958795095378495,11.193962529319048,694800
2010-08-11,10.625640869140625,10.872566161632497,10.594285264576948,10.85688873313895,749200
2010-08-12,10.511977195739746,10.57076886566151,10.33952098273615,10.480621588609697,539000
2010-08-13,10.2376127243042,10.48061841918092,10.225854094845099,10.44534327838004,517200
2010-08-16,10.292486190795898,10.359116938032727,10.100433036425397,10.194499841775652,524400
2010-08-17,10.433587074279785,10.680512352016585,10.327761634859785,10.425747986713148,624000
2010-08-18,10.609964370727539,10.739306353451443,10.288569186236426,10.421830713597624,535600
2010-08-19,10.319925308227539,10.53941458577856,10.163147252833951,10.53941458577856,545400
2010-08-20,10.370878219604492,10.398315034284424,10.104355890904568,10.245455771374703,490400
2010-08-23,10.202339172363281,10.504136566383046,10.18666099730951,10.410069758790018,434400
2010-08-24,10.02988052368164,10.178819412265542,9.861343921089102,10.061236118519112,462600
2010-08-25,10.17098617553711,10.21018012805957,9.826073711756353,9.955415698779955,466600
2010-08-26,10.076915740966797,10.370874787052081,10.03772179954997,10.210177234998246,469000
2010-08-27,10.276808738708496,10.304245546327602,9.994608302815392,10.170984042483937,513000
2010-08-30,9.927977561950684,10.245453146131082,9.927977561950684,10.218017086057989,394800
2010-08-31,9.904462814331055,10.045562683840732,9.806476440815892,9.888784635731811,487800
2010-09-01,10.351279258728027,10.386554408979748,10.076917145120557,10.076917145120557,501000
2010-09-02,10.613887786865234,10.64132386175712,10.26505641025073,10.284653393008657,420800
2010-09-03,10.817691802978516,10.880402999134507,10.668752151425716,10.739302433995313,365000
2010-09-07,10.5982084274292,10.766744392271413,10.570771609937974,10.739308322357026,410600
2010-09-08,10.609964370727539,10.77458150761039,10.551172696321528,10.629562093914009,369200
2010-09-09,10.504138946533203,10.758904115848914,10.417911206928576,10.73538684793944,410600
2010-09-10,10.429668426513672,10.629560691176545,10.40615116179338,10.500218725521345,667000
2010-09-13,10.65699577331543,10.707948347041528,10.539411703246959,10.566847761989974,388400
2010-09-14,10.739303588867188,10.852968111358324,10.609961639439364,10.65699541540244,261400
2010-09-15,10.94703483581543,10.978390437036474,10.664833677249522,10.676592308048603,388200
2010-09-16,10.880406379699707,10.994070177706863,10.770661378540506,10.907842443095342,272600
2010-09-17,10.935277938842773,10.994069607006795,10.762821730995242,10.990150810362264,620400
2010-09-20,11.252753257751465,11.276270522478066,10.923519774921655,10.939197203829455,468800
2010-09-21,11.221394538879395,11.362495097782944,11.127327748802495,11.217475743422202,587800
2010-09-22,11.033262252807617,11.264510085877342,10.892162424930984,11.20963797212401,391800
2010-09-23,10.907841682434082,11.143009098474817,10.892164253405555,10.923519859039214,420800
2010-09-24,11.158684730529785,11.197879418154171,11.033262328192942,11.072457015817328,469200
2010-09-27,11.154767036437988,11.205720363070549,11.00582809586346,11.139089607334853,330200
2010-09-28,11.499678611755371,11.51535603971897,10.98231078015518,11.15476622563754,531800
2010-09-29,11.507546424865723,11.755400940768222,11.428862046591046,11.483941411539258,699600
2010-09-30,11.413126945495605,11.613771458027019,11.21248243296419,11.613771458027019,620400
2010-10-01,11.456401824951172,11.558690463668658,11.291165234914718,11.546888332488084,502800
2010-10-04,11.334443092346191,11.566561220702576,11.255759451622481,11.409193188865189,966000
2010-10-05,11.731796264648438,11.75540127865338,11.18100785206393,11.23215217413962,1485200
2010-10-06,11.877361297607422,11.877361297607422,11.672782523095215,11.739664016670751,1291600
2010-10-07,11.688519477844238,12.15275566013741,11.668848758414125,11.995387653526974,1464400
2010-10-08,11.979652404785156,12.02686243621066,11.613771284482862,11.664915610258811,797000
2010-10-11,11.601967811584473,11.928506722170908,11.578362797071804,11.928506722170908,1082400
2010-10-12,11.668848991394043,11.723927607209932,11.476073085648569,11.558691009372403,644600
2010-10-13,11.904899597167969,12.003254682322638,11.601965754798046,11.723925850280708,939200
2010-10-14,11.85769271850586,11.9206399336366,11.759337601065326,11.9206399336366,802600
2010-10-15,11.782938003540039,12.022923870539326,11.747530117355124,12.00718744911806,754600
2010-10-18,11.838019371032715,11.857690090004402,11.735729981522313,11.802611476571812,422000
2010-10-19,11.601967811584473,11.794743722615994,11.527217723506165,11.664915017211504,796600
2010-10-20,11.747535705566406,11.834087940529724,11.613772683102178,11.6531148809546,817400
2010-10-21,11.64130973815918,11.948177921410036,11.574428239901552,11.818349218955802,835600
2010-10-22,11.460334777832031,11.668847839158138,11.440664059951551,11.657044958195979,646800
2010-10-25,11.617707252502441,11.731798803541922,11.535088560020723,11.53902285493795,342800
2010-10-26,11.810483932495117,11.920641195439087,11.452471327147064,11.562628590091034,631800
2010-10-27,11.503609657287598,11.731793404749915,11.409188873895227,11.731793404749915,624400
2010-10-28,11.420995712280273,11.605903050056043,11.361982045612102,11.601968755585501,390000
2010-10-29,11.456401824951172,11.503611850453115,11.338375260416662,11.401322461345803,273400
2010-11-01,11.299036979675293,11.535089439986228,11.208550440846293,11.507550123854802,500200
2010-11-02,11.535085678100586,11.5901642924009,11.369849084809807,11.468204181997418,416400
2010-11-03,11.47607421875,11.582297917217197,11.330508326362736,11.582297917217197,405000
2010-11-04,12.011127471923828,12.038666785340787,11.63737771740509,11.63737771740509,746800
2010-11-05,12.03472900390625,12.081939027403724,11.908834607393265,11.99932111108825,466800
2010-11-08,11.916707038879395,12.003259276804755,11.814417621118494,11.995390686886985,727800
2010-11-09,11.767206192016602,11.944245703587562,11.716061861112767,11.944245703587562,462200
2010-11-10,11.802613258361816,11.802613258361816,11.649179526127895,11.786876080496828,421000
2010-11-11,11.716058731079102,11.822281659253424,11.594097877739651,11.712124437385269,429800
2010-11-12,11.499677658081055,11.716059319775647,11.487875526796328,11.625572061050358,501600
2010-11-15,11.52721881866455,11.684587598073039,11.460337312532928,11.54295599676138,464600
2010-11-16,11.409191131591797,11.586230604479326,11.314770329515058,11.46426974520577,809000
2010-11-17,11.389520645141602,11.52328363841269,11.346244161909825,11.436730671949135,828000
2010-11-18,11.723929405212402,11.802613797350732,11.52328563100062,11.542956353840214,504000
2010-11-19,11.605900764465332,11.771137347737719,11.487874955152112,11.660979375426196,1034600
2010-11-22,11.727867126464844,11.739670013851113,11.531156839034887,11.55869615921265,449200
2010-11-23,11.841954231262207,11.849822819383139,11.558691062027556,11.60196754630282,627000
2010-11-24,12.274715423583984,12.310123315701977,11.936373676851943,11.936373676851943,708000
2010-11-26,12.243247985839844,12.380944579598538,12.164563574786172,12.223576507881347,245400
2010-11-29,12.207833290100098,12.231438300139137,11.975715231945287,12.156688226227484,459000
2010-11-30,12.294388771057129,12.353401687080217,12.015060618365883,12.089809961813152,936800
2010-12-01,12.550113677978516,12.676008867082896,12.424219239264179,12.471430028977078,923200
2010-12-02,12.495033264160156,12.565849063420922,12.451756775636369,12.550111885634113,372000
2010-12-03,12.420281410217285,12.467492186496937,12.247176231045001,12.424215704106409,469800
2010-12-06,12.353399276733398,12.436017943357442,12.321925677636095,12.36520215779106,325600
2010-12-07,12.361268043518066,12.471426017152371,12.314057268991991,12.443885960951441,501000
2010-12-08,12.176362037658691,12.38880866969348,12.105546243517136,12.38880866969348,1241800
2010-12-09,12.188161849975586,12.302254107797266,12.105543939461741,12.247174750398294,736200
2010-12-10,12.412416458129883,12.47143013336246,12.148824693469223,12.215706208394765,471800
2010-12-13,12.369139671325684,12.491099805776827,12.341600358745424,12.455691903776497,482600
2010-12-14,12.487165451049805,12.510770468806577,12.369139611875964,12.41241535269838,729200
2010-12-15,12.487165451049805,12.616994174297025,12.459626138601907,12.459626138601907,549600
2010-12-16,12.636662483215332,12.644531071094345,12.463558052216104,12.495031653342314,408200
2010-12-17,12.703545570373535,12.703545570373535,12.518637494930829,12.589453289748045,905600
2010-12-20,12.758622169494629,12.845175127415224,12.679937798728592,12.742884995185513,449800
2010-12-21,12.935664176940918,12.982874208389434,12.794032581815532,12.794032581815532,297200
2010-12-22,12.750754356384277,12.904188063263609,12.7232150500613,12.896319475631381,483600
2010-12-23,12.849111557006836,12.927795945448409,12.715348546890125,12.715348546890125,461800
2010-12-27,12.880587577819824,12.88452112239946,12.735020915111976,12.809771769145756,197800
2010-12-28,12.864850044250488,12.947467985172143,12.829442140886917,12.88452076816802,240000
2010-12-29,12.809768676757812,12.95926734717496,12.801900088718007,12.880584468336341,181200
2010-12-30,12.813712120056152,12.951876898145272,12.79792160155453,12.801869984113297,161000
2010-12-31,12.584760665893555,12.829508544808427,12.576866155941754,12.817666403413869,280200
2011-01-03,12.726868629455566,12.782133944204283,12.50185823454984,12.671601808839963,386000
2011-01-04,12.316325187683105,12.65976074845263,12.209741426230421,12.60054779862342,608800
2011-01-05,12.23737621307373,12.324221837723305,12.186058515083898,12.284747032931268,748000
2011-01-06,12.1900053024292,12.261061155219487,12.126844711711973,12.225533228824343,402800
2011-01-07,12.150533676147461,12.261064362347314,12.06368727649463,12.186061611835651,677000
2011-01-10,12.193954467773438,12.209744993906407,11.964997109381459,12.095265938243555,776600
2011-01-11,12.217639923095703,12.28869502995113,12.142636431881204,12.241324958714179,479400
2011-01-12,12.257112503051758,12.351854134168374,12.205794809719363,12.27685065659004,1064400
2011-01-13,12.300533294677734,12.320270691442287,12.221582201752682,12.237372721511061,563600
2011-01-14,12.53344440460205,12.568972338739563,12.280801986676448,12.284749618573258,414800
2011-01-18,12.497912406921387,12.561072990866897,12.418961300522723,12.486069515081521,263000
2011-01-19,12.33606243133545,12.466331220493013,12.253164453204954,12.462383590162965,403000
2011-01-20,12.276847839355469,12.383431585203136,12.22158177506405,12.304480495034479,381400
2011-01-21,12.099212646484375,12.343960512332583,12.08737050572205,12.343960512332583,452800
2011-01-24,12.197905540466309,12.2413287466484,11.980791015423728,12.063689042207061,789800
2011-01-25,12.150533676147461,12.166323451490085,12.032106972875553,12.134743147871008,588000
2011-01-26,12.53344440460205,12.568972338739563,12.130794986332772,12.154480777713644,873800
2011-01-27,12.643972396850586,12.754504560585692,12.434753221352969,12.513704336630251,688800
2011-01-28,12.280802726745605,12.659766376471225,12.1860618143142,12.659766376471225,822800
2011-01-31,12.572920799255371,12.612396367891336,12.217642187399386,12.336068140373431,1467200
2011-02-01,13.670333862304688,13.772969257897275,12.971618977876345,12.971618977876345,1760000
2011-02-02,13.599281311035156,13.705865116490003,13.350585764973848,13.508488033618281,821200
2011-02-03,13.8006010055542,13.91113316177355,13.551907042261792,13.551907042261792,806800
2011-02-04,13.863762855529785,13.982188778250167,13.788760122509249,13.816392787615095,639200
2011-02-07,14.278252601623535,14.297991507899265,13.832181630094011,13.859814291839482,697400
2011-02-08,14.341410636901855,14.345357513520641,14.167717948341283,14.25456429262157,307600
2011-02-09,14.40457820892334,14.51510887840163,14.278255507690023,14.278255507690023,385600
2011-02-10,14.301941871643066,14.404578788172314,14.211148602939497,14.329574540123827,349800
2011-02-11,14.416412353515625,14.416412353515625,14.211140148445203,14.23877280048674,289400
2011-02-14,14.483527183532715,14.550636162641515,14.372996518962177,14.392733922511578,325000
2011-02-15,14.37693977355957,14.550632495096027,14.35720237498506,14.43220659778198,629800
2011-02-16,14.428255081176758,14.483520387530268,14.333514986246929,14.428255081176758,367200
2011-02-17,14.712483406066895,14.751958208134736,14.301938838745777,14.467736320338494,490200
2011-02-18,14.665117263793945,14.81117587754094,14.507215001565926,14.779594822748306,532000
2011-02-22,14.40457820892334,14.7677512691334,14.28615077063382,14.523004141345428,520400
2011-02-23,14.13219928741455,14.459845978346351,13.867714710668078,14.376946456411952,600400
2011-02-24,14.266411781311035,14.282202305444414,14.02561155881244,14.12430007584516,601600
2011-02-25,14.396682739257812,14.396682739257812,14.09272189668965,14.325626879651365,530600
2011-02-28,14.511163711547852,14.590114852624177,14.361158199957375,14.550640035019898,530000
2011-03-01,14.049291610717773,14.558524512168567,13.990077922319625,14.554576129813144,779800
2011-03-02,14.21904468536377,14.35326115680292,14.01771922527125,14.025614488987385,377800
2011-03-03,14.546687126159668,14.645375645348993,14.317730544691427,14.337467947355833,629600
2011-03-04,14.495365142822266,14.586158368218943,14.329567705152893,14.554577330237434,412600
2011-03-07,14.37299633026123,14.562478112409059,14.199305073092557,14.538793830807672,396400
2011-03-08,14.526947021484375,14.637479166407212,14.230881518984555,14.396678983435303,436600
2011-03-09,14.542736053466797,14.609843504343685,14.274303238225519,14.519050273580731,330800
2011-03-10,14.337471008300781,14.633536629076598,14.211149797239177,14.396684734802992,951600
2011-03-11,14.369043350219727,14.400622880900627,14.132190093712785,14.226931697488903,424800
2011-03-14,14.262467384338379,14.317732722552007,14.163778850137607,14.258518999684533,453000
2011-03-15,14.1795654296875,14.290097592950657,13.812445531070116,13.922976188466004,454600
2011-03-16,14.266411781311035,14.45194667521007,14.02561155881244,14.11640481377847,922200
2011-03-17,14.124300003051758,14.487474526911422,14.120353124972386,14.420365552624059,645800
2011-03-18,13.729541778564453,14.242723113751694,13.405843662876169,14.242723113751694,2126200
2011-03-21,14.041400909423828,14.072981955051171,13.88744707665837,13.88744707665837,471000
2011-03-22,13.883496284484863,14.05324061061641,13.840074613080851,14.029556336371835,267000
2011-03-23,14.005877494812012,14.057195957543366,13.725602401045032,13.863765755474494,253200
2011-03-24,13.99008560180664,14.112459922265852,13.891397070881704,14.112459922265852,357400
2011-03-25,14.120353698730469,14.274307549824975,13.990084128809077,14.069035246409861,294400
2011-03-28,14.009819984436035,14.23877651912754,13.99402946318366,14.104560100216318,253400
2011-03-29,14.37693977355957,14.43220659778198,13.954553119423712,13.974292023865209,356400
2011-03-30,14.7730073928833,14.804692853092126,14.440317614920133,14.48784580523337,326400
2011-03-31,14.765079498291016,14.79676494448763,14.622498012096708,14.721512765193284,527000
2011-04-01,14.887860298156738,15.0344017290162,14.820529471537787,14.820529471537787,314400
2011-04-04,14.951226234436035,15.002714323975352,14.832408844675758,14.943304873672673,308600
2011-04-05,14.986875534057617,15.105692954988076,14.836372661761446,14.872018039125132,293800
2011-04-06,14.864086151123047,15.117563539181166,14.820519441767232,15.09776090152245,397200
2011-04-07,14.796765327453613,14.998754764226565,14.737355869719954,14.88785872135869,342200
2011-04-08,14.689826965332031,14.91558045287079,14.571009578866112,14.879935085846512,247000
2011-04-11,14.697750091552734,14.753198111174935,14.58289261613805,14.685868804732326,324200
2011-04-12,14.729440689086914,14.788850171751404,14.626465964760488,14.634387329838814,349400
2011-04-13,15.133418083190918,15.149260810039653,14.780925720457317,14.816571100444174,464600
2011-04-14,15.101727485656738,15.204702143105829,14.959146028538827,15.042318041575967,900000
2011-04-15,15.13737964630127,15.153220862436246,14.90370471129732,15.077970175546895,977600
2011-04-18,14.887860298156738,14.927465600276994,14.737357430577994,14.927465600276994,680800
2011-04-19,15.529472351074219,16.032467440469738,14.99083189279728,15.252230760979309,2364200
2011-04-20,15.371049880981445,15.842359533189585,14.927462726243636,15.830478247010138,1165600
2011-04-21,15.446303367614746,15.533436844441054,15.244313911425612,15.446303367614746,674200
2011-04-25,15.406691551208496,15.474020837853079,15.244307465415629,15.402730116203063,507400
2011-04-26,15.56907844543457,15.608683737564448,15.283915507395296,15.446299622479872,774000
2011-04-27,15.8146390914917,15.830481817200674,15.541358871816543,15.541358871816543,605800
2011-04-28,15.881962776184082,15.881962776184082,15.64036809362006,15.755224037157237,376000
2011-04-29,15.715620040893555,15.881964082986583,15.683934598107223,15.874044233135068,364000
2011-05-02,15.410650253295898,15.838394549275636,15.367083536759667,15.763142398587723,380000
2011-05-03,15.260156631469727,15.545319666789698,15.11361518758388,15.406699586201137,440000
2011-05-04,15.121535301208496,15.430460890044554,15.018559097699518,15.295800746810423,653000
2011-05-05,15.089849472045898,15.216588249457608,14.856174567909548,14.986874781965911,805400
2011-05-06,15.153218269348145,15.343327938891461,15.054203508931781,15.303721128217711,588000
2011-05-09,15.236392974853516,15.283919640430408,15.046284801700493,15.097771393223184,456000
2011-05-10,15.386895179748535,15.406699343102042,15.224511011830348,15.25223502751061,549000
2011-05-11,15.382932662963867,15.458183334159479,15.287877831749942,15.33144456643777,595800
2011-05-12,15.687904357910156,15.69582572280983,15.208673112823908,15.248278426476407,458000
2011-05-13,15.406691551208496,15.759183724453147,15.386887397870886,15.66016900114421,504000
2011-05-16,15.192830085754395,15.35917421285517,15.173027429315614,15.34333299421165,575400
2011-05-17,15.129460334777832,15.196789667308586,14.943312044623246,15.089853511954619,570600
2011-05-18,15.33144474029541,15.371051549935887,15.121533937159446,15.133415224628937,422600
2011-05-19,15.537393569946289,15.584920224405192,15.21658525294721,15.386890734840476,495800
2011-05-20,15.386895179748535,15.549279347666724,15.196786996150088,15.47006873763486,1069600
2011-05-23,15.081927299499512,15.260152639101532,15.062123141014691,15.161137890058113,722200
2011-05-24,15.018552780151367,15.18489830398291,15.010632931685642,15.137371658964527,660800
2011-05-25,14.990835189819336,15.066087380033606,14.95518981309822,14.963111175796852,779600
2011-05-26,15.212630271911621,15.244315725745146,14.951231321167418,14.982916775000945,580600
2011-05-27,15.398776054382324,15.446302716627557,15.248273194619511,15.291839931196538,225400
2011-05-31,15.493821144104004,15.628481207933179,15.2205410928821,15.505703936483775,687200
2011-06-01,15.022522926330566,15.723547767944977,15.01460156242668,15.426503420354754,737000
2011-06-02,14.689826965332031,15.121531294472737,14.654181598307751,15.002713908006818,594200
2011-06-03,14.468036651611328,14.737356927197153,14.456155363550165,14.519524751285337,592200
2011-06-06,14.30961799621582,14.551214327617332,14.30169663164658,14.42447400535529,440000
2011-06-07,14.491801261901855,14.590816028241484,14.37298384446339,14.412589146661066,500800
2011-06-08,14.20663833618164,14.551210812909233,14.190797121715264,14.420510595354882,518400
2011-06-09,14.693796157836914,14.71756025445658,14.246250336178155,14.262091556411939,865000
2011-06-10,14.721513748168945,14.83637123203302,14.555169677065386,14.567050964759831,1359400
2011-06-13,15.47799015045166,15.592846139704472,14.844294692245425,14.844294692245425,1621000
2011-06-14,15.672057151794434,15.711662454134707,15.489870343676476,15.636411775350012,1088400
2011-06-15,15.311641693115234,15.624528682342612,15.248272310182054,15.521552490797905,538400
2011-06-16,15.541362762451172,15.565125346117895,15.17302760715839,15.319569079537994,855600
2011-06-17,15.4502592086792,15.687895488784534,15.398772632207976,15.668092843153676,830800
2011-06-20,15.775039672851562,15.92158116321233,15.363137715833465,15.386900302415942,615200
2011-06-21,16.076040267944336,16.107724212942685,15.743350535810364,15.850286683015465,726800
2011-06-22,15.866125106811523,16.159207939633607,15.8542423086707,15.957218501382997,453200
2011-06-23,15.977023124694824,15.996825776249405,15.569082761457668,15.69582154442155,698800
2011-06-24,16.04039192199707,16.135446761121628,15.802757090453797,16.032470559499572,861600
2011-06-27,16.20277214050293,16.266141514245366,15.961175930970818,16.024545304713254,539400
2011-06-28,16.4324951171875,16.507745813243464,16.246346829604168,16.31763759885541,718600
2011-06-29,16.380855560302734,16.480157541956483,16.210056030640047,16.480157541956483,505600
2011-06-30,16.58342933654785,16.599318015734557,16.36099237361752,16.408658411177633,782000
2011-07-01,16.90119743347168,16.99255507724711,16.50001808339452,16.58740279926822,894400
2011-07-05,16.853525161743164,16.984602932942867,16.714503053618124,16.90516259414418,855400
2011-07-06,16.91310691833496,16.98063150930847,16.782027632006617,16.809832053610688,585600
2011-07-07,17.004465103149414,17.222929072627114,16.913107498285193,17.107738456187594,884600
2011-07-08,16.956798553466797,16.984602975160918,16.72244591688254,16.817776444996195,594800
2011-07-11,16.921051025390625,17.01241014928939,16.722447133002344,16.746280145570818,1147800
2011-07-12,15.781064987182617,15.844618171653853,14.339200315158905,15.256750836488076,7433200
2011-07-13,16.09882926940918,16.229908551342334,15.546710751459365,15.88830965140085,3159600
2011-07-14,15.59040641784668,16.14649795349146,15.439467026989805,16.130609277563888,1778400
2011-07-15,15.614236831665039,15.789007692083006,15.558626475178736,15.61026390573095,763200
2011-07-18,15.792990684509277,15.892292692502297,15.45139304980514,15.518917687930765,1013000
2011-07-19,16.02733612060547,16.03528045942248,15.721487409902833,15.924062746439704,726600
2011-07-20,15.884339332580566,16.039250119893957,15.757231452622838,16.039250119893957,462800
2011-07-21,16.007478713989258,16.150473806205696,15.896260982366675,15.920094002812066,632200
2011-07-22,15.85654354095459,16.027343111956267,15.796963246678787,16.015427356146777,438400
2011-07-25,15.606294631958008,15.816814278472352,15.598350294229306,15.673819229810725,438400
2011-07-26,15.411664962768555,15.646017665306282,15.379889121272944,15.614241823810671,517000
2011-07-27,15.042261123657227,15.40372021299816,14.982680854230669,15.30441824872617,770200
2011-07-28,15.157445907592773,15.41563152100363,15.07403265349775,15.081976989396392,537600
2011-07-29,15.042261123657227,15.17731185567624,14.843657195113247,15.014456694879287,707400
2011-08-01,14.887351036071777,15.280587500683433,14.700662849160125,15.221005713090582,652200
2011-08-02,14.39481258392334,15.022400174294498,14.39481258392334,14.803936168441771,614200
2011-08-03,14.744355201721191,14.764215291490821,14.061158719234069,14.414673468907726,660000
2011-08-04,13.90625,14.712583188407155,13.90625,14.549727985567348,1024800
2011-08-05,14.033352851867676,14.343174463149838,13.505065729832637,14.049240012918057,1203400
2011-08-08,13.020472526550293,14.025409393357226,13.008556776208298,13.385904527723996,1639600
2011-08-09,13.74736499786377,13.74736499786377,12.527936924942674,13.250855146829844,1639200
2011-08-10,13.095943450927734,13.663950804219304,13.07211043416995,13.441513860163147,979400
2011-08-11,13.862550735473633,14.081014689481487,13.06019091865057,13.17935293763419,1004400
2011-08-12,14.041296005249023,14.180319653111724,13.791056166505847,14.005547240396055,684200
2011-08-15,14.22004222869873,14.263735339249486,13.830778676416871,14.152517614376915,362600
2011-08-16,13.854609489440918,14.096906507386455,13.69572575186848,14.069100565367803,664000
2011-08-17,13.663952827453613,13.985690267571208,13.50904046843158,13.94199715465945,630200
2011-08-18,12.647098541259766,13.246881753510005,12.551768744128326,13.18332855542238,1434200
2011-08-19,12.23002815246582,12.905281694906542,12.222083814880934,12.452464301546522,1047400
2011-08-22,12.539852142333984,12.651070616969013,12.321388120230543,12.575600910694748,858200
2011-08-23,13.354125022888184,13.354125022888184,12.43260310254206,12.627235579744934,981800
2011-08-24,13.695725440979004,13.783111646182961,13.282628944849948,13.318377709230877,717600
2011-08-25,13.389875411987305,13.914189619569077,13.36207098546612,13.791056163611717,603800
2011-08-26,13.941994667053223,13.965827683087568,13.147578981973776,13.310434136805956,703200
2011-08-29,14.454392433166504,14.466308182980898,14.04129593368811,14.084989036644346,595800
2011-08-30,14.335230827331543,14.446448536270896,14.12868257128157,14.339202238981816,525000
2011-08-31,14.46234130859375,14.5894477305819,14.311401864272293,14.363039321713751,989200
2011-09-01,14.15251636505127,14.692719292850349,14.10882325835756,14.525891205040526,667800
2011-09-02,13.608343124389648,14.013495398070827,13.568622937161853,13.791059925230348,613000
2011-09-06,13.560678482055664,13.604371596773754,12.988699608578498,13.032392723296589,597000
2011-09-07,14.148544311523438,14.164432990434472,13.675867478128788,13.791058127392063,616400
2011-09-08,14.21606731414795,14.51000023324741,14.077043677079837,14.116765365625364,1275800
2011-09-09,13.68381404876709,14.21607275725043,13.540818945707676,14.045273219177025,699600
2011-09-12,13.949939727783203,13.969799817892618,13.477262916177041,13.497123006286456,489600
2011-09-13,14.255794525146484,14.339207839429642,13.91816833958424,13.985692970605395,560800
2011-09-14,14.760248184204102,15.026378313458185,14.073078574225052,14.406733331433832,663600
2011-09-15,14.8674898147583,14.938987348341923,14.482197718805187,14.911182920306924,834800
2011-09-16,15.296469688415527,15.300442614417532,14.88734619339294,14.907206277721038,1222600
2011-09-19,15.407702445983887,15.538780330072433,14.863526262139894,14.994605661457081,961600
2011-09-20,14.815857887268066,15.681771436231204,14.803942132309755,15.439474317223869,1213000
2011-09-21,14.148544311523438,14.923099983316478,14.124712808384704,14.831742352419754,788800
2011-09-22,13.830777168273926,14.10485003835053,13.632173243956117,13.707642189714914,799800
2011-09-23,14.204147338867188,14.204147338867188,13.791052463432312,13.846661301554668,781000
2011-09-26,14.557670593261719,14.58547502590711,13.9062483442367,14.33126220444756,511200
2011-09-27,14.557670593261719,14.95090557794823,14.394815409812448,14.803939074647166,847200
2011-09-28,13.957880973815918,14.641078831823407,13.941992299158205,14.577525648419972,670200
2011-09-29,14.025640487670898,14.368410020228184,13.443730198660546,14.296667489208295,1020400
2011-09-30,13.252416610717773,14.065497573689623,13.196617205097704,13.79845560625387,1360400
2011-10-03,13.798454284667969,14.464065108976056,13.35205756204255,13.73866986455239,3125800
2011-10-04,14.308629035949707,14.388341627010647,13.061107524467243,13.547362236124094,1702000
2011-10-05,14.444138526916504,14.539794217586929,14.037598040517716,14.30862503145024,1259400
2011-10-06,15.105762481689453,15.30903195928777,14.352465955435129,14.503922568802743,1729800
2011-10-07,14.607553482055664,15.209391962854516,14.527839383298339,15.209391962854516,979200
2011-10-10,15.141637802124023,15.328964208421928,14.862639182872911,14.914452060987141,967400
2011-10-11,14.906479835510254,15.161563728753734,14.743066621374902,15.0380068027802,852400
2011-10-12,15.04198932647705,15.22533063572704,14.942347112264727,15.077860584410269,965800
2011-10-13,15.006121635437012,15.057934504441064,14.770965893183595,14.958292266544191,503600
2011-10-14,15.181489944458008,15.249245929810614,14.906477942066074,15.181489944458008,542000
2011-10-17,14.58761978149414,14.918432667673107,14.50790722520868,14.906476088314198,1108400
2011-10-18,14.543783187866211,14.743067683877191,14.01767071961078,14.599582603482078,1108800
2011-10-19,14.093400001525879,14.595596269628322,13.993757752103802,14.515882166006646,726200
2011-10-20,14.189051628112793,14.216951328292133,13.782512705379641,14.077452827395428,696600
2011-10-21,14.344493865966797,14.440149540435602,14.101366619360991,14.368407024374232,750800
2011-10-24,14.778937339782715,14.82676518788386,14.428196239394614,14.444139362234955,989600
2011-10-25,14.348481178283691,14.707193815908694,14.296666792755685,14.651392889729424,724600
2011-10-26,14.300654411315918,14.567694879127272,14.025640861601065,14.543781715096339,771800
2011-10-27,15.034021377563477,15.089820787656423,14.603566178983787,14.97822196747053,898200
2011-10-28,15.225335121154785,15.34490550935145,14.930393411211032,15.006122489390902,826000
2011-10-31,15.11772346496582,15.536220643362636,14.914452407754098,15.073880628295834,892400
2011-11-01,14.436172485351562,14.82278345695584,14.228916382432182,14.619513896250115,1365000
2011-11-02,14.472036361694336,14.695233958056592,14.280723484632574,14.639434558966029,926400
2011-11-03,14.786911964416504,14.874597646799227,14.097387652242379,14.631470269589204,787600
2011-11-04,14.82277774810791,14.84669243091823,14.400295661397424,14.659364549953521,537600
2011-11-07,14.679293632507324,15.034019717869226,14.452107955835151,14.822777162440666,438400
2011-11-08,14.930392265319824,14.986191674167726,14.491967035440712,14.778937161424048,607400
2011-11-09,14.169129371643066,14.64741253397951,14.153186244800457,14.579656525528813,725200
2011-11-10,14.201013565063477,14.388339956816148,13.949914675192401,14.344498644989804,750200
2011-11-11,14.782919883728027,14.878577084324922,14.320580041752226,14.356451301923608,770000
2011-11-14,14.695236206054688,14.786906878643842,14.655379920727169,14.77096527676473,537400
2011-11-15,14.766982078552246,14.858652771891471,14.4281990153238,14.57566912891993,604600
2011-11-16,14.344493865966797,14.695233366245127,14.32057918713983,14.695233366245127,806000
2011-11-17,14.097381591796875,14.404279827780913,13.945926504235684,14.260794780264252,734200
2011-11-18,14.061507225036621,14.2568066122374,13.89410905350969,14.157164409065839,502000
2011-11-21,13.730701446533203,13.850271834546009,13.47960256741233,13.846286813794237,1044800
2011-11-22,13.627067565917969,13.86222323325211,13.615110987714008,13.69482505671903,792800
2011-11-23,13.391916275024414,13.56330104724648,13.30024559785771,13.523444759928749,591800
2011-11-25,13.316184997558594,13.519454438713845,13.304228418790483,13.304228418790483,308800
2011-11-28,13.97382926940918,13.989770873413129,13.407860515718252,13.519459345846029,983800
2011-11-29,13.894111633300781,14.07346793639547,13.778526291259798,14.013681995224026,452000
2011-11-30,14.6832857131958,14.715170450595359,14.34848760818793,14.515885900481637,1008800
2011-12-01,14.23289680480957,14.691251704357162,14.216953681947768,14.563709762302505,862200
2011-12-02,14.204995155334473,14.46805056486216,14.121296052398316,14.252822996952323,1032800
2011-12-05,14.372398376464844,14.424211250641635,14.212970171745372,14.396311542878735,1128400
2011-12-06,14.762996673583984,14.846695801793938,14.308628239964088,14.372399221517405,1416000
2011-12-07,14.810824394226074,14.822780978026708,14.392327236582567,14.679297411158739,704400
2011-12-08,14.312606811523438,14.687260969268506,14.280722095324863,14.627476556238886,510400
2011-12-09,14.543783187866211,14.627482311290013,14.288697755819317,14.32855556727354,563200
2011-12-12,14.332533836364746,14.356448511971431,13.997735979967803,14.356448511971431,665000
2011-12-13,13.718744277954102,14.599582925255469,13.575260714816668,14.45211130025465,781800
2011-12-14,13.750627517700195,13.758599078421696,13.4517008325328,13.579242763237309,1700800
2011-12-15,14.021655082702637,14.021655082702637,13.674900539229446,13.937955972281488,1284400
2011-12-16,13.985788345336914,14.33652954308018,13.9379604839602,14.085430610116909,1302800
2011-12-19,13.894111633300781,14.252822719070517,13.866211932866012,14.105352656712503,444200
2011-12-20,14.236884117126465,14.476024891331248,14.137241874471146,14.177098163365288,938600
2011-12-21,14.368410110473633,14.39630981488773,14.053540280177568,14.236883149724303,442200
2011-12-22,14.288698196411133,14.440154843767255,14.161156236664954,14.39232698896746,817600
2011-12-23,14.464066505432129,14.495951228488206,14.236882342135898,14.344496133237234,308600
2011-12-27,14.635452270507812,14.751036110014638,14.316595895479677,14.376381845902422,385800
2011-12-28,14.12528133392334,14.627479001679077,14.101368172881438,14.603564320217476,512000
2011-12-29,14.241259574890137,14.341240334022379,13.84133653836117,13.957314585095046,480400
2011-12-30,14.253255844116211,14.477213279112453,14.165272293656042,14.205265510040308,556400
2012-01-03,13.741358757019043,14.553202208914247,13.665372387237484,14.553202208914247,2300400
2012-01-04,13.757354736328125,13.921323140179663,13.549394549026212,13.629379471155486,1340600
2012-01-05,13.965311050415039,14.049296043604558,13.31743618869095,13.637374297839559,2528400
2012-01-06,13.801344871520996,14.00130641227409,13.773350377862402,13.973311918615495,962600
2012-01-09,13.98930835723877,14.101286325063066,13.833338609030532,13.893327677842343,755200
2012-01-10,14.265252113342285,14.273250756096054,13.869329213333899,14.17727009422104,1037200
2012-01-11,14.517207145690918,14.581194775910731,14.22926357249448,14.265255184256773,878800
2012-01-12,14.55319881439209,14.793153547690267,13.573387085991437,14.513207121635038,4056200
2012-01-13,14.329245567321777,14.621189250552924,14.273255051196747,14.44922219356141,635600
2012-01-17,14.333244323730469,14.557201814546081,14.273255246994946,14.413229250849302,790000
2012-01-18,14.533207893371582,14.533207893371582,14.22926695888953,14.285255957958396,787200
2012-01-19,14.817150115966797,14.849144695310912,14.473216015945123,14.533205089422582,579400
2012-01-20,14.841144561767578,15.005112950494807,14.677176173040351,14.737163714914981,683200
2012-01-23,14.837142944335938,15.057101818578047,14.745160835827965,14.889133362391819,704600
2012-01-24,14.809149742126465,14.893134740306557,14.737163472592291,14.813149826870216,1469800
2012-01-25,15.377043724060059,15.485023145702877,14.777159065323662,14.82514941085861,1883600
2012-01-26,15.217071533203125,15.46102483436315,15.101093484195024,15.437028902490159,754200
2012-01-27,15.181085586547852,15.313060985962652,14.981123969678931,15.109099282428154,1038800
2012-01-30,15.381035804748535,15.572998631611435,14.46121335393613,14.881132133047778,3547800
2012-01-31,15.632999420166016,15.756976173043778,15.405043296761091,15.417040505702587,1263800
2012-02-01,15.78496265411377,16.06890764236417,15.628992914809615,15.64898876141022,1238400
2012-02-02,15.772965431213379,15.936933829925609,15.696980596644208,15.784964160787265,442000
2012-02-03,16.17289161682129,16.300866902616427,15.924939691291433,15.94093698341226,697200
2012-02-06,16.072908401489258,16.260872741550944,16.004922208624272,16.100902895679017,655400
2012-02-07,15.744967460632324,16.220876788200027,15.740968902047815,16.056908425703075,1612800
2012-02-08,15.928936004638672,16.040913971793056,15.696979900578441,15.720975833076686,1276400
2012-02-09,15.832953453063965,16.004920484900573,15.832953453063965,15.972925908937786,414800
2012-02-10,15.660990715026855,15.848955086379357,15.601001631441997,15.732977005094376,647400
2012-02-13,15.529009819030762,15.760964350741071,15.45302347756534,15.748967149703406,766400
2012-02-14,15.616996765136719,15.6249954102148,15.357047665234148,15.513017430292802,726000
2012-02-15,15.449028968811035,15.744971192940813,15.309054975810863,15.660987712491997,1347000
2012-02-16,15.76097297668457,15.7889674781505,15.43303608043861,15.43303608043861,654600
2012-02-17,15.51301383972168,15.9529285380965,15.477020707993907,15.792960250317114,634200
2012-02-21,15.241066932678223,15.59299962659504,15.205073798918715,15.557006492835534,559400
2012-02-22,15.293055534362793,15.421030766818959,15.225067833978832,15.265059522026968,456000
2012-02-23,15.329051971435547,15.461025790938868,15.205075270799329,15.313054682530467,449200
2012-02-24,15.177085876464844,15.337054242497702,15.133094079990373,15.301061093162767,550600
2012-02-27,15.25706958770752,15.329055880552424,14.797157330707941,15.081102416048495,460000
2012-02-28,15.249067306518555,15.317053497119524,15.165082301160556,15.273061714690444,638400
2012-02-29,15.253069877624512,15.51302055548122,15.233074023693812,15.325056172243727,675400
2012-03-01,15.385047912597656,15.601005308108826,15.35305332032274,15.369050616460198,609600
2012-03-02,15.273061752319336,15.485022020401166,15.077100299033955,15.42503294865272,752400
2012-03-05,15.461030960083008,15.525018611511122,15.19708170724379,15.209078915140953,598200
2012-03-06,14.769160270690918,15.33305178317381,14.709171195190065,15.285061438124464,1074400
2012-03-07,14.705168724060059,14.89713157878356,14.67717423642862,14.817146674585812,1229600
2012-03-08,15.005114555358887,15.041107694567435,14.729168171817033,14.781157075218418,750200
2012-03-09,15.373044967651367,15.405039551164272,14.917132831692454,14.985120558864521,654600
2012-03-12,15.401041030883789,15.481025972210473,15.269067174442743,15.345052029630867,542600
2012-03-13,15.589001655578613,15.69698107149739,15.37704290891518,15.51701537829943,910600
2012-03-14,15.34904670715332,15.680982037152525,15.313053572518676,15.588999920994063,276400
2012-03-15,15.696979522705078,15.696979522705078,15.085097751790764,15.381039950884672,930200
2012-03-16,15.568997383117676,15.724967057642614,15.44502074474891,15.70097113633698,841400
2012-03-19,15.644989013671875,15.76096706227254,15.437028848259237,15.513015202797423,420800
2012-03-20,15.549006462097168,15.62899136615933,15.469021558035006,15.501014604308779,452600
2012-03-21,15.525012016296387,15.676983195973676,15.51701337256755,15.612995571728286,426200
2012-03-22,15.78496265411377,15.78496265411377,15.357045129402517,15.361043688488515,875000
2012-03-23,15.812959671020508,15.828956961091116,15.413036572768611,15.740973391288323,1404200
2012-03-26,16.076902389526367,16.132891356672015,15.908933962504491,15.976921655170587,1224400
2012-03-27,15.976929664611816,16.0969063008676,15.968931018783337,16.000924076511552,794000
2012-03-28,15.736970901489258,15.984924282941652,15.457025995954808,15.924935217135516,943000
2012-03-29,15.0911283493042,15.584538277227978,14.946715388887055,15.580527486217367,2624800
2012-03-30,14.91462230682373,15.424078385402664,14.838405046659124,15.255596112601989,2048000
2012-04-02,14.990839004516602,15.07106858235177,14.906598636403038,14.914621747211745,1731400
2012-04-03,15.14728832244873,15.167346867884257,14.890554855496541,14.994853782853474,1541400
2012-04-04,15.022930145263672,15.19943397699663,14.882528013662009,14.982814594698146,921000
2012-04-05,14.91462230682373,15.115195493811406,14.874508281526985,14.91462230682373,940800
2012-04-09,14.854451179504395,14.930669977314178,14.585683817391496,14.641844070355258,1420600
2012-04-10,14.53353500366211,14.930670643448908,14.461328523700873,14.84642872999267,1623200
2012-04-11,14.838403701782227,14.874506933377875,14.661898333869349,14.693990775399632,822000
2012-04-12,14.72608470916748,14.906600904196189,14.57365017136737,14.858463762272583,1940400
2012-04-13,14.657892227172852,14.782246652205801,14.60173196680283,14.661903018519713,520800
2012-04-16,14.665915489196777,14.858465611102242,14.569639663117874,14.770212898050943,588600
2012-04-17,14.89456844329834,15.071072334274577,14.734109247681904,14.798292619878017,701400
2012-04-18,14.846423149108887,14.946709719106316,14.758172008082248,14.826366141159724,902200
2012-04-19,14.878521919250488,15.079095144621753,14.798292323051529,14.890555823092038,723000
2012-04-20,15.19943618774414,15.52837609896661,15.034966232132907,15.115195814681512,1068400
2012-04-23,14.706026077270508,14.882529931751627,13.638976778732676,14.48539587660611,2028200
2012-04-24,14.653879165649414,14.73812108220311,14.124365979965686,14.485398393046523,2453200
2012-04-25,15.163337707519531,15.16735002954388,14.766203521248377,14.934684320211293,3467600
2012-04-26,15.468204498291016,15.472215288659461,15.059035019371665,15.107172155052778,1338000
2012-04-27,15.78510856628418,15.817201009426974,15.41605465165353,15.464191786115808,3347000
2012-04-30,16.828092575073242,17.04069968736114,15.833249640058051,15.833249640058051,9509200
2012-05-01,16.085968017578125,17.157029567454806,16.04585399469215,16.876226816497315,6791800
2012-05-02,17.54213523864746,17.662478875580828,16.206318267258066,16.23840918965586,9592200
2012-05-03,17.67451286315918,17.702592991802522,17.249297081877895,17.39772083760017,3816400
2012-05-04,17.345569610595703,17.598290720435237,17.016628181289033,17.53410736282095,2545400
2012-05-07,17.38968849182129,17.590261607206777,17.157024473704865,17.245277134154936,2190800
2012-05-08,17.100875854492188,17.301449106028915,16.507179213573767,17.301449106028915,2964600
2012-05-09,16.976520538330078,17.15703677768251,16.591420247879903,16.884257022717172,1764400
2012-05-10,17.15703582763672,17.385689208070946,16.9364055607575,17.040702976467742,1916600
2012-05-11,17.30143928527832,17.361610308433207,17.036682804742657,17.036682804742657,776600
2012-05-14,17.120925903320312,17.345568404475834,16.992559197017684,17.185109256471627,1335000
2012-05-15,17.145004272460938,17.401737820401415,17.084831677676853,17.161048971517726,810000
2012-05-16,16.976520538330078,17.221220159424206,16.94041729045959,17.149013663683235,1439000
2012-05-17,16.2985782623291,17.13296195821571,16.2584627051578,17.012618347205876,1968200
2012-05-18,16.430959701538086,16.723796452727697,16.33067308002442,16.33067308002442,1355400
2012-05-21,16.555309295654297,16.58740020646471,16.242415646556616,16.507172164312763,1783000
2012-05-22,16.579387664794922,16.812051868327003,16.50316884084692,16.615489385293262,1059800
2012-05-23,16.56734848022461,16.8361174039656,16.15015579485931,16.679670529516684,2497000
2012-05-24,16.422941207885742,16.816064691172873,16.222367908438052,16.80403078288692,2401400
2012-05-25,16.816055297851562,16.92837732337196,16.434967465976,16.434967465976,1717200
2012-05-29,17.104875564575195,17.14097878767192,16.828085207667964,16.848142213776924,1182800
2012-05-30,16.916343688964844,17.020642614440696,16.719782801359965,16.924366800943922,1256600
2012-05-31,17.0527286529541,17.072787192288686,16.695708688423032,16.900294159722847,2428600
2012-06-01,16.451011657714844,16.820067107055788,16.238404575207127,16.679666492239736,1895800
2012-06-04,16.422941207885742,16.563343435650825,16.102024234820007,16.459044462996438,1451200
2012-06-05,16.66362190246582,16.715769832932196,16.250440067930477,16.33468197532247,1003000
2012-06-06,16.603450775146484,16.77193307434211,16.422934572526962,16.743852946184873,1885200
2012-06-07,16.342702865600586,16.771929334877786,16.001727552175865,16.771929334877786,1705800
2012-06-08,16.334693908691406,16.422945141011724,16.06592482733261,16.2945783210429,1547000
2012-06-11,16.03782844543457,16.50315807931493,16.033817655856588,16.50315807931493,967600
2012-06-12,16.118057250976562,16.266480942405718,15.941553443067608,16.122068040365857,1374600
2012-06-13,15.335829734802246,16.118065676242296,15.299726490420325,16.061905413926503,2137400
2012-06-14,15.026941299438477,15.536397327081179,14.970781057537234,15.33983648042683,1746000
2012-06-15,15.235539436340332,15.311756698187745,15.018920022350411,15.071069480589172,1354200
2012-06-18,15.010891914367676,15.034961240216349,14.830377326382886,15.002870336002953,1181400
2012-06-19,15.283675193786621,15.315767636036417,15.022930986640453,15.075080440170435,1566600
2012-06-20,15.424078941345215,15.440125164143069,15.199436412931334,15.227516537701565,1316200
2012-06-21,15.379950523376465,15.524363448612686,15.347858082100938,15.40401985433311,2232600
2012-06-22,15.231528282165527,15.416055246602264,15.059035219245803,15.40803213550693,1245600
2012-06-25,15.30373764038086,15.363908689575295,14.954739127993632,15.059038061667607,1152800
2012-06-26,15.307755470275879,15.472225528769881,15.151308528080726,15.295721560954087,1034600
2012-06-27,15.355884552001953,15.432103351580674,15.163334452977884,15.33582753694256,1120200
2012-06-28,15.343809127807617,15.460506217713423,14.91323292470533,15.291495686430892,1427400
2012-06-29,15.605368614196777,15.82266911971682,15.134552387300085,15.540983449790476,1622200
2012-07-02,15.219066619873047,15.561112720053469,15.106392899355132,15.476607429665032,2820200
2012-07-03,15.400151252746582,15.488681486195526,15.194922354308465,15.194922354308465,1165800
2012-07-05,15.60135269165039,15.72609967907635,15.351860251862613,15.351860251862613,1850600
2012-07-06,15.440387725830078,15.641591637162474,15.388075814129751,15.448436066491057,996000
2012-07-09,15.424295425415039,15.508800715350837,15.211018196208682,15.404173802518065,1863200
2012-07-10,16.486644744873047,16.77637725881914,15.492697187347535,15.496720589111057,6811200
2012-07-11,16.59933090209961,16.76834153445353,16.345813418503948,16.486657147196997,2754600
2012-07-12,16.64359474182129,16.79248526856987,16.27740353166798,16.490679275529292,2125600
2012-07-13,17.046003341674805,17.086243528158985,16.595306805780176,16.663715429816225,1587000
2012-07-16,16.965524673461914,17.078198445186132,16.828705864197502,17.021861559324023,986200
2012-07-17,17.16672134399414,17.231106548059536,16.881012096895482,17.03392753219992,1056600
2012-07-18,17.400115966796875,17.544981502155526,16.969538158567392,17.021851608456526,641000
2012-07-19,17.701923370361328,17.862885601811374,17.25927377997915,17.48462274608631,790600
2012-07-20,17.31560707092285,17.76630491029857,17.251221884592596,17.609364579496138,967600
2012-07-23,17.259273529052734,17.339755411139784,16.997709331100104,17.11038304498344,858600
2012-07-24,17.57717514038086,17.62948859108446,17.219032396850956,17.343777848829518,1893800
2012-07-25,17.750215530395508,17.838745773659983,17.540963204993286,17.605348417804386,1337600
2012-07-26,18.023845672607422,18.168712725753018,17.81056849544799,17.935315465670904,879200
2012-07-27,18.26931381225586,18.349794140144112,17.778375829805448,18.116398426153232,1197200
2012-07-30,18.003734588623047,18.337732430263152,17.995686244418327,18.261275462915346,812400
2012-07-31,17.878982543945312,18.229076975851196,17.79447725608256,17.923247657129878,1471600
2012-08-01,17.456453323364258,18.10835362401068,17.436333237461522,18.015800000806767,1400600
2012-08-02,17.637535095214844,17.734112110231358,17.243174089528143,17.456451273228904,1001600
2012-08-03,18.225059509277344,18.390046735305827,17.834723240475785,17.887036712650115,994400
2012-08-06,18.321626663208008,18.446373633970115,18.188832887293188,18.188832887293188,1023200
2012-08-07,18.768306732177734,18.86086037740591,18.410163898666458,18.418212241955587,1608800
2012-08-08,18.506732940673828,18.72805689428046,18.277359112864207,18.643551635913813,989400
2012-08-09,18.249197006225586,18.462474229534184,18.04799306333417,18.3980890292115,1001000
2012-08-10,18.07615852355957,18.20090550028593,17.947388144064494,18.172737075712885,767800
2012-08-13,18.047992706298828,18.156643017518522,17.84678876738774,18.08018607335543,738400
2012-08-14,17.87495994567871,18.253224391459888,17.85081645173657,18.18079083950453,849000
2012-08-15,18.047992706298828,18.28139001226652,17.878982134444346,17.878982134444346,684400
2012-08-16,18.27736473083496,18.28943801078672,17.927270313517994,18.092257478926147,830200
2012-08-17,18.59929084777832,18.695867869699633,18.241148115947283,18.241148115947283,937600
2012-08-20,18.2974910736084,18.579175427427653,18.03995021579388,18.518815152351213,1140200
2012-08-21,18.30955696105957,18.486615860367618,18.16468989114203,18.30955696105957,805600
2012-08-22,18.261266708374023,18.418205507467114,18.196881520667525,18.261266708374023,605600
2012-08-23,18.031898498535156,18.341752764830627,17.995681726239212,18.16871724553492,1519800
2012-08-24,18.24517250061035,18.265292586671194,17.878981408072047,17.98360677662692,979800
2012-08-27,18.390039443969727,18.43832795718097,18.12042538048995,18.309557565241548,644600
2012-08-28,18.5228271484375,18.64757409620041,18.27735818980991,18.353816640239675,757400
2012-08-29,18.941335678100586,18.98962418595228,18.57514462884191,18.611361393496683,932000
2012-08-30,18.880979537963867,19.00170314628905,18.788425897295156,18.860859448264485,607600
2012-08-31,18.92523956298828,19.126443475960947,18.836710885123853,18.981576413010384,706600
2012-09-04,19.235095977783203,19.311554455917,18.824639764067296,18.909146583850138,1158400
2012-09-05,18.953413009643555,19.21497877983462,18.92524457716937,19.166690257745223,520800
2012-09-06,17.943368911743164,17.963489000391135,17.03392770330134,17.299516864621904,7510800
2012-09-07,17.9473934173584,17.99970687910649,17.569130508333597,17.842768028926674,1872200
2012-09-10,17.830698013305664,17.987636878723677,17.549012122395705,17.923251663806937,1085200
2012-09-11,17.931291580200195,17.959460002546127,17.62546080178168,17.854833118063624,738400
2012-09-12,17.927261352539062,18.22101876679324,17.854827849291354,18.00371979211355,772600
2012-09-13,17.907142639160156,18.01176796566886,17.68581871130684,17.87092588477954,1149800
2012-09-14,18.12445640563965,18.200913371823486,17.995685970453888,18.031902751291426,903800
2012-09-17,18.060062408447266,18.128470997293206,17.927267098244304,18.04798913066086,586400
2012-09-18,17.746183395385742,18.080182606769977,17.62546136219845,18.080182606769977,1304400
2012-09-19,17.701923370361328,17.858862198427428,17.64156157415241,17.854837259979234,1290800
2012-09-20,17.601320266723633,17.68180060973448,17.51681345045961,17.66972886529568,882200
2012-09-21,17.58119773864746,17.9272687219664,17.47657237709395,17.730089742675233,1468800
2012-09-24,17.927261352539062,17.935309690129188,17.44034844131214,17.53692695733023,1201400
2012-09-25,17.899099349975586,18.160665042625713,17.806545737131508,17.96348453869599,1428000
2012-09-26,17.798498153686523,17.951413559050465,17.456452111885554,17.88300342965184,1298000
2012-09-27,18.206035614013672,18.411822787667028,17.75814751290477,17.84691857128388,1288000
2012-09-28,17.903409957885742,18.089022323986946,17.72990371648609,18.08498643600634,1007000
2012-10-01,17.782363891601562,18.25042696270948,17.600787368490593,17.931659459830293,1057400
2012-10-02,17.725872039794922,17.854992768313544,17.564470359526396,17.83885229243859,1080400
2012-10-03,17.544286727905273,17.794457821431045,17.520076026245466,17.754108191237762,1361200
2012-10-04,17.754112243652344,17.770252715109645,17.568501439613595,17.600780843288124,1454200
2012-10-05,17.52008628845215,17.923588983691385,17.399035787728504,17.82674919880872,1714400
2012-10-08,17.38692855834961,17.620959285633916,17.26991242508726,17.50394469161196,1118400
2012-10-09,17.786396026611328,18.222178050861487,17.41920716890713,17.447453768087726,3917200
2012-10-10,17.516042709350586,17.93568566070219,17.471657189983038,17.754109235671226,1021200
2012-10-11,17.52008628845215,17.754118590526407,17.491841222924652,17.572542069820624,509000
2012-10-12,17.346572875976562,17.733934900389247,17.277976651664392,17.532183653602658,837600
2012-10-15,17.516042709350586,17.64112903309188,17.33446628431962,17.33446628431962,1754600
2012-10-16,18.03656768798828,18.165688405154306,16.592027548237876,16.939040052836702,4783200
2012-10-17,17.71780014038086,18.11323252679275,17.544293889096817,17.976041573201655,1894600
2012-10-18,17.842885971069336,17.842885971069336,17.532188775540632,17.649204902280072,1316800
2012-10-19,17.37885856628418,17.737975669287973,17.120617123191135,17.701660370150485,1721600
2012-10-22,17.16097068786621,17.350617464335762,16.98746439008359,17.350617464335762,931600
2012-10-23,16.878515243530273,17.11254596147871,16.81395334700344,17.068160427236677,690600
2012-10-24,16.8260555267334,16.959210558996052,16.680794372090524,16.93903574068231,748600
2012-10-25,16.809913635253906,17.023769461931828,16.680792961874047,16.96727935973312,726400
2012-10-26,16.71307945251465,16.866410894431805,16.563783899175586,16.805886418924857,455600
2012-10-31,16.894649505615234,16.930964792747147,16.71307306995567,16.717108956992497,705400
2012-11-01,17.4111385345459,17.49183782653185,16.813953307015623,16.894654138241904,1048000
2012-11-02,17.28201675415039,17.499906984007247,17.24973580795516,17.41517180910512,1543600
2012-11-05,17.350610733032227,17.399030611067392,17.2174541443853,17.302190854997058,1156400
2012-11-06,17.608858108520508,17.637103175226255,17.310266963562405,17.600787869570194,744000
2012-11-07,17.302188873291016,17.47569508388802,17.29008275073867,17.44341414273509,948400
2012-11-08,16.785707473754883,17.318330780377085,16.761498302970402,17.318330780377085,824600
2012-11-09,16.801849365234375,16.95114490822064,16.692903469788053,16.725184419212322,782800
2012-11-12,16.789737701416016,16.93096294751532,16.773597233507598,16.906753784892434,301800
2012-11-13,16.652549743652344,16.926931589594588,16.624304689444173,16.7211444355179,353800
2012-11-14,16.261152267456055,16.684829632165595,16.232907212424756,16.64851434151963,620800
2012-11-15,16.362030029296875,16.406415561323428,16.119929086366913,16.216768847842793,571800
2012-11-16,16.51133155822754,16.57185758556999,16.119934942933014,16.410455872150663,1172000
2012-11-19,17.181133270263672,17.221482895365014,16.652544561694707,16.72920946508307,911400
2012-11-20,17.358680725097656,17.616922123306654,17.13675461971431,17.173069912539958,1075800
2012-11-21,17.49182891845703,17.520073964115806,17.169027297185625,17.209378461869267,460200
2012-11-23,17.447452545166016,17.66937866024455,17.38289219279335,17.552362540556523,196400
2012-11-26,17.629026412963867,17.629026412963867,17.282015501949886,17.431311019184747,598200
2012-11-27,17.334468841552734,17.65323621927264,17.20131380304647,17.536220112630136,1160800
2012-11-28,17.693592071533203,17.697627960346523,17.185179367136367,17.28202068852845,663800
2012-11-29,17.721837997436523,17.82674956231272,17.600787494244546,17.729908236214744,644600
2012-11-30,17.463594436645508,17.713767191296654,17.225527808342306,17.69359082713024,961800
2012-12-03,17.475698471069336,17.67744977465907,17.390961753739028,17.532188589796014,714600
2012-12-04,17.241666793823242,17.50797846185417,17.056055957761757,17.50797846185417,817000
2012-12-05,17.019744873046875,17.411143004470915,16.713081943506165,17.298161196052416,1299200
2012-12-06,17.23358917236328,17.241659406026283,16.898682941166932,17.027803601295606,502000
2012-12-07,16.894649505615234,17.233591672433125,16.74535400929066,17.233591672433125,980600
2012-12-10,16.721147537231445,16.95921413774655,16.52746646991683,16.90272401885149,980000
2012-12-11,17.06009292602539,17.08026929154579,16.684835308106543,16.76150180290667,1002800
2012-12-12,16.422565460205078,17.12465952120549,16.414495218910215,17.108520577856908,1269200
2012-12-13,16.325714111328125,16.555710460112415,16.091683413986303,16.470975287242457,1776400
2012-12-14,16.313608169555664,16.450799097704085,16.17238289318526,16.17238289318526,785400
2012-12-17,16.37009620666504,16.438692431670876,16.123959436817998,16.309570216321056,937200
2012-12-18,16.450803756713867,16.600099311050094,16.24098218722594,16.390277741562166,1307600
2012-12-19,16.341856002807617,16.56378213450385,16.277295645600706,16.511326363260633,1134600
2012-12-20,16.220800399780273,16.341850838887023,16.099749960673524,16.337816491254063,1006000
2012-12-21,16.289398193359375,16.337819609636096,15.926246806724812,16.039227032890214,1983600
2012-12-24,16.313608169555664,16.32974864092373,16.115891243397034,16.232907351955404,251200
2012-12-26,16.079578399658203,16.382205357287205,15.970634049443229,16.325715238141573,1265200
2012-12-27,16.265193939208984,16.337824546330243,16.027127291253883,16.083617421405837,949600
2012-12-28,16.261137008666992,16.64156125806414,16.107347825363636,16.20852463525139,1110800
2012-12-31,16.584911346435547,16.621335079195656,16.216627623566183,16.216627623566183,614400
2013-01-02,16.45541000366211,16.973435207709368,16.374468179570506,16.965340870916517,932400
2013-01-03,16.55657958984375,16.787262683188732,16.48373213469942,16.48373213469942,478600
2013-01-04,16.520153045654297,16.718460316144682,16.508012319812252,16.560623161018405,750200
2013-01-07,16.184255599975586,16.350185633683026,16.022371962479006,16.350185633683026,1916800
2013-01-08,15.844294548034668,16.200435930951326,15.641940857989965,16.200435930951326,2368200
2013-01-09,15.848344802856445,16.042604207356348,15.795732398355478,15.836204072524112,1228400
2013-01-10,15.900959014892578,15.957617821332821,15.5367216251529,15.848346604410917,1277000
2013-01-11,15.844294548034668,16.04260029973024,15.76335276324956,15.94142345470789,1382000
2013-01-14,16.244953155517578,16.548483674996863,15.783587012922833,15.799775677815715,1462600
2013-01-15,16.601099014282227,16.62133407707642,16.07497966245153,16.13568485083411,1120800
2013-01-16,16.718460083007812,17.422649961073464,16.60109458871823,16.60109458871823,2126200
2013-01-17,17.26481819152832,17.333619254591763,16.53229721759349,16.734650924265807,1582800
2013-01-18,17.26481819152832,17.337665649437255,16.84797004981096,17.208159400673875,1331000
2013-01-22,17.527875900268555,17.697852246382304,17.24458044624295,17.27695623147775,1427200
2013-01-23,17.353851318359375,17.450980216233337,17.18792136930836,17.450980216233337,900800
2013-01-24,17.236488342285156,17.442888438368694,17.046275368993655,17.370040982377745,1956600
2013-01-25,17.531923294067383,17.584535684889154,17.268862883794636,17.301240214711452,1036000
2013-01-28,17.54001808166504,17.576441807972987,17.15149936360438,17.51168868829621,1181000
2013-01-29,17.410507202148438,17.580483517060163,17.353848430511192,17.479306698040592,695200
2013-01-30,17.179826736450195,17.398369068595063,17.12721435045177,17.398369068595063,830000
2013-01-31,17.40241050720215,17.459069271142145,17.167679577924414,17.167679577924414,967600
2013-02-01,17.41860580444336,17.564300706573594,17.353852686145046,17.446935197209115,858400
2013-02-04,17.196020126342773,17.600727573908195,17.183877853107063,17.370042908466424,704800
2013-02-05,17.17173194885254,17.301238169538703,17.115073170281832,17.29719177557048,897000
2013-02-06,17.38623046875,17.467172261871404,16.949147256032482,17.155547361847585,1101600
2013-02-07,17.390281677246094,17.44289254040608,17.163644922661053,17.378139402501294,540600
2013-02-08,17.499542236328125,17.53596595072109,17.321470057591124,17.41860047725091,443000
2013-02-11,17.612865447998047,17.645241235759755,17.37408803089039,17.463124148948342,575200
2013-02-12,17.633102416992188,17.786891671056342,17.51573689300017,17.604773020695674,475400
2013-02-13,17.390281677246094,17.685717965426463,17.341715665940065,17.645246289338107,1119200
2013-02-14,17.272907257080078,17.467166570978993,17.252672201351483,17.406459859957423,1336200
2013-02-15,17.36194610595703,17.625004959783027,17.22029760574054,17.333616714680943,1287400
2013-02-19,18.219926834106445,18.458704255318338,17.090792848519555,17.42265278392101,4198400
2013-02-20,17.722137451171875,18.248256763433325,17.608818329141684,18.179455702503972,1925200
2013-02-21,17.349807739257812,17.960916845910535,17.26077315114407,17.68976205489713,1520800
2013-02-22,17.29314613342285,17.44693536984159,17.09079244375888,17.44693536984159,771800
2013-02-25,17.054367065429688,17.41455635111822,17.042226339253755,17.374086234641123,606400
2013-02-26,17.10697364807129,17.244574158780367,16.92485509803935,17.12316230670423,778600
2013-02-27,17.187925338745117,17.42670278826366,17.11507787659801,17.139359334756143,653800
2013-02-28,17.078649520874023,17.276955246703444,17.07055518906769,17.187920684505634,1007200
2013-03-01,17.276962280273438,17.28910455484411,17.009855397267096,17.021997671837767,1281800
2013-03-04,17.35789680480957,17.491450962197316,17.232438522963292,17.244579248603664,1141600
2013-03-05,17.66952133178711,17.76665176678836,17.402414565328524,17.402414565328524,1283600
2013-03-06,17.754518508911133,17.75856644866851,17.53597762094959,17.677624635724356,785400
2013-03-07,17.66547966003418,17.847596765609463,17.625007991366992,17.77474930584483,454200
2013-03-08,17.560253143310547,17.786889834113033,17.48335929613785,17.770701168233682,786000
2013-03-11,17.450986862182617,17.59263541262789,17.349809987794533,17.46717553260549,464800
2013-03-12,17.38217544555664,17.4833522507766,17.289092970014536,17.43478781654497,570800
2013-03-13,17.786897659301758,17.888074549805367,17.321483345450428,17.406471562952618,986600
2013-03-14,18.211830139160156,18.25230025526835,17.843546524766136,17.875922308885492,964400
2013-03-15,17.9649600982666,18.325149414381897,17.87997192018378,18.167313785417765,1082800
2013-03-18,17.851646423339844,17.952823288995738,17.73832882783291,17.851646423339844,558400
2013-03-19,17.84759521484375,17.900207607621486,17.681665247316584,17.82736015418652,1179200
2013-03-20,18.2563533782959,18.260399773521574,17.89616399359079,17.94472845548095,608000
2013-03-21,18.410140991210938,18.462751843609034,18.08232742921626,18.114703219627685,1433000
2013-03-22,18.68533706665039,18.76627884307057,18.466796277302674,18.567973111868902,1212200
2013-03-25,18.393949508666992,18.754138805941693,18.264443279171278,18.673197026547864,656600
2013-03-26,18.090421676635742,18.466799694373464,18.062092281222043,18.406092964866247,601600
2013-03-27,18.18375587463379,18.297378487708837,17.956509100491687,17.956509100491687,729600
2013-03-28,18.005207061767578,18.195932089979422,17.976801404118014,18.195932089979422,498200
2013-04-01,17.6765079498291,18.06607247952433,17.562883801007448,17.980855528901966,722400
2013-04-02,17.69274139404297,17.91593089177796,17.66433573942071,17.78607602836419,364000
2013-04-03,17.65216636657715,17.91593498895286,17.611587292977394,17.71709381313222,792800
2013-04-04,17.708974838256836,17.814482889420802,17.603468335085054,17.656220812674853,568200
2013-04-05,17.518239974975586,17.566936685687807,17.3802706052649,17.457371408572282,742400
2013-04-08,17.911867141723633,17.919983261959025,17.428969597655165,17.51012925201744,735000
2013-04-09,17.984912872314453,18.090420900268406,17.810420135922172,17.90781204264952,534600
2013-04-10,18.69911003112793,18.820848714290676,18.05389330757489,18.05389330757489,1373400
2013-04-11,18.845211029052734,18.934486859229334,18.53274717142725,18.63013912689196,1817600
2013-04-12,18.800567626953125,18.991291081882558,18.601726501780522,18.776219260199735,1018000
2013-04-15,18.15129280090332,18.812742095692773,18.08230807987219,18.691003351054697,1615800
2013-04-16,19.238826751708984,19.474189645175525,18.86955171553961,19.466073523194748,3376000
2013-04-17,18.88984489440918,19.222598219920737,18.5165124991493,19.17796031440221,1169000
2013-04-18,18.415056228637695,18.95070779386103,18.35418609932026,18.922302146310678,834400
2013-04-19,18.654476165771484,18.707228626095745,17.984910942350684,18.025489996137292,1499200
2013-04-22,18.70317840576172,18.755932434007523,18.370425085427733,18.707235693476505,840800
2013-04-23,19.1292667388916,19.137382863126113,18.816802921828753,18.837092458418827,739200
2013-04-24,18.82491111755371,19.165780451876813,18.755926412603348,19.16172316546458,553400
2013-04-25,19.222591400146484,19.44577930056442,18.804621247655167,18.841143016668408,721000
2013-04-26,19.019695281982422,19.259115452118397,18.90607267513549,19.177955783802624,593400
2013-04-29,19.18202018737793,19.45796221096559,19.0440491755841,19.121150031471803,482400
2013-04-30,19.384910583496094,19.409258945333804,19.14549044339629,19.165779970931858,620800
2013-05-01,19.3483943939209,19.441727485890837,19.137379841122357,19.27535083533709,1075200
2013-05-02,19.591873168945312,19.604048128165168,19.279409380835098,19.413323096307593,648000
2013-05-03,20.127519607543945,20.23302763689827,19.778535678119265,19.794766372796047,1254600
2013-05-06,20.261432647705078,20.289838297482206,20.095056035585397,20.115345564284514,796600
2013-05-07,20.655054092407227,20.699690432213146,20.19244452177084,20.265488056713867,767000
2013-05-08,20.56171417236328,20.71186003763138,20.35070129034836,20.557656887243915,683200
2013-05-09,20.36288833618164,20.61854081373618,20.33448267734139,20.545497248720597,326800
2013-05-10,20.54953956604004,20.695626589645535,20.383163022042925,20.383163022042925,577600
2013-05-13,20.59418487548828,20.66722841366433,20.435924392104095,20.435924392104095,468400
2013-05-14,20.991870880126953,21.004044290278394,20.553611086761638,20.553611086761638,555000
2013-05-15,20.971572875976562,21.182587338653335,20.776790652272968,20.97968899546315,732200
2013-05-16,20.9512939453125,21.23129324322012,20.728105964546227,20.955351233111614,1004000
2013-05-17,21.36520004272461,21.381430736658086,20.9959250528796,21.09331540844763,636400
2013-05-20,21.154186248779297,21.369258043506907,21.077083871052913,21.279982257925553,426400
2013-05-21,21.608673095703125,21.681716621556088,21.073021604775718,21.133891725650347,625600
2013-05-22,21.357080459594727,21.908964211654403,21.202877282285925,21.59244173738986,643000
2013-05-23,21.09737777709961,21.373318196095,21.008101979547188,21.17447861717267,890800
2013-05-24,21.17447280883789,21.25157362776155,20.728097039504483,20.857951865055718,1059200
2013-05-28,21.596511840820312,22.01448215880035,21.422019047335134,21.470714242635637,685800
2013-05-29,21.6046199798584,21.783169995298234,21.2799813365252,21.434184537309292,499000
2013-05-30,21.47071075439453,21.852159226929043,21.458537344545245,21.63303010968144,650600
2013-05-31,21.24346351623535,21.55592726234364,21.23534894183592,21.397666745689637,550200
2013-06-03,21.393606185913086,21.466649728271022,21.186648966568328,21.34085217243417,930200
2013-06-04,21.393606185913086,21.6898376419239,21.186648966568328,21.389547351342184,599800
2013-06-05,20.8863582611084,21.458531590478977,20.825488132199997,21.328676760266625,575800
2013-06-06,20.95534324645996,20.959402080704436,20.61853275977864,20.73621263700944,943200
2013-06-07,21.32461929321289,21.336794248570126,20.995924910411414,21.064909616138024,479000
2013-06-10,21.657373428344727,21.681721792099346,21.292157259976555,21.377374211129943,824600
2013-06-11,21.113616943359375,21.4626026032484,21.109559654566727,21.34086381556431,916800
2013-06-12,20.9025936126709,21.288100903032223,20.825492773795443,21.288100903032223,632000
2013-06-13,21.2191104888916,21.3083847130946,20.74838636385098,20.92693636024859,405400
2013-06-14,21.077083587646484,21.247519035283553,20.959403701316496,21.170416658593904,386800
2013-06-17,21.113616943359375,21.373326769883484,20.983762030097317,21.26376294456267,361600
2013-06-18,21.32868194580078,21.38549325433197,21.081145631778835,21.125783530765357,304800
2013-06-19,21.0202693939209,21.369254814283465,20.91882021581511,21.36519752827554,542000
2013-06-20,20.56578254699707,20.955347114828466,20.492738997029683,20.744332586921796,494000
2013-06-21,20.50897216796875,20.699695625510877,20.3425955295215,20.683464928778314,820400
2013-06-24,20.691577911376953,20.817373918924215,20.05853439510389,20.358823136982984,836200
2013-06-25,21.085201263427734,21.13389799376702,20.66723105662976,20.902592394635242,620200
2013-06-26,21.263757705688477,21.405785998328813,21.129843988634196,21.2840472406382,550400
2013-06-27,21.84130859375,21.861644697112684,21.373570458682053,21.43051216871567,738600
2013-06-28,22.211427688598633,22.508339094272905,21.63794097734244,21.735554878403715,770000
2013-07-01,22.553077697753906,22.70763483926003,22.239896815656305,22.370049708015717,860800
2013-07-02,21.959264755249023,22.6751059834362,21.845379759832802,22.3985305755684,2132600
2013-07-03,21.910446166992188,21.926715666224972,21.532188843326647,21.759957177951065,720600
2013-07-05,22.59375,22.62628899901381,22.170752322089694,22.170752322089694,575600
2013-07-08,22.479869842529297,22.75644516778035,22.08941110742608,22.679165809770584,975200
2013-07-09,23.33806800842285,24.546049886358375,22.71577271516709,24.245071842627777,4124000
2013-07-10,23.561767578125,23.7936025558274,22.951675204898656,22.959809956060422,1890600
2013-07-11,23.765134811401367,23.948162857621355,23.541434555597093,23.948162857621355,1319200
2013-07-12,23.93596076965332,24.346757237570127,23.769202222199226,23.80580783269136,892000
2013-07-15,24.05390739440918,24.13118675148502,23.85461142957639,24.025436542290212,932400
2013-07-16,23.5861759185791,24.118989023866085,23.573973013949384,24.033576449185098,888600
2013-07-17,23.443809509277344,23.818000201176403,23.399069166073083,23.752923761482396,689000
2013-07-18,23.59023666381836,23.756995171276653,23.382805955143905,23.533294961497727,508000
2013-07-19,23.59023666381836,23.732590919619945,23.374671204591667,23.5495644626022,737000
2013-07-22,23.508893966674805,23.756998462481906,23.451952256465677,23.679720648847415,598800
2013-07-23,23.476356506347656,23.626845533516615,23.43161614789453,23.626845533516615,530800
2013-07-24,23.40314292907715,23.614641796692645,23.3584025751428,23.545497190190904,436400
2013-07-25,23.439748764038086,23.533296072487573,23.248585995898427,23.451950114669945,839200
2013-07-26,23.285198211669922,23.374678945833793,23.1225062498348,23.252659198684682,768000
2013-07-29,23.244522094726562,23.35027076608458,23.08589676037162,23.285194302584582,473400
2013-07-30,23.508893966674805,23.56583567688393,23.27705897422609,23.382809194510383,705000
2013-07-31,23.39094352722168,23.679721795407247,23.386876926957797,23.549568865328673,467000
2013-08-01,23.6512451171875,23.704118665329734,23.5617644179546,23.590235267429627,1025400
2013-08-02,23.716318130493164,23.789529318978747,23.5332901592792,23.643106942007577,607000
2013-08-05,23.952220916748047,24.216594839407854,23.598367854601445,23.716319392498576,734200
2013-08-06,23.73665428161621,23.940018349756798,23.59023190430784,23.830201566775514,458000
2013-08-07,23.52923011779785,23.91969044146453,23.504827414256038,23.618710834905148,763600
2013-08-08,23.203847885131836,23.630912265536423,23.146906174617257,23.630912265536423,644200
2013-08-09,23.24858856201172,23.346204032476408,23.081830028274542,23.195713450862293,470800
2013-08-12,23.305526733398438,23.36246843604336,23.134701625463663,23.175373826911457,443800
2013-08-13,23.3461971282959,23.390935922835272,23.22417743841365,23.256716436127533,706000
2013-08-14,23.179445266723633,23.34620379879163,23.150972859816424,23.34620379879163,449200
2013-08-15,22.69544219970703,23.016757976789666,22.69544219970703,22.91100928576713,481000
2013-08-16,22.581554412841797,22.845926865331904,22.512409798067587,22.581554412841797,609200
2013-08-19,22.699504852294922,22.919136934518516,22.50427547279329,22.585619883926746,517600
2013-08-20,22.740175247192383,22.984211564251922,22.727973896802926,22.732040496417724,512200
2013-08-21,22.772708892822266,22.943533964266912,22.650689211453575,22.695429554416133,572400
2013-08-22,22.88252830505371,22.963874256982805,22.748308803183942,22.793049154322194,474400
2013-08-23,23.256723403930664,23.33400121933665,22.715774041452953,22.91507158329876,1595600
2013-08-26,23.272987365722656,23.712253001050843,23.25264971512879,23.492619407614296,1013000
2013-08-27,22.931339263916016,23.272991057385518,22.858128054490752,22.984212819521364,758000
2013-08-28,23.142837524414062,23.228250082619635,22.817453690505975,22.817453690505975,737600
2013-08-29,23.09809684753418,23.3217970665673,23.04522174252978,23.04522174252978,480600
2013-08-30,22.878463745117188,23.2567211364934,22.85812764320833,23.08589446705973,465800
2013-09-03,23.285198211669922,23.350274686094863,23.0777674342984,23.18758272425974,393000
2013-09-04,23.435680389404297,23.614641805206205,23.27299002686493,23.36653733442271,410000
2013-09-05,23.382810592651367,23.549569133182846,23.293329870375096,23.52109827637591,340400
2013-09-06,23.122495651245117,23.54956146742304,22.927266317456983,23.54956146742304,609400
2013-09-09,23.20791244506836,23.309594498549398,23.130633091433968,23.228248545455564,545200
2013-09-10,23.38686752319336,23.553625994775214,23.207907704180666,23.289252089112544,540200
2013-09-11,23.01675033569336,23.427545160636225,22.99641423473392,23.419411961488485,818200
2013-09-12,22.84998893737793,23.220111513622676,22.813383339659445,22.955737579928634,854200
2013-09-13,22.80525016784668,23.07369071917351,22.573415216771007,22.94760441796509,1047800
2013-09-16,22.788982391357422,23.12249941818935,22.776781040865668,23.057422962991534,632400
2013-09-17,22.540878295898438,22.963876037490948,22.540878295898438,22.858127377865372,943200
2013-09-18,22.73203468322754,22.83371671459037,22.398517744481023,22.59781520863183,1123000
2013-09-19,22.776779174804688,22.89879732436072,22.53680947500834,22.7523749242755,1544200
2013-09-20,22.748306274414062,22.967939854743996,22.671028482021594,22.80118137002197,1174000
2013-09-23,22.654762268066406,22.740174822286786,22.398523053860238,22.727973472125313,508800
2013-09-24,22.91100311279297,22.976079570860545,22.536812315245534,22.65069572897751,944400
2013-09-25,23.22011947631836,23.370608517858237,22.90693848878456,23.012688719144226,1140200
2013-09-26,23.525163650512695,23.57397060941706,23.244521697381032,23.321799511608383,762400
2013-09-27,23.59852409362793,23.68818927410024,23.455872328034914,23.52923573782088,845400
2013-09-30,23.733022689819336,23.843067804721304,22.999390145243588,23.349903869426736,1661800
2013-10-01,23.627052307128906,24.303624713524247,23.276538610784833,24.303624713524247,1037000
2013-10-02,24.046855926513672,24.09168929649592,23.484403606794995,23.484403606794995,1400000
2013-10-03,23.997940063476562,24.393285498068646,23.851213281660826,24.00201511640687,1483400
2013-10-04,23.879749298095703,24.091687863276658,23.859370918799023,23.957187761331355,721400
2013-10-07,23.578144073486328,24.022399584561857,23.431418809219856,23.675962471101325,1977800
2013-10-08,24.02648162841797,24.60523581801928,23.29284892204504,23.598529345931347,4113600
2013-10-09,23.627052307128906,24.087609554864194,23.56591561878217,24.046852799146752,1460800
2013-10-10,24.311779022216797,24.319929130431053,23.65965997635362,23.87159854965135,1079000
2013-10-11,24.303625106811523,24.3158518227705,23.871596337270795,24.160973349950904,903200
2013-10-14,24.7723331451416,24.79271307737747,24.083534036282007,24.083534036282007,1348600
2013-10-15,24.05908203125,24.841624571989822,23.843068404767628,24.792716149059437,2120000
2013-10-16,23.504785537719727,24.29547988097811,23.480332099323533,24.16913141510409,1754400
2013-10-17,23.3662052154541,23.574067156146153,23.207250137547753,23.464022050566633,2108000
2013-10-18,23.42734718322754,23.54961904017417,23.276545278152394,23.54961904017417,988800
2013-10-21,23.745248794555664,23.78600710723037,23.52516012519486,23.537386841611944,930600
2013-10-22,23.61075210571289,23.85529578190226,23.402888581658225,23.786008977064558,1283600
2013-10-23,23.651500701904297,23.696334056508263,23.23985195964744,23.51700219286264,729000
2013-10-24,23.651500701904297,23.688182396146612,23.374350468689094,23.61889561522793,557600
2013-10-25,23.8063907623291,23.90420917965698,23.63928553025435,23.753405721494378,478000
2013-10-28,23.557769775390625,23.7778600420759,23.521088064276412,23.75748165918377,606800
2013-10-29,23.48847770690918,23.80230970849313,23.313220854663978,23.55776450419325,649400
2013-10-30,23.45587158203125,23.786006915568283,23.447719919561994,23.504780002076153,970600
2013-10-31,23.533313751220703,23.651508980912283,23.317298562948263,23.40696530354327,2407800
2013-11-01,23.883827209472656,23.928660582151554,23.382511555898425,23.492556682990944,3624600
2013-11-04,24.16097640991211,24.169128073174026,23.59852563777715,23.59852563777715,781000
2013-11-05,24.4788818359375,24.853848968004634,23.95718633924026,24.12021647347763,1583300
2013-11-06,24.666366577148438,24.91091023538468,24.552246410607612,24.698971672686962,628700
2013-11-07,24.03055191040039,24.715276048288768,23.94903683593354,24.715276048288768,534600
2013-11-08,24.250648498535156,24.35661703476559,23.997953100777096,24.006104765836533,454800
2013-11-11,24.128379821777344,24.389226919076883,24.120228155640316,24.26695503656414,236500
2013-11-12,24.193578720092773,24.27509378330877,23.973488515840742,24.04685191725809,369500
2013-11-13,24.870153427124023,24.878305089684883,24.079460815968467,24.079460815968467,429200
2013-11-14,24.804946899414062,24.902763761179973,24.633765059167242,24.862006994572674,339600
2013-11-15,25.35109519958496,25.367398527642287,24.69082596097256,24.87830956931902,888200
2013-11-18,25.025033950805664,25.530424632704587,25.016882287578806,25.38369780416271,466700
2013-11-19,25.20436668395996,25.24512344662758,24.943519671437198,24.95982299841258,395900
2013-11-20,25.163612365722656,25.391852746466263,25.0984006062572,25.20436913234945,589100
2013-11-21,25.35923957824707,25.51411648598483,25.090240961664577,25.236966207715536,614800
2013-11-22,26.50859832763672,26.606415161594338,25.30218034368916,25.448905594625582,1297400
2013-11-25,26.76130485534668,27.128118892636603,26.50045468795544,26.630878216879953,1352500
2013-11-26,26.891725540161133,27.062905820731103,26.321121495386013,26.484151666684888,970200
2013-11-27,26.93247413635254,26.965080782630334,26.785747337643404,26.916170813213643,580800
2013-11-29,26.82651138305664,27.13626838781605,26.728694527174326,27.13626838781605,274800
2013-12-02,26.614574432373047,26.89987489195586,26.47599770233154,26.859118127664285,701400
2013-12-03,26.49230194091797,26.598272019353374,26.174394815153658,26.49230194091797,603100
2013-12-04,26.614574432373047,26.712391288581184,26.272210771331874,26.467847593289942,662900
2013-12-05,26.58196258544922,26.785749476647645,26.386325801700607,26.590112692899034,514900
2013-12-06,26.361873626708984,26.753144103320274,26.30481354321617,26.7123873450456,752600
2013-12-09,26.891725540161133,26.908025758703328,26.418938354348583,26.46784833860081,773500
2013-12-10,26.639028549194336,26.89987557877058,26.630875330402773,26.85096559464683,493900
2013-12-11,26.223295211791992,26.883565847252324,26.18253845616778,26.622718879808,531500
2013-12-12,26.223295211791992,26.370022019672067,26.011358216821407,26.28035840111525,495200
2013-12-13,26.272212982177734,26.500453369050756,26.068426034029095,26.361879736889865,495400
2013-12-16,26.296655654907227,26.475989090911398,26.174385401801388,26.296655654907227,417200
2013-12-17,26.370023727416992,26.50044721958549,26.13363328567126,26.280360103053482,569100
2013-12-18,26.90802764892578,26.940634307384467,26.272213356691857,26.48415352713123,1221500
2013-12-19,26.370023727416992,26.965084214323426,26.345570294367064,26.802054071727472,737500
2013-12-20,26.565662384033203,26.908022908914248,26.427085664765958,26.427085664765958,1630200
2013-12-23,26.88356590270996,26.899869226901505,26.247751806945455,26.728688987202005,1188100
2013-12-24,27.05474281311035,27.168866068407393,26.785745770904935,26.89171581033895,489100
2013-12-26,27.36451530456543,27.64166572052091,27.10366822008292,27.14442499399409,446700
2013-12-27,27.225929260253906,27.470472901966378,27.06289912926522,27.315592878233627,357600
2013-12-30,27.666915893554688,27.707746018787414,27.193277718466213,27.29127064205253,407700
2013-12-31,27.73223304748535,27.84655860122223,27.65057282771264,27.73223304748535,449700
2014-01-02,27.446422576904297,27.797567172849867,27.15244076493702,27.68324160489328,658700
2014-01-03,27.56074333190918,27.63423877206644,27.274929461929585,27.430085117756,417600
2014-01-06,27.48724937438965,27.740401040838883,27.250430374982724,27.617907595590413,697400
2014-01-07,27.64240837097168,27.683241601068897,27.43825468103795,27.64240837097168,603500
2014-01-08,27.421924591064453,27.82206407103448,27.37292658498856,27.560747602239108,524000
2014-01-09,27.3729248046875,27.560745809722402,27.176935908268828,27.503583030587336,394800
2014-01-10,27.3729248046875,27.45458502769821,27.152438464393178,27.34842736081185,785300
2014-01-13,26.80129623413086,27.389259859494434,26.68697066589641,27.274934291259985,909800
2014-01-14,24.906742095947266,25.35587944514185,24.25345112301541,24.906742095947266,3124400
2014-01-15,24.865917205810547,25.192562760737275,24.686260982424198,24.963910093504133,1502400
2014-01-16,24.277950286865234,24.808749434801324,24.188123745181947,24.808749434801324,803200
2014-01-17,23.85331153869629,24.310616832701214,23.787982433491116,24.179958622290872,1015300
2014-01-21,23.60016632080078,24.00030736745077,23.57566887477406,23.926811914232502,931600
2014-01-22,23.559335708618164,23.62466482592609,23.355182022334763,23.600165822847238,575600
2014-01-23,23.200016021728516,23.502164048633546,23.06935783646375,23.502164048633546,1151500
2014-01-24,23.200016021728516,23.330674206993276,22.938699651198988,23.093856830289056,1072000
2014-01-27,22.906042098999023,23.428676574976468,22.906042098999023,23.200023894388277,828000
2014-01-28,23.102039337158203,23.396019681058966,22.914216701458013,22.97954583983257,1129300
2014-01-29,22.693723678588867,23.134694814774495,22.62022822962977,22.979537582797626,802100
2014-01-30,22.938705444335938,23.2735173233292,22.90604011098595,22.946871777673433,2502200
2014-01-31,22.783552169799805,22.914210410678514,22.603897477983853,22.636561259418983,991800
2014-02-03,21.534130096435547,22.86521135801844,21.51779742879185,22.77538324354703,1846700
2014-02-04,21.468801498413086,21.738284290722632,21.46063516439535,21.70561895465168,817900
2014-02-05,21.158485412597656,21.387138074843737,20.848172531577607,21.387138074843737,1130000
2014-02-06,21.32997703552246,21.55862815881821,21.2074835822495,21.215649916305626,941100
2014-02-07,22.040428161621094,22.130256267243478,21.419800870419316,21.43613353645407,1087700
2014-02-10,21.926103591918945,22.154754696323067,21.828109148910873,22.048595477502417,682700
2014-02-11,22.15475082397461,22.342573343780533,21.787275231453926,21.966929861737245,647800
2014-02-12,22.563053131103516,22.669213865670212,22.146581195705597,22.146581195705597,1245400
2014-02-13,23.020374298095703,23.09386976316162,22.465075920961812,22.465075920961812,1268500
2014-02-14,22.881540298461914,23.02853116817383,22.5957248915297,23.02853116817383,1209600
2014-02-18,20.7828426361084,22.04859467006617,20.64401808884597,21.893437456639038,4231300
2014-02-19,20.962491989135742,21.019654748685156,20.521519459637325,20.546018452687807,1603300
2014-02-20,21.240142822265625,21.25647548569019,20.864499351343287,20.96249377432214,974200
2014-02-21,21.32997703552246,21.42796992905808,21.223816250361754,21.264647920642393,806800
2014-02-24,21.3381404876709,21.476965042871097,21.23198126666786,21.3381404876709,1114100
2014-02-25,21.272809982299805,21.615788181041612,21.240146207812792,21.34630542185653,913900
2014-02-26,21.50146484375,21.754614962924144,21.313643837832696,21.354473949529876,676900
2014-02-27,21.795442581176758,21.852605349955812,21.387135309819367,21.558623616156527,739000
2014-02-28,21.525964736938477,21.966935880295427,21.468801955167113,21.860776650944175,1134700
2014-03-03,21.272809982299805,21.436133527441147,21.07682266267145,21.37080442089836,584300
2014-03-04,22.07309341430664,22.14658885362995,21.53412789764821,21.54229267306746,1246300
2014-03-05,21.958765029907227,22.064925794993684,21.74644505730298,22.02409413243402,565700
2014-03-06,22.007761001586914,22.040424771062874,21.72194562022179,22.040424771062874,784800
2014-03-07,22.350744247436523,22.52223258084264,22.073095134481868,22.20375335733478,1023200
2014-03-10,22.383405685424805,22.416071016509125,22.146588265338323,22.301743915282714,619200
2014-03-11,22.113924026489258,22.497732340274545,22.02409591913936,22.40790579049344,450000
2014-03-12,22.30991554260254,22.32624821202074,21.80361525119099,22.024100058060363,1023200
2014-03-13,22.15475082397461,22.342573343780533,21.958763529783198,22.33440701182649,578300
2014-03-14,22.1384220123291,22.244581223598196,21.926102032222186,22.064926574693295,1530900
2014-03-17,22.465072631835938,22.669226325446694,22.171090814614345,22.27725160753062,601500
2014-03-18,22.77538299560547,22.783549329338413,22.342578210741618,22.44873743413212,1036600
2014-03-19,22.546733856201172,22.81621666271649,22.350746502150855,22.69372476113117,1038800
2014-03-20,22.62839126586914,22.710053042606663,22.30991204991853,22.52223204640855,1468400
2014-03-21,22.587560653686523,22.889708753621573,22.49773254551714,22.799880645452188,1357400
2014-03-24,22.726381301879883,22.8325405007518,22.48956390859551,22.554893005801738,987400
2014-03-25,22.661054611206055,22.89787358720839,22.505897404775855,22.873374589066138,1541700
2014-03-26,22.89787483215332,23.11019326398834,22.71821861781306,22.78354772550894,1334800
2014-03-27,22.99587059020996,23.110196153580294,22.824382245154464,22.873378692660467,992200
2014-03-28,23.102256774902344,23.323213912902474,22.979503329644963,22.979503329644963,1034700
2014-03-31,23.3641300201416,23.42141641518506,22.93858486893854,23.19227551769521,1287600
2014-04-01,23.17591667175293,23.429607415693216,23.159549124170912,23.396873881424426,1290100
2014-04-02,23.159542083740234,23.241378235877132,22.930402730830647,23.1677258550434,711000
2014-04-03,22.914033889770508,23.306845524694705,22.750361594771412,23.15954077137446,676300
2014-04-04,22.44756317138672,23.21682023061519,22.398462121915095,23.0940652655948,795100
2014-04-07,22.12022590637207,22.488486213083632,22.022022221378883,22.382100318494413,557900
2014-04-08,22.553958892822266,22.611243735716638,22.022026201938207,22.022026201938207,721000
2014-04-09,22.725812911987305,22.85675012978694,22.50485577161489,22.55395683806606,721300
2014-04-10,21.86653709411621,22.83220030920839,21.71105011337042,22.652162013184114,1234300
2014-04-11,21.3346004486084,21.833799506820952,21.187295706126363,21.60465862286061,1470400
2014-04-14,22.05475425720215,22.144772598376992,21.457351581053146,21.580106560563724,1226700
2014-04-15,22.234792709350586,22.472115779452334,21.964734561499945,22.152956575872786,964100
2014-04-16,22.038394927978516,22.586695192212222,21.882906374000154,22.439390410642723,1140800
2014-04-17,22.022016525268555,22.152953697462138,21.956547939171763,22.01383275689468,577200
2014-04-21,21.86653709411621,22.10386179245694,21.76015118303252,22.038393179275854,791900
2014-04-22,22.267532348632812,22.447572203964565,21.83380337546781,21.907455759759006,1209200
2014-04-23,22.251161575317383,22.619421856589433,22.24297780539207,22.31663017382538,932100
2014-04-24,22.005651473999023,22.341178210753686,21.93199911120952,22.341178210753686,528100
2014-04-25,21.751962661743164,22.136590485086906,21.637393003916202,21.99746951734223,1078100
2014-04-28,21.686491012573242,22.071118781817688,21.252760630399827,21.85834547514173,1919400
2014-04-29,23.22500991821289,24.550751168083053,23.11862401661154,23.732392795813617,3350000
2014-04-30,22.995866775512695,23.08588512018868,22.537586599770727,23.08588512018868,1355400
2014-05-01,22.619422912597656,22.971317231342095,22.32481498600488,22.914032400085016,1203300
2014-05-02,22.504852294921875,22.914031427556818,22.423016156215983,22.635789492493494,709700
2014-05-05,22.177509307861328,22.50485230189176,22.013837030398854,22.39028264420474,637000
2014-05-06,21.498273849487305,22.136592352242957,21.318234016693943,22.095675059823368,966600
2014-05-07,21.269132614135742,21.645578254145075,20.835402141295443,21.522823257056288,1178400
2014-05-08,21.539188385009766,21.735594173095315,21.06454067357941,21.252762692049586,949400
2014-05-09,21.440988540649414,21.621026808558806,21.15456281737499,21.42462099968639,607200
2014-05-12,21.77651596069336,21.874718087544807,21.408254082763786,21.56374260465568,705800
2014-05-13,21.44917106628418,21.792881627099046,21.42462131537253,21.776515646789495,692100
2014-05-14,20.92542266845703,21.522823886735786,20.909055126913724,21.42462175926527,1688400
2014-05-15,20.892688751220703,20.97452333560056,20.606263023207287,20.75356777252245,781600
2014-05-16,21.1054630279541,21.121829009009307,20.745384909529452,20.868138352364415,626800
2014-05-19,21.179107666015625,21.203658971777756,21.007253208363498,21.089089333343,356300
2014-05-20,20.59807777404785,21.056357969436906,20.540792944736037,21.056357969436906,725300
2014-05-21,21.031808853149414,21.072726143633588,20.50805848176341,20.679914535765022,824800
2014-05-22,21.170927047729492,21.269129156362013,20.909051115955894,21.023622323886336,464100
2014-05-23,21.039995193481445,21.236402596872548,20.958160596445854,21.236402596872548,373100
2014-05-27,21.629209518432617,21.64557705859304,21.19547906954859,21.19547906954859,452600
2014-05-28,21.277315139770508,21.604658137434225,21.138194170651612,21.490088478475556,555400
2014-05-29,21.064542770385742,21.375519803147306,21.048175229525743,21.367336032717304,467900
2014-05-30,21.170927047729492,21.228211871247524,20.949969961964758,21.105458455009686,766200
2014-06-02,21.326412200927734,21.40006455670557,20.94178444589457,21.195475026410307,653500
2014-06-03,21.24458122253418,21.30186761604404,20.941789518455177,21.15456286880793,527900
2014-06-04,21.621030807495117,21.70286696655169,20.96634465683236,21.162750502031184,636000
2014-06-05,21.604656219482422,21.621023758136214,21.228212195811572,21.53100385643475,259300
2014-06-06,21.98929214477539,22.013841899198265,21.571929149743013,21.71105014808714,457500
2014-06-09,22.030208587646484,22.23479819133529,21.94018866253707,21.95655620544693,287400
2014-06-10,21.858346939086914,22.005651665950833,21.727409750962188,21.94018307188847,244800
2014-06-11,21.547372817993164,21.76014615186,21.39188431230307,21.719228863417896,355000
2014-06-12,21.1054630279541,21.45735581450908,21.1054630279541,21.45735581450908,594300
2014-06-13,21.522815704345703,21.530999472006112,21.015434596553,21.236391640701797,459800
2014-06-16,21.36733055114746,21.571920076728286,21.179107001333506,21.449165112664428,284500
2014-06-17,21.9401798248291,22.022015945519236,21.220025396723102,21.285493981096373,714300
2014-06-18,21.9401798248291,22.013832177360804,21.67830548733601,21.907446313089554,342800
2014-06-19,21.76015281677246,22.03021106153212,21.580114507231013,21.948374898687835,290000
2014-06-20,21.850160598754883,22.022015040335575,21.72740564231826,21.841976830932833,799400
2014-06-23,21.899263381958008,21.956548200362374,21.645572802926864,21.833794795082415,412500
2014-06-24,21.711050033569336,21.964740713601724,21.661947403192855,21.809252172532585,392400
2014-06-25,21.686491012573242,21.80924442310706,21.588287347609604,21.61283865407409,341200
2014-06-26,21.408260345458984,21.776522331118592,21.162753395615994,21.686502387758438,424800
2014-06-27,21.48207664489746,21.67073138693105,21.31802809083515,21.31802809083515,482200
2014-06-30,21.37544059753418,21.490275189585862,21.244202404745966,21.416453510582162,987600
2014-07-01,21.654321670532227,21.990619727692017,21.432856638407692,21.48207213297934,992800
2014-07-02,21.350839614868164,21.892197683105287,21.334434445652967,21.613316064379127,653700
2014-07-03,21.572294235229492,21.63791332051642,21.219592629613732,21.350830800187595,422500
2014-07-07,21.588706970214844,21.703540018625684,21.375444477106893,21.55589819830444,1422700
2014-07-08,21.629716873168945,21.654323057548233,21.244203296744352,21.498477110387594,1232600
2014-07-09,21.990617752075195,22.28590443504629,21.719938814179187,21.810165648305354,1971300
2014-07-10,21.654321670532227,21.711738183049853,21.326226195801045,21.596905158014597,811300
2014-07-11,21.32623291015625,21.547698012006897,21.04735127771094,21.498482501940227,1117000
2014-07-14,21.69533920288086,21.933207886036122,21.383647262146834,21.498480311636758,1539500
2014-07-15,21.030942916870117,21.93320679292017,20.71104997238659,21.65432520278683,3772600
2014-07-16,20.013845443725586,21.260609981089406,19.964631506969415,21.227799646930062,1646400
2014-07-17,20.12868309020996,20.423968319846917,19.96463452359148,19.981039693149945,1776600
2014-07-18,20.0794677734375,20.21070600219332,19.866205260588522,19.866205260588522,1235900
2014-07-21,19.775976181030273,20.079463940413333,19.76777359773846,19.964630903293557,703500
2014-07-22,20.18610191345215,20.227113277526417,19.899017671482515,19.93182644984528,1209800
2014-07-23,20.169696807861328,20.309137636445517,20.063064757746986,20.13688646490822,600700
2014-07-24,20.38295555114746,20.505991185363044,20.17789563929383,20.341942630086955,575200
2014-07-25,19.90721321105957,20.34193914851579,19.85799771421031,20.202498369741622,459400
2014-07-28,20.054861068725586,20.120480181419662,19.6857525820195,19.96463420209009,557300
2014-07-29,19.90721321105957,20.128678253433137,19.90721321105957,20.046653989833736,627100
2014-07-30,20.120473861694336,20.24350946379057,19.816984583006565,20.087663533411305,660800
2014-07-31,19.89901351928711,20.07126308983676,19.685751028737833,19.890810935287185,681100
2014-08-01,20.13688087463379,20.23531031168449,19.825190525525084,19.857999294886767,1279800
2014-08-04,20.25171661376953,20.34194190793365,19.972835018390448,20.210703694165012,660300
2014-08-05,20.563404083251953,20.629023180891455,20.0876652342449,20.16148691464967,435000
2014-08-06,20.924312591552734,21.006336865263954,20.37475199151533,20.39115715915415,649300
2014-08-07,20.957124710083008,21.13757845397033,20.752064775289696,20.998137635731556,643100
2014-08-08,21.473875045776367,21.5148864039317,20.94892215186954,20.94892215186954,1761800
2014-08-11,21.22779655456543,21.62151268470862,21.137571277736512,21.53128584339709,1075700
2014-08-12,20.538799285888672,21.20319288989814,20.52239411925071,21.170382556622215,755300
2014-08-13,20.46497917175293,20.67003907702307,20.317335789641163,20.555204466223405,1197400
2014-08-14,20.194297790527344,20.52239328757645,20.063058027224965,20.489582955630173,795200
2014-08-15,20.120473861694336,20.423961575899543,19.857995928877788,20.35013990174529,987400
2014-08-18,20.259918212890625,20.432167773408114,20.17789394215156,20.32553731658531,613000
2014-08-19,20.79307746887207,20.87510175477057,20.48138549535439,20.702850597935406,1556800
2014-08-20,21.153982162475586,21.219601274495794,20.604421512625194,20.678241644725272,711300
2014-08-21,21.22779655456543,21.375439907808797,20.9735227598033,21.022736689390218,357700
2014-08-22,21.687135696411133,21.80196874101752,21.104764760586807,21.27701589197929,580900
2014-08-25,22.056236267089844,22.056236267089844,21.646116580073773,21.744545993329908,945100
2014-08-26,22.015228271484375,22.359728923536736,21.90859626053717,22.02343085420975,924400
2014-08-27,21.957809448242188,22.220285809926672,21.94960686637923,21.99882079307444,969300
2014-08-28,21.605113983154297,21.793768740075436,21.44926800094493,21.793768740075436,540900
2014-08-29,21.78557014465332,21.826583076157174,21.416463148018835,21.695344824311576,395300
2014-09-02,22.17928695678711,22.425358293336593,21.7773680415484,22.04804713754619,853500
2014-09-03,21.719945907592773,22.318720486295106,21.637921628370385,22.30231688203703,460400
2014-09-04,22.113662719726562,22.531985176383163,21.867591422626518,21.867591422626518,648000
2014-09-05,22.072643280029297,22.113654626375222,21.81016690865717,22.007024187186264,407700
2014-09-08,22.17107582092285,22.2202897563587,21.892194245981724,22.11365773768443,599400
2014-09-09,21.949609756469727,22.20388356977132,21.892193240351567,22.20388356977132,417700
2014-09-10,22.146474838256836,22.171082595735545,21.81837922762376,21.94961747187699,406700
2014-09-11,22.35973358154297,22.441757861401438,21.974221500036077,22.048041630977387,405500
2014-09-12,22.326921463012695,22.425350903888738,22.12186156196359,22.392540568769093,635800
2014-09-15,22.072643280029297,22.351524815732827,21.916797347846128,22.26950055855839,527000
2014-09-16,21.908594131469727,22.121856568156698,21.826571441152268,21.99061838626972,979800
2014-09-17,21.867586135864258,21.949610403228267,21.662526249695627,21.883991302233614,783800
2014-09-18,22.031639099121094,22.05624528913839,21.818376586900378,21.91680447593573,351000
2014-09-19,21.596904754638672,22.089048739784747,21.432856238095777,22.015227063788704,1305400
2014-09-22,21.293420791625977,21.60511273808235,21.14577896720679,21.53949362795727,641800
2014-09-23,20.924312591552734,21.34263497944535,20.90790742391391,21.203194183481145,429000
2014-09-24,20.858692169189453,20.924311271120946,20.538799242833772,20.84228700258588,548600
2014-09-25,20.85048484802246,21.096556033229994,20.555198174187467,20.86689001089828,737800
2014-09-26,21.05554962158203,21.145776474047082,20.875097481134734,20.883298500010824,325800
2014-09-29,20.866451263427734,20.91578206614309,20.586917888781176,20.882894864332854,474400
2014-09-30,20.603363037109375,20.9157852289577,20.545811993386877,20.866454418782702,641200
2014-10-01,20.241607666015625,20.603357433352606,20.200498668717398,20.537584605823344,1215700
2014-10-02,20.874677658081055,20.899343064867217,20.184061949552916,20.233392763125238,527600
2014-10-03,21.014446258544922,21.145991965316053,20.907565959849073,21.08021911193049,357300
2014-10-06,20.521148681640625,21.00622405413848,20.471819434581935,20.9322293994762,617500
2014-10-07,20.20871925354004,20.58691416521296,20.20871925354004,20.38137389551945,669200
2014-10-08,20.95688819885254,21.014439230298493,20.225165253643148,20.225165253643148,753700
2014-10-09,20.611581802368164,21.06377142013375,20.554030767123912,20.874673145283655,499600
2014-10-10,20.430709838867188,20.685579418007936,20.266276941787034,20.46359547739422,556100
2014-10-13,20.266273498535156,20.792457738903646,20.208722464779555,20.455370200345868,1001100
2014-10-14,20.9157772064209,21.483067192506432,19.904517939792633,20.26626923491289,2240300
2014-10-15,20.866451263427734,21.06377133799298,20.2087229087039,20.570474287876056,941400
2014-10-16,21.063770294189453,21.310418022951374,20.471813236124017,20.67735353280829,908500
2014-10-17,20.882898330688477,21.23642796809051,20.743130836091122,21.228206166273214,911000
2014-10-20,21.195322036743164,21.21998587580333,20.554035562654885,20.67735946240112,884200
2014-10-21,21.7543888092041,21.787276016279502,21.154211393413135,21.261093248259844,864200
2014-10-22,21.491300582885742,21.951712140699012,21.474858545080576,21.787279217458764,989200
2014-10-23,21.8037166595459,22.0914734097938,21.54062531125575,21.61461994898087,1300800
2014-10-24,21.7790470123291,21.853041635630895,21.60639393672347,21.78726881137906,529300
2014-10-27,21.647502899169922,21.75438315810418,21.367967984236714,21.713275728086682,445900
2014-10-28,21.927040100097656,21.94348370107815,21.524181284964136,21.606397721718512,779500
2014-10-29,21.910600662231445,22.19835746147281,21.737947523575667,21.976373510502466,488900
2014-10-30,22.033924102783203,22.173691598498213,21.705059868203286,21.705059868203286,692700
2014-10-31,22.313465118408203,22.469676260063224,22.091482680228612,22.362795943024814,737600
2014-11-03,22.149028778076172,22.428563782342383,22.075034125879327,22.371011166518272,987500
2014-11-04,21.8037166595459,22.157246246866336,21.737943822473362,22.017478772068678,664600
2014-11-05,22.05858612060547,22.132580758040167,21.80371657396824,21.91059684573607,415400
2014-11-06,22.412118911743164,22.551886405980696,22.04214567165901,22.116140319675843,481700
2014-11-07,22.2476863861084,22.576550622740214,22.157249701127384,22.40389748656415,410900
2014-11-10,22.017480850219727,22.313457860908287,21.885935163658527,22.206577578632917,625400
2014-11-11,21.713281631469727,21.968151216797338,21.548848730398028,21.968151216797338,669800
2014-11-12,21.935260772705078,21.976368204894523,21.524180178218547,21.67216944313738,1142700
2014-11-13,21.869487762451172,22.06680625802218,21.795493130593545,21.910595194306296,453900
2014-11-14,21.951702117919922,22.107911598712096,21.795491068979885,21.82015646664869,531000
2014-11-17,21.7790470123291,22.025696279384352,21.66394496192535,21.894149062732858,602900
2014-11-18,22.30522918701172,22.3216727848025,21.68860838318763,21.795490200679904,949300
2014-11-19,22.864299774169922,22.913630569284383,22.21479331997471,22.21479331997471,724100
2014-11-20,23.4644832611084,23.694687411745544,22.749202270411725,22.806753308071013,912700
2014-11-21,23.892000198364258,24.303080732387755,23.620687108634662,24.03998944151636,917900
2014-11-24,24.36886215209961,24.393527557375833,23.883786825372265,23.998890481846303,591000
2014-11-25,24.664838790893555,24.705946228285757,24.42641126320377,24.549736711676815,850900
2014-11-26,25.141693115234375,25.199244156758947,24.664839612125874,24.664839612125874,931400
2014-11-28,25.084142684936523,25.28146121846381,24.895045952991413,25.199244770790365,688900
2014-12-01,24.81283187866211,25.149917935032,24.73883722549326,24.95259938263122,629500
2014-12-02,24.927932739257812,25.28146238283205,24.755279602525306,24.936154541218656,441100
2014-12-03,25.043027877807617,25.12524430644219,24.812823759408342,24.886818388364667,420600
2014-12-04,24.771718978881836,25.084141147259555,24.500405815894982,24.93615186414887,450300
2014-12-05,24.360633850097656,24.7470505889077,24.303082821291376,24.7470505889077,650900
2014-12-08,24.08110237121582,24.385301137943554,23.88378230266783,24.319528304476904,596700
2014-12-09,24.089323043823242,24.204426680605966,23.678242435101698,23.842675305849546,845800
2014-12-10,23.653575897216797,24.270196739783565,23.620688699568912,24.064656458927978,507600
2014-12-11,23.842679977416992,24.32775531620252,23.46448649600367,23.809792769564503,594900
2014-12-12,24.155092239379883,24.352412281809055,23.489142192661905,23.51380759000251,868400
2014-12-15,23.990663528442383,24.393522319222605,23.768679633069194,24.25375485563371,677100
2014-12-16,24.270204544067383,24.525074135202317,23.760463793649116,23.9248966984675,1019800
2014-12-17,24.426408767700195,24.508625202233244,23.900226095725575,24.3853013345077,861200
2014-12-18,24.55795669555664,24.79638263745527,24.344194587008978,24.738831602105538,458200
2014-12-19,24.43463706970215,24.508631723656087,23.80979419639583,24.483967884437092,1179800
2014-12-22,24.43463706970215,24.62373538988914,24.245540317663632,24.38530782311568,466500
2014-12-23,24.623729705810547,24.919706685155255,24.467518631506213,24.492184033179985,281700
2014-12-24,24.3770809173584,24.640172268273115,24.335973481833527,24.623730234952056,245300
2014-12-26,24.58261489868164,24.67305311531682,24.344189011390366,24.451069257111058,209100
2014-12-29,24.927932739257812,25.03481459660036,24.525073852066914,24.525073852066914,359300
2014-12-30,24.598411560058594,24.903213496336132,24.49955590129507,24.829072145077834,366500
2014-12-31,24.277130126953125,24.746692508729335,24.24417929053883,24.590171714803933,863000
2015-01-02,23.91466522216797,24.425415016980985,23.428628164075228,24.334799030244273,754700
2015-01-05,23.684001922607422,23.88171166314961,23.461577875275953,23.782857578507187,847400
2015-01-06,23.115591049194336,23.74167283189178,22.975546419232305,23.626342514719894,919600
2015-01-07,23.3544921875,23.601629039137084,23.165020496494385,23.27211271320171,1011600
2015-01-08,23.955856323242188,23.997045268993105,23.560436787506163,23.733432245169087,1065900
2015-01-09,24.318326950073242,24.450133472464614,23.799337393306743,23.92290738289913,952100
2015-01-12,24.40894317626953,24.466609905195646,24.15356823319897,24.301850965065007,520600
2015-01-13,23.667530059814453,24.42541832322038,23.461582179228685,23.461582179228685,2372500
2015-01-14,23.016735076904297,23.346251364470273,22.83549994029981,23.148541591930687,1172700
2015-01-15,22.497743606567383,23.148539593167538,22.398889514461956,23.12382528451245,1222700
2015-01-16,22.68722152709961,22.753124792565625,22.168231936704167,22.456559312339657,883700
2015-01-20,22.415367126464844,22.81078826118374,22.217657344734235,22.70369448071028,857200
2015-01-21,22.398887634277344,22.45655277837462,22.127036546920674,22.300031979212495,503900
2015-01-22,23.395681381225586,23.453346542454035,22.407132393185456,22.456559449773014,713300
2015-01-23,23.206205368041992,23.543959739151067,23.181491058720287,23.44510407312176,547500
2015-01-26,23.535724639892578,23.593389797745477,23.107352651188602,23.140305067823235,580800
2015-01-27,23.61811065673828,23.651061511248592,23.255641829576,23.288594255344453,447600
2015-01-28,23.593385696411133,23.87347490408563,23.543958651308994,23.684003255146244,655500
2015-01-29,24.013525009155273,24.095904484036016,23.6840086808901,23.749911946543136,574200
2015-01-30,23.189727783203125,23.939377837562343,23.0826355916907,23.758144293750004,939100
2015-02-02,23.36272430419922,23.428627552495318,22.93435240464588,23.206203500274466,474100
2015-02-03,23.799339294433594,24.071190464988884,23.272113162752497,23.461584857418163,628500
2015-02-04,23.873477935791016,23.898192247109282,23.4121551233201,23.593388692547837,604700
2015-02-05,23.931148529052734,24.40071112325736,23.848770615120895,23.931148529052734,632000
2015-02-06,23.46982192993164,23.980573400978248,23.41215677072236,23.972335296625815,673500
2015-02-09,22.81902313232422,23.38743808504906,22.63778801297069,23.27210778819314,911500
2015-02-10,23.00849151611328,23.11558369495031,22.810781790466837,23.0167296177557,469100
2015-02-11,23.066164016723633,23.148543488177765,22.794312860805416,22.983784545269504,448400
2015-02-12,23.412153244018555,23.560435957510197,23.082636975846857,23.272108633638396,535700
2015-02-13,23.807575225830078,23.873478486274117,23.39567945524043,23.39567945524043,1145100
2015-02-17,23.25562858581543,23.9064244827998,22.489502406836767,22.489502406836767,1116100
2015-02-18,24.63136100769043,24.812596109978287,23.51100584210389,23.576909087138393,1622400
2015-02-19,24.44189453125,24.746698085876293,24.318326117147638,24.631366204290803,926800
2015-02-20,24.45012855529785,24.4748412912402,24.137086949130893,24.43365235049804,533500
2015-02-23,24.63136100769043,24.69726425272493,24.400700435698322,24.45836557869635,626100
2015-02-24,24.45836639404297,24.713741280657707,24.359510737567103,24.59841099081699,542000
2015-02-25,24.837310791015625,24.985593496776616,24.32656099479157,24.32656099479157,677300
2015-02-26,24.894981384277344,25.125643596057884,24.73022400836933,24.845554328630715,347700
2015-02-27,25.175064086914062,25.282157846022784,24.787882704673155,24.820833542759203,582000
2015-03-02,25.422204971313477,25.47987012214156,25.1009252332952,25.208019003053796,602900
2015-03-03,25.2739200592041,25.35629951233368,25.026781699815356,25.348061409894985,433500
2015-03-04,25.01854705810547,25.28216007102303,24.993832748922884,25.232731452657863,421400
2015-03-05,24.96088218688965,25.208020583261966,24.878504292689822,25.11740301413302,546100
2015-03-06,24.53251075744629,25.02678438677592,24.425416985502668,25.010309751387133,467000
2015-03-09,24.81260108947754,24.903217087549375,24.50779753798787,24.50779753798787,327200
2015-03-10,24.853788375854492,25.010309192984945,24.557222947872056,24.763170812580412,587800
2015-03-11,24.400707244873047,24.91969524793954,24.252424509351837,24.82907767150819,610400
2015-03-12,24.903215408325195,25.100925169774374,24.384227480928285,24.55722293297475,916500
2015-03-13,24.6807918548584,25.07621295730351,24.51603450249235,24.837312675175056,421600
2015-03-16,24.936174392700195,25.183311266829318,24.804367850330273,24.83731870029379,537900
2015-03-17,25.175064086914062,25.19977839392162,24.754930295329746,24.92792730186793,551000
2015-03-18,25.191537857055664,25.413961884856366,24.993828133874107,25.05149327339491,575000
2015-03-19,25.619916915893555,25.6858201754912,25.11740357942546,25.11740357942546,536300
2015-03-20,25.949430465698242,25.998857512347474,25.578723687685272,25.72700639889046,962700
2015-03-23,26.18010139465332,26.40252396462027,25.727015006462697,25.87529776727934,1119400
2015-03-24,26.427230834960938,26.517845253413,26.0977130028109,26.180092460848407,618400
2015-03-25,26.451940536499023,26.616699433664017,26.287181639334026,26.493129475161624,776100
2015-03-26,26.27894401550293,26.320134526172296,25.941189684300717,26.287182117636803,899900
2015-03-27,26.748506546020508,26.83088442526477,26.303658456066312,26.303658456066312,891200
2015-03-30,27.400514602661133,27.90395828481394,27.152920226547725,27.317981045067793,1536600
2015-03-31,27.606836318969727,27.82967214179539,27.326228595596575,27.342735302657637,1079400
2015-04-01,27.210691452026367,27.549071158736943,27.004362285780086,27.524309517920795,607700
2015-04-02,27.3592472076416,27.582079924470303,27.13641134247985,27.38400569877078,464000
2015-04-06,27.367502212524414,27.672868516311603,27.152921251349653,27.218944951582877,531300
2015-04-07,27.235435485839844,27.34272747686235,26.921814438106427,27.317965849191584,725900
2015-04-08,27.177671432495117,27.466530935786487,27.029114216993136,27.359242062182528,707800
2015-04-09,27.119897842407227,27.35098543064476,26.946582151229077,27.22718985765991,750300
2015-04-10,27.08688735961914,27.425266999703787,27.02086367655347,27.243696361691136,550900
2015-04-13,27.177671432495117,27.326228647997095,26.97959409571499,27.08688611765141,518100
2015-04-14,26.905315399169922,27.30972185077566,26.839291719349415,27.119899442334585,754000
2015-04-15,26.657726287841797,27.177676641759895,26.62471286732854,27.128156510990006,794100
2015-04-16,26.49265480041504,26.740252235527016,26.484403021799654,26.558681622666814,578100
2015-04-17,26.261571884155273,26.401875758030908,26.06349610471315,26.253318529907723,453900
2015-04-20,26.591699600219727,26.674229993874704,26.31109027996066,26.476155789769678,494400
2015-04-21,26.905315399169922,26.92182210620816,26.61645589683186,26.632962603870098,357200
2015-04-22,27.078636169433594,27.078636169433594,26.806280206484715,26.987850848450634,394200
2015-04-23,27.483034133911133,27.56556765883703,26.905312052758106,26.987845577684002,513300
2015-04-24,28.333127975463867,28.35788647262646,27.375757440725916,27.540821434588796,1296400
2015-04-27,28.019500732421875,29.051146538856162,27.94522210842528,28.51468946017707,2137600
2015-04-28,25.89017677307129,27.177669946760734,25.10612554485793,26.046985759381048,2270700
2015-04-29,25.328964233398438,25.81590110216826,25.320710879365656,25.716862427941212,1183200
2015-04-30,25.36197280883789,25.494023308022143,25.0153398549377,25.295947559245764,870100
2015-05-01,25.31245994567871,25.477523893784895,24.949320204344986,25.361978500443975,783300
2015-05-04,25.279449462890625,25.52704541381103,25.196919053417147,25.452766785951574,683100
2015-05-05,25.03185272216797,25.32071385054552,24.908055545482306,25.13914318885114,1289000
2015-05-06,24.800765991210938,25.21342433764817,24.28081716733336,25.089627148550335,988100
2015-05-07,25.155651092529297,25.304208341267973,24.800764681468365,24.809018036861247,996400
2015-05-08,25.064868927001953,25.461020566077053,25.03185550332902,25.34547515738847,527200
2015-05-11,25.09787940979004,25.320715284947646,25.064867562081464,25.089626054321247,436300
2015-05-12,24.965824127197266,25.089621287374904,24.759495002179108,25.023596030335742,406800
2015-05-13,24.76775360107422,25.08137324488296,24.59443628078959,24.96582941413763,788400
2015-05-14,24.875041961669922,24.94932058202548,24.69347287533772,24.81727005120815,863400
2015-05-15,24.86678123474121,24.990579948076896,24.792504210572247,24.94105983307621,692400
2015-05-18,25.04010581970215,25.1143844397831,24.792511468876636,24.875041869707477,729400
2015-05-19,25.089624404907227,25.337220330194036,24.84203005378691,25.031852494590254,822400
2015-05-20,25.295942306518555,25.4279927782824,24.858525709113003,25.13913178098682,504500
2015-05-21,25.0731201171875,25.27944928777523,24.908057725217304,25.205172234596958,546200
2015-05-22,24.932809829711914,25.229924262962232,24.759494126426723,25.097873753554587,366600
2015-05-26,24.297313690185547,25.01533803035756,24.239541797776994,24.86678083606928,519000
2015-05-27,24.56966781616211,24.726476787340655,24.049717640501903,24.272553430070563,602600
2015-05-28,24.44587516784668,24.668709424157807,24.38810169114913,24.520152203839533,365400
2015-05-29,24.247802734375,24.511905387397974,24.06623363620289,24.355094781514527,762600
2015-06-01,24.04972267150879,24.305571923794094,23.90116544738605,24.280811861718195,594200
2015-06-02,23.98369789123535,24.15701518088652,23.868154080912138,23.967192757022286,736800
2015-06-03,24.247802734375,24.412866695743535,24.07448699168798,24.107498839461726,611400
2015-06-04,23.686580657958984,24.033213599388446,23.620555410742234,23.975440130678482,764800
2015-06-05,23.777372360229492,23.975448168283304,23.554538060023074,23.719600446317955,724000
2015-06-08,24.000205993652344,24.165269938701446,23.727851586237836,23.736104940906937,586100
2015-06-09,24.000205993652344,24.124003165355948,23.85990211261054,24.016712702990542,409100
2015-06-10,24.363346099853516,24.594433737447105,24.14876359768342,24.14876359768342,780500
2015-06-11,24.256057739257812,24.429375067896913,24.140513902942885,24.429375067896913,380100
2015-06-12,24.190031051635742,24.363348370147946,24.13225913685388,24.247802966417606,383800
2015-06-15,23.98369789123535,24.346837604750753,23.884660789291555,24.033218016373603,510300
2015-06-16,24.13225555419922,24.198280814743097,23.88466122070128,23.934179772567592,644400
2015-06-17,23.909420013427734,24.313824936169553,23.69483752039131,24.16526927868255,747200
2015-06-18,24.13225555419922,24.272559429625755,23.92592641822881,23.934179772567592,730100
2015-06-19,24.1405086517334,24.231293974327855,24.03321819480334,24.148762005984384,806100
2015-06-22,23.958934783935547,24.3550862636718,23.934174726139762,24.297314369647687,679300
2015-06-23,24.280813217163086,24.34683847888493,23.9094201361237,23.99195210681761,708600
2015-06-24,23.96718978881836,24.297316044690618,23.760860682127426,24.280809338355464,887700
2015-06-25,23.98369789123535,24.11574840993798,23.604053043506884,24.066229858966082,835300
2015-06-26,24.214786529541016,24.412862303042758,24.07448265987316,24.107494501706956,849700
2015-06-29,23.544910430908203,24.330568436253213,23.520101207563748,24.041115403894942,895400
2015-06-30,23.55318260192871,23.83436539010643,23.346430644585816,23.809556164756327,920500
2015-07-01,23.842632293701172,23.87571335935687,23.51182952410435,23.72685171869029,690400
2015-07-02,23.52837371826172,23.991497667765543,23.44567261864511,23.908796568148933,317500
2015-07-06,23.726850509643555,23.817820280777124,23.33815589495594,23.36296669293343,513500
2015-07-07,23.9666805267334,24.008031854302583,23.45393668401036,23.784739417604555,467100
2015-07-08,23.718576431274414,23.86743804042837,23.553174292794083,23.793007235851395,597400
2015-07-09,23.793014526367188,23.99976647412347,23.60280311300553,23.88398431075327,554200
2015-07-10,24.107282638549805,24.123823176955256,23.801290565011747,24.057662600726008,354200
2015-07-13,24.404998779296875,24.4876998693941,24.1568955090052,24.223057642996654,330700
2015-07-14,24.239601135253906,24.347113045717496,24.090739460699638,24.347113045717496,552300
2015-07-15,24.082468032836914,24.32229947661245,23.98322640194869,24.206518888403036,383500
2015-07-16,23.892253875732422,24.264408001712606,23.826093317490624,24.10727608436629,2519000
2015-07-17,23.784744262695312,24.065927037876907,23.768203728298236,23.892254581491954,727700
2015-07-20,23.32161521911621,23.917060130101778,23.24718440806904,23.751657977243205,1256200
2015-07-21,23.900524139404297,24.305757755753664,22.668282756449997,23.45394076568154,2845800
2015-07-22,24.421541213989258,24.636563434024488,23.93360647956166,23.941876746954424,954000
2015-07-23,23.850908279418945,24.611755620634245,23.79301797803176,24.45462367587445,861400
2015-07-24,23.826093673706055,23.892254232936992,23.61934172893535,23.83436394078394,874300
2015-07-27,23.17275619506836,23.776471439122428,23.01562428997483,23.776471439122428,916900
2015-07-28,23.793014526367188,24.008036741320783,23.12313707991446,23.280269001879045,914000
2015-07-29,23.9997615814209,24.032841066074234,23.553176708161942,23.693768067070298,944300
2015-07-30,24.22306251525879,24.487704794886767,23.991499731888098,24.00804026871295,752600
2015-07-31,24.24786376953125,24.57866651028635,23.90879076308329,24.26440430091698,715000
2015-08-03,23.60280418395996,24.330570379031204,23.362971156532232,24.26440981584291,598500
2015-08-04,23.45393943786621,23.842632498303995,23.437398904896423,23.602801079810227,400200
2015-08-05,23.37950897216797,23.743391238680605,23.222377061351292,23.56145010542429,567900
2015-08-06,23.21410369873047,23.561446963089683,22.97427230857798,23.396046385113586,697100
2015-08-07,23.238914489746094,23.42912586419986,23.048703115292323,23.056971803406093,804900
2015-08-10,24.18998146057129,24.760617362336692,23.561455257265937,23.619345558805886,1210100
2015-08-11,23.950145721435547,24.140358718944057,23.751664033828273,23.966686256417546,869500
2015-08-12,23.660688400268555,23.86744030428379,23.147942984258368,23.768198696304065,854500
2015-08-13,23.83436393737793,24.024575347965676,23.602802768798814,23.693772551858256,534200
2015-08-14,24.065921783447266,24.123812063805392,23.71030825851383,23.82608881923008,473500
2015-08-17,24.140357971191406,24.18170772997335,23.80128490152448,23.98322604851409,339500
2015-08-18,23.9997615814209,24.280944299237607,23.95013998835311,24.15689189395999,389900
2015-08-19,23.668960571289062,23.90052171289818,23.635879506835202,23.850901693609362,797600
2015-08-20,22.784061431884766,23.46220906874632,22.75925221049422,23.46220906874632,654200
2015-08-21,22.238237380981445,22.618661757470896,22.006676225841144,22.387099024938532,1347500
2015-08-24,21.18794059753418,21.932247304426287,20.981188646875694,21.072158432538732,1114600
2015-08-25,20.699996948242188,21.808187052448325,20.65864562949329,21.808187052448325,985900
2015-08-26,21.427764892578125,21.46911463796026,20.70826922762223,21.15485247183767,678100
2015-08-27,22.22996711730957,22.26304818370086,21.353339364037243,21.65106265199059,1196500
2015-08-28,22.18861961364746,22.494613199254083,22.00667846220626,22.22170068339617,645500
2015-08-31,22.287857055664062,22.51941819080551,22.023213279600803,22.072834874895626,567700
2015-09-01,21.957056045532227,22.263049619822105,21.617982980109268,21.617982980109268,793400
2015-09-02,22.263044357299805,22.32093463614276,21.866081093183716,22.263044357299805,494200
2015-09-03,22.726181030273438,22.817152421319058,22.271327229830725,22.378837583199708,1022000
2015-09-04,22.502883911132812,22.626936356444066,22.304402206984122,22.42018438411513,689500
2015-09-08,22.577312469482422,22.87503578436361,22.378830785359032,22.87503578436361,566000
2015-09-09,21.981870651245117,22.80060831023483,21.948791154387095,22.80060831023483,390300
2015-09-10,21.791656494140625,22.089378238376078,21.64279483332678,21.94051815495447,516000
2015-09-11,21.750301361083984,21.76684189326417,21.311988300052807,21.675870543665113,476200
2015-09-14,21.717227935791016,21.932250181974183,21.62625656080018,21.874359880577256,516000
2015-09-15,22.056297302246094,22.06456756923812,21.576632858453618,21.75857400010175,465000
2015-09-16,22.527687072753906,22.527687072753906,21.89916110082551,22.130723799133392,739400
2015-09-17,20.460174560546875,21.402963029702537,20.269963128593073,21.22102186575442,3837400
2015-09-18,19.128684997558594,20.261686097901826,19.079064983478336,20.046663933698298,2272100
2015-09-21,18.822694778442383,19.327169962442635,18.81442451244658,19.285818632463627,1596600
2015-09-22,18.98809242248535,19.012903216626373,18.508428110834185,18.566319963829905,1648400
2015-09-23,18.979825973510742,19.34370819947589,18.830964345892323,19.335437933786878,1001200
2015-09-24,18.781349182128906,18.946751397755868,18.665568577625493,18.781349182128906,990200
2015-09-25,18.690370559692383,19.103874326157296,18.640750549386265,19.05425431585118,800800
2015-09-28,17.995685577392578,18.673831557466073,17.863364487494913,18.591130481932076,824100
2015-09-29,17.87129020690918,18.29423045835304,17.76348265187599,18.14495724234306,947800
2015-09-30,17.945938110351562,18.0454541775795,17.597634247685118,18.0454541775795,1046200
2015-10-01,17.854711532592773,17.929348165713872,17.547871865122293,17.896175625769487,975000
2015-10-02,18.194721221923828,18.203014356483145,17.539577827520898,17.639093860479022,847900
2015-10-05,18.501556396484375,18.592779280607434,18.236182459130138,18.327405343253197,671400
2015-10-06,18.103496551513672,18.526436882118404,18.0537393307818,18.410336173159525,731200
2015-10-07,18.01227569580078,18.14496268723641,17.64738726022965,18.070327638588363,1133200
2015-10-08,17.921051025390625,18.16983869235464,17.796655610155206,18.020565459474867,1903700
2015-10-09,17.539581298828125,17.9542286183359,17.48982406337831,17.863007283636907,1544400
2015-10-12,17.357133865356445,17.655680386826724,17.3073766390293,17.597628444065734,1711000
2015-10-13,16.809797286987305,17.448354332551514,16.7849178864154,17.29078795910308,2324300
2015-10-14,16.851261138916016,16.867847405733695,16.220997235625415,16.735160434699196,3543500
2015-10-15,16.89272689819336,16.917604716802245,16.619059821221317,16.851261230922763,1516700
2015-10-16,16.834672927856445,16.9590683328691,16.710279104597067,16.9590683328691,1221500
2015-10-19,16.793214797973633,16.892730840896277,16.52784079251837,16.726871296609815,2396100
2015-10-20,16.29563331604004,17.52298854842626,16.096602866065524,16.171239482525145,4654900
2015-10-21,15.068277359008789,15.980501397170823,14.927297266004173,15.963915131698906,3855300
2015-10-22,14.877538681030273,15.350236131168238,14.778022679118138,15.20096291917663,7020000
2015-10-23,15.259015083312988,15.416581446091765,14.695094695897051,14.968761756642623,3797600
2015-10-26,15.15121078491211,15.29219091216143,15.018523792413184,15.242432103659045,1299900
2015-10-27,15.059986114501953,15.18437995763122,14.97705635849793,15.068279248277708,1046300
2015-10-28,15.358537673950195,15.416588047791956,15.00194071263188,15.07657735950102,1652400
2015-10-29,15.366825103759766,15.41658232260974,15.250722817438536,15.341945703458045,1125200
2015-10-30,15.399991989135742,15.524385794289302,15.242425659006273,15.424871382867675,1135100
2015-11-02,15.723418235778809,15.80634797720868,15.36682303661089,15.391700851812574,1179300
2015-11-03,16.29563331604004,16.428320282689718,15.789764848845675,15.789764848845675,1458100
2015-11-04,16.038557052612305,16.32881046741836,15.856112817300373,16.14636465035257,1522400
2015-11-05,15.99709415435791,16.12148803237038,15.822941459737269,16.005385708705294,615600
2015-11-06,15.947334289550781,16.005384656690754,15.748303781462068,15.939041153994518,588400
2015-11-09,15.764886856079102,15.92245323619214,15.632199877590297,15.889280700693163,727300
2015-11-10,16.088314056396484,16.104900327123328,15.665373643384935,15.698546184838628,930700
2015-11-11,15.764886856079102,16.113190570050605,15.45804722972777,16.055140214680947,1125200
2015-11-12,15.681954383850098,15.872691684683558,15.59073150877615,15.64878343584802,1538200
2015-11-13,15.059986114501953,15.607320289673558,14.94388540514844,15.524390533669534,1012900
2015-11-16,14.902417182922363,15.109740746533292,14.587286062205187,15.018519454136701,1446600
2015-11-17,14.41313362121582,14.902417363817099,14.313619195256432,14.902417363817099,1016400
2015-11-18,15.018519401550293,15.068276613751781,14.3965487128953,14.421426528119415,842800
2015-11-19,14.943883895874023,15.059984593501815,14.819490065308052,14.993641111749739,530800
2015-11-20,15.275609016418457,15.557569351648825,15.076578470683053,15.084871607807965,606300
2015-11-23,15.416584968566895,15.582444502204664,15.184381937824767,15.275604839500913,481300
2015-11-24,15.632196426391602,15.681953636901367,15.300479053404503,15.350236263914267,469700
2015-11-25,15.897575378417969,15.939039470064811,15.507807538975047,15.681958621996232,376400
2015-11-27,15.582441329956055,15.93074343253185,15.441461229590576,15.914158747947349,251900
2015-11-30,15.084864616394043,15.574148407715342,14.977055465490876,15.54926900787151,1243900
2015-12-01,15.317066192626953,15.433168478110378,15.043399118296701,15.126328870283874,776000
2015-12-02,15.192672729492188,15.632199318615779,15.118036109041888,15.358532237549182,503700
2015-12-03,14.761436462402344,15.292185838043185,14.620456381931788,15.283892706044542,778800
2015-12-04,14.927300453186035,15.167796608618017,14.670219610494415,14.670219610494415,711700
2015-12-07,15.051688194274902,15.151204186184255,14.620454865589421,14.86924405448629,591700
2015-12-08,14.919004440307617,15.018520453433862,14.728267128715132,14.827781560088008,569900
2015-12-09,14.678511619567871,15.068279420974289,14.44630861644605,14.802905464122809,600900
2015-12-10,14.769732475280762,14.919005716866147,14.661924901776597,14.67021803539284,541200
2015-12-11,14.529234886169434,14.719972174157474,14.35508228018888,14.512648622408777,646300
2015-12-14,14.305326461791992,14.678509523931375,14.114589155255564,14.562407248069496,1063800
2015-12-15,14.487773895263672,14.653633422809964,14.222399916592549,14.404845713244207,671600
2015-12-16,14.338501930236816,14.60387590357141,14.164349271639958,14.562410231641849,1151500
2015-12-17,14.297035217285156,14.363378705788081,14.031661263273461,14.346792438223966,725500
2015-12-18,13.973611831665039,14.288743027433464,13.965318697335128,14.172642310321988,3101100
2015-12-21,13.965317726135254,14.205812277963238,13.865801702850673,14.089711568925834,727700
2015-12-22,14.396552085876465,14.429723041198024,13.957025460152007,14.056541489623939,769200
2015-12-23,14.703389167785645,14.860955544912798,14.496065570106477,14.57070219181126,1014500
2015-12-24,14.620457649230957,14.769730874639139,14.504356954692742,14.695094261935047,356300
2015-12-28,14.471186637878418,14.570701071329824,14.313620272868059,14.545823253843672,737200
2015-12-29,14.41313362121582,14.761437275580235,14.305326062800937,14.54582215875047,688300
2015-12-30,14.304957389831543,14.496355502056897,14.246705928478894,14.371530715267896,525300
2015-12-31,13.905516624450684,14.354887786598837,13.897196347136859,14.230062992857695,816700
2016-01-04,13.80565357208252,13.822297296532712,13.397891846450356,13.59761177815389,1340500
2016-01-05,14.05530834197998,14.163491004098146,13.772371269532727,14.07195207264947,1184800
2016-01-06,13.689153671264648,14.06362802995004,13.572649161849245,13.805656593446779,942500
2016-01-07,13.655863761901855,13.880549289089918,13.406214234292664,13.43117823471379,981800
2016-01-08,13.089991569519043,13.714117059845888,13.065026772118618,13.68083119238972,1528300
2016-01-11,12.990131378173828,13.131599883870642,12.648942909240304,13.02341803871328,873400
2016-01-12,13.114954948425293,13.41453564116627,12.86530463567997,13.189850121610537,846200
2016-01-13,12.715516090393066,13.281390106953245,12.657264633494194,13.114956806087479,1092200
2016-01-14,12.93188190460205,13.015098965525869,12.424260055093544,12.765448576371123,1157900
2016-01-15,12.83202075958252,12.898594084918575,12.399293351281523,12.549083730095965,1405800
2016-01-19,12.673907279968262,12.973488008363853,12.490831049967134,12.956844281845626,1350600
2016-01-20,12.823694229125977,12.96516269239061,12.266142237110381,12.432575489887496,2053800
2016-01-21,13.015092849731445,13.098309077935234,12.490827516943865,12.757120716982127,1710800
2016-01-22,13.347967147827148,13.389574886954803,12.998455948944176,13.106637816632935,1137400
2016-01-25,13.098312377929688,13.331319780283488,12.99013053975468,13.281389395888663,800500
2016-01-26,13.481110572814941,13.630899349960469,13.164886117519316,13.20649464024856,1036800
2016-01-27,13.131599426269531,13.547683858938125,13.089990903641016,13.414537221420124,908800
2016-01-28,13.564327239990234,13.60593656004456,13.189852882900894,13.372929129440132,862800
2016-01-29,14.071944236755371,14.080266097456128,13.630895143011054,13.630895143011054,1080900
2016-02-01,14.313279151916504,14.488033534729121,13.755726960147781,13.980410939873536,1147100
2016-02-02,14.296635627746582,14.421460415426141,14.071950057583404,14.213418573549115,801500
2016-02-03,14.654464721679688,14.746002033247944,14.088590778604852,14.421457337109768,1420700
2016-02-04,14.512995719909668,14.75432337103311,14.288310205695058,14.554603443031088,1562300
2016-02-05,13.963765144348145,14.23005837449948,13.905512111423795,14.205092788960473,1104300
2016-02-08,13.797331809997559,13.89719257019057,13.472787117027908,13.789009947712064,897100
2016-02-09,13.730757713317871,13.922155773234298,13.62257668426206,13.6558625442666,621600
2016-02-10,13.739080429077148,14.055303261322848,13.73075856675056,13.83893960253034,488800
2016-02-11,13.431177139282227,13.689150095635794,13.214814285908336,13.439499001154877,513300
2016-02-12,13.888871192932129,13.955444506308032,13.414536136724703,13.597612351700185,534000
2016-02-16,14.038662910461426,14.155165823393947,13.747404040896978,14.038662910461426,1166700
2016-02-17,14.654464721679688,14.820897207315669,14.23005926437356,14.23005926437356,1032600
2016-02-18,14.562925338745117,14.737679680938266,14.446422443949684,14.646142372413097,621100
2016-02-19,14.379846572875977,14.488027586310256,14.063622218715558,14.488027586310256,739600
2016-02-22,14.587896347045898,14.746007023825461,14.404818487483366,14.529643290763781,782100
2016-02-23,13.955443382263184,14.879147832549684,13.764045320127797,14.363205092251434,1965200
2016-02-24,14.562925338745117,14.637820510323008,13.764045624891462,13.855582933416631,1114600
2016-02-25,15.8028564453125,15.811178308574462,14.529639936428632,14.637822571601006,1674100
2016-02-26,15.486632347106934,16.26054810941719,15.378449720529694,15.886072228546745,1796700
2016-02-29,15.752928733825684,16.335444946615535,15.478313562325235,15.4866354265808,1511900
2016-03-01,16.210620880126953,16.260552067886927,15.669712377260952,15.802859036820786,1264600
2016-03-02,16.61005401611328,16.635019599708425,16.060823874881976,16.144040899633055,1150500
2016-03-03,16.6267032623291,16.751528047309364,16.40201769702467,16.576773665783648,1113900
2016-03-04,16.343765258789062,16.83474409260861,16.26887007483468,16.60173826451334,860600
2016-03-07,16.243900299072266,16.585088643734846,16.135717699701637,16.268864293363492,974600
2016-03-08,15.686348915100098,16.243900891609453,15.636419337463746,16.160683870727095,1123200
2016-03-09,15.711318016052246,16.002576890175373,15.594815101296264,15.761249197147528,903100
2016-03-10,15.586488723754883,15.861103791314584,15.42837812444331,15.736279049193396,440400
2016-03-11,15.936002731323242,16.044185364107978,15.744604642221738,15.78621237038012,611500
2016-03-14,15.561529159545898,16.035864267035222,15.49495583897254,15.902717625888506,618700
2016-03-15,15.644742012023926,15.702995046644464,15.420058084562013,15.5032735309827,1110400
2016-03-16,15.14544677734375,15.544886734230628,14.962368940012293,15.544886734230628,914800
2016-03-17,15.67802906036377,15.736280506265162,15.112155150636772,15.145442598142058,752000
2016-03-18,15.869431495666504,16.11908265906506,15.669711517287633,15.794536305370265,1189000
2016-03-21,15.561529159545898,15.994254949656147,15.511597978691007,15.869430171985245,459500
2016-03-22,15.37845230102539,15.628103459241345,15.178732326792586,15.494956809752809,461100
2016-03-23,14.820897102355957,15.295232143270404,14.820897102355957,15.261946281272113,737900
2016-03-24,14.746007919311523,14.895798327237792,14.438106825004049,14.770973516377097,832800
2016-03-28,14.954042434692383,15.153762351150606,14.804253687773318,14.804253687773318,476500
2016-03-29,15.220332145690918,15.220332145690918,14.787605011360634,14.954037425711478,903100
2016-03-30,15.20363998413086,15.520905207836197,15.195292324126525,15.262084751360742,552100
2016-03-31,15.378973007202148,15.479162456700966,15.20364186869354,15.20364186869354,752000
2016-04-01,14.928123474121094,15.362275118665286,14.89472805124857,15.320530441960296,874900
2016-04-04,14.585810661315918,15.086754697080412,14.577461408266505,14.936471327105345,1146000
2016-04-05,14.477273941040039,14.619208061734835,14.276896639904548,14.519018614938473,695500
2016-04-06,14.519018173217773,14.602509110931775,14.235149940464478,14.468924247572247,467200
2016-04-07,14.260193824768066,14.652599055206071,14.168353658991549,14.452221814612829,698500
2016-04-08,13.917884826660156,14.293593210693523,13.725856804801776,14.293593210693523,468000
2016-04-11,13.851088523864746,14.193399803493655,13.834390024259294,14.034767242155004,495600
2016-04-12,14.443872451782227,14.56076036889715,13.90953314767997,13.93458089973104,848000
2016-04-13,14.852982521057129,14.86133018195258,14.493972589177327,14.527368010130873,1001400
2016-04-14,15.061708450317383,15.22033948004135,14.644255354809125,14.886377322126181,965500
2016-04-15,15.445765495300293,15.629444295473297,14.986567698639142,15.019963120280925,920000
2016-04-18,15.679535865783691,15.68788511720466,15.27043210089744,15.41236459768329,826100
2016-04-19,15.712932586669922,15.946706868541568,15.662838666432073,15.737980343017352,711900
2016-04-20,15.813126564025879,15.86322049865987,15.654493913151187,15.712937102300424,818000
2016-04-21,16.071941375732422,16.222224718714195,15.696233018277994,15.896611870558292,634800
2016-04-22,16.19717788696289,16.58123551785027,16.063593039469104,16.122036211190512,1054100
2016-04-25,16.013498306274414,16.19717706413309,15.871564213965511,16.19717706413309,1165900
2016-04-26,16.330759048461914,16.355806798884874,16.030194005669546,16.038541663353897,1053200
2016-04-27,15.963406562805176,16.09699142170253,15.429065534758626,15.429065534758626,694100
2016-04-28,15.821473121643066,16.188830702949897,15.796425362366929,15.888265553922235,706100
2016-04-29,15.821473121643066,15.996802659204436,15.495858620882068,15.804774615458975,772100
2016-05-02,15.804773330688477,15.963405941627702,15.579348292899638,15.863216505124752,1069700
2016-05-03,15.946702003479004,17.2825516777808,15.838163351543747,16.756560102154765,1788100
2016-05-04,15.804773330688477,15.988452106410639,15.47081119644042,15.888264262364757,1679300
2016-05-05,15.813126564025879,15.938362196839593,15.587701469486708,15.79642805499539,1163400
2016-05-06,15.796424865722656,15.863217295901851,15.454113461997135,15.721283182713917,899800
2016-05-09,16.080297470092773,16.272325560082056,15.829824594384613,15.829824594384613,1037400
2016-05-10,16.138734817504883,16.213876493753396,15.955056049151292,16.055243889177977,677700
2016-05-11,15.161897659301758,16.005153178841862,15.145199151796252,16.005153178841862,1235800
2016-05-12,14.936469078063965,15.295478942845316,14.894724411559741,15.161894099083458,1011100
2016-05-13,14.493969917297363,15.011610790082582,14.452223658229553,14.786185768487266,903100
2016-05-16,14.368730545043945,14.552410872064765,14.23514572127792,14.510664619352438,908600
2016-05-17,14.243497848510742,14.51901680223049,14.126611502222678,14.385431951484978,1045000
2016-05-18,13.967978477478027,14.34368685426061,13.892836802121511,14.193403503547579,716300
2016-05-19,14.168354988098145,14.352035336881885,13.90118530891114,13.951279225644479,661500
2016-05-20,14.485620498657227,14.569111423374354,14.09321363022381,14.19340305837575,869300
2016-05-23,14.493969917297363,14.677648679824868,14.385431236178011,14.510666828467533,1036700
2016-05-24,14.544062614440918,14.727741361544718,14.377080777105233,14.502317951335408,919600
2016-05-25,14.52736759185791,14.669301709852716,14.435528992536945,14.560764604307137,972900
2016-05-26,14.727741241455078,14.794533657353366,14.477270079950706,14.602505660702892,695800
2016-05-27,15.045007705688477,15.22033721533438,14.63590392405776,14.694347093939728,917900
2016-05-31,15.20363998413086,15.303829421210724,15.019961207351033,15.061707469658092,842300
2016-06-01,15.429062843322754,15.554298427635866,15.078402251771925,15.095100754335501,664100
2016-06-02,15.74632740020752,15.80477056441462,15.395666822508137,15.429062233859284,729700
2016-06-03,15.771378517150879,15.821474038606535,15.554302701548238,15.74633234888034,987800
2016-06-06,15.771378517150879,15.83817095330113,15.562651955124181,15.763029263574936,655800
2016-06-07,15.963406562805176,15.988452728562722,15.604396657347111,15.779726187478465,625000
2016-06-08,16.44764518737793,16.506088339616756,15.938352130799924,15.963399878526479,1151300
2016-06-09,16.739870071411133,16.806662509292465,16.18048280698346,16.289021513826462,1514000
2016-06-10,16.30571937561035,16.631332298328534,16.213879179989423,16.58958762347753,1089000
2016-06-13,15.971752166748047,16.247271101808348,15.913308997562062,16.23057419093873,851700
2016-06-14,16.05524253845215,16.088639543956027,15.696232691569815,15.896611539679341,909600
2016-06-15,16.481046676635742,16.572886859750387,16.030198198301328,16.055244362818375,1271500
2016-06-16,16.280662536621094,16.397548834990282,15.913303551445447,16.397548834990282,1268800
2016-06-17,16.90684700012207,17.09887500361282,16.197176560637917,16.322412145851153,2060100
2016-06-20,17.090530395507812,17.691663915781145,16.931899354286614,16.931899354286614,2169700
2016-06-21,17.11557388305664,17.33264964535121,16.981989043561043,17.08217687695429,1407300
2016-06-22,17.007034301757812,17.24915619063235,16.965288050257605,17.098872870144938,589400
2016-06-23,17.207420349121094,17.28256204786937,16.97364599829784,17.21576960369951,887800
2016-06-24,16.8233585357666,17.048783577541897,16.497745648173687,16.648029009357217,4944300
2016-06-27,15.846513748168945,16.589581088996212,15.454108544779547,16.589581088996212,1724200
2016-06-28,15.930006980895996,16.280667577022445,15.746328227670473,16.055242566843255,1294100
2016-06-29,16.809429168701172,16.884807903783493,16.08077019287996,16.114270965427142,1278300
2016-06-30,17.01880645751953,17.02718204622164,16.56653584996697,16.876424644544052,1525800
2016-07-01,17.270076751708984,17.39570744129732,17.002062590444748,17.03556495965811,896700
2016-07-05,16.700542449951172,17.203066601021643,16.591661391854448,17.1695642454595,476100
2016-07-06,16.951810836791992,16.993688798809416,16.507914024292763,16.608419535653667,987300
2016-07-07,17.90660285949707,18.02385953506053,17.21144478697055,17.21144478697055,1792700
2016-07-08,18.652015686035156,18.769270771714677,18.074112654150458,18.074112654150458,1664700
2016-07-11,18.760889053344727,18.953522801902754,18.501252192354336,18.702261529651434,1434600
2016-07-12,19.305301666259766,19.414182790770408,18.777652024148942,18.894907145177744,1167500
2016-07-13,19.196413040161133,19.581680596628825,19.045655614593617,19.42254917851241,1269400
2016-07-14,19.104278564453125,19.34716582459765,19.079153397872705,19.34716582459765,1584300
2016-07-15,19.363927841186523,19.43093098537827,19.146167223193103,19.154542815902193,756200
2016-07-18,19.3471736907959,19.51468072686417,19.1796650572469,19.36392487364694,794000
2016-07-19,19.213172912597656,19.41418237180108,19.129418571892604,19.347179218733274,707600
2016-07-20,19.26341438293457,19.63193232277215,19.196411266371403,19.363919856519477,1131700
2016-07-21,19.137792587280273,19.405805177446585,19.070789439738697,19.271798882363427,1082600
2016-07-22,18.601760864257812,18.84464820795099,18.492881377503345,18.777645078221944,1447100
2016-07-25,18.668771743774414,18.735774895584395,18.52638984649306,18.64364496279024,1702600
2016-07-26,20.377347946166992,20.62023531069385,18.518009738590646,18.576637282447262,2808600
2016-07-27,20.76262092590332,20.96363036866251,20.38572722230418,20.427603590490286,2087700
2016-07-28,20.502975463867188,20.687235256123905,20.10095671300246,20.670484075467744,1795500
2016-07-29,20.511348724365234,20.687232906315653,20.12608119791819,20.48622195623508,1191300
2016-08-01,20.427593231201172,20.703981274517638,20.03395013844143,20.435968820087155,762300
2016-08-02,19.774316787719727,20.519726758783822,19.698938071827794,20.402471688498824,894200
2016-08-03,19.757566452026367,19.87482152732651,19.146162705846194,19.380672856446484,1140700
2016-08-04,19.61518096923828,20.059077610933652,19.58167861251548,19.832941495495618,548300
2016-08-05,19.933448791503906,20.10933299952171,19.69056305350288,19.782692952820806,794100
2016-08-08,19.774316787719727,20.167959950448306,19.690562481453075,19.98370175464609,441400
2016-08-09,19.355548858642578,19.791068420873714,19.33879767615812,19.791068420873714,629800
2016-08-10,19.481182098388672,19.690567114582684,19.305297854095635,19.33042463113204,633100
2016-08-11,20.06745719909668,20.20983905991581,19.67381398270531,19.682189574221816,705400
2016-08-12,20.0172061920166,20.033957375840043,19.682190502951883,19.682190502951883,651900
2016-08-15,20.243337631225586,20.452722587445344,20.084204617204044,20.084204617204044,677400
2016-08-16,20.47785186767578,20.762615570842428,20.318718834146033,20.611858128285892,905000
2016-08-17,20.243337631225586,20.586728831627557,20.159583329241592,20.419220227659572,721800
2016-08-18,20.536481857299805,20.60348499559928,20.251718120156823,20.46110312702779,1012500
2016-08-19,21.114377975463867,21.390767648074977,20.461097941962464,20.528101063282616,1314800
2016-08-22,20.863115310668945,21.156254546402007,20.77098542580076,21.08925142944705,704100
2016-08-23,21.030622482299805,21.05574765103685,20.86311390247852,20.97199495860642,510300
2016-08-24,21.05575180053711,21.080878571706148,20.86311801401604,20.971999091601358,571900
2016-08-25,20.695606231689453,21.07249975410188,20.502972474669892,20.938493523350857,486500
2016-08-26,20.653728485107422,20.89661576032218,20.427592386972336,20.68723083926677,475200
2016-08-29,20.56998062133789,20.762616022955182,20.53647985419619,20.762616022955182,318100
2016-08-30,19.958576202392578,20.410848525364457,19.849696715833023,20.385721752705813,654700
2016-08-31,20.025585174560547,20.109339510377797,19.707320615432298,19.891578876245383,708900
2016-09-01,19.523056030273438,20.050707099932033,19.514680438971478,19.975328375695092,1283400
2016-09-02,19.523056030273438,19.70731584395516,19.27179468113743,19.58168357190646,624600
2016-09-06,19.2382869720459,19.648681246961154,18.79439193870912,19.590053721613298,1026500
2016-09-07,19.430925369262695,19.46442613293537,19.12103491851782,19.288543529322702,597500
2016-09-08,19.229909896850586,19.397418468452752,19.137781620201512,19.30528859432355,530600
2016-09-09,18.87815284729004,19.204792944410052,18.869777255379166,19.087537852619445,770000
2016-09-12,18.987030029296875,19.095909515884966,18.526383712798662,18.802771822193712,886900
2016-09-13,18.593385696411133,19.012155630136785,18.48450461905337,18.920025733523374,549600
2016-09-14,18.30862045288086,18.635260462147244,18.233241743437787,18.54313057338785,482200
2016-09-15,18.668771743774414,18.71064811460022,18.040616596500406,18.30862920374033,561900
2016-09-16,18.68551254272461,18.735766081050393,18.50125436130459,18.626885012158258,969700
2016-09-19,18.97027587890625,19.263415124205448,18.719014581495717,18.719014581495717,970600
2016-09-20,19.112661361694336,19.53143133578047,18.928403148189478,19.10428577051493,769900
2016-09-21,19.363927841186523,19.380677429123736,18.97028297126416,19.21317036738485,600100
2016-09-22,19.690561294555664,19.707312474295378,19.255040206205614,19.464425160510782,643400
2016-09-23,19.590055465698242,19.83294277516941,19.56493029401529,19.606806645140473,516300
2016-09-26,19.054031372070312,19.472801292335593,19.012155019035973,19.41417375909533,1527800
2016-09-27,19.405797958374023,19.531428613594,18.92840051004985,19.070782345293942,670100
2016-09-28,19.26341438293457,19.53980243844268,19.171284498605097,19.338793088753174,366000
2016-09-29,18.910741806030273,19.599320944335687,18.90234430414122,19.20464796550836,302300
2016-09-30,19.338993072509766,19.42296483719194,18.986306215204888,19.061882084745843,583800
2016-10-03,19.24662208557129,19.3557863399512,19.08707285071566,19.29700546438827,652800
2016-10-04,19.35579490661621,19.473358311433103,19.087081298450936,19.21304060207098,659900
2016-10-05,19.087074279785156,19.42296616647817,19.087074279785156,19.397775276012975,930700
2016-10-06,19.103866577148438,19.21303082428806,18.910728969777534,19.095469080959447,408400
2016-10-07,19.070283889770508,19.40617745922766,19.003105496210928,19.22983317509673,652400
2016-10-10,19.473350524902344,19.540528900082005,19.095471163480003,19.17104703576447,928600
2016-10-11,19.070283889770508,19.490149249932706,18.961119600858403,19.43976585517783,342100
2016-10-12,19.145856857299805,19.238227734952435,18.93592420929582,18.994706696130493,423800
2016-10-13,18.835153579711914,18.977907815199835,18.72598772816656,18.851948572512534,624300
2016-10-14,18.94432258605957,19.036693467996397,18.82676081025566,18.90233669517505,1142800
2016-10-17,18.507661819458008,18.919129590726467,18.482469326730143,18.8939370979986,1381800
2016-10-18,17.852664947509766,18.944313609852273,17.306840616338512,17.34882648732926,3289600
2016-10-19,18.03741455078125,18.297732213747988,17.70152260043935,17.70152260043935,1795700
2016-10-20,17.77709197998047,18.129778799109822,17.56715938768106,18.04580544185834,1353500
2016-10-21,17.60915184020996,17.70992022686736,17.491590057158966,17.525180053264492,736000
2016-10-24,17.58396339416504,17.93665039410506,17.516784994255485,17.718320193984155,778600
2016-10-25,17.58396339416504,17.68473019319968,17.281659793742335,17.323645693063536,881500
2016-10-26,17.60915184020996,17.97023629004849,17.525180053264492,17.525180053264492,721100
2016-10-27,17.441200256347656,17.768694589751448,17.37402189047871,17.634337858013556,1026300
2016-10-28,17.961828231811523,18.01221319635003,17.457991399692325,17.457991399692325,1107600
2016-10-31,17.928253173828125,18.00382907511379,17.70152546997113,18.00382907511379,683500
2016-11-01,17.726713180541992,18.09619348513648,17.617547307448042,17.911453332839237,582700
2016-11-02,17.86107063293457,18.457278603040947,17.777097250785477,18.003824902090315,1084000
2016-11-03,17.793893814086914,17.95344149239151,17.735112921905305,17.93664809581047,506200
2016-11-04,17.945039749145508,18.356507462036017,17.793888017541104,17.919847259991883,723500
2016-11-07,18.25574493408203,18.448882607597568,18.12138815236173,18.28093743127678,1213100
2016-11-08,18.247343063354492,18.35650892338548,17.9870270613448,18.23894556630143,564600
2016-11-09,18.289329528808594,18.457274655528813,17.64273670670606,17.928245183955006,1048300
2016-11-10,19.06188201904297,19.13745788832343,18.51605594053771,18.54124843085078,1044000
2016-11-11,19.52373504638672,19.918407823415397,18.860347151283115,18.969513018363937,1372100
2016-11-14,20.321481704711914,20.59019524764049,19.674888741003112,19.733669628311358,1618200
2016-11-15,19.817644119262695,20.2710978479009,19.53213556351825,20.170331064496477,682200
2016-11-16,19.859628677368164,19.93520456067184,19.616107632457798,19.851231179038972,605000
2016-11-17,20.035972595214844,20.077958484481425,19.65809318517958,19.859628336645383,569500
2016-11-18,20.052764892578125,20.103149878931614,19.641297113978162,19.95199812318899,665100
2016-11-21,20.34667205810547,20.34667205810547,19.926806758012535,19.926806758012535,945600
2016-11-22,20.77493667602539,20.816924170707672,20.3886613349033,20.3886613349033,817200
2016-11-23,20.951278686523438,20.951278686523438,20.615385171996095,20.69935855062793,503900
2016-11-25,21.035249710083008,21.25357984604232,20.942880438389434,21.10242809025057,231700
2016-11-28,20.690959930419922,20.993263436435438,20.48102729605557,20.90089256478428,611700
2016-11-29,19.506938934326172,20.66576790959516,19.481748044641286,20.66576790959516,1220400
2016-11-30,18.919132232666016,19.683287000539615,18.77637795725781,19.506942730136952,1496600
2016-12-01,19.00309944152832,19.515335530250784,18.919127677577983,19.095470303864168,1046100
2016-12-02,18.843551635742188,19.011496763760128,18.79316665584396,18.927525000580516,659600
2016-12-05,19.456560134887695,19.616109414317137,18.952721400982583,18.994708896442532,1427900
2016-12-06,19.641294479370117,19.725267843703143,19.12906000009019,19.464951855763594,1093900
2016-12-07,20.5062198638916,20.732947494233752,19.5993109441819,19.641296830545013,1480500
2016-12-08,21.077232360839844,21.177999107132607,20.57339382440037,20.632174693347572,1199800
2016-12-09,20.909292221069336,21.169608266092123,20.825318838322257,21.094033983444717,776800
2016-12-12,20.59019660949707,20.774936782064607,20.50622322136304,20.548209114600475,731400
2016-12-13,20.01917839050293,20.766538140283668,20.002383393468538,20.648976364361054,1045300
2016-12-14,19.532133102416992,20.187123518651784,19.414571336038545,20.035971760931528,1121500
2016-12-15,19.221435546875,19.66649340226154,19.120668758040573,19.590917509806104,770600
2016-12-16,18.759584426879883,19.297011575548485,18.57484424493986,19.213038183154207,1808600
2016-12-19,18.776376724243164,19.112268643834657,18.62522496001224,18.81836261356997,1245100
2016-12-20,19.0198917388916,19.221426826790314,18.591629076484903,18.826754146529318,953200
2016-12-21,19.036693572998047,19.187845343670546,18.759582527318162,19.07867946411415,488100
2016-12-22,18.373300552368164,19.01989334846484,18.35650716153266,19.01989334846484,1075400
2016-12-23,18.398496627807617,18.55804588428804,18.322920748509468,18.381701632039373,713200
2016-12-27,18.44048309326172,18.63362234732918,18.415292200479136,18.415292200479136,448900
2016-12-28,18.440481185913086,18.575206036476803,18.30575633534937,18.524684619027134,829100
2016-12-29,18.54152488708496,18.718350644127213,18.465741960910613,18.465741960910613,538100
2016-12-30,18.48258399963379,18.608888348291476,18.305756626675485,18.499423401687068,742200
2017-01-03,18.440481185913086,18.928859170718287,18.389959768463417,18.634147957842565,1217600
2017-01-04,19.16462516784668,19.198305571674524,18.583623345885012,18.617305355759488,1500100
2017-01-05,18.69309425354004,18.853079033497494,18.47416593744089,18.76045668879769,789300
2017-01-06,18.743614196777344,18.861498047647654,18.59204832791722,18.77729460872014,659400
2017-01-09,18.398380279541016,18.768874421758905,18.3731187677829,18.642568469015213,578800
2017-01-10,18.659414291381836,18.928864062137958,18.339443090120774,18.339443090120774,643800
2017-01-11,18.31417465209961,18.61730633269,18.27207374359393,18.592044823958563,511800
2017-01-12,18.171031951904297,18.314177310063915,17.86790022731994,18.187872960169415,780600
2017-01-13,19.114107131958008,19.173049053592603,18.280494906978404,18.280494906978404,1202600
2017-01-17,19.754051208496094,19.855095659296946,19.11410890892991,19.11410890892991,1281800
2017-01-18,19.669845581054688,19.78772941255623,19.2235685522968,19.754047400100504,1502400
2017-01-19,19.29935073852539,19.754046647016064,19.189887414310853,19.68668423071942,1405400
2017-01-20,19.594064712524414,19.644586130455874,19.3246150088274,19.3246150088274,672400
2017-01-23,19.695110321044922,19.846676202223513,19.45092209496053,19.518284530367996,596800
2017-01-24,20.149803161621094,20.208745077797186,19.703526129642906,19.703526129642906,570800
2017-01-25,20.25084686279297,20.402412714394064,20.09086211370011,20.20874595114681,774600
2017-01-26,19.981401443481445,20.385576063419407,19.922459512163055,20.20875026946424,498400
2017-01-27,20.05718421936035,20.149808171263373,19.594067671939573,19.989821783261927,1488700
2017-01-30,19.425657272338867,19.905614743663723,19.316193935704742,19.905614743663723,1088800
2017-01-31,19.77931022644043,19.787730730115037,18.81939529219112,19.07200397824193,933100
2017-02-01,19.526704788208008,19.76247250612414,19.366718403874113,19.76247250612414,750800
2017-02-02,19.391979217529297,19.644587936456787,19.046746552173094,19.450921144875906,975400
2017-02-03,17.87631607055664,18.827811910841838,17.834215166917765,18.827811910841838,2824100
2017-02-06,17.699491500854492,17.926840249824185,17.632129087016803,17.80053431858771,1379000
2017-02-07,18.743614196777344,19.400399093155542,18.64256974885492,19.333035057175916,2572700
2017-02-08,19.25725746154785,19.290937880019136,18.608892943990547,18.743617829970333,1599800
2017-02-09,19.48459815979004,19.602483599971062,19.223568981615603,19.29093140198471,631700
2017-02-10,20.040340423583984,20.191906285252355,19.711948794000474,19.82983263927723,741300
2017-02-13,19.821414947509766,20.208748523303846,19.73721150745326,20.040341643190832,880000
2017-02-14,19.922452926635742,20.1413811749121,19.754046087639576,19.754046087639576,822700
2017-02-15,20.05718421936035,20.06560472462855,19.6530096027698,19.754052453893856,684800
2017-02-16,19.947715759277344,20.208744931617648,19.695105484004074,20.132962009640345,957200
2017-02-17,19.972980499267578,20.031924035337948,19.69511025341011,19.93087957955017,919900
2017-02-21,20.259265899658203,20.27610690551619,19.78772897796156,19.89719230394505,1129700
2017-02-22,21.26128387451172,21.32864629383266,20.427673333147563,20.823427345902235,1254900
2017-02-23,21.033939361572266,22.05279796668867,20.882373485931225,20.882373485931225,1464700
2017-02-24,21.210763931274414,21.379169188222562,20.756066364815986,20.840269796313493,761800
2017-02-27,21.564414978027344,21.581254377864553,21.101296952499634,21.269703799245477,1010300
2017-02-28,21.19392204284668,21.54757515559924,21.03393569025588,21.454951224197178,1050500
2017-03-01,21.58968162536621,21.657044063899054,21.236028421556984,21.36233439909738,1104600
2017-03-02,22.111738204956055,22.238042556322235,21.471794337847513,21.471794337847513,984000
2017-03-03,21.379167556762695,22.212778092276185,21.20234180955381,22.06121385440289,998000
2017-03-06,21.555997848510742,21.606519268022204,21.151823280325114,21.36233106867767,551800
2017-03-07,21.294967651367188,21.631779775874925,21.193923210991418,21.4465319028605,379600
2017-03-08,21.438112258911133,21.614939635149852,20.98341627409878,21.37917033551388,491400
2017-03-09,21.143400192260742,21.51389269813181,21.11813868256858,21.396008864995267,431400
2017-03-10,21.210763931274414,21.505475138492262,21.17708191625666,21.379169188222562,869200
2017-03-13,21.06761360168457,21.362324739268036,20.873946879232705,21.261280324136436,752900
2017-03-14,20.96657371520996,21.236023405698457,20.9244728033387,21.177081486659954,723100
2017-03-15,21.17707633972168,21.261279749046004,20.88236521010977,21.07603353336965,695500
2017-03-16,21.17707633972168,21.311801152222017,21.025510524147187,21.193917342795835,699700
2017-03-17,21.421276092529297,21.463377013873853,21.193927262755416,21.35391365474969,1073000
2017-03-20,21.353906631469727,21.463369954591506,21.134978379179497,21.412848544385046,480300
2017-03-21,20.688709259033203,21.404436201675328,20.469780923281064,21.39601569575633,614400
2017-03-22,20.562402725219727,20.604503644350793,20.234011059065477,20.48661978594611,437000
2017-03-23,20.907630920410156,21.076037772934804,20.621340234746324,20.621340234746324,383700
2017-03-24,20.98341941833496,21.12656479919787,20.65502773531596,20.890795464233314,383300
2017-03-27,21.404438018798828,21.513901392944117,20.697131522029125,20.73081354856455,869800
2017-03-28,21.4296932220459,21.530736059773762,21.219185436391406,21.328648778271084,557000
2017-03-29,21.614940643310547,21.724403991004312,21.193925049639557,21.311808901932384,379400
2017-03-30,21.353302001953125,21.665584211414757,21.167621688911876,21.395503170696582,556200
2017-03-31,21.07477569580078,21.387057830703824,21.015695683475514,21.378617598970273,732600
2017-04-03,20.593698501586914,21.20138244797002,20.585258267908266,21.04102122769559,617000
2017-04-04,20.078853607177734,20.63589605387634,19.90161195060471,20.526174645090734,838100
2017-04-05,19.9606876373291,20.315169263789222,19.825647171040423,20.21388971897738,831400
2017-04-06,20.272974014282227,20.500855453073708,20.028212111178114,20.104172590775274,664400
2017-04-07,20.467090606689453,20.500851528852284,20.095728511945165,20.18856943808358,802600
2017-04-10,20.509296417236328,20.75405834828813,20.332056351144914,20.475537094566,553600
2017-04-11,20.720294952392578,20.787815199515684,20.467094428133354,20.475534660249952,586800
2017-04-12,20.56837272644043,20.71185343273191,20.483972026890832,20.593691809438695,392600
2017-04-13,20.00288963317871,20.585251064942348,20.00288963317871,20.543051521125065,423700
2017-04-17,20.306726455688477,20.374246680261816,20.045085786692937,20.053526015990748,634400
2017-04-18,20.1463680267334,20.315167792464262,19.87628550390741,20.13792779697547,650600
2017-04-19,20.365812301635742,20.49241416766381,20.222331581972252,20.222331581972252,532500
2017-04-20,20.711854934692383,20.813134493648825,20.38269234356003,20.53461329180426,778700
2017-04-21,20.408010482788086,20.72029096191233,20.332050018177462,20.4755307169076,526300
2017-04-24,20.551494598388672,20.939735606672095,20.29829247098634,20.813135347875743,715800
2017-04-25,20.5599308013916,20.889091731722182,20.517729650189402,20.69497126562001,539600
2017-04-26,20.678091049194336,20.804691284676515,20.441769429100756,20.66965081885428,1180400
2017-04-27,20.62745475769043,20.76249524629973,20.365812402426506,20.76249524629973,492500
2017-04-28,20.348936080932617,20.576815927687214,20.04509413884675,20.576815927687214,545500
2017-05-01,20.272974014282227,20.424894973476547,19.935372777078,20.424894973476547,432900
2017-05-02,20.348936080932617,20.433335189458866,20.213895575518855,20.433335189458866,387600
2017-05-03,20.129487991333008,20.332048680363403,19.952246382300622,20.256088220750847,390600
2017-05-04,20.129487991333008,20.38268845016869,19.952246382300622,20.171687531202533,446900
2017-05-05,20.011333465576172,20.18013490442448,19.79189384880713,20.18013490442448,1011900
2017-05-08,20.323612213134766,20.467092928988095,19.986011002247388,20.11261125510396,767000
2017-05-09,20.576814651489258,20.779377006856553,20.163252928082965,20.323614121994694,1464300
2017-05-10,21.977859497070312,22.661502117242744,21.319535960357555,21.944098572711436,3561800
2017-05-11,21.192935943603516,21.977859735560607,20.779374274576448,21.977859735560607,1337000
2017-05-12,21.10853385925293,21.20981340717707,20.678091756051867,21.20981340717707,981100
2017-05-15,21.623376846313477,21.868137097425674,21.074773119367663,21.11697427287625,1699500
2017-05-16,20.79625701904297,21.589621190655425,20.745617232287646,21.589621190655425,1524300
2017-05-17,21.268901824951172,21.70778268935811,20.79625841742077,20.79625841742077,1723200
2017-05-18,21.285776138305664,21.690899202544507,21.218255895900786,21.27733590677886,1238100
2017-05-19,21.218252182006836,21.319533332791394,20.585249416578858,21.142291721370736,1119600
2017-05-22,21.192935943603516,21.71621739836858,21.100095010418634,21.285775266978902,530900
2017-05-23,21.31109619140625,21.327976653951747,20.939734064452903,21.31109619140625,717200
2017-05-24,21.167619705200195,21.35330000084052,21.07477875247512,21.311100445861758,569300
2017-05-25,21.403932571411133,21.564292102044575,21.12541143791037,21.35329119454978,1297600
2017-05-26,21.90189552307129,21.94409506195906,21.403933237111325,21.47989369495669,675000
2017-05-30,22.02850341796875,22.1719841538677,21.77530126707131,21.93566246832538,525000
2017-05-31,21.94410514831543,22.121345224881505,21.901905590031117,22.121345224881505,824400
2017-06-01,21.90189552307129,22.03693597928322,21.78373391652893,21.986294600846833,699500
2017-06-02,22.011621475219727,22.247943144900418,21.96098169236303,22.04538240366397,1209400
2017-06-05,21.986297607421875,22.12133808210028,21.79217712629785,21.952538293656996,725500
2017-06-06,21.859695434570312,22.070696358861163,21.70777451151141,21.78373497304086,632100
2017-06-07,21.90189552307129,21.952535291698457,21.707773458683565,21.859694374374296,644200
2017-06-08,22.38298225402832,22.653063225631325,21.93565963867986,22.045381039524564,935100
2017-06-09,22.66994285583496,22.85562311453708,22.281700266063865,22.382981431598353,634700
2017-06-12,22.695261001586914,23.108822658286897,22.560220526330163,22.669941918607176,855300
2017-06-13,22.864065170288086,22.88938586614459,22.55178302729646,22.788104692528222,416700
2017-06-14,22.6615047454834,22.92314550037139,22.59398449874425,22.8218659351675,510500
2017-06-15,22.686824798583984,22.703705263440476,22.222623283698532,22.42518403254726,519200
2017-06-16,22.357664108276367,22.543344394970593,22.05382217567695,22.458945289079427,1057700
2017-06-19,22.416744232177734,22.66150614788522,22.357664213851034,22.501144948277204,1294800
2017-06-20,21.648704528808594,22.458949290149185,21.581184266181047,22.408307885820992,713200
2017-06-21,21.378620147705078,21.80906235857549,21.327980361076143,21.598061369510177,816200
2017-06-22,21.95253562927246,22.011615628547528,21.302652417628224,21.38705310651085,681500
2017-06-23,22.256380081176758,22.281699163950893,21.944097978550467,21.986297523046982,2070600
2017-06-26,22.450504302978516,22.56866433510792,22.247943557981095,22.366103590110498,784400
2017-06-27,22.45894432067871,22.593984816053513,22.34922291205563,22.450504088491574,532700
2017-06-28,22.923147201538086,22.93158743423305,22.543344779313536,22.543344779313536,1005700
2017-06-29,23.236120223999023,23.312248888650785,22.79626768902371,22.973900164295166,930900
2017-06-30,23.692882537841797,23.777470087736155,23.354533951637674,23.481414469792554,654700
2017-07-03,23.557554244995117,23.878985150567672,23.430673666831584,23.7267278114218,223400
2017-07-05,23.329164505004883,23.59138453971987,23.159989352262023,23.59138453971987,390100
2017-07-06,22.97389793395996,23.227659049247727,22.83855845735664,23.227659049247727,500700
2017-07-07,23.219200134277344,23.329162846380544,22.87239254784777,23.083860667054765,376500
2017-07-10,23.2276611328125,23.329166556057128,22.85547834545479,23.202285987031818,550700
2017-07-11,22.914688110351562,23.269954655216466,22.82164161112836,23.269954655216466,387600
2017-07-12,23.04156494140625,23.176904401969317,22.914684398800077,22.999271964995405,404600
2017-07-13,23.159984588623047,23.202279174796352,22.889305690607863,23.17690242309237,791000
2017-07-14,23.109241485595703,23.168452315379035,22.855480325560258,23.143077167399955,408500
2017-07-17,23.050024032592773,23.337620791794098,23.016188360510903,23.100775927341935,425200
2017-07-18,22.872398376464844,23.219206051272078,22.804727012235016,22.98236111659006,398900
2017-07-19,22.931604385375977,23.041567102381315,22.75397031836885,22.906227629125308,285300
2017-07-20,23.396833419799805,23.405292338476553,22.694759303367224,22.88085067413442,720600
2017-07-21,23.312244415283203,23.77747523370165,23.092317383310178,23.540630365413694,440500
2017-07-24,22.779348373413086,23.337624135768365,22.627091053975487,23.075404093055766,462100
2017-07-25,23.67597198486328,23.75210064183823,22.855476209367957,22.8893102717047,570600
2017-07-26,23.50680160522461,23.7267270734011,23.261497763481092,23.667516246324812,390100
2017-07-27,23.659048080444336,23.87051615929005,23.286865423304725,23.498333502150444,474700
2017-07-28,23.735179901123047,24.031235573886995,23.566006383381946,23.599840441580717,408500
2017-07-31,23.853612899780273,23.912823735888978,23.549098184507773,23.82823613571614,464900
2017-08-01,24.056617736816406,24.07353396303268,23.633681427303895,23.87898364786668,468800
2017-08-02,23.616764068603516,24.22579178588806,23.405295909541298,23.946653880460893,687700
2017-08-03,23.42221450805664,23.912820588435398,23.37146098660865,23.582929152519736,405200
2017-08-04,23.464502334594727,23.726722350901344,23.37145584578082,23.456043416214033,582500
2017-08-07,23.574466705322266,23.862061863948078,23.498338053123934,23.566007786925372,726000
2017-08-08,23.498342514038086,23.904360993925053,23.447588994021697,23.69289283397884,879100
2017-08-09,22.88931655883789,23.836694765095537,21.86581128806888,23.77748392971211,1672200
2017-08-10,21.941936492919922,23.100781093532635,21.941936492919922,22.948523761861125,1025100
2017-08-11,22.534042358398438,22.63554776591656,21.392115800718457,21.781216367228197,1418500
2017-08-14,22.931604385375977,23.041567102381315,22.56787894598529,22.677841662990623,1317000
2017-08-15,22.144941329956055,22.84701540940917,22.060353761017694,22.84701540940917,857900
2017-08-16,22.584794998168945,22.804720414794623,22.415619863285254,22.415619863285254,781900
2017-08-17,22.128026962280273,22.50021135592842,22.11956804272305,22.47483459725675,714300
2017-08-18,21.83197021484375,22.085732949624227,21.603585850927338,21.874264810660762,774800
2017-08-21,21.941936492919922,22.06035814494265,21.662798589313486,21.789679161248408,613600
2017-08-22,21.882719039916992,22.161856858988962,21.79813147978565,22.161856858988962,410000
2017-08-23,21.764301300048828,22.00960512496598,21.705090477034048,21.77276021953293,610800
2017-08-24,22.094194412231445,22.20415714726666,21.865808408649787,21.975771143685005,450400
2017-08-25,22.246450424194336,22.373332614529772,22.077276859370535,22.15340552822217,324400
2017-08-28,22.271821975708008,22.3141149536784,22.04343602257103,22.297198730514456,396100
2017-08-29,21.840431213378906,22.28028537151004,21.628963054282092,21.975770706130945,540100
2017-08-30,21.722007751464844,21.992686714425645,21.705089912936323,21.781218572940784,348100
2017-08-31,22.246450424194336,22.263368264688935,21.764303263716695,21.781221104211294,473600
2017-09-01,22.508670806884766,22.567881631809282,22.305661572840442,22.33103671873725,314300
2017-09-05,22.669382095336914,22.872392912783592,22.508667483804423,22.525583707446863,686800
2017-09-06,22.534042358398438,23.041566169241605,22.525583439990783,22.821639130763774,635500
2017-09-07,22.821636199951172,22.847012951915186,22.542498381841078,22.677837832235454,456100
2017-09-08,22.71167755126953,22.804722431648177,22.491750501819812,22.762429450873682,308500
2017-09-11,22.796260833740234,22.982352172831007,22.75396624755586,22.75396624755586,315400
2017-09-12,22.703218460083008,22.90622767033222,22.677841703786687,22.889309832801338,173900
2017-09-13,22.914688110351562,22.97389893226673,22.449458840983333,22.694761047971014,542900
2017-09-14,22.415616989135742,22.838553158742076,22.305654294922412,22.830094241745137,412800
2017-09-15,22.71167755126953,22.74551161321437,22.170318039787986,22.3310342708039,853300
2017-09-18,23.050024032592773,23.05848295061324,22.64400564785219,22.75396835537098,401200
2017-09-19,23.28687286376953,23.36300152554798,23.016192281127317,23.024651200588693,555000
2017-09-20,23.278411865234375,23.35454052021351,22.897768590338675,23.244576190410857,423600
2017-09-21,23.03310775756836,23.36299912922966,22.9400628797846,23.261493719478395,611200
2017-09-22,23.295330047607422,23.320705190727043,22.94006352356851,22.94006352356851,512700
2017-09-25,23.464502334594727,23.55754882340863,23.244575296817857,23.337621785631764,556300
2017-09-26,23.735179901123047,23.862060442772275,23.481418817824586,23.54908854759575,432500
2017-09-27,24.445714950561523,24.49646684886511,23.650594348061087,23.684430022512654,872400
2017-09-28,24.47954750061035,24.530299392436312,24.166574005374212,24.327290211758907,902200
2017-09-29,24.454118728637695,24.750789465911815,24.250687781664848,24.530405535843197,851000
2017-10-02,24.954227447509766,25.098324610994034,24.25917111190066,24.4965064752447,911200
2017-10-03,24.62364387512207,25.106794196250046,24.55583355900813,25.055935246620493,939500
2017-10-04,24.53040885925293,24.801650158631496,24.42021607092684,24.657553016245924,696100
2017-10-05,24.598220825195312,24.640601674778573,24.386313343827453,24.53041049582663,685800
2017-10-06,24.615169525146484,24.657550367349394,24.454119414669528,24.47107239824089,289900
2017-10-09,24.326976776123047,24.784696043784404,24.064210364689533,24.63212241565542,698900
2017-10-10,24.352399826049805,24.615166185579643,24.318495480232418,24.445639606316863,424200
2017-10-11,23.903165817260742,24.38631464181954,23.886212829834783,24.24221748215061,852900
2017-10-12,23.564111709594727,23.920116349430653,23.538683846073035,23.920116349430653,985200
2017-10-13,23.708206176757812,23.792969484581945,23.538681177835166,23.56410903847447,667300
2017-10-16,23.50477409362793,23.82687432474339,23.49629760157483,23.742111020937976,801200
2017-10-17,23.674304962158203,24.021833115255784,23.555637285508055,23.6573519750008,487000
2017-10-18,23.809925079345703,23.954022233423824,23.63192195173118,23.733638255614594,304400
2017-10-19,23.784488677978516,23.792965168895982,23.49629445368593,23.49629445368593,553900
2017-10-20,24.4710693359375,25.013551808531027,24.081158846216926,24.157445646016054,803500
2017-10-23,24.293067932128906,24.86945640719707,24.148970813361867,24.420212068282083,843900
2017-10-24,24.496498107910156,24.954218923830293,24.284590682034246,24.284590682034246,569400
2017-10-25,24.445648193359375,24.615174832171917,24.0726905580073,24.471077674199012,607700
2017-10-26,24.716886520385742,24.7931733369143,24.437168732022915,24.51345554855147,586600
2017-10-27,24.877933502197266,24.894886485222514,24.428689152380816,24.691453922370407,622300
2017-10-30,24.055734634399414,24.793173321474345,24.030306773389494,24.666029166247814,489700
2017-10-31,23.140291213989258,24.05573126688558,23.12333984793085,24.05573126688558,1106700
2017-11-01,22.99619483947754,23.420009722463842,22.70800220643429,23.420009722463842,933000
2017-11-02,22.716480255126953,23.1148673354976,22.60628908151476,22.919912850100648,899100
2017-11-03,22.538476943969727,23.174199306172575,22.530000451799953,22.758860890207117,819900
2017-11-06,22.41980743408203,22.784286866905198,22.40285445114362,22.572379430351397,659000
2017-11-07,22.41980743408203,22.640189745379597,22.16551754018221,22.479141257641025,1203700
2017-11-08,23.75058937072754,23.894686513450146,21.402654240310948,21.911232486198127,2303300
2017-11-09,22.877525329589844,24.013349252985662,22.784285545561346,23.42848430933251,1604900
2017-11-10,23.52173614501953,23.691262817980412,22.72496336886527,22.818203200666375,1230000
2017-11-13,23.564111709594727,23.75906782470726,23.284393893775484,23.411539678287163,830900
2017-11-14,23.767541885375977,23.78449325374676,23.301344495578064,23.411537281979204,945600
2017-11-15,23.538673400878906,23.792961623611248,23.360670351586194,23.59800721173478,813700
2017-11-16,23.71668815612793,24.0557398491393,23.530210129153176,23.67430730077376,619100
2017-11-17,23.954015731811523,24.106589337862133,23.631915537543488,23.80991861684432,745300
2017-11-20,24.352399826049805,24.437163115681194,23.894680648800744,23.90315713943641,557500
2017-11-21,24.20830726623535,24.293070571789567,23.776015862961877,24.20830726623535,635200
2017-11-22,23.852304458618164,24.41174005366321,23.767542763455832,24.11507088714364,692000
2017-11-24,23.88620948791504,24.055734488278798,23.73363585587971,23.920113841297535,265000
2017-11-27,23.564111709594727,24.165929808312377,23.52173085924137,24.013356160279006,709000
2017-11-28,24.03877830505371,24.072682651645266,23.521723681548647,23.581057500627857,571500
2017-11-29,24.79317283630371,24.894889128529872,24.14049747106037,24.14049747106037,867500
2017-11-30,24.555835723876953,25.115271285318773,24.42021507969261,24.869459474006753,773000
2017-12-01,24.46259880065918,24.59821945182456,23.682779248095404,24.59821945182456,1019200
2017-12-04,24.75926399230957,24.95422006171647,24.589739013913892,24.767740483738166,732200
2017-12-05,24.216781616210938,24.86945690949851,23.72515642755708,24.784693611442584,791200
2017-12-06,24.877933502197266,24.971171675385246,24.29306852162971,24.29306852162971,775400
2017-12-07,24.996604919433594,25.335656547440653,24.623647320262982,24.996604919433594,1078100
2017-12-08,25.166128158569336,25.42041644120774,24.979648575690735,25.250891458357295,560300
2017-12-11,24.971174240112305,25.1915581918993,24.810125735007876,25.13222436194234,578500
2017-12-12,24.767745971679688,25.242419896505023,24.767745971679688,24.988129947478782,595400
2017-12-13,25.055938720703125,25.233941835636312,24.666029753167255,24.666029753167255,560400
2017-12-14,24.581262588500977,25.310224686063837,24.547356622695528,25.081364267053342,776100
2017-12-15,25.80185317993164,25.86118701096997,24.75926723195223,24.75926723195223,2012400
2017-12-18,26.11547088623047,26.28499747475063,25.784895817014057,25.85270612907705,2177300
2017-12-19,26.301956176757812,26.547768005170123,26.14090604431309,26.24262072616449,1184500
2017-12-20,26.412145614624023,26.564719244093226,26.191761662804684,26.522338398896498,400900
2017-12-21,26.564720153808594,26.734246773852213,26.22566853044702,26.5477671684591,278600
2017-12-22,26.53929328918457,26.69186693890306,26.183288645416702,26.488435944853684,326400
2017-12-26,26.937679290771484,27.039393975243005,26.58167466166963,26.58167466166963,461800
2017-12-27,26.878347396850586,27.047874049046364,26.7003458670984,26.89530038541536,536800
2017-12-28,27.081775665283203,27.09025054147493,26.82748572793704,27.0224402148611,584200
2017-12-29,27.073278427124023,27.21764666800536,26.937402626267158,27.09875574719743,669900
2018-01-02,27.599796295166016,27.608287114784787,27.124231027922587,27.353520412274744,688500
2018-01-03,26.85248374938965,27.599800717662525,26.742083639449227,27.565830954675487,1506400
2018-01-04,26.665647506713867,26.95438395038526,26.249527719014996,26.911923375631805,1018300
2018-01-05,26.894941329956055,27.056294446591032,26.572236716453375,26.71660333372429,1096500
2018-01-08,27.243127822875977,27.76964618906361,27.073280628344328,27.073280628344328,1569200
2018-01-09,27.013839721679688,27.472420259300378,26.86097900255022,27.455438614539716,602900
2018-01-10,26.920421600341797,27.00534276810019,26.470331960292064,26.8185139313573,744100
2018-01-11,26.979867935180664,27.124236192697023,26.886452703914934,26.9543906121716,685400
2018-01-12,27.3959903717041,27.42996014088152,26.996856922243634,26.996856922243634,381900
2018-01-16,27.23463249206543,27.914011519898505,27.192171910238624,27.54884468502546,748700
2018-01-17,27.65074920654297,27.7866249887076,27.285582434562865,27.302567312275215,473000
2018-01-18,27.659242630004883,27.837579003475316,27.514876015157718,27.61678205149304,412600
2018-01-19,28.236711502075195,28.321632646869332,27.650747828114003,27.684714342311246,691100
2018-01-22,28.398073196411133,28.423552140649104,27.981954901768077,28.16878213548049,367000
2018-01-23,28.508472442626953,28.61887255884878,28.049890334814837,28.406566387402624,544700
2018-01-24,27.557342529296875,28.559427947782957,27.446942409759206,28.542443064812918,738600
2018-01-25,27.939485549926758,27.956467188044964,27.260103401968404,27.752655135284794,902100
2018-01-26,28.516969680786133,28.678321222829243,28.287678601334065,28.39807549032045,489400
2018-01-29,28.355607986450195,28.720774812161444,28.236717064504145,28.44902320784628,715100
2018-01-30,28.0244140625,28.49148698230133,27.829092777475264,28.117829294367272,587300
2018-01-31,27.880048751831055,28.29616704510709,27.71020316212168,28.151800399551984,517500
2018-02-01,28.11782455444336,28.26219116878545,27.531857558612714,27.633766834125986,837300
2018-02-02,27.75266456604004,28.40656799995855,27.582818971334472,28.10933739933999,660800
2018-02-05,27.124238967895508,27.98195615974741,27.124238967895508,27.45543772182971,938500
2018-02-06,27.039310455322266,27.35352263934943,26.139132864093128,26.48731480842989,822900
2018-02-07,27.047807693481445,27.820600440404654,26.92891513107451,27.081775840049417,1760100
2018-02-08,26.02024269104004,27.285588841695034,26.02024269104004,27.056297798038024,709600
2018-02-09,25.323875427246094,26.75057290817837,25.08609359360222,26.682635010027653,2547500
2018-02-12,25.493724822998047,25.65507634305819,25.00966702328261,25.476739940959874,1375600
2018-02-13,25.459754943847656,25.680553550043435,25.24744877863258,25.42578679969234,1044600
2018-02-14,26.2919921875,26.538268092890345,25.22197064338992,25.22197064338992,1263800
2018-02-15,26.393905639648438,26.60621183096471,25.850402308204437,26.402398081673212,1796400
2018-02-16,26.139141082763672,26.521291287798398,26.11366375452089,26.232554713451538,487000
2018-02-20,26.0966739654541,26.164611874901468,25.655076744162443,25.884367795960134,806100
2018-02-21,25.060619354248047,26.18159562138265,24.551084245613918,26.122150155666038,1760300
2018-02-22,26.054216384887695,26.444859004329878,25.621111554788072,25.740002505093482,2084300
2018-02-23,25.24744987487793,26.062706426981393,25.128558935520836,26.062706426981393,943000
2018-02-26,25.790952682495117,25.892858730854254,25.14554177040666,25.298402462712797,982500
2018-02-27,25.485231399536133,26.26651812573139,25.476738958844425,25.901351274825164,837100
2018-02-28,24.865299224853516,25.663569258184857,24.848314342501563,25.476740411615985,949100
2018-03-01,24.62751579284668,25.00117510668685,24.321794388816766,24.848314404671893,862700
2018-03-02,24.712438583374023,24.754899169589724,24.177426126357986,24.35576415195251,1464100
2018-03-05,24.771881103515625,24.882279586396816,24.551082517985897,24.67846588123876,1503700
2018-03-06,25.120065689086914,25.128558130164183,24.568069977204704,24.83132917152991,807300
2018-03-07,25.171018600463867,25.204988364617304,24.754898708189312,24.865298821920472,820200
2018-03-08,24.678468704223633,25.485232796723576,24.551085326399306,25.357849418899253,924300
2018-03-09,24.941730499267578,24.98419108695225,24.65299396766255,24.788869791974612,615100
2018-03-12,25.035144805908203,25.188005517412865,24.729425002666517,24.941731186474627,869400
2018-03-13,24.975698471069336,25.281419883520574,24.9417303251123,25.1795122061143,524400
2018-03-14,24.61052894592285,25.27292472852291,24.602036505403536,25.162524621539198,352200
2018-03-15,24.45766258239746,24.780368768200184,24.3812322552214,24.619015675298822,557300
2018-03-16,24.975698471069336,25.026651499888683,24.389732970460322,24.449180060478405,1252700
2018-03-19,24.87379264831543,24.992683589939123,24.703947057623637,24.85680776529273,467700
2018-03-20,24.882282257080078,25.06062028058947,24.737913997960103,24.882282257080078,526000
2018-03-21,24.890775680541992,25.04363638679228,24.805852885984326,24.873792417444523,395200
2018-03-22,24.49163818359375,25.018156541208032,24.49163818359375,24.703944338708283,612700
2018-03-23,23.905677795410156,24.644504084088307,23.905677795410156,24.644504084088307,533500
2018-03-26,24.28782844543457,24.40671939343784,23.93115398165708,24.27084356150048,739700
2018-03-27,24.26234245300293,24.57655621447544,24.058528777899316,24.321787905770595,777500
2018-03-28,24.58505630493164,24.856807956312792,24.321795475359494,24.364257683242553,610600
2018-03-29,24.610599517822266,24.985294226273982,24.56802127506323,24.789431710773073,407600
2018-04-02,23.89527702331543,24.58505633808509,23.784572603556377,24.491382243034778,405000
2018-04-03,24.24442481994629,24.372162818005968,23.9123099232058,23.9123099232058,485100
2018-04-04,24.789432525634766,24.84052674347631,23.937854648414813,24.074106978829533,709500
2018-04-05,25.48772621154785,25.56436835069815,24.772400662315693,24.934200914328084,461200
2018-04-06,25.325927734375,26.00719106075876,25.13006519804528,25.3344437086836,673700
2018-04-09,25.623979568481445,25.87945229304168,25.215222559482683,25.394053141823655,782800
2018-04-10,26.19453239440918,26.254142578415294,25.589911333227818,25.785775454719516,826800
2018-04-11,26.552204132080078,26.586266409817313,25.964614816742554,25.99867871873603,925300
2018-04-12,26.53516960144043,26.67993792232642,26.34782303145812,26.620327723889147,759500
2018-04-13,25.785778045654297,26.671418170636993,25.760230125260772,26.671418170636993,850600
2018-04-16,25.76874542236328,25.964607934138517,25.67507134096825,25.89648177246644,526200
2018-04-17,25.82835578918457,25.998672006668997,25.69210346489936,25.947576166870174,341600
2018-04-18,25.521785736083984,26.049764679615564,25.49623944195318,25.930544308989866,626500
2018-04-19,24.99380874633789,25.675070336403543,24.917166614423536,25.504755751015008,690300
2018-04-20,24.585050582885742,25.26631213943808,24.55950266541915,24.772397104873715,553100
2018-04-23,24.98529815673828,25.12155050410821,24.66169761354262,24.66169761354262,383800
2018-04-24,25.03639030456543,25.38553711877668,24.92568589060458,25.138580368745878,289500
2018-04-25,25.27483367919922,25.334443875495893,24.9342028258925,25.053423218485843,435500
2018-04-26,25.342958450317383,25.462178836326885,24.942717422816955,25.283348257312632,212500
2018-04-27,25.56437110900879,25.981644120373936,25.402570839538686,25.402570839538686,236800
2018-04-30,25.513277053833008,25.853909565967953,25.470698801944238,25.555856929977974,824600
2018-05-01,25.547332763671875,25.641006836900488,24.976775600312976,25.402564479707507,611500
2018-05-02,25.342958450317383,25.538820977120402,25.113032027936825,25.402568643322134,457900
2018-05-03,24.934202194213867,25.22373881825352,24.72982368740752,25.22373881825352,483200
2018-05-04,25.325927734375,25.45366410049195,24.704276228151436,24.86607649150278,360500
2018-05-07,24.94271469116211,25.30037581002059,24.389187818439385,25.30037581002059,1394200
2018-05-08,25.37701988220215,25.606946296977057,24.90013672968284,24.94271659774628,1474300
2018-05-09,27.207914352416992,27.76995563229785,25.887967642676966,26.790639755174116,2749300
2018-05-10,27.0716609954834,27.616670307056467,26.29672364723862,27.4804179791632,1286300
2018-05-11,26.603288650512695,27.284551823412396,26.4840682855639,27.037593496869142,880600
2018-05-14,26.61181640625,26.97799525988102,26.56923814970255,26.662910638958216,842500
2018-05-15,27.190876007080078,27.24197021388677,26.441486727389382,26.441486727389382,678500
2018-05-16,27.829574584960938,27.965826960895967,27.207922916725312,27.250501175108845,686200
2018-05-17,27.574098587036133,27.923245462894137,27.505970782716275,27.82105375641435,580000
2018-05-18,27.505964279174805,27.684794850462765,27.446354088745483,27.463386035798393,542600
2018-05-21,28.042455673217773,28.068001966290566,27.616666796610776,27.676276979454848,387400
2018-05-22,28.016908645629883,28.434179914598857,28.008391049154703,28.102065119314215,430300
2018-05-23,27.965822219848633,28.212780624524278,27.79550596667535,27.999886120185757,386900
2018-05-24,28.306455612182617,28.400126468273086,27.786992485575542,27.93175919377099,611500
2018-05-25,28.45121955871582,28.63856774973639,28.28090331674368,28.366063061985813,473400
2018-05-29,28.1446533203125,28.485285832667714,28.01691856456359,28.2298130726575,600700
2018-05-30,28.613018035888672,28.749270378973392,28.35754529866883,28.527861539652758,581000
2018-05-31,28.55341339111328,28.902560291192497,28.40864666965951,28.723729665215693,645900
2018-06-01,29.064353942871094,29.251698867411434,28.595986758752527,28.77481733384132,674200
2018-06-04,29.54975128173828,29.58381517450157,29.08989847496871,29.18357255581195,624200
2018-06-05,30.154373168945312,30.22250095991446,29.31130962251743,29.600846237112556,566900
2018-06-06,30.086244583129883,30.367263561831155,29.94147467103234,30.29913902852929,505100
2018-06-07,30.009607315063477,30.435396274849488,29.958511470424845,30.145859652254522,410100
2018-06-08,30.137346267700195,30.188442119483053,29.92445175804025,29.967030010269756,621900
2018-06-11,30.333206176757812,30.40133397318309,30.12882928450625,30.1884394821223,678800
2018-06-12,30.733444213867188,30.74195856287727,30.137339079300666,30.358751135702455,927500
2018-06-13,30.844146728515625,30.90375691033073,30.477968041073527,30.699376823742313,856300
2018-06-14,30.86968994140625,30.954846407357472,30.597185352149193,30.80156216983651,878200
2018-06-15,31.082599639892578,31.24439830416997,30.72493840880175,30.83564121927508,1027100
2018-06-18,31.278457641601562,31.406195633212036,30.784544120966,30.878214966500003,687300
2018-06-19,31.295486450195312,31.42322442898856,30.82711927547297,30.997435497693388,588100
2018-06-20,31.21883773803711,31.39766827187714,30.40132394175891,31.389153924389497,662000
2018-06-21,30.88673210144043,31.286974770533092,30.861185802906693,31.142204832313865,471900
2018-06-22,30.40985107421875,31.312524967432687,30.392819123571797,31.312524967432687,850600
2018-06-25,29.745622634887695,30.43540205009386,29.703044380532084,30.29914968704836,600800
2018-06-26,30.384294509887695,30.537578765424467,29.762643139549162,29.762643139549162,466900
2018-06-27,29.967021942138672,30.588673353154743,29.94998999612996,30.40132844408199,769300
2018-06-28,30.120296478271484,30.128814072780266,29.81372804616523,29.881855808193507,445200
2018-06-29,29.676496505737305,30.64949585742096,29.676496505737305,30.50440094800859,591300
2018-07-02,29.514320373535156,29.778905878881577,29.164378823591356,29.446038142558034,556500
2018-07-03,29.539932250976562,29.966686537743918,29.49725747347519,29.548465904126108,245200
2018-07-05,29.463106155395508,29.72769489376377,29.198517417027244,29.72769489376377,834800
2018-07-06,29.104633331298828,29.53992441157356,29.002213241300755,29.454571623345203,458500
2018-07-09,28.976613998413086,29.411901897405954,28.81444530092678,29.249736455796164,495100
2018-07-10,29.00221061706543,29.130238159885547,28.746158787300857,28.959535854750612,476300
2018-07-11,28.583999633789062,28.89125994311786,28.336481400054186,28.797376747861946,515000
2018-07-12,28.56692886352539,28.857121866761915,28.293806419994112,28.643744754260833,272400
2018-07-13,28.763227462768555,28.92539285131223,28.49010509476055,28.49010509476055,447800
2018-07-16,29.010757446289062,29.053432223200947,28.64374850426869,28.840055082764763,472800
2018-07-17,30.103240966796875,30.401967597580327,29.369223238727727,29.702090986136742,606700
2018-07-18,30.376359939575195,30.410501052324893,29.98374691058086,30.017884767454838,465600
2018-07-19,31.17013168334961,31.221343366898896,30.291018945618312,30.350764281820826,446500
2018-07-20,30.83726692199707,31.383511910235416,30.743380454166672,31.23841375380382,366400
2018-07-23,30.65802001953125,31.007961587509882,30.487320945043123,30.692161136779333,443400
2018-07-24,30.32514762878418,30.845788191635496,29.95813881418,30.74336811142929,778800
2018-07-25,31.281076431274414,31.289610080579823,30.171513180800552,30.222724844259076,563600
2018-07-26,31.357900619506836,31.750513709244714,31.178661377777612,31.246943613841356,480400
2018-07-27,30.026426315307617,31.596881929934394,30.017889407862633,31.40910903665934,692200
2018-07-30,30.009353637695312,30.23126437745521,29.68501955108378,29.992283079886707,346700
2018-07-31,30.19712257385254,30.62387669570397,30.086165590526008,30.086165590526008,454200
2018-08-01,30.495851516723633,31.74197286755094,29.983747833222928,31.323755619063054,940200
2018-08-02,31.135990142822266,31.161594356314723,30.21420264245129,30.325156404836335,469900
2018-08-03,30.649490356445312,31.298155389186192,30.20566554209563,31.11891938412475,332600
2018-08-06,30.982343673706055,31.144512298009538,30.52144851390938,30.709221339576555,534800
2018-08-07,30.726299285888672,31.238402971636486,30.36782735704037,31.084771214736975,817100
2018-08-08,31.451780319213867,31.716369070777883,30.53852667642549,31.528596198321107,1668200
2018-08-09,32.16019058227539,32.3650307355571,31.520059405487864,31.750507019836437,951800
2018-08-10,32.04069900512695,32.27114661267813,31.639549104292445,31.869996711843623,772700
2018-08-13,32.00656509399414,32.237012753376035,31.801721644807063,32.12605574940486,631800
2018-08-14,32.76618576049805,32.877142760098195,31.904143740511152,32.23701148343556,833500
2018-08-15,32.35650634765625,32.655233013315744,31.86147312229532,32.56134981544881,871200
2018-08-16,32.22847366333008,32.67229839327979,32.202869454869344,32.55280774596178,394800
2018-08-17,32.63815689086914,32.68083165216563,32.06630467069432,32.254077527449574,318000
2018-08-20,32.67229461669922,32.825926361457256,32.45038390531293,32.757647394829,376700
2018-08-21,32.851524353027344,32.9880855027942,32.56133150278845,32.70642629997058,399500
2018-08-22,32.89421844482422,33.141736691787,32.74058665401122,32.800331988674436,319300
2018-08-23,32.89421844482422,33.15880399665374,32.59548851563158,32.86861097577102,299600
2018-08-24,32.84299850463867,32.91981438073079,32.50159714324369,32.79178683528534,435000
2018-08-27,32.39064407348633,33.107591251804145,32.347969305132814,32.95395948103061,353300
2018-08-28,32.714988708496094,32.91982896490647,32.37358393997591,32.60403167034546,455000
2018-08-29,32.80032730102539,32.95395906988215,31.972423130616846,32.61255441556133,420300
2018-08-30,32.74058151245117,32.92835439526301,32.50160021132777,32.88567637216865,307200
2018-08-31,33.44045639038086,33.51727226976577,32.646693388695454,32.646693388695454,527500
2018-09-04,33.36362838745117,33.55140119235455,32.979549130091854,33.320953637938956,453700
2018-09-05,33.269744873046875,33.41484294103356,32.7917791717451,33.25267432058521,349400
2018-09-06,32.91128158569336,33.61115813899752,32.91128158569336,33.34656939094319,366500
2018-09-07,32.76618576049805,33.3721759209951,32.69790678404291,32.834467992829225,418900
2018-09-10,33.320960998535156,33.406310516413285,32.902740546831346,32.94541530577041,414200
2018-09-11,33.31242752075195,33.414850859794576,32.9880967147442,33.21854108790075,339000
2018-09-12,33.46607208251953,33.55142489772369,32.78326584027121,33.28683605440629,434000
2018-09-13,33.38072204589844,33.79893943884947,33.32097670404829,33.551424417988976,350400
2018-09-14,33.21001434326172,33.53434847258711,32.94542554619673,33.40632090009971,431500
2018-09-17,33.23561477661133,33.44899186924568,32.91128394003786,33.192940009259665,292900
2018-09-18,33.15026092529297,33.41484965782189,33.1246567193912,33.31242632246356,353700
2018-09-19,32.67229461669922,33.16733096222524,32.58694509444501,33.09904873972142,492900
2018-09-20,33.21855545043945,33.26976714210291,32.621101993751594,32.706451557313535,338800
2018-09-21,33.21855545043945,33.70505838154937,33.04785632331558,33.28683770599072,825700
2018-09-24,32.89421844482422,33.43192645679317,32.56988430245493,33.141736691787,438300
2018-09-25,33.1417350769043,33.175872940850894,32.586953275348115,32.93689161384276,312200
2018-09-26,33.54287338256836,33.94402329966125,33.03076973783853,33.08197814878618,453700
2018-09-27,33.42338943481445,33.781864662530985,33.3124324291074,33.44899364540984,631300
2018-09-28,33.397727966308594,33.70562048070373,33.32930922007687,33.32930922007687,499500
2018-10-01,32.6964225769043,33.59444034230944,32.57668730985579,33.59444034230944,566000
2018-10-02,31.156953811645508,32.84180795735387,31.062875197666205,32.679307346829496,602300
2018-10-03,31.473403930664062,31.6872178204954,30.73788362763771,31.242484538141298,458900
2018-10-04,30.789207458496094,31.404992651679397,30.6780232958287,31.302359611120966,549500
2018-10-05,30.7635440826416,31.139855361198713,30.241837659785336,30.857622717916154,722700
2018-10-08,31.0372257232666,31.285250624013432,30.63525455740388,30.75498981637377,483100
2018-10-09,30.985902786254883,31.34511175119046,30.857616433631094,30.951691787205696,303100
2018-10-10,29.360929489135742,30.968807841983416,29.283956346310152,30.79775605097749,428600
2018-10-11,29.275394439697266,29.822757420231486,29.08723719168586,29.181315815691562,491000
2018-10-12,29.771438598632812,30.019460159693956,29.42933516866281,29.608938001254014,513200
2018-10-15,29.814212799072266,30.019472330238848,29.608950005364257,29.754345163936893,386700
2018-10-16,30.857624053955078,30.90893730266028,29.720132523718153,29.933946426766486,343900
2018-10-17,30.7635440826416,30.7635440826416,30.19052115076073,30.70367645338345,445300
2018-10-18,30.310258865356445,31.01156823281517,30.216183484999945,30.643811307232895,496800
2018-10-19,28.87342071533203,30.387223156807384,28.847764097481058,30.310250040714045,557200
2018-10-22,29.429346084594727,29.78000076223575,28.90763962852218,29.01026939056457,693300
2018-10-23,29.61749839782715,29.822757887472985,28.505666918380047,29.061581026833217,528900
2018-10-24,29.104345321655273,30.258942271646887,29.061583196664696,29.62605172914693,368900
2018-10-25,28.736587524414062,29.45500237565148,28.565539010462377,29.241188470670597,927100
2018-10-26,28.283302307128906,28.95895501117975,28.189223669534336,28.4971162061925,864700
2018-10-29,28.950403213500977,29.874080905961033,28.505673134769996,28.69382716422034,501100
2018-10-30,30.58393669128418,30.64380758065398,28.84776898816618,29.10434499779559,604100
2018-10-31,30.07933235168457,30.98590429539925,29.59183701038212,30.891825674702183,749400
2018-11-01,30.7635440826416,31.028671222915957,29.933945130719923,30.122102401269032,471100
2018-11-02,31.20827293395996,31.285246055277145,30.626698964572476,30.900380448691216,429400
2018-11-05,31.3280086517334,31.55892801919569,30.960248540131303,31.34511415256846,378900
2018-11-06,30.943147659301758,31.413537583605688,30.498414358810766,31.17406706124176,525000
2018-11-07,28.12935447692871,29.951049709313168,27.402388565493457,29.951049709313168,1764200
2018-11-08,28.92473602294922,29.070131130714163,27.291198415356533,28.069480662690427,1032200
2018-11-09,28.377376556396484,28.958950532917143,27.90698670370672,28.693820164563682,742400
2018-11-12,28.84777069091797,29.48066126373205,28.45435390209522,28.45435390209522,734400
2018-11-13,28.625404357910156,29.138556383886826,28.326062957306252,28.976059003587114,726600
2018-11-14,28.16356658935547,29.429344459798948,27.949752693756075,28.890532529376955,953200
2018-11-15,28.197772979736328,28.33461372001771,26.93199368522809,27.889880498468067,976500
2018-11-16,28.377376556396484,28.72803116613329,27.299754476008857,28.03527306578174,1189600
2018-11-19,27.795804977416992,28.45435213300225,27.419493715314402,28.25764375082083,1266800
2018-11-20,28.18922996520996,28.651068873342556,27.043188711045538,27.120160231130015,1093200
2018-11-21,28.950403213500977,29.138560505492798,28.240542701739837,28.420145609982136,858500
2018-11-23,28.839218139648438,29.258291531393603,28.77935051225627,28.77935051225627,472700
2018-11-26,29.429346084594727,29.60894898380423,28.9846127656893,28.9846127656893,578600
2018-11-27,28.40303611755371,29.446448935691723,28.1464601042935,29.224080665002795,829800
2018-11-28,29.38658905029297,29.44645669374189,28.403043600703192,28.565544286529015,574600
2018-11-29,29.412229537963867,29.591832369743248,29.07868048964785,29.20697009094174,611700
2018-11-30,29.591835021972656,29.754335633181388,29.258285943761614,29.275391442969923,754600
2018-12-03,30.335906982421875,30.438536706424294,29.771438606598416,29.98525243475185,377000
2018-12-04,29.14710807800293,30.353018164106246,29.07013495495205,30.353018164106246,739300
2018-12-06,29.198427200317383,29.28395472234813,28.56553984999668,28.73658836897544,855700
2018-12-07,28.27474594116211,29.18131461697904,28.14645632050773,29.164209116722418,798800
2018-12-10,28.240541458129883,28.958956322004187,27.992516540979405,28.36027672501871,876200
2018-12-11,28.411598205566406,28.950407000780018,28.16357324504731,28.702385302802824,525900
2018-12-12,28.753690719604492,29.121450867646438,27.81291091824292,28.659612086960134,379100
2018-12-13,27.855669021606445,28.907632806263997,27.735933783724526,28.805003068442428,385500
2018-12-14,27.710283279418945,28.25764635196844,27.57344251128157,27.57344251128157,378800
2018-12-17,27.29120445251465,28.02672474705001,27.05173231141068,27.505018339877672,587500
2018-12-18,27.667516708374023,28.078042257816005,27.44515169308898,27.53923032889689,509300
2018-12-19,27.231338500976562,27.975409961281393,27.077392231597464,27.7188339331633,638800
2018-12-20,26.991865158081055,27.581991954324682,26.769498515565044,27.291204931901476,591500
2018-12-21,26.29055404663086,27.6589631818574,26.29055404663086,27.094494678657895,3014700
2018-12-24,26.33331871032715,26.62410409150985,26.008320693458078,26.13660869747672,417300
2018-12-26,27.83856964111328,27.898437273214544,26.34187231349922,26.34187231349922,561900
2018-12-27,27.787254333496094,27.7958054535022,26.983312026199318,27.40238868240094,518800
2018-12-28,27.71883201599121,28.189221912096748,27.385282876253484,27.88132939463393,512300
2018-12-31,27.341588973999023,27.7702749178262,26.998640545998704,27.701686867533233,589200
2019-01-02,27.6931095123291,28.001763895067672,26.818591486748147,27.050080638495082,540000
2019-01-03,27.127246856689453,27.7702757926879,26.998641396551196,27.64167196785679,500800
2019-01-04,27.71025848388672,27.753126423120232,27.135819267499528,27.41017800333095,790600
2019-01-07,27.856014251708984,28.181813216312815,27.204409781272886,27.538784296353473,1222400
2019-01-08,28.267547607421875,28.601922066189868,27.778845972205012,28.164660642713518,1049800
2019-01-09,28.464746475219727,28.721957379721278,28.181812190838155,28.39615515635846,435400
2019-01-10,27.573081970214844,28.32757020715961,27.29014929018736,28.001767948153887,489100
2019-01-11,27.6931095123291,27.881732361916892,27.453046446027543,27.49591438349368,506600
2019-01-14,27.744548797607422,28.05320313359876,27.307289033388606,27.710253144583167,553400
2019-01-15,27.735977172851562,27.984615786532085,27.49591410894703,27.744552722627553,313900
2019-01-16,27.864582061767578,28.096072828292826,27.624519016754885,27.624519016754885,631800
2019-01-17,28.344715118408203,28.499042316215156,27.795994375864524,27.795994375864524,700100
2019-01-18,28.541913986206055,28.944876592605453,28.233259550247677,28.627649875921364,545800
2019-01-22,28.962018966674805,29.150641813239282,28.396153697595306,28.44759718409851,471600
2019-01-23,29.227811813354492,29.553614091384187,28.80769809137294,29.056336758043354,531400
2019-01-24,28.987741470336914,29.313540396515602,28.833414286099078,29.193508868911472,391600
2019-01-25,29.322114944458008,29.579325819197855,29.02203286508342,29.150639937760204,380700
2019-01-28,29.167789459228516,29.322116647156754,28.910578569552754,29.08205031559399,402200
2019-01-29,29.124919891357422,29.339262832516983,28.927724777964272,29.142067719123833,212200
2019-01-30,29.227811813354492,29.287827592121193,28.919157367917375,29.150648201995214,323000
2019-01-31,29.41643524169922,29.459303188660915,29.02204162605338,29.24496018323773,569600
2019-02-01,29.356416702270508,29.66506785374974,29.16779382863231,29.63077546177276,339100
2019-02-04,29.973718643188477,29.999442022321674,29.047758759743378,29.38213325294894,592600
2019-02-05,30.256656646728516,30.42813168941349,29.862266337983165,30.05946149235584,605400
2019-02-06,29.845104217529297,30.479557319903957,29.47643419698206,30.230918790583665,453600
2019-02-07,29.939428329467773,29.948003880914392,29.279254775119796,29.58790594429182,372900
2019-02-08,29.86227035522461,30.359544448231308,29.596483839777076,30.093757932783774,536000
2019-02-11,31.105453491210938,31.114029042307898,29.725084119900767,29.973722771881427,1127300
2019-02-12,32.4600944519043,33.3174661880006,32.057128689342676,32.057128689342676,1000200
2019-02-13,33.00882339477539,33.154575071039055,32.271482920321006,32.41723786719943,782700
2019-02-14,33.0774040222168,33.3517627233656,32.53725889843658,32.785897493419476,694800
2019-02-15,33.93478012084961,33.96050023030485,33.1288484713681,33.23173217980319,849100
2019-02-19,33.88333511352539,34.05481013364541,33.497517135908836,33.771875859855285,1484300
2019-02-20,30.290952682495117,31.979973206618318,30.145197749702522,30.719638659180657,1905600
2019-02-21,30.882537841796875,31.396959700391584,30.093753951921986,30.308096938105514,1290100
2019-02-22,30.83966636657715,30.959697901794254,30.35096467569947,30.959697901794254,1276900
2019-02-25,30.831092834472656,31.29407444685297,30.813945003945875,30.89110860600926,649200
2019-02-26,30.7110595703125,31.07115744996604,30.6253236930976,30.74535522944409,853400
2019-02-27,31.011131286621094,31.208329646015958,30.436693845902674,30.556725354672892,976100
2019-02-28,30.659618377685547,31.02828856442432,30.582454774167797,30.865389077270986,667700
2019-03-01,31.045425415039062,31.276916143718008,30.74534665783293,31.01970531316801,855200
2019-03-04,30.28237533569336,31.04543580564635,30.04231224958166,31.04543580564635,1066900
2019-03-05,30.719629287719727,30.873953183282527,30.23949996288102,30.333811372279108,889800
2019-03-06,30.376693725585938,30.788231940582914,30.350973609215814,30.70249603893917,799800
2019-03-07,30.428131103515625,30.71106213847571,30.136624517748494,30.265228344325134,758200
2019-03-08,29.947998046875,30.539583427478764,29.827966514921826,30.265224705696095,856300
2019-03-11,30.205211639404297,30.2566551308167,29.845117011360195,29.93942517302824,797800
2019-03-12,30.06803321838379,30.368112084589477,29.71651085913669,30.17091693385226,561200
2019-03-13,30.47100257873535,30.71106569933787,30.059464398867583,30.17949595916884,826000
2019-03-14,30.51386070251465,30.651040051641505,30.213781898366424,30.428124835790488,556500
2019-03-15,30.44527244567871,30.951121959550353,30.316668632696157,30.410980057918426,1910800
2019-03-18,30.968265533447266,30.993988909000375,30.34238457188075,30.496711742745212,933600
2019-03-19,30.779647827148438,31.15689022823215,30.736776622191,30.976842941620404,1063100
2019-03-20,30.63389015197754,31.071151546288213,30.316663541820198,30.728201561362724,609900
2019-03-21,30.831092834472656,30.942552097589605,30.539586256745896,30.54816180731641,873300
2019-03-22,29.682214736938477,30.599602422961205,29.630774515308904,30.548162201331632,579300
2019-03-25,29.793672561645508,30.0080155297149,29.579329593576116,29.716508962315963,643900
2019-03-26,30.110898971557617,30.299521828382275,29.65649292987723,29.79367229740041,463500
2019-03-27,30.222360610961914,30.37668782041172,29.8365425873374,30.093753512882287,456200
2019-03-28,30.70248794555664,30.976846683231816,30.43670148754013,30.57388085637772,416400
2019-03-29,30.719675064086914,30.797054730435637,30.34997257817327,30.70247921825695,610700
2019-04-01,30.840055465698242,30.86585088500258,30.539136238594235,30.848655032057554,410900
2019-04-02,30.52193832397461,30.908836789669806,30.36717893769653,30.822857530752334,413100
2019-04-03,30.908828735351562,31.09797649613455,30.711081411031042,30.754069389401153,588700
2019-04-04,31.31291961669922,31.433290547620775,30.848644859377547,30.951816663252085,463200
2019-04-05,31.36451530456543,31.570862245679777,31.26993975987858,31.373114870322432,287000
2019-04-08,31.149566650390625,31.407497822015117,30.99480729146137,31.20975048111058,304300
2019-04-09,30.539121627807617,31.06358341250592,30.487534093653483,30.977604188915695,335400
2019-04-10,30.831457138061523,30.84865298986818,30.246811295728666,30.50474251328178,591100
2019-04-11,30.65090560913086,31.158171758143975,30.5821222019146,30.822857567624762,235400
2019-04-12,30.926025390625,31.11517315634965,30.556322863392705,30.668090954120533,400000
2019-04-15,31.149566650390625,31.338717706809224,30.951819309486087,30.951819309486087,282700
2019-04-16,31.244140625,31.536463479578224,31.1065771216557,31.269932756948112,372300
2019-04-17,31.390308380126953,31.596655327406253,31.13237715585792,31.39890794614088,614700
2019-04-18,31.398900985717773,31.61384417158952,31.183957799846024,31.21834949673096,436600
2019-04-22,30.607913970947266,31.33872290483453,30.57352554752685,31.287135350043897,311300
2019-04-23,30.900230407714844,30.96901379967613,30.57351913521669,30.685287227494804,463600
2019-04-24,31.794403076171875,31.957758754816624,30.86585000211585,30.977618123401125,468400
2019-04-25,31.089387893676758,31.863184814612108,31.020607767245462,31.682630013211643,306700
2019-04-26,31.17534828186035,31.4762706138639,30.90882091553261,31.037784818015542,308400
2019-04-29,31.803001403808594,32.00934506566403,31.14097586912345,31.14097586912345,1682500
2019-04-30,31.648242950439453,31.863186184409308,31.4161038641792,31.820194913796563,662000
2019-05-01,31.43329429626465,31.828788991426357,31.330119200313238,31.631041643845503,869400
2019-05-02,31.845985412597656,31.845985412597656,31.235547509568462,31.407499446362685,432700
2019-05-03,32.241485595703125,32.310269005931914,31.725623138081282,31.81159912109375,417200
2019-05-06,31.794403076171875,31.888978624777494,31.43330001397606,31.888978624777494,341900
2019-05-07,30.702484130859375,31.802995481660613,30.461748810265085,31.74280837173928,543000
2019-05-08,30.306997299194336,30.865851043571194,30.272605593127597,30.702492079640994,718800
2019-05-09,27.297788619995117,29.017334359837328,26.988269862059802,29.017334359837328,2740100
2019-05-10,26.962474822998047,27.33217737964776,25.793183321015043,27.15162424365971,1945800
2019-05-13,25.509458541870117,26.53258861299541,25.44927470943094,26.326243341824053,1053100
2019-05-14,25.45787239074707,25.586837979010838,24.93341047326981,25.561044205403512,1213600
2019-05-15,25.303110122680664,25.53524913882491,25.070971106536415,25.260120504939373,792900
2019-05-16,25.543846130371094,25.904950729973848,25.389088421872444,25.526651922684323,939800
2019-05-17,25.31171417236328,25.750198540132338,24.907619867224366,24.933413644111948,1058700
2019-05-20,25.113962173461914,25.466470522754804,25.002192433359124,25.105365888742533,773800
2019-05-21,25.930744171142578,25.999525920672678,25.13115530792622,25.17414492631145,1126600
2019-05-22,25.827573776245117,25.999527339511037,25.5696409715167,25.801780003806368,955400
2019-05-23,24.830236434936523,25.5352514713164,24.821640150489284,25.5352514713164,988100
2019-05-24,25.088171005249023,25.34610219380642,24.83023817680512,24.950607486033544,703600
2019-05-28,24.744264602661133,25.406288488017612,24.709872899584607,25.13116142295206,1224700
2019-05-29,24.34017562866211,24.76146424441671,24.271393847312115,24.460544975939868,1101500
2019-05-30,24.314373016357422,24.692671830951834,24.16821158893666,24.348763072281315,1408900
2019-05-31,24.02205467224121,24.133824424839254,23.764121824890417,23.953272907591657,1080500
2019-06-03,24.236997604370117,24.50352673424098,24.05644444937678,24.05644444937678,1185100
2019-06-04,24.43474578857422,24.804448396518396,24.15102079827303,24.537919257723132,1075200
2019-06-05,24.288585662841797,24.94201329692944,24.06504450066286,24.916219518255687,788800
2019-06-06,24.34876251220703,24.383154207226156,23.764116815972105,24.194003164393518,923200
2019-06-07,24.503517150878906,24.64967854684801,24.176804310417012,24.443333336047974,475900
2019-06-10,24.408946990966797,24.86462712283123,24.34876316296111,24.589500114870184,629200
2019-06-11,24.34017562866211,24.847441881075962,24.305785557930623,24.537924684944493,420900
2019-06-12,23.746923446655273,24.314373315412574,23.70393382636376,24.27138369512106,851200
2019-06-13,23.927474975585938,24.13382023370017,23.65234796476696,23.936072899659823,805300
2019-06-14,23.961870193481445,24.125225855234117,23.660949366215434,23.875892579993074,460200
2019-06-17,23.385822296142578,23.927478472876246,23.385822296142578,23.927478472876246,613700
2019-06-18,23.738323211669922,24.05643817142694,23.454598304911908,23.52338005079609,484500
2019-06-19,23.23105812072754,23.703932437013428,23.20526435006447,23.583564787024926,745800
2019-06-20,23.102100372314453,23.592170701705385,22.852765424442268,23.213870136607184,991400
2019-06-21,23.024715423583984,23.179473145033107,22.84416228873038,22.947335742916213,1444400
2019-06-24,23.03331184387207,23.377220602221445,23.024713919927546,23.04190812793028,697500
2019-06-25,23.050506591796875,23.20526594665067,22.81836919940254,22.964528990224064,851600
2019-06-26,23.428810119628906,23.574971569456917,23.059107532423553,23.179475206439598,580700
2019-06-27,23.506189346313477,23.600764882549864,23.239660227695023,23.54917733193736,587400
2019-06-28,23.76506805419922,23.859989135384236,23.549335780559385,23.549335780559385,2163600
2019-07-01,23.825469970703125,24.46403722660144,23.53207398205979,23.972167965024795,555500
2019-07-02,23.5838565826416,23.88588215247309,23.30771948310662,23.782329917194,570500
2019-07-03,23.972169876098633,24.006686182622573,23.4975579056186,23.730549146804805,226200
2019-07-05,23.980798721313477,24.127495077490693,23.713289534868327,23.842728561199504,308500
2019-07-08,23.756437301635742,23.98942689388006,23.592480321539963,23.81684207169562,498000
2019-07-09,23.437149047851562,23.75643346853132,23.419890074645895,23.63562230199792,715000
2019-07-10,23.290456771850586,23.60111178201495,23.238681485458752,23.566593827149273,591800
2019-07-11,23.040206909179688,23.40263718570296,22.919395719734204,23.37674872098466,512000
2019-07-12,23.540706634521484,23.773696242552468,23.04020781823322,23.04020781823322,484000
2019-07-15,23.50618553161621,23.868615773892724,23.290453283735108,23.618367222221988,380900
2019-07-16,23.670148849487305,23.84273370653773,23.221425258523833,23.50619183626856,348400
2019-07-17,23.57522201538086,23.816842748391977,23.33360292827633,23.65288576363777,513900
2019-07-18,23.368122100830078,23.557965927678325,23.230053563866484,23.557965927678325,219700
2019-07-19,23.39400863647461,23.721920973202206,23.3853791478888,23.514818184862673,398500
2019-07-22,23.19553565979004,23.661518207539366,23.057467122510268,23.488931712986254,373200
2019-07-23,23.626998901367188,23.71329214371714,23.066095294952543,23.36812082022403,714500
2019-07-24,23.77369499206543,23.8772472036709,23.411264720306125,23.670144426366523,733500
2019-07-25,23.799583435058594,23.808212923176843,23.445782651743198,23.566592193585556,470200
2019-07-26,23.739181518554688,23.894509031546743,23.41989700341471,23.894509031546743,433000
2019-07-29,23.903133392333984,23.98942497356543,23.5061852058624,23.65288319822484,407600
2019-07-30,23.903133392333984,23.93764969564528,23.281823473666538,23.747805912667122,578000
2019-07-31,23.42852210998535,24.058459887365284,23.24730780933076,23.946279841137173,1034700
2019-08-01,22.69503402709961,24.01531610513006,22.513819711281275,23.488928842389306,1400100
2019-08-02,23.152387619018555,23.16101710750195,22.393010737452574,22.470674487896517,1768800
2019-08-05,23.01432228088379,23.135131844561297,22.393013837233497,22.686409902656184,1424700
2019-08-06,23.437149047851562,23.56658805508152,22.833098152903382,23.031573052956013,912000
2019-08-07,22.134130477905273,24.999054747875128,21.892511389921584,23.22142131155165,1822600
2019-08-08,23.30771827697754,23.514821090911607,22.263573071748063,22.3757547913208,1580800
2019-08-09,22.211795806884766,23.26456876235214,22.211795806884766,23.26456876235214,835300
2019-08-12,21.66814422607422,22.073720198211895,21.599109983031504,22.013315441287794,846500
2019-08-13,21.63363265991211,22.453415977911565,21.443788847048936,21.74581436662277,1157000
2019-08-14,20.580860137939453,21.176281700178784,20.52045536201354,21.176281700178784,1004400
2019-08-15,19.90777587890625,20.56360225188585,19.8905169003236,20.56360225188585,1030200
2019-08-16,20.218425750732422,20.46004480560964,19.959546075770067,20.0544687878469,1445800
2019-08-19,20.563602447509766,20.882886970699026,20.477309199682388,20.477309199682388,953500
2019-08-20,21.08998680114746,21.15039157232862,20.270203531357705,20.408272050030803,1455200
2019-08-21,21.71992301940918,21.797586761165984,21.167648985499852,21.417897539900096,922000
2019-08-22,22.11687469482422,22.229056412648823,21.857996592917466,21.857996592917466,978000
2019-08-23,21.133136749267578,22.004695473368653,21.04684349666122,21.823481124211515,1319500
2019-08-26,21.62500762939453,21.788964655976635,21.22806094450913,21.435163777393733,1072600
2019-08-27,21.43515396118164,21.961541115729958,21.409265501711538,21.763066218271675,810400
2019-08-28,21.797592163085938,21.952919685093104,21.236688502654278,21.305722774001147,734900
2019-08-29,22.289453506469727,22.565590492181553,22.0650917941023,22.082350767185854,979100
2019-08-30,22.39301109313965,22.712293942563612,22.17727881534796,22.35849313865778,894100
2019-09-03,21.40064239501953,22.22042575099163,21.26257386183154,22.203166772866446,522800
2019-09-04,21.538711547851562,21.74581599949845,21.43516096793491,21.6250047950533,671300
2019-09-05,22.712289810180664,22.807212521828443,21.875249317170482,21.875249317170482,525400
2019-09-06,23.031578063964844,23.135128633915926,22.7036640853376,22.876250563131585,622700
2019-09-09,23.7478084564209,23.7909542516582,23.02294790426949,23.091982164193123,593700
2019-09-10,24.722917556762695,24.748806021420943,23.59248093452451,23.704660989563752,1396000
2019-09-11,25.28382110595703,25.28382110595703,23.816842673728168,24.817840263782973,1065100
2019-09-12,26.29344940185547,26.43151792784953,25.033573690683,26.16401036447437,1556200
2019-09-13,25.663509368896484,26.552326869741506,25.326967571077557,26.37111091605757,862800
2019-09-16,25.413257598876953,25.732540380666542,25.137118959237057,25.430514926555567,547800
2019-09-17,25.05083465576172,25.266566950484723,24.6884043347908,25.240678482591516,483100
2019-09-18,24.679773330688477,25.2320474445915,24.438152582902557,25.068090449811532,763800
2019-09-19,24.619369506835938,24.81784281845313,24.36048977150735,24.81784281845313,727900
2019-09-20,24.101613998413086,24.86099100736334,23.98943227521725,24.63662920687858,2072200
2019-09-23,24.489933013916016,24.679778514878805,23.998063572161577,24.07572734148144,566800
2019-09-24,23.877248764038086,24.688402595918685,23.85998978665821,24.653884641158943,852200
2019-09-25,24.36048698425293,24.61936668996127,23.894506147428412,24.12749574288739,1033100
2019-09-26,24.558961868286133,24.731548349967998,24.377747543836183,24.386377032510943,715900
2019-09-27,24.44678497314453,24.77469735571616,24.274198469113013,24.558965048630203,1315900
2019-09-30,24.472761154174805,24.64595733904179,24.039768214401867,24.41214240688451,694700
2019-10-01,24.230287551879883,24.775859649384053,24.09172992591566,24.689260720222116,696600
2019-10-02,23.346981048583984,23.970492006505147,23.191104960840857,23.970492006505147,1178600
2019-10-03,23.502857208251953,23.59811618747284,22.792749022117857,23.199763459343778,904200
2019-10-04,23.805950164794922,23.814610221265625,23.39027736462241,23.424915938768343,436800
2019-10-07,23.935853958129883,24.20431082360624,23.62410010246875,23.676058803122718,527900
2019-10-08,23.54615592956543,23.79729096935486,23.286359181255015,23.55481598634947,418100
2019-10-09,23.424917221069336,23.78863135406454,23.381618588082492,23.77131289191199,454900
2019-10-10,23.987810134887695,24.074407403657617,23.44223809190985,23.60677587569935,479100
2019-10-11,24.542043685913086,25.200193252536103,24.42080617291895,24.455444754458462,455600
2019-10-14,24.46410369873047,24.498743930429765,24.117709640423307,24.412145002918685,236400
2019-10-15,24.793174743652344,24.879773661042755,24.308223118697782,24.516059529392592,450800
2019-10-16,24.793174743652344,25.00101280608412,24.654617136522468,24.749876110825618,392100
2019-10-17,24.853796005249023,25.11359111470635,24.68059816445279,24.931734868433626,677400
2019-10-18,24.767192840576172,24.871110205856304,24.429457274073886,24.602655085189763,460500
2019-10-21,25.06163215637207,25.399366125418695,24.99235335113848,25.04431204212942,392200
2019-10-22,25.226160049438477,25.33007904922498,24.671929788541018,25.113582647094855,465900
2019-10-23,25.53792381286621,25.61586267545606,24.905754506736994,25.174209671359247,593100
2019-10-24,25.165550231933594,25.58988313215136,24.931735290161757,25.58988313215136,322300
2019-10-25,25.260805130004883,25.425342889787984,24.68925465048125,25.018328518310668,299500
2019-10-28,25.42534637451172,25.815039035740636,25.278128706473147,25.42534637451172,348400
2019-10-29,25.6331844329834,25.77174205275057,25.312768904936117,25.373387657117117,432700
2019-10-30,26.066173553466797,26.152772465950783,25.66781921673522,25.866997210969448,959000
2019-10-31,25.70246124267578,25.88431748506654,24.966372912610115,25.88431748506654,805500
2019-11-01,26.092153549194336,26.42122910492921,25.65916061398095,25.875657081587644,746400
2019-11-04,25.910295486450195,26.438547358803856,25.8669968566697,26.178750624910336,748500
2019-11-05,26.239370346069336,26.265350515948846,25.858337764924656,25.996895367474888,1127600
2019-11-06,26.196073532104492,26.351951258722213,25.849679501696798,26.222053703786454,1019600
2019-11-07,27.382471084594727,28.4129946250639,26.464524968737646,26.845559174343663,1645200
2019-11-08,29.001863479614258,29.001863479614258,27.157312954296437,27.48638680411971,1673600
2019-11-11,28.655473709106445,28.98454927775545,28.031962800818665,28.837329956199028,1507800
2019-11-12,28.577531814575195,28.802686672313115,28.412995699438785,28.655470669844807,585800
2019-11-13,28.31774139404297,28.482277536270406,28.144543542318466,28.482277536270406,659700
2019-11-14,28.664138793945312,28.690120623494302,28.23980745185151,28.23980745185151,1177300
2019-11-15,28.837326049804688,29.105782833056836,28.59485108652766,28.820005937645814,1737900
2019-11-18,28.984546661376953,29.37423764040611,28.82000724016807,29.37423764040611,771500
2019-11-19,28.413000106811523,29.201047186345225,28.413000106811523,29.079809682336073,513000
2019-11-20,28.18784523010254,28.534240971041353,27.988668835278833,28.283104224034442,637000
2019-11-21,27.841442108154297,28.36969062032616,27.789481775911486,28.205154523433944,670000
2019-11-22,28.118566513061523,28.179185268861072,27.902070012784733,28.127224919543846,396000
2019-11-25,28.205158233642578,28.38701446520443,28.05794222813264,28.31773731657439,475100
2019-11-26,28.248458862304688,28.387016472837843,27.988663755489277,28.239800456916246,400300
2019-11-27,28.239797592163086,28.560211414615623,28.075258175208088,28.27443781715084,346700
2019-11-29,27.798145294189453,28.378357548831982,27.798145294189453,28.10990073806019,168600
2019-12-02,27.55567169189453,27.988664651608115,27.434434191730585,27.988664651608115,514900
2019-12-03,27.21793556213379,27.39979179801625,27.027417617795674,27.278554307427942,420700
2019-12-04,28.049280166625977,28.057941874766758,27.33917205887396,27.33917205887396,476100
2019-12-05,28.135881423950195,28.30907594934856,27.902064850493822,28.205158573414778,348700
2019-12-06,28.421653747558594,28.68144882737425,28.326394780815665,28.49093419736206,422200
2019-12-09,28.60350799560547,28.74206558215968,28.395673267510873,28.430313490017785,461400
2019-12-10,28.464954376220703,28.802688334049588,28.30907665668831,28.62949380432373,401100
2019-12-11,28.274444580078125,28.698775875515494,27.971347494148393,28.516919606042336,457300
2019-12-12,28.768056869506836,28.949913142314216,28.161865990007698,28.161865990007698,389000
2019-12-13,28.724748611450195,28.99320541001962,28.41299648522371,28.690111688629788,388100
2019-12-16,28.768056869506836,29.183729765984218,28.759395159292467,28.949913142314216,565000
2019-12-17,28.63815689086914,28.854653391890814,28.369700040351464,28.759394402885366,583000
2019-12-18,29.079809188842773,29.287643962624518,28.750733609635148,28.90661134170854,484300
2019-12-19,29.26167106628418,29.26167106628418,28.880635068653437,29.010534304841155,482800
2019-12-20,29.68599510192871,29.772595672575065,29.20970352553272,29.556099201170163,2193400
2019-12-23,29.201045989990234,29.79857507961519,29.088466896533674,29.547438372471362,442500
2019-12-24,29.443523406982422,29.46084352305051,29.2530054337078,29.28764566584398,176400
2019-12-26,29.37423324584961,29.651351707983853,29.22701726308052,29.599391376932445,200900
2019-12-27,29.218372344970703,29.50414603896511,29.105793227469977,29.478167513186015,268300
2019-12-30,29.218372344970703,29.521466157309437,28.984555702534486,29.27032939652889,302500
2019-12-31,29.30522918701172,29.496310220883284,29.088089088247923,29.166259656334688,397700
2020-01-02,29.531047821044922,29.539731965495722,28.90568339516861,29.444193123359582,409100
2020-01-03,29.722129821777344,29.79161291186623,29.009910753572342,29.027279041124007,604700
2020-01-06,29.444190979003906,29.59184461697456,29.174936134517655,29.313905628669957,373600
2020-01-07,29.1141357421875,29.626586347670013,29.088079998732194,29.409446316758675,204200
2020-01-08,29.00121307373047,29.40074981246573,28.905670959404013,29.12281092349399,256700
2020-01-09,29.12282371520996,29.261793220735875,28.905683655744824,29.035969016741653,255700
2020-01-10,28.85357666015625,29.28785684678933,28.662492317783336,29.157571465481457,284600
2020-01-13,29.313901901245117,29.357329241403043,28.540883981235567,28.905677614514545,352600
2020-01-14,29.383399963378906,29.53105364120333,29.044658623738492,29.13151665183667,470000
2020-01-15,29.270479202270508,29.60053300373331,29.088082356709826,29.42682030226372,697000
2020-01-16,29.921892166137695,30.112973109927367,29.461553120736966,29.478924718043917,437300
2020-01-17,29.661334991455078,30.139042484473347,29.58316443344885,30.10429927796068,563400
2020-01-21,29.21837043762207,29.557108453197095,29.079400910378602,29.557108453197095,774000
2020-01-22,29.157562255859375,29.531043363460768,29.13150651314564,29.470244421599503,386700
2020-01-23,28.89699935913086,29.20968157324211,28.254263328647255,28.966482454880946,940500
2020-01-24,28.992538452148438,29.21836263109808,28.662484670642954,29.062021540558327,270000
2020-01-27,28.688541412353516,29.062022551265706,28.002381394781594,28.358490932663667,308000
2020-01-28,28.62774658203125,28.870945718130493,28.53220441927382,28.870945718130493,283400
2020-01-29,28.21083641052246,28.84488499291254,28.176093205469595,28.662488136326573,397200
2020-01-30,28.219518661499023,28.367172285787763,27.811294360687445,28.063177580902835,264600
2020-01-31,27.420446395874023,28.167408729244904,27.333590040911588,28.167408729244904,470600
2020-02-03,27.663637161254883,28.028432438464826,27.446497154740555,27.585466626377983,424300
2020-02-04,27.85472297668457,28.297690496403934,27.767866632752284,28.21083249582468,330000
2020-02-05,28.532196044921875,28.540883500783423,28.254257096637524,28.306371891925945,553400
2020-02-06,28.28900146484375,28.862250983578157,28.25425826654621,28.71459736075424,319700
2020-02-07,27.56810188293457,28.210836263232114,27.498617129838813,28.193464660796376,371600
2020-02-10,27.377016067504883,27.681012448468433,27.272788121562783,27.45518661279971,287400
2020-02-11,27.41175651550293,27.559411799971972,27.03827540439612,27.437813915108148,386900
2020-02-12,28.132661819458008,28.28031876310038,27.550726471493398,27.63758281501663,317700
2020-02-13,27.733121871948242,28.03711655547547,27.57678080233608,27.88077548586331,273000
2020-02-14,27.60284423828125,28.054494291179765,27.42913153256457,27.750499541146286,300100
2020-02-18,27.533361434936523,27.698386694728818,27.238050808317222,27.46387667906417,300100
2020-02-19,27.663637161254883,27.82866403006687,27.41175395850781,27.498610292442894,274500
2020-02-20,27.95026397705078,28.071861859592456,27.437813391129577,27.437813391129577,335800
2020-02-21,27.11644744873047,27.993693404272975,26.91667901063138,27.837352311274724,428100
2020-02-24,25.804920196533203,26.19577291056444,25.75280705354469,26.19577291056444,527500
2020-02-25,24.675792694091797,26.404227121305457,23.815918380451652,23.885403123271654,866600
2020-02-26,24.024370193481445,25.883088119524693,23.83328758409978,24.806073885775078,839700
2020-02-27,23.24266815185547,24.180712980556056,23.112384469995064,23.590091855698855,1435900
2020-02-28,22.83444595336914,23.616149716461997,22.339365301984966,22.408850044112178,1044300
2020-03-02,22.97341537475586,23.199239543566122,22.50439212419549,22.877873233349803,736100
2020-03-03,22.16565704345703,23.755122167705522,21.94851699010807,22.973418306978697,519800
2020-03-04,22.13091278076172,22.460966573781388,21.748747497940176,22.40016762681646,685900
2020-03-05,21.34052085876465,21.714001957497096,21.02783870044969,21.46211873959963,1433700
2020-03-06,21.627155303955078,21.8877244381278,20.58488373720704,20.61093949097098,835700
2020-03-09,20.07242774963379,20.610934172672682,19.933458243259416,19.985571393988007,1033300
2020-03-10,20.628305435180664,20.94967344877981,19.93345791475976,20.732533391567383,734600
2020-03-11,19.542600631713867,20.38510326255491,19.4123169588318,19.9595090475952,653300
2020-03-12,17.188806533813477,18.80432732108017,17.136691730905447,18.387418837698252,937900
2020-03-13,18.205020904541016,18.205020904541016,17.145378062304555,18.048681460916963,872500
2020-03-16,15.521169662475586,17.5535987653615,15.3387711806473,16.450528701211717,713800
2020-03-17,13.097886085510254,15.894648977759223,12.611492899172802,15.712252154125267,1089900
2020-03-18,11.838475227355957,12.863376493959429,10.874373735968243,12.31618348695877,1103300
2020-03-19,13.419254302978516,13.723250690231879,11.386823396555158,11.8037327039791,1016000
2020-03-20,12.96760368347168,14.1749017971214,12.802576786288496,13.488739291704949,1122600
2020-03-23,12.559379577636719,13.40188314000773,11.899273676638328,13.106572561754582,1226900
2020-03-24,12.680977821350098,13.896961632899412,12.125099057837675,13.30634049843768,1544300
2020-03-25,11.76899242401123,13.045776317917454,11.299969887438854,12.88074939434507,1611600
2020-03-26,12.672293663024902,12.863377142159647,11.551851019369899,11.934017149315821,1774500
2020-03-27,13.332399368286133,13.549539417747967,11.916646146396138,12.211956746196002,1339200
2020-03-30,13.766680717468262,13.862222049711836,12.446468699246358,13.453998487719058,1702300
2020-03-31,13.285937309265137,14.221197948423782,12.953788772335669,13.565641822964158,1136800
2020-04-01,11.231863021850586,12.936308944037844,11.144455196678809,12.499271485344558,1175200
2020-04-02,11.773786544799805,12.31571276348303,10.978378694255355,11.118230514098432,840400
2020-04-03,11.118232727050781,11.852455760947922,10.654972439635873,11.712603079686229,820200
2020-04-06,12.997490882873535,13.032453838051827,11.441638127065627,11.572749000588571,927400
2020-04-07,13.364604949951172,14.710680238666297,13.26845701275108,13.4170498097948,1022200
2020-04-08,15.82075309753418,16.240308571821622,13.399565672190201,13.618084356777235,1043300
2020-04-09,16.502531051635742,17.131865957887218,15.986828467140706,16.843421348243734,891100
2020-04-13,15.200160026550293,16.371420375591025,14.902974465321131,16.24030949085236,502200
2020-04-14,16.170379638671875,16.2577874296112,15.558526769261556,15.60223149831369,542300
2020-04-15,16.00430679321289,16.152899554285256,15.427417642500211,15.838233805728878,1116600
2020-04-16,15.93438720703125,16.144165011673287,15.383720678241623,15.777053436758273,933700
2020-04-17,17.490236282348633,17.63882905937953,16.528753705511388,16.528753705511388,1080200
2020-04-20,16.013046264648438,16.974528649638984,15.873194463249627,16.607417254175864,761500
2020-04-21,16.40638542175293,16.59868128959463,15.243865931765486,15.514828669898218,905700
2020-04-22,15.637192726135254,18.24193607890952,15.208896408742955,17.61260135362708,1315500
2020-04-23,14.850530624389648,16.02179098758997,14.492160090427722,15.016605302887854,1277000
2020-04-24,15.864459037780762,16.07423681287744,14.937940114312369,14.937940114312369,913200
2020-04-27,17.00950050354004,17.210539041905232,15.70712881548938,16.048019235311962,1650800
2020-04-28,17.289201736450195,18.0583868977365,17.131867991213888,17.52520068713913,1025900
2020-04-29,19.220905303955078,19.448164959724064,18.137052715248284,18.320607629235486,1180200
2020-04-30,17.9097957611084,19.12475942410264,17.87483362957449,18.60031578093421,975500
2020-05-01,17.516464233398438,18.154538599057386,17.315425711381046,18.145797648781343,972600
2020-05-04,16.85215950012207,17.57764137777947,16.598677056678312,17.140604061909592,611500
2020-05-05,16.537494659423828,17.81364301908915,16.458827797015385,17.577644099029126,459300
2020-05-06,16.10919952392578,16.82594062402071,15.951865786409247,16.782237549006318,405000
2020-05-07,16.336462020874023,16.825943548196985,16.25779513844426,16.37142415352851,667900
2020-05-08,17.48149871826172,17.586388444124168,16.458830976556783,16.756016588140483,756700
2020-05-11,16.336462020874023,17.29794484277557,16.08297947367462,17.053203245531222,597100
2020-05-12,15.541048049926758,16.66860349403431,15.506084263298874,16.432602935791415,659900
2020-05-13,14.492159843444824,15.296308710934872,14.160012159274418,15.296308710934872,440300
2020-05-14,15.13897705078125,15.165199898046643,13.600605855271324,14.142532195014324,676000
2020-05-15,15.523563385009766,15.846970017750596,14.500896149044372,15.007859294478894,693900
2020-05-18,17.219268798828125,17.60386038923407,16.43260039307767,16.43260039307767,841700
2020-05-19,16.327716827392578,16.992013846836304,16.214086174674872,16.92208793253514,828000
2020-05-20,17.175567626953125,17.394086303293918,16.56371633349803,16.607419401900106,695400
2020-05-21,17.682533264160156,17.752459183293727,16.834681286269937,17.219274675087284,541200
2020-05-22,17.84860610961914,18.268161581223655,17.551420567107964,18.128309757355485,809100
2020-05-26,18.62653350830078,19.439423338484573,18.56534853908959,18.81009008309972,745400
2020-05-27,19.308317184448242,19.605502822455524,18.521650005614877,19.247132200240703,847500
2020-05-28,18.976165771484375,19.867722592753747,18.906239844355344,19.789055716337884,730100
2020-05-29,18.303125381469727,18.67023683612953,17.8923091898473,18.486680275217005,719500
2020-06-01,18.92371368408203,19.413194965534906,18.15452881322751,18.42549145706474,628900
2020-06-02,19.640466690063477,19.71913358160862,19.054836312541816,19.194688193696308,602400
2020-06-03,20.523277282714844,20.864167611289652,19.97261085527167,20.103721750647143,570600
2020-06-04,21.799427032470703,21.91305602841014,20.689351582696073,21.851871056199254,1618500
2020-06-05,23.600021362304688,23.82728102733489,22.63853867707399,23.10179895584696,1787400
2020-06-08,23.661203384399414,24.342982294438315,23.433943747719784,23.809796159645124,938000
2020-06-09,22.760910034179688,23.43394640577194,22.47246373142739,23.11928059150981,507800
2020-06-10,21.75572395324707,22.804614510996714,21.659576846922022,22.769650714394455,385300
2020-06-11,19.614240646362305,20.39216675100681,19.474388799845663,20.23483300688421,621600
2020-06-12,20.07750129699707,20.7417984688399,19.44816792390866,20.663131588808138,693600
2020-06-15,20.199872970581055,20.339724831579677,18.923722655011517,19.107279264550762,479300
2020-06-16,21.205055236816406,21.668315489488982,20.75053593236392,21.318684229346825,556700
2020-06-17,20.330982208251953,21.143872125368976,20.112463485034066,21.143872125368976,523200
2020-06-18,20.121204376220703,20.435870203077947,19.701648828967347,20.01631465582459,605700
2020-06-19,19.91142463684082,20.811720618044664,19.762831853462703,20.383424164111357,1006500
2020-06-22,20.226091384887695,20.313499202842742,19.465647203159335,19.666684017440122,646600
2020-06-23,20.689353942871094,20.94283480911325,20.129946513509935,20.593205165762527,595900
2020-06-24,20.26105499267578,20.57572246755503,19.815276625651997,20.339721861395592,684400
2020-06-25,19.736608505249023,20.26979465560999,19.185942126298695,19.95512720068675,542700
2020-06-26,18.810087203979492,19.64919808272283,18.565345697430125,19.500605322883057,1506700
2020-06-29,20.409648895263672,20.55824169237904,18.88875879564109,19.098536567951214,531300
2020-06-30,20.901229858398438,20.989013604971635,20.225298860756922,20.32185947508531,522100
2020-07-01,20.52376365661621,21.735175837306226,20.49742970116812,21.068021618467768,780900
2020-07-02,20.20774269104004,21.12068934344223,20.119958940494346,20.910009346734032,482400
2020-07-06,20.251636505126953,20.637884055871208,19.89172458545708,20.637884055871208,376900
2020-07-07,19.268463134765625,19.961951345995846,19.180679371811717,19.961951345995846,325300
2020-07-08,19.180681228637695,19.44403086865751,18.785655094271796,19.145567050322427,400600
2020-07-09,18.294063568115234,19.04900146251039,18.0658264913368,19.04900146251039,430900
2020-07-10,18.908554077148438,18.96122367316288,18.215064086557142,18.28529077268849,332100
2020-07-13,18.820764541625977,19.215788902358728,18.28528517727439,19.08411411544781,376000
2020-07-14,18.87343978881836,19.101676936022095,18.399408404394542,18.80321310308923,301000
2020-07-15,20.313087463378906,20.769561752841323,19.549372473640094,19.6020420687823,709100
2020-07-16,20.348201751708984,20.637887038042653,20.040959375455397,20.084850425918944,557300
2020-07-17,19.540590286254883,20.497429737048776,19.52303319970147,20.44476015172447,382200
2020-07-20,19.32990837097168,19.584479403634433,18.87343421145861,19.32990837097168,417000
2020-07-21,20.155073165893555,20.295528183422498,19.523033121524964,19.72493459307294,299700
2020-07-22,20.55010223388672,20.64666454927539,19.865390830317914,20.005845868308786,517100
2020-07-23,20.60276985168457,20.953904901497566,20.234079388849725,20.427204001114077,593800
2020-07-24,20.216527938842773,20.848568138599227,20.128744159181405,20.69055767007603,394100
2020-07-27,20.56766128540039,21.138253338982945,20.38331518155402,21.138253338982945,418300
2020-07-28,20.68177604675293,20.971461304488194,20.462317467428154,20.50621018789476,462200
2020-07-29,21.866851806640625,21.945857025880677,20.725667911029237,20.725667911029237,550300
2020-07-30,21.621055603027344,21.752732072457878,20.7871141178705,21.46304685351525,744700
2020-07-31,21.10313606262207,21.524496098563954,20.7168885258407,21.305037537218897,548200
2020-08-03,20.558879852294922,20.94512742211421,20.27797313763947,20.94512742211421,404800
2020-08-04,20.593992233276367,20.88367916468828,20.286751562389938,20.286751562389938,435800
2020-08-05,21.410375595092773,22.384772092556226,20.664217864809586,21.752732071527312,722000
2020-08-06,20.313087463378906,21.24359313212989,19.812722123687358,21.22603604230374,605400
2020-08-07,20.831010818481445,20.89245896126705,19.997069106719724,20.17263498977341,482900
2020-08-10,21.427934646606445,21.91952137472435,20.92756937476586,20.92756937476586,368800
2020-08-11,21.963411331176758,22.296987579007283,21.621054866391756,21.849291951469823,437500
2020-08-12,22.0863094329834,22.428664252168186,21.770288569529168,22.428664252168186,370200
2020-08-13,21.954631805419922,22.086306590131944,21.585941403624826,21.691280561660154,271800
2020-08-14,21.989749908447266,22.13020327120732,21.524498772180635,21.779069864307182,306700
2020-08-17,22.32332420349121,22.53400421273777,21.919519596683394,22.086308565212875,445500
2020-08-18,21.147031784057617,22.261881924198068,21.11191760279194,22.217989197615974,362000
2020-08-19,21.199697494506836,21.436713151582715,20.85734266162124,21.208476038213647,434200
2020-08-20,21.024126052856445,21.147022283400467,20.67299109529827,20.945120854839413,415200
2020-08-21,21.076805114746094,21.35771186777791,20.760784180417144,21.02413551713671,471900
2020-08-24,22.121427536010742,22.235545271232,20.945129306793596,21.182143322151013,597300
2020-08-25,21.735170364379883,22.507663559168403,21.48937623796124,22.367210251025035,317000
2020-08-26,21.60350227355957,21.94585710866725,21.550831010976832,21.8405162578378,296800
2020-08-27,22.156536102294922,22.3935517498514,21.840515238886283,21.840515238886283,289300
2020-08-28,22.53400421142578,22.551561297445943,21.60350041872368,22.38477232892617,405800
2020-08-31,21.928300857543945,22.4111107369519,21.664951231929486,22.4111107369519,536200
2020-09-01,22.972919464111328,22.999255091018703,21.594720135004415,21.629832629878507,487400
2020-09-02,23.15726661682129,23.534735609583027,22.814911797495963,22.981700772647045,418000
2020-09-03,22.349660873413086,23.359171675908602,22.200430647110913,23.26260936539677,329200
2020-09-04,22.577899932861328,22.788579985772603,21.805406405519978,22.788579985772603,309700
2020-09-08,22.990478515625,23.33283332303172,22.042417632214477,22.37599389656771,678200
2020-09-09,22.823686599731445,23.306494684991495,22.7534599387057,23.11337178575461,755500
2020-09-10,22.586671829223633,23.288940139882257,22.53400225008335,22.964140774123088,307000
2020-09-11,22.744688034057617,23.166048123171866,22.525229445018592,22.81491471557666,523400
2020-09-14,24.043882369995117,24.087775092205025,22.90269838191587,23.09582133663102,623000
2020-09-15,23.701526641845703,24.403793428165955,23.543516196339624,24.298454247385962,478200
2020-09-16,23.0958194732666,23.92098416654119,22.9465875784652,23.83320040353989,966900
2020-09-17,22.7973575592041,22.91147696279521,22.086312201634254,22.88514132942738,804600
2020-09-18,22.762239456176758,23.253826104425553,22.393549051406225,22.999255075172616,1347700
2020-09-21,21.928300857543945,22.288212793907213,21.173364482758988,22.288212793907213,699700
2020-09-22,23.15726661682129,23.20993787697591,21.945856096976026,22.059973811972487,715600
2020-09-23,22.73590660095215,23.806865450971156,22.656901384988913,23.36794832865804,703100
2020-09-24,22.472562789916992,22.911480025367183,21.77907275422423,22.911480025367183,663600
2020-09-25,22.832469940185547,23.043149967539875,22.253099446377142,22.27065653390734,542500
2020-09-28,22.8939151763916,23.367946433731422,22.858802680108546,23.157264758689852,509300
2020-09-29,22.54277992248535,22.89391322709784,22.156532450243784,22.753459905252843,533900
2020-09-30,22.77191734313965,23.379991454420512,22.613289167946228,22.88648120251169,787700
2020-10-01,23.476926803588867,23.68843045180624,22.727852013149597,22.727852013149597,492600
2020-10-02,23.926372528076172,24.137876174894163,22.622099198924445,22.8071642595596,481800
2020-10-05,24.384632110595703,24.525634546668638,23.820622366303965,24.155502731756776,530300
2020-10-06,23.670808792114258,24.842892677899414,23.617931614073967,24.67545164253532,630800
2020-10-07,24.419879913330078,24.54325829562294,24.040936947440656,24.084999574835717,494800
2020-10-08,24.349380493164062,24.86051474062283,24.155502565121637,24.640198225668506,352600
2020-10-09,24.00568389892578,24.93982532059432,23.785367414889148,24.719508836557686,521200
2020-10-12,24.58732032775879,24.763574194834916,23.82061987200496,24.023310642525495,522600
2020-10-13,24.340566635131836,24.631384335656517,24.067372976395443,24.27887660578781,368200
2020-10-14,24.596134185791016,24.992704562339885,24.4198803115734,24.80763782632324,621500
2020-10-15,25.442150115966797,25.565526817873184,23.98805987375466,24.278877586020787,416600
2020-10-16,24.807634353637695,25.406895425032467,24.798821493072328,25.406895425032467,262300
2020-10-19,24.728321075439453,25.30995644419122,24.657819869556857,24.86932348720465,247800
2020-10-20,24.55207061767578,25.27470844871432,24.481569406864253,24.895763810271806,267100
2020-10-21,24.314130783081055,24.878140524833253,24.190754072293167,24.472758943169264,337200
2020-10-22,25.05438995361328,25.160140920943054,24.305313598021915,24.516817213562774,380500
2020-10-23,24.85170555114746,25.29233861637432,24.631389018534033,25.29233861637432,461100
2020-10-26,24.763578414916992,24.878142271422846,24.24363126740528,24.525636158079752,266000
2020-10-27,25.301143646240234,25.495023223560334,24.71950827604262,24.869323549025722,411500
2020-10-28,23.64436912536621,24.913392765500447,23.573867905407734,24.64901192999491,517800
2020-10-29,24.15550422668457,24.270069763635043,23.27423810624841,23.485741773447284,420000
2020-10-30,23.50337028503418,24.067380131081144,23.1420512673001,24.05856726712642,732200
2020-11-02,24.27887535095215,24.49919183029248,23.626738773810526,23.750117145240424,452100
2020-11-03,25.67127799987793,25.891594501246498,24.543258588635016,24.79882485616417,862200
2020-11-04,25.59196662902832,25.8299071825499,25.160144789904855,25.160144789904855,523200
2020-11-05,24.931015014648438,26.04140865395492,24.675447077381044,25.17776840965813,807200
2020-11-06,23.996871948242188,25.02795319988563,23.908745015107932,25.00151629656236,402700
2020-11-09,25.6184024810791,26.905051721667565,25.574339853208073,25.90040733356931,1082800
2020-11-10,25.40690040588379,26.164789754271712,25.22183534037415,25.93566037729672,750300
2020-11-11,24.36700439453125,25.45096116358878,24.04974977973483,25.45096116358878,447300
2020-11-12,23.31829833984375,24.5785090312993,23.08035778928652,24.261254403595807,415800
2020-11-13,23.64436912536621,24.09381503293212,23.512179548054277,23.626743400156172,459000
2020-11-16,25.257083892822266,25.30995938315372,24.014498944303156,24.31412952431728,651700
2020-11-17,25.69771957397461,25.759407932591532,24.640199572056282,24.939830183237085,367300
2020-11-18,25.37165069580078,25.970910205169872,25.37165069580078,25.829907769920485,359700
2020-11-19,25.08963966369629,25.73296505062285,24.728320777786973,25.124891106653937,325300
2020-11-20,25.204208374023438,25.292335311730678,24.649009843084897,25.010328774891203,353100
2020-11-23,26.076663970947266,26.138352328858286,25.116083789779886,25.539091113354047,430200
2020-11-24,27.239933013916016,27.39856116919513,26.20885168548333,26.217664547541233,574600
2020-11-25,26.878610610961914,27.37211905645083,26.138347102287867,27.05486446764863,546700
2020-11-27,26.561357498168945,27.257558465857397,26.305791224567937,26.702359927924306,250600
2020-11-30,25.433340072631836,26.332230213229835,25.301148813504714,26.2969804434425,506300
2020-12-01,25.794658660888672,26.12072617040692,25.248272949669865,25.74178148565734,516100
2020-12-02,25.909221649169922,25.9709100040035,25.503840071188353,25.962097141758473,436500
2020-12-03,26.147167205810547,26.51729906267176,25.9004120742758,25.9004120742758,208600
2020-12-04,26.984365463256836,27.160617653445573,26.288164521499088,26.34104001046756,460400
2020-12-07,27.275184631347656,27.328060123141515,26.534921022707316,27.283995812578652,248500
2020-12-08,27.72463035583496,27.848008751306594,26.94911693702686,26.94911693702686,357800
2020-12-09,27.9890079498291,28.588267409070145,27.803941218494103,28.112384650131453,497700
2020-12-10,27.275184631347656,27.971383929425134,27.231120320784793,27.689379065349115,416900
2020-12-11,27.001991271972656,27.636503904626416,26.631859463218493,27.001991271972656,332800
2020-12-14,26.860986709594727,27.336871146372665,26.84336098655522,27.292806838773892,282500
2020-12-15,27.865631103515625,27.88325514569399,26.816924113796265,26.966739398041888,233500
2020-12-16,27.99782371520996,28.44726793603465,27.68938025158228,27.81275696468069,393300
2020-12-17,27.6276912689209,28.27982795047606,27.5395643268985,28.059511435860873,396700
2020-12-18,27.319252014160156,27.971388796018157,27.098935465658865,27.759885111162742,1507200
2020-12-21,27.69818878173828,27.751064267526996,26.64066898067568,26.64066898067568,402700
2020-12-22,27.689380645751953,28.024261020735512,27.169433517604627,27.839195948453415,471700
2020-12-23,27.99782371520996,28.174075922367457,27.698193114072403,27.80394410219057,190600
2020-12-24,27.6276912689209,27.944945906967273,27.504312877736897,27.944945906967273,85100
2020-12-28,27.566001892089844,27.953757733206402,27.363309428686243,27.592438797099604,353000
2020-12-29,26.860986709594727,27.76869127555183,26.64948307576502,27.76869127555183,219400
2020-12-30,27.010801315307617,27.319244737226786,26.78167196419285,26.860986034997246,242800
2020-12-31,27.629709243774414,27.833063499076523,26.683668269088955,27.081535070369135,365900
2021-01-04,26.780925750732422,27.797698727501864,26.506837817097665,27.65623474915396,373700
2021-01-05,27.355621337890625,27.753488114992848,26.338848436784694,26.48031240460551,367600
2021-01-06,28.955936431884766,29.070876971256425,27.753490898429366,27.815381179760095,714900
2021-01-07,28.69068717956543,29.26538303659125,28.363552407242004,29.062028806619022,408300
2021-01-08,28.407760620117188,28.920566230484102,28.036415602543162,28.8321525167968,362200
2021-01-11,29.371490478515625,29.477587629502146,27.930323738814234,28.115994596232557,289700
2021-01-12,30.025760650634766,30.05228746837482,29.212343525650084,29.619052088142425,317400
2021-01-13,28.177881240844727,29.990387666309278,28.142514406280135,29.672096273528897,393000
2021-01-14,28.398921966552734,28.894047615061613,28.1336774084388,28.46965564752581,407600
2021-01-15,28.080625534057617,28.45196888360712,27.797697588950108,28.04525869772739,290200
2021-01-19,27.417516708374023,28.4961800850659,27.417516708374023,28.416606377580518,395800
2021-01-20,27.452882766723633,28.11599589332453,27.223005033519808,27.541298187547195,343900
2021-01-21,27.293733596801758,27.780015820535823,27.240683339155964,27.691600410843172,294600
2021-01-22,27.046171188354492,27.612027120571927,26.665986101502018,26.948914067610733,505100
2021-01-25,27.49708366394043,27.921475542063668,26.551042803230256,26.727871909256567,548700
2021-01-26,26.63062858581543,27.9922202347742,26.462639425370117,27.9922202347742,355100
2021-01-27,26.206226348876953,26.710191980757873,25.543113320321293,25.96750694024848,597500
2021-01-28,25.99403190612793,26.922391212365483,25.940983332920673,26.568729560627137,507000
2021-01-29,25.32207679748535,26.391900075868747,25.171771103378056,26.038240115140905,450800
2021-02-01,25.985187530517578,26.07360293438211,25.154087118788233,25.472380211763564,343600
2021-02-02,26.4449462890625,26.559886820034304,25.90561384307995,26.259275458639138,375100
2021-02-03,26.64830207824707,26.789766058096244,26.383057537625785,26.383057537625785,303400
2021-02-04,27.505929946899414,27.505929946899414,26.577570661921673,26.8781820471849,250700
2021-02-05,28.239776611328125,28.292825186365096,27.629712096059663,27.771176087080786,280700
2021-02-08,29.48642349243164,29.50410691056192,28.098308896876,28.39891857317292,465200
2021-02-09,30.255640029907227,30.388260619998736,29.344962455328314,29.344962455328314,668800
2021-02-10,29.972705841064453,30.759599313157533,29.910815570636917,30.538561669411532,456600
2021-02-11,30.008068084716797,30.662340967708648,29.44221227930041,30.016911478857665,450800
2021-02-12,29.583681106567383,29.95502614805526,29.36264343534778,29.95502614805526,251600
2021-02-16,29.256546020507812,29.840085332091355,29.194655742973737,29.80471849556698,302000
2021-02-17,28.98245620727539,29.362641243210874,28.664161444839454,29.062029897884372,280100
2021-02-18,28.911731719970703,29.185816308313164,28.26630035687697,28.840998037322567,343000
2021-02-19,29.98154640197754,30.00806984041868,29.079712394543485,29.097395811093193,326500
2021-02-22,31.573028564453125,31.573028564453125,29.963874158818683,30.061131299725396,730600
2021-02-23,31.696802139282227,32.03278035912676,31.051372514822564,31.237046730358994,480400
2021-02-24,32.3510627746582,32.890395050027635,31.56416947037141,31.696790004677396,444800
2021-02-25,30.184907913208008,32.89925061205245,29.504111389299116,31.34314668080901,638000
2021-02-26,30.90106201171875,31.741005698298036,29.689776717698084,30.573927256672775,640100
2021-03-01,31.21936798095703,31.51997940730639,30.326373726462815,30.901073132732076,647500
2021-03-02,30.485515594482422,31.33429945320987,30.40594189692877,31.237045709770733,403700
2021-03-03,31.139795303344727,31.873638785336414,30.36174157881149,30.66235301514697,354300
2021-03-04,30.839170455932617,31.82941807385573,30.66233968096901,30.883377306481897,560900
2021-03-05,31.458086013793945,31.466926037475748,30.0257593380803,31.29009520893199,798200
2021-03-08,32.218448638916016,33.06723583062152,31.4934453719769,31.741009848742586,767600
2021-03-09,32.73126220703125,33.50047243953371,31.82942800871878,32.59863824122124,499200
2021-03-10,34.039794921875,34.137052018437295,32.97881362638013,32.97881362638013,572800
2021-03-11,35.109615325927734,35.295286120302414,33.87180665733004,34.128207737423736,549900
2021-03-12,35.719696044921875,36.09988118403044,35.01237265966175,35.01237265966175,564200
2021-03-15,36.62152099609375,36.95749921216605,35.35718857659928,35.36602859973159,429400
2021-03-16,36.099876403808594,36.338594136040655,35.12730856424395,36.338594136040655,434400
2021-03-17,36.4270133972168,36.59500083392594,35.5605460235943,36.36512311144145,339600
2021-03-18,35.790428161621094,36.69226248773864,35.64896415200077,36.32092072727331,358400
2021-03-19,35.65779113769531,36.05565616285047,35.18918908113583,36.05565616285047,1099900
2021-03-22,35.46327590942383,35.94955799361849,35.19803144284187,35.68431352703653,306200
2021-03-23,33.69498062133789,35.50748871528293,33.208698455562434,34.888582607583736,594700
2021-03-24,32.315711975097656,34.74712674353926,32.2891885296367,34.2431610431746,659000
2021-03-25,33.518150329589844,33.81876167942878,31.387347441038475,31.643751933823715,629900
2021-03-26,35.047733306884766,35.08310014444833,33.42973927517517,33.88065464942521,387300
2021-03-29,33.367855072021484,35.75505970522238,33.3501716500196,34.96816597636171,428100
2021-03-30,34.3492546081543,34.51724540589864,33.2794330313048,33.30595647399395,412800
2021-03-31,33.96808624267578,34.80133140641101,33.65783628316558,34.31379430655028,678100
2021-04-01,33.657840728759766,34.30493600225849,33.46282451046897,34.10105694744147,279800
2021-04-05,33.93263244628906,34.1719696089271,33.1082500132485,33.91490339185609,416500
2021-04-06,34.24287796020508,34.83678593065274,34.01240368699359,34.01240368699359,275500
2021-04-07,33.86171340942383,34.56199571467243,33.64010534179864,34.12764241427991,251700
2021-04-08,33.773067474365234,34.01240458836422,33.29439662783795,34.01240458836422,296500
2021-04-09,34.03900909423828,34.171971939346136,33.5337428435909,33.87945097493157,320300
2021-04-12,34.278343200683594,34.37585131685784,33.64897693634098,34.01241412659941,242300
2021-04-13,33.87057876586914,34.16310306001813,33.28553355904217,34.16310306001813,470400
2021-04-14,34.41130447387695,34.96089159871688,33.728751140403766,33.728751140403766,630100
2021-04-15,34.17196273803711,34.80132882724096,33.914896572653895,34.80132882724096,346500
2021-04-16,35.014076232910156,35.599121422049315,34.632910069224096,34.66836817316487,471400
2021-04-19,34.9963493347168,35.36865268606575,34.703828412880085,34.9963493347168,564400
2021-04-20,34.429039001464844,34.63291807404116,33.693298391258764,34.32266804652757,471000
2021-04-21,35.421844482421875,35.46616543437322,34.18084092042499,34.37585378530526,303800
2021-04-22,36.113258361816406,36.37032119429021,35.53707593490092,35.87392120208865,605700
2021-04-23,36.902191162109375,37.079478363579376,35.918250406349365,36.3437376609941,398500
2021-04-26,36.068931579589844,37.2301591907254,35.82959443615865,36.76921395687322,387400
2021-04-27,36.893306732177734,37.230151910561204,36.29939878909126,36.432361588461,242300
2021-04-28,37.0528678894043,37.2301550181659,36.716022682904324,36.73375173392756,309400
2021-04-29,37.57585906982422,37.71768808148066,37.13264298571406,37.38970912605084,380500
2021-04-30,36.98196029663086,37.79747647020242,36.71602787514593,37.247889336644576,468000
2021-05-03,37.948177337646484,38.08114018655014,37.23902861760686,37.46950296606125,583600
2021-05-04,37.85067367553711,38.07228183127038,37.265628279660156,37.67338647465607,685800
2021-05-05,38.754817962646484,39.23348879427301,37.90384045665032,37.97475665776275,382500
2021-05-06,38.38251495361328,39.605792380084914,37.75314888070354,39.251218134841636,676000
2021-05-07,39.10940170288086,39.37533078168416,38.52435637692492,38.52435637692492,535400
2021-05-10,38.24956130981445,39.658989030982674,37.95703698019868,39.109398481062996,683900
2021-05-11,37.88611602783203,38.338194989572955,37.33652559563475,37.52267893891225,499900
2021-05-12,33.01961135864258,37.26562393953533,32.691632273167464,37.26562393953533,759200
2021-05-13,34.08332824707031,34.54427352506544,33.22348769182253,33.32099580198111,816200
2021-05-14,34.2162971496582,34.99635878771331,33.87058897525652,34.39358434668964,802900
2021-05-17,34.45561981201172,34.73927785491891,33.99467464691988,34.05672463246392,1001400
2021-05-18,33.72875213623047,34.88997979730276,33.68443119253455,34.78360885613829,499200
2021-05-19,32.079986572265625,33.07279327120635,31.89383658426593,32.71821896708878,439000
2021-05-20,32.142032623291016,32.31931975359034,30.980808513698406,31.84951173254727,472900
2021-05-21,32.2040901184082,32.6738981996325,32.15090295806404,32.62957725674795,511400
2021-05-24,32.4788818359375,32.84231897618517,32.0356656462954,32.337052790510874,384000
2021-05-25,32.00907516479492,32.96642041816232,31.991346110652945,32.771407585543244,399400
2021-05-26,32.576393127441406,32.877780301158225,32.29273500882222,32.372514066025836,483800
2021-05-27,32.76253890991211,33.21462130293924,32.682759862993855,33.00187605066687,365400
2021-05-28,32.3193244934082,32.7359488034914,31.787466405980886,32.7359488034914,348200
2021-06-01,32.42569351196289,32.638435359545575,31.964748333572803,32.52319821958038,434700
2021-06-02,31.548126220703125,32.40796664817649,31.397430968814064,32.40796664817649,390000
2021-06-03,31.19355583190918,31.52153826396038,30.90989772630423,31.41516393825501,631200
2021-06-04,30.927621841430664,31.19355085028238,30.440084761624043,31.131500860932675,494700
2021-06-07,31.00741195678711,31.512678268506665,30.821261922252962,31.02514101457208,652000
2021-06-08,32.097721099853516,32.29273733852512,31.12264666943897,31.46835481510464,429700
2021-06-09,31.982486724853516,32.28387053336891,31.707691428212687,32.08885767971022,411600
2021-06-10,32.177494049072266,32.407968356706974,31.911565016892382,32.212952155088544,641100
2021-06-11,33.17029571533203,33.188024767467944,32.39023771017749,32.39023771017749,283400
2021-06-14,32.097721099853516,33.38304894465214,32.07999204347684,33.17030364960386,500800
2021-06-15,31.911563873291016,32.39023814294342,31.441755820560502,32.12430912029352,380100
2021-06-16,31.654504776000977,32.01794197736763,31.255609461946914,31.743150057719514,570500
2021-06-17,30.165285110473633,31.50379955627866,30.023456101130417,31.468341458575278,546300
2021-06-18,29.234540939331055,29.890502420974066,29.030661887576542,29.60684431579637,903700
2021-06-21,29.908233642578125,30.200754605346898,29.376372120724266,29.473880235471054,473900
2021-06-22,29.872772216796875,30.11210936785341,29.21681076040438,29.766401276817707,603000
2021-06-23,30.15643310546875,30.3780412234853,29.713216869435648,29.77526687196256,545500
2021-06-24,29.597970962524414,30.3337113202201,29.47387099411081,30.3337113202201,584800
2021-06-25,30.023469924926758,30.768073412186244,29.792998946678956,30.023469924926758,4905900
2021-06-28,30.13870620727539,30.28939811520532,29.456152749157543,29.93482712988514,912700
2021-06-29,30.120973587036133,30.448952639557305,29.677757371721054,30.183023586662532,650800
2021-06-30,29.907604217529297,30.12097744408579,29.68534199428196,29.880933836004377,333100
2021-07-01,30.094303131103516,30.663297261226806,29.872040911844397,30.227661819239913,272700
2021-07-02,29.765350341796875,30.10318980049931,29.53419916991732,30.10318980049931,482300
2021-07-06,29.24081802368164,29.99651162989293,28.79629356995233,29.99651162989293,451000
2021-07-07,28.689607620239258,29.42751642337169,28.41400124790297,29.000773370092876,395100
2021-07-08,28.37843894958496,28.787402296450484,27.640528482581377,28.07616220929664,404400
2021-07-09,29.47197151184082,29.569764039101685,28.840744234179162,28.840744234179162,331200
2021-07-12,29.383066177368164,29.52531386915047,28.965215490449665,29.12524117618383,211100
2021-07-13,28.982988357543945,29.311938842156977,28.5740267399434,29.107458033356707,458900
2021-07-14,28.63625717163086,29.63199413517263,28.600694410479033,29.240810545405658,190000
2021-07-15,28.209516525268555,28.52068562368473,27.88056943627029,28.511793236941838,247500
2021-07-16,27.5960750579834,28.6006977416457,27.56051229268952,28.6006977416457,330900
2021-07-19,27.124881744384766,27.782777717241913,26.53810961465471,26.8403863718764,403700
2021-07-20,28.387327194213867,28.66293353089283,27.178220337295915,27.338249385502813,485100
2021-07-21,28.840744018554688,29.223035302601303,28.591811421111224,28.591811421111224,288900
2021-07-22,28.662935256958008,29.02744513505721,28.431780666093886,28.81407192744818,327200
2021-07-23,29.47197151184082,29.720904111145398,28.8851993910141,29.01855468716199,432600
2021-07-26,30.343236923217773,30.361018306443775,29.436406727404282,29.809805600794032,537200
2021-07-27,29.89870834350586,30.34323268775057,29.551979897627238,30.26321817012846,377400
2021-07-28,30.298786163330078,30.432141454759087,29.223034487003822,29.978728037576957,534300
2021-07-29,30.423250198364258,32.36137680125719,29.30304684145084,32.36137680125719,858000
2021-07-30,29.818695068359375,30.574385128482593,29.276374803151345,30.396574705085442,631600
2021-08-02,29.916488647460938,30.87665943291511,29.712004471990994,29.996503162203076,519900
2021-08-03,31.330078125,31.39231126356733,29.56975868953309,30.72552472910164,1082300
2021-08-04,30.36990737915039,31.250067198077257,30.049849263176984,31.125597515180424,701800
2021-08-05,30.814430236816406,31.1433773321555,30.36101685629235,30.405468616508134,609800
2021-08-06,31.836843490600586,31.970198795590886,30.823324858830656,31.02780909776367,520300
2021-08-09,31.605680465698242,31.907957158007676,30.903331181883438,31.534558333570416,595600
2021-08-10,32.67254638671875,33.65939118756222,32.0057597257653,32.44139516982725,889200
2021-08-11,33.06372833251953,33.09040210648361,32.174679406640465,32.61031487256031,480600
2021-08-12,33.09039306640625,33.25931109525308,32.69032048076736,32.91258265151657,535600
2021-08-13,33.03705596923828,33.15263327227971,32.53029838318657,32.921478666196855,428700
2021-08-16,32.92147445678711,33.17929941081644,32.272469269764635,32.71699364921443,311900
2021-08-17,31.85462188720703,32.74367073619698,31.596796907051417,32.672545200380725,459800
2021-08-18,31.979084014892578,32.61919679653779,31.445652740161165,31.667914923436314,475400
2021-08-19,31.6945858001709,32.18356188047737,31.36563535708802,31.53455677149584,476100
2021-08-20,32.5391845703125,32.56585834037437,31.66791715738632,31.836838599120792,471500
2021-08-23,32.82368087768555,33.16152037962479,32.610311059636004,32.98370993694876,419600
2021-08-24,32.86813735961914,33.259317636146044,32.681434521968974,32.86813735961914,531000
2021-08-25,33.25042724609375,33.82830694459637,32.72588830629629,33.08150579965511,537300
2021-08-26,32.30803298950195,33.02816372642944,31.87239759251946,32.9303678174261,514800
2021-08-27,33.15262985229492,33.40156242567168,32.39693635369099,32.62809093592822,554100
2021-08-30,32.601417541503906,33.357111048804626,32.503625023303286,33.357111048804626,336400
2021-08-31,31.881288528442383,32.62808960966879,31.712367096415623,32.468060564302284,415000
2021-09-01,32.13022232055664,32.34359551968994,31.75682346138829,32.20134785075172,456000
2021-09-02,32.35249328613281,32.405837448240945,31.85462800560168,32.361385675543936,736900
2021-09-03,32.41472244262695,32.50362936849287,31.916857223587613,32.15689744479447,516700
2021-09-07,31.579011917114258,32.62808971044519,31.552341539954735,32.468060664584414,654400
2021-09-08,29.7564640045166,31.267844230187652,29.72090123906618,31.267844230187652,973500
2021-09-09,30.316558837890625,30.529932014782496,29.311936264493763,29.916489642327207,502400
2021-09-10,30.138755798339844,30.823320392627664,30.067630266155525,30.39657737387789,622900
2021-09-13,29.60531997680664,30.272106478047565,29.10745489307573,30.26321748360302,567400
2021-09-14,29.694229125976562,30.129861107212786,28.867413530542514,29.57865184074068,497300
2021-09-15,29.294157028198242,29.80091454502921,29.267483259476933,29.543089593251537,529700
2021-09-16,29.249706268310547,29.854259711054553,29.22303249867787,29.32082840727645,555500
2021-09-17,29.12523651123047,29.827585860671633,28.74294865635125,29.39195385812343,1793900
2021-09-20,28.582918167114258,28.80518035071094,28.013925824013143,28.3162025293627,397700
2021-09-21,28.440671920776367,28.94743117922285,28.378438773877523,28.72516897131207,369200
2021-09-22,29.187475204467773,29.43640779576231,28.627373482602874,28.627373482602874,393400
2021-09-23,29.60531997680664,29.97872218105635,29.14301426230542,29.303043293919362,386600
2021-09-24,28.840744018554688,29.391956757825607,28.449563738078922,29.20525391829073,882600
2021-09-27,28.902973175048828,29.436404456317103,28.885195184646516,28.947428325410044,394000
2021-09-28,28.467344284057617,28.831854173059245,28.28064314574702,28.582921582946575,469400
2021-09-29,28.502901077270508,28.76961499526544,28.20062270343012,28.52957145163456,359800
2021-09-30,26.612218856811523,28.609920418546057,26.603300348826913,28.60100020952998,561500
2021-10-01,27.236507415771484,27.530811446543606,26.08604512209654,26.683571693789254,657100
2021-10-04,27.477296829223633,27.655663607043067,27.040300094700854,27.156239010592984,421300
2021-10-05,27.771604537963867,28.110501120961498,27.254342854311805,27.539728376184406,431600
2021-10-06,26.924365997314453,27.414872141564317,26.496286021188332,27.32568874232838,473600
2021-10-07,27.379199981689453,27.816196769670697,27.2900165818698,27.2900165818698,518600
2021-10-08,26.57655143737793,27.468382045357483,26.55871611800258,27.18299652296913,318900
2021-10-11,26.75491714477539,27.10273052332729,26.567633541257237,26.567633541257237,328500
2021-10-12,26.986797332763672,27.21867352014748,26.68357475703347,26.728165611862938,286700
2021-10-13,27.379199981689453,27.48621870064754,26.656815974078945,27.1294868024008,351600
2021-10-14,28.048072814941406,28.092663664154305,27.60215751868499,27.78052261656844,229000
2021-10-15,27.55756378173828,28.574251770123293,27.548645272073383,28.574251770123293,291300
2021-10-18,28.012399673461914,28.110501586115905,27.15624309367698,27.450547130607042,346800
2021-10-19,27.89645767211914,28.226433992946376,27.602153685501943,28.083741254042984,324800
2021-10-20,27.905380249023438,28.288865977586738,27.691339408433485,27.84295067824944,318700
2021-10-21,29.26095962524414,29.30555046936744,28.074823439597026,28.164006828875294,567300
2021-10-22,28.895309448242188,29.430406385331974,28.850715201765244,29.171774724844457,426200
2021-10-25,29.394739151000977,29.55526894968763,28.895316134699517,28.895316134699517,369600
2021-10-26,29.430410385131836,29.98334441554735,29.341228684184234,29.73363293124302,386700
2021-10-27,28.859636306762695,29.483918354100688,28.83288247969763,29.269877531389806,372300
2021-10-28,29.234201431274414,29.4928330815335,28.93097893836523,28.93097893836523,231100
2021-10-29,29.582019805908203,29.74254958844418,29.109350669587723,29.385819384413857,329600
2021-11-01,30.348989486694336,30.518439451535144,29.439322008600683,29.57309793852098,447400
2021-11-02,30.93760108947754,30.982195339399148,30.143872430589035,30.447094958912427,564400
2021-11-03,32.31101608276367,32.60532175776428,30.946516613012406,31.107046362637625,621300
2021-11-04,32.739097595214844,33.39905367737652,32.36453040954776,32.48046592774179,740200
2021-11-05,33.51499557495117,33.95199066371673,33.095834104366304,33.30095473408169,402000
2021-11-08,33.66660690307617,33.79146264924742,33.03340796059975,33.79146264924742,395700
2021-11-09,33.43472671508789,33.934149614379265,33.20284888150545,33.514991595625915,580800
2021-11-10,29.778215408325195,32.26642294862706,29.68011352363,32.01671153453954,881400
2021-11-11,30.17062759399414,30.40250202820836,29.314467724282792,29.59093640536351,627700
2021-11-12,30.38466453552246,30.777068726552557,29.947669500385388,30.161706912924227,444700
2021-11-15,30.26872444152832,30.67004882700348,30.090361072039983,30.661132019354344,542000
2021-11-16,30.750316619873047,31.17839487094961,29.769304386413864,30.23305667559602,468100
2021-11-17,30.38466453552246,30.661133212287073,30.23305498514606,30.491683241791883,356400
2021-11-18,29.894161224365234,30.839502856777738,29.75146846872407,30.589787982857963,353100
2021-11-19,29.7425537109375,29.76931094644474,28.850722974152994,29.36798643447886,467200
2021-11-22,30.429258346557617,30.625462162234687,29.76930562447528,30.126035814176532,426800
2021-11-23,30.250890731811523,30.589787294608215,29.894160551766625,30.340075828370427,618600
2021-11-24,29.876323699951172,29.97442560568417,29.385817573349765,29.68904009922286,426400
2021-11-26,28.324541091918945,29.564186827777945,27.450547480329103,28.609928323181695,415100
2021-11-29,27.771604537963867,28.832885136862398,27.74485070843324,28.806127905267996,454100
2021-11-30,27.76268196105957,28.012395106635704,26.844097659716642,27.450542655378946,632900
2021-12-01,27.602155685424805,29.18961294600266,27.521890801347077,28.70802364153629,522200
2021-12-02,28.62775993347168,28.832883958368313,27.477299382816845,27.80727744213969,427300
2021-12-03,28.26211166381836,28.79721035405684,28.05698933685518,28.7436992943107,364700
2021-12-06,28.645597457885742,29.26987954824009,28.2264376950107,28.672354688857983,364300
2021-12-07,29.350147247314453,29.79606258282641,28.850720846798012,28.984496808277207,367000
2021-12-08,28.993408203125,29.617690236660504,28.957737568514727,29.39473261054521,282900
2021-12-09,28.288864135742188,29.225287224000567,28.27102881771415,28.59208835666351,349500
2021-12-10,28.369131088256836,28.734783201507454,28.039154716757928,28.734783201507454,281200
2021-12-13,27.530807495117188,28.217515667669417,27.111646083459476,28.217515667669417,446300
2021-12-14,26.870851516723633,27.62890776218721,26.80842365551457,27.30784994725036,615200
2021-12-15,26.630064010620117,27.182998066384457,26.094965275243794,27.031386786378366,1106700
2021-12-16,25.203134536743164,26.906530953219093,25.158541983334484,26.808429036751985,614300
2021-12-17,24.99801254272461,25.934434000266574,24.873155100962293,25.069358923289407,1465200
2021-12-20,24.614524841308594,24.694789731199087,23.56216446366159,24.65019718068666,957000
2021-12-21,25.452842712402344,25.613370769914994,24.944497910001527,24.97125343676946,652600
2021-12-22,25.506357192993164,25.773905710336873,25.310153359311254,25.56878506697123,423700
2021-12-23,25.693641662597656,26.130638495893265,25.25664482930205,25.595541443552225,365300
2021-12-27,25.92551612854004,26.112801445279878,25.46176379293198,25.711476981574457,308500
2021-12-28,25.702558517456055,26.219820215479327,25.595539794296446,25.845251282356823,611700
2021-12-29,26.22873878479004,26.3625130395558,25.63121219253983,25.907679212526663,376000
2021-12-30,26.219816207885742,26.53195722128365,26.068204955722855,26.17522536355676,393400
2021-12-31,25.781328201293945,26.121381392391797,25.71868727315415,26.06768770526859,347200
2022-01-03,26.15717887878418,26.622513986679753,25.79922945226355,25.835025248334365,818600
2022-01-04,25.36968994140625,26.21981960936855,25.360740992458755,25.468124966153734,829600
2022-01-05,24.841707229614258,25.620246803741235,24.823809336526114,25.27124642270756,775400
2022-01-06,25.056482315063477,25.46812370524328,24.439018522956367,24.966994536856483,533200
2022-01-07,24.31373405456543,24.949093968823032,24.17055430749788,24.796965274209107,487800
2022-01-10,23.955787658691406,24.081069526207838,23.275682922332688,23.946838710034886,639600
2022-01-11,23.94683837890625,24.063171296157552,23.436760260399755,24.063171296157552,502800
2022-01-12,23.53519630432129,24.045276151852686,23.302530459698175,23.93789047162569,446300
2022-01-13,23.302528381347656,23.991580318513446,23.213040606946144,23.77681068405221,336200
2022-01-14,23.55309295654297,23.705221666497252,22.604526609859597,22.926681926665697,602000
2022-01-18,23.221986770629883,23.67837112236375,22.9803703207681,23.239882957894473,510500
2022-01-19,23.32042694091797,24.000531705919308,23.177247170058475,23.177247170058475,614900
2022-01-20,22.52398681640625,23.55309194823516,22.488191024143593,23.400963244793505,653300
2022-01-21,22.667165756225586,23.535193205315856,22.282369537433457,22.461345078632625,734400
2022-01-24,23.893146514892578,23.99158153557412,22.11234500516053,22.255526475568754,959800
2022-01-25,23.767864227294922,24.2242503884278,23.07881221790215,23.499402582787347,609800
2022-01-26,23.266733169555664,24.286889385417453,22.917732718200288,24.09001764229036,1037800
2022-01-27,23.257783889770508,24.331633780412687,23.213040855509313,23.553092353671506,490200
2022-01-28,23.347270965576172,23.445707686206163,22.57767851011399,23.221989107928763,445300
2022-01-31,23.705223083496094,23.72312098146349,23.132504003239298,23.141452952223,423400
2022-02-01,24.018423080444336,24.116859786238326,23.383061526340374,23.785755589282115,342900
2022-02-02,23.74101448059082,24.17950265852209,23.329371437799168,24.027373967661266,358400
2022-02-03,22.828243255615234,23.749964385259652,22.810345360242586,23.588886740580314,331100
2022-02-04,22.702959060668945,23.016163663208008,22.38975275129281,22.872983928665274,347600
2022-02-07,22.55083656311035,23.069863669861363,22.36291204321837,22.667169489262502,329500
2022-02-08,23.526247024536133,23.562041110286543,22.46134609077335,22.506089124670698,346000
2022-02-09,24.179506301879883,24.403224898218138,23.660479226648622,23.714171211855323,441500
2022-02-10,23.714170455932617,24.54640388087631,23.606784782104853,23.678374662377568,383200
2022-02-11,23.33832359313965,23.91104264600476,23.051964066707093,23.758913934232787,323300
2022-02-14,23.17724609375,23.588889195983224,23.025117380921678,23.248835975855247,323000
2022-02-15,24.152658462524414,24.286889273439332,23.588888373946812,23.588888373946812,307300
2022-02-16,24.242145538330078,24.286888571729857,23.758912584793354,23.848400358430226,254300
2022-02-17,23.043012619018555,24.14370756943171,23.03406367143342,23.973682685825835,340200
2022-02-18,23.114604949951172,23.43676026991231,22.926682151198783,23.01616822288807,344500
2022-02-22,22.541885375976562,23.32937405372138,22.416601806207314,22.66716723890844,445100
2022-02-23,21.73649787902832,23.64257941444477,21.49488140491098,23.365168855367802,717400
2022-02-24,21.190622329711914,21.476981814139833,20.63579954850495,20.796877185204945,716500
2022-02-25,20.966903686523438,21.396442911472626,20.70738933801008,21.074287639342156,611300
2022-02-28,20.60895347595215,20.984800708872882,20.286798217209498,20.71633742430831,924800
2022-03-01,19.35613250732422,20.63580317151464,19.195056549181423,20.447880366929315,972400
2022-03-02,20.9132137298584,21.092187570786813,19.4993123643885,19.4993123643885,647400
2022-03-03,20.37628746032715,21.07428829590633,20.21520981924358,21.0026984228511,650500
2022-03-04,19.88410758972168,20.107826178877655,19.490364101730076,20.089929988941588,482200
2022-03-07,18.917644500732422,19.910955643045376,18.506003090989655,19.875159847326447,997700
2022-03-08,19.687236785888672,20.41208457145463,18.998183088741577,19.033978883997904,860700
2022-03-09,19.731977462768555,21.020596921613826,19.6693365354006,19.767773253742963,637600
2022-03-10,19.95569610595703,20.009389792607283,19.41877289415262,19.714081343379952,569300
2022-03-11,20.036235809326172,20.259954393018827,19.758825243461736,20.125723584170704,594300
2022-03-14,20.06308364868164,20.74318838165156,19.884108090117874,20.179416566961894,531800
2022-03-15,20.152570724487305,20.698442916060642,20.00939096536931,20.197313759147665,532500
2022-03-16,20.85057258605957,21.03849709535096,20.349443406011613,20.546315157178235,626100
2022-03-17,21.26221466064453,21.26221466064453,20.555263108193365,20.57316100475001,458700
2022-03-18,22.291316986083984,22.32711277465145,21.244314066205593,21.333801830787117,1715500
2022-03-21,21.217470169067383,22.24657704430539,20.94005959652262,22.103397283841165,545500
2022-03-22,20.922161102294922,22.05865191200839,20.60895645199677,21.584369609078433,981400
2022-03-23,20.53736686706543,21.39644541758556,20.4568280395995,20.78793059088179,449900
2022-03-24,20.77003288269043,20.77898183102749,20.29575056868783,20.66264891632045,374000
2022-03-25,20.716341018676758,21.056394230091733,20.537367171418115,20.9400596078781,261400
2022-03-28,20.510517120361328,20.850568571787264,20.063080011895188,20.519466067351104,405300
2022-03-29,21.324861526489258,21.56647807673403,20.76109128275596,20.913220032150313,401800
2022-03-30,20.54631233215332,21.37854567279234,20.492620354097088,21.3695967253101,331900
2022-03-31,20.276681900024414,20.492391081329504,20.21376693643179,20.37554925098665,497900
2022-04-01,19.91716194152832,20.528338669494605,19.656514051250806,20.213762210770337,635300
2022-04-04,20.627206802368164,20.690121753707665,19.773356625979332,19.87222395768646,390700
2022-04-05,19.9980525970459,20.824938435922867,19.953113838729088,20.744047299509617,352600
2022-04-06,19.467769622802734,19.791334211711536,19.162181225345304,19.791334211711536,530400
2022-04-07,19.40485191345215,19.611572942897013,18.90153062436352,19.449790671399732,586000
2022-04-08,18.946470260620117,19.59359766230464,18.901531500589286,19.476755857642193,746800
2022-04-11,19.099266052246094,19.503721783779945,18.57796850621577,18.784689562642427,698500
2022-04-12,19.153196334838867,19.87222868448549,19.099269465764255,19.189148723758112,444200
2022-04-13,19.64752769470215,19.78234569913865,18.964447862679414,19.072301580507037,643500
2022-04-14,19.88121223449707,20.16882442285154,19.52169528475012,19.77335680671221,426800
2022-04-18,19.899187088012695,20.12388432871493,19.49473308333101,19.818295944215578,478700
2022-04-19,20.744050979614258,20.98672443190556,19.980079952569806,19.980079952569806,457400
2022-04-20,20.573280334472656,21.265348298546446,20.528341568724084,20.95077179539436,563700
2022-04-21,20.483402252197266,21.08558923997365,20.240728809350557,20.878868180202296,576900
2022-04-22,19.584609985351562,20.312628478343935,19.476754568391655,20.10590745299978,654900
2022-04-25,19.64752769470215,19.719430744688545,18.982424053751995,19.332951208147687,568800
2022-04-26,18.49707794189453,19.37789076905522,18.434162984855053,19.34194009973438,651300
2022-04-27,18.434162139892578,18.86558043779189,18.29035604059281,18.622907002359554,633400
2022-04-28,18.83861541748047,19.12622931918039,18.389220946098163,18.757725989791208,1046200
2022-04-29,17.813997268676758,18.892544727938112,17.71512993252502,18.694810055634637,694700
2022-05-02,18.299346923828125,18.443153045035466,17.64322956722742,17.679181954681347,1231200
2022-05-03,18.191490173339844,18.613920409854238,17.7510837443855,18.326308188031327,537600
2022-05-04,18.335296630859375,18.434163976844,17.43650756352015,18.128575556804336,571400
2022-05-05,17.22079849243164,18.137563757839967,16.915210070628866,18.020720218401436,609100
2022-05-06,16.798364639282227,17.166867942764128,16.537715041339364,17.023061859176252,753100
2022-05-09,16.726465225219727,17.076992415701547,16.26808259150282,16.54670672459596,698300
2022-05-10,16.51974105834961,16.969135558149482,16.088322749974683,16.969135558149482,1017200
2022-05-11,15.333338737487793,16.55569223658028,14.964835411609117,16.40289804919372,1511200
2022-05-12,16.942174911499023,17.050028643702834,15.27941473033683,15.27941473033683,1335200
2022-05-13,17.445493698120117,17.975779325362627,16.99609921498605,17.094966549852796,998100
2022-05-16,17.58930015563965,17.858937879622037,17.23877300019688,17.36460290947296,910200
2022-05-17,18.200475692749023,18.416184828576256,17.59828704570073,17.87691113185626,627400
2022-05-18,17.706140518188477,18.11059446039869,17.274720579805827,17.66120004840714,1073000
2022-05-19,17.202817916870117,17.71512728340206,16.987108800135807,17.490430072515863,1067300
2022-05-20,17.697153091430664,17.724115660012345,17.175855622439233,17.58929767419285,979300
2022-05-23,17.535371780395508,18.137560416627064,17.31966264844292,17.876910810744484,901600
2022-05-24,17.598283767700195,17.634236140793195,16.96913095300072,17.202816235194714,744500
2022-05-25,17.688167572021484,18.23642940370937,17.382579178717148,17.382579178717148,840500
2022-05-26,18.164525985717773,18.730764050597315,18.110599122402032,18.110599122402032,538000
2022-05-27,18.883554458618164,18.892542553079448,18.155535950291444,18.155535950291444,436100
2022-05-31,19.180156707763672,19.350927091630886,18.38922145618155,18.793677177366035,1202600
2022-06-01,18.964445114135742,19.647524847158774,18.874565886103085,19.43181572846261,592800
2022-06-02,20.060972213745117,20.177815755450975,19.153195027163292,19.19813551024406,716800
2022-06-03,20.087934494018555,20.150849449733546,19.494733891128686,19.899187912569612,553100
2022-06-06,20.438461303710938,20.438461303710938,19.746393374148745,20.07894605273835,679500
2022-06-07,20.456438064575195,20.501376829334397,19.872225551185632,20.114897280910906,556000
2022-06-08,20.429471969604492,20.4834005397089,20.123883596228215,20.222750927115786,699900
2022-06-09,20.636192321777344,20.735059649357634,20.159835301916917,20.465423665070745,608300
2022-06-10,19.773357391357422,20.582267123597624,19.728418628462265,20.249716163844077,798800
2022-06-13,18.694808959960938,19.413841128761792,18.515052203488597,19.16217961253592,826000
2022-06-14,18.32630729675293,19.135218774169495,18.29035662792552,18.75772732280976,679600
2022-06-15,18.128572463989258,18.65885806039465,17.912863330345274,18.425172737037713,630100
2022-06-16,16.717472076416016,17.544357843637133,16.618604759522142,17.445490526743257,766600
2022-06-17,17.301685333251953,17.373588372558256,16.69949673619779,16.69949673619779,1393400
2022-06-21,17.5533504486084,17.76905961102044,17.139906601590624,17.76905961102044,538500
2022-06-22,17.130916595458984,17.598287252392502,17.03205097848355,17.283710782752486,456300
2022-06-23,17.661197662353516,17.670185755095478,17.032046599146756,17.292694431450062,413300
2022-06-24,18.91950798034668,18.955460363623175,17.796021717516023,17.975780205290523,1235200
2022-06-27,19.12622833251953,19.261046324118624,18.613917221556946,19.117240237839088,546900
2022-06-28,18.847604751586914,19.54866079017718,18.784689795746246,19.22509620093491,502000
2022-06-29,18.416189193725586,19.081292948750274,18.029709590898104,19.009389886431503,657800
2022-06-30,18.208450317382812,18.3619938673123,17.567181311784722,18.09103547224213,564700
2022-07-01,18.00975227355957,18.30780727441519,17.639441567124162,18.054911443529974,563100
2022-07-05,19.12067985534668,19.12067985534668,17.6033086755458,17.6033086755458,720600
2022-07-06,18.063940048217773,19.2471276390168,17.982652180183866,19.129712786696473,515300
2022-07-07,18.750370025634766,18.80456136356139,18.091036625607515,18.334898507633117,383100
2022-07-08,18.696176528930664,18.84068789518986,18.280705058901948,18.623920845801067,370700
2022-07-11,18.25360870361328,18.56069579048388,18.208449547248765,18.425216598678944,328000
2022-07-12,18.35296058654785,18.84068773557421,18.190384870205733,18.190384870205733,302400
2022-07-13,18.334897994995117,18.39812323063859,17.856204698389494,18.018780430335376,276900
2022-07-14,18.226511001586914,18.30779884829061,17.928456137910395,18.15425532926264,241200
2022-07-15,18.759403228759766,18.822626746918466,18.082005438125112,18.5606987743048,344600
2022-07-18,19.481956481933594,19.942587098782244,19.003263236693666,19.048422391738864,560900
2022-07-19,20.430316925048828,20.574828307423278,19.617438245803086,19.617438245803086,407700
2022-07-20,20.412254333496094,20.46644567588625,20.014847136307626,20.014847136307626,421100
2022-07-21,20.475475311279297,20.484507487674886,19.734854073955745,20.10516469261752,298600
2022-07-22,20.46644401550293,20.74643460496757,20.023877689345408,20.54773188384937,352600
2022-07-25,20.13225746154785,20.385151462543476,19.743882562634656,20.159352262962425,605000
2022-07-26,19.49098777770996,19.94258619862327,19.31937989540375,19.87033052018559,413500
2022-07-27,19.816146850585938,20.078073140135157,19.057461072417553,19.49099531059608,343700
2022-07-28,20.36708641052246,20.430311631301464,19.780008856406393,19.870328877665276,322300
2022-07-29,20.294836044311523,20.583860532450036,20.231612529713324,20.556764002174422,377300
2022-08-01,20.809661865234375,20.990300250342855,19.617440254502032,20.087103156665222,556100
2022-08-02,20.078067779541016,20.719338509675055,20.06000342709522,20.565794959308718,351800
2022-08-03,20.71030616760254,20.755465325643925,20.213546815590025,20.330963382835954,266800
2022-08-04,20.71030616760254,20.728370519903674,20.36709036472677,20.63805048110945,346400
2022-08-05,20.701276779174805,20.836755994254627,20.403221816914517,20.610956728217694,397100
2022-08-08,21.297380447387695,21.748978846800252,20.638047197696046,20.728367222120795,420800
2022-08-09,19.87033462524414,21.342545023575937,19.67163189916788,21.044490073105738,811600
2022-08-10,20.069032669067383,20.999326011472075,18.931004472042904,19.89742651405689,845800
2022-08-11,20.5025691986084,20.583857052982886,19.725819355790545,20.195482131573957,909400
2022-08-12,20.692241668701172,20.782561706855496,19.996779614437727,20.764497354682344,695000
2022-08-15,20.728370666503906,20.836753335654347,20.48450707684822,20.62901845085645,681600
2022-08-16,21.035457611083984,21.188999437457504,20.45741039662273,20.51160173079641,454700
2022-08-17,20.484506607055664,20.87288156181257,20.376122217679452,20.87288156181257,346700
2022-08-18,20.303863525390625,20.358056573408614,19.807105977537248,20.05096952548469,329000
2022-08-19,19.644533157348633,20.249675167196106,19.554213120128882,20.15032295398324,381900
2022-08-22,19.17487144470215,19.319382823479877,18.903913040171783,19.26519148711611,329900
2022-08-23,18.994234085083008,19.454864775265484,18.90391403790204,19.301321211871326,328100
2022-08-24,18.940040588378906,19.19293637013807,18.822625735637036,19.048424987050428,283000
2022-08-25,19.382604598999023,19.48195680902011,18.82262348710703,19.02132618443784,371600
2022-08-26,18.361995697021484,19.39163976814236,18.307804357149763,19.39163976814236,390500
2022-08-29,18.208450317382812,18.325866885234962,17.96458672819278,18.063938943650527,336400
2022-08-30,18.172321319580078,18.53359971383677,18.04587258955678,18.407150983813477,441700
2022-08-31,17.648469924926758,18.154259754486368,17.395574148791184,18.136195401324212,484500
2022-09-01,17.467832565307617,17.612343967738784,16.998169646050417,17.51299173255043,693100
2022-09-02,17.14267921447754,17.86523787204248,17.04332871262997,17.77491782450791,435300
2022-09-06,16.971065521240234,17.097512498296734,16.438179371200906,17.097512498296734,863100
2022-09-07,17.26009750366211,17.27816013678984,16.835593754992324,16.934945989397896,603600
2022-09-08,17.232999801635742,17.296223320076198,16.682049044863188,17.03429706900693,464500
2022-09-09,17.874269485473633,17.883299939501892,17.278157879626107,17.3684779243128,384200
2022-09-12,18.470382690429688,18.77746986396582,18.063943277598963,18.063943277598963,453000
2022-09-13,17.251060485839844,18.000713815741705,17.169772630079652,17.856202454992765,498000
2022-09-14,17.061389923095703,17.242030003121148,16.77236717322418,17.187838668198104,673400
2022-09-15,16.763336181640625,17.33235126803584,16.71817701979854,16.79946488928357,632500
2022-09-16,16.817527770996094,16.844622576644984,16.18528922427982,16.46527979315751,1644500
2022-09-19,17.540082931518555,17.549115106762244,16.663982605415942,16.663982605415942,656000
2022-09-20,16.907846450805664,17.3323501240334,16.673015034761093,17.21493355465537,526900
2022-09-21,16.700111389160156,17.368476925049993,16.700111389160156,17.124613335239637,380400
2022-09-22,16.248512268066406,16.65495156824915,16.221415740483756,16.65495156824915,452700
2022-09-23,15.634337425231934,16.040776708101326,15.309187721647744,15.914329696858104,565100
2022-09-26,15.164678573608398,15.805947621642032,15.065326351576086,15.598212723494086,513500
2022-09-27,14.884684562683105,15.634337924004692,14.69501403976733,15.327250838864632,702300
2022-09-28,15.507890701293945,15.607242910660728,14.965972221665401,15.110483586538164,653700
2022-09-29,15.011133193969727,15.16467673544834,14.667917408212181,15.16467673544834,643100
2022-09-30,13.984343528747559,14.647668901277502,13.69357037097001,14.52045472401943,886000
2022-10-03,14.565888404846191,14.820313283076493,14.102469434033074,14.184248487791491,823100
2022-10-04,15.329166412353516,15.447292000363154,15.074739802534967,15.074739802534967,688800
2022-10-05,15.610852241516113,15.756238384254601,15.020220819998562,15.020220819998562,847200
2022-10-06,15.4745512008667,15.883449031189876,15.292817676407951,15.665369841722981,447700
2022-10-07,14.665841102600098,15.301906799576091,14.602234879530416,15.220126874732333,700100
2022-10-10,13.748087882995605,14.72944417124635,13.729914185113563,14.71127220650353,975700
2022-10-11,13.984343528747559,14.256942118469947,13.61179044742538,13.684484386797104,772800
2022-10-12,13.893474578857422,14.12064061243362,13.86621489746778,14.093380931043978,478400
2022-10-13,13.966169357299805,14.09338266370736,13.202891251993988,13.539096919032074,805700
2022-10-14,13.729917526245117,14.338722688330522,13.702657839358109,14.075210070903244,855500
2022-10-17,14.402328491210938,14.61132084959526,14.029775426429321,14.075208811555834,1028900
2022-10-18,14.874835014343262,15.1928661255785,14.674927763693033,14.947528087359826,896300
2022-10-19,14.629494667053223,14.811226475870457,14.347808370276082,14.63858151746501,656000
2022-10-20,14.520455360412598,15.147434224020396,14.393242910718707,15.029308625467445,730300
2022-10-21,14.947527885437012,15.065653477565856,14.44776149870224,14.620408194711674,677000
2022-10-24,14.86574649810791,14.974785228846951,14.465933774739554,14.92026586347743,751900
2022-10-25,15.683547019958496,15.81075947541621,14.811228335440648,14.811228335440648,471100
2022-10-26,15.529073715209961,16.019751557765606,15.465467488687905,15.674459871014573,517000
2022-10-27,15.592679023742676,15.90162501992379,15.54724650265587,15.728978320142676,453200
2022-10-28,15.51089859008789,15.683545284201413,15.129259532812462,15.583591661324185,703400
2022-10-31,15.565418243408203,15.765325492799525,15.211039731326585,15.356425876444149,850200
2022-11-01,15.783498764038086,16.08335789681272,15.610852071489203,15.956143723447457,438400
2022-11-02,15.265557289123535,15.956142262969795,15.256472172629987,15.438203965869938,578700
2022-11-03,15.438203811645508,15.629024185751456,14.92935236926187,15.265557136623809,510800
2022-11-04,15.874364852905273,16.310525038373076,15.638111924609271,15.819845479649159,1022400
2022-11-07,16.201480865478516,16.21056771447306,15.66536890677497,16.02883420086062,805300
2022-11-08,16.401391983032227,16.728511726748536,16.10153279567222,16.383220011934522,946300
2022-11-09,10.785843849182129,14.020688752232441,10.449638202313452,14.020688752232441,3618500
2022-11-10,10.867624282836914,11.821721902687889,10.558678304354718,11.249263330777305,3458800
2022-11-11,11.630902290344238,11.830808663120223,10.976663803621758,11.031184038586021,2143600
2022-11-14,10.858537673950195,11.612728936275596,10.749498067338424,11.603642952318603,2787700
2022-11-15,10.376946449279785,11.412824070627385,10.258819985449547,11.158397440883883,3819200
2022-11-16,10.067997932434082,10.195211215540503,9.631839590188513,10.195211215540503,2455600
2022-11-17,9.595495223999023,9.986220277000939,9.441022226334386,9.849920980976748,2010000
2022-11-18,10.286079406738281,10.313339959159803,9.613668045263612,9.795400728558146,2198100
2022-11-21,9.995307922363281,10.313340793793692,9.74996813013356,10.14978093230721,1649100
2022-11-22,10.358771324157715,10.504158321139913,9.913526083126989,10.08617276291911,1394300
2022-11-23,10.086174011230469,10.331512920023425,9.913527310070796,10.15886708543355,868300
2022-11-25,10.213383674621582,10.367856631851213,10.022564190194952,10.131603771785946,445300
2022-11-28,9.958958625793457,10.140691273485567,9.84083218815118,10.0134788533859,2150800
2022-11-29,10.03165340423584,10.23155978424473,9.868093559994948,9.986220017883396,1788600
2022-11-30,10.177040100097656,10.276993728816201,9.904440633745882,10.104347024613158,1631300
2022-12-01,10.177040100097656,10.413293028707182,10.095260173535143,10.177040100097656,2588900
2022-12-02,10.122518539428711,10.195211599205214,9.977131553306078,10.013478949763957,1443300
2022-12-05,9.60457992553711,10.295164897388755,9.486453480359616,10.158865619567626,1383900
2022-12-06,9.386502265930176,9.704535121497068,9.304722339266128,9.540975268168973,1454700
2022-12-07,9.241117477416992,9.395590502433397,9.12299099554739,9.304723711281413,1050300
2022-12-08,9.322896003723145,9.604581453793113,9.159336151056833,9.168423002109364,1153900
2022-12-09,9.504626274108887,9.686358916080744,9.113900443942198,9.186593500730941,1162200
2022-12-12,9.277462005615234,9.568234287637573,9.186595234198375,9.568234287637573,1201700
2022-12-13,9.577320098876953,9.74996590595182,9.359240911023544,9.650013161494757,2454600
2022-12-14,10.049826622009277,10.177039057793495,9.722706949261914,10.02256607156718,2007400
2022-12-15,9.759054183959961,9.913527181277093,9.522801262584371,9.840834108018418,1574000
2022-12-16,9.295635223388672,9.76814106773493,9.232029000715055,9.622754920726786,3463200
2022-12-19,9.01395034790039,9.368329753478859,8.986690660262,9.331983214437722,1338600
2022-12-20,8.90491008758545,9.122989306080656,8.72317740550611,8.977603160417186,1286200
2022-12-21,9.213854789733887,9.531886722180559,9.141161727084953,9.17750825840942,1250100
2022-12-22,9.295635223388672,9.304722074219129,8.85947678236424,9.086642853706913,1093200
2022-12-23,9.43193531036377,9.4501081453089,9.132076167925973,9.277462313766144,800000
2022-12-27,9.459193229675293,9.495539759348055,9.177507841353782,9.37741332126917,774000
2022-12-28,9.159335136413574,9.54097417264495,9.050295535571712,9.459194255371123,1022000
2022-12-29,9.884374618530273,9.957796083874266,9.27864621656297,9.306179922506647,1119600
2022-12-30,10.031217575073242,10.150527675377974,9.74670873969228,9.74670873969228,1007800
2023-01-03,10.288190841674805,10.462566571930793,10.113815111418816,10.23312431486869,1641500
2023-01-04,10.609411239624023,10.737898354170849,10.398323890328372,10.490101150935669,1654100
2023-01-05,9.911906242370605,10.14134851244746,9.535621059485015,9.957794871436537,1637200
2023-01-06,10.003683090209961,10.187237615005099,9.838485243248316,10.003683090209961,1713100
2023-01-09,10.31572437286377,10.453390261666582,9.820129098729826,10.049571371481703,2120500
2023-01-10,11.160073280334473,11.196784013154538,10.33408135425657,10.407502819896699,2449200
2023-01-11,11.765799522399902,12.031952525043412,11.150894158490274,11.187604887294455,2574000
2023-01-12,12.298105239868164,12.298105239868164,11.774977147838426,11.830043677382353,1491600
2023-01-13,12.500015258789062,12.518371061236149,12.160440790793471,12.160440790793471,2979700
2023-01-17,12.701924324035645,12.75698997920041,12.417415521508332,12.720279250672963,1352200
2023-01-18,12.463303565979004,12.986431641753756,12.380704211856091,12.775345181442107,1492100
2023-01-19,12.288928031921387,12.435770941521932,11.995241337467515,12.298105057331835,1224300
2023-01-20,12.417415618896484,12.463304248728893,12.142084715154851,12.353172062282802,748400
2023-01-23,13.151630401611328,13.151630401611328,12.490836441287605,12.55508086988686,1045600
2023-01-24,12.876299858093262,13.26176293904213,12.839589130157787,13.15163075523571,1094700
2023-01-25,13.426960945129395,13.472849571444808,12.591791272149319,12.674390624466513,1414400
2023-01-26,13.674758911132812,13.821602698814788,13.390250987114479,13.54627180038368,1233700
2023-01-27,14.014333724975586,14.124465905248627,13.610514855388335,13.619692755890947,1096300
2023-01-30,13.968445777893066,13.986800704539297,13.546271961996078,13.812424962762474,1365600
2023-01-31,14.803614616394043,14.867859922966506,13.968445761766592,13.995978589330553,2035500
2023-02-01,14.776082992553711,14.904570107543663,14.335553365473343,14.794438794839605,1231800
2023-02-02,15.051413536071777,15.326745328195443,14.877036909444028,14.913748515262803,1421700
2023-02-03,14.877037048339844,15.097303184297521,14.546641345414786,14.629239833519618,1373100
2023-02-06,14.53746223449707,14.803614355003889,14.363085620747757,14.730192899294535,1579300
2023-02-07,14.390618324279785,14.50075050019996,14.014333171072675,14.363084623860193,2527100
2023-02-08,13.830780982971191,14.22542200247563,13.43614083871963,14.161178441255048,2774500
2023-02-09,13.436141014099121,14.069401358654213,13.316830916522937,14.069401358654213,2209500
2023-02-10,13.34436321258545,13.371896041615605,13.004788737037364,13.234231021211977,1594400
2023-02-13,13.683938026428223,13.683938026428223,13.032321888252932,13.307652811119778,1190200
2023-02-14,14.30802059173584,14.436507707214654,13.335184948202714,13.500383668392995,2198700
2023-02-15,14.693483352661133,14.85868206907358,14.216243005359757,14.252953733978877,1244500
2023-02-16,14.38144302368164,14.950460681668705,14.372265121882808,14.46404238936534,1072900
2023-02-17,14.500751495361328,14.564995050243837,14.078577687734573,14.372263510343519,1063000
2023-02-21,13.803247451782227,14.408974927518564,13.794069550573413,14.17035474760642,1871800
2023-02-22,14.675127983093262,14.913748163774333,13.592161019295732,13.803247496261637,2385100
2023-02-23,15.519474029541016,15.62960708245709,15.014701767397273,15.097301119457958,1468900
2023-02-24,14.739372253417969,15.143191174889981,14.601707229201939,15.143191174889981,1267700
2023-02-27,15.20743465423584,15.234968359133028,14.80361573493917,14.877037197492587,1776000
2023-02-28,15.37263298034668,15.583719460850967,15.216612157690097,15.299211519714506,1031100
2023-03-01,15.574542045593262,15.914117405682434,15.482766529817695,15.840695942758527,1313800
2023-03-02,15.409346580505371,15.65714294814772,15.244147835073187,15.491944202715537,1155500
2023-03-03,15.491943359375,15.638788042158826,15.16154763700243,15.501121261455603,993200
2023-03-06,15.143190383911133,15.491941877075684,15.042235221189912,15.436876220366685,1080800
2023-03-07,15.115656852722168,15.345099133883435,15.014703439355078,15.115656852722168,879100
2023-03-08,15.381810188293457,15.390988089271932,14.959635495811735,15.11565631143456,795200
2023-03-09,15.005524635314941,15.55618642707528,14.987168833804962,15.381809813741631,1193800
2023-03-10,14.574172019958496,14.950458050203574,14.418151217851515,14.93210224983676,1129900
2023-03-13,14.730195045471191,14.92292748885519,14.280489220169235,14.72101889386295,1731200
2023-03-14,15.409346580505371,15.556189520777107,15.051415381900329,15.290035597468382,1155700
2023-03-15,15.244148254394531,15.253326157227212,14.6843084351428,14.821973476621068,1368900
2023-03-16,15.42770004272461,15.501121510041038,14.977993336598255,15.005527043281612,799100
2023-03-17,15.26250171661377,15.455234167600572,15.088126821085124,15.271679619089893,2204200
2023-03-20,14.895391464233398,15.583718261107462,14.730192752902733,15.390987598225395,1219700
2023-03-21,15.37263298034668,15.647963020090906,15.271677815537801,15.299211519714506,1208700
2023-03-22,15.244148254394531,15.739742753817493,15.207436643063806,15.308391823717324,1519600
2023-03-23,14.610884666442871,15.602075259999054,14.335553751509966,15.390988779543965,1190100
2023-03-24,14.748549461364746,14.831148822110247,14.298842803142392,14.399797091135317,946000
2023-03-27,14.684306144714355,14.959636184725468,14.57417395365934,14.922926329626648,1035300
2023-03-28,14.739372253417969,14.987170347310277,14.583352301091145,14.711840298878217,1364500
2023-03-29,14.766904830932617,14.968813400998963,14.60170611428487,14.92292564659931,1173800
2023-03-30,14.977991104125977,15.17990142203078,14.739370933287498,14.849503993099718,863000
2023-03-31,15.744437217712402,15.790609646697202,15.116508035201756,15.116508035201756,1002300
2023-04-03,16.030698776245117,16.058400468506377,15.559750633527557,15.753669524547702,814700
2023-04-04,15.670562744140625,16.132276455932253,15.42123867835965,16.113809246047094,683500
2023-04-05,15.245786666870117,15.58745382037003,15.0149298156358,15.45817454729417,725600
2023-04-06,14.71943187713623,15.264255046501253,14.636324153655767,15.264255046501253,711600
2023-04-10,15.116508483886719,15.227318794143144,14.599388712345377,14.673262839615703,1669100
2023-04-11,15.365829467773438,15.633624226003022,14.941053761847881,15.153441614810658,1314400
2023-04-12,15.301192283630371,15.689031875958213,15.162678520934296,15.559752598948283,1044900
2023-04-13,15.504348754882812,15.587455610477233,15.347366007563217,15.485879781951517,626800
2023-04-14,15.624391555786133,16.030700101759678,15.522813978968255,15.661327735621196,708500
2023-04-17,15.467409133911133,15.753671138151418,15.393535011484671,15.633626349695172,588000
2023-04-18,15.504348754882812,15.605924583408527,15.21808495834236,15.541284939447198,783200
2023-04-19,15.227317810058594,15.448940177546946,15.144209202088211,15.412003996947893,775300
2023-04-20,15.476642608642578,15.772139079050415,15.014928933305859,15.02416341816834,784500
2023-04-21,15.48587703704834,15.679795934559804,15.347363287211882,15.476642552219525,590700
2023-04-24,15.476642608642578,15.48587709350506,15.070334081182855,15.421237460765584,703900
2023-04-25,14.747137069702148,15.365832669742368,14.728668097431273,15.24578787257794,1357500
2023-04-26,14.765604019165039,15.005695356220324,14.553216138373134,14.627090260444144,1148700
2023-04-27,14.636323928833008,14.89488246099923,14.294655032516053,14.784072164727393,1162500
2023-04-28,15.458172798156738,15.467407282516962,14.64555666808395,14.64555666808395,861100
2023-05-01,15.144208908081055,15.522813998685733,14.977991695367201,15.35659678597188,828800
2023-05-02,14.7748384475708,15.107272876256502,14.470107475041573,14.996460812928603,771700
2023-05-03,14.07303237915039,14.821008027608377,14.063797894441295,14.756368395942582,1319500
2023-05-04,13.038793563842773,13.879112278410886,12.872576365568145,13.860644190074213,1216900
2023-05-05,13.842177391052246,13.888348940105365,13.048030093804991,13.269652472481102,1102000
2023-05-08,14.405467987060547,14.405467987060547,13.980691342090456,13.989924946922084,1396100
2023-05-09,13.943754196166992,14.340827382284624,13.897582649693128,14.211548108936604,1456300
2023-05-10,15.522815704345703,16.48318114497463,14.543983052395584,14.543983052395584,2910400
2023-05-11,14.802542686462402,15.605923583203703,14.71943319424728,15.568987401006606,1076300
2023-05-12,14.497806549072266,14.977988224708469,14.423932445128235,14.774834879186775,1026300
2023-05-15,14.691729545593262,14.968757056407146,14.377764093978612,14.580918365137912,922900
2023-05-16,14.303890228271484,14.710198777822008,14.266953167462253,14.442404866792842,787900
2023-05-17,14.599386215209961,14.765602532813382,14.266951818705296,14.266951818705296,688600
2023-05-18,14.599386215209961,14.839476647447993,14.46087158978338,14.5532146734011,556600
2023-05-19,13.555914878845215,14.44240524194284,13.22348044227797,14.405468180174147,1108500
2023-05-22,13.472805976867676,13.639023191538515,13.269651701230984,13.518977523237242,968100
2023-05-23,13.602086067199707,13.832942932269484,13.34352662490329,13.389698174047057,736400
2023-05-24,13.168075561523438,13.731365985275358,13.084966950667622,13.639023769273702,1060200
2023-05-25,13.205012321472168,13.278886444840344,12.937218404100276,13.121903712520718,669400
2023-05-26,13.260416984558105,13.491273831730663,13.075731682949856,13.094200653435172,631300
2023-05-30,13.07573127746582,13.583616501625505,13.011091644069682,13.445102749876934,498300
2023-05-31,12.355457305908203,13.048027776773132,12.244646136247683,12.881810581957904,819400
2023-06-01,12.133835792541504,12.318521087880631,11.819870350140512,12.24464696974498,1054800
2023-06-02,13.048028945922852,13.168074610640492,12.281584293274747,12.447800622334654,1060700
2023-06-05,12.641719818115234,13.0849653964828,12.586314671224871,12.863343047623484,999000
2023-06-06,13.325057029724121,13.491273354973266,12.60478305793166,12.60478305793166,833500
2023-06-07,14.534746170043945,14.599386682906697,13.417399049589676,13.509742136165642,1113000
2023-06-08,13.620553970336914,14.543981358156366,13.602084999869012,14.405467602243041,924100
2023-06-09,13.278885841369629,13.629788351745896,13.057263481336925,13.58361680657684,767100
2023-06-12,13.278885841369629,13.454336656233275,13.12190311618422,13.35275996138053,598700
2023-06-13,13.426634788513184,13.518977883714602,13.10343483595724,13.325058088310842,737000
2023-06-14,13.657490730285645,13.906816542225554,13.43586837343837,13.69442778976019,941900
2023-06-15,13.657490730285645,13.657490730285645,13.140371016993036,13.537445066831129,619200
2023-06-16,13.057262420654297,13.805238045166494,13.020325363649361,13.805238045166494,1286400
2023-06-20,12.771000862121582,13.020326682649067,12.623252619134476,13.011092197300124,959000
2023-06-21,13.011092185974121,13.158840428832614,12.558612972057741,12.706361214916232,542600
2023-06-22,12.835639953613281,12.983389070979962,12.641720172759028,12.937217526843433,606500
2023-06-23,12.401630401611328,12.71559586200387,12.309287308325638,12.493972614248014,1356200
2023-06-26,12.586316108703613,12.909515184207004,12.466270435865543,12.466270435865543,631100
2023-06-27,12.98338794708252,13.075730146713086,12.48473725100105,12.62325099077134,794500
2023-06-28,13.066497802734375,13.084966774074873,12.771001306478595,13.020327135681178,557400
2023-06-29,13.361993789672852,13.472804964241762,13.112667986406104,13.149605044595742,633900
2023-06-30,13.659547805786133,13.724638155133633,13.194621046222887,13.510771384610281,576800
2023-07-03,13.9013090133667,14.031488816666824,13.687443143777953,13.687443143777953,400500
2023-07-05,13.631651878356934,13.752532937200735,13.399188508298248,13.752532937200735,836700
2023-07-06,13.269009590148926,13.473576717344688,12.934261769687891,13.371293153746807,740400
2023-07-07,12.7761869430542,13.389890114334392,12.729694090458977,13.278307800172303,966400
2023-07-10,12.525127410888672,12.859874365481962,12.40424634448007,12.673903835152357,680700
2023-07-11,12.7761869430542,12.831978543523947,12.562321062604546,12.562321062604546,626300
2023-07-12,12.757589340209961,13.24111266391041,12.636708287590514,13.083037509467852,701900
2023-07-13,12.683201789855957,12.962157124509186,12.618111443229807,12.813380709553496,659100
2023-07-14,12.255470275878906,12.627411347332112,12.218276168733585,12.618112598851416,628400
2023-07-17,11.930020332336426,12.357752977745804,11.902124975638122,12.115990854954111,769300
2023-07-18,12.153182983398438,12.20897457450086,11.734749153850657,11.874227688218088,883900
2023-07-19,12.115989685058594,12.34845303757886,11.985810775184728,12.23687073478241,580100
2023-07-20,11.651063919067383,12.088095305326869,11.585974458884387,12.069497809973221,694200
2023-07-21,11.390703201293945,11.818435765140153,11.260523416896497,11.7254500781738,833700
2023-07-24,11.595273971557617,11.753349145383067,11.362810584964596,11.455795407535337,849800
2023-07-25,11.511585235595703,11.688256991984339,11.400002933648569,11.678959131905058,786200
2023-07-26,11.883526802062988,11.957915006866406,11.511585778045896,11.511585778045896,570800
2023-07-27,11.511585235595703,12.004407290889873,11.418599540584438,11.930019089591784,628000
2023-07-28,11.651063919067383,11.837034438716934,11.604571067460649,11.651063919067383,590100
2023-07-31,11.781242370605469,11.855630569905832,11.623167225397875,11.65106257844119,546900
2023-08-01,11.651063919067383,11.716154266027766,11.455794651741007,11.688258022997294,566600
2023-08-02,11.307018280029297,11.400003983604675,11.0559582992196,11.372107740465626,1054900
2023-08-03,11.4371976852417,11.52088463815939,11.130346115728404,11.334913237552362,1244100
2023-08-04,11.678959846496582,11.855631613695097,11.334913285970371,11.437197734096625,699400
2023-08-07,11.390703201293945,11.688255980742705,11.288419655052742,11.688255980742705,566300
2023-08-08,11.214034080505371,11.279123544524538,10.972271947323557,11.23263069017766,627100
2023-08-09,10.972270965576172,11.27912253532151,10.888584012595196,11.16754022693933,884200
2023-08-10,8.154814720153809,9.093965977496755,8.136217226554294,8.526755724371084,6354400
2023-08-11,8.192008972167969,8.415173578827975,7.5876037206588,7.9130527704543,3551300
2023-08-14,7.820068359375,8.210606928596501,7.36444032420907,8.071129248207736,2561500
2023-08-15,7.53181266784668,7.885156168839662,7.4760210753451535,7.643394966072455,1386600
2023-08-16,7.53181266784668,7.987440607296247,7.503916428207277,7.522513921300212,1451000
2023-08-17,7.58760404586792,7.866560259537814,7.522514587829976,7.58760404586792,1461500
2023-08-18,7.736380577087402,7.913053232764782,7.569007555702492,7.596902911470416,1097700
2023-08-21,7.671290874481201,7.8572613849919435,7.476021616750586,7.671290874481201,1542100
2023-08-22,7.522513389587402,7.7828720670446465,7.457423941917396,7.531812135476608,1077000
2023-08-23,7.708485126495361,7.75497797672156,7.401633556490755,7.438827659316242,1467800
2023-08-24,7.485320568084717,7.671291083666615,7.345842459703951,7.615499485603362,1014300
2023-08-25,7.383036136627197,7.689888134707018,7.37373738969054,7.541110844052449,1446000
2023-08-28,7.494619369506836,7.624798287962552,7.401633667657862,7.429529023501605,1457400
2023-08-29,7.53181266784668,7.5876033735709285,7.4388269759365615,7.5876033735709285,929200
2023-08-30,7.448126792907715,7.531813750298629,7.383036887893814,7.503917506650053,1416100
2023-08-31,7.513216018676758,7.634097077026982,7.466723167499383,7.513216018676758,834100
2023-09-01,8.192008972167969,8.405874831856146,7.634096568740631,7.634096568740631,1815700
2023-09-05,8.387280464172363,8.42447457521354,7.91305488331418,8.043233828569523,1730200
2023-09-06,8.284994125366211,8.48026338599136,7.987441304138311,8.405875180684385,1421200
2023-09-07,7.875860691070557,8.201308937631005,7.866561941711746,8.192011075049741,910100
2023-09-08,7.58760404586792,7.894455614871596,7.58760404586792,7.857261512167434,1082500
2023-09-11,7.494619369506836,7.736380598114896,7.457425266122721,7.671291138887039,1724900
2023-09-12,7.736380577087402,7.764276819632697,7.4667231065911555,7.550410060672296,1005500
2023-09-13,7.717784881591797,7.810769707407676,7.587605061316594,7.671292025295119,1242500
2023-09-14,7.745678901672363,7.931649407933095,7.736380154664996,7.792171749931877,919600
2023-09-15,7.83866548538208,7.894456200186106,7.699186924817169,7.7549785263986175,1782800
2023-09-18,7.643394947052002,7.847962049901556,7.59690210121264,7.847962049901556,1200300
2023-09-19,7.875860691070557,7.950248912385947,7.671292639064458,7.671292639064458,883400
2023-09-20,7.68058967590332,7.99673998939134,7.643395573538692,7.922351784662083,1148100
2023-09-21,7.717784881591797,7.745680240658813,7.596903809931425,7.606202558546256,903600
2023-09-22,7.68058967590332,7.894455542805599,7.671290928617826,7.801470730282702,877400
2023-09-25,7.9037556648254395,8.006039242424455,7.5411124386111945,7.569008685319792,963200
2023-09-26,7.494619369506836,7.913053254272472,7.485320621966464,7.820067552423498,815000
2023-09-27,7.252857685089111,7.606202131622759,7.224961884199102,7.559709277935648,1005900
2023-09-28,7.122677326202393,7.224961330441241,6.97390091522856,7.224961330441241,1133600
2023-09-29,7.593754768371582,7.7821852182738125,7.348794734245053,7.377059077103573,1207200
2023-10-02,7.499539375305176,7.6597054883531,7.452431536436853,7.650283740877977,1223400
2023-10-03,7.622017860412598,7.706811773580241,7.4524300340773095,7.47127307597528,894300
2023-10-04,7.669126033782959,7.735076458757282,7.508959496585608,7.640860795787832,583100
2023-10-05,7.65970516204834,7.801027774125649,7.537225145611286,7.622019072260573,652400
2023-10-06,7.395901203155518,7.75391901348616,7.377058160506537,7.574910332947626,907500
2023-10-09,7.443009853363037,7.490117240541954,7.132099390818419,7.292265046331083,905800
2023-10-10,7.3676371574401855,7.593754127493247,7.311108027240318,7.5089597583130585,767000
2023-10-11,7.301687240600586,7.4806964010547805,7.235736355405782,7.395902469983412,641100
2023-10-12,7.160363674163818,7.320529777607881,6.915404094796256,7.320529777607881,1224300
2023-10-13,6.821188449859619,7.188628494253929,6.792924107523824,7.169785449612192,858400
2023-10-16,7.433588027954102,7.508960206048125,6.858874945360368,6.858874945360368,1383000
2023-10-17,7.706812381744385,7.904664561912868,7.405323238332032,7.405323238332032,1123800
2023-10-18,7.546647071838379,7.669127091183042,7.443010097834922,7.640861849290775,839500
2023-10-19,7.744498252868652,7.951771275077691,7.508959543235309,7.5278025860955475,856600
2023-10-20,7.876399517059326,8.017723019809377,7.706812571669352,7.753919507412164,951200
2023-10-23,7.73507833480835,7.8669801152553545,7.57491220801819,7.810450524061675,900300
2023-10-24,8.008302688598633,8.149625317818016,7.876400909088475,7.914087003447468,840800
2023-10-25,7.942351818084717,8.196732716608462,7.819871793422426,7.895243978059633,910700
2023-10-26,7.876399517059326,8.14962387750078,7.772763000515053,8.008301273257933,915700
2023-10-27,7.612597465515137,7.923507936622252,7.5560687790450825,7.8481357556573315,724600
2023-10-30,7.716233730316162,7.829292896470071,7.622018956530893,7.763341566462417,721700
2023-10-31,7.5843329429626465,7.77276339091986,7.508960314526137,7.687969464712301,1066800
2023-11-01,7.198049068450928,7.622018204156067,7.084990811964321,7.565488626659187,872200
2023-11-02,7.245156764984131,7.386479807586608,7.094412425810059,7.301685892174408,1863200
2023-11-03,7.9611945152282715,8.00830235584648,7.461853561092837,7.499539653885939,1903000
2023-11-06,7.942351818084717,8.045988347334047,7.763342205690863,8.008302255015444,992900
2023-11-07,7.951773166656494,7.998881009639957,7.735078346842883,7.801028787915309,622100
2023-11-08,7.810449123382568,8.055409143779901,7.69739085977777,7.951771728261763,829600
2023-11-09,8.140203475952148,8.517064373608948,7.480696006545496,7.838713859319455,2263600
2023-11-10,7.904664516448975,7.942350603002067,7.28284318981577,7.6408610120701494,2653600
2023-11-13,7.188628196716309,7.961193444304653,7.1415203624349495,7.857556927691428,1265000
2023-11-14,7.716233730316162,7.866978985685627,7.395901971983938,7.461852852737971,1480600
2023-11-15,8.130783081054688,8.243841369153621,7.7162351261845314,7.829294312790867,1531600
2023-11-16,7.866978168487549,8.036565103087748,7.527802502272856,8.036565103087748,1026500
2023-11-17,8.121359825134277,8.159045914172898,7.8104493659388465,8.027145051791344,972100
2023-11-20,8.05540943145752,8.159045952169551,7.942351163815145,8.121359862955428,868200
2023-11-21,7.753920078277588,7.9988801156065605,7.631440958120373,7.9988801156065605,680800
2023-11-22,7.8858208656311035,7.989457376945075,7.772762608241181,7.838713033758513,897400
2023-11-24,7.914086818695068,7.980038156164212,7.772764192774827,7.86697987572655,371600
2023-11-27,8.045989036560059,8.102518629133993,7.678548931097967,7.876401157345649,668700
2023-11-28,8.2438383102417,8.338053964618718,7.961192245617712,8.08367223690501,829100
2023-11-29,8.356897354125977,8.441691271458172,8.187309519461586,8.338054760556131,913700
2023-11-30,8.074252128601074,8.385162593163985,7.9706156065825216,8.338055654932894,1289500
2023-12-01,8.564173698425293,8.61128154344396,7.980038756313097,8.07425354784302,1094500
2023-12-04,8.85623836517334,8.99756186264854,8.52648533474555,8.52648533474555,1033900
2023-12-05,8.52648639678955,8.884504710410809,8.507642902042877,8.75260294270594,1009200
2023-12-06,8.441691398620605,8.72433749448321,8.385161820045216,8.592435743478749,1072200
2023-12-07,8.441691398620605,8.488799231015568,8.168467048938426,8.451113144801031,999300
2023-12-08,8.42284870147705,8.545328717864658,8.300369583596698,8.441692195616953,660000
2023-12-11,8.507641792297363,8.630121796652476,8.422847874012502,8.441691366301212,868200
2023-12-12,8.488800048828125,8.62070091403277,8.25326176266868,8.469956554651887,1151500
2023-12-13,8.837395668029785,8.94103217949503,8.328633059778939,8.48879914927524,1958400
2023-12-14,9.355582237243652,9.412110930150346,8.950456044547057,8.950456044547057,1604100
2023-12-15,8.460535049438477,9.478061301363587,8.422848958515864,9.40268822101108,4128100
2023-12-18,8.837395668029785,8.90334609364338,8.526485235126888,8.554749574888834,1355500
2023-12-19,8.620701789855957,9.082357560496062,8.545329602508053,8.931612287292904,1145500
2023-12-20,8.42284870147705,8.780867003569922,8.328633926299299,8.545328717864658,1005000
2023-12-21,8.630121231079102,8.912767307336427,8.526484725804496,8.573592554931901,713800
2023-12-22,8.592436790466309,8.76202464834957,8.253261973207067,8.413428083761863,728600
2023-12-26,8.875082015991211,8.969297682656407,8.564171573906128,8.611279407238724,778200
2023-12-27,8.648966789245605,8.922191185276962,8.592437201080662,8.89392594194083,627000
2023-12-28,8.573596000671387,8.705496897030736,8.507644653984244,8.648968198164576,692700
2023-12-29,8.468806266784668,8.668856837133621,8.440226964955714,8.583120748628248,861000
2024-01-02,8.2306489944458,8.487856292886635,8.202069699126401,8.383068268853782,955300
2024-01-03,7.50665807723999,8.154441035265442,7.4971316435065045,8.106809775088736,1291700
2024-01-04,7.3542375564575195,7.478078456709855,7.220870677702482,7.449500066956433,1359900
2024-01-05,7.36376428604126,7.6400249416808235,7.344711874022531,7.430447955229476,997400
2024-01-08,8.716487884521484,8.840328810177466,7.497132405856859,7.497132405856859,1835900
2024-01-09,8.506911277770996,8.735540246395358,8.45928001551823,8.602172893785765,1035700
2024-01-10,8.53548812866211,8.602171338666388,8.278279904090297,8.459278486231335,977500
2024-01-11,8.640276908874512,8.85938033122418,8.316385446221503,8.421174395015523,1205400
2024-01-12,8.516435623168945,8.7831702914224,8.497383666002634,8.716486170113717,731800
2024-01-16,8.183018684387207,8.478330835364567,8.135387428538737,8.373542799290446,710400
2024-01-17,7.75433874130249,7.982967665699516,7.687654623652083,7.982967665699516,917300
2024-01-18,7.792443752288818,7.887705352201443,7.506657135569725,7.773390887211928,922800
2024-01-19,7.849599838256836,7.9162839516542585,7.611444496743045,7.8019685882559715,1223700
2024-01-22,8.097282409667969,8.135387231726781,7.8686534773150925,7.954389554070076,885700
2024-01-23,8.21159839630127,8.36401771275843,8.144915172473958,8.306860923332389,632100
2024-01-24,7.982967376708984,8.33543718285066,7.973440944747993,8.316384318928678,575800
2024-01-25,8.05917739868164,8.240175072095303,7.925810070356954,8.078229355019111,484500
2024-01-26,8.183018684387207,8.34496440917762,8.163965818651562,8.183018684387207,521500
2024-01-29,8.21159839630127,8.306860923332389,8.011547816328548,8.154441606875228,509800
2024-01-30,8.154440879821777,8.335438574854127,8.049651927732416,8.106809620553042,473300
2024-01-31,7.9639153480529785,8.364016447472187,7.954389823583493,8.116335549943203,517300
2024-02-01,8.05917739868164,8.11633508467525,7.687654710949684,8.068703831095675,745200
2024-02-02,8.163965225219727,8.230649341956628,7.668602562478806,7.916284348094554,1204800
2024-02-05,8.2401762008667,8.344965154794279,7.906759197118121,8.030600109992983,938800
2024-02-06,8.306859970092773,8.583120176592304,8.087756546460355,8.202071020685262,1177000
2024-02-07,7.706707954406738,8.287806732853126,7.678129564251183,8.287806732853126,1114600
2024-02-08,8.221124649047852,8.221124649047852,7.744813841398433,7.744813841398433,761900
2024-02-09,8.373541831970215,8.383068263737533,8.068703283340298,8.211596125887937,566900
2024-02-12,8.668856620788574,8.735539839743792,8.383069969066508,8.383069969066508,784000
2024-02-13,8.011547088623047,8.230650517496686,7.982968696505861,8.230650517496686,881600
2024-02-14,8.440227508544922,8.51643716801556,8.097284040927054,8.21159853013301,697900
2024-02-15,8.840327262878418,8.85938012894802,8.564067064303801,8.630751187056747,895400
2024-02-16,8.811748504638672,8.87843171611894,8.478330630256096,8.621224394344608,674900
2024-02-20,8.716487884521484,8.716487884521484,8.5450166023362,8.659331093289996,882200
2024-02-21,8.887958526611328,8.897484959653685,7.859127378793922,7.992494715914941,1604500
2024-02-22,9.678634643554688,9.697687510317056,8.830802059424482,8.935590101145438,1190600
2024-02-23,9.411900520324707,9.831053580201628,9.278533183391268,9.707212676297146,1103600
2024-02-26,9.154691696166992,9.53574081662966,9.135639739813689,9.278532592180564,986200
2024-02-27,9.488110542297363,9.592898584282416,9.240428724706483,9.278533549836565,1043700
2024-02-28,9.373796463012695,9.59289898964654,9.288060375724415,9.307113243339913,947800
2024-02-29,9.68816089630127,9.71673928742129,9.354743002101882,9.52621516580336,883600
2024-03-01,9.669107437133789,9.67863386975334,9.41190011584023,9.67863386975334,942400
2024-03-04,9.173745155334473,9.831053590692846,9.12611389862951,9.745317510322046,851000
2024-03-05,9.135640144348145,9.297585868730028,9.068956931422889,9.068956931422889,639700
2024-03-06,8.907011032104492,9.259480863986372,8.830801387832228,9.183271219714108,603900
2024-03-07,9.249957084655762,9.278535482332844,8.954643947022966,8.954643947022966,762700
2024-03-08,9.526214599609375,9.55479298903083,9.249954412560328,9.316637624040595,681600
2024-03-11,9.24042797088623,9.545267455549231,9.116587072193544,9.459531378878093,744500
2024-03-12,9.402374267578125,9.459531958357164,9.088009239520092,9.259481403366538,692800
2024-03-13,9.678634643554688,9.75484429362278,9.392848001553993,9.392848001553993,835000
2024-03-14,9.535740852355957,9.62147692749354,9.345216745656112,9.59289763012061,714900
2024-03-15,9.669107437133789,9.945367623666451,9.469056894576301,9.469056894576301,2188900
2024-03-18,9.440479278564453,9.678634662619018,9.40237445345535,9.592898579000863,692400
2024-03-19,9.573845863342285,9.707212286428705,9.392847277024115,9.392847277024115,685400
2024-03-20,9.831053733825684,9.93584268180038,9.545268006416398,9.573846397459192,557500
2024-03-21,10.164470672607422,10.383573164178003,9.926315316470399,9.964420137112699,944500
2024-03-22,10.01205062866211,10.116838650337082,9.821526539939196,9.92631456161417,761700
2024-03-25,10.307366371154785,10.450260169417566,10.07873738412334,10.07873738412334,782400
2024-03-26,10.25020694732666,10.564571950917426,10.25020694732666,10.450257486747201,587100
2024-03-27,10.745570182800293,10.764623048728957,10.393100339535861,10.412153205464525,560400
2024-03-28,10.774405479431152,10.899354091437619,10.611011211162445,10.774405479431152,684000
2024-04-01,10.37072467803955,10.889741448227552,10.341890667644847,10.889741448227552,890900
2024-04-02,9.957433700561523,10.16888525902111,9.890154034213035,10.140051247245573,889400
2024-04-03,9.803650856018066,10.015102409597711,9.736371191222279,9.909377091116232,609000
2024-04-04,9.46725082397461,10.005489930578308,9.46725082397461,9.928598629634923,796000
2024-04-05,9.313467979431152,9.505697162316702,9.303857253580217,9.409582570873928,791400
2024-04-08,9.36152458190918,9.55375283394309,9.255799272444682,9.419193515827656,904600
2024-04-09,9.399970054626465,9.55375265334661,9.36152440494643,9.399970054626465,675800
2024-04-10,9.17890739440918,9.207741401246867,8.871341293879823,9.063570450441878,983700
2024-04-11,9.121240615844727,9.390361131871304,8.986681274448205,9.246189230439187,675800
2024-04-12,8.765616416931152,9.053959249166484,8.717559125455832,9.015513599309546,691000
2024-04-15,8.919401168823242,9.034738146227621,8.804064191418865,8.871343865750548,850600
2024-04-16,9.217354774475098,9.23657714377354,8.794451650508709,8.880954603893503,774000
2024-04-17,9.053959846496582,9.409582360289408,8.986680183962351,9.361525065643532,550300
2024-04-18,9.217354774475098,9.303857727859892,8.996291569534321,9.11162853517514,599100
2024-04-19,9.399970054626465,9.486472995560694,9.15968451497209,9.15968451497209,568200
2024-04-22,9.621034622192383,9.726759944981838,9.428806345931225,9.53453166872068,683300
2024-04-23,10.01510238647461,10.08238205111506,9.59219928029173,9.611422565398536,744600
2024-04-24,10.207330703735352,10.255388000117678,9.92859948465788,9.947822769857487,589800
2024-04-25,10.082381248474121,10.091992890262357,9.736370393647105,10.00548994740145,822600
2024-04-26,10.47645092010498,10.611011174870974,10.159274027872113,10.159274027872113,662800
2024-04-29,10.313055992126465,10.66867943433889,10.236164684787747,10.543730830759301,1131400
2024-04-30,10.32266902923584,10.716737261737466,10.303446658112664,10.32266902923584,991400
2024-05-01,10.04393482208252,10.389946566798072,9.938209520428623,10.27460870748186,697900
2024-05-02,10.466839790344238,10.774405027542585,10.399559207244568,10.649456420776579,2065200
2024-05-03,10.332279205322266,10.716735739338747,10.21694224511732,10.68790172844168,1180900
2024-05-06,10.985856056213379,11.120415382685051,10.793626875625277,10.822461802683492,1298500
2024-05-07,10.97624397277832,11.293420824739547,10.957020688845336,11.091580926526346,1156600
2024-05-08,12.244952201843262,12.687077679170596,11.197306989266531,11.456815840066282,2207300
2024-05-09,12.850472450256348,12.898529748614287,12.052724414011431,12.350678930537272,2130800
2024-05-10,12.965808868408203,12.975420510996948,12.677466007062712,12.763968957128029,1703700
2024-05-13,13.504049301147461,13.55210659876911,12.98503250339042,13.138815122486326,1663900
2024-05-14,13.513660430908203,13.88850532156818,13.35026617516838,13.657831401682552,1348600
2024-05-15,13.321431159973145,13.638608026880839,13.225317485628898,13.552105994956017,1128700
2024-05-16,13.023478507995605,13.41754670916834,12.936975553276374,13.311821384854133,1184400
2024-05-17,12.93697452545166,13.167648441965063,12.927362883109435,12.985031820546117,684800
2024-05-20,12.898529052734375,13.004254370124544,12.706300786290125,12.927363063546844,779200
2024-05-21,12.869695663452148,12.88891803271656,12.706301399929387,12.792804353161051,416700
2024-05-22,12.629409790039062,12.821638061206698,12.562129207667866,12.783192406973171,494600
2024-05-23,12.23534107208252,12.60057525706335,12.100781736353659,12.60057525706335,999400
2024-05-24,12.927363395690918,12.936975038414252,12.341066938818008,12.40834660464795,841700
2024-05-28,13.22531795501709,13.628997784793535,13.081146063458815,13.109980991740493,944400
2024-05-29,13.282986640930176,13.331043940513467,12.946587377080643,13.052312702870482,674400
2024-05-30,13.148425102233887,13.513659234697784,13.090756169058915,13.407933009979768,589500
2024-05-31,13.090757369995117,13.263763268774866,12.936974756242755,13.138814665946901,949500
2024-06-03,13.19648265838623,13.254151596723187,12.821637767354387,13.23492922835532,920700
2024-06-04,12.821638107299805,13.186872282139658,12.696689501437485,13.023478021905602,686500
2024-06-05,12.86008358001709,13.09075750298914,12.696689322091048,12.93697488767444,577100
2024-06-06,12.610185623168945,12.93697411961994,12.590963255704164,12.802413880899932,614900
2024-06-07,12.590965270996094,12.715912971057708,12.360290408180786,12.456405010738562,681200
2024-06-10,12.369900703430176,12.571740613507359,12.254563742902741,12.331455049921031,931000
2024-06-11,12.571741104125977,12.744747009977115,12.235340935330257,12.244952578236813,957000
2024-06-12,12.783191680908203,13.20609385345683,12.725522744525067,13.177259843573585,858500
2024-06-13,12.33145523071289,12.812026364931215,12.244952279894921,12.812026364931215,812200
2024-06-14,12.052724838256836,12.216119108455128,11.850884911342284,12.052724838256836,751900
2024-06-17,12.254562377929688,12.273785660851418,11.735545655058505,11.96621955041979,1094800
2024-06-18,12.639019966125488,12.706300545568851,12.158448850810958,12.273786725109106,1321900
2024-06-20,13.35987663269043,13.38871155955947,12.54290628701751,12.812025854811925,1121400
2024-06-21,13.331043243408203,13.49443750347715,13.004254723270314,13.3406548861456,6683700
2024-06-24,13.407934188842773,13.542494433670889,13.023477655929126,13.100368962511856,1713900
2024-06-25,13.504049301147461,13.56171732500007,13.206094789186606,13.504049301147461,1773300
2024-06-26,12.898529052734375,13.475214768683806,12.754358082055356,13.417545830442192,1335500
2024-06-27,12.754359245300293,13.14842745660566,12.64863300165082,12.76396997203653,1016100
2024-06-28,12.994643211364746,13.023477221216647,12.629409058979645,12.725522730691527,1746300
2024-07-01,12.752568244934082,13.323867953879555,12.61700530475223,13.227037150400092,1058800
2024-07-02,12.675103187561035,12.810665195911255,12.520174650333969,12.810665195911255,716300
2024-07-03,12.568589210510254,12.820348546927875,12.568589210510254,12.694468878719064,446800
2024-07-05,12.558907508850098,12.607322910387161,12.25873275807789,12.481443235769587,1004100
2024-07-08,12.491125106811523,12.800983110909002,12.249049031691557,12.646054570583734,1846300
2024-07-09,11.997289657592773,12.500807373451975,11.977923129874755,12.442709637191655,1258200
2024-07-10,11.774580001831055,12.04570494407867,11.75521439625112,12.04570494407867,1098800
2024-07-11,12.336196899414062,12.4717598375807,11.910143402021294,12.10380408265437,1017100
2024-07-12,12.307147979736328,12.520175189317658,12.22968370778802,12.520175189317658,810400
2024-07-15,12.345878601074219,12.44270939085354,12.13285141762782,12.345878601074219,927900
2024-07-16,12.655736923217773,12.752567722732135,12.190951301821505,12.520174912034,1091900
2024-07-17,12.587955474853516,13.04305873904797,12.365245936629854,12.46207580929135,822700
2024-07-18,12.28778076171875,12.868763692233939,12.210316494109646,12.539540093171793,686900
2024-07-19,13.401330947875977,13.536892951668912,12.839714557584662,13.12052275273032,1546600
2024-07-22,13.846752166748047,13.991997447530713,13.391648871010338,13.556260681735743,1447200
2024-07-23,14.021045684814453,14.292171551067744,13.730555136388249,13.730555136388249,980800
2024-07-24,13.769287109375,14.108193053041267,13.42069697784214,13.904849117462739,1062000
2024-07-25,13.914531707763672,14.1953398982014,13.585308121020086,13.846750707003595,908000
2024-07-26,14.050095558166504,14.495515571314447,13.943581494588491,14.175975227474286,755000
2024-07-29,14.088827133178711,14.253438930851244,13.924215335506176,14.108192738138884,614800
2024-07-30,14.05978012084961,14.301856217226934,13.953266047437491,14.156610005332325,738000
2024-07-31,14.39868450164795,14.756956973659523,14.059778558449016,14.330903497697546,967500
2024-08-01,13.701504707336426,14.359951889918323,13.556259439859543,14.224388963078846,991200
2024-08-02,13.285134315490723,13.36259858013932,12.830031068095057,12.994642861335045,1218800
2024-08-05,12.820347785949707,13.24640216435895,12.103802877244107,12.297463538590637,1248900
2024-08-06,13.381965637207031,13.536894183321913,12.617005248179574,12.878447862333669,1258900
2024-08-07,12.471758842468262,13.943580821291022,12.394294576395849,13.536892962687402,1845600
2024-08-08,12.587955474853516,13.159255140309911,12.316830538575651,12.955911207239787,1690300
2024-08-09,12.190951347351074,12.471759558855124,12.171584817997097,12.384612023656118,1039900
2024-08-12,12.21031665802002,12.33619632543634,11.9585582466343,12.229683186905726,1446400
2024-08-13,12.28778076171875,12.39429482226645,11.997290219908066,12.297464026031616,1342900
2024-08-14,12.142536163330078,12.268415836028469,11.861727946832733,12.249049306330118,997900
2024-08-15,12.471758842468262,12.665419507649297,12.365245707480415,12.665419507649297,1124400
2024-08-16,12.69446849822998,12.704151762443562,12.268415030748358,12.384611430970619,1119600
2024-08-19,12.578272819519043,12.849398692370132,12.433027541771425,12.684786885084455,1049100
2024-08-20,11.9876070022583,12.510491272378593,11.919825998698217,12.510491272378593,1013600
2024-08-21,12.190951347351074,12.500808429439145,12.026339541630051,12.190951347351074,968700
2024-08-22,12.113487243652344,12.336196793608496,12.084437449221312,12.24904925720932,890600
2024-08-23,13.081790924072266,13.13020632231622,12.462075858132872,12.55890665462078,1337500
2024-08-26,13.168938636779785,13.314183910056173,12.907496036745975,13.207670771216616,988700
2024-08-27,13.149572372436523,13.352916313183353,12.762251020274439,12.965594961021269,924500
2024-08-28,13.168938636779785,13.401331443400776,12.965594700124687,13.072107838964243,865000
2024-08-29,13.352916717529297,13.44974752022547,13.03337636145769,13.21735377844405,560800
2024-08-30,13.275450706481934,13.411013627816759,12.936543864868298,13.411013627816759,665100
2024-09-03,13.265769004821777,13.401331942119,13.081791590262007,13.159255862018432,964000
2024-09-04,13.372282981872559,13.420697458812157,13.081791503000202,13.227036780712902,735200
2024-09-05,13.217352867126465,13.798335796351612,13.168938392563462,13.459428933729125,996200
2024-09-06,13.546576499938965,13.585308633756101,13.110839763634436,13.1689384260836,1200300
2024-09-09,13.653090476989746,13.759603613473484,13.304500351321318,13.536893152802334,1340500
2024-09-10,13.275450706481934,13.778968413609988,13.159254312529306,13.7208706783571,1005300
2024-09-11,12.868762969970703,13.207669814324465,12.442709522033011,13.130205551063067,1149800
2024-09-12,13.149572372436523,13.178621242986944,12.704152355726654,12.849398555372645,828300
2024-09-13,14.243756294250488,14.253439558880686,13.197987723809613,13.285135258587509,1258400
2024-09-16,14.495515823364258,14.650444365684079,14.166292209211163,14.263122086437575,1201900
2024-09-17,14.582663536071777,14.81505635236889,14.26312225935454,14.602029142373054,1211600
2024-09-18,14.418051719665527,14.88283735202333,14.263122252099295,14.640761270975235,910200
2024-09-19,14.708540916442871,14.86347036966567,14.427732725362295,14.737590708361015,1359800
2024-09-20,14.863471031188965,14.882836636549413,14.398684497728233,14.824738897021147,6707800
2024-09-23,14.8925199508667,15.07649735791872,14.602028481911,14.863471081005207,1922500
2024-09-24,15.580016136169434,15.638113876298634,14.96030105962739,15.06681512227581,1674600
2024-09-25,15.570333480834961,15.889873834387968,15.289525263365743,15.609066540365717,2036200
2024-09-26,16.635469436645508,16.67420065121089,15.79304381884369,15.841460145667947,2497700
2024-09-27,16.955007553100586,17.013105290675547,16.39339116482588,16.75166270124755,2231600
2024-09-30,16.86785888671875,16.984056200932965,16.209411748923387,16.780711362781503,2525500
2024-10-01,16.526996612548828,16.858121043748078,16.38091274173909,16.741254690123164,1466800
2024-10-02,16.712038040161133,16.750994731762447,16.303002066133804,16.332219584834792,1294500
2024-10-03,17.530109405517578,17.802800664990677,17.17950662298891,17.354808014253244,2572100
2024-10-04,17.325593948364258,18.026797720388416,16.93603443968232,17.76384560929533,2229800
2024-10-07,16.789945602416992,17.53010585010607,16.692555753960587,17.33532615319326,1562700
2024-10-08,16.575693130493164,16.91655674757676,16.293262692534473,16.819166877330407,1076700
2024-10-09,16.030309677124023,16.682819355379134,15.816053460964572,16.682819355379134,1221500
2024-10-10,15.991355895996094,16.020573414573647,15.640753103294584,15.932922716398272,1124100
2024-10-11,16.088743209838867,16.17639389408279,15.923181012662235,16.02057086821737,724000
2024-10-14,16.166658401489258,16.264048279205426,15.874488768340754,15.98161781958428,768800
2024-10-15,15.913443565368652,16.419869383074502,15.874486875903344,16.156917301855252,650300
2024-10-16,15.835531234741211,16.020571785130784,15.533623408263848,16.010832613262167,774300
2024-10-17,16.49778175354004,16.692559638219645,15.79657616753305,15.884226865783925,1050900
2024-10-18,16.70229721069336,16.809426244414407,16.439345141136485,16.57569169066067,762000
2024-10-21,15.991355895996094,16.634126444244,15.767360492906702,16.624387271384816,1050900
2024-10-22,15.51414680480957,15.93292192927975,15.465451871697917,15.806314545922294,707500
2024-10-23,15.368062019348145,15.533624234810068,15.16354404311745,15.514146818814982,638000
2024-10-24,15.202500343322754,15.582319720879498,14.997982359835065,15.523885613263602,731800
2024-10-25,15.397278785705566,15.621275095787421,15.299888924143273,15.533623477358514,764700
2024-10-28,15.757619857788086,15.816053031963486,15.41675626957687,15.45571202861999,522100
2024-10-29,15.280411720275879,15.621276261173245,15.192761952865188,15.475191457931517,672800
2024-10-30,15.290151596069336,15.718664995305005,15.192762651541472,15.202500895849193,847300
2024-10-31,14.988243103027344,15.484928804694306,14.988243103027344,15.377800698212916,671800
2024-11-01,14.959025382995605,15.173282521817812,14.822680690927564,15.07589265995902,856300
2024-11-04,15.173283576965332,15.43623566500258,14.959026423243719,15.017460530178203,693900
2024-11-05,15.085633277893066,15.36806278982081,15.075894105017953,15.075894105017953,756100
2024-11-06,15.631012916564941,15.884225821807803,15.202499555120438,15.3096285920655,2455800
2024-11-07,21.23090934753418,21.269866037492942,16.731515680501374,16.731515680501374,5904900
2024-11-08,21.39647102355957,21.425688540289638,20.364142914007076,20.666049823322425,3041400
2024-11-11,21.72759437561035,22.01002478403563,21.133519758588115,21.630204515547945,1651100
2024-11-12,21.532817840576172,21.883418757836054,21.045870367800102,21.786030749326592,1566000
2024-11-13,20.9484806060791,22.263239160634825,20.821873222294656,21.844464034752306,1184800
2024-11-14,21.454906463623047,21.542557157917194,20.71474607711537,21.0458705094361,953200
2024-11-15,21.221172332763672,21.5717732595655,20.685528983597617,21.5717732595655,765800
2024-11-18,21.318559646606445,21.47438268843421,20.929002042037027,21.23090895338368,753600
2024-11-19,21.766551971435547,21.922375011018353,20.870568565055848,21.143257955547178,725400
2024-11-20,21.581514358520508,22.058722714516655,21.493863654607196,21.67890423593057,717000
2024-11-21,22.28271484375,22.545666916683043,21.435427307708597,21.61072868966396,717900
2024-11-22,22.789140701293945,23.110525949813272,22.21454255128103,22.59436283229998,1179900
2024-11-25,23.120264053344727,23.461127630276863,22.75992399070334,22.954701850695233,1126700
2024-11-26,22.409320831298828,22.98391894422113,22.31193097430984,22.798878401697756,826300
2024-11-27,22.56514549255371,22.847574054949106,22.428800797435738,22.555406320394262,626900
2024-11-29,22.584625244140625,22.867053824134395,22.45801785573593,22.643058423181188,372400
2024-12-02,22.915748596191406,23.04235412100697,22.370366092605583,22.750186382166635,993700
2024-12-03,23.061832427978516,23.120265604139792,22.633318135162398,22.92548773108314,612400
2024-12-04,23.354000091552734,23.529301477032355,22.906009313155636,22.93522497236412,767300
2024-12-05,22.380104064941406,23.159221089336583,22.078197169986282,23.022874541972104,831300
2024-12-06,22.38984489440918,22.604101116763374,21.94185410469844,22.604101116763374,677200
2024-12-09,22.000286102294922,22.662534936401336,21.78602989143107,22.506711899853606,1184900
2024-12-10,22.126893997192383,22.53592997641032,21.76655388309403,21.873681071242487,974600
2024-12-11,23.616954803466797,23.996773275990787,22.90601186756796,23.568260794317652,2456500
2024-12-12,23.061832427978516,23.65590893454923,23.022875738832877,23.3734785109149,896600
2024-12-13,22.896268844604492,23.4026946278611,22.72096746904974,23.246871595713998,705800
2024-12-16,22.750186920166016,23.081311356046033,22.643057879864475,22.88653162050818,920900
2024-12-17,22.55540657043457,22.76966278764614,22.087937446941783,22.68201395235377,1021200
2024-12-18,21.474380493164062,22.983918610695522,21.191951955307115,22.750184071847947,1094900
2024-12-19,21.863943099975586,22.253500721461062,21.669163360454217,21.85420392724379,1707600
2024-12-20,22.458017349243164,22.672275430155203,21.31856016708527,21.42568920754129,5812400
2024-12-23,22.126893997192383,22.4580184497763,21.912637763338154,22.146372343240216,806900
2024-12-24,22.34115219116211,22.37036785281066,21.91263786392922,22.14637244490425,409300
2024-12-26,22.594364166259766,22.779402874095055,22.18532820239888,22.302194559183558,949600
2024-12-27,21.893157958984375,22.535928475289353,21.84446395466562,22.30219391095638,764400
2024-12-30,21.474380493164062,22.010023770052126,21.367253323832045,21.60098786267962,781000
2024-12-31,21.62047004699707,22.04898251558051,21.55229583569044,21.75681475449568,960000
2025-01-02,22.119401931762695,22.3835419714091,21.679165422414684,21.845476785283665,933600
2025-01-03,21.923742294311523,22.227015317469522,21.796563886523497,22.227015317469522,903700
2025-01-06,21.86504364013672,22.334628014146148,21.473723328462196,22.13896692532767,1503100
2025-01-07,22.30527687072754,22.31506011114175,21.620466835393582,21.962872786041718,1249300
2025-01-08,22.1781005859375,22.217231685352573,21.532421584907603,22.080270038456078,950600
2025-01-10,22.4520263671875,22.980308352670566,21.82591196555242,22.187884441464696,1333400
2025-01-13,22.1781005859375,22.52050656914123,21.25849642515212,22.00200597366344,1422600
2025-01-14,22.412893295288086,22.628119011922383,22.16831785394626,22.178101095515437,1452400
2025-01-15,22.530288696289062,23.029222784404148,22.383541949342792,22.941175482621343,1009400
2025-01-16,22.35419273376465,22.598768142523642,22.021570028575432,22.500937605827588,791100
2025-01-17,22.295495986938477,22.902041978269477,22.285712746308963,22.637900079159675,936400
2025-01-21,22.393325805664062,22.765081504733807,21.39545946797082,22.471589868737308,1959800
2025-01-22,22.070484161376953,23.26401333938237,21.943305771012938,22.43245658404145,1333900
2025-01-23,22.01178741455078,22.080268232397632,21.09218332898454,21.78677847992189,879600
2025-01-24,22.588985443115234,22.833560857730202,21.913956776308478,22.031353796347087,1066800
2025-01-27,22.71616554260254,22.95095773433923,22.109619513773374,22.227014676660485,857500
2025-01-28,22.89225959777832,23.175967988807017,22.354194404674658,22.706381750758222,1066800
2025-01-29,22.618335723876953,22.990089542260268,22.50093870093558,22.902042241544834,596000
2025-01-30,23.459674835205078,23.89991135629257,22.833562330513935,22.97052397442451,863300
2025-01-31,21.845478057861328,23.19553365523683,21.757430750862653,22.990091182881592,1075000
2025-02-03,21.415021896362305,21.747644596931195,20.749776495224527,21.16066325087067,1520400
2025-02-04,21.297626495361328,21.855258114450564,21.180229481149905,21.679163526114547,674600
2025-02-05,21.708515167236328,21.92374086871423,21.170448114597967,21.444373261357264,825100
2025-02-06,21.05305290222168,22.15853299539253,20.955222359631474,22.080268934512848,896000
2025-02-07,20.485637664794922,21.17044771998483,20.37802388308067,20.925872300425066,933500
2025-02-10,20.348676681518555,20.61281861519256,19.967139576853395,20.514988062058194,1226400
2025-02-11,20.05518341064453,20.495419890433833,20.016050449791138,20.16279718702909,942300
2025-02-12,18.00075340270996,19.585603197481472,17.961622299584672,19.526903743849537,1426300
2025-02-13,18.460554122924805,18.60729900650419,18.137714632665187,18.57794928340334,1435100
2025-02-14,18.127931594848633,18.636647072562454,17.961620227337637,18.470335705051458,1186700
2025-02-18,18.323591232299805,18.55838342713665,18.03988469660789,18.167063102408576,2116400
2025-02-19,15.281072616577148,17.012666160204557,14.126676298838065,17.002882919177328,5594400
2025-02-20,14.889753341674805,15.095196752640076,14.420168002476496,14.87997009996663,2888800
2025-02-21,14.831053733825684,15.466950403378048,14.713657640903987,15.251723766531,2046000
2025-02-24,14.938667297363281,15.10497772680188,14.782138242806084,14.909317574831883,1337000
2025-02-25,14.684308052062988,15.026713071211775,14.390817369234627,14.840836167443138,1448000
2025-02-26,15.15389347076416,16.347420901503742,15.085412648683706,15.662610814736752,1825200
2025-02-27,14.449516296386719,15.329987437324249,14.410383333430111,15.065845535254278,1667400
2025-02-28,14.46908187866211,14.879968660853828,14.195157668194694,14.381034577766572,1492900
2025-03-03,14.028846740722656,14.664742482205181,13.86253537455377,14.606044901781585,1286900
2025-03-04,13.882100105285645,14.224506058501301,13.35381724771197,13.872317797779239,2063000
2025-03-05,13.989714622497559,14.038629894534015,13.363601192989577,13.725572713289418,1196500
2025-03-06,13.950582504272461,14.224506719790874,13.637525324984495,13.715790319542391,1092300
2025-03-07,13.803836822509766,14.048412250546319,13.392950028769862,13.921232916009565,1247000
2025-03-10,13.715789794921875,14.165807665284332,13.510346407895845,13.657091284493935,1486700
2025-03-11,13.31468677520752,13.989715520060996,13.070111332314779,13.627743976537493,1569500
2025-03-12,13.138592720031738,13.764705239062664,13.040762172442532,13.676657932828627,1166200
2025-03-13,12.991846084594727,13.363600835966263,12.786402693915225,13.363600835966263,1073300
2025-03-14,13.070109367370605,13.451647336796588,12.894015709388801,13.265770438654371,1110200
2025-03-17,13.344035148620605,13.539695296522131,12.923365130896439,13.07011000857729,1243900
2025-03-18,13.128808975219727,13.236421827056173,12.913582338565623,13.128808975219727,951200
2025-03-19,13.686440467834473,13.842968589513879,13.128808801106292,13.167940831526144,1296900
2025-03-20,13.500563621520996,13.774487835777487,13.295120227583329,13.48099713972636,1481000
2025-03-21,13.471214294433594,13.754921738270102,13.109241859521788,13.21685563913709,3421200
2025-03-24,14.116893768310547,14.18537458845947,13.696223740581559,13.764704560730483,1266800
2025-03-25,14.273422241210938,14.361469545270253,13.979931538673624,14.107110874205834,1552600
2025-03-26,13.94079875946045,14.341902293788989,13.63752483207626,14.23428944625585,1206600
2025-03-27,13.862534523010254,14.097326696244332,13.63752465725839,13.794053705728938,803500
2025-03-28,13.451648712158203,13.774488206611501,13.353818166513653,13.715790625609754,923000
2025-03-31,13.608177185058594,13.696224491782768,13.148375101599708,13.216856858485873,1228400
2025-04-01,13.86437702178955,13.9629159714051,13.52934572078117,13.736276763184167,1164300
2025-04-02,14.386631965637207,14.632978396968413,13.519492414582919,13.618030423273165,1489700
2025-04-03,10.957489013671875,13.48992999487613,10.94763493100689,13.48992999487613,3541200
2025-04-04,11.607843399047852,11.785213127538864,10.28742639747486,10.49435743413536,2696800
2025-04-07,10.9673433303833,11.676821321872904,10.50421177235315,11.134858980314695,2723500
2025-04-08,9.922834396362305,11.637406349183754,9.706050203722054,11.460036609989821,2488200
2025-04-09,12.149806022644043,12.34688298145775,9.439995254678651,9.745465245642697,2636300
2025-04-10,10.977198600769043,11.637407189040534,10.691436744631917,11.548722313043294,1865700
2025-04-11,10.88851261138916,11.03632009644603,10.484504608479117,10.849097219391524,1186200
2025-04-14,10.898366928100586,11.391059808508192,10.523920226222353,11.17427467800246,1150200
2025-04-15,10.592896461486816,10.9377818384533,10.454942122752813,10.750558025904507,982500
2025-04-16,10.385965347290039,10.760412029911826,10.307134565657773,10.4746502115606,1078500
2025-04-17,10.632311820983887,10.691435377333285,10.326841836029915,10.435234866047638,1127700
2025-04-21,11.292521476745605,11.469891224149809,11.006759628003916,11.253106081737688,1743800
2025-04-22,12.05126667022705,12.14980561620609,11.60784329279544,11.73594354667338,1563600
2025-04-23,12.179368019104004,12.96767683859896,12.139952625116113,12.662207770127077,1291900
2025-04-24,12.691767692565918,12.819867943950328,11.972435656289925,12.277905631089213,1159500
2025-04-25,12.534107208251953,12.711476007133447,12.396152862688927,12.573522601307518,1161000
2025-04-28,12.790306091308594,12.928260429300643,12.425713490619298,12.425713490619298,1091900
2025-04-29,12.918407440185547,12.928261523677063,12.5341075813876,12.711476385549297,1093900
2025-04-30,12.859284400939941,12.918407020494032,12.258198483805103,12.563668483958212,1245100
2025-05-01,12.957822799682617,13.223877414817721,12.800161223189424,12.81001530665453,1355800
2025-05-02,13.874231338500977,13.903792647988967,13.135192023141604,13.204168725192611,2086500
2025-05-05,14.012186050415039,14.347217365869893,13.972770656816651,14.288093805603756,2156600
2025-05-06,14.031892776489258,14.327508687793966,13.854523981496094,13.96291607508842,2154200
2025-05-07,14.583708763122559,14.830055191757273,14.179700770519553,14.179700770519553,2568100
2025-05-08,16.08149528503418,16.32784172476687,14.977863347800175,15.30304057306836,3559300
2025-05-09,15.066548347473145,16.1307658409304,14.997571644464072,16.101203591294713,2409400
2025-05-12,16.42637825012207,16.919071056809027,15.982953972314249,16.170177765107983,2516700
2025-05-13,16.623456954956055,16.702287732784743,16.308131964167313,16.682579568459072,1563500
2025-05-14,16.239154815673828,16.65301685760242,16.16032404004333,16.209594449483607,2012700
2025-05-15,16.18988800048828,16.239156535672976,15.854856698704747,16.091349050644745,1231200
2025-05-16,16.86980438232422,16.988049616421677,16.32784110770952,16.603749786393774,1550200
2025-05-19,16.82053565979004,16.859951994768412,16.288428293902076,16.43623579112238,925000
2025-05-20,17.027467727661133,17.352644974637638,16.820535727144645,16.997905476308976,978900
2025-05-21,16.386964797973633,16.81068098676679,16.377112594048693,16.58404270700857,790100
2025-05-22,16.574188232421875,16.593896398755057,16.09134943410399,16.317987708513044,976100
2025-05-23,16.120912551879883,16.20959742568161,15.726757661620772,15.80558939146231,790000
2025-05-27,17.185129165649414,17.185129165649414,16.298282306713023,16.544628760832815,1522400
2025-05-28,17.01761245727539,17.165419944781267,16.909219422683137,17.13585769549042,790400
2025-05-29,17.09644317626953,17.224542497084684,16.968341975980213,17.224542497084684,1009500
2025-05-30,16.810678482055664,16.978194115934063,16.71213954222003,16.840240727848542,1236400
2025-06-02,16.367258071899414,16.6825812143232,15.884419275128721,16.633310798648118,1153000
2025-06-03,16.544628143310547,16.78112050490164,16.229303115048204,16.554480347170234,977800
2025-06-04,16.406673431396484,16.741704758600015,16.298282269871308,16.603751346036546,906500
2025-06-05,16.968341827392578,17.165419727893077,16.337695552949622,16.337695552949622,1095200
2025-06-06,17.490596771240234,17.549719389002938,16.790973802538208,17.18512772007978,1213400
2025-06-09,18.35773468017578,18.584374818540812,17.559572793074416,17.67781990350287,2381600
2025-06-10,18.515399932861328,18.67306150921516,18.32817610613831,18.43656726521017,1449500
2025-06-11,18.022706985473633,18.86028340266117,17.993144735188782,18.692767743328815,1086400
2025-06-12,18.19021987915039,18.27890474621021,17.608844020998685,17.894604908600428,1008100
2025-06-13,17.027467727661133,18.062122091820655,16.77126718769869,17.786213384290104,1329400
2025-06-16,17.618694305419922,17.70737916282006,17.017610346842684,17.303371203318957,1168700
2025-06-17,17.17527198791504,17.598988113386792,17.155563824061947,17.470886927815634,778400
2025-06-18,17.342788696289062,17.470888010323385,17.017611490460634,17.017611490460634,877200
2025-06-20,17.00775909423828,17.638405403349328,16.99790501072414,17.45118157552914,2742000
2025-06-23,17.08658790588379,17.126002355905676,16.337694560727545,16.84024148495637,1586700
2025-06-24,17.027467727661133,17.4413298492198,16.928928769294917,17.342790890853585,856100
2025-06-25,17.579282760620117,17.766506588215385,17.14571248389001,17.34279039498758,1259800
2025-06-26,18.01285171508789,18.101536580624316,17.520158852985123,17.766505284036505,1663900
2025-06-27,18.259199142456055,18.54496004074172,17.914313744270554,18.2197828091895,1657400
2025-06-30,17.815773010253906,18.367588464523433,17.77635856040024,18.200072823828787,1357100
2025-07-01,18.90572738647461,18.92554516444089,17.736504945446583,17.835591945350664,1007800
2025-07-02,19.65878677368164,20.074950678988653,18.806641184260755,18.975088524264248,2181400
2025-07-03,19.75787353515625,19.886685315964176,19.549790640094358,19.638968753702684,874500
2025-07-07,19.361526489257812,19.975862475980282,19.2723483799066,19.420977932182854,1326900
2025-07-08,19.262439727783203,19.4606118366108,18.866093620200694,19.40116039295525,1859400
2025-07-09,19.262439727783203,19.33180006036923,18.92554506385624,19.163352728405744,958000
2025-07-10,19.728145599365234,19.92631959240856,19.173261064742093,19.29216394862628,1311900
2025-07-11,19.222803115844727,19.797505412743593,19.20298533907268,19.619149201649595,841000
2025-07-14,19.1534423828125,19.420976693806846,18.776914081726776,19.123715718281847,1004300
2025-07-15,18.757097244262695,19.74796343242299,18.737279466916945,19.3218906691257,1213500
2025-07-16,19.292163848876953,19.430886399260928,18.697645652675433,18.935453309141494,986800
2025-07-17,20.174036026000977,20.3325744635787,19.430886391132695,19.4705200555635,1558200
2025-07-18,20.23348617553711,20.461384928760975,19.876773768802618,20.23348617553711,1467900
2025-07-21,20.68928337097168,20.917184010696744,20.36229763302288,20.36229763302288,1503300
2025-07-22,21.600881576538086,21.898142559106926,20.54065508554183,20.8676408434185,2063700
2025-07-23,23.146635055541992,23.166450943213317,21.927868192209182,21.977412636205724,3072600
2025-07-24,23.017820358276367,23.186267680451845,22.73047015569891,23.037638134985766,1221900
2025-07-25,23.027729034423828,23.523162108030004,22.958368706507315,23.493435443239846,1143900
2025-07-28,23.59252166748047,24.02850328723253,23.206084487431553,23.721335320781524,2048900
2025-07-29,23.186269760131836,23.988870889579307,22.76019697229942,23.988870889579307,1454900
2025-07-30,22.730470657348633,23.344806629480427,22.512478888588692,23.285355187967376,1428300
2025-07-31,22.37375831604004,22.898918072922605,22.235037655323882,22.690835191921114,1399200
2025-08-01,21.95759391784668,22.1854926806847,21.412618286724946,21.58106560924157,1896700
2025-08-04,22.671016693115234,23.1664497683924,21.927867080199483,23.1664497683924,1907900
2025-08-05,23.285356521606445,23.3348990773836,22.651202736007534,22.988097407088794,3790700
2025-08-06,26.73356819152832,27.11009838573418,24.276220600638094,24.276220600638094,5599000
2025-08-07,27.496536254882812,28.3090462129991,27.139823828421132,27.31818004165197,4293500
2025-08-08,27.189369201660156,28.04151285303777,26.723660875631982,27.24882064479643,3338100
2025-08-11,26.50567054748535,27.655075175172776,26.366949885845333,27.19927763553999,1756800
2025-08-12,27.437084197998047,27.466808972917903,26.57502981670556,26.911924458596673,1348700
2025-08-13,28.30904769897461,28.546855365789458,27.764072032098163,27.764072032098163,1776000
2025-08-14,28.21986961364746,28.229778502681448,27.466811056410435,27.57580694585696,1729300
2025-08-15,28.44776725769043,28.70539269252289,28.209959600135992,28.477493923607458,1429900
2025-08-18,27.89288330078125,28.497312290781704,27.50644608549692,27.99197029929519,1473100
2025-08-19,27.952333450317383,28.269412208873412,27.674892135230774,28.061329332631242,1103900
2025-08-20,28.368497848510742,28.378406737083388,27.347906894582483,27.575805661971582,1754000
2025-08-21,28.606306076049805,28.66575751481855,28.04151079300165,28.120780008002363,1249800
2025-08-22,30.439409255981445,30.49886258926105,28.447767949370046,28.73512005710622,2316700
2025-08-25,30.241235733032227,30.85557169542196,30.052970632977917,30.052970632977917,1373500
2025-08-26,31.212284088134766,31.242010753354407,30.25114459182632,30.25114459182632,1890000
2025-08-27,31.430274963378906,32.29232938290608,31.063655530307273,31.82662106261606,1794200
2025-08-28,32.10406494140625,32.25269259677816,31.42036487519046,31.48972709359544,1598500
2025-08-29,31.64826774597168,32.14369896839237,31.49963819025274,31.70771919027379,1389200
2025-09-02,31.05374526977539,31.519451679565393,30.964567165145596,31.17264814933032,1946200
2025-09-03,31.103290557861328,31.123108336173196,30.241237990496053,30.647492996252534,1827600
2025-09-04,31.71762466430664,31.905891657053445,30.77630293006335,30.974476921444698,2299500
2025-09-05,31.55908966064453,32.500411440927564,31.09338132509889,31.747354772672075,1520500
2025-09-08,31.450092315673828,32.07433717729276,31.390640874073753,32.07433717729276,1366500
2025-09-09,31.24201202392578,31.668082903171737,30.9744776958504,31.40055046502365,1212600
2025-09-10,30.597946166992188,31.69780820856947,30.3601385155563,31.60863010304011,1148600
2025-09-11,30.241235733032227,31.0933793476303,30.142148738796948,30.687124372200152,1738800
2025-09-12,30.25114631652832,30.657401314722385,29.91425165120729,30.211510760642398,1626500
2025-09-15,29.904340744018555,31.17264820793389,29.884522967413076,30.043061400402493,1834300
2025-09-16,30.122331619262695,30.23132750429262,29.10174065917254,29.894432850497637,1260100
2025-09-17,30.370046615600586,30.96456667372147,29.983609428289235,30.003427204542934,1629500
2025-09-18,30.122331619262695,30.756487262250037,30.11242273063022,30.39977483119011,1787600
2025-09-19,29.815162658691406,30.181782076496148,29.25036925455688,30.082696973258454,3062600
2025-09-22,28.834205627441406,29.963792444808334,28.636031639515497,29.963792444808334,1738900
2025-09-23,28.75493812561035,29.41881856786005,28.586490792802895,29.0125635693116,2042100
2025-09-24,28.09105682373047,28.735119468310597,27.793795833205376,28.636032471468898,1958900
2025-09-25,27.655075073242188,28.269412939534316,27.29836264185145,28.011787504632924,1534700
2025-09-26,27.625349044799805,27.873065596775845,27.387541381694085,27.546079823764565,1420600
2025-09-29,27.020919799804688,28.41804089093443,26.36694830565575,28.04151070343828,2474900
2025-09-30,27.189369201660156,27.24882064479643,26.693936099027493,27.090282203148163,2564600
2025-10-01,26.552894592285156,27.30870563143672,26.53300432892856,27.159532449942066,1358400
2025-10-02,26.304271697998047,26.9407449436039,26.10537286032627,26.55289429666782,1339100
2025-10-03,25.20038604736328,26.741845357222644,25.04126774041676,26.6026173128544,2212700
2025-10-06,24.941818237304688,25.65785061606469,24.444573055622506,25.26005485008691,2660700
2025-10-07,24.941818237304688,25.210331090654627,24.59374623075919,25.031322521754667,1731500
2025-10-08,25.647907257080078,25.697631016270858,24.822478438530464,25.081046159370132,1550800
2025-10-09,25.548458099365234,25.697631275280937,25.160605565776596,25.578291596444465,1829400
2025-10-10,24.504241943359375,26.244600079037507,24.454518183933075,25.568346328536773,1432700
2025-10-13,25.22027587890625,25.508677094002866,24.663359917271737,24.872203877094634,1087300
2025-10-14,25.647907257080078,25.886584715507507,24.723030920148904,24.74291928572132,867600
2025-10-15,26.244600296020508,26.622507699408214,25.886585052143552,26.125262513674805,1589300
2025-10-16,26.174985885620117,26.29432556303715,25.55840292667827,26.244599907096795,1711400
2025-10-17,25.618072509765625,26.41366405792858,25.598182246851582,25.866695105671532,1031100
2025-10-20,26.59267234802246,26.68217663334511,25.488787426936323,25.7374100202015,1221500
2025-10-21,27.060083389282227,27.50760483654795,26.324160706876324,26.582728443425417,1736500
2025-10-22,26.77168083190918,27.31864977658407,25.986032529254132,26.841294854303456,1610500
2025-10-23,27.507604598999023,27.54738512589686,26.861186211628578,26.900964841686488,1341500
2025-10-24,25.9959774017334,27.577217225778526,25.886584751991542,27.37832029189526,1783900
2025-10-27,24.71308708190918,26.025814120360643,24.633527924937574,25.816970147785224,2464300
2025-10-28,24.703142166137695,25.120828218100023,24.20589695650826,24.762811060178045,1258600
2025-10-29,23.151737213134766,24.852314887993785,22.92300297935591,24.633527682683475,2364000
2025-10-30,22.923002243041992,23.519696843714375,22.63460102243491,23.390413930374617,2309500
2025-10-31,22.574932098388672,23.02245162560828,22.40586866005953,22.923002209501753,2055600
2025-11-03,22.216915130615234,22.67437979266027,21.88873338271862,22.574932272626032,1813400
2025-11-04,21.95834732055664,22.16719128486854,21.411378375124254,21.66000096792804,4038500
2025-11-05,16.627878189086914,17.00578558931607,13.395785457253538,17.00578558931607,9560900
2025-11-06,15.533939361572266,16.727327607897195,14.688623121784572,16.190303798049896,5510300
2025-11-07,15.832286834716797,16.160468582361936,15.444435247308936,15.593609372505773,3053400
2025-11-10,16.24997329711914,16.379256214584146,15.374821630804014,15.83228725300465,3987300
2025-11-11,15.663223266601562,17.24446310050091,15.623443689893023,16.657713632734996,2966300
2025-11-12,15.911846160888672,16.47870537687595,15.752727851026975,15.911846160888672,2554400
2025-11-13,15.533939361572266,16.200248929304085,15.43449089429014,15.96156957288325,1351500
2025-11-14,15.354930877685547,15.533939447572296,15.096364102584593,15.265427541162095,1288700
2025-11-17,14.648842811584473,15.3151514406674,14.499669634263789,15.205757840526893,1756400
2025-11-18,14.837796211242676,15.006859647908009,14.45988976154487,14.529503783082392,1340700
2025-11-19,14.857686042785645,14.947190329834585,14.559339683849103,14.897465620538513,1096900
2025-11-20,14.569283485412598,15.34498665390831,14.559339302549771,14.86763078495557,1195900
2025-11-21,15.812397003173828,15.901901291048615,14.648843157641494,14.738347445516283,2625300
2025-11-24,15.335041999816895,15.991405510184007,15.215703265970143,15.484215180020348,2257300
2025-11-25,15.971514701843262,16.319586708330498,15.374821052976467,15.484214651497068,1409600
2025-11-26,16.190303802490234,16.458814759067607,15.89195555530228,15.951626342843772,1318100
2025-11-28,16.12068748474121,16.33947657329914,16.011294837302035,16.220136898009383,458300
2025-12-01,16.926227569580078,17.174850177017483,15.961570638745373,15.961570638745373,2809600
2025-12-02,16.47870445251465,16.906335597595245,16.399145302046612,16.906335597595245,1737300
2025-12-03,17.363801956176758,17.393637351868456,16.617934135443942,16.67760492682734,2032800
2025-12-04,17.174848556518555,17.423471140497664,16.916280841559505,17.274297969478155,1102500
2025-12-05,17.314077377319336,17.532864578224626,17.085345044985644,17.343912771604547,1367800
2025-12-08,17.34391212463379,17.433416407310826,17.045563883430393,17.433416407310826,1123800
2025-12-09,17.41352653503418,17.60248023567581,17.15495881227191,17.204682571832414,1189700
2025-12-10,18.4179630279541,18.616859973788717,17.36380181735487,17.4234726082612,2150300
2025-12-11,18.457740783691406,18.537299937623015,17.771543792346243,18.12955903661855,2010700
2025-12-12,18.020166397094727,18.696418257529047,17.980385871683374,18.497521320991844,1481400
2025-12-15,18.248899459838867,18.408017774188423,18.0002768565627,18.15939517091225,1395600
2025-12-16,18.69641876220703,19.104159674480403,18.09972603964886,18.20911869380324,1419200
2025-12-17,18.616859436035156,19.133994894579438,18.46768625675812,18.666585093687427,1168200
2025-12-18,18.59697151184082,19.034545928542066,18.587026380073983,18.78592332489093,1991200
2025-12-19,18.199172973632812,18.65663952921847,17.950550381660562,18.457740696904732,3347400
2025-12-22,17.970441818237305,18.487577298564702,17.791433236828592,18.3384041130041,3310100
2025-12-23,17.423471450805664,18.02016604235048,17.393636057334486,17.90082636530559,1259000
2025-12-24,17.62236976623535,17.8908826380264,17.333968527409382,17.403582554131514,724600
2025-12-26,17.841157913208008,17.861046279170573,17.314077329982826,17.57264505589481,641300
2025-12-29,17.82126808166504,17.900827237960154,17.59253574442157,17.701928398802412,860400
2025-12-30,17.930662155151367,18.248898771852915,17.552754750188388,17.69198469262521,1006500
2025-12-31,18.049999237060547,18.049999237060547,17.5626991995546,17.890880934888802,1470400
2026-01-02,18.209999084472656,18.329999923706055,17.799999237060547,18.030000686645508,1705900
2026-01-05,18.510000228881836,18.690000534057617,17.790000915527344,18.299999237060547,2274500
2026-01-06,18.780000686645508,18.920000076293945,18.190000534057617,18.3700008392334,2325000
2026-01-07,17.979999542236328,18.049999237060547,16.829999923706055,17.84000015258789,3409300
2026-01-08,18.579999923706055,18.719999313354492,17.719999313354492,17.780000686645508,1831900
2026-01-09,19.030000686645508,19.75,18.34000015258789,19.18000030517578,1977300
2026-01-12,18.790000915527344,18.979999542236328,18.049999237060547,18.549999237060547,1194700
2026-01-13,18.790000915527344,19.049999237060547,18.5,18.809999465942383,1826500
2026-01-14,18.469999313354492,19.0,18.18000030517578,18.739999771118164,1456300
2026-01-15,19.350000381469727,19.479999542236328,17.959999084472656,18.280000686645508,1527000
2026-01-16,19.299999237060547,19.31999969482422,18.959999084472656,19.110000610351562,1913900
2026-01-20,18.469999313354492,19.420000076293945,18.1200008392334,18.93000030517578,2111700
2026-01-21,19.139999389648438,19.3799991607666,18.610000610351562,18.760000228881836,1622300
2026-01-22,19.280000686645508,19.510000228881836,19.030000686645508,19.15999984741211,1250800
2026-01-23,18.020000457763672,18.950000762939453,17.809999465942383,18.559999465942383,1964200
2026-01-26,17.40999984741211,18.18000030517578,17.31999969482422,17.979999542236328,1844800
2026-01-27,17.1200008392334,17.40999984741211,16.799999237060547,17.360000610351562,2067200
2026-01-28,17.239999771118164,17.610000610351562,16.93000030517578,17.110000610351562,1600900
2026-01-29,17.459999084472656,17.520000457763672,17.030000686645508,17.280000686645508,1830400
2026-01-30,17.719999313354492,17.829999923706055,17.18000030517578,17.59000015258789,1427000
2026-02-02,18.190000534057617,18.450000762939453,17.540000915527344,17.540000915527344,1447900
2026-02-03,17.59000015258789,18.489999771118164,17.540000915527344,18.209999084472656,828000
2026-02-04,18.18000030517578,18.3700008392334,17.799999237060547,18.049999237060547,968400
2026-02-05,18.100000381469727,18.3700008392334,17.68000030517578,18.329999923706055,1336400
2026-02-06,18.59000015258789,18.65999984741211,18.100000381469727,18.170000076293945,1077900
2026-02-09,18.200000762939453,18.559999465942383,18.059999465942383,18.299999237060547,685500
2026-02-10,18.190000534057617,18.719999313354492,18.110000610351562,18.299999237060547,917400
2026-02-11,17.81999969482422,18.420000076293945,17.690000534057617,18.049999237060547,777800
2026-02-12,17.729999542236328,18.350000381469727,17.34000015258789,18.100000381469727,697100
2026-02-13,17.610000610351562,18.100000381469727,17.5,18.0,1093400
2026-02-17,18.110000610351562,18.209999084472656,17.719999313354492,17.84000015258789,1161200
2026-02-18,18.510000228881836,18.760000228881836,18.0,18.0,1277200
2026-02-19,17.920000076293945,18.389999389648438,17.790000915527344,18.280000686645508,1041000
2026-02-20,18.15999984741211,18.81999969482422,17.549999237060547,17.8799991607666,1714700
2026-02-23,17.299999237060547,18.079999923706055,16.959999084472656,17.93000030517578,1355500
2026-02-24,17.579999923706055,17.780000686645508,17.31999969482422,17.3700008392334,1531700
2026-02-25,18.040000915527344,18.06999969482422,17.31999969482422,17.65999984741211,1576200
2026-02-26,19.979999542236328,21.40999984741211,19.860000610351562,20.799999237060547,2769400
2026-02-27,17.670000076293945,19.65999984741211,17.5,19.549999237060547,3060100
2026-03-02,17.969999313354492,18.1200008392334,16.809999465942383,17.290000915527344,2249200
2026-03-03,17.799999237060547,17.93000030517578,16.729999542236328,17.329999923706055,1738500
2026-03-04,17.739999771118164,18.110000610351562,17.469999313354492,17.950000762939453,1555400
2026-03-05,16.59000015258789,17.729999542236328,16.399999618530273,17.549999237060547,1336900
2026-03-06,16.40999984741211,16.649999618530273,15.960000038146973,16.309999465942383,1640300
2026-03-09,16.709999084472656,16.809999465942383,15.739999771118164,16.059999465942383,1178800
2026-03-10,16.440000534057617,16.829999923706055,16.200000762939453,16.459999084472656,829800
2026-03-11,16.229999542236328,16.68000030517578,15.949999809265137,16.5,799900
2026-03-12,16.1200008392334,16.389999389648438,15.699999809265137,15.770000457763672,797600
